tweet_id,hs
446460991396917248,1
489938636956135424,1
502315096052596736,1
502508643204755456,1
537442614534864896,1
538130705382129664,1
574589943982379008,1
572318519464865792,1
572334824226099200,1
572332015267131392,1
572328574323052544,1
572328540890247168,1
572327916861702145,1
572327692218941440,1
572327609398272000,1
572327152365903872,1
572326958643605504,1
575597012176916480,1
575596436252852224,1
575596078143164416,1
575966839076966400,1
575957958749605888,1
575957412747853824,1
575950466376323072,1
560159989642588161,1
560181343926353920,1
560191214344224768,1
560293687738265601,1
560299163200815104,1
560302766875480064,1
560313899099373568,1
560443767325753346,1
560481970338430977,1
560509487115943937,1
560509571421442049,1
560556981506019328,1
560572503853371392,1
560583821817430016,1
560593786473312257,1
560651101058633728,1
560652455734939650,1
560802146992791553,1
560805153113391104,1
560806980018012160,1
560811113068376064,1
560828359559905280,1
560835603370348544,1
560841269208170496,1
560847759482556416,1
560856229917261825,1
560948966448443392,1
560951993947394048,1
561005248907866112,1
561005336384266240,1
561147028752064513,1
561532517896171520,1
561580524347854848,1
561608108385243136,1
561907324118630401,1
561910436690690048,1
561927697170182144,1
561931298525442048,1
562024083798646784,1
562305764459831298,1
562307702853238784,1
562312335151611904,1
562318403449683970,1
562326341622956032,1
562342158112653312,1
562342319937310720,1
562349627215986688,1
562349860943572992,1
562352842460393472,1
562369394157039616,1
562430137451683840,1
562430305492299777,1
562432586002485249,1
562434124313792512,1
562445059753525248,1
562467072073289729,1
562474692863614976,1
562648687483293696,1
562664611565285379,1
562668872911044608,1
562678175852167172,1
562767195466661888,1
562772798343753728,1
562773181023657985,1
562774055796113408,1
562780644569530368,1
562785878649872384,1
562809029882556416,1
562810349104402432,1
562818699988860929,1
562821560466407424,1
562826756416364544,1
562827090811445248,1
562831975674040322,1
562834394143281153,1
562834962341433344,1
562835643404144640,1
562839679423488000,1
562846471993966592,1
562853510426148865,1
562859463003365376,1
562860227318796288,1
562860793767944193,1
562881096275476480,1
562891291101757440,1
563022891638587392,1
563034427044134912,1
563050567757750272,1
563055037992431617,1
563062970847334401,1
563081180707573762,1
563122893794852866,1
563155311436242944,1
563156778750574593,1
563159796845907968,1
563171704827301889,1
563302445464682496,1
563302778341425152,1
563304874038018048,1
563306785302642688,1
563306925216268288,1
563307738403704833,1
563308221600137216,1
563308597476859905,1
563308869867556864,1
563312743722541056,1
563313083922513920,1
563313417508093952,1
563319570862469120,1
563320019141267456,1
563340056220696577,1
563344334012289025,1
563348777197903872,1
563363714401705986,1
563376343338188800,1
563376524372742146,1
563379142671233024,1
563427280232665089,1
563440959472812032,1
563442450900209665,1
563446724459782146,1
563447271078256640,1
563452724344549378,1
563453639042543616,1
563457086538153987,1
563504036981141505,1
563510149675892736,1
563544441940893696,1
563545362112479234,1
563547956230778880,1
563549116551421952,1
563552478084747264,1
563552896550465536,1
563554951742652416,1
563555440379068417,1
563558130626605056,1
563559567939100672,1
563564937994579968,1
563567039433162752,1
563567281348026368,1
563568235023720448,1
563569869212626945,1
563569952599592960,1
563570506394505217,1
563571279199236096,1
563571480928481280,1
563571795820027904,1
563572453168123905,1
563572552141131777,1
563575116161122304,1
563578907484381185,1
563578999885299712,1
563582863531335680,1
563587039032246272,1
563588373064208385,1
563590764777992193,1
563590998841126913,1
563591268815888384,1
563592695667757056,1
563594625353805824,1
563594992900657153,1
563595379275755520,1
563596192647749632,1
563597833455296513,1
563599545805049856,1
563599899716239362,1
563600989534834688,1
563601400115265536,1
563603586031304704,1
563603837031022592,1
563604337700896769,1
563605562211172352,1
563606398735749120,1
563607439283863552,1
563610208032006144,1
563610875572285440,1
563615156991963137,1
563718528810119168,1
563720002550132736,1
563726728674439168,1
563732199254794240,1
563734375582277633,1
563738667273842688,1
563743444711907328,1
563752115739176960,1
563773630283145217,1
563780038361755648,1
563780884994617344,1
563781767388090368,1
563787800663691265,1
563795919666044928,1
563798975350726657,1
563812697490219008,1
563814263903371264,1
563816587522629633,1
563827229822828544,1
563830259792228355,1
563831508507820032,1
563832401181556737,1
563832718891687936,1
563832860826927105,1
563835921628688384,1
563836022413594625,1
563836649856315392,1
563838207226572800,1
563838531265896448,1
563838911630569472,1
563854494338138112,1
563856852103225346,1
563857493747838976,1
563859660030373888,1
563860463889690624,1
563860678801645568,1
563860729699528704,1
563861299680247809,1
563864063642697729,1
563868055001124864,1
563871716066091008,1
563874374696968192,1
563878778410385408,1
563881133474349056,1
563900540925796352,1
563903732916969472,1
563904669416964096,1
563905276496334849,1
563905623348506624,1
563905844686102528,1
563907121633591297,1
563914538097995776,1
564032691847180288,1
564032923825750016,1
564033218463031296,1
564035696608817152,1
564036035399528448,1
564037696318754817,1
564038185781436416,1
564038623465447426,1
564042311433486336,1
564046400955367424,1
564049587896594432,1
564049824274989058,1
564050039048507392,1
564050685764055040,1
564051390436491266,1
564051782822023169,1
564052037546303488,1
564052929297252352,1
564053455980199937,1
564053693444935680,1
564055573176803330,1
564056239584591872,1
564059548332613633,1
564067810348105728,1
564071104407691264,1
564077514147254273,1
564077831601528832,1
564081197685702656,1
564089428524957698,1
564092406480793601,1
564095472118554624,1
564099641604861952,1
564101649216835584,1
564101907741147136,1
564115680539074560,1
564123297940393984,1
564123576488325120,1
564125632364150784,1
564125884404084736,1
564126550535073793,1
564130793702690816,1
564151740195299331,1
564152091094966273,1
564152650803867648,1
564156076849762304,1
564178493366231040,1
564182473198682113,1
564183620990947328,1
564184294805884928,1
564186104245395456,1
564201969057665025,1
564204278122692608,1
564213138175053827,1
564218232811577345,1
564218476882309120,1
564219146100281344,1
564221516402159617,1
564225157934620672,1
564226078932467712,1
564227478546550787,1
564228341918887936,1
564231359842222082,1
564234488839155713,1
564234864980140032,1
564238050700853248,1
564252361204301824,1
564265649829339136,1
564271047428825089,1
564271182644793344,1
564304967566368768,1
564310007034826753,1
564310213751103488,1
564313315132706816,1
564330527004852224,1
564447638716940289,1
564448879593414656,1
564463206731485184,1
564464214501097472,1
564469092870942720,1
564470367121453056,1
564471380008120320,1
564472764786946048,1
564473244049100801,1
564473358293561344,1
564474287415779328,1
564563112477855744,1
564563699315519488,1
564568195965915138,1
564569836270145537,1
564572934539575298,1
564573415231991810,1
564576651867336704,1
564576877151793153,1
564577179955372033,1
564577480812797952,1
564579451670122496,1
564579655643332608,1
564581658205388801,1
564581800304209921,1
564582526866718721,1
564583592500948992,1
564583764073136129,1
564591242567507968,1
564596092101488640,1
564621618279112704,1
564623262232354817,1
564623566747226113,1
564639863526674433,1
564642621206065153,1
564650389673623554,1
564655769329889281,1
564656982372925440,1
564664537132314624,1
564802009560543232,1
564802393402253313,1
564811133077692418,1
564815112566218752,1
564824605353725952,1
564876831309185025,1
564877365143404544,1
564908069126414338,1
564908152718888961,1
564911967291572225,1
564914515431919618,1
564948368950956032,1
564973618070044672,1
564977273800257537,1
565008920004276225,1
565102960708177920,1
565103225213177856,1
565103397821370368,1
565103640096956417,1
565103820611387392,1
565111658172153856,1
565119799672709120,1
565125316335923200,1
565139679595335680,1
565141645818347520,1
565142403258920962,1
565142573811900417,1
565147016775598080,1
565149118151266304,1
565150073261408256,1
565154066628878336,1
565154473648349184,1
565155026931572737,1
565238525558140928,1
565243831281414144,1
565249024685391872,1
565251657986887680,1
565252393592299520,1
565262140404408322,1
565268326344310784,1
565276938823274497,1
565284591825862657,1
565285577256620032,1
565305466516168705,1
565318691966173186,1
565332811130097666,1
565333403940454401,1
565363767090085896,1
565367955673067523,1
565499818605559808,1
565502656488419328,1
565511543853711360,1
565513943251439618,1
565518968048611328,1
565522657635237888,1
565598976268070912,1
565601632017481728,1
565601757104201728,1
565609604743430145,1
565614972995391490,1
565641831174926340,1
565646010001915905,1
565646165715476482,1
565646715064438785,1
565665227472400385,1
565669260631228417,1
565717648018014210,1
565871271871664128,1
565889156493377536,1
565898228328325121,1
565900500273750019,1
565907156810354688,1
565907888468918273,1
565921643357548546,1
565922803669798912,1
565923059425894402,1
565933730246963201,1
565947979463663616,1
565948953167134720,1
565973411470802944,1
565974921789321216,1
565977826726514688,1
565979018965827584,1
565984048762605569,1
565984194304946176,1
565984658337574913,1
565985140930011137,1
565997342453952513,1
565999306868793344,1
566069774132969472,1
566219692822384641,1
566252388529762304,1
566254793048735744,1
566342261920002049,1
566382674353590272,1
566383161874350080,1
566390342711517184,1
566402150084141056,1
566419550561132544,1
566422876463828993,1
566431112130748416,1
566439295133974528,1
566440562602311680,1
566444054083534848,1
566463842520014848,1
566467934315220994,1
566476314807242752,1
566600109631500288,1
566607310639087616,1
566621553283301376,1
566639117765984256,1
566639374704844800,1
566653687032840192,1
566657542504599553,1
566661774083375106,1
566662339303571457,1
566681557092814849,1
566681961700540416,1
566683709118881792,1
566712051280912384,1
566717938162741249,1
566725356636602368,1
566729463711682560,1
566789328601235456,1
566800915798429697,1
566812527548698624,1
566814794993659906,1
566956262571528192,1
566957606191656960,1
566960682428428288,1
566973242397974529,1
566976411328847872,1
566977690876801024,1
566979937148891136,1
566980228317462528,1
566980429094608896,1
566981842260463616,1
566982304695066624,1
566982568978173953,1
566984662825041920,1
566984979595661312,1
566989876693045248,1
567020043997679616,1
567021239558885377,1
567023361419538432,1
567027161979031552,1
567089770258776065,1
567111646414667776,1
567111914690719744,1
567112094458589184,1
567116105484079104,1
567116396518449153,1
567119066784354304,1
567124070727417856,1
567138070592761856,1
567146536984141824,1
567147633442304002,1
567148844107182081,1
567150506154680322,1
567157783465037824,1
567167540078845954,1
567177422903463937,1
567178485442289664,1
567294785682432000,1
567295434155372546,1
567300331655401473,1
567322536942514176,1
567344465669394432,1
567352928105549824,1
567395682462756864,1
567406420887609344,1
567438925556232192,1
567439779776565249,1
567488328329474048,1
567512874088550401,1
567515549454696449,1
567516151232483328,1
567683760377049088,1
567760734277607425,1
567798387723227137,1
567798890418941954,1
567808215275274240,1
567813510953971712,1
567820433988313088,1
567880290800107520,1
567889688247271424,1
567890705475063808,1
567893100066136065,1
567893216651010048,1
567893725181059074,1
567894312110915584,1
567894487902584832,1
567895586713796608,1
567898155255201792,1
568058584413687808,1
568071726808100864,1
568077312526311424,1
568234474359656448,1
568401125080215552,1
568402921521590272,1
568404222942838784,1
568406801965850624,1
568407923493380096,1
568413236577603584,1
568490109848432641,1
568509844526747649,1
568543518966325248,1
568544959441334272,1
568545738906574849,1
568549193054355456,1
568554621523894272,1
568556048996540416,1
568563132433629184,1
568565440181628928,1
568596738749161473,1
568599635822055425,1
568625170308567040,1
568757575799300096,1
568764876086059008,1
568766661005676544,1
568777508310495233,1
568777949001809920,1
568779811801313281,1
568819568535142400,1
568824290168012801,1
568966637929570304,1
568971733606260736,1
569008534463123456,1
569154735976001536,1
569156360455069696,1
569243299707555840,1
569250955331543042,1
569253125074362368,1
569256413945573376,1
569256496686456832,1
569261529754935296,1
569263929643433985,1
569270647223943168,1
569277645898309632,1
569295613268865024,1
569316681887182848,1
569319181595889665,1
569349745828888577,1
569357057721151488,1
569357473813032960,1
569358084939890688,1
569358377874296832,1
569359364412313600,1
569365632338288640,1
569387677000331265,1
569392025465954304,1
569395893776060416,1
569401835183849472,1
569402113551409153,1
569402290542653441,1
569402987459833856,1
569406155354738688,1
569406729462681600,1
569407321543217153,1
569416840306417664,1
569517602017574912,1
569519293219667968,1
569529319795654656,1
569535779170598912,1
569536244641865729,1
569542746484158464,1
569552260427968512,1
569554168609837057,1
569556470158594049,1
569558314700263424,1
569567693625405441,1
569567773916942336,1
569568013722058752,1
569570858974388224,1
569577269980585986,1
569578078445248512,1
569578289389371392,1
569584925864648706,1
569614715359518720,1
569616022954774528,1
569617468114796545,1
569623227816939521,1
569668134539362305,1
569671996268777473,1
569682453016776704,1
569691335457964032,1
569694857717014528,1
569695415257444353,1
569704810318061569,1
569717690757193728,1
569720771863564288,1
569841838682714112,1
569848471227895808,1
569858945713643521,1
569859372203028480,1
569860421605322752,1
569860500420501504,1
569860512319717376,1
569862286703235072,1
569865881515393024,1
569880492436103169,1
569893126883684352,1
569893533387235328,1
569900307574079489,1
569900744935116801,1
569902797484916736,1
569906877875798016,1
569907086550831104,1
569925379789611008,1
569940018535518209,1
569941072287293440,1
569972827824238593,1
569974321545940992,1
569999708246167553,1
570027318652968960,1
570044175174868992,1
570195137994731520,1
570202296576905216,1
570204447718010880,1
570206807475429376,1
570207292538294272,1
570207980420882432,1
570209000463081473,1
570214823767760897,1
570215439244124160,1
570215816693547009,1
570215950181658624,1
570218697459159040,1
570225418499969026,1
570228932198449152,1
570231099336613888,1
570232796511387649,1
570234095508307969,1
570236419026886657,1
570236815841607680,1
570250829850124288,1
570251901461237760,1
570269741744586752,1
570270052949336066,1
570272547494887427,1
570277447394054144,1
570279209408602112,1
570283338537295873,1
570284042886758400,1
570328849721921540,1
570330459281825792,1
570348073580253184,1
570348218501836800,1
570363079663362049,1
570364251568623616,1
570365870800662528,1
570370489383657473,1
570388297500921856,1
570390104193114112,1
570390526995750912,1
570398012893208576,1
570410291881603072,1
570411689788592128,1
570595855444660224,1
570598027355918339,1
570609737663844352,1
570610617725251584,1
570613662181797888,1
570629981950377984,1
570630155061882880,1
570648283485495296,1
570666574006358016,1
570686960341295105,1
570687803438309377,1
570697014461079552,1
570701458368110592,1
570707591807913984,1
570740898147016706,1
570746570196574209,1
570753596226215936,1
570755345573912577,1
570756924305768448,1
570761997438083072,1
570770223420170240,1
570780522009337856,1
570918326240567297,1
570939642100338688,1
570967398095962112,1
570979028859035648,1
571003824653135872,1
571004239553662976,1
571004874147684352,1
571004884666986496,1
571007594455801856,1
571012898404868097,1
571013216580591616,1
571016919622529024,1
571017984547917825,1
571022296846114817,1
571023608732127232,1
571033505276121088,1
571046266173403137,1
571061502586695680,1
571094619531976704,1
571131698613764098,1
571270834284838912,1
571272938571374592,1
571274827773976576,1
571275177746665472,1
571275673429512192,1
571276203543425024,1
571276357503721472,1
571276583379607552,1
571286310272548865,1
571292685832724480,1
571302896136003584,1
571305463788257280,1
571366022038618113,1
571366302205517824,1
571366961172631552,1
571370337096622080,1
571442258681192448,1
571461934387765249,1
571473099817820160,1
571499576152231936,1
571504864179699712,1
571665536955879424,1
571728085176852480,1
571774359645253632,1
571776873060958208,1
571785683255181313,1
571787343687917568,1
571788160847368192,1
571845428557312000,1
571897828253048833,1
572010494107598849,1
572020834451116032,1
572057907229011968,1
572059829726007297,1
572145335302164480,1
572204238639636481,1
572364571891134464,1
572369548919353344,1
572374251711430658,1
572433042729353216,1
572513779700908032,1
572514325371494400,1
572514821029175296,1
572518733010345985,1
572519118592737280,1
572519882740408320,1
572520201448775680,1
572523107048689666,1
572530408392425473,1
572611563980374016,1
572863931082924033,1
572876230808100864,1
572913212158562304,1
574558159404138496,1
574574921734483968,1
574598483065311235,1
574702665008988160,1
574898484479815681,1
574902750485467136,1
574902871524667395,1
575325552241958912,1
575333119613534208,1
575647986341928962,1
575656066446311424,1
575657826158149633,1
575658083969470464,1
575779120874827776,1
575805041665245184,1
576032433067405312,1
576032789742665728,1
576205458471530496,1
576223568477995008,1
576356654503075840,1
576363932983668737,1
576399192844820480,1
576399772183109632,1
576411367202287617,1
576467854683451392,1
576472787893788673,1
576477153484759040,1
576503356543381504,1
576685571269091328,1
576688228557783040,1
576689359648337921,1
576698098388455424,1
576711837636542464,1
576732953474125825,1
576740108843499520,1
381988216292655104,1
381989237072990208,1
381989256404533251,1
381989513691529216,1
382350557957984256,1
382350622411874305,1
382518137582661632,1
382518148617863168,1
382518158470311936,1
382606225520615424,1
383627629766508545,1
383627770506399744,1
383627997950910464,1
383698416171118593,1
383698818698457089,1
383730558863290368,1
383730982513168384,1
383731135668162560,1
384042596680474624,1
384042724522872832,1
384042812473233408,1
384042907067363328,1
384043097996283905,1
384043149124845568,1
384043241659588608,1
384439219432603649,1
384439403315077120,1
384439557267021824,1
384716487937626114,1
385439886875975680,1
385440245648334849,1
385440354779947008,1
385440480130908160,1
385951118313783297,1
385951172789415936,1
386297683360485378,1
386297832723857408,1
386297900524781569,1
387255604999245824,1
387255632023142401,1
387255672816947201,1
387255742610157568,1
387255793210257409,1
387255913167327232,1
387256000572440576,1
387256047703846912,1
387256084374638592,1
387256194965852160,1
387256287018225664,1
387966950740987904,1
387967027802943488,1
387967092277796864,1
387967465843470336,1
387967497569185792,1
388687402807480320,1
388687673310707712,1
388687711344660481,1
388687959324495872,1
388688157585072129,1
388688365836443650,1
388688463534358528,1
388759624083443712,1
388759928191459329,1
388760098945769472,1
388760285885902848,1
389082346080575488,1
390255415465750528,1
390255464522346497,1
390255627974365184,1
390255798145658880,1
390255841338601472,1
390255917867859968,1
390256070762852352,1
390256100517220352,1
390256164203532288,1
390959087208263680,1
390959138970140672,1
390959173564784640,1
390959260420423680,1
390959354922299392,1
391665985398128640,1
391666021628534784,1
391666068554399744,1
391666289577455616,1
391666555362082816,1
391983179038330880,1
391983378297139200,1
392322078906413056,1
392322287203921920,1
393477914546552832,1
393899668507086848,1
393899824308703232,1
393899865786167297,1
393900062733905920,1
393900483292561409,1
394158518061645824,1
394158588999905281,1
394158718972993537,1
394158771145957376,1
394158812900233216,1
394158831074148353,1
395009994506002432,1
395010046045605888,1
395010156632633344,1
395010596669628416,1
395010752488017920,1
395010858415177728,1
395010958898118656,1
395011348762865665,1
395011545718980608,1
395290061798785025,1
395290163724574720,1
395290785249103872,1
395290809752645632,1
395584155100012544,1
395584226189250561,1
395584547145777152,1
395993247731822593,1
396087050585141248,1
396087100279234560,1
396087466953691136,1
396087806457438208,1
396087845183451136,1
396088251326283777,1
396088524962664448,1
396088599193481216,1
396088649743233024,1
396088690104999936,1
396088726524157952,1
396088759583653888,1
396088816248696832,1
396088923832610817,1
396281140392124416,1
396281466205663233,1
396281586770903040,1
396281634032332800,1
396281810025328640,1
396282035406266368,1
396715461548580864,1
396715716251897856,1
396715751941226497,1
396715789308293120,1
396715996280397824,1
396716085916876800,1
397575676892426240,1
397575725806387202,1
397575759084023808,1
397575827816062976,1
397575992685776896,1
397576145572347904,1
397576310827909120,1
397576347226103810,1
397750394316546048,1
397751160628457473,1
397751417227603968,1
397751970884091904,1
398112490543796224,1
398112706722422784,1
398112736699088896,1
398112830445993985,1
398239790232899585,1
398239800987090945,1
398240074921308160,1
398648903530057730,1
398648960014761984,1
398649251015573505,1
398649355055288321,1
398649408994037760,1
398651307306659840,1
399352569924841473,1
399352674828550144,1
399353304997560320,1
399353569280655360,1
399353666081009666,1
399354426499944448,1
400656619417006080,1
400656750082150400,1
400656794147508224,1
400656837193629696,1
400656887915360256,1
400656938930675712,1
400656992408055808,1
400657095617310720,1
400657418780033024,1
400657477005361152,1
400715447051366400,1
400715537606402049,1
401010180545994752,1
401010444971679745,1
401077229821521921,1
401077862016380928,1
401745025941258240,1
402166370474795008,1
402274871230480384,1
402275322239799297,1
402275391701647361,1
402275423448338432,1
402275514099855361,1
402275585147150336,1
402275735882051584,1
402276179735879680,1
402276246593093632,1
402276334367277056,1
405464396932997121,1
405464470442369027,1
405464540692762625,1
405464637254017024,1
405464683630436353,1
407173779068952577,1
407173798119493632,1
407174558932672512,1
407992689225773057,1
407992802606211073,1
407992874416865280,1
407993227040415744,1
407993460096897024,1
407993575712894976,1
407993800494047232,1
407993922497945600,1
407993981063020544,1
410204774735179776,1
410204801163460608,1
410205178546376704,1
410574591354892288,1
410574723026661376,1
410574843688415232,1
410575630002946048,1
410576223379533825,1
410576547293048834,1
410576848997740544,1
410577155051900928,1
410577292671217664,1
410577414234714112,1
410577588759699456,1
410577874626682881,1
410828983731617792,1
410829189776826368,1
412646376346898432,1
412646551148716032,1
412646750327824384,1
412646825275842560,1
412646845274259456,1
412646984084750336,1
412885967410720768,1
414241877584777216,1
414241926486163456,1
414241969846898688,1
414241978126069760,1
414467871293460480,1
414468033596227585,1
414468083659452416,1
414468222427996160,1
414468390938349568,1
414468550112198656,1
414468693737750528,1
414468905755635713,1
414469495030161409,1
414469654107525120,1
414469743911763968,1
414469837209882625,1
414469984480268288,1
414844977764519936,1
414845063055675392,1
414845908610580480,1
415244982597861376,1
415245031708962816,1
415245149703135232,1
415245256494313472,1
415245373490225152,1
415245642995224576,1
415245685428985856,1
415245815204966400,1
415259050759041024,1
415719937525551105,1
415720056719290368,1
415720705267744768,1
415720933341417474,1
416069082325061632,1
416069167091949569,1
416069222683271169,1
416656673558638592,1
416656781272551425,1
416656929713164288,1
416972490972221441,1
416972627274506240,1
416972648048889857,1
416972838336086016,1
416973275520962560,1
416973400720961536,1
416973461097967616,1
416973522364149761,1
416973641977315328,1
416974351028604928,1
417388153092063232,1
417388284055023616,1
417449126037442560,1
417449824674258944,1
418190908161409025,1
418191172691980288,1
418191367995535360,1
418191595150663680,1
418191664545402880,1
418191905881464833,1
418192055815241728,1
418192899906338816,1
418193058153263104,1
418193142139998208,1
418193364048019456,1
418824952767213568,1
418825084275417088,1
418825364131954688,1
418825902621859840,1
418826551489097728,1
418826680233230337,1
419586095060230144,1
419586150605402112,1
419586276057038848,1
419586439471321088,1
419586551551492096,1
419587060358324224,1
419587239341867008,1
419587431990439936,1
419587708101480448,1
419587822383689728,1
419587899319787520,1
419588783521030145,1
419590472223297536,1
420041790205349890,1
420631875921514496,1
420632141706170368,1
420632216406720512,1
420632903781855232,1
420633053317169152,1
420633145281507330,1
420633339540680704,1
420633584794222592,1
420634203273707520,1
421038669902794752,1
421038721316581376,1
421038832444657664,1
421039079182974976,1
421039249241014272,1
421039578858799104,1
421420517552168960,1
421422445585657856,1
421743767423426561,1
421744082742804480,1
421744235935580161,1
425483093688852480,1
425483369330135040,1
425483429921050624,1
425483568144322561,1
425483616299130881,1
425483703125413888,1
425483806909276161,1
425483845324902400,1
425484027538059264,1
425484251409031168,1
425484536613335040,1
425484699574611968,1
425484802393784320,1
425729860716093441,1
426105940383764480,1
426106193057042432,1
426106275307335681,1
426106457163968512,1
426106502290501633,1
426106653386096640,1
426106690702807041,1
426965972612706304,1
426966167836561409,1
426966405339029504,1
426966514353180675,1
427958402757574657,1
427959016044507136,1
427959084348739585,1
427959377710952448,1
427959480089710592,1
427959553930448896,1
427959766019608577,1
428379692307992576,1
428380033493635072,1
428647157478850560,1
428647232976338944,1
428647359203926016,1
428647427332005888,1
429033989270036482,1
429034265896972288,1
429034428623355904,1
429356039096389632,1
429391967022088194,1
429392413015035905,1
429392516933120000,1
429759553274531841,1
429759601332846592,1
429759673491652608,1
429759771894235138,1
429759911069618176,1
429760706649407488,1
430113978321096704,1
430114180117434368,1
430114215437672448,1
430115010262482944,1
430115322348052480,1
430115399103832064,1
430474206355021825,1
430474347434618880,1
430474597092167680,1
430474658324819968,1
430475008586969090,1
430475044632805376,1
431094020727513089,1
431094293596352512,1
431095078929453056,1
431098754947506176,1
431098855732432896,1
431098953828802561,1
431489639686221824,1
431887190671364096,1
431887315632275456,1
432288923016912896,1
432288957850583040,1
432289012317814784,1
432289216915972096,1
432289525251846145,1
432289553659854848,1
432289600736735232,1
432289660513951746,1
432289734769901569,1
432642452474703872,1
432642482921144320,1
432642814556372992,1
433005589635940352,1
433005891189612544,1
433005935099789312,1
433006265157943296,1
433076240128307200,1
433409261377290240,1
433409298895351808,1
433409616681000960,1
433409814874427392,1
433654942557958144,1
433654979358760961,1
433655231809740801,1
433655296251027456,1
433655363984818176,1
434393047715942400,1
434393110810853378,1
434393188464209920,1
434393242390380544,1
434393294424911872,1
434393414939844608,1
434393464143245312,1
434393550558478336,1
434798210482057217,1
434798406649643008,1
434798523637170176,1
435098191281680385,1
435098229504348160,1
435098321871306752,1
435098631482257408,1
435098690051506177,1
435098742325121024,1
435098824252477440,1
435793304899166208,1
435793433085480960,1
435793552686071808,1
435793804172333057,1
435793912842579968,1
435794160604299264,1
436192775730515968,1
436229713795641344,1
436562994705620992,1
436563082093948928,1
436563202998927360,1
436563227539804160,1
436563343352930304,1
436563445987553280,1
437291797132242944,1
437292039915331584,1
437737299774672897,1
437737522622263296,1
437737680441315328,1
438736875260354560,1
438737076993789953,1
438737167037108224,1
439144229437444096,1
439144400015597569,1
439144518265237504,1
439144599534465024,1
439144810604027904,1
439144936319885312,1
439144972751609856,1
439145692452626433,1
439145770638671873,1
439145832429146112,1
439147613825556481,1
439903776426582016,1
440553140593496065,1
440553499395239937,1
440553654081171456,1
440554078666362880,1
440554162204327936,1
440554265220632577,1
440554550835949568,1
440554644553474048,1
440554739843870720,1
440554907712503808,1
440907042585198592,1
440907544014245888,1
440908504979619841,1
443033024528011264,1
443033343248982017,1
443033541538885632,1
443034014937403392,1
443574331935715330,1
443574538576478208,1
443574940873134080,1
443777678416441344,1
444195319366971393,1
444195955877761025,1
444294945881329664,1
444295180821073920,1
444295324878639105,1
444295404889194496,1
444295534824542209,1
444295781067915266,1
444463057033383936,1
444463334411091968,1
444698516724527104,1
446465791337037824,1
446466030248787968,1
446466612527235074,1
446467010294071296,1
446467093660049408,1
446467160429170689,1
446623648107884545,1
446999392692613120,1
446999479044952064,1
446999611878551552,1
446999813163589632,1
447000135168315393,1
447000199232122882,1
447000336373272576,1
447000465528463360,1
447000509447024640,1
447000666842488832,1
447920774528004096,1
447920834586226688,1
447921118297350144,1
447921154938793984,1
448957274073997313,1
448957341061234688,1
448957689784045568,1
450425812169154560,1
450426299958312960,1
450426597955227648,1
450426749323452416,1
450727126199582720,1
450727254771769344,1
450727284853321728,1
450727311482974209,1
451159434899636224,1
451159499156361216,1
451159532408799232,1
451160316135493632,1
451160807842123776,1
451161197774000128,1
451161795231625216,1
451162803869474818,1
451163042642796544,1
451378057043914752,1
451378295116804096,1
451378554404491264,1
451383127122796545,1
451830958996463616,1
451831089770676224,1
451831210302373889,1
451831940207759360,1
452125739987390464,1
452125828717883392,1
452125897395412992,1
452125964835635200,1
452126299671121920,1
452126474502299648,1
452126678970429440,1
452126875125420032,1
459788361041846272,1
459788424866574336,1
459788486405390336,1
459788564494962689,1
459788808280494080,1
459788918578102272,1
459789027546103808,1
459789068222488576,1
459789278151602176,1
459789323593072640,1
460525292931383296,1
460525449102098432,1
460525727356448768,1
460819269731622913,1
460819571335647233,1
460819646271062016,1
460819812508110848,1
461290956419919872,1
461291149068484608,1
462634802986770433,1
462635169577324544,1
462635427212439552,1
462635748710035456,1
462635812148875264,1
462635925340553216,1
462635980839981056,1
462636174280908800,1
462689266108088320,1
465990982417129472,1
465991316447326208,1
465991620144283648,1
465991659155496960,1
466599362081333249,1
466599602313900032,1
466599938382524416,1
467063803197145088,1
467063861678309376,1
467063983153758208,1
467064399073521666,1
467123354760007680,1
467390540678299648,1
467390637067603968,1
467390715421413376,1
467390793859088384,1
467391020326322176,1
467391365530132481,1
467825656856719361,1
467825667921293312,1
468084701668728832,1
468084765216608257,1
468176504543641601,1
468176807187853312,1
468476725777555456,1
468476803388960768,1
468476857587732481,1
468477080225587201,1
468477184907042816,1
468477306319548416,1
468477354323361792,1
468840525358170113,1
468840572200177665,1
468840831294504960,1
469140012403920897,1
469140023938281477,1
469183346048630785,1
469560664269135872,1
469560728139988992,1
469561001600229377,1
469561068935585792,1
469985930405621760,1
469986009682169856,1
469986110408380416,1
469986272887320579,1
469986660722040832,1
470382497318985728,1
471349889830375424,1
471350025876815872,1
471350149046759425,1
471350227350192128,1
471350398628794369,1
471351526527496193,1
471667303067574272,1
471667572081823744,1
471668721337896961,1
472386290517020672,1
472386592141623296,1
472386668553437184,1
472386737692372993,1
472386811398848512,1
472386857288740866,1
474246227857395712,1
474246596486381568,1
474246656850812931,1
474246836954226689,1
474246925915394048,1
474247100897574913,1
474247212126318592,1
474261136041181184,1
474571094008279040,1
474711657914978305,1
474711817889906689,1
474712079211835392,1
474720980145668096,1
474909398104416259,1
476394158383321088,1
476394224892387329,1
476394979502215168,1
476395486643904512,1
476395655326212097,1
476747323528052737,1
476747483926626304,1
476747536959406080,1
476747786591825920,1
476748857121193985,1
477142640807264256,1
477142787130163200,1
477149109166428160,1
477534266050347008,1
477534364079620097,1
477535112142131201,1
477569284307046400,1
477569329802661890,1
477569452985155584,1
477569721517092864,1
478575136879022080,1
478575264071311360,1
478575333164072960,1
478996424273563649,1
478996711587602432,1
478996806613733378,1
478996913920831489,1
478996968937492481,1
479429568478969856,1
479429809840193536,1
479429929122013184,1
479430060412108800,1
479724437017612288,1
479724467447296000,1
479725266743209984,1
480155398758887424,1
480493933881851904,1
480705627493117952,1
480848959460483073,1
480848974950043648,1
480849866025746432,1
481154533477736448,1
481154794896117761,1
482356571729428481,1
482356653728088065,1
482356720509792256,1
482356787996155904,1
482357202544381952,1
482357290977075200,1
482357449626636288,1
483400077692514304,1
483400653302009856,1
483400750068817920,1
483400806121492480,1
483400915622187008,1
483719544628707328,1
484538238413987840,1
484538275785232384,1
484538525589585920,1
485995061184720896,1
485995605697650688,1
485995827198824449,1
487007823344058369,1
487025736637636608,1
487801852776308736,1
487801999430131712,1
487802456680591361,1
487802547151716353,1
487802600431955968,1
488065790076129281,1
488066399420416000,1
488486295472054272,1
488801525482151937,1
488801649713238018,1
488810202477912064,1
489514865703133186,1
489514889195446272,1
489514919918702593,1
489514983198167040,1
489515017440485376,1
489515219920515074,1
489515251457466368,1
489515278267473920,1
489515340976500736,1
489515379710910464,1
489517225372430336,1
489876898487742465,1
489876987788685312,1
490146007036870657,1
490550824138190848,1
490551144817901568,1
490551324300562432,1
490551351097958401,1
490551472174931968,1
490551528298909696,1
491572485649743872,1
491738632097505280,1
491738700905082880,1
492692386976251904,1
492693880567918592,1
492694128908455937,1
492694308248489984,1
492771864780230656,1
493533483508056064,1
493533836819460098,1
494165213529534464,1
495020697341947904,1
495020789918617601,1
495021008764821504,1
495297996347957248,1
495298029810098177,1
495298111401885696,1
495298925314998272,1
495679904097525761,1
496425025436528640,1
496425329339015168,1
496425513045327873,1
498561232707006464,1
498561338021781505,1
498561436541808641,1
498561495857647618,1
498561585896783873,1
498561638564634624,1
498561858883043329,1
498657475105918976,1
498658714577276928,1
499231576291819520,1
500030161786765312,1
500114389966802944,1
500116460652756992,1
500116628072574977,1
500116676214816768,1
500117107833860096,1
500117232983474176,1
500347266017013760,1
501139948142342145,1
501140005344260096,1
501140297813082113,1
501140337080139777,1
501140385079787520,1
501140478646317056,1
501140580685340672,1
501785358884167681,1
501874196369395713,1
502214984449794048,1
502319195909263362,1
502319375823962112,1
502826967306342400,1
502827110302748673,1
502827189385977858,1
502827296219467777,1
502827412250714112,1
503337350559465472,1
503337533007462400,1
503337777602498560,1
503403579789815808,1
503403935466795008,1
503403964365549568,1
504105198424686592,1
504105826437844992,1
504106142524772354,1
504106470083145729,1
504106578929545217,1
504106646663348224,1
504107528050188289,1
505034949066756097,1
507035960325177344,1
507036008547094529,1
507036054885773312,1
507036128772644864,1
507036257017274368,1
507727720428892160,1
507727777840504832,1
507727947940495360,1
507728029079322624,1
508094760067006465,1
508668604972560385,1
508668703521931264,1
508668895440687105,1
508669223087140865,1
509079537356136448,1
509079652313219072,1
509079778033668097,1
509079816600322049,1
509079863530381312,1
509079978034880512,1
509204285985669122,1
509204534682730496,1
509562487126364160,1
510254539300405248,1
510254572309594112,1
510254760684187648,1
511021041364520960,1
511021098163785728,1
511021204933967873,1
511021622128836608,1
511021687551557632,1
511610322420260864,1
511610424031477760,1
511610556336590849,1
511923204563415040,1
512101851664490496,1
512101899269840896,1
512102351751360512,1
512244856681680897,1
513801377537994752,1
514171470851743744,1
514171913619255297,1
514895417637863424,1
514895730733887488,1
515500484556107776,1
515673580961411072,1
515673657847201792,1
515673710238257152,1
516721015406075905,1
516721139012214786,1
517430515616731136,1
517430584654974976,1
518830866785898496,1
518830890861211648,1
518830991478362112,1
518831310035767297,1
518831387131277313,1
519909343576465408,1
519909537575612416,1
520379685554102272,1
520379763719159808,1
520655819512508416,1
520656002203787264,1
520656487182770176,1
520657475075600384,1
521798644945928192,1
522387114496110594,1
522387578537127936,1
523224137645711361,1
523224642669256704,1
523225007183646720,1
523253606049271808,1
524683527812816896,1
524684792483549184,1
524685030015401984,1
524685152690388992,1
524697112576278528,1
525080310862856192,1
525080515796561920,1
525080725306232832,1
525080857187717120,1
525723899322191872,1
525724068637855745,1
526505457884884992,1
526505501308497922,1
526505631386468352,1
526505666434068480,1
526505886551138304,1
527217177964052480,1
527603004909035520,1
527603538260918272,1
527604543723667456,1
527604596852920320,1
527934551637504000,1
528302622290477056,1
528302655706509313,1
530434792131936256,1
530435078137319424,1
530435289794482178,1
530435341103427585,1
530435486779998208,1
531477737463382018,1
531992053744680961,1
531992188960653312,1
532643742998872064,1
532644232847429632,1
532644326128754688,1
532644431472889856,1
533340750218813440,1
533841068706365441,1
533841828374929408,1
534506865930297344,1
534507767584014336,1
534727955264847872,1
534728288003166209,1
534729110929813506,1
534729220585709568,1
535198627292254208,1
535199389292449792,1
535817787877642240,1
536164994099216384,1
536165002663968769,1
536165009613930496,1
537027926060191744,1
537028132935831553,1
537028365447090177,1
537645994809118721,1
537647353587462144,1
537647931432521728,1
538063550678196224,1
538063590528258048,1
538127803095732224,1
539176641444851713,1
539176674785382402,1
539176766598696960,1
539176875063402497,1
539523374163046400,1
539523910983622656,1
539839404555001856,1
539839514542215169,1
539839660080390145,1
540259960936861696,1
540260646617878529,1
540260731825192960,1
540261152392241152,1
540261263033782272,1
540261581708623873,1
540261815792705537,1
540262568498298880,1
540529698208362496,1
540890103603032065,1
540890166488203264,1
540966855775490048,1
541395728040349696,1
541395816347209728,1
541623297138384896,1
541713410313162752,1
542356040596348930,1
542807363934097408,1
542807548793851904,1
543236038345244675,1
543236251994685440,1
543517522189090816,1
543517872249905156,1
575948721067847680,1
543517946589761536,1
545046940518342656,1
545047012073168896,1
545047181007151105,1
545047238628478977,1
545047301127823361,1
545047346266902528,1
545047613322457088,1
546017099210964992,1
546017239028072448,1
546017682915487745,1
546017749994979328,1
546063585630121985,1
546063680228442112,1
546063730388123648,1
546065104135942144,1
546361927513829377,1
546362112600059904,1
546362165175648256,1
546362209127759872,1
547175748713197568,1
547176018759254016,1
547176064653357057,1
548555798788325376,1
548557259131736064,1
548557457069322240,1
548557519946133505,1
548557664049831936,1
548935568558551040,1
549673154050682880,1
549673730071220224,1
549673914100506624,1
549674125103353859,1
549674742999834624,1
550473421759315969,1
550806940477956096,1
550807174222336000,1
551151827027099648,1
551151932941676544,1
552503630910476288,1
552503655656882177,1
552503743229722626,1
552503782295490560,1
552503942454992896,1
552504238522507265,1
552504313554411520,1
552993467597455360,1
552993629627621376,1
553567950813147136,1
553568030874025984,1
553568227217768450,1
553568763321147394,1
554067736179924992,1
554068050995994624,1
554068214947135490,1
554336288833150976,1
554336588105142273,1
554336811955154944,1
554336923099987970,1
554649317437239297,1
554649367273943040,1
555045700493271040,1
555045778985455619,1
555045817602437121,1
555046040294789120,1
555046129415385088,1
555046212647145472,1
555046251490582528,1
555046429618479104,1
555046511789105152,1
555406241501945856,1
555406288960516097,1
555810272842383361,1
555810469811073025,1
556112813488607232,1
556112906170138624,1
557043210149576705,1
557043672340897792,1
557043719765905409,1
557043866340040705,1
557043926599618562,1
557372611911753728,1
557587488395378688,1
558051448953774082,1
558051544118345728,1
558051575827283970,1
558392368051654656,1
558647896430882816,1
559094422907133952,1
559094431132172288,1
559094441395617794,1
559094927318319104,1
559095028145192960,1
559740400546906112,1
559741478302670848,1
560584397661818880,1
560584512279552000,1
560584569481482243,1
560584726482677760,1
560584827582181376,1
560584930627842048,1
560585045883117568,1
560818101638287361,1
560818241786765312,1
560818370002440192,1
560818449123786752,1
562051427581689857,1
562051788199559170,1
562250943584944129,1
563151942063366144,1
563152246678880256,1
563695049003638785,1
563695485190299649,1
564265436133343234,1
564265496611004416,1
564265556937687040,1
564545429484748801,1
566035627552948224,1
566035777021173760,1
566035892003823616,1
566036068961488896,1
566636793596895232,1
566636897800187904,1
566637226662957056,1
566638139083476993,1
566655906117468161,1
566747138684502018,1
567086635204878337,1
568595170821697536,1
568595279470948353,1
568595464406179840,1
568595560401215488,1
568595689162166273,1
568595763258744832,1
568595817046495232,1
568595886323810304,1
569282711862579201,1
569282880938995713,1
569282997976899585,1
569926326955552769,1
570406375546753024,1
570945513375182848,1
570945518211190784,1
571129724258226176,1
571129969478209536,1
571306504357163008,1
573506547818496000,1
573506771534282752,1
573506870268186625,1
573506920478179328,1
573506992003682304,1
573507023045689345,1
573507129618796544,1
575791920904953857,1
575792088572260353,1
575792329103044608,1
575792813352218624,1
564326603485110272,1
569366069917437952,1
569990621315919872,1
570244879265206272,1
571013698111860736,1
575664315627216896,1
592273294562209793,0
572325688499302400,0
572338776061550592,0
572332126206500864,0
572335340360372224,0
572337632375513089,0
572336127295660032,0
572336278298992641,0
572339812419551232,0
572339791703879680,0
572339675144179712,0
572339650716565505,0
572339307920285696,0
572339216123764736,0
572339004663676929,0
572337985980538882,0
572337682480685056,0
572337512099659776,0
572336782798286849,0
572335887364849664,0
572335854032560128,0
572335550469812225,0
572335297637163008,0
572334642294099968,0
572334640125493248,0
572334398944747520,0
572334187874631680,0
572334142492311552,0
572334042605076480,0
572333884559400960,0
572333830314434560,0
572333225919455232,0
572332705209188352,0
572332494332145664,0
572332468113575936,0
572332375360724993,0
572332344901697536,0
572332283631255553,0
572332280678506496,0
572332156011225088,0
572332063140917248,0
572331987333070848,0
572331892130770944,0
572331885751189505,0
572331656691892224,0
572331477507051520,0
572331470871650304,0
572331270023200768,0
572331193263210496,0
572330996256788480,0
572330634741334017,0
572330464989454336,0
572330415840616448,0
572330314162257920,0
572329793632395264,0
572329791157772288,0
572329776590954496,0
572329644134817795,0
572329420184158208,0
572329342035881985,0
572329328060469248,0
572329190189477888,0
572328954859692032,0
572328778166231040,0
572328742330101760,0
572328494195081216,0
572328401714823169,0
572328400037130240,0
572328393779224577,0
572328269707517952,0
572328105689272320,0
572327838252064768,0
572327623788920833,0
572327621532368897,0
572327543086305282,0
572326887826972672,0
572326846005526528,0
572326596490600450,0
572350464471113728,0
575621582921555968,0
575597506442170368,0
575597171447222273,0
575597063590670336,0
575596903078883328,0
575596887400558592,0
575596805980733440,0
575596602020139009,0
575596558474854401,0
575596542888800256,0
575595816628326400,0
575595812392017920,0
575595561325199361,0
575595512167956480,0
575595457977708544,0
575960442423545856,0
575960294712705024,0
575959657270808577,0
575959628187598848,0
575959547858161664,0
575959503281094657,0
575959400822632449,0
575959225261654018,0
575959200162914304,0
575959100334305280,0
575958940292251648,0
575958901100675073,0
575958805411860480,0
575958736906244098,0
575958262304141312,0
575958006711525376,0
575957856752541696,0
575957838524063744,0
575957692264488960,0
575957544310439937,0
575957540283904000,0
575957518301581313,0
575957356304953344,0
575957269164220416,0
575957238386335744,0
575957230685548544,0
575957136972197889,0
575957009410838528,0
575956768137695232,0
575956646725189633,0
575956611027509250,0
575956541989335041,0
575956187830603777,0
575955672107388928,0
575955623038169088,0
575955185505210369,0
575954928331587584,0
575954671732281344,0
575954539754471425,0
575954406186721280,0
575954377564884992,0
575954361647407104,0
575954177802670082,0
575954072970272769,0
575954062656425984,0
575954049985568768,0
575953876655833088,0
575953274869657601,0
575953183530418176,0
575953177922531329,0
575953052739497984,0
575952871788654592,0
575952826842509313,0
575952428425584640,0
575951641020608512,0
575951056917569536,0
575950873395793920,0
575950699218874368,0
575950570596364289,0
575950489499631616,0
575950367675920384,0
575950233600974848,0
575950080106201088,0
575950039220031488,0
575949969250643969,0
575949877462466560,0
575949840582098944,0
575949793031102464,0
575949689788436480,0
575949301790089216,0
575949115852480512,0
575948458453962752,0
575947655437647873,0
575947511543676928,0
575947101022060544,0
576580586321526784,0
562697097401876481,0
562697222195011585,0
562697338482077696,0
562700163404562433,0
562700440203456517,0
562700798543818752,0
562701195966681090,0
562701596921200640,0
562703691783110658,0
562703838407585792,0
562704183242285057,0
562704249071886336,0
562704534741745664,0
562704729965613059,0
562706485126643713,0
562707583149301761,0
562708785043890181,0
562709170668199936,0
562709424578760706,0
562709884702306305,0
562710172792283137,0
562710255046782977,0
562710778613338112,0
562711107270610944,0
562712013823279106,0
562712435388600321,0
562712526992211974,0
562714648978669568,0
562715323003318273,0
562717865737207808,0
562726150699773952,0
562726266097659904,0
562726368577089536,0
562727217835573249,0
562728498834710529,0
562736780487974914,0
562736939137531908,0
562737811250753537,0
562738902055022594,0
562739061677625346,0
562739670917070848,0
562740122714927104,0
562740201869824001,0
562740608302067712,0
562740653063684097,0
562741134888558592,0
562741329923670016,0
562741463931699200,0
562742343120736257,0
562742638391353346,0
562742844096786432,0
562744702395777024,0
562746115830059009,0
562746190576771074,0
562746475126738946,0
562762406909460481,0
562763513631109123,0
562765341479419904,0
562765681373224960,0
562765938433748994,0
562765989696528384,0
562766834962034688,0
562767280736829441,0
562767924205998081,0
562768247809114113,0
562768377073393666,0
562768499022778370,0
562768823150190593,0
562769120174047233,0
562769152793145344,0
562769948238700544,0
562770323222052864,0
562770898214989824,0
562771540782383104,0
562771827131707393,0
562777641145888768,0
562779982926454784,0
562780594925764609,0
562780875625336833,0
562781353889255424,0
562781630893682688,0
562781829053575174,0
562782575656435717,0
562782826068979712,0
562783117208215552,0
562785889450229762,0
562786361045164032,0
562787691277090817,0
562787838123851776,0
562787963785191425,0
562788214533279744,0
562788823118405632,0
562789357506269184,0
562821916957093888,0
562823091492257793,0
562823259876761601,0
562823280550498304,0
562823485480001536,0
562823930151731200,0
562824104630554624,0
562824451101032448,0
562855352459603968,0
562855493992218625,0
562855532613341185,0
562855740076195842,0
562856104519278594,0
562856460028489729,0
562856642325516290,0
562858417287872513,0
562867694769541121,0
562868134236147714,0
562868606615441408,0
562868669756493824,0
562868873301860353,0
562868940335235073,0
562869193142714368,0
562869632995184640,0
562869952072654848,0
562870032188059649,0
562871363657273344,0
562871487884165121,0
562871727206981632,0
562872366553112577,0
562873439833575425,0
562873859079413760,0
562874396155850752,0
562874800612601856,0
562874900428648449,0
562875059665387521,0
562875260182466561,0
562875529561653249,0
562876098498031617,0
562876448831451136,0
562877175083581441,0
562877385977384961,0
562878414378766337,0
562881730303234049,0
562883145931186176,0
562883166659444736,0
562884029985599488,0
562884222692892672,0
562888269722312704,0
562891004924424192,0
562891755545436160,0
562891925158899712,0
562892553444683777,0
562892755048099840,0
562898315982143488,0
562941938270478336,0
562942941300535298,0
562943065523240961,0
562943218783117312,0
563024092711104514,0
563024299221864448,0
563026328581328898,0
563026680932233217,0
563026881512226817,0
563027251630182400,0
563027947423272960,0
563028257034240000,0
563028901803589632,0
563028983617687553,0
563029199011983361,0
563029717906108416,0
563029922311311360,0
563033637789401088,0
563033924650405888,0
563034338183639040,0
563034498586398720,0
563034847741231104,0
563035271642750978,0
563035498986631169,0
563035685431812098,0
563036025254330368,0
563036209744969728,0
563036988883087360,0
563037196538884096,0
563037446003490817,0
563037541394571264,0
563037696600584192,0
563037819539849217,0
563038441479634948,0
563041952623788032,0
563042612815618049,0
563042679257587712,0
563042729899589633,0
563043026415939584,0
563049033225469952,0
563054369730740224,0
563054402710536192,0
563055164303900672,0
563055392054591488,0
563058212396879876,0
563058444715180032,0
563058513350778880,0
563059006181482496,0
563059360700837890,0
563059942081720321,0
563065356772999168,0
563066413628555264,0
563066632873185280,0
563076322642362369,0
563076544592367617,0
563082741370339330,0
563084011489480704,0
563084435844001792,0
563084737183756288,0
563084960962445312,0
563085113123422209,0
563085287338037249,0
563085551776313345,0
563085860078628865,0
563092979305701376,0
563093253378289665,0
563093563916161026,0
563115712177127424,0
563156168936148992,0
563158057564139521,0
563165580916576260,0
563184438465421313,0
563184648461615104,0
563189736492134400,0
563199972619726848,0
563200420755931136,0
563200698784169984,0
563200984474583040,0
563201540647686144,0
563201710269554689,0
563202007788314624,0
563202102206279680,0
563210399990837248,0
563211120857456640,0
563213706192896001,0
563231555296829440,0
563232127622201345,0
563233411561562112,0
563234013091872769,0
563234108013170689,0
563234207602716672,0
563234321482252288,0
563234508611137536,0
563237066742321152,0
563237142248177664,0
563237327556714496,0
563239995297652736,0
563240041112035328,0
563240152718245888,0
563240615597465600,0
563240804324372480,0
563240868102942720,0
563241188862349312,0
563241370337292288,0
563241647987646466,0
563242495572574208,0
563242848699416576,0
563243413802201088,0
563244052586319872,0
563245769231069185,0
563246128200572928,0
563247300491751427,0
563247684924870656,0
563248036608868352,0
563248174907662337,0
563248261301927936,0
563248588382146560,0
563249307235516416,0
563249591726768128,0
563250704366587904,0
563300099296464899,0
563300481510809601,0
563300603732832257,0
563300851863662592,0
563301407684431872,0
563302382381977600,0
563304047210283008,0
563304226936217600,0
563304617308868608,0
563304800096231424,0
563305084813979648,0
563305984894857218,0
563307073237032960,0
563310092183810050,0
563310267635757056,0
563310594887909377,0
563310803000913920,0
563311006965723137,0
563311789090148352,0
563312147057242112,0
563312750680494080,0
563312928971968512,0
563314525110161408,0
563316544004816896,0
563318055527145472,0
563318204429123584,0
563318364219531264,0
563318475540537345,0
563318857478070272,0
563319021760569344,0
563320304445837312,0
563320554682204160,0
563320832827486209,0
563321214232297472,0
563321926467059712,0
563322577163014145,0
563322718859182081,0
563327601238745088,0
563365350662623232,0
563365363761426432,0
563365462004617218,0
563375992433946624,0
563376928019603456,0
563377690053337088,0
563377797763047425,0
563378204165955585,0
563379416479170560,0
563379725771354114,0
563379886283161600,0
563379907418267649,0
563381554148163585,0
563381658858950656,0
563381702441979905,0
563381777742323713,0
563382221109616641,0
563382367314665472,0
563383421787860992,0
563385907336597504,0
563385955050987521,0
563398704657211392,0
563401787453890561,0
563409993399926786,0
563410314897551360,0
563410516253487104,0
563410933221842944,0
563411886666829824,0
563412461647175680,0
563418268451364865,0
563420354576531457,0
563420565130588160,0
563421425352986624,0
563421542504071168,0
563426173036658688,0
563426726693183488,0
563427467411464192,0
563427554615246849,0
563427933499293697,0
563443821980041219,0
563443928557293568,0
563444481886662656,0
563445311348019200,0
563446420502360065,0
563446641416359937,0
563447347397402625,0
563447829109022720,0
563449238814613504,0
563449542075355136,0
563449577215250432,0
563449833885687808,0
563449955486953472,0
563450162324832257,0
563450196357431296,0
563450227412049920,0
563450566047592448,0
563451787638603777,0
563453531726700545,0
563453583782182912,0
563455277580558336,0
563455559689449472,0
563455734663221249,0
563456844106960896,0
563457878736896000,0
563458131540205568,0
563458789999771648,0
563459251025088512,0
563460205912932352,0
563461334814052352,0
563461968393031680,0
563462201336676353,0
563480302274613248,0
563485831537496066,0
563486327035789313,0
563486738085969920,0
563487360361324544,0
563491040695296000,0
563491886669647873,0
563492676394160128,0
563493045220306945,0
563493206696812544,0
563493313727049728,0
563493406010138626,0
563494871176998912,0
563495637958684672,0
563495918935093248,0
563498153739956224,0
563498901831815168,0
563499468159340544,0
563500113545277441,0
563501697398370304,0
563511467161305088,0
563525704235499524,0
563538299055120384,0
563540044774776833,0
563548945830268928,0
563549224369803266,0
563549344800841728,0
563549535754932224,0
563549824461438976,0
563551557543686144,0
563552091600220160,0
563553420624162816,0
563553471966613505,0
563553619283156993,0
563553627424313344,0
563553948481499137,0
563554549755944960,0
563554626465587200,0
563554679183781889,0
563554838173057024,0
563555043635257346,0
563555538265313280,0
563555721308930049,0
563555809284481024,0
563556066953154560,0
563556102541803520,0
563556915230158849,0
563557082624831489,0
563563155482099712,0
563563438601805824,0
563567868298932224,0
563588775280783360,0
563589107905884161,0
563589248754778112,0
563591109134127104,0
563592062713331715,0
563592836046548993,0
563594363666579456,0
563595897154465792,0
563596116831125504,0
563597993761202176,0
563598055002218496,0
563651744060551170,0
563652316218155008,0
563752458002771968,0
563752833304907777,0
563753778671669248,0
563753934171291648,0
563754353752698880,0
563754867240353792,0
563757463166386177,0
563757610327748608,0
563757692867457024,0
563758004785254400,0
563758154115084288,0
563759026639339520,0
563760226768134144,0
563761158276927491,0
563762142789132288,0
563763602289471488,0
563763995648081920,0
563764225219104768,0
563768347725008898,0
563768528201732096,0
563768600662528000,0
563768704115023872,0
563769266105622528,0
563769315023790080,0
563771680397332480,0
563771833271341056,0
563779050540244992,0
563779345840214017,0
563779489847455745,0
563780337549844480,0
563783514441515009,0
563797007752392704,0
563797959729352704,0
563807281406418944,0
563807337677221888,0
563808510983421952,0
563808736980901889,0
563811825427296257,0
563813698083774465,0
563814474579066880,0
563814616090693632,0
563817792567132160,0
563818804048703492,0
563827198344175616,0
563835280298233856,0
563835388205092864,0
563835478055477249,0
563837126014271489,0
563843036338061313,0
563843474407952384,0
563844530638581761,0
563844668937359360,0
563844747152736256,0
563844952052879360,0
563845282891194368,0
563845786551611393,0
563850971164332032,0
563851316665925632,0
563852233213612032,0
563852290524581889,0
563853144581369856,0
563856109258018817,0
563856212702150656,0
563856514205495296,0
563857142906494976,0
563857278638387200,0
563857405486694400,0
563857790926475264,0
563857846672949248,0
563858158330728449,0
563858555808129024,0
563858595792445440,0
563859680603025410,0
563859716112007168,0
563862309387251712,0
563862695938490368,0
563862830336585728,0
563864522855702529,0
563864712467587072,0
563867096048619520,0
563867231906316288,0
563874350038675457,0
563874714884382720,0
563874836376592384,0
563875009488109568,0
563875245778423809,0
563875578462236672,0
563875807894859777,0
563876176263790593,0
563876571174301696,0
563876639109414915,0
563877427277881344,0
563878558804619265,0
563878636495704064,0
563878944886108161,0
563879115711713281,0
563879137656307712,0
563879253767233538,0
563879402648252416,0
563879541811064832,0
563879836737740800,0
563880090732216320,0
563880249083957250,0
563880376309805056,0
563880472967540736,0
563880713565372416,0
563880996592836608,0
563881088221581312,0
563881286855438338,0
563881381885800450,0
563881519932907520,0
563881580209246209,0
563890176166862850,0
563890357486624769,0
563891135542607873,0
563891646601777152,0
563891796938211328,0
563892189868986370,0
563892236828438528,0
563892841483493376,0
563893003253600256,0
563893645091553281,0
563893921701306369,0
563894074705321984,0
563894510212505601,0
563894738718183425,0
563894835841470464,0
563894853243637760,0
563894924467134464,0
563895092247687168,0
563895126926168064,0
563895156793827328,0
563895294941609985,0
563895429054468097,0
563896013744644096,0
563896118614839297,0
563899830980726784,0
563899998673174530,0
563908401327915009,0
563908769763958784,0
563908855713648640,0
563908944859373568,0
563909262208802818,0
563911997587083264,0
563912119154774017,0
563912149974515713,0
563932567951273984,0
563982208235339776,0
564034328573652993,0
564226695285063680,0
564226802952851456,0
564226968678182912,0
564227088530411520,0
564227218730000386,0
564227486943174656,0
564227582711701504,0
564227616735887360,0
564227732750356481,0
564227879408398337,0
564238507485310977,0
564238732044148736,0
564269965260234752,0
564270222761152512,0
564270730074808320,0
564286541371936768,0
564286601203687424,0
564287274599194624,0
564289612885946369,0
564289684214263808,0
564317491350863872,0
564317718057218048,0
564317814693978114,0
564317908243726336,0
564318181217406976,0
564318657363206144,0
564320921167478784,0
564320982060392448,0
564322083459432448,0
564322237549780993,0
564568918321147905,0
564569063415087106,0
564569724906790912,0
564569952116801536,0
564570357303365633,0
564570562513887233,0
564571118313684993,0
564571893509156864,0
564572120714600449,0
564572140620754945,0
564572326856253442,0
564572361794797568,0
564572461900234754,0
564572835570786304,0
564572890029625345,0
564573353277919232,0
564573616088809473,0
564574332970864640,0
564574441095823360,0
564574618804289536,0
564574996924993537,0
564575079636697092,0
564575292786626560,0
564575376349749249,0
564575446902136832,0
564575620169216000,0
564575680256802816,0
564575909559435264,0
564576317467660288,0
564576369883889664,0
564576482500935680,0
564576545537155073,0
564576997838290944,0
564581360279384064,0
564581470518255616,0
564585379148222464,0
564586623350747136,0
564586797942861825,0
564587579643666433,0
564587670836219905,0
564587794614325250,0
564592081549541378,0
564592237305004032,0
564593730645016576,0
564593836324696064,0
564612071434633217,0
564615628351225858,0
564616100076204032,0
564616232435843074,0
564616397439766528,0
564627148577595393,0
564627423031877635,0
564630993554788352,0
564631162576850945,0
564631268701134848,0
564631355363827712,0
564631688248971265,0
564631929626959874,0
564632013966020609,0
564632327599300609,0
564632454179213312,0
564632525473996800,0
564633824445755392,0
564667748911816704,0
564668566423617536,0
564668999355482112,0
564669155383586816,0
564669505012375552,0
564669757735960576,0
564669978591260672,0
564670175828377600,0
564670877162164225,0
564671121358737408,0
564671720217255937,0
564671924819599360,0
564671993929166849,0
564672115966627841,0
564672370409869312,0
564672521778126848,0
564672790540742656,0
564672916965433346,0
564673679041118210,0
564673810356379648,0
564673925708136449,0
564674258756849667,0
564674500390682624,0
564675014331363328,0
564675186994073602,0
564675321652195328,0
564675485045501952,0
564675658232496128,0
564675924805681153,0
564676285486493696,0
564676380344872961,0
564676440579264514,0
564676571819024385,0
564676684683554816,0
564676969829117953,0
564677142504423424,0
564677275216392192,0
564677451616243712,0
564677620055281664,0
564678219333246976,0
564678349226663936,0
564678601673416705,0
564678682678018048,0
564678824953008128,0
564678897573183489,0
564679246132424704,0
564679317511090177,0
564679497639669760,0
564679733053362176,0
564679880403460096,0
564680033407488000,0
564680075564425218,0
564680291994701824,0
564680527341318145,0
564680649227788288,0
564680794371657728,0
564681072638582784,0
564681146810638336,0
564681175797489664,0
564681656984805376,0
564681865995378688,0
564682144606216192,0
564682482574827520,0
564685166140870658,0
564685670795341826,0
564686079580573696,0
564686237642919938,0
564686523811905536,0
564686703483318272,0
564687224239714304,0
564691340013740032,0
564691443080376321,0
564691588824051712,0
564693228545257472,0
564695781127364609,0
564697770389303297,0
564697862382952449,0
564701338982821888,0
564701783113494530,0
564701961736310784,0
564702330126233601,0
564702385889480704,0
564702822709481472,0
564706039027625984,0
564706815443611648,0
564714480173473792,0
564717151592787968,0
564721101062684672,0
564723645746933760,0
564724346938077184,0
564726499496845314,0
564730068748861440,0
564730355492458497,0
564730497360592896,0
564731168818343937,0
564731828326510593,0
564731881384468480,0
564731923012919298,0
564732707381334016,0
564767169775284225,0
564775907403890689,0
564776001717022721,0
564872900692303872,0
564886152163758080,0
564888887999209472,0
564894716034969600,0
564894947971563521,0
564895373152366592,0
564895918638370816,0
564896109764423680,0
564896589651537920,0
564897178770874368,0
564897593998573568,0
564897911566135296,0
564898075068473344,0
564898293067415553,0
564898715840700417,0
564898900536868864,0
564899036583301120,0
564899619667070976,0
564899942909489152,0
564900099302514688,0
564900378215342080,0
564900941594243072,0
564901498962714624,0
564902069186723840,0
564902461534507008,0
564902869065666560,0
564903085965729792,0
564903649382367232,0
564903725827776512,0
564903975606951939,0
564904438251278338,0
564904516512780288,0
564904786437238784,0
564904905073111040,0
564904990620127232,0
564905184392794112,0
564905730315010049,0
564905777123430401,0
564906790978981888,0
564906988761399297,0
564907117929177089,0
564907314860150786,0
564907442417315840,0
564907851886247936,0
564909061729034240,0
564909283179888640,0
564909765931708416,0
564915671981506561,0
564916033266262017,0
564916216150491136,0
564916720888868864,0
564917164683980801,0
564917726355808256,0
564917852881178625,0
564918230146228224,0
564918316213350400,0
564919146442280960,0
564921657240735744,0
564922920544133120,0
564923411399335936,0
564923921514786816,0
564924756512628736,0
564925317299453952,0
564925799183052800,0
564926223189413888,0
564932925653663744,0
564960026700152832,0
564960658785972224,0
564960956694790146,0
564961631432474624,0
564963749316923392,0
564964280890454018,0
565026623112499200,0
565026888490307584,0
565027381723660288,0
565028006842744832,0
565028814414024704,0
565028979237605376,0
565029154194612226,0
565029605250064384,0
565029767708033024,0
565029949908590592,0
565030133371633664,0
565030400217452544,0
565030494190841856,0
565030714815442944,0
565030811380887552,0
565031327003443200,0
565031658613510146,0
565032441916579841,0
565032549466910720,0
565033010752286721,0
565033130545803265,0
565033384234086401,0
565033582716928000,0
565033709804347392,0
565034013341937664,0
565034159853166593,0
565039587353841664,0
565039629691125761,0
565039853499195392,0
565040050660859905,0
565040094310965248,0
565040314873053185,0
565040524533329921,0
565040685275807744,0
565041060028502016,0
565041169826979840,0
565041227897139201,0
565041328174546944,0
565041680231829505,0
565042095069466625,0
565042359285469185,0
565042535739834368,0
565042620326363136,0
565044276644438016,0
565086920380669952,0
565086980094963713,0
565087778925338624,0
565090191371542528,0
565091498790617088,0
565094842561085441,0
565094991370788864,0
565095160426401792,0
565096417463500801,0
565097316181229568,0
565100076402343936,0
565100625076027392,0
565100693996834816,0
565100926759743488,0
565103227008339970,0
565214798388789249,0
565216241988554752,0
565228722622857216,0
565228881926320128,0
565229035735613440,0
565320643731025920,0
565320725826117634,0
565320747581984768,0
565320756423577605,0
565320815114473472,0
565321299996995585,0
565321371920891904,0
565321739618775040,0
565322006837882880,0
565322076714967041,0
565322827084337152,0
565323124657635328,0
565324410790641666,0
565325180441206784,0
565325846932897793,0
565326073853124609,0
565326731658395654,0
565326921010274305,0
565327034852073472,0
565327313513234432,0
565327566719180800,0
565327689557745666,0
565327857791279104,0
565328067942678528,0
565328198058385408,0
565342514220384256,0
565342762682556416,0
565342773436760064,0
565343086185054209,0
565343380147019776,0
565343842489335808,0
565344062723874816,0
565344549426700291,0
565345115750035458,0
565345170351480832,0
565345273803993089,0
565345814667862017,0
565346006360129538,0
565346174484611073,0
565346506040160258,0
565346772575600641,0
565346833510432771,0
565346942839193600,0
565347516603203586,0
565347600149516288,0
565347708031209475,0
565351624085094401,0
565351786144600064,0
565352397447643136,0
565352905117827072,0
565353393955565568,0
565353475065008128,0
565353807149010945,0
565359433686208512,0
565359542352220163,0
565359859752009730,0
565360715880726528,0
565361171034013696,0
565361619572899841,0
565361801387606017,0
565362000126283776,0
565362290674139138,0
565362363722117124,0
565362757823115265,0
565363064510636032,0
565363377309241344,0
565363574684778498,0
565363897289682945,0
565363971109449729,0
565364942531207170,0
565364984977559553,0
565365012357971968,0
565365084957204480,0
565365278138458112,0
565365922299662336,0
565366785487409152,0
565367033676963841,0
565367506190471169,0
565368038309244928,0
565368094542274560,0
565411026771120128,0
565411171365572608,0
565411306736717824,0
565411914944380928,0
565411975866630144,0
565419885283790848,0
565420092612431873,0
565420147767537665,0
565425408666259456,0
565437981469999104,0
565438328510881793,0
565438533331320832,0
565438983422107648,0
565439264708886531,0
565439549007233024,0
565439885574950913,0
565440537915047936,0
565527992622153729,0
565528202077278209,0
565529197251407872,0
565529500143083521,0
565529833623810048,0
565530089853837313,0
565531051137978370,0
565531775401996288,0
565541451892002817,0
565541540651884545,0
565543295976488960,0
565543593025495040,0
565544415050342401,0
565556371752382466,0
565558193636388864,0
565558732109529089,0
565559415718154240,0
565560626525634560,0
565583416884994048,0
565585934234943489,0
565586175864610817,0
565593365245612032,0
565594602502369280,0
565594798095364097,0
565595084482416640,0
565596079027400705,0
565596181284536321,0
565599072774811649,0
565599287040831490,0
565600270496047104,0
565601205846814720,0
565601889082146819,0
565603077278154753,0
565603809427480577,0
565607624587358208,0
565609560137035778,0
565617867786584065,0
565622228747034624,0
565622530346868736,0
565622812841635840,0
565622962565701632,0
565623027241869312,0
565624055697793025,0
565637119625138177,0
565637657674674177,0
565638426968752128,0
565639202654937089,0
565639522466422785,0
565639951908626432,0
565640127943565313,0
565640457586475009,0
565640743730282496,0
565641237114667012,0
565641571069337601,0
565657983544479745,0
565658177908527104,0
565662422137315328,0
565662521500393472,0
565662609819860992,0
565666971312996352,0
565667067211571200,0
565675940257476609,0
565679101621837824,0
565682462895116288,0
565682967939661827,0
565683663015522304,0
565692840907644930,0
565693230877278209,0
565748219720654848,0
565749124738600963,0
565749343706419200,0
565751656370171904,0
565751809160265728,0
565752084495368192,0
565752781404139520,0
565753771696070656,0
565754223963684867,0
565754810700693504,0
565755005173768192,0
565755092125888514,0
565755662349901825,0
565755824858226688,0
565755891144982529,0
565755948334329858,0
565756148159369216,0
565756844573204480,0
565757280483028992,0
565757454223687680,0
565757787234631680,0
565757954671251456,0
565758021037719552,0
565758408947937280,0
565758806240817152,0
565759333041176576,0
565759467594461184,0
565759548678737921,0
565760368958799872,0
565760430325661696,0
565760496163643392,0
565760876490551296,0
565761015686889472,0
565761180011356160,0
565761296264859649,0
565761556693385216,0
565762380328869888,0
565762827244560384,0
565763032010469376,0
565763294519361536,0
565764107379683328,0
565765158031859712,0
565765241922134016,0
565765255108628480,0
565765275971514368,0
565765296045457408,0
565765326223462400,0
565765417806086144,0
565765431240454145,0
565765711310909440,0
565955239183147008,0
565955325380284416,0
565960092030623744,0
565960248910151680,0
565961055671963649,0
565961202866876416,0
565961316725436416,0
565962094198018049,0
565962231297617923,0
565962471480238082,0
565963039808442368,0
565963146259877888,0
565969867795599361,0
565970350740344833,0
565970806078177280,0
565977437226684417,0
565977970339479552,0
565978199767912450,0
565978324896583680,0
565980275654803456,0
565980398514372609,0
565980553972051968,0
565980595185283074,0
565981085478449152,0
565981461501976577,0
565981659359494144,0
565981669069684736,0
565981749122199552,0
565981950130008064,0
565982888278392833,0
565983092595507202,0
565983379758530560,0
565983822899343360,0
565984082077945856,0
566000959244218369,0
566042436007636992,0
566049094628827136,0
566049326754177024,0
566050030508077056,0
566063982692544512,0
566064083183894528,0
566064528673484801,0
566064722198679553,0
566064824699076608,0
566065216279306240,0
566067783457591297,0
566069269084262401,0
566069425405972481,0
566070438120673280,0
566070494517293056,0
566070639837347841,0
566072331127492608,0
566089237296984064,0
566090271327129601,0
566090668422873089,0
566307407316647936,0
566307751669018625,0
566308144885010432,0
566309357252780032,0
566310618526150656,0
566311007916916737,0
566312146037129216,0
566314154878070784,0
566314384839159808,0
566314575055052800,0
566315048180936705,0
566315443309522944,0
566315533726126081,0
566315686587564032,0
566315909745508352,0
566317770431012864,0
566320147720581120,0
566320192079556608,0
566321138520059905,0
566335194760638464,0
566336114223378433,0
566350646853378048,0
566380836044296194,0
566381472068550657,0
566382658347728897,0
566382991497101312,0
566383399565156352,0
566383483707068416,0
566386000994115584,0
566426331479814144,0
566427685183045632,0
566429541145772033,0
566432510591377409,0
566435600933613569,0
566443446089842689,0
566445719817818112,0
566446882059476994,0
566451445298634752,0
566451737834569728,0
566461432922128385,0
566462175053508608,0
566464016907001856,0
566466650862813184,0
566467902870925312,0
566475622910664706,0
566476047936262144,0
566476411913773057,0
566476597138423808,0
566476999787417600,0
566477123024846849,0
566477443318304768,0
566478044630507520,0
566478129871335425,0
566478224092188673,0
566478352844722176,0
566478868668637186,0
566479391098957824,0
566489603310239744,0
566492055451365376,0
566492717639688192,0
566493613991800834,0
566640982910062593,0
566641187269120000,0
566641356425396225,0
566642909840437249,0
566643104200282112,0
566643240263507968,0
566643465304670209,0
566644670659178496,0
566645904527339520,0
566650436988719104,0
566650540567048192,0
566650767701192704,0
566650928410165248,0
566651142990757888,0
566657650122035200,0
566657679503138817,0
566660013180325888,0
566662752471891969,0
566663080638414848,0
566664388518899712,0
566667312875335680,0
566667402084376576,0
566667591461384192,0
566667987261095936,0
566668075450130433,0
566668233869361155,0
566668356850552833,0
566670267636654080,0
566673435632230403,0
566673604276789248,0
566674362380476416,0
566674674919022592,0
566700479606816768,0
566715550143758337,0
566716494696837120,0
566717344680910848,0
566717810751991808,0
566725901959061504,0
566726121497329664,0
566726425756327936,0
566726571990736896,0
566727230530015232,0
566728296675950592,0
566763691723350016,0
566766233526468609,0
566766581024559105,0
566766987083526144,0
566769962191421440,0
566770040620728321,0
566776650621526016,0
566779836044419072,0
566780275116752896,0
566782677886697472,0
566783166170812416,0
566784997282299904,0
566785055444697088,0
566785113225449472,0
566785283354796032,0
566785479094583297,0
566785695625523201,0
566785830946361344,0
566789174754549760,0
566789261425668096,0
566792700272189440,0
566792894283935744,0
566793157983993857,0
566794220669636609,0
566795722964869121,0
566797019600392192,0
566798565587300352,0
566807288380284928,0
566809668467449856,0
566829120223322112,0
566834421186039808,0
566834618003755009,0
566834956236648449,0
566835251968626688,0
566835436002099202,0
566835606823501824,0
566836446774829056,0
566837194971561985,0
566837241335398400,0
566840889629089792,0
566841433185734657,0
566842632978980864,0
566843553783894016,0
566850979488751617,0
566851583300743168,0
566851614065971200,0
566989489159933953,0
567020719913967616,0
567024661196578817,0
567025143424106497,0
567025313104670720,0
567026017114394625,0
567026133837676544,0
567026254063214592,0
567026468463468544,0
567026970169315329,0
567027056467128321,0
567027400689475584,0
567027825132068867,0
567027918656663552,0
567027996196741120,0
567029339561021440,0
567029463104253952,0
567031239597514755,0
567031346854244352,0
567031448700338176,0
567031821192265728,0
567044960730349568,0
567046432679424000,0
567046485141753856,0
567047586515677185,0
567047758507290626,0
567047997993660416,0
567050289983668224,0
567066162135982080,0
567066228808634368,0
567066348660871169,0
567066551266709504,0
567066650176782337,0
567066711879200768,0
567066849393639424,0
567067749675855872,0
567067942236340224,0
567068028186001408,0
567068167906676736,0
567069224086958080,0
567069610768224256,0
567069786404712448,0
567071591922548736,0
567072394926243840,0
567072473288433665,0
567072582516502528,0
567076069342081024,0
567076164896686080,0
567076731320692736,0
567077201216937984,0
567077555551735809,0
567077588435079169,0
567078330994667520,0
567078394458677248,0
567078680682188801,0
567081359827402752,0
567086352227790851,0
567086711201476608,0
567086894094118912,0
567087036884979713,0
567087489110650880,0
567088353615433728,0
567089138776563713,0
567089204165750784,0
567089475247800320,0
567089682509344769,0
567089773441871872,0
567090167765143552,0
567090519986036736,0
567090657311735810,0
567090838153347072,0
567090901365706753,0
567091352890920960,0
567091711017381889,0
567091961547350016,0
567104525274583040,0
567110489067372544,0
567113598141358080,0
567114157611175936,0
567115021935579136,0
567142274614579200,0
567341700134096896,0
567341810725302272,0
567342321922879489,0
567342670947696640,0
567342816947232768,0
567343044945399809,0
567355085823299585,0
567355272843124736,0
567355401356599296,0
567355729862868992,0
567359402546434049,0
567613019929079810,0
567613868298358784,0
567830585789444096,0
567830903503777792,0
567831584490983424,0
567832219047235584,0
567832728332181504,0
567833448775163904,0
567833561127997440,0
567833744360349696,0
567834126415306752,0
567834472923570176,0
567834530612006912,0
567834627664060416,0
567835018292142081,0
567835583092924416,0
567835666479861760,0
567835937444532225,0
567836427515371520,0
567838013754994688,0
567840000244498432,0
567878888438628352,0
567887859580928000,0
567888104968704000,0
567888662752403456,0
567888814271627264,0
567889244540137472,0
567889401000239104,0
567889678029885440,0
567890533852426240,0
567899605511184385,0
567900020776677376,0
567908989075206144,0
567937595390300160,0
567938097700167681,0
567939243340734464,0
568114648995606528,0
568117017867202560,0
568117523859640320,0
568121464307597312,0
568121529910734848,0
568130142079315968,0
568130839982157824,0
568132033215475712,0
568136950227419137,0
568137044095930368,0
568140785947774976,0
568141541954314240,0
568143308733562880,0
568144401601396736,0
568144707064176640,0
568145111294427137,0
568145454363332608,0
568146168196173824,0
568146753918074880,0
568150813404573696,0
568177694342393856,0
568178036694077441,0
568178657279102976,0
568178911516889088,0
568179454326935552,0
568182134801707008,0
568183775047233536,0
568185949676441600,0
568186172368764928,0
568187892742295552,0
568188425318174720,0
568189126379319296,0
568189637857910784,0
568189828216410112,0
568190780801617920,0
568191572170244097,0
568191765963911168,0
568191892170502144,0
568196487957463040,0
568197836698816512,0
568198323741409280,0
568198756841037827,0
568202151110946816,0
568202432452231168,0
568202760270712832,0
568202896291930113,0
568203620568547328,0
568203742031392768,0
568212489411756033,0
568212707331018754,0
568216291967807488,0
568224199224860672,0
568227556152848384,0
568227621554688001,0
568227670376345600,0
568229001338073088,0
568229111367213056,0
568229346084667392,0
568230682536730625,0
568230747045122048,0
568231522169266176,0
568231567698472961,0
568231997060947968,0
568265489878642689,0
568267447087689729,0
568267536569114624,0
568267606743912449,0
568268221905661952,0
568270165093191680,0
568272058074804225,0
568273208903737346,0
568273446284562432,0
568273704192311297,0
568273887445659649,0
568273932949655552,0
568274553903788032,0
568274686271885312,0
568274790361886720,0
568281248038195201,0
568281657762918400,0
568291573475078145,0
568292455063244800,0
568300748125024256,0
568301106394083328,0
568301299831189504,0
568301946613792768,0
568302340156973056,0
568302538312650752,0
568302681376186369,0
568316521694371840,0
568316872484986880,0
568317084184084480,0
568317293689593856,0
568317538875998209,0
568319446671949824,0
568319995857342465,0
568320059375882240,0
568323578313048064,0
568323655370846209,0
568323876372881408,0
568428753170202624,0
568428904865599488,0
568428992958590976,0
568429176576872448,0
568429584590331904,0
568429862085480449,0
568432767060418560,0
568432961571287040,0
568433395388137472,0
568435395937095680,0
568436195966889984,0
568436453195145216,0
568437545794555904,0
568438895009865729,0
568439718435688451,0
568440494742573056,0
568441533453590528,0
568441747379867648,0
568443276065263617,0
568443357925482496,0
568443777402011649,0
568444018083770368,0
568444090989150208,0
568444627973332992,0
568445483561009152,0
568449165107204096,0
568449670684348416,0
568450362887139328,0
568450588087701505,0
568450752953233408,0
568450936139436032,0
568451167287513088,0
568451751130476544,0
568453889583788032,0
568453970718359552,0
568454235441926144,0
568454480896720896,0
568454659532173312,0
568454964126695424,0
568455224429387776,0
568455371297128450,0
568455676889944064,0
568455802383511552,0
568455999931047936,0
568456361052213248,0
568456509421518848,0
568456747167252480,0
568457526246666240,0
568459999833235456,0
568460309876199424,0
568460383108726785,0
568463749784301569,0
568466698795233280,0
568466716843335680,0
568466749965750272,0
568466851539259392,0
568467954553081856,0
568470413589626881,0
568476033390940160,0
568489526764675074,0
568489551871799297,0
568552487956795392,0
568552552037363712,0
568555477631512576,0
568663401657864192,0
568664285515116544,0
568664766194954240,0
568666346831024128,0
568666374693728256,0
568666819877146624,0
568667078477000704,0
568667193300246528,0
568667484552704000,0
568667538495651841,0
568667585551548416,0
568667737699938304,0
568667873201164288,0
568668058912362497,0
568668271500607488,0
568668427600031744,0
568668939045048320,0
568668986352619520,0
568669339089383426,0
568669828317200385,0
568670405373734912,0
568670504883589120,0
568670868030627840,0
568671201653977089,0
568671555313512448,0
568672012215795712,0
568672248636129282,0
568672995708784640,0
568673232821170177,0
568673469535105024,0
568673584064782337,0
568674165852499968,0
568674389908004864,0
568674602848616448,0
568674999189381122,0
568675222561247232,0
568675397476315136,0
568677788040867840,0
568803384238583810,0
568803754180390912,0
568804046422691840,0
568804260747419648,0
568805060144029696,0
568805174216491008,0
568805757417758720,0
568806715098951680,0
568806969726734337,0
568807454902890496,0
568808279167475715,0
568808545832935424,0
568808845742444544,0
568809169072992257,0
568809491317153792,0
568809737979961344,0
568810062178680832,0
568810230307360768,0
568810358086848512,0
568813668894253056,0
568813805200809984,0
568814674310901761,0
568814905609973762,0
568815297899077633,0
568815408859361280,0
568816547818393600,0
568820563772198912,0
568820588212387841,0
568820924855615489,0
568821274127917056,0
568822167988600832,0
568823926303797248,0
568824056054571009,0
568824252389916673,0
568825114759798784,0
568825637424599040,0
568825969517027328,0
568826121153683456,0
568837910532722688,0
568838568426078208,0
568838844654596096,0
568839161014136832,0
568839622899290112,0
568840671248850944,0
568846600539209728,0
568847076626276352,0
568848293486133248,0
568851056056143872,0
568854203835088896,0
568854408487784448,0
568856424802942976,0
568857874941652992,0
568858353478148097,0
568858881549426688,0
568859382751952898,0
568859493632602112,0
568859600541192192,0
568859851717156864,0
568860062833205248,0
568860239535038464,0
568860629819195392,0
568860994132250625,0
568861035999985665,0
568861170414657536,0
568861495179612160,0
568872860522975234,0
568872909017468928,0
568873857383161856,0
568874064422371328,0
568874661317996544,0
568875227456761857,0
568875508223516672,0
568875785974493184,0
568876441384804352,0
568877042072039424,0
568880124860325888,0
568905157951361024,0
568905419390758912,0
568909797526937600,0
568911077531996160,0
568911187611484160,0
568911427035013120,0
568915358691627008,0
568995536713310208,0
568995555331805184,0
568995563066118144,0
568995587682492416,0
568995595009961984,0
568995724832038912,0
569008759646728192,0
569008974734823424,0
569009239894568960,0
569009300611280896,0
569009903454388226,0
569010093578018817,0
569010167427129344,0
569010451872219137,0
569010523578085376,0
569011004182388736,0
569011422396424193,0
569011929122893824,0
569012273164865536,0
569012908211834880,0
569013477336969216,0
569013664293855232,0
569015083721818113,0
569015253649854464,0
569019597761880064,0
569044965075980288,0
569045928478273536,0
569049705360936960,0
569050285546405889,0
569056186567274496,0
569174207860383744,0
569174334381535233,0
569174560978792448,0
569174719888388097,0
569174903947014144,0
569176105258651648,0
569176414999588864,0
569176881787858944,0
569177003644964864,0
569177151892639744,0
569178053206609920,0
569178186367438850,0
569178474826452992,0
569178614794575872,0
569178754766864384,0
569178870202519552,0
569178990734225409,0
569179037404262400,0
569179269353644032,0
569179379466506242,0
569179426992164864,0
569179609356328961,0
569179891746222080,0
569180224283226112,0
569180674428522498,0
569180902695137280,0
569181131192422401,0
569181233663442945,0
569181332661673984,0
569181915514740736,0
569181952424562688,0
569182264648540160,0
569182443057520640,0
569183063806095360,0
569183665088888832,0
569183790364368896,0
569184919068352512,0
569185098739757056,0
569185213164625922,0
569185331230035969,0
569185420287684608,0
569185588076679168,0
569187025288450048,0
569187164279345152,0
569197757543501824,0
569199571353493504,0
569199878632378368,0
569200287145021440,0
569200611415035904,0
569201065440124928,0
569201471784222720,0
569201849229664256,0
569201917429022720,0
569202077714419713,0
569202357428297729,0
569202720948621312,0
569203483934478336,0
569205584106381313,0
569206743906930688,0
569219530464997378,0
569223030506803201,0
569223726006276096,0
569224391914967040,0
569224541366394881,0
569235019119652864,0
569236278882873345,0
569324508512854016,0
569325030481338368,0
569336261489532928,0
569336431186874368,0
569336537877323776,0
569598938577117184,0
569599467386580992,0
569604384675336192,0
569604608848367617,0
569604981617090560,0
569605035505512448,0
569605175318425602,0
569605731386728449,0
569605936882413568,0
569608657731592192,0
569608749641388033,0
569611861953392640,0
569612068136964096,0
569612211657646080,0
569612419418300416,0
569612886722486272,0
569613084936908801,0
569614036268027904,0
569614288890916865,0
569614400677490688,0
569615114405486592,0
569615622142734336,0
569616168429821952,0
569617240733011969,0
569617459713478657,0
569617645269487617,0
569618549691457537,0
569618931247292417,0
569619241286021120,0
569620002862530560,0
569622642027732993,0
569623928592662528,0
569623979553480706,0
569624719202263040,0
569624773719777280,0
569625666582216704,0
569628296167559168,0
569629006913384448,0
569629220206305280,0
569632316454084608,0
569632588026945536,0
569633039396896768,0
569633143851913216,0
569633299284406272,0
569633881374093314,0
569634110211141633,0
569634723108032513,0
569635008178036736,0
569635672560005121,0
569708007635857408,0
569714412908474368,0
569714822536765441,0
569714902635401216,0
569715570699927552,0
569722190456713216,0
569725242232299520,0
569726232054476800,0
569742099442069504,0
569742377553776642,0
569742579039756288,0
569742963816837120,0
569743062655639552,0
569743778677858304,0
569743990897057792,0
569744134665146369,0
569744463670566913,0
569753635795570689,0
569753980227551233,0
569898001868525569,0
569898227425607680,0
569898520875905025,0
569898813625802752,0
569900219598401536,0
569900504072921088,0
569900635790843904,0
569900715902021633,0
569900933271785472,0
569901052859822080,0
569901101165621248,0
569901166407979011,0
569901475058421760,0
569901707787792387,0
569901967431962624,0
569902149942923265,0
569902791201697793,0
569904534622851073,0
569905866930982912,0
569906005250695168,0
569906163896033280,0
569906407627038722,0
569906526455930880,0
569906663072751616,0
569907031273967617,0
569907279052431360,0
569907449391554560,0
569908049558659072,0
569908821688082433,0
569911060611727360,0
569911381266296832,0
569911659944222721,0
569911982180081664,0
569912209926533120,0
569912308538871809,0
569912822504689664,0
569914829294579712,0
569914937801183232,0
569916467124137985,0
569943167639777280,0
569953538178035712,0
569953808274468864,0
569954478553608192,0
569954611135557632,0
569954732745187328,0
569954912181682176,0
569955739722059776,0
569956232993181696,0
569956626544730112,0
569956870510637056,0
569957017655226369,0
569957053340393472,0
569957467112611841,0
569957732272308224,0
569957775289118720,0
569958239619518464,0
569959263415635968,0
569959682275540994,0
569959870507585537,0
569962046848000000,0
569962279686443008,0
569962436914053120,0
569962646922854400,0
569962882848333824,0
569967307193065473,0
569995975046991872,0
569996319198027776,0
569996634832003072,0
569997788802449410,0
569998319449038848,0
569998379914125313,0
570000162535288832,0
570001576040902656,0
570018879415541760,0
570024742658318337,0
570041422776176641,0
570042270453334017,0
570053569631506432,0
570053765102854144,0
570054529112100864,0
570054661509492737,0
570055168961613824,0
570055288872521728,0
570056440297074688,0
570057784588247040,0
570058016185131009,0
570078416076083200,0
570095648952819713,0
570105655886946305,0
570144224978415616,0
570417360881913856,0
570417661672206336,0
570418498293248000,0
570418744003948547,0
570418770373513216,0
570424887027703808,0
570425514101354497,0
570427978741460993,0
570431949640044544,0
570432231551799297,0
570448383938203648,0
570459602682294272,0
570459679928819712,0
570460235598573569,0
570617635651461120,0
570619509423235072,0
570620699166912512,0
570621064834723840,0
570622139650289664,0
570624955525656577,0
570629829382377473,0
570630322657718272,0
570630487397412864,0
570653131903623169,0
570653588847853568,0
570654564753371136,0
570656444392935424,0
570659644483305472,0
570667827604156416,0
570671217868447744,0
570671267822616576,0
570671729506439168,0
570689675670790144,0
570692845293703168,0
570693273272115201,0
570693321678409729,0
570697453676191744,0
570701642724716545,0
570702702390292480,0
570703407830294528,0
570703619697192960,0
570705924836323328,0
570716827015192576,0
570735597301604353,0
570737882677186560,0
570739935436607488,0
570746024735547393,0
570782640837513216,0
570785570756038656,0
570785689723228160,0
570785998398836736,0
570786121078026240,0
570787026372399104,0
570787142714028032,0
570787491906596865,0
570792502531219456,0
570792570856427520,0
570792783016886272,0
570792844077588480,0
570793984596901888,0
570794115522105344,0
570794268916215808,0
570794646567170048,0
570797748309647360,0
570797934972768257,0
570799694852399104,0
570802609008746496,0
570809044069298176,0
570810916968669184,0
570811039270309888,0
570811117099884544,0
570811251707633664,0
570812007919661057,0
570814133320310784,0
570814936219127809,0
570815652379762689,0
570815993842311168,0
570816211115618304,0
570816565169430528,0
570816803741396993,0
570817595537907712,0
570818326789664768,0
570818468989116416,0
570818696102293505,0
570818803489091584,0
570819024373698560,0
570819342046138369,0
570819433112817665,0
570819988052770816,0
570820486080307200,0
570820563557490688,0
570823659897487361,0
570827074778238976,0
570830553177411586,0
570830672094318592,0
570831056028327936,0
570831827767726082,0
570831891370082304,0
570833414099595264,0
570833538926292993,0
570833847836758016,0
570834134030888960,0
570834361085358083,0
570834618946990081,0
570834831648497664,0
570835026327179265,0
570835229386018816,0
570835371207962624,0
570838020816900096,0
570839067086032896,0
570839488253046784,0
570843346056249344,0
570843554609672193,0
570843886693650432,0
570844112057815040,0
570844275153326080,0
570844934518865921,0
570845958428188672,0
570846153845002240,0
570846212737249280,0
570846823222345729,0
570847322139045889,0
570847540561588224,0
570848702903889920,0
570848858709762048,0
570848898966630400,0
570849223656148992,0
570849389591162880,0
570850503002730496,0
570850643755159552,0
570850700969648128,0
570978106439118849,0
570978771462782976,0
570980055960178688,0
570980229713260544,0
570989243067019264,0
570989435287764994,0
570989974926925825,0
570990115696218112,0
570990261473406976,0
570992333887418369,0
570992592084561921,0
570992871211274242,0
570993019077283840,0
570993039256133633,0
570993190724964352,0
570993273327587329,0
570993492337434624,0
570993733509865472,0
570993823553187841,0
570994002490556417,0
570994103732674560,0
570994227129094145,0
570994383450808320,0
570994466590314496,0
570994573981265920,0
570994615710457856,0
570994652993556481,0
570994740797132800,0
570994808061186049,0
570995149813084160,0
570995351064162304,0
570995490591895552,0
570995735996469248,0
570995931610374144,0
570996215468335104,0
570996437409865728,0
570996484776136705,0
570996499791785985,0
570997249846571008,0
570997418843463680,0
570998033321586689,0
570998103873957889,0
571000078405537794,0
571000231334031360,0
571000368437395456,0
571000706993299456,0
571001349376069632,0
571004208280784897,0
571004298860998657,0
571004380968660992,0
571004589849251840,0
571004780513873920,0
571005502794002432,0
571005653080109057,0
571006066994999297,0
571006220451991552,0
571006520239923200,0
571006672295960577,0
571009795399876608,0
571012280072056832,0
571013462744109056,0
571016390703841280,0
571033583285985281,0
571034250708799489,0
571035308080238592,0
571035328384884736,0
571035370000769024,0
571035400141058048,0
571035754974961665,0
571035896096501762,0
571036097666420736,0
571036742473551872,0
571036820219129858,0
571038476650594304,0
571039257051033600,0
571039314114555905,0
571039506985398272,0
571082975959347201,0
571083676177444864,0
571083734918696960,0
571083855819440129,0
571090616311873537,0
571105104310325248,0
571105380945698817,0
571107775062781953,0
571109829156036608,0
571120991100735488,0
571130949330558977,0
571131820244209664,0
571132758531055616,0
571135834478415872,0
571136077437644800,0
571136525934551040,0
571136694004551680,0
571136764728840193,0
571137580609069056,0
571137932628598784,0
571138062693982208,0
571138276351823873,0
571138483789520896,0
571149463034527744,0
571150221477961728,0
571150272468090881,0
571152248316633088,0
571152915387166721,0
571153245457899522,0
571154692043972609,0
571154779168071680,0
571154839083683840,0
571155867430563840,0
571156101426597888,0
571156409087176705,0
571160003479937025,0
571160375439142913,0
571160653412433922,0
571162676673454080,0
571162745871020033,0
571166630710882305,0
571166731336421378,0
571169798391861250,0
571172240546361347,0
571173585147944960,0
571177138105098240,0
571179975497248768,0
571181169477185536,0
571349195610681344,0
571349878762156032,0
571350489649950720,0
571352024857518080,0
571354609622495232,0
571354908328206336,0
571355526589587456,0
571355676502437888,0
571356144762888192,0
571356347129671680,0
571356637291622400,0
571356874353696768,0
571356926828683265,0
571357235101609985,0
571357313514090497,0
571357434683338753,0
571357510579265536,0
571357699801092096,0
571358067549282304,0
571363344990359553,0
571387182293725184,0
571387301546188802,0
571392484686737408,0
571392675892449281,0
571392840267223040,0
571393408389873664,0
571394466830901248,0
571394698704654336,0
571395023754764288,0
571395254638632960,0
571395549930262529,0
571395695925600256,0
571396031298052096,0
571396112034062336,0
571396539613995008,0
571396951486263296,0
571399836441817088,0
571406834994520064,0
571406950438555649,0
571408348215513088,0
571415502142074880,0
571415989104955392,0
571416203261911041,0
571420497381949440,0
571421413384413184,0
571421615117840384,0
571422425222479872,0
571422590545170432,0
571424664867614720,0
571425513085874176,0
571426108249284609,0
571428359667757057,0
571430553985003520,0
571430630317121537,0
571430993883570176,0
571430999180972032,0
571440668813307904,0
571443070887047168,0
571443980124033026,0
571450044970201088,0
571450081880076288,0
571450233206362113,0
571450760552058881,0
571450882681757696,0
571451196377927680,0
571453783781175296,0
571454614710525952,0
571454735145771008,0
571456646699819008,0
571458455476703232,0
571458611299250177,0
571458787069984768,0
571458995266850816,0
571459510662885377,0
571459535807754240,0
571460265834774529,0
571460334675845120,0
571460613685145600,0
571460717305450498,0
571460915964440576,0
571461111079288832,0
571461464843644928,0
571461920596738048,0
571463114249535488,0
571473419599912960,0
571473651121319936,0
571473794130309120,0
571474478900756480,0
571475264019959809,0
571478633732182016,0
571479152974409728,0
571480207829286913,0
571485725880799233,0
571488626296553472,0
571489795672653826,0
571491962332684288,0
571497997508349952,0
571504582125207554,0
571505156325392384,0
571536332641603584,0
571569335602290688,0
571711991804370944,0
571712242976100353,0
571712340774662144,0
571712817302151168,0
571713686903001088,0
571714433996570625,0
571714646303879169,0
571714966136307713,0
571715154242506753,0
571715991060660225,0
571716258397216768,0
571716438282543104,0
571716531597389824,0
571717540713381888,0
571718191254134784,0
571718383810433024,0
571718508985262080,0
571718598537814016,0
571719166559797248,0
571719861518221312,0
571719926773239808,0
571720318550614017,0
571720451270950912,0
571721797818699776,0
571721931281457152,0
571723394229538817,0
571723447769808897,0
571723778754887680,0
571724402976415744,0
571725345637838850,0
571725523899969537,0
571725751138983938,0
571725914746142720,0
571725985244045312,0
571726569904840704,0
571726692768587777,0
571727524905938944,0
571727708004085760,0
571728249530658816,0
571728647796604928,0
571728759327309824,0
571728844735946752,0
571729034163318784,0
571729437995094016,0
571730366278443008,0
571731194536042496,0
571732147922329604,0
571733391919337472,0
571733600367857664,0
571733852302929921,0
571734594011021313,0
571734647949819905,0
571734785824989185,0
571739737368633344,0
571740177137184768,0
571740971920044032,0
571741266708312064,0
571741520618921984,0
571741797199659010,0
571741933233565696,0
571742086808018945,0
571742151786168320,0
571742421379256320,0
571742529021878272,0
571742791337816065,0
571742899940958208,0
571743168372162561,0
571746299797618688,0
571746494845304832,0
571749289996636160,0
571766975774392320,0
571767021324537856,0
571767135170523136,0
571767205609656320,0
571767339726708736,0
571772871367770112,0
571772971485802496,0
571773207679655938,0
571773316672843777,0
571795669611986944,0
571795696128376833,0
571837914541244416,0
571877274825322497,0
571877342215184384,0
572015605575892992,0
572015739411931137,0
572016020606468096,0
572279112905043968,0
572279223525621760,0
572279703815393280,0
572279967502893056,0
572280233925083136,0
572430412846243841,0
572441096820690945,0
572442015331323906,0
572451149522993152,0
572451753389645824,0
572452918969835520,0
572454431838482432,0
572454623224545280,0
572455458310496257,0
572467195269132288,0
572468292759232513,0
572489311620218882,0
572490037230628864,0
572493663357444096,0
572496097945395201,0
572501506882207746,0
572501695378276352,0
572501913029255169,0
572504458132758528,0
572511923238912000,0
572514232614301696,0
572514563461005313,0
572514840129896449,0
572576834048507904,0
572577632514007041,0
572577818900447233,0
572580788857913344,0
572581928907362304,0
572582820779978754,0
572582997586669568,0
572583123235442688,0
572591013606236160,0
572591020862517248,0
572591490049810433,0
572593396369395712,0
572599752388308992,0
572603801770700800,0
572604466169454593,0
572605017879793664,0
572607287090544640,0
572608579376562176,0
572670725942730753,0
572670852942049280,0
572671867569364993,0
572671924507000832,0
572672146368950272,0
572672657453260800,0
572680422443773952,0
572680726161694721,0
572683393122504704,0
572686440741523456,0
572854416031629313,0
572854854827167744,0
572855078358413313,0
572858659794898944,0
572859227397480448,0
572876876856705024,0
572877958441930753,0
572878340060684288,0
572878989464739840,0
572879749996888064,0
572880621770436608,0
572882745476571136,0
572883732106895364,0
572884274421972992,0
572884343154032641,0
572885780483317761,0
572886086680092672,0
572888526720638976,0
572888568768512000,0
572888609231011840,0
572900648431181824,0
572906168269455360,0
572906210711584768,0
572912115092086785,0
572912194964205569,0
572913092687863808,0
572917267358339072,0
572942312856137729,0
572943312455266304,0
572943528440930304,0
572947219717857282,0
572947377788592130,0
572947746488860672,0
572948043818913792,0
572954282904850432,0
572954398315433984,0
572962258441003008,0
572963678149976064,0
572968971009306626,0
572969310999613442,0
572969483234508800,0
572969813728894976,0
572969913142267904,0
572971287162720256,0
572971703027937280,0
572971855679660032,0
572971994498514945,0
572972139646623744,0
572973809969442817,0
573020985974124544,0
573021816026890240,0
573027489590607872,0
573028157688684544,0
573174601632514048,0
573178898650824704,0
573179518048964608,0
573180620500676608,0
573180732861886465,0
573180797445795840,0
573180997631537152,0
573181235607957504,0
573181838056816640,0
573182328727445504,0
573182511292919809,0
573182681053151232,0
573182718927745024,0
573182811298906114,0
573183337730215936,0
573183650881146880,0
573185687287042050,0
573188053692522497,0
573190685056233472,0
573194018743586817,0
573194380758147072,0
573195129235890178,0
573202014995283970,0
573203460654415872,0
573205916184522752,0
573206355516866560,0
573206727379820544,0
573208474361839617,0
573208596424491008,0
573208891141406720,0
573209244628959232,0
573209540612628480,0
573210239266250752,0
573210316621783040,0
573210447484088320,0
573211375540969473,0
573222323454529536,0
573222479360966657,0
573222525716467712,0
573222765957816320,0
573222886648893440,0
573223207106428928,0
573223313285251074,0
573223621973434368,0
573223808712249345,0
573223910596087808,0
573224002795139072,0
573224207326285824,0
573224347520921600,0
573224693496336384,0
573224848819814400,0
573225372176687105,0
573225606885724162,0
573225687248588801,0
573225939284320257,0
573226111443681280,0
573226429845909504,0
573226543448633345,0
573228185015357440,0
573243928863891457,0
573244067867332608,0
573244325376614401,0
573244503512907776,0
573244794832482305,0
573245069974618112,0
573245151679664128,0
573246882501148672,0
573247470781665281,0
573253466593751041,0
573256537675730947,0
573256705590444034,0
573263640066830337,0
573263695108702209,0
573263775274385408,0
573264145748893697,0
573265419626156032,0
573265516883648512,0
573265711163838464,0
573266250245144576,0
573266379882700800,0
573267318387523584,0
573268070182985728,0
573268322696876033,0
573268706010120192,0
573268960931528706,0
573269535844786176,0
573269883175096320,0
573270109084512256,0
573270309266038784,0
573270910729261056,0
573271437391233024,0
573271909242044416,0
573275826478661632,0
573276175599980544,0
573277464601894913,0
573277610932756480,0
573277951451533312,0
573278017415327744,0
573278039473168384,0
573278057869361153,0
573278071106637824,0
573278090886922240,0
573278101309796352,0
573278487068323841,0
573280132279873536,0
573281414008864768,0
573281647367344129,0
573281842557669376,0
573282174184513536,0
573282529022640128,0
573282600300621824,0
573282747805929472,0
573282957160415232,0
573283368072159234,0
573284592825737217,0
573284673008234497,0
573289944111702016,0
573290080170737664,0
573290252304965632,0
573290407993294849,0
573291746659999744,0
573293696575152128,0
573304968062636033,0
573305240772059136,0
573308139866607616,0
573309270055383040,0
573309603305283584,0
573312455163527168,0
573314530614239232,0
573314788064817152,0
573316845408669696,0
573318120145698816,0
573320356162760705,0
573320412735541249,0
573323809370976256,0
573325030735527936,0
573350823314386944,0
573366540063535105,0
573371004858183680,0
573372526186786816,0
573372965938569216,0
573373336761212928,0
573373584422281217,0
573387334093180928,0
573387929713696768,0
573388176770785280,0
573389271437983744,0
573395089969434625,0
573401485653905410,0
573401730781597697,0
573401844841508864,0
573402516269883392,0
573402624629739520,0
573402677532491776,0
573402807648165889,0
573402852057456640,0
573404295493644289,0
573405870224121856,0
573494283942019072,0
573497515187683328,0
573501953541439489,0
573502330273820672,0
573502904788615168,0
573506616374382592,0
573507208807247872,0
573507900557033472,0
573547851449421824,0
573551727707717632,0
573552119447314432,0
573552950028541952,0
573553029904928768,0
573554519839105024,0
573554685073731584,0
573554892595290112,0
573555193855389696,0
573555572508753920,0
573555930178064384,0
573556915826860033,0
573557384825597952,0
573564586449768448,0
573568021882540033,0
573568552319373312,0
573569551494877184,0
573577913141829633,0
573578164863025152,0
573578485588869120,0
573578614706327552,0
573578768209440768,0
573578918512365568,0
573582198533574656,0
573582494328446977,0
573582547902312449,0
573587423520653312,0
573587498091159552,0
573587749569101824,0
573588451536203776,0
573588543081066497,0
573588761503625216,0
573589073639514112,0
573589175171072000,0
573589316032552962,0
573589885501640704,0
573590592808050689,0
573591043553165312,0
573591455106621441,0
573591593044742145,0
573591791775055872,0
573592038861508608,0
573592560502898688,0
573592835468849152,0
573593072577089536,0
573593457056292864,0
573593686841253888,0
573593816881491968,0
573593965800226816,0
573594071442182144,0
573595977640103937,0
573596053053698048,0
573596069763792896,0
573596152093798400,0
573596258201268224,0
573597711355674624,0
573597992713744385,0
573598603609960448,0
573599222349496320,0
573602474608603136,0
573606803788816384,0
573614093141024769,0
573614855141224448,0
573614994891259904,0
573617589273800705,0
573620785664786433,0
573629781163409409,0
573629863468265472,0
573630060030099456,0
573630154871693312,0
573630268025667584,0
573630339035193347,0
573693832916664320,0
573693983798353922,0
573699050760884225,0
573700370574110721,0
573702320623517696,0
573702449099243520,0
573702531290808320,0
573703740017913856,0
573714067581337602,0
573718182097088512,0
573720991244808193,0
573721309680529408,0
573739419649204224,0
573745006575423490,0
573745296611536896,0
573745775567499266,0
573746055365332992,0
573747533383475201,0
573762651907448832,0
573763400460713984,0
573766406149390336,0
573768916415066112,0
573769281428656128,0
573769425561743360,0
573769582168637440,0
573769677278699520,0
573769828093198336,0
573770465635753984,0
573770498837872640,0
573772320222785536,0
573772648531955712,0
573772866467946497,0
573773582683148289,0
573773867593805824,0
573774019578568704,0
573774363264077825,0
573775094813589505,0
573775274153652225,0
573775437593059328,0
573775605621071874,0
573776008802795521,0
573776378434187264,0
573886392821907456,0
573887217321525248,0
573941043172769792,0
573941186508910592,0
573942433458737152,0
573943210608738304,0
573945750612238337,0
573946144746684416,0
573947089962434561,0
573947396054384640,0
573947615420682240,0
573947664074608640,0
573947753845293056,0
573948063930191872,0
573948678966108160,0
573949262087610369,0
573949506028371968,0
573950008967331840,0
573950056363003904,0
573950394008625152,0
573954256211849216,0
573954591814873089,0
573954693690355712,0
573975980500381696,0
573976560631345152,0
573981955760386048,0
573982128511176704,0
573982877022470144,0
573985038074712064,0
573985230358384640,0
573985517991145472,0
573985576652681216,0
573986107777376256,0
574057372974325760,0
574060236107022336,0
574065194852220928,0
574066226814676992,0
574066620311728128,0
574067465975627777,0
574070360347377664,0
574070802422738944,0
574071091225821184,0
574071896527888384,0
574072024701652992,0
574092041904201728,0
574101703462535169,0
574116637298688000,0
574261286122344449,0
574261589148205056,0
574268870636085248,0
574295125569884160,0
574295277776982016,0
574296209394827265,0
574297035127398401,0
574297913305661441,0
574298106222632960,0
574298169640554496,0
574298350062735360,0
574298576399945728,0
574300225931599872,0
574300359641845760,0
574300393041100800,0
574300526960975872,0
574300687313465344,0
574301684819628032,0
574309555913388032,0
574309788865134593,0
574309861451767808,0
574309955177684995,0
574310171289255936,0
574310253501640704,0
574310573271187456,0
574311189863235584,0
574311332838703104,0
574312186757038080,0
574312275315552256,0
574317319259693056,0
574321943005937664,0
574358572236161024,0
574360374302019584,0
574361372047241216,0
574362069283164162,0
574362181761794048,0
574362269519249408,0
574362487333609472,0
574362727562407936,0
574363021230780416,0
574364402620633088,0
574364504496078849,0
574364592404463616,0
574364992373293056,0
574365259072307200,0
574365544893186048,0
574365847130497024,0
574366621751361536,0
574368664419368960,0
574378366754643968,0
574385049820233728,0
574385812143374336,0
574385973821231104,0
574386379741749248,0
574386458775003138,0
574388861352046594,0
574388932009312256,0
574389267222282241,0
574389407802753025,0
574393777483202560,0
574393945255342081,0
574395614764490753,0
574395757584781313,0
574396027031044096,0
574406091842285568,0
574406292736888832,0
574406673546149888,0
574407059707334656,0
574407264125120512,0
574407379330031616,0
574407908433137664,0
574408058111066113,0
574408166575767553,0
574410414454218752,0
574410733259132929,0
574410915367399424,0
574410943100137472,0
574411662603644928,0
574412002501619712,0
574412230097117184,0
574417568229761025,0
574418157105868801,0
574421591930486784,0
574421837553143809,0
574422614950588416,0
574424805732040704,0
574425044589223936,0
574425443257950208,0
574425549835223040,0
574428068237996033,0
574428560422629376,0
574428659206897664,0
574432591014723584,0
574434357198241793,0
574445291471958017,0
574446388211154944,0
574446468460752897,0
574449722577965056,0
574456715615166465,0
574456791221727232,0
574457070725914625,0
574457464692678656,0
574457516093911040,0
574457946408538113,0
574458798959554560,0
574459143634821120,0
574460423396663296,0
574460700703260672,0
574460930404167680,0
574461145433538560,0
574461526272159745,0
574461956536426496,0
574462678854332417,0
574463599801827328,0
574464027369177088,0
574464306273615872,0
574464954960490497,0
574465046010449921,0
574466167521177600,0
574466691444252672,0
574466731579572224,0
574472193268060161,0
574474944509255680,0
574478442277695488,0
574604196177031170,0
574604415904055297,0
574605179141533696,0
574606296583925760,0
574606392490860544,0
574609803315544068,0
574645919662002176,0
574646203398385665,0
574646296444825601,0
574646435062419456,0
574646504708702208,0
574646679279788033,0
574647266885107712,0
574669562739884032,0
574695671241965568,0
574717516645269504,0
574845681988304896,0
574845879196065793,0
574888402077667329,0
574889025468698624,0
574950823941181440,0
574951234550956032,0
574951891051749377,0
574959241187852288,0
574959818521190400,0
574960153205698560,0
574960237167271936,0
574961334305046528,0
574961626169790465,0
574961750266638337,0
574962426094821376,0
574962550493728768,0
574965058125496320,0
574965234781179904,0
574965371788197888,0
574965520857849856,0
574965654152855554,0
574965784285290496,0
574966196602204160,0
574968587649069056,0
575020510150455296,0
575030936556843009,0
575075123557892096,0
575080651709247489,0
575081476003233792,0
575128461804621824,0
575147670320254976,0
575148343799640065,0
575155695080730624,0
575155907740352512,0
575156173529206784,0
575156376458039296,0
575156672789770242,0
575157058506354688,0
575157448153038848,0
575157597201784832,0
575165239509020674,0
575190224692584450,0
575190405118984192,0
575191025846607872,0
575341553507438592,0
575346247470477313,0
575346490966548480,0
575347321140969472,0
575348014904033280,0
575349385208274945,0
575352216384466945,0
575353100506152961,0
575353210954735616,0
575353351262629888,0
575353460356308993,0
575353504836923392,0
575353546452832257,0
575353613310164992,0
575353682063200256,0
575353762690301952,0
575353869938593792,0
575353902960283649,0
575355446124396544,0
575358837504389120,0
575380008685867010,0
575381459818541056,0
575381865151918080,0
575385893873152000,0
575416795386941440,0
575418717313462272,0
575424499203506176,0
575425508894097408,0
575426099183685636,0
575426165860499458,0
575426508937809921,0
575427221495549952,0
575428745982386176,0
575430001744420864,0
575430243613175808,0
575430426665201664,0
575430572144644096,0
575431309234868224,0
575433429036048386,0
575435642584223745,0
575443426960801792,0
575443531679973376,0
575443591595626498,0
575443642090835968,0
575443678392512513,0
575447021772931072,0
575447304603217921,0
575492541086236674,0
575525688771493888,0
575525729263304705,0
575526171653332993,0
575529084974931968,0
575533353367179264,0
575533592845160448,0
575533813222215680,0
575533894503632897,0
575543083372273664,0
575544108325978113,0
575545262938144768,0
575545766741147649,0
575546017606713345,0
575546120077733888,0
575708782983913472,0
575709025536380929,0
575709530501177345,0
575709859942789120,0
575710041266765824,0
575710271928303616,0
575710693304872960,0
575710979612266496,0
575711591506694144,0
575711823946588160,0
575715584186449920,0
575716741524889600,0
575718918565720065,0
575719308279468032,0
575720084523483136,0
575720624586293248,0
575721343586451456,0
575721546079076352,0
575723431431294976,0
575723672754741248,0
575725368260231168,0
575728442898956288,0
575728724999430144,0
575729159835615232,0
575730567854977024,0
575730686482472960,0
575730835007000577,0
575730981597937664,0
575731154373885952,0
575733227853324288,0
575733510461374466,0
575733850657189888,0
575735750185984000,0
575736222284259328,0
575737789808967681,0
575763554155917312,0
575764164557205504,0
575766862773911552,0
575767666691977216,0
575773130716639232,0
575773975457886208,0
575774117288267776,0
575774275715489792,0
575774727261700097,0
575774816684265472,0
575798797881622529,0
575805959735373824,0
575807031400996864,0
575808567942348800,0
575816367191953409,0
575816503078952962,0
575817352379564033,0
575818254863765504,0
575831242882441216,0
575835617034047488,0
575836156304080897,0
575846832623976448,0
575889939067465728,0
575890118117994497,0
575890404337287169,0
575891349704044544,0
575891364166037505,0
575891536950362112,0
575891575634460673,0
575891807873040384,0
575897009132953600,0
575897095997034496,0
575897479612248064,0
575898195034669056,0
575898910813609984,0
575910293353537536,0
576023685405917184,0
576023861373763587,0
576024176743440385,0
576024340166148096,0
576035486956789760,0
576039414406610944,0
576039708829978624,0
576041346412064769,0
576042045078306816,0
576046610892849152,0
576046743793590272,0
576047173722206209,0
576088906455642112,0
576089102530973696,0
576089368395304960,0
576089899566157824,0
576089993245937664,0
576090652741541888,0
576092092943847424,0
576092975467384832,0
576093734686760960,0
576093822435794944,0
576093909136244736,0
576094128997412864,0
576094714543247360,0
576094891865874432,0
576095118391787521,0
576095225371713537,0
576095545162219520,0
576095696069099520,0
576096981036052481,0
576097095523778560,0
576097413275897856,0
576099026866601985,0
576099263463067648,0
576099719136436224,0
576099852808933376,0
576100393127575552,0
576104877144723456,0
576120218373742592,0
576150973904633856,0
576152646593073153,0
576155351499735040,0
576158453418233856,0
576162944582467584,0
576164232439316480,0
576164772808261632,0
576165495583350784,0
576165719089360896,0
576166133729923072,0
576166336881029120,0
576166431919738880,0
576167649211633664,0
576167849242165248,0
576168001671561217,0
576168475846021121,0
576172147313278976,0
576172372018929666,0
576172846692507650,0
576177586226610176,0
576177737322225664,0
576178036942352384,0
576178489025388544,0
576178676619857920,0
576181116698124289,0
576181809823621120,0
576182347181088768,0
576182462683836416,0
576184066250178560,0
576184487932923904,0
576190185085374464,0
576191508044333056,0
576195056626888704,0
576197630734131200,0
576204659657818112,0
576221102604623872,0
576221790537551872,0
576221826017185792,0
576221857826750464,0
576222000546521088,0
576223055841796096,0
576234928351793152,0
576235444318310402,0
576235541978464256,0
576236487601082368,0
576237475615485952,0
576237825462431744,0
576239125537239040,0
576240365839077376,0
576248844230344704,0
576249230911664128,0
576250016974532609,0
576250667821477888,0
576250757558616066,0
576250812113903616,0
576250945794797569,0
576251013344010240,0
576251373911556098,0
576252105817604096,0
576252245924151297,0
576252364488732672,0
576252573046329344,0
576253395805167616,0
576253444685598720,0
576254038158622720,0
576254911177891840,0
576254945768288257,0
576255010910023680,0
576255821941587968,0
576255962429820928,0
576397378883756032,0
576397915049975808,0
576398258555092993,0
576408604929961984,0
576412012323807233,0
576412723568721920,0
576412848877760512,0
576413268694044672,0
576414691733303297,0
576414857571926016,0
576414926807248896,0
576417131228610562,0
576421957698097152,0
576422042993451009,0
576422273713729536,0
576422328180981761,0
576422358241574912,0
576422452173017088,0
576422567533137921,0
576422708138807296,0
576422824501379072,0
576424651775041536,0
576430151044620289,0
576430172771082240,0
576430495308730368,0
576435630395170817,0
576436204482117632,0
576438786688557056,0
576440184285220864,0
576440676625174528,0
576462138073448448,0
576462331556691968,0
576462527095128064,0
576463632969523200,0
576463714410364928,0
576463772568551424,0
576464027779395584,0
576464244834590720,0
576464354188509184,0
576464697316130816,0
576464759282741248,0
576465402491973632,0
576465763273326592,0
576465833028755456,0
576466332754956288,0
576466560895709184,0
576466830778216448,0
576467503108358144,0
576467761494298624,0
576468546491822080,0
576468659549306880,0
576468716445007872,0
576468784958996480,0
576468868446576640,0
576468916676861952,0
576470145821888513,0
576470241192079361,0
576470520247488512,0
576470648094121985,0
576470692922826753,0
576471398044008448,0
576471587882430464,0
576472648391258112,0
576473636497809409,0
576473814009131008,0
576475441747218432,0
576475695276118017,0
576475865657159680,0
576477444464476160,0
576477570771742720,0
576478903419547648,0
576479089432776704,0
576479907766636544,0
576480836788207616,0
576484064451903488,0
576484164209229824,0
576484344497213440,0
576488397591556096,0
576489224171458560,0
576489320196022272,0
576493289978753024,0
576493401085902848,0
576493607470821376,0
576493762056093696,0
576494101127766016,0
576494223807000577,0
576494360738471936,0
576494974776180736,0
576495101037314048,0
576495174815105024,0
576495283091046400,0
576495563278925825,0
576495938375585792,0
576496078708613120,0
576498137684058113,0
576498474453057536,0
576500438008094720,0
576502817138954241,0
576502879508246528,0
576503515004026880,0
576503953174593536,0
576506781699960832,0
576506891674755073,0
576507901302345728,0
576508264944414724,0
576508453910286336,0
576512492643491841,0
576514760901943297,0
576515212511178753,0
576515295512117249,0
576515953518776320,0
576516340195815424,0
576516693008064512,0
576516730232528896,0
576517009912942592,0
576517084005298176,0
576517274254749696,0
576517405049946112,0
576517669932806144,0
576517777864798208,0
576517905778524160,0
576520430783225856,0
576520750632415232,0
576528026814451712,0
576529310082736128,0
576536359537508352,0
576536519466360832,0
576536770382147584,0
576537604968972289,0
576537703744835584,0
576539001621909504,0
576539053249552384,0
576539323035586560,0
576539850347716608,0
576539902935863296,0
576539945080213504,0
576540186902806528,0
576540529166450688,0
576540705952153600,0
576540941189660672,0
576541502177816576,0
576541688635744256,0
576542250785595392,0
576543077419999233,0
576543192788533248,0
576543432568508416,0
576543541041598464,0
576543598088310784,0
576543690140708864,0
576543831778164736,0
576543967279366144,0
576544046383906816,0
576544119855538176,0
576544232107687936,0
576544930174107648,0
576545009748439040,0
576545362355195904,0
576545460149616640,0
576545614487416832,0
576545647379116032,0
576545774437269504,0
576545989495894016,0
576546055057080320,0
576546215099142145,0
576546336788463616,0
576546409723207680,0
576550030787485697,0
576550148383186944,0
576550659421401088,0
576550796889735169,0
576550819870306305,0
576551308611559424,0
576551691874521089,0
576552013955080192,0
576552066543308800,0
576552508450992128,0
576552894570176513,0
576553215660982272,0
576553325602062336,0
576553675595739136,0
576553884610535425,0
576554772825645056,0
576555209637261312,0
576555608830132225,0
576555757639860224,0
576555818213990400,0
576556135299182592,0
576556249682051072,0
576556431366701056,0
576556489168437248,0
576556772195880960,0
576557036407689216,0
576557678580776960,0
576571032993079297,0
576571199188172800,0
576572089580175360,0
576572940474515456,0
576572995822583808,0
576574194600812544,0
576577050909151234,0
576578146037698560,0
576578333288194048,0
576587586229043200,0
576589271760404481,0
576606222851264512,0
576608040801046528,0
576608193494716416,0
576608548982898688,0
576608966983094272,0
576609039913631744,0
576610363078111233,0
576612792968437760,0
576613209500598272,0
576613756530266112,0
576624317145882626,0
576624453578203136,0
576624519630073856,0
576624685338636288,0
576624751394713600,0
576627243310428160,0
576641140922822656,0
576641263471980544,0
576641345965596672,0
576761020498124800,0
576761231819718656,0
560156857617362944,0
560162002367430657,0
560162482556506114,0
560164770129903617,0
560215880693727232,0
560287386371117058,0
560304299109273600,0
560440085242707969,0
560450579177426944,0
560518901889781760,0
560551987306323968,0
560557230907719680,0
560558125452103681,0
560594161578283008,0
560803840812138496,0
560804857465307137,0
560813817681428480,0
560841514889510912,0
560842001764339713,0
560942360579031040,0
561003545827487745,0
561004473204899840,0
561495911281729537,0
561571070160166912,0
561581255389900800,0
561582207996026881,0
561757649386340352,0
561902529458753538,0
561982406019006464,0
561984135196340224,0
561984177701421056,0
562273249695125505,0
562275651193823233,0
562307843869921280,0
562308137735454721,0
562317981985021952,0
562321819039195137,0
562335365970001920,0
562377077307887617,0
562422650342244353,0
562424954239856640,0
562426400633016321,0
562434171889799168,0
562473948248834048,0
562480078110879745,0
562647922706493440,0
562673011770540033,0
562689557205094401,0
562774416153931777,0
562775719936536576,0
562780256940335105,0
562817654004936704,0
562821160409505792,0
562867207282388992,0
562882964804358144,0
563435543552602113,0
563436877794250752,0
563518402376265728,0
563519859901083650,0
563600088455725056,0
563753968421961728,0
563754432743997440,0
563774412256583680,0
563791749936451586,0
565141408080994304,0
565141720887988224,0
565149192063307776,0
565154509673234432,0
565234597491781632,0
565242740615557120,0
565366831272460288,0
565675048435195904,0
566318186061373442,0
566348716853190656,0
566814609739624448,0
567021554207182848,0
568591730469154816,0
568780131780526080,0
568984025588764672,0
569215520261742592,0
569261097053790208,0
569610111385276416,0
569869335805730816,0
569894214684823552,0
569974385328709633,0
570214960057462784,0
570233763780796416,0
570262420360450048,0
570269222619750400,0
570609903049449472,0
576473297744982016,0
576711098105257984,0
381989167564996609,0
382351113204154368,0
382518915454087168,0
382606809715834880,0
382868890306363392,0
390630360905547776,0
393478314477617152,0
394158461115592705,0
394159074121486336,0
395211501302083584,0
395290409057779712,0
396087926062186496,0
396089046826364931,0
396089216121073664,0
396096711455539200,0
396282247654805506,0
396282874359341057,0
396765390967025665,0
397576890178732032,0
397929337464188928,0
398114326558437376,0
398648251525509120,0
398648733958561793,0
398649491156254720,0
398649842957680640,0
398650589845803008,0
399016698423947264,0
399353031960961024,0
399354049452986368,0
400071979543171072,0
400715664958042112,0
400718256937259008,0
402276526160220161,0
407992581994184704,0
410574992993038336,0
410579635944955905,0
412646640122462208,0
412680178595164160,0
412886348819726336,0
412919081063284736,0
414844740794728448,0
415720347665580033,0
415721165596807169,0
416069530008289281,0
416070004648325120,0
416657033018892288,0
416659714076725250,0
416659906419101696,0
417767380085776384,0
417767982522040320,0
418192585698459648,0
418987431887503360,0
419588453630636032,0
419591399957200896,0
419903824942211072,0
420346783374397440,0
421039865195556864,0
421040071639191552,0
421102334270115841,0
421420785564020736,0
421474688607346688,0
421745219629895680,0
425483324593684480,0
425484182941216768,0
425729739974668288,0
425730686218014720,0
425730846054555648,0
425731788057481216,0
425732483519217664,0
425797920877588481,0
425798152763895808,0
425798495883104256,0
425798838872330242,0
426105441991417856,0
426105705980907520,0
426156321138683905,0
426156967778721792,0
426555357997961216,0
426966887017103360,0
428013986026516481,0
428379318863945730,0
428379922810163201,0
428565232294707201,0
429392568380424192,0
429758386020687872,0
429766515357794304,0
429827109415309312,0
429827687511638017,0
430113824419487744,0
430115143448395776,0
430225272428720128,0
430372094149275648,0
431093883376648192,0
431099065036582912,0
431157677532520449,0
431158319839866880,0
431489544567783424,0
431490316076453888,0
431610728668086273,0
431611008377835520,0
431611068494798849,0
432642364973125632,0
432720928934330368,0
432970475426545664,0
433005233107513344,0
433005399088693250,0
433006418124210177,0
433076545427476482,0
433076757889957888,0
433409433909989376,0
433410755384193024,0
433412136321044480,0
433412449971081216,0
434394052956389376,0
434798705384751104,0
434799275612991489,0
435793041488506880,0
435793610785579008,0
435845180529209344,0
436563917771243521,0
436645916187963394,0
438736983301431296,0
439145578954768384,0
439145887307419648,0
439146276568195072,0
439146578889433088,0
439147023959605248,0
439147496036917248,0
439147807320969216,0
439206257946161152,0
439207628078452736,0
440279182799405056,0
440553427731369984,0
440637008721895424,0
440906644814172160,0
440906825106333696,0
440907958948343808,0
440909122578305024,0
443033781109133312,0
443034097279959040,0
443574699516112896,0
443575527207473153,0
443778195104342016,0
443778681391955968,0
444195465089658880,0
444463204861624320,0
444924031549325312,0
446466871941152768,0
446623674162872321,0
446999265319976961,0
447000012652683264,0
448958093120897024,0
449774194381697024,0
450425986270507008,0
450726654331985920,0
450726955927605248,0
450727193811771392,0
450727817869656066,0
451002787212820480,0
451159758901235712,0
451161210273030144,0
451162066317873152,0
451379335203528704,0
451383337932689408,0
451831661634670594,0
451831742702174208,0
452126179630145536,0
452127384213262336,0
452154523989995520,0
452260853950078976,0
453543285668065281,0
459788260672159744,0
459789491813621760,0
459822619177783296,0
460517269705986050,0
460517527026946048,0
460980814692380672,0
461291318027644928,0
462689759546974208,0
464043068803399681,0
464043443354730497,0
464043711920238593,0
464044071200104448,0
464044514546425857,0
464044832055246849,0
464045256510427136,0
464045547473498112,0
464046245367934976,0
465300397687451648,0
465300890019045376,0
465301491679375360,0
466599422294376448,0
466600025749868544,0
466684994367127552,0
467064029274333184,0
467064655169351680,0
467123463606398977,0
468175769185697793,0
468841066561429507,0
468841677390483457,0
469139702549729280,0
469227347711782912,0
469986918386528256,0
470019131102593024,0
470377663551397888,0
470378298812297217,0
470378893690429440,0
470380312296321024,0
470380521575309312,0
470381034102468608,0
470382506827464705,0
470382761685958656,0
470383746080722945,0
470392096197578752,0
470393002708312065,0
470393182505545728,0
470394352548593664,0
470394921946341376,0
470397750291341312,0
470417968086519810,0
470420152832364544,0
470420775300640768,0
470577290963718144,0
470577646896558080,0
470720690174189568,0
470763954470285312,0
470764134150053889,0
470949143494406144,0
470951561003163648,0
470952442348072960,0
470973535846801408,0
470973645288775680,0
471267171738202112,0
471428705231728640,0
471676362646773760,0
472386150452039680,0
472386492543672320,0
472387096028512256,0
472397039448227840,0
472447920407453696,0
472565962080653312,0
472566779718283264,0
472567252256960512,0
474247391390879744,0
474248075402149888,0
474261541638787072,0
474570629757145088,0
474571310996013058,0
474711457989287937,0
474712175861186560,0
474721303090311168,0
475134540969562112,0
476394626798977025,0
476394755597684737,0
476395699647442944,0
476395818828587008,0
476435728008630272,0
476748773255700480,0
476748893133094912,0
476765611528183809,0
476809882524336128,0
477142723355353088,0
477434018476990464,0
478575074149023744,0
478617237947826176,0
478996215598575616,0
479003609275711489,0
479006268640604160,0
479055519001223168,0
479056561789091840,0
479724906574123008,0
480157073808715776,0
480493818555273216,0
480849157708464129,0
480850164421099521,0
481155060659802112,0
481605891997700096,0
482356851539853312,0
482357624956915712,0
483400845531181056,0
483719458695819264,0
484538178322190336,0
484538557889904640,0
485995234900189185,0
485995369445490688,0
485995743228882944,0
487006263109091328,0
487006381564637185,0
487007018746523649,0
487008107474587649,0
487008266510020608,0
487008997585584129,0
487009266092343297,0
487009408778375168,0
487013419711602689,0
487026072349704192,0
487801883277266944,0
487802193710301184,0
487803159427829761,0
488065847051563008,0
488066267572486144,0
488067067740819457,0
488486997929885696,0
488487475073929216,0
488801690930671617,0
488801847730511873,0
488803120856956928,0
488810389401255937,0
488813782748364800,0
489515198198194176,0
489515634544238592,0
489517723047579652,0
489518466416668672,0
489519067418464256,0
489519762783748098,0
489938996722548736,0
490145095358767104,0
490146732986990593,0
490146976571215872,0
490363740747882497,0
490363970612518912,0
490550904815644672,0
490551407406497792,0
490551646783819776,0
490713457692397568,0
490927379200499713,0
491572775459368961,0
491737735355301888,0
491737968655097857,0
491738312999055361,0
491738941213515776,0
492160308681535488,0
492391357177417730,0
492535700957327360,0
492536153686294528,0
492536465016889344,0
492692756775460864,0
492692762718781440,0
493533547752214530,0
494165156088537088,0
494165270605598720,0
494166220850335744,0
495019440530915328,0
495020649388072960,0
495020924685795328,0
495298234861248512,0
495298566160941056,0
495589566217457664,0
495589860426928128,0
496424835128381440,0
496425174841831424,0
498561720676536320,0
498658116767318017,0
498941929774940161,0
498942014160109568,0
499026969322074112,0
499027478724505600,0
499027699005128704,0
499028343044726784,0
499028456865542145,0
499028763993473024,0
499028959884242944,0
499029388739219458,0
499282267542671360,0
499379622757535745,0
499379717368471552,0
499380071560646657,0
499768694328020992,0
499957455900921856,0
499980532009418753,0
499981466328395776,0
500107594732933120,0
500114472447778816,0
500116932168024065,0
500117364500103168,0
500347487908270081,0
500365485457035264,0
500456271326507010,0
501228027276460032,0
501228143609659392,0
501570509478567936,0
501785443894304768,0
501873885873467392,0
501873956962705408,0
501874089662115840,0
502215357722284032,0
502314163314900992,0
502319460376915968,0
502320000708128768,0
502633157678866434,0
502827018875322368,0
503064763413577728,0
503223046019481601,0
503337221370683393,0
503337718408294401,0
503337883160563712,0
503403737143332864,0
503403793904828416,0
503404058477334528,0
503751628554784768,0
504105314976022528,0
504106855027965952,0
504107101367853056,0
504107304766435329,0
504107644643442688,0
504111914545606656,0
504112189121507328,0
504131136294244352,0
504283955257151489,0
504284237848412160,0
504336612827103234,0
504336842205200384,0
504338407343267842,0
504339440853323776,0
504339902663000064,0
504674760278945793,0
504674884380016640,0
504676820214906880,0
504679394863222784,0
504779762750201856,0
504780204750151680,0
505034328720814080,0
505035054960345089,0
505207428116656128,0
505207446487699456,0
506300419933745152,0
506622347563257856,0
507035398791778304,0
507035719517609985,0
507036744790048769,0
507220167706046465,0
507220407330820098,0
507221224762920960,0
507221769733033984,0
507221923135500289,0
507222467878715393,0
507223209838915585,0
507376956040830976,0
507725322683711488,0
507725545384448000,0
507726905391718400,0
507727671565254656,0
507728356386025472,0
508093930467258368,0
508094154388561920,0
508094335812763648,0
508094957203111936,0
508783321456054272,0
508800404269043712,0
509079615185637376,0
509079742549860352,0
509080288279154690,0
509091582080200704,0
509091763420925952,0
509189309971562496,0
509189803276263424,0
509469892186488832,0
509470066497585152,0
509470385977704448,0
509470482564149249,0
509472090488311808,0
509562261938393088,0
509562789204332544,0
509756006726115329,0
509763371311595521,0
509763513028718593,0
509818280434237440,0
509905995389087744,0
510086863299022848,0
510124498100961280,0
510240265764753410,0
510240645513232384,0
510240868922433536,0
510253095415472128,0
510253249791033344,0
510253361279803392,0
510253619061735424,0
510551895329767424,0
510552624471769089,0
510552652703600640,0
511021468512428032,0
511022133246722048,0
511022337022771200,0
511610266724073472,0
511611130926862336,0
511611256181391360,0
511923095318577153,0
511923228458385408,0
511928373028077568,0
511989649997582336,0
512101079702839296,0
512101237022814208,0
512101781258903552,0
512101960540254208,0
512102247963316224,0
512102464234225665,0
512102953122271232,0
512103127072649216,0
512350624885649408,0
512350794884993025,0
512424854000521216,0
512425055901724672,0
513801236441595904,0
513801411004362752,0
513801763518824448,0
513802186518585344,0
514171394544762881,0
515143011320086528,0
515500544886980609,0
515500962136350720,0
515501198032384000,0
515673745378115585,0
516720620436869120,0
516720872195780608,0
517431031939739649,0
517431338413330433,0
518831160013881344,0
518831645647192064,0
519909769109594112,0
519909981463015425,0
519910085704024064,0
519910254902255616,0
519945936014159872,0
520380033937199104,0
520380228137672705,0
520555611701145600,0
520555732958478336,0
520655800956895232,0
520655939658334208,0
520656243552444418,0
520656825268842496,0
521052110897831937,0
521052378569912321,0
521798779453071360,0
521798888945381378,0
521799310166749187,0
522386434674921473,0
522386655253364738,0
522387320574836736,0
522453387737300992,0
522846109593399296,0
522846267320184832,0
522846738105634816,0
523224079852404736,0
523224481373114369,0
523224592828350464,0
523224825779998720,0
523225106513162240,0
523225143804710913,0
523225260599283712,0
523254245387026432,0
523254416103591936,0
523254872171245568,0
523255158545739777,0
524683648004788225,0
524685477778296833,0
525080359625838592,0
525080654330208256,0
525080935495389186,0
525081652725555200,0
525081951729102849,0
525092220144472064,0
525449911501070337,0
526727516967665664,0
527213813037543425,0
527214730965164032,0
527217526393294849,0
527603942147227648,0
527604410353209346,0
527604653044006912,0
527916969975357442,0
527917197768003584,0
527917415980888064,0
527999649337339904,0
528303290388586497,0
528303917533515776,0
528440467206467584,0
528744109939642368,0
528744245478584320,0
529703145321291776,0
529703282642812928,0
530005691424325632,0
530434927146598400,0
531136719278845952,0
531196182337691648,0
531196364034932738,0
531477475130609664,0
531477534312243200,0
531477717037121536,0
531590542040526848,0
531991832742617089,0
531998967341789184,0
532167548960534528,0
532168060128743424,0
532643153070014464,0
532644166082494465,0
533340410836701186,0
533340866392633344,0
533341011054166016,0
533341345310842881,0
533341529419812865,0
533841361116483585,0
534507314053939200,0
534507597257531392,0
534508108752904195,0
534508181779939328,0
534729347824103424,0
535135696118644736,0
535135877958496256,0
535139390201540608,0
535199742217969665,0
535200037652144128,0
535200169168744448,0
535208078359416832,0
535208242511880192,0
535998947178065920,0
535999469771583489,0
536000121398644737,0
536000153963204608,0
536001070636728320,0
536001237557448704,0
536001453815787520,0
536002387908235264,0
536002552807325696,0
536002614543257600,0
536003277562060800,0
537003150742654976,0
537003272574627840,0
537241636468953088,0
537248050003976192,0
537248387700363264,0
537443405572239362,0
537443600653508608,0
537645752483184640,0
537645922461564928,0
537646202582347776,0
537646808676065280,0
537647038649741312,0
537647560911908864,0
537648495042113537,0
537727951647678464,0
537731217274064898,0
538038623363289088,0
538062780075483137,0
538062937772929025,0
538063428787515393,0
538127970347786241,0
538131759335231488,0
538140566077591552,0
538142434166075392,0
538143328030978048,0
538143532792696832,0
538148966245093377,0
538158460542939136,0
538175157513105408,0
538175279064027137,0
539176566404554752,0
539177257713954816,0
539177402044137475,0
539523756729712640,0
539564862720851969,0
539565747291172864,0
539566021338619904,0
539567120925720576,0
539606662127288322,0
539627994289950720,0
539662937586409473,0
539663159666421760,0
539841513409093632,0
539846074404311040,0
539846242214227968,0
539846525736599552,0
539847144249630721,0
539894015206760448,0
539894048937762817,0
539978385448259584,0
540263163397414912,0
540536384558477313,0
540541288610013186,0
540541338107002881,0
540541389965361152,0
540862618207260672,0
540889284530962433,0
540890223727902721,0
540890385187606528,0
540890533389160448,0
541117371591569408,0
541117562650513408,0
541117773766610944,0
541118098669977600,0
541623178343092225,0
542073400706207744,0
542073586178347008,0
542073699671998464,0
542074221963542529,0
542328031277096960,0
542354663514046464,0
542355727399280640,0
542373135341727745,0
542438491951333377,0
542807441386127360,0
542808291349254144,0
543156431227465728,0
543158866855198720,0
543159883835523073,0
543234954176368640,0
543235225141014529,0
543236072516251648,0
543236160189779968,0
543236574477963264,0
575957444112748546,0
543763401252413441,0
543765398207074305,0
543765651635314689,0
543765817310334977,0
543904037456719872,0
545047075436503040,0
545786288616378368,0
545789032345518080,0
545789641576566784,0
545790654333214720,0
545797917928202240,0
545959474666942464,0
546362715346722817,0
546362856048828417,0
546363134470914048,0
547081667400466432,0
547175872931692545,0
547176135755198464,0
547176226456997888,0
547176806667657218,0
547177777347051520,0
547588518315163648,0
547773883651477505,0
547773969689214977,0
547977433706946560,0
548151879327559680,0
548287592220065792,0
548556004279853057,0
548557940886491136,0
548558220675932160,0
548935878257569792,0
549039093938520065,0
550081990981349376,0
550473692187074560,0
550473949281124352,0
550480039255351296,0
550480329148870656,0
551151594645880834,0
551152065443926016,0
552503857788776449,0
552504178841751552,0
552912438577086468,0
552912507279790080,0
552993746803900416,0
553254367961174016,0
553568524728147969,0
553568560757215235,0
553569222853279744,0
553578512938852352,0
553578905399853056,0
554068425371164672,0
554336400883990528,0
554428808921493505,0
555046803024781312,0
555810503847837696,0
555847284962119680,0
556112581417373697,0
556113163910139904,0
556513698148544513,0
557043501389451265,0
557043765005672449,0
557043973491941376,0
557372940220915713,0
557587729857261569,0
557588635340402688,0
558022769095344129,0
558022911538130944,0
558023203264536578,0
558023415961890816,0
558023600939073538,0
558028463710691328,0
558028990741774336,0
558029240378355713,0
558392149884952578,0
559739881602437120,0
559740489948471298,0
559740775534444544,0
559740927879950336,0
559741032490082304,0
559741391484760065,0
559741563547693056,0
559773773490946048,0
560584466477752320,0
560584993768882177,0
560585239517339648,0
560585580531052544,0
560930935026483200,0
561244845344575491,0
561280586489528320,0
561284003299602432,0
561343136517996544,0
562251241544110080,0
563151181040459776,0
563151596909912064,0
563152347849711616,0
563495413957668864,0
563495614659305472,0
563522620117630976,0
563695404215050241,0
563696848930492416,0
563858547474038784,0
564265826866323456,0
564266308162682880,0
564266530498564097,0
564267010830262272,0
564267539484512256,0
564545112101773313,0
564545308097380352,0
565336519494615040,0
565336682468507652,0
566377997121245185,0
566637832719323136,0
566656107200774144,0
566656732076593152,0
566747269580341248,0
566747600158605312,0
566747793167888384,0
567086809121693696,0
568595070380691457,0
568596108651290624,0
568914273507745792,0
568914574482628608,0
568914788840972289,0
569926971607482368,0
570406105186066432,0
570945530290839552,0
571129893368434688,0
571130055889268739,0
571130565451063296,0
571130932305879042,0
572160041261744129,0
572160167199961089,0
573506621092954113,0
573844561824509953,0
573844708222332928,0
574418921509416960,0
575279685665320962,0
575791636539559936,0
575791772195934208,0
575792854674493440,0
576197796342013952,0
576198042732208128,0
576198410467848192,0
576198706359242752,0
576364950857252864,0
572340453976088576,0
572335085233422337,0
572333889806446592,0
572328485181521920,0
572328372476375041,0
572327957592608768,0
575604441539158016,0
575957817829400576,0
562700876117442561,0
562709720554029057,0
562740521798733826,0
562768670934708224,0
562769087219388416,0
562822350413266944,0
562870352007950337,0
562877787045101568,0
562882361269157888,0
563030623326310403,0
563033238785241088,0
563054632570982402,0
563199528220647425,0
563232753991163904,0
563245001023299586,0
563306145444425728,0
563306298788151300,0
563320973277945856,0
563322925944553472,0
563416275779457025,0
563421828131983361,0
563499361401720833,0
563772025865371649,0
563808436521938945,0
563826405784305666,0
564596184572903425,0
564924370666020864,0
564924842420350976,0
564926100673789952,0
565028387232546816,0
565623363209793536,0
565642791993495553,0
565690134428131328,0
565696238893666306,0
565741718729809920,0
565742274105978880,0
565752006250618880,0
565992055206592512,0
566336665124216832,0
566661426383945728,0
566699998331404288,0
566716837274988545,0
566841217669799936,0
567114026853740546,0
567839769310306304,0
568191078345478144,0
568466737919692800,0
568466764805189632,0
568466804571377665,0
568799704789561344,0
568874344824197120,0
569219245810130944,0
569219399191638017,0
571005572679512064,0
571423471223222272,0
572235875435741184,0
572610154102849537,0
572850620480155648,0
572969595155308544,0
573222848094842881,0
573304314694922240,0
573369416840187904,0
573370063803195392,0
573378093533929473,0
573400149206040576,0
573606465212014592,0
573607534042349568,0
573699408237199363,0
573723471651303424,0
573776782706352128,0
573943079205400576,0
574717605845532672,0
575128098049404928,0
575155291739713537,0
575417635388592128,0
575525834754236418,0
576094009363337217,0
576128187161182208,0
576180808504848384,0
576481461424934912,0
576607445692256256,0
560595245814267905,0
