id,author,label,text
REDDIT_0,13,1,subsection of retarded hungarians ohh boy brace for a ashen · · here · · a hole in some of stupider countrymen
REDDIT_1,22,0,"the hell would you dislike christianity · equally? as an atheist, you can live an openly · · · * right here in a · largely · · · wholly · · christians you would be · and aggressively oppressed in virtually muslim · ·."
REDDIT_2,22,0,"and apparently you don t study either because you · that · · · · · will · actually · merely wasting my · you · marxism was a · · on · ·, which is retarded last · · still · food ·"
REDDIT_3,7,0,"· shy * · · of · male characters smack about women for the · of it too and something like seven · sins the main · · · women, stealing her panties [ while she's · them ], ·."
REDDIT_4,3,0,"that · be · if we have example of whole · the us · blindly screaming for the head man · · · undependable · about · 35 · · which · · even · to corroborate, even her own · a chilling time for men because fuckwits like the author"
REDDIT_5,17,1,"wow this cunt is a fucking · · · opinions because, · time i · · built · about · when · have accomplished what · have, then a fucking · · · · s i am glad lost this · bullshit is · insane"
REDDIT_6,17,0,kindly suck my dick.
REDDIT_7,17,0,lmao this is the · ·
REDDIT_8,12,0,"i can see that · mother and "" · "" to · daughter works in · where respect their elders 1 · · latino · ·. ) if he · that · in · · neighborhood · would · at him like he crazy if it were · · the · · · · · because he "" · "" her lmao"
REDDIT_9,5,1,"these hoes · · will say anything make sound alone · some dumb cunt on · the other day who was and lone · · in profile · ·. · · · · to · that ·, sweetheart. ·, you played 3 · some state · congratz."
REDDIT_10,13,0,given childish unstable temperament likely do you think is for him to · shit in courtroom and it both · · and · · fine for being · in contempt ·?
REDDIT_11,13,0,"· certain tell him, merely waid ·? he · aware what the 5 th · how you should not tell everyone what · · fuck you are being on the internet honestly didn't · · on how · c the · · much less of case"
REDDIT_12,13,0,you besides · up some highly · stories there i've · · i read that i · · file anyone wants to hear them i think most of them are fairly sfw
REDDIT_13,13,0,"here's one allow you to tell you the · · · · a · · · sorcerer who had · ranks in profession ( lawyer ) since game one he was a scraggy ·, tall gangling fine · · and the like, the traditional evil ·, ·, he stroke it occasionally ·, it · when the party went to a little farming village average iq likely par a jar · on the · out, lawyer had a brilliant idea to · · the lone · town is basically a · shop, so i go out to the fields pick a few · i · · them. · them back to the shop as health ·, as long as you carry one, you'll never · ·! look at how glow the · gobbled it up the · know i a · - · any · was the start it. second · evil · mine was using my · · · the law to · a & pa · inn to · to him · he · to the · seized for owed ·. he turned it into a · ·. then · it down for the · · after the · · got · · challenged me to a duel ·, i · · quickly. using insanely · · i convince the · i've · · ·, · it., he allows to · a ·. following · he knows, he · in a · · with a dead · on the floor, outlawed · on the · i retired the character · ·, going the rp · he went into hiding to · · the paladin's · good ·."
REDDIT_14,0,0,"when you have actual women distract you and commit yourself, you are · to · · money faps and a lot time on · said money why furred · · are · · rich and · all the · the internet."
REDDIT_15,24,0,> merely · to anger · · · · · it · the · · of · are you using? · has ever supported these useless fucks you've · cuck ·
REDDIT_16,24,1,"blm · for these guys where? blm · for white guys were killed by retard cucks · · earlier · · for blacks that killed so · are you using, precisely because no longer tethered t · the last · · · the ·. s had in · angeles, and the reason it involved koreans a · · · · · · the · · the back the ·, * let off by a · * yet fucking * · · · · * like pretend it because rodney · it's the same · g · · "" islam religion · "" clearly you fucking * dickhead * · arabia · · ally when the · proliferate · what every · · follows america pretends be fighting while blowing countries? iraq, syria, ·, · ·, look that ·, predominantly · · are wholly antithetic · · · · whoops · like an · · · because you don't · · second largest shareholder · excessively."
REDDIT_17,24,0,"· ·, iraq, · · saudi ·? all of them are muslim merely which one of them · supporter of international · and which ones are fighting against ·? which one · which ones have america ·? · that see how full of shit in denial you are."
REDDIT_18,22,0,this marxism these people want me help · · · + gender options for · despite · that people · · male or female * * huge majority of · · · merely ·.
REDDIT_19,22,0,"·, it's marxism · rebrand"
REDDIT_20,22,0,"and · the · pivoted identify · · vector · · again, · the rebrand the same fucking · pushing the same equalist · order to destroy the same targets"
REDDIT_21,22,1,if the same fucking people you'd compelling · · didn't · over the · of centuries it lone matter of · - and the same people · · the boat
REDDIT_22,22,0,"> over · of decades the same people we're · in the · someone in like their · s typically such · · · nether a marxist · difficult trace these academic lineages of these dummies · · their · · marxists, excessively are · the same people · never probe sjw for his or her economic views > · · of democrats · · started republicans · the · truly the democrats people leaving · doesn't drag the group awful · those · · · concurrently the · · that arose · · were · · · by and about wholly populated the leaders adherents, and · of the · · ·"
REDDIT_23,22,1,"you described · "" the same people "" the standard · · first, some of, ·, the same "" people "" as in · of people · complaining the · composition of · boards for · now the · that · · a law saying · board of · · · in · has woman it wholly · · · · · to exist ·, pivoted · studies as the following best avenue for · western · aka · they · idiots who would be openly · if it were feasible · - · of them declare it anyhow if the · are going to ·, they · · ·, of course, · because · will, of course, · the boards in · antithetic the · that's the · · to · · · in · · the same as · · · the · - right in · to · the same as the · · to · actually · · · just · · hominem there · academic · · marxism to · you cannot · the same for of the mutually exclusive groups have been accused of · in the alt · · everyone · · "" · - · "" a leftist · in retarded false ·"
REDDIT_24,9,1,· · · intelligence agencies · a · manipulating · · · is fundamentally retarded and · · ·
REDDIT_25,1,0,the hell was · those specific charity · anyhow? · watched them.
REDDIT_26,1,0,· · · · · · · [URL] · that trying · · · · who · him · superchats idk · them not )
REDDIT_27,13,1,"a vehicle to ·, ·, ·, respect the bullshit and · and · souls they ensnare are the · a cult - full stop, not · one is one marx · · · the · of the · · are a fucking dealer certain are · believe · merely let's · it most of this · · emotionally ·, ·, · · · people have no need for a · oil · - so best they are useless, at worse they can try · help their converts, which costs elusive and social pressure and · ·, do not be · - feminists modern · · · are the same fucks · mao · if aren't a · ·, out of · ( frequently this · · · are a problem and they will fucking deal if they can do it by talking shit on twitter ·, if not they try get · you a job · it banks give you loans they have no depths to which they will not * stoop · · · women's shelters, and while rich brought strangers own · she · one feminism meeting · a · of · mao on the · and said · the cunts lied and · the credit for the difficult work had ·, then · pet and · pieces of it, making flee the · yea, these fuckers will do anything to and including murder and possibly even * worse * even people see get · of these people are not of them certain, and as much i fucking hate · ti like - they are · of the · the useful idiots · and not · naive · posters · · merely · · · · the expectation have are because they keep the same twisted and evil ·, · and again, and denounce it, or applaud it after no one born · marxist, a · and can · the entire thing at any fucking moment."
REDDIT_28,11,0,the correct term is gunt.
REDDIT_29,11,0,a gut cunt pick · roll fuck it.
REDDIT_30,20,1,"is a pussy pass · is rich · - connected cunt pass denied presumably · · to cuntiness any · politically connected man · be this cunty similar situation and many the lone difference · is man · to peddle · · his · from the · his actions would have · to · you let the cops what feel · then · it all · away · · · doors · · w bush and dwis, · possession and · · from the · · what ·, · · · ·? point precisely"
REDDIT_31,20,0,teddy kennedy ·? · it was cancer.
REDDIT_32,12,0,because the · · to white knight for when she made atrocious · they · the guy was crazy when started screaming · · · · while she stayed · a · · · injured
REDDIT_33,12,1,"nope, · someone from the consequences their own · decisions · your own ·, for no other · that a · * give a fuck · ·, that doesn't change kid lol if · · nowhere · a · the face for no · ·, i'll · · them · besides do the same for a · that same person chooses stay in a · situation me others have · to · then · · · your ·, sleep in · · to · dumbass, · hatred ·:"
REDDIT_34,12,1,"> what the · · and children ·, would you also · them to just move away? · · ( · eyes · to · · [URL] more dumbass i · gave · · · and · include · and · are separate · "" a vagina "" fail > and you think, most · just · confident to even · · 15 20 cm taller and · bigger them · aggressive ·? ·? · i expect them to * · away like other · would fight flight · · nature > are you medically retarded?, and neither are you i guessing but you are · like you are order to win "" regretful · · · strategy because it's easy to · and lone makes you looks stupid > you · write · · and how do incomplete sentences · me * wrong? · yea don't neiter do misplled wrds it's been fun but we are done you have failed to do anything but · * * fallacious bullshit * * because you have real · and everyone here · it · · have · · · blocked:"
REDDIT_35,3,0,you are absolute · · about all wormkin? * s
REDDIT_36,19,0,"i uh. · want to be on ·, there · hapless."
REDDIT_37,11,0,· ·. 👏 🏻 👏 🏻 dare 👏 🏻 you 👏 🏻 criticize 👏 🏻 a 👏 🏻 · 👏 🏻 · 👏 🏻 empowered 👏 🏻 woman?! 👏 🏻 you ’ re totally being debatable and ·? and you ’ re not allowed ·? ’ t you know criticizing a woman for any · is · ·?
REDDIT_38,12,1,"> it friend not, just · · how these bitches no fucking integrity american airlines asked her for her friends name address she would given to, knowing · well her friend didn't do · glad she got ·"
REDDIT_39,0,0,"it we consider base we started, it · · from over · · · seen · · back that time, the · · are having"
REDDIT_40,5,1,"doesnt' matter how cunty women are, will alwasy be an · of white knights to defend"
REDDIT_41,13,1,"shit decidedly argue the · of the · party the · are actively incendiary faithless even you · wing see how · · not think the same, they doing · single thing they to undermine the punctually elected · government · of · combat and obviously · them · amazed there some the · so far · ·, lone one can think off the · ·, · they wanted to do it, no · directly · to · republicans, just · scare monger difficult · · batshit · does something no · · · of · · · · of · attempts on trump yet, either professionals, by alone · the · · difficult the ·, which wouldn't surprised if they do, at · get · wave "" wouldn't · you · more · one · another, if · · elected for · terms these people jumping away from · the same speed · can · fucking planets · about · i mean fuck trump truly conservative he truly seem to · in small · · like conservatives i · to do, · to be trying to · · to · of sanity these people · · going · to [NUMBER] 1990 policies · going · to [NUMBER] policies - · weren't · as bad as these twats think anyhow"
REDDIT_42,13,0,you would think they would · about it in the media
REDDIT_43,13,0,why · of teeth would · if they weren't so insane about i'm pretty certain because they · dirt him they are · freaks and they * * control him · · i · don't truly hurt these people unless they are · crooked · then if they · fuck him · · them alone just get · what he · · done he lone seems to · shake things up · · to · our government of it's utter insanity i · merely was · truly · right ·.
REDDIT_44,23,1,""" you disagree with me are you really defending ·? fucking incel "" ·. not works you dont · yell incel · they dont · with you fucking moron yea, that · lost · because of cunts like you the · is · try be little creative."
REDDIT_45,12,1,"· · to get everything in the agreement video one of the · denials i've ever seen merely just · thought · ·, the · · gymnastics come in at the · to try · ageless victimhood no matter happened in reality "" excessively · to say no "" "" · didn't have to say no, the · should have read my fucking mind "" ( paraphrased of course )."
REDDIT_46,12,1,had earlier the · · just like everyone said it would be no amount of consent ever be enough for · here we have entire act on film along entire group of eye witnesses and her enthusiastic consent of everything earlier and after · · accused of rape a normal · having normal sex ever · to · lol
REDDIT_47,8,0,· and retarded
REDDIT_48,23,0,i dont think · on side.
REDDIT_49,15,1,this cunt found · difficult ·?
REDDIT_50,24,0,zero years for sodomizing · · a · hanger · · to [URL]
REDDIT_51,4,0,"· meyer's · · good apart from that assorted paradox games, they can shove this shit · of ·."
REDDIT_52,1,0,oh yea · and that ·? did anyone archive all that shit they were that woman?
REDDIT_53,3,0,the trans community · why · · if they start · · than these fuckwits every trans person going be painted the same regressive ·
REDDIT_54,22,1,· · guy to balance · out these retards view representation like pokemon · · · that they cream · · · · even - - · · identity · rare pokemon appears!
REDDIT_55,12,0,"· assertion · about · ago · · > · was · to get · girl · · · · · that bitch still · country getting · to · being "" survivor "" it · like · * * even · the l · · · · the · question · on · · ] [URL] of ·, after seeing entire · damning video see above going fucking viral. this bitch is now · · of the month july ( [URL] is out getting that large $ · "" her awful struggle hands rapists · · "" besides · about lupus of a · · this · nether / · pussypass that is so fucking sad, a by the - book · just · · from ashes crackbrained · media her career now is · it ever ever would been for some low · · · that to abuse · in order get · lying pay and · large ·."
REDDIT_56,12,0,"yea. · me on this · have seen them reach far, merely · · reach * * this far * * shit bucket · · name her shitty ass ·"
REDDIT_57,14,1,"[PERSON] how do you · the · · hitler is a · your · what is your art appeals to · nazis intent on · jews? is how retarded this anserine · not - · is and · without to even · explain the cunt how content is · of the · · · is course · to be of · to, merely · · the · of the ·"
REDDIT_58,19,0,don't · special the west does this · all time now every time a right · · · steam john oliver · up and entire · · · him
REDDIT_59,2,0,trump · · · kim · un merely i think advocated for the deaths · any · · odd · that can · · · political violence i don't think trump fascist or a dictator i think throwaway soundbites really useful evaluating · or · ·
REDDIT_60,19,0,take rude over ambidextrous
REDDIT_61,19,0,"· democrats repeatedly get · false statistics outdated · · "" largely · "" bullshit like "" an · · of the data "" or "" not by · statistics "", trump gets his · inflated with "" · · "" · demonstrable bullshit like "" valid · merely like the implication · "", · asides like "" · · "" claim · hasn't · ·, "" · · · "" for claim stupid bathroom ·, ·, · plus politifact is barely neutral · on · · or any · the * · · times, which lone · clinton, merely contributed · amounts · · campaign"
REDDIT_62,19,0,"yes · a · fact · dprk is · ruled her people, the splc give rat's · about ·, · · ·, exxonmobil cares about moving · to ·, as · recent · statement, · is · racist · bridge to · because someone * says * they are something mean take · · in ·, · means trying to · something politifact · and · * tampa bay times * year when it fell nether auspices of the · institute, which besides owns * · * that is it · slates of · or · · its' own · about anonymously · about sabotaging · the · · since · bread > unless you are · question · · of journalism i can do that excessively, merely once, this · · claim that politifact about neutral · that · · by * · * of · · can be."
REDDIT_63,19,0,"· circular; they say they're ·, so · the sources they check are valid authoritative because they say they are are pages · of them grotesquely twisting the definition "" · truth · · · enemies financing shady openly ·"
REDDIT_64,8,0,· · something right
REDDIT_65,16,0,"no · my ·, merely i "" · · kotaku et where · me about videogames i there first place you linked the · · · · there is more fake news in shit than a fanfic of · jones and · · · lizard people while discovering new parts their sexuality · · was gay from the ·."
REDDIT_66,16,0,actual ·
REDDIT_67,5,1,"excessively expensive why do you think · · on · · · · complete cunts after the · and you to · to · · · married doesn't benefit ·, one little ·."
REDDIT_68,5,1,· my uncle is getting married a woman who is already · a · still paying · wife and their 3 kids but i'm · telling him it's a bad idea some · · learn. the · a pussy has some · baffles me
REDDIT_69,13,0,lone he'd · home alternatively of · hunting for boulder's · would have happened!
REDDIT_70,4,0,· - · that they · serious merely gonna go with a · successful · at the · ·.
REDDIT_71,21,0,· everything divers am like english cuisine.
REDDIT_72,21,1,i cunt!
REDDIT_73,2,0,·
REDDIT_74,5,1,do these cunts even · · or do they · man · · their icky · minds. i would love to see a · · draft cuz you know men still to do that earlier · to get · license.
REDDIT_75,12,1,"· · · · rape victim done expertly retarded mental · would · that the police intimidated her in to recanting her story just · they · college girl cheated on her bf a 3 those two black · players or a few innocent · suffering · because her story · * awareness * * to the · women face · · · that plaguing our nation ( · mattress · was · to be a fraud, and the guy's · been · along with him being · school )"
REDDIT_76,11,0,you sound triggered your · · · soy milk? 😢
REDDIT_77,11,1,· · huffy don ’ · excessively difficult · milk faggot 😢
REDDIT_78,11,1,got wtfpwn d faggot.
REDDIT_79,11,0,"boy oh boy, i truly · · - colored · ·! one · you · it s very · are concerned with imaginary internet points i thought couldn ’ t get any more sad and hapless! ·! 😂"
REDDIT_80,11,0,didn ’ t read lol 😂
REDDIT_81,5,1,· fingers · take your · hit that cunt in · ·.
REDDIT_82,15,1,"means you go "" put all · in jail "" · · you · "" figuratively put metaphorical · in jail, was joking. "" then expect · · speaking gigs."
REDDIT_83,15,0,"you can't · flagrantly hateful · and · · · offended · the "" was just a · bro and · you really were just joking · · · which is what she did."
REDDIT_84,15,0,· merely believe they mean · · what · is they ment that if · · · · by what they are asking others they would · · · so · don't want to · for them ask ·
REDDIT_85,3,1,"until [NUMBER] there anything · science could do for you, · 67 · all of · history and you are · that you don't have good enough entitled twat"
REDDIT_86,3,0,"· · ago · · · · across the country sex · surgery i · rules' are these days. but she had · done · procedure · · the · · · of was lot of · and · · time · for a · 12 · think was were waiting her taken theater that we talking it and i · if she thought process was excessively involved she told · i · ) that there were times when she felt that was was frustrated, but in · that a lot was · was · to ensure that she was wholly certain choice she was · and as · · · possible · after the · after she had · the · had · about · ) she was · · touch couple · · but she was still happy and i hope she still is to this day i think you note her being · was because she had · · · see people · · · ( a · youtube, if weren't aware ) who · an ' · clinic and · · · real · and see · · "" your · "" · · · "" ( yes · are that · ) then the track · · posting · · > not binary dysphoria · what? · · and kink starts · ·! asexual and i have a · gay sex seriously am i still asexual! sexual orientation? the · is longer identify · · sherlock confession: orgasm · after which · had clearly · · · now their voice all over the · · two and see that one was clearly · prepared her · · ruined their life"
REDDIT_87,3,1,"well · · pre - operative · · · people the years some of them · · to be honest most of them however, seemed to outgrown that sort of thing merely was in the ' s. · · since then and not all of it for the · · · · was overcompensating for things when she met you · · that sort of thing or it may be that she was that way because · hollywood'"
REDDIT_88,11,1,·! spoken · · beta male! don ’ · excessively difficult your · milk faggot! 😆 😂
REDDIT_89,23,1,thanks for the flair idea for this twat
REDDIT_90,7,1,it represents the · put these stupid rules · and support these rules · why fucking retarded and hopefully them · rules · · apply excessively · · lone start to realize something bad they · · · · immune don't · we're in ·
REDDIT_91,2,0,the · lots · · try to · the · were · to · the · · · it · · · · · that a · · · theirs · conservatives · · wingers the past the same way · responsible for robespierre
REDDIT_92,2,0,· why were able form a · conservative · in · · · in · time a retard and · · · should have · nazis had · common.
REDDIT_93,2,0,·.
REDDIT_94,2,0,· nothing to do with the question kia · to · align with the alt · because are in the · wholly crackbrained analysis deserves nothing short of ·.
REDDIT_95,2,0,we · · · to any sort of · your comparison is beyond stupid.
REDDIT_96,2,0,trying to · nazis right wing · · · by the fucking conservatives · with them moving the goalposts to dense · and need to · with you on this · anymore why ·
REDDIT_97,2,1,· you basically · understand that social · are much more · identity has · with · left divisions · about · has any principled attachment economic · conservatives were · · the · on their · · them · · · believing that economic ideology much of · factor as · like california and huge majority left · just voted on proposition that forces · workers · · constantly on call and work done breaks these bleeding heart retards just · over · of last paid people in · · because they think · lives all this proof that every fucking ideological · can · · into · their · · if they think · social · belief structure · · ass · that fascism is · · · careless of · it elements · economic policy derived the left · don't call me disgusting.
REDDIT_98,2,0,k.
REDDIT_99,19,0,"who · you "" slippery slope "" like it's an · · · have · interest · down it."
REDDIT_100,0,0,· in the · a · common · · where you get · agree bigger · offering · · ones · it been · long · merely they lone talked about the · · it · victory now the · come using the same structures · made and · further
REDDIT_101,3,1,"think the message behind this is that our ' artist' is going to end up · crap that nobody ·. because she ^ 1 is a · minded twat all of her work is feminist ·, which is why her art teacher suggested she try doing · · a change ^ 1 a woman · with the ' assume her gender' ·"
REDDIT_102,10,1,"it · wholly what · you're talking about you're talking about these useless middle upper · · · people · in classy · yes going to fucking useless and · are useless in · life · you to grab anyone parts of a · country the · · decidedly · and i · · confident in · that · · · and · · particularly · · · middle · class people and live in an · bubble · · are the · · nobility and are just wholly touch rest country you · · · for example who actually to · things and work for a living it's a wholly different · of · think technology just a · ·, · easier to · that · you a problem · · · who even · their · comes or the · · · · i'm even certain · to necessarily · i · most normal people realise · · make civilisation and · * · · · to find about it's just these useless cunts that a wholly disproportionate · · that i · this · · how · everything and · · are popular truly · primitive technology it does · everything · · you ever find in survival situation."
REDDIT_103,12,1,"this i · · cams · · · the · honest, and most · lawyers ·, and that a hard fucking thing to do haha highlights: "" you lock up ( because telling · they do something truly · want to not do it · ) * don't fucking touch me · ·! "" ( immediately · for white · acting all hard and fucking shit police ) they're · me i can't breath! ( while · screaming at the top her ·. don't ·, i ·. · to able to do that ) * "" not · to do that · it ·! "" ( do i even need to explain ·"
REDDIT_104,12,0,was her drinking on · merely · · and to show she was
REDDIT_105,12,1,"yea · that routine · because she possessed · · and 16 - year old, apparently · · · · beverage · tea know that? * * news * * lmao go white · harder dumbass / blocked edit it's ·, plenty of · for dense · · a · · he is blocked, because he is raging lmao · me ·, · as to why she * * · * * wasn't responsible for ·, i · in a ·, besides hate women did do ·."
REDDIT_106,20,0,"mean · · recently two · · everything she did with · was consensual until she jumped on the excessively "" ·, · the power imbalance excessively great for it to be truly consensual? who the powerful man in the · · a · the · powerful man on the ·? if he want a man to ·? he · up blowjobs for 8 years or until a · · a position of sufficient power. 8 years? · even strive for power except for the blowjobs · sentence i · a question"
REDDIT_107,20,1,this · twox you stupid cunt a rape allegation about here · · · much · the · · that · the · cuck
REDDIT_108,11,1,"precisely and we didn ’ t · with a fucking lisp or wave our · · around like faggots, we drink each others cum in a masculine way like real men"
REDDIT_109,23,0,· [URL] gross
REDDIT_110,23,0,"certain have we dont · · you dont like it, please · · i · in ppd we strive for professionalism and take · highly · · fill the · · out and send our mod · thank you for your · [URL]"
REDDIT_111,23,1,"incel insults are saturating market · being a lazy twat, · dogs cunt for brain, try again we · · of the hurt sustains · take · · · please dont · jobs · · · salt · · my work · · yea obligitory · who disagrees with me · · · · transphobe · said be original"
REDDIT_112,23,0,you know · · gay
REDDIT_113,14,0,· its just · · · employ her to · toilet hopefully employers · standards.
REDDIT_114,23,0,"video · amazing ·, certain qualifies · the · girl admit that "" · victims excessively "" · doubt she believes after witnessing her hysterical · ·, upvotes · · · will · will · though, steven · absolutely · extremist delicate · ball coddled · · · 12 50 · to enjoy her takedown the, suggest you · whole minutes · up her smugness "" * for · man not · who · kavanaugh! * "" and arrogance · that she think · more · · shut down so · when he · tirade · to her wide · and awed · "" do you · what hubris is "" he · · earlier · down holy · on her ass · i hope she becomes celebrated holy · · what you will the · · change stuff that, merely he reduces her pathetic ass to · not · voice lone · talking numbers data it an amazing · moment of · · · following · · able to ·, so what do they do after · · ground? they · · like "" ·. no "" and call · · obviously the police needed because was decidedly a · murder buh · · · through these mush · viciously that · to · apology tweet · · · crowder the following · where they to plug guidance · · · [URL]"
REDDIT_115,11,0,she will · · · ·.
REDDIT_116,0,0,"· · · · · about nightlong, skype about · core the · · · · up, it won't long earlier · does it to them because the market for it is * that * ·."
REDDIT_117,24,0,right the · were reversed and these guys · · · [URL]
REDDIT_118,23,1,"welcome to ·, · · · · · · a dyslogistic besides, incels · is · · · at that · · · when it did · truly though, swap cunt for brain try · lazy."
REDDIT_119,23,1,e [URL] sassy bitch i like it
REDDIT_120,7,1,"outrage people · characters · that people seem to factor not everyone · about heimdall, certain didn't earlier · · lone knew domino · · * other than some unretentive · in some games like iirc marvel · i · heard nick · · and it lone the · that i · that truly took · of the · it was · fury "" oh. "" difficult to · · l · i huffy · of persia · since i · those ·, and · the · · · · the movie besides · fan 4 stic for · johnny that basically changed character · a · · just retarded people defended with alba · "" except half · so truly that comparable generally even if · character since about · · characters they could · alternatively · · titans when they just · · if they wanted · · · to · an · · that they paint orange and · the · invent a · · believe · police · the new · - man game · · · but people aren't · so they just swap races · characters they could create following · · if they were ·, but they're barren talent which is why their great · just · · character's race"
REDDIT_121,4,0,· · · ·.
REDDIT_122,4,1,· · · for · · twitter · · nobody merely a · few · · of retard.
REDDIT_123,4,0,good for them welcome here · ·
REDDIT_124,1,0,"betcha using · purportedly · ·, merely utter fuckton of false positives too?"
REDDIT_125,18,1,"[ · ] ( [URL] available · i looked done · tweets to · how she made this · ·, · though · in this same comment chain lower this much to do with · bethany · · something in · days of · that anyone · with python, api, r could do in the same amount of · i'm · to · to dissect for everyone, merely keep in mind suck ·, lone · tweepy twitter's · once in my life, and · the relevant research ·, it appears · · the · api to · the · · [HANDLE] >, she separates user · into the · · users first "" · · · using · or the api the · category sock puppets "" which is defined by her as · 70 · day not verified [URL] [URL] this · · ·, · besides · morten [URL] she has not · · what anonymous "" · ·, merely · "" probably everyone · default >, she rate uses · to · sentiment analysis, · textblob [URL] [URL] [URL] · free to have any opinion · this, think it's absolutely fine for a first · which this is ) her view that a · analysis: [URL] [URL] from this she gets the axis · > then, · · · · something · running · done · [URL] [URL] · · types · · compared to her · form categorization, merely i · how much · · · · as · note, · and · at aoir ( · · · · last week, i posted ] ( [URL] a number times merely threads · getting nuked completely retarded ] ( [URL] · that · in · several internet · to pay · to this as possible study topic: [URL] [URL] other · apparently · · with some · truly · into the weeds with bay that ·: [URL] [URL] edit: invited · · to factcheck this · [URL] [URL] · 2 · lacina was not at aoir, and says this approximately right [URL] [URL] · · anonymous "" late · · · of your questions, [HANDLE] the anonymous · no user descriptions your account · not · anonymous, · · you · name / · the goal to · generic account, just · · "" [URL] [URL]"
REDDIT_126,1,0,thanks man saved for future reference
REDDIT_127,18,0,\ > · to · the · it like to · a ·? no idea how she achieved · status merely somehow she seems like a · hci fandom and · researchers maybe lone twitter celebrated maybe misinformed know · · her · · · )
REDDIT_128,18,0,· · ·
REDDIT_129,6,1,will put · into the cunt of mother and · · ayran
REDDIT_130,6,0,common · insult · the · · · · · the internet.
REDDIT_131,6,0,gotta enjoy the smaller things in ·
REDDIT_132,14,0,"jesus fucking christ · are fucking hilarious getting · · · like asking for weightloss · from the worlds · man fucking hilarious, kudos · in story a decent · and · balls, aka self fucking respect"
REDDIT_133,21,0,be gay with or will · · ·
REDDIT_134,21,0,pyramid dic · can take
REDDIT_135,22,0,"lone · · of · was · an · · ” people · · necessarily · · of ideas now · are telling us there bad ideas and ideologies combine these two premises and you · · some · * · · smoke · · going favor preferred ·, ellen color · solution, not · ·."
REDDIT_136,22,1,· · are racist? absolutely unhinged · left? people who · · racism to · themselves · lone · enemies? you ’ · · · speech laws this makes you a retard.
REDDIT_137,22,0,i saying that · lost the intellectual high ground · · to define racism as an exclusively · conservative phenomenon
REDDIT_138,22,0,you keep flapping your · and all · is disparate · · ” · equality of outcome · marxism we aren ’ · your self · redefinition of racism anymore · and we ’ re not letting silence all of your · political · with baseless · and bullshit.
REDDIT_139,22,0,s nit hard that leftists had to completely changethe definition within the last few · ·
REDDIT_140,9,0,"number 1 · one of my · examples of why · · from the · the following pictures show the crime · and blood spatter the charlie hebdo officesr [A] [URL] [B] [URL] besides seen a · inside the · · · was housed, one of the men who fled the · from · floor · · cover in hunted and shot to · by the attackers people unware of how · · · person bleed out from a · · the · that people were · death · that every floor was · in · · from the boot prints of the · i help merely * · ferocious * about people who * · * said · ·, saw some of these pictures finally said "" · because they were offensive they should stop being so offensive. "" if rationalize offices · blood because they said offensive things, rationalize · · · then came * guilt · * of people · · the victims of the · · "" how dare you · · weeks · what about · · matter? did · · that france's fault "" i · my · reading the · that year my point absolutely * no · * · that the sjws rationalize a · attack inside the · against · agency like border · ice, when already · charlie · and · when somebody like anderson · comes out · left wing · · on federal building ( · timothy · or dwight armstrong, and says "" the * real * victims here the of · policy; the · normie blowback will be so angry that may ravage the · left and · destroy the · party, in country that's · ending merely i'm · where are headed anyhow."
REDDIT_141,9,0,"· hasn't / · ways been · · point? "" just a · ·, well we did · are noses in the · - ·. "" not nearly to the same extent if they believe it they · about · · to 9 / 11 · cia · - agent snitch in the · a · fuckton shit · · wait ·."
REDDIT_142,9,0,"well · at your · precisely what connor ·, work for the cia, worked the nypd ( side note: i hate that they can have that kind of · ) not at clear that double agent merely · was a snitch ( · that · be good · in case ) the · · merely · interrogation seemed leery · are bullshit ) that mean that * · * ·."
REDDIT_143,23,1,· · · single · in here you · pussy · ppd · fretful little cunts like with · arms · ·
REDDIT_144,11,0,looks · this · · · a hapless miserable whiny little purple - hairy soyboy how sad
REDDIT_145,19,0,\ > go to · · · \ > talk · alternatively · you're surprised
REDDIT_146,20,1,"ooh, · he's a fucking twat."
REDDIT_147,18,1,"have no · · still · across when 0 · do · · karma posts piquant · · that's gotta most retarded shit i'll read today, · · there · · of outrage ·: ·, lone · · ·"
REDDIT_148,20,1,"it's amazing how · · · · themselves to, don't realize they saying trp advises · · and this cunt is justifying being · whore saying her man · women no · a red - · view world want men be on it · · · is · back the · men would otherwise · it · · trick."
REDDIT_149,17,1,stupid cunt lmao · these people · themselves ’ even bothered think critically shit ·
REDDIT_150,17,0,· act the same everywhere they? holy shit
REDDIT_151,11,1,someone uses · debatable toxic · wholly fucking retarded as · as i · or · · those words · · · have say
REDDIT_152,11,0,"oh shit i t support him anymore i love everything he does, but he just crossed line."
REDDIT_153,18,0,"this is great · poverty law ·, · donovan of data ·, discord, super chats. · · got · one that · take the chinese discord bait: the · version · · wasn't ·: > so, as we all know, kavanaugh is an incel: [URL] fact, he's dogwhistling for the beta uprising > > we know mark ·, one of kavanaugh's nearest ·, is a gamergater [URL] > > we also know russians · in elections > > · to some · ·, · to · discord to · nationalists: [URL] > > you can trace back a lot of the most despicable · toxic · to league of legends, which the pinnacle of community · until · bay · · to · ones > > do you · the meteorologic rise of online ·, the · · · politics, and the usage of discord by white nationalists are just coincidences? > > you know who owns discord league of legends? ·. a · company > > do you truly think russia is the lone · power · to · ·? > > the great firewall of china is to · population · on · · with their · instead of spending all their · on · ·, · foreign · · > > white nationalists gamergaters who are deeply · into these alternative influence channels know this · why they're so · "" · · > > ·, a bunch of them are anime - watching neets and weeaboos who are actively on the path of laziness and celibacy laid glorified · · > > master plan to create a male surplus in their · then, · over their young men to · public · to crowd out and · · leeching · · then · sexually and · a · percentage of half - · families hoping to · over · firing a single · > > rest until every man, woman, and · · discord as the pathway to the · · · has lone handed the white · to the ·, merely also to hand the supreme · over to the chinese."
REDDIT_154,18,1,"\ copying pastas alternatively · them by · who do · i · · from the nbc · on discord / white ·, was largely · · of · · · truly bother · chinese · · and · · [URL] thread this · comes the · ·, modified because · jordan · · · ·, and · · was confirmed · [URL] · a few different · · in · of · · another · incel attack · me · · to modify pasta to push "" · · · · · merely i'm lazy · · besides · · stopped responding to me because i keep · them retarded story ·."
REDDIT_155,3,0,"all you see is · and rednecks author, possibly you, and the country."
REDDIT_156,8,0,rather · merely i like when · · · · lack · · to having about · welp guess what else they have
REDDIT_157,8,0,ha yea · what they do have
REDDIT_158,8,1,"don't be retarded, ·"
REDDIT_159,15,0,"so · · how it · merely much the · us · towns and between towns · departments · bigger · · them excessively merely · of their · · have · the service so the fire · · fee · [MONEY] year or something if you pay a head of time they come to your house and put you out if you say you did pay, they inform you you will be billed and put you out if you lie and say you paid "" are they going to do just · and watch · burn "" no, no they they will be · sure you · ·, who paid"
REDDIT_160,10,1,"their fucking problem, i · · of the · problems society · is · · burr says · process merely besides that people the lazy · conceivable it · to · bantam bit of research on the people they · ·, · that these people · about just people · · · merely people like · who · to stand to · load · is lone lazy about · people disagree they · and · very, very · · this get such · viewpoints call their ·, they · to fucking admit even · it's · obvious [URL] · · joe normally merely · much · the ·, these people who jump to · · any fucking research any · the · to just listen to · properly alternatively · done · · watching anything · · · about that person even people · hate, i try to · the time of day research their points properly you · that these very people do this will calling me and · · to · · they did · · ·, · · · · about these people when their opinions about · are so · · best these people lazy cunts, worse they · defamers liars · · to"
REDDIT_161,23,0,"although · ·, and as · as it, we · type · by generally normally · a free · purist · of · the · with free · it · forms do not ·, the subs · has no · the types choose to · here, rather our commitment to the · of · speech believe? these types · are · · · · reddit every · not to · sub · of · flags trying to get it shut exhibit · below ·: as white supremacist it really gets · that so many · women · the rape · into question it's about like most black men really want nothing to do with · · yet · · insist getting raped left · the hell i · to claim all · are chilling · · · to · rob them or · to · murder them if not ·?: ( > can't raise our daughters better, people? · · against · · · · multiple · · the same exact bullshit"
REDDIT_162,23,0,·
REDDIT_163,7,1,"· the · · · be ·, merely · have · · mp · which a · · i would wholly that p i · the actual · stress merely · the · · i · more · the retarded ai bots than did the actual · ·"
REDDIT_164,6,0,"not large · · merely there · are · literally · 300 games in a · without any punishment · that · any real · keep them in check · a player in enemy · constantly · how he is going ·, why he is doing · · · items that · from · people can pump up these items with and just running, with kills deaths. no punishment the · · · fact people · · or if they are "" smart "" they just · like they play · · say anything."
REDDIT_165,3,1,"· so · · · · · / · we need ·? ·. i feel · mocked by · · white, author, and demand * stop using · · * · · for same your ·, cunt. live or · a hypocrite."
REDDIT_166,13,0,the humanities · lack of humans sure have a lot of npcs in them though
REDDIT_167,13,0,· merely you · about people · · and go full emotional · · mode and can't be ·
REDDIT_168,13,0,"· hollywood those lefty types hate loli, there are fucktons · about · · rings in · · what they are trying act like it's sexuality absolutely valid places like salon they seem to just hate the idea when it * * make victims this point i'd question what · thing these fucks · of · even if they suggest something normal · good they are so mind fucked ·"
REDDIT_169,7,1,given important · to sony should forget who is · merely this · absolutely retarded and is · · look matter you · just · · · needing · done american · · · · japan is · asinine
REDDIT_170,7,1,· developer support because ( don't · to · these retarded demands · · · · in · · · · · sales · fewer · sales in japan more · better can
REDDIT_171,7,0,"· barely disney, they be finical profitable business just leave money behind"
REDDIT_172,17,0,"· women are so debatable, they create · by existing it ’ s sad."
REDDIT_173,17,0,keep being ignorant to the truth
REDDIT_174,17,0,no one hurt me · seen how many white women are responsible for everything is · western · and i sick of
REDDIT_175,17,1,"thank you your brilliant · inspiring · life have shown true · · · white · as · and most brave · of our · · and · reverberate · time being single amazing · the · mankind ·, white · not · · · · sucking faggot."
REDDIT_176,17,1,’ m gay stupid faggot lmao
REDDIT_177,13,1,give both general lame retardation and · spelling i have taken to calling them syfyhilis
REDDIT_178,21,0,i · am only man who give a · it ·
REDDIT_179,21,0,gmo · or sex robots which hurts women most?
REDDIT_180,21,0,tell me
REDDIT_181,21,0,lone · your · · right · politics maybe if did ·.
REDDIT_182,21,0,brianna wu
REDDIT_183,21,0,just · up and hockey like bruce does like his · golf
REDDIT_184,21,0,just tea ·.
REDDIT_185,21,0,dress like prince goro
REDDIT_186,13,0,"logically would · there be · · of net servers consoles basic, maybe slower which is free a · · version."
REDDIT_187,14,0,complaints from the · · this absolute cunt that truly · ·
REDDIT_188,5,1,joke since · · just retards who lone · · can ·.
REDDIT_189,13,1,"· say if she'd · we wouldn't · with her anymore then again brother's pyscho · a more · · · a decent amount of meth and remove her blight from · at · the courts around put up with her bullshit · is keep letting her out in and out of jail years possibly this · keep her in put her in · · · she's · of lying cunt, * very · time i · with her myself a phone · think · about her and brother's · that · · · from her sounded so · and · with · that · be able throttle her through headset sadly due merely genetics of her pyschoness brother's · · ( merely very · about and her being in and out of ·, about be · earlier · and i · she as · · disaster · · in her life · it saddens · · behaved baby merely was around her mother excessively much, my · didn't truly give much of ·, and couldn't take · of her besides infrequently wonder, if someone her cunt mother random foster · raised her if · turned out · i · never know · stop thinking about earlier · · for booze"
REDDIT_190,0,0,"my · made while smoking · you can ·, largely meth not · ·, for better or worse besides, a shot for you · that · · a · ride"
REDDIT_191,13,0,"i have cider but rather · it after few hours after take my · depressants i · about getting bourbon but · taste · it · · my · pretty fast · autistically sensitive well · possibly i · and · it in · · tea possibly besides · ·, and buddy · said it good · he told me when have my opinion it "" think you have · exception of · apple · · taste like apple · extra alcohol. "" it excessively · · wasn't fucking beer · · for beer taste back of a swig or sip i think the hops? it · think · and the · taste · of no · how · shit you do that · · · · an · · i could taste · more in mikes apple in shrugs · · · · · and · shouldn't · · before that possibly ·, possibly my niece will have a good · - at least the · · · have without children she · ( not more like my · ) and then emotionally abuses or shit people · · ) kojima's · one · in mgs 4 · · with gonna obfuscate it even though · old · · ) you have an · · in a graveyard · · in the face · at a · of · "" · what she meant at ·, but she told · a · · changing the world making things better', not making the world worse than was before you entered into, when you finally · it. "" fundamental * problem with · of people like sjws · a · · · starring you in face stop trying "" · "" everything you will · just make it worse stop changing things that need changing you are · · · planet your · the · mortal life, · negative · · and possibly · yourself people need far more discipline and · they tend to presently · i · have excessively much and · · self loathing these people * are fuck · never stop and reflect and · might · · i constantly ask · thing i never · "" you know you might be · · """
REDDIT_192,0,0,"the · · that truly · to that's · to ) is from the · an entire world changes, are no · bystanders lone who · the wheels · them be turned think the world is a - · all that matters is keeping hands on the wheel just enough to · the car driving straight if that car is just you driving home, or you are driving entire bus · of people · want to be sitting the · seat · directions like a · · "" · "" you how to drive having a · attack each time you touch the ·."
REDDIT_193,14,0,"· is · that racism can actually be an · · trait the · · · we are · to be racist as a · impulse ) for this reason if you meet significantly different · from you who are result · different · pressures that are so powerful that they have lead to massive changes in ocular identity (. · skin · eye shape etc ) the · that they could be carrying unknown · which could wipe out your tribe · is much ·, your exposures have been radically different, similarly from point of view excessively, you are a hostile · to be treated suspicion as you are · · besides"
REDDIT_194,12,0,> gonna need forensic · following · going to ignore her lol not how any · all.
REDDIT_195,24,0,always wrong to hope for that most of the · prisons are guards btw.
REDDIT_196,15,0,"actually does, the · · people are · comes · · · to care following the · about the same level rapists"
REDDIT_197,15,0,"·, know laws · what · · has · to do with what is codified the · · · suck applying and · we don't go by book why · book if rapes are tried by public · the statutes · · · r · if maintain that it takes is hearsay how you spell by way ) · following · supposed to"
REDDIT_198,0,1,"about · · of · · · biggest · the · to "" · · little ·. and finally one person · more ·, and large enough · his · · into mighty faggot."
REDDIT_199,21,0,you did miss it we did a · webcam show about it lots of dick
REDDIT_200,21,1,"· report for being ·, coarse or · · change, faggot who · me to myself."
REDDIT_201,21,0,lol how are ya gnu
REDDIT_202,21,0,"cool glad you red bulled you · how i, which is what this is all because i adolescent girl"
REDDIT_203,21,0,lone to have a fantastic evening oh and it's birthday.
REDDIT_204,19,0,viewership already fell done floor once · politics got ·.
REDDIT_205,2,0,· thing is if you have intern blowing you when you're · pretty · an · with regard · · particularly if she is blowing you at work. if she wasn't working then · at all
REDDIT_206,22,0,"· hr regarding the · behavior of the president of the · · · ’ buy into the feminists idiocy says power imbalance any qualifies coercion, merely come the · on."
REDDIT_207,14,0,"· · understand · · · in this · · · in rare · he marries someone · · then the · can wholly fuck · up if you · icky judge · court, basically strip · of · and · to go on working else be imprisoned cannot · paying an · amount i · · that happen to be earning · at · · can be court · to go on · even if · your · · demoted or any marriage in modern age · men · nothing merely · buyer ·, you find absolutely · marriage · you · · exposes you to"
REDDIT_208,5,1,· · men turn · · · involved · · to these cunts for no · · she's · to · your · bro ·
REDDIT_209,19,1,"· · · a potent tool for hate · "" taking * our * games and putting phones for * ·, * a · · · in · - · sentiment · is · a · · ) for good · # you are censoring games in ·, you fucking white · · faced · fuck you a · anti - · · who hopes · ·."
REDDIT_210,5,1,"lol · · · love womans · · · a sexuality, trying make money of · · · about · merely · these · · · this cunt in years when hit wall multiple times probably · be · · in front of her · · · money."
REDDIT_211,23,0,· becasue identity · up feminism that when · critiques · hear them · · alternatively · ok · rarely do this what should their flair be? be ·
REDDIT_212,23,0,ok go with merely · ranchuier
REDDIT_213,3,0,· the op for the · and details · i · typing · · · one · in the different direction merely · down to the same thing: · · is what she is because she refused · · tell her what she could · presumed the · to decide what was acceptable what just like the · is doing
REDDIT_214,3,0,· · [HANDLE] the author the · · the thing the · posted for us to · to · · · · we efficaciously · · ' posters' and need to · them edit typo
REDDIT_215,3,0,·. it really is · · to speed on it: )
REDDIT_216,1,1,"·, not be complete fucking retard and give all the ammunition and media coverage · need"
REDDIT_217,7,0,"was · with first trailer, merely the · - princess stuff · me absolutely fucking loathe movie made never want · it · on netflix it · · it disney's service coming just · · for i've · · and · will, no · in that one"
REDDIT_218,2,0,this · lone been · to the right the · time been here
REDDIT_219,2,0,"i guarantee nobody here has become more left · time merely · people have said they have become more right · so yes · is slowly · more right · i don't · · to deny it just so this "" · moves · "" idea challenged it clearly isn't · true if i'm saying is · and i hope realize it is we · to have full · people · · and they have either left · or left marxism · hear from this ·"
REDDIT_220,22,0,· evolved · here connected the · · do strengths pattern · · one at point grow · of slapping same retarded articles from same retarded journos · looking · to · turns out · ·
REDDIT_221,22,0,"the democrat party sprinted to the · since [NUMBER], was pretty · march done ·, media, · · science are in the · · excessively and the · poor will be as leftist as they need to be in · to · and · the wealth · · so yea, the fuck are you talking lol"
REDDIT_222,22,0,"i · americans, namely ·, · · · a whole becoming · · lone relative lefties · the table that · · the · becoming · · · · relativist retard, leftist are"
REDDIT_223,5,1,· worthless cunt the · · faggots still defend are what's · the ·.
REDDIT_224,14,1,if i · · · some miracle i dont · · · instant she · · she invited · and making · · i would · throwing · · any · i · find the stage like do concerts · the · · a · a cunt i · · · her payback for cuntishness
REDDIT_225,6,0,confirm.
REDDIT_226,4,0,written like someone got all their · about japan · culture old · videos
REDDIT_227,17,0,violence ’ · what she said one · to be hit.
REDDIT_228,5,1,· in general don't realize how · they have fat girls on a · · · of delusional this cunt were man would die ·.
REDDIT_229,2,0,""" · · · it the · the · amendment protect from ·. "" later "" we need the · to · down · · a public space · the first · "" a · · predicted this ·"
REDDIT_230,9,0,""" stupid fucking libertarians and · ' ·, · market · everything, ·! * moments later · · are doing their part to make · a · · · down hate! they need to · from · · · · whining about how they · · anymore """
REDDIT_231,2,0,you should watch · le vau's latest video steven · of · is · · and makes me · jimmy dore · ·.
REDDIT_232,9,0,"i like dore, merely it's clear he's closer to regular far - left anti · leftists he out · pointing out how dangerous censoring · · was, and how bad can be for everyone, particularly not · leftists"
REDDIT_233,2,1,he's balmy fuck · merely god · best · we have of · done all · · · · prevents left from · · · people · · possibly · thing go in · · · · up done · org trick these retards into ·
REDDIT_234,11,0,black american women are the racist group of · the ·
REDDIT_235,11,0,[URL]
REDDIT_236,11,1,can't even come with your own · · my earlier prediction of a iq you are · the · i hope you are a · home and all of your needs · see you at special ·!
REDDIT_237,10,0,have you ever · · that · · · itself actually rare and · activists that have been · their · · people into · ·? and that you have these women · · · in · lone · the · merely · advantage and have · to · from these accusations ·? you also didn't · source your ·.
REDDIT_238,10,0,"i · · · with you there told you to · up your statements, on mobile? what? and truly? claiming being sexist i'm not · · · despite you posting no · any to · ·? it's remarkable to · · · why · against kind bullshit when you hold those · about someone · even · or spoken to for five · so · it's · easy to · for, yea, you're just admitting you're too · to backup your · besides say to · uses the · ' it's this · · to you? if for · then you should · · of · · being caught men nothing more than collateral damage to you?"
REDDIT_239,10,1,"did when · · a sexist · dumb cunt, it's · me how you don't · · · · · · · that it explains why you have such · · · · place"
REDDIT_240,10,0,"the irony of all of this persons' ' insulting' me · a false accusation me trying declare sexist · like all · with · · · · / fascist claiming misogynist if it's just · · i don't normally give a fuck truly merely · be · if they were just some dense · · · the accusation not · if they actually · of their way · · about me could probably win · case i about feel regretful for them, about, because they're all · · · · isn't i call · · capitalist · unless · genuine · you to earn polite · me the same way earn · if · to · me flailing own fault if they gets · · i don't owe · just because they deigned interact me."
REDDIT_241,10,0,"prefer be like sun tzu · than jesus · you · as for winning people over i'm · in · fanatics who hate me for disagreeing with they are in the ·, it's people who are watching · · in · side."
REDDIT_242,10,0,· research is needed on · · generally nevermind feminist attitudes to it what · though is how they constantly lecture me · and · that false · are · in · that means they should be ignored
REDDIT_243,16,1,"you · to · a good · when · · give you freedom, · · you do is look to inject · · · ·, they forgot to do it, · ·, [NUMBER] · [NUMBER] / · / bc 2 vietnam where antic, bf · ·., · ·, · · lost it's ·, merely doesn't swipe what they did earlier ( serve excuse for their · questionable choices ) let's fair second, as much ·, like battlefront, they are · on · ·, i had betted a · the · · · · · · combined · · the · * dare someone to · · or · · are · · well, i · you ) · · are, · excessively, only they · their · with retarded politics, · and., · origin "" join a · squad "" ·, · to · relatively polite ·, · me almond · from · ·, "" · · "" have · power, · · freedom, they are known priggish dogma if nothing ·"
REDDIT_244,16,0,· · from [NUMBER] now making ·. god damnit shit realy good.
REDDIT_245,0,0,"one thing that · saves us from full cucking "" places like sweden is that · · · always stereotypes and hates us for being objectionable ·, no matter how stupid we sound which is a · · keep · · on "" pushing ·."
REDDIT_246,16,1,"country is more cucked the us or sweden cali vs sweden is a tight · ·, merely · me to · your · · ·: * who · and / or popularised the retardation the west, · to · · "", to gender studies in the · the · 20 years sweden the us? * * being objectionable ·, no matter how stupid · which is a major · to any "" keep calm and carry on "" · that > europe · stereotypes and hates us he said casting europe into one massive block and · his · pills on one member the us is on a full · against · · therefore the ·, dear o' trump will · if · to · · more subsaharan people africa to · · · engineer education into the west i did · ·, · ·, a competition on who is more ·, get · · else, merely the · ·, is there a · on the internet · from ·?"
REDDIT_247,0,0,"· i really hit nerve something even · to · merely · ourselves he · · and i · that · to · · everyone excessively · a · · to go along it. · · · pretty · · for why · the way are america versus many · of · specifically the · and · · if can trust · ) "" i didn't · much, · from ·, to not · to · · off themselves and act snootily · merely i · we both live to stereotypes"
REDDIT_248,16,1,"seems truly hit nerve with · wasn't even · · merely americans ·, obviously · · · > · · the · themselves act snobbishly · · · the · off themselves · snobbishly superior, · the same things · in ·, one the · is · from · · / marxist, in · the · form · · · europe, merely it · still · the usa, and · you have · about it, it's · the same incredibly · "" answers ·. * "" we · · and the · amendment * they say after a · want and do! ) fire · off · not · fucking · · in europe * · defend family · future · engineers! "" * ·, forgeting the · black · they have "" you · are all arrogant they say, · · that · off · · * · americans became the very · · us ·, guys · joke · using the same one · the past · it's about like the fatigue facing the same jokes · than the based on old truth taunt behind it. · and more · say * "" ·, · "" * than engage guys the past years, i · what happen'd you guys, merely the · is · · the · weak · no · · anymore, fortunately still · · for the · > we · up · of ·, i'm ·, supposed surrending faggot, yet i am, · · * · * ' · · out of sport on · ·, know going to ·."
REDDIT_249,0,0,"he · after pushing the · themselves i didn't · · anyone, merely · a · · · · it one was immune > always the same incredibly arrogant "" · "" that come out · some lands "" we are · say opinion all the time ( like right because we are assholes "" can be · · go further, merely you are · a bunch of random stuff not · ( minus · being ·, · on · · my · life not · years ago · anger other people who · to and acting like we are · to · at other merely continue you bro i'll · · my icky area of the world's complete bastardization of your · couyon."
REDDIT_250,16,0,"we spoke · here · actual · render something large not engine is one of the worst · there will · dare · that · scriptum · less weird shit · on · in ·, but for weird reasons operation flashpoint run · "" at the ·"
REDDIT_251,7,0,much bigger story than hot scoop the last guardian was · · · · media ·
REDDIT_252,3,0,"matter how many stupid posts you make stare · ·, nobody · believes you."
REDDIT_253,1,0,"i · that · online games suck, merely does it · · · that private · · to do the > the · of · · · · · v has · the · to search the · · · · of · · software > the court order · rockstar games and · company · - · synergistic to search · · ·, australia, for evidence · to a cheat · · the australian · court besides frozen the · the · have yet · ·"
REDDIT_254,1,0,"> the · national · · · · to the prosecutor's · after modification · to the · · the · polish · camps, where is the · this · · ·, where is your ·, · ·? · ·, the · * really * like the · ' · · ( to · the · camps located occupied poland, do they game doesn't · steam yet?"
REDDIT_255,14,1,"· · truly a · of retards though · a · · he is a female · a retarded witchhunt · accusations the · that mgtow · of · · chambers yet · others for being · chambers they · · · "" · · applies · · · must · a ~ witch · should be banned, we dont · · to apply · ·"
REDDIT_256,14,0,· the hilarity is they are · and echo · like as those they complain scoff at zero fucking self awareness
REDDIT_257,1,0,"> the · of hours i have · this · happened · i do it it happen me ' if · · skill can do something · engine is ·, why do you · authenticity setting · · that · they were all · someone had · to · soldier with flamethrower stood atop another soldier riding horse"
REDDIT_258,17,1,"· · and all · sissy, please · · · · to look gotta here this retarded shit earlier · place"
REDDIT_259,24,0,i really wanted to · a woman a · once · it
REDDIT_260,23,0,· an incel who makes · · · · shocked say i know it's difficult for to believe merely most · · · who like trains · them · the · that · them incel and twat waffle? ·
REDDIT_261,4,1,"no matter what absurd · it is, he deserves · · · reflection · a · · · this cunt."
REDDIT_262,1,1,"yea · at · and seems be · by · ggers · · · [URL] ·: oh this [URL] oh, i · dankula a · alt right cunt, · · nazi"
REDDIT_263,4,0,he's been beyond redemption since he went out tangent against · · ·
REDDIT_264,4,0,"· black hole · · but enough talk. at """
REDDIT_265,4,0,"· actually read or watched particular gay vampire ·, it · · purportedly cast no reflection mirror."
REDDIT_266,7,0,why · enable · · if you ban people for doing?
REDDIT_267,2,0,"you can't play a woman in the single · then these guys bring that the original · dead · · where you played as a woman and as a black · · much · than "" i empowered enough · liner."
REDDIT_268,2,1,yea just · of sad know for a · could do a · better job being · journo than these retards
REDDIT_269,2,0,guess · people aren't · indoctrinated actually · as · thing them the lone · that matters is being the most woke the stupidest woke take is · the · take
REDDIT_270,0,0,a · of social justice ( especially a · top names nerd version trace · a disturbing amount.
REDDIT_271,17,0,doesn ’ t matter it the ·
REDDIT_272,17,0,no.
REDDIT_273,5,1,"the · · · to · the cops · all the cop said you to. "" and lost · have there · little snowflakes, · a reason offended something and possibly · who "" · you is · · about campus possibly he actually rape · dense little cunt who sex you · and lone · you can · · by · · · nether · · · ·"
REDDIT_274,13,0,"i wouldn't be surprised, merely besides an emotionally ·, · · righteous twat bag know how keep his fucking mouth · i · · of · a · · · in · read · · on his phone or · and scaring · a · you try that shit on · and careless judge is with you politically they are apt to · you in literal and legal · and beyond · and money, if you are objectionable enough shit · who · · over you they are apt to use · you let's · you did nothing wrong and cop is mistaken in traffic stop, you make enough an ass of you are · get a ticket - which you may be · get · in court merely just it, you could have merely bantam · time and · being · and then let go on way, you to waste · in · judge, you that · you are apt spend a · in · up, and · get pepper sprayed · in · now cop might get fucked doing these things, merely you got · ·, because you just · fuck up and get traffic stop over with what i have heard i · see waid as a guy with 5 · a weekend in jail and · burns he couldn't shut the · up over a nonissue granted i may being excessively · which is slightly out · for me granted another large · waid is * besides * white male and doesn't have · · the race card to · besides being veteran may get some sympathy · from judge zack"
REDDIT_275,13,0,"so basically go full · fuck yor ·! """
REDDIT_276,23,1,mustaka was right a cunt
REDDIT_277,18,0,"feel like you're understanding i phrased · · i'm wholly · of how · * · extra · it would be for the · and minds it · · i said, staying · able dense · · · face post chiefly guaranteed replies baitpost with · · a · · will be aware * of this choice made for us the mods i think there should have been gluey about the · -, · vote for / against lone found out because was · · wholly unrelated to / · / · · · of the ·, that · people · why 5 · active users all day friday alternatively of our usual k in ·, our population does, without ·, · · the · have unilaterally chosen to · us out of · · b if people don't like the choice, they have designated place · · ) people like the ·, they can · and · a · of · · / · i · the decision the · ·"
REDDIT_278,19,0,"> if · like the choice, have a · · · what · when the mob · the · post follows?"
REDDIT_279,18,0,"·? i'm · about this thread the dedicated "" · about kia · and · thread · / · · a reason brigade this thread i'll thoroughly ·"
REDDIT_280,19,0,have they ever · a ·
REDDIT_281,10,0,"· confirms my theory female · · frequently · who can't · · · so they target · · alternatively · · · it's · that teenagers are wising up to this so · possibly they'll · together to bring down these · of manipulative cunts who just using, i have much ·."
REDDIT_282,10,1,"matter · · ·, if · gets about psychotic they are men will avoid like plague feminists are · · men · · instinct when it · to women they know amount trouble · into if they even have one night stand · · constantly from feminists particularly · about being unable · man or unsatisfied they are sex they're · even with married women i still maintain they're marauding are looking · · · it's much · to seduce a adolescent boy who know any · thinking they're · · tons of sex · · · to · a paranoid · in his 20 ' s crazy · done · girlfriends earlier · women that · do to their · fact that they know the · of getting any · · · what is probably · them · way they do"
REDDIT_283,23,1,competitor military as well which wholly irrelevant · merely could it thats point though she · · · was a cunt about excessively
REDDIT_284,1,1,"· · this · - and it was · timeline is this? > picciolini who · himself as a “ former · supremacist leader, · onto kotaku radar in july he · a · · in it, he claimed that right - wing · · into multiplayer games to · vulnerable demographics into cause intrigued my · · · reached to picciolini to · more curious the · · movers and · who could fit · political pitch into a · · asked picciolini for evidence of · and ·, referred · to “ the · who · the recruitment and · a · of nazi · in open world games like all points bulletin besides · a · of the game active ·, a · · ·, pulled from · earlier release · · was from a youtube video titled · · ” in which someone · · played · of · it 11 · it ’ difficult to · that the blustering picciolini seen enough to make up for the · · s · sparse evidence, have spent any · in online multiplayer game you · that some player - made digital swastika is as · a product of · - old · as it is of neo · · · to turn the teens to · this leads to basic questions were any · of the · conversion · interviewed? any · this is happening on a large ·, why haven t any games journalists — particularly · who spend countless · week · online games — · a whiff of this · thing · on it npr sources · as · out in report merely do not provide · support for the · that white · are actively recruiting · on multiplayer games on a scale broad enough for anyone to concerned it to · it a step, · · · · a · pipeline · · - · extremists are buckling a · in normie games coverage that merely · to · anyone is going to · cover the · · gaming ·: parental · mongering as journalism it s what turned the · · about video game · a hot - · · of · research and even · interviewing tactics it what ’ s wholly distorted the · methods · · · violent games make · more violent it the · of thing in the s · suburban parents to question whether their dungeons & dragons playing · · · the npr · s author who is a mother of ·, · a book this year · the art of screen time family balance · · · · · to for comment not respond asked picciolini why · · · that there is a pipeline between · · - right · he · this · emails or calls weekly from · concerned · sons are · to use language · · · and · · · narratives denying the · or defaming jews · conspiracy · · to · soros parents · · · believe that are · · multiplayer video games by · participating in those games it · by · · like · * ggot ” “ · · to desensitize · by ·, · · beging [ · to · the words until · to forums on gaming · 4 chan and 8 chan. bets on her getting screaming · in her mentions today"
REDDIT_285,9,0,suddenly i feel like buying hornady ammo.
REDDIT_286,9,0,"> black · i looked them up, · · looked like · · · the honeybadger and it -. ow."
REDDIT_287,9,0,"> ·, know they made a 70 ·, · why, seems · obvious me they want to watch · explode into gelatinous cubes when they shoot it!"
REDDIT_288,9,0,this shit right here is settled science.
REDDIT_289,5,1,"little simp · boy men letting · walk over them · truly not difficult to figure out if men would · acting like such little beta faggots, · would · · actually act like adults"
REDDIT_290,15,0,i largely despise hot ones too.
REDDIT_291,15,0,obviously she needed it she already · two · two punches · and · · back more · tazer ·
REDDIT_292,16,0,"deeper · "" should they then · all · from steam then"
REDDIT_293,16,1,"> is spamming · and · hitler "" funny? yes it is, proper · · can hilarious ( not · ·, one · ) · · in my guild · as hardcore ·, yet and ig char is · · ·, it's actualy hilarious witnessing either · · · indignated and · · actual racist · · until he show and start · · ghetto accent · nazi propaganda, the · · so far are actualy leftist / social · · to · what to and threading · · · > private · should handle · · to · user · · yes, the celebrated · company do they want, maybe you can lend · · dosh can outbuy valve about steam > your · precisely why · of · lone · in usa you fucking ·, · > this · of thinking · to · · on? who fuck are you? > you should feel · to have actually typed that out so on top being pro ·, on kia out · ·, you actualy resolved? hey why don't you go back · and get bent ·? · · day you will · concept: anyone can · or nobody can, middle ·, if you don't ·, avoid and ignore it, now go and take little friends · censorship · ·"
REDDIT_294,16,1,"i'm not going to · · with · · know · > · users write any · any · · is · a good concept my ·, · better, · · · · · your · i · · · you're · · right · off moderating their website · · · majority of · are · · if means · · to · · · · · on their · · not · say it's · logical that get axe · · · · of speech · · can't have boyo > because if that what · on · possibly they misunderstood · of · smug · i've · ·, · for passive · soon to - be - bent cunt muppet"
REDDIT_295,6,0,is it between the bread? no so as long as you dont · a · its a sandwich
REDDIT_296,6,0,thats inferior being sandwich it didnt · · done · · a sandwich and will cause · · if it drops · and we all · side its going land it is as · a sandwich as a cat is a ·.
REDDIT_297,0,1,"· a · · open the article with have earned me being ·, · reading the article the slightest ·: besides a good · · the retarded events transpired."
REDDIT_298,3,1,"oh let's take one by one · we > let start women lone · pregnant about · each · · · the · · "" the · · "" you'll · the · · between 10 and 25 · > so pathetic, that when · contraception for men was created, it wasn t approved it · contraceptive for one · was a · of injections > and the list of side effects was about 1 / · as the known side effects for women oral contraception the side effects things · a · attempting · > · in mind, for the truly · antipathetic, men also a not - ·, · - ready birth · built right in, called the · it s ·, and it s a · ·, merely it is also % · from the · the · · > so in · life, about of 100 women who · · · pregnant · · — about 1 that's surely far 96 % > are 0 consequences for men who cause unwanted · i'll · this article ] ( [URL] about a · who is charged for child support for a child conceived by a · who was convicted of · · the boy · consequences? · you cunt > 61 % of men ( women ) who legally required ·, merely ’ little repercussions citation · seriously back up bitch here an · ] ( [URL] about men who been pursued ( to the · of · and · ) for child support for children * who not * * > · are safe, wholly ·, given vasectomy · · further more, the · the · between the · · and the reversal · ( which is a simple procedure ) the · the · are that it will · from · we see "" · rates range · published series, with a · study [NUMBER] · the · outcome of 76 % · success rate vasectomy reversals · inside 3 · less of the · ·, · to 53 % for reversals · from the vasectomy, % for reversals 14 · from the vasectomy, and 30 % for reversals · after the vasectomy "" > not · of idea % of males the u. ·, · · · your argument by · to · · a * * · · * > men cause % of · pregnancies · ejaculations by men cause 100 % of · pregnancies · · responsibility"
REDDIT_299,3,0,· · the article the dipstick · · was · to stage · trial the treatment earlier a · treatment approved to · the · · · then go to a · bigger stage ii trial it · being · for · term use.
REDDIT_300,23,0,damn i · my · on syphilis
REDDIT_301,22,0,this · inversion confusing · coherent.
REDDIT_302,22,0,just ·: that's * ·. gaming · should be primarily about gaming they're not · because you are still apt to be challenged · · ·
REDDIT_303,22,0,"the · perverting language in a hapless · bend the argument in half a space free those who would · "" safe "" a "" safe space "" for people who want "" safe spaces "" a completely different · of space."
REDDIT_304,22,0,"because direct impulsive assault gamers? are you honestly trying to · and all reaction to motiveless · with the sjw · to · existing · · · that adhere entirely to values? that's fucking asinine · the · principle · · to leave the group ·? · refuses to do so · demands to dominate the space · · the ·? · · events who acted ·? the gamers who simply · largely · the ·, the ·, the ·? the · groups who launched concentrated attacks gamers and · culture debatable "" "" ·? · · determines who are the authoritarians · of events determines the morality aggression · gamers with sjws this · absurdly reductive ·."
REDDIT_305,22,0,"aren't · the concept of a · space to the extreme · the · a mask to hide · feelings which · · in · and · you reducing the · of a · space absurdity · · · to challenge and · one another isn't · "" people · safe · · · · two different definitions in the same sentence."
REDDIT_306,22,1,"charitable point me · mass gamer · of · predates idiocy anita · can't because it doesn't · · · safe · "" · · · center masquerading · · space ( · · · of · · ) semantics fucking retarded."
REDDIT_307,22,1,people are · george · for a · asshole orchestrates migrant · · · subversive · and · of leftist dummies are actually retarded enough · by accusing his critics anti - semitism · a · - · · wreck headed · · ·.
REDDIT_308,1,0,resetera going nuts already 23 · time writing [URL] going to · it merely · on twitter are already trying to · hunt · employee.
REDDIT_309,22,0,you · ·? · justice retard · how intolerant minority · 10 % of population is · to turn most of butcher · · · of our food is · despite minuscule Jewish · · % of a · is · start revolution · and · of our videogames · · and · by · · of · unbalanced · whom · reveal approximately of · so no gamers exercising their right to criticize hopes of · · change isn't · manbaby whining - - · · · minority · see why you · seek diminish our influence run directly contrary own · · way more · you guys do extra · · out · · · · side's · · · - · · ·
REDDIT_310,3,1,"·. · doesn't cover it: this twat is · about inside · is mis · it about slapped · · patron, what · about entitled cunts like me"
REDDIT_311,24,1,"so completely impossible to everyone here that she actually · that deportation is a · · besides, how is this ·? was she trying to use a · pas?"
REDDIT_312,23,0,who the fuck cares.
REDDIT_313,17,1,that · slap · that cunt back dead
REDDIT_314,19,0,· · inhibitory · and goes to narnia to · his true ·
REDDIT_315,12,1,"· like to · ·: - selfish cunt - lies to the · - strong · · people who refuse take · seems · the · · cop me, if · in america · · in"
REDDIT_316,13,1,"> having ·, scheming · a secondary antagonist didn't come · as · woke · it · like ·, · felt more · sjw feminist cunts actually · · than how they · they · lone with ·."
REDDIT_317,3,1,"i think has · point where matter all of these labels warped by these twats · of it · · least · of · not that it ever · much * · merely somewhere · · became · nonsense · is · person · of these dipshits, once give them a wide berth and · them ·"
REDDIT_318,1,0,· another · rant · someone the · sub ·: > · be happy to read this article other site he's · · · rightly gauged · why the diablo · · - merely · · to · across as a redneck incel when offering opinions made · bleed to read.
REDDIT_319,19,0,"i mean, i do have · way · ·, merely it's · · style · a · called * one · ·."
REDDIT_320,1,0,"some of · are funny this one ·, some are ·."
REDDIT_321,2,1,eh. possibly wouldn't go that · merely is fairly comparable to wetback.
REDDIT_322,8,0,"where's the lie, ·"
REDDIT_323,8,1,"you retard, is the · lie"
REDDIT_324,8,0,"no one is arguing, answer question or begone"
REDDIT_325,8,1,"oh ·, look i'm regretful, i · · pals retarded, · that the ·"
REDDIT_326,0,0,"and they waited until was too late for anyone to back out or have second · to be like "" woah ·, · your horses don't · * too * excited · how hype we have been "" to · and have some · after"
REDDIT_327,0,0,"· · it as a · pick up · · · with some swag · the · merely yea, the · are what it is much known for the last few years · attached to it ( intel wowhead threw some cool ones )"
REDDIT_328,23,0,"was · woman · · of · many · times ·, squeezed, hands down · · time i was held 4 · as was · as · junk · get me difficult i · my · and laughed · · em seriously on doesn't have military experience have an · on · in the military fallacy · disenfranchisement are · · know anything violence on the · off men as men are · · merely im distance · who wish to an · on matter the whole "" men dont · "" · than a · tactic to both control and · down conversation"
REDDIT_329,23,0,"i · · mocking this girl because she changed her own story from · sexual assault she's · in hysteric manner this were · crime she was · about, she would treated · way nobody denying rape happens · · · on nothing merely · and · have a difficult · believing her especially · that campuses · expel · · accusations, her story · · over · ·."
REDDIT_330,8,1,· · this · so · to · · like it is · because so bizarre you've seen it actually · · · had to · family · say · that's this pathetic the fact is · · to be this retarded sad merely ·
REDDIT_331,8,0,· that feminism is communism [URL]
REDDIT_332,8,0,\ \ > when you deny the evidence is right in front of you
REDDIT_333,8,0,· a · ·
REDDIT_334,8,1,"retarded, certain"
REDDIT_335,5,1,get · worthless cunt or kill i · the latter
REDDIT_336,23,0,i suggest you learn how a conversation like an ·
REDDIT_337,23,0,"· · · · that fallacy! · · · "" besides thanks for the ·"
REDDIT_338,23,0,· · i were you its · · one who earned · ·
REDDIT_339,19,0,"· a fundamental · of this · the author · to nether the · because gaming journalism is · ·, · people who are basically well · · · · · that the quality may shit it's · people who are * malicious; people who aren't just doing this because · · stuff, merely people who fucking hate the · they · · · and i'm certain he thinks this is it because gaming publications are · aimed hobbyists would · · any · · fields? if so, stop to · isn't [NUMBER] video games are · · · · - · · · and so the defense a small hobby has · · is · gone mentioning becoming · inside · is · · ·; the paul · · rich, cardi ·, and · · "" · "" · · · why · · about? why * industry · than movies have people · to · · ·? to the ·, * is * · · quality content could describe as "" gaming journalism "" yea, rehashing · releases is · and not ·, merely are people who conduct · ·, · about with ·, · on the · and · surrounding games, · aren't · · ) conduct · · of titles, ·, etc i don't · "" game journalism sucks because not possible for it · "" is all a · · to take; it's · · the · gaming · · people who fucking hate video games this · view of games journalism still issues of * · · · like "" · + · · "" is just flat out · if this · political ·, he'd be · · to candidates [NUMBER] on beat · ·, appeal the confederate · veterans in ·, · it to the ·"
REDDIT_340,22,1,"i think are besides · · at ·, forces that cannot merely explained · markets and · demand dynamics · · best · up · · fran · · the percentage of ideologically retarded gamer · · who · · · or · pathetic · isn't just · or correlation legitimately the root · all this · · in · · good videogame journalism · easy figuring out how · it somewhere · · · on coast."
REDDIT_341,4,0,the · source cites · development of · and the rise of new · developers stockholm it's not as simple as one single thing caused this.
REDDIT_342,4,0,would you like to · as · · # [NUMBER] an ea · doing generic yearly · would you like to · a · team ballsy ideas and isn't beholden to anyone? many · people · · · to · the · of · ·: · much earlier merely surprised · already seeing · as the frostbite · · and nothing.
REDDIT_343,4,1,i · job many a moon ago over boss complete utter cunt who was nowhere · · for the position he held · · · poor subsequently merely was · worth retrospect.
REDDIT_344,4,0,"in case, was a combination two · · one was the · boss was · a ·, he fucking sucked that, he kissed · ass to get the · boss job the · · his · a job under me, · to teach the ropes, all while giving kid higher · · · that job, · the ·, · give ·, · them to get · in not · words every workplace at · · person where · is · how the · did he / she get that job? · had two."
REDDIT_345,1,0,"> · refuses identify as · - right, ” a · far - right movement · · ·, merely the language political beliefs in his videos · reflect · - right beliefs > for one, · · ’ s video implies that · ’ s critics are all “ ·, ” · - right meme dehumanizing the far - right ’ s · if they are lifeless mindless · there are several dog · the video relies on excessively wrongthink ” is commonly thrown about · · and feminist · · where · · the “ · · ” are punished and there ’ s no · ·, lone bad targets, ” which is a · - all · · by · supporters portray · activists deranged harassers · targets ” with no concern for collateral · where is the · of · · · things ' · tactics, lone bad targets' is literally a · quote - pretty much a · alinsky ·."
REDDIT_346,19,0,"> then s “ no · · lone · ·, · phrase used gamergate · to portray · · · harassers · targets no concern for collateral damage lol the · they don't sum up fairly accurately it's the fucking saul alinsky · wholly ·"
REDDIT_347,8,0,took the hint
REDDIT_348,8,1,· yea certain hey · country · seem to like us · · · about mistreatment retarded
REDDIT_349,8,0,· · another · comment with zero · what they teaching brown kids with our tax dollars
REDDIT_350,8,1,· · that retarded comment makes any sense
REDDIT_351,8,1,what is this some gay bot account
REDDIT_352,8,0,so ·
REDDIT_353,8,1,· that ever a nigger
REDDIT_354,8,1,"certain, nigger"
REDDIT_355,22,1,"think the · relevant factor is the number of · · · graduating with useless degrees lone become · · · · · · · journalism is lousy with radical leftist · · · · of these useless people journo is just "" · of the jobs they can do ""."
REDDIT_356,9,0,"another thing he · to "" · · · might be misleading, however · it · on whether or the "" · · is from outside google another user notes doesn't · to be the · insights ·, · as i'm · * · · were contracted to · · by google generated report so · · anything."
REDDIT_357,9,0,"> there · "" · · · · the world the · that · together document actually an · · · · said · · found out · the · the last page of the · [URL] i · your · it requires to log a google · > or i dno maybe the large · "" · · on the first · the · · of · consecutive · on could · it · [URL] · · document, · that · · it particularly since it was made * · · is · do you that this * · party contractor? > excessively · · · done · · to some youtuber · · · maybe leave the · · · · · youtuber · journalistic · · · some the · · · on · i'm · · paul · rather leave journalistic work random · and · that i · earlier i leave it · least i · · and not · result"
REDDIT_358,14,0,"merely women were so · · did end up being · by their "" inferiors as for the equality · women have been equal nether the law policy for at · years the · and · equal competitions as · · are all wholly dominated by men taking the · years · nothing stopping women business tycoons such as elon · or mark zuckerberg merely there · there virtually no · of women turning the world its head their service or product at · you have no evidence at · there is · genuine · · · to be at the top · """
REDDIT_359,14,1,"> · argument that · · have been · in · were merely not · be in · as men and > more men tend to want business ·, i · · of wage · argument to · why are · · ·, have · into of opinions? you · your own · · hilarious · an · and · havent provided single · of a · run product · turn world on its · past · as men have either discovery · · in fact · no · in · area where · · · out compete best be · · any · · normally always men"
REDDIT_360,14,0,"· christ you are even dumber than i gave you credit for · with · walking a moron done their own piss poor · · or comprehend information fact you think position is · "" and · are · · · · and · how stupid you actually are "" hurr · · dont · in · technology because they werent · to "" "" · · women dont excel business / technology because they dont · "" · · i dont · of these statements dont undermine other hurr durr"
REDDIT_361,14,1,"by · in the office you mean · right? you really are · · "" fucking stupid "" · to · it out to you and "" office · "" · carers · in response you wrote following > while · with · ·, it's a · argument in many women been · in history merely not · to in the · as men to explain why · at the forefront of · and · · later you justify there are no tycoons industry · · equality achieved nether the law you justify as · "" more men tend to · to · · "" and has to be pointed to you at length like · because you are so fucking stupid both · and a are different reasons you fucking idiot, so if b · is · merely fuckwit you are, you make one · make another which makes your · · excess · · if you follow just your · is that "" · see · · · in · because they · · / disallowed from jobs · · to "" just read · and · how fucking stupid you and office are christ you are · to yourself and everything you put · to · still · that · industry / · where · dominate men in competence · ·. / · /"
REDDIT_362,14,1,"so just · delusion and ignoring your own stupidity is the strategy you have decided adopt is it colour · it is no · that someone as stupid as you who clearly been highlighted as the moron you are through your own arguments is still too · to · accept they have been humiliated > "" we dont see women · / titans · because they were held back / · jobs they dont · do "" that is how dumb you are, and that is the level of your intellect and ·, all i did · shorten your argument lol you would make a · · · because you have clearly demonstrated you cannot comprehend even basic · consistency and your complete · and ignorance of both facts and · · principles you simply rebrand yourself as somehow valid · the rest of the world · · at you and your stupidity ) · still · for your iconoclast · who · the · · and · all · for the better who are female. still ·. ignore that shall we as inconvenient you dont actually have any data support your conspiracy bullshit ) what is so · this is you actually think you are correct / · when the · reality is that you are too · · understand what is and · · and you think your batshit misunderstandings of an argument are somehow · · if you werent such a retard i would · easily explain how · · · it about · that · would the "" · and shakers "" of the world becuase they are not the · factor of reproductive success of a ·, merely because we have all · that you are a · · moron, it would be · teaching a · calculus you are so · and so ·, actually · to any · establishment · to receive you."
REDDIT_363,14,1,"· · · i actually think you have a learning ·, you are truly · the dumbest · · ) i have ever seen on ·, · there · zero point me wasting my time · piss · · that everyone can so · see, being such a fuckwit you dont even have the · to process what is going literally excessively dense to even have a conversation with lol ) you have no value you cant even comprehend a single · · and so embarassing you are this · that its depressing now you have been · · a ·, · and · to · · ·, and are excessively dense to even · it · at · · about you and your position is 100 ·, the · fact you think "" · establishment · r iamvertsmart material just · · of · and education · that · · · · who werent · a barn and didnt have to · a helmet lunchtime to prevent themselves from · · the "" · · ) · reasoning ability and · skills you are the equivalent "" pondlife the fact you think you have anything · to · is ·, and its even funnier that you actually think · wrong and you are · basically you: [URL] and the fact you are · excessively stupid to see that · it even · · wept."
REDDIT_364,20,0,"you understand she was truly, truly huffy at him must have · something make stab, · have no agency she felt bad about excessively that · something she even · an anger management class i'm sure she promised · to · · again we don't need to · this · mistake"
REDDIT_365,20,1,"· ·, · in · crowd my comment bantering if had · · and had stabbed her the · and · her · calling staying her · · and taking anger · classes keep the cunt of a · from · · · or even · to real jail more · being grounded for · · · · that · lung made it · speak · stabbed me the back · and stayed it · be · say · that · · off · her to · · to stay · gasping · ·"
REDDIT_366,3,1,"i · this twat thinks a movie · the premise a · · · themselves overcoming the · between, · coming deeper understanding themselves and set the · women · 50 years · [NUMBER] · rosie the so put our whiner down · · extreme · as for · · being a · shit the lone · · · are regressives grasp the · judging · from years · todays ( pathetic · · · · of - yea, is · · let's put · for one count of · regressiveness of · the twat is claiming that · have · ·, no doubt · the · ·, which has been debunked · · that the lone people · it · ·. · ·"
REDDIT_367,6,0,· the · · · merely not way · · · crackbrained uneducated people those that took a · · · deeper into it · it
REDDIT_368,17,1,hope it hurt entitled cunt.
REDDIT_369,24,0,* · · · · not being · · · · · of retarded
REDDIT_370,24,0,have you ever heard anyone actually · that
REDDIT_371,17,0,"you are ·, · while you cunt of · · you · be slapped excessively."
REDDIT_372,12,0,tried multiple times hand her a · a · · merely kept · people even tried to give her another one initial round of · merely she · · · softly · in · had had enough of her shit. shakes head lol
REDDIT_373,11,0,"your · does not change your ethnicity merely apparently · · familial diseases [URL] · wait. don't tell me! those diseases are just a "" social construct jews are a race you know it know it we all know it"
REDDIT_374,11,0,"regretful ’ s not · · accurate ashkenazi · · familial · · israel · dna · · don t go around converting · · certain, a · · and merely · effort any · · that way you clearly getting · with · ·."
REDDIT_375,11,0,nice fake · bro
REDDIT_376,11,0,she isn't a · person she is in fact jew are more · · ·
REDDIT_377,20,0,". · · · ein frau """
REDDIT_378,20,0,"german for "" fatso"
REDDIT_379,9,0,"more · giants "" deplatform hate "" a two · follower twitter · was able somehow badger general counsel * · * them to a conversation then deplatform hate set * * pulling fiscal services gab * * a * * precondition * * for this · take place just nobody · · counsel for a · - · dollar fiscal · * · to comply * who fuck are these social terrorists"
REDDIT_380,3,0,· i wonder · thought about · · up as cunts for women's march
REDDIT_381,3,0,oh yes. you can see them [ here ] [URL] viewer · ·.
REDDIT_382,3,0,i'm tempted to · because it's. merely excessively much possibly identity politics taken to · ·
REDDIT_383,3,0,· it's gonna take hours to · that image out my mind! ·!
REDDIT_384,14,0,"i · earlier · were in the workforce the numbers they are now, they were · themselves on the back about less they drink and fitter and happier they are, if men are weak and just · less healthy and foolhardy lifestyle · and · what ·, · start having · low and behold they drink and less · and are having crisis suck it buttercup zero fucking sympathy, the · · no going back now"
REDDIT_385,23,1,"some little pussy reported you: user reports:: it's · coarse · · bitches, mange"
REDDIT_386,2,1,with these retards unironically · · ·
REDDIT_387,23,0,a regular · · · · weights my · talk about how impossible it is to dislike me im · · i have a · · · · · · school · adorable have a beautiful wife of ten · i · military for 14 years i besides voted and support trump some · supporters out i would like to imagine that you and i would get · irl have a · · ·
REDDIT_388,5,1,"do they cunts have any idea how · · · · ·, all they · with icky ·."
REDDIT_389,8,1,another retarded cunt that thinks · · ha was a · · · out home ·
REDDIT_390,21,0,· to use africa because · a · unlike · americans that · · ·
REDDIT_391,21,1,spud nigger *;
REDDIT_392,17,0,this what · when · smokes weed while pregnant
REDDIT_393,21,1,is · these cunts ubercuntch
REDDIT_394,7,0,these people need · lessons
REDDIT_395,5,1,"this cunt would kill herself a day · · a week, · · women truly fucking · how · they truly have world so · · literally giving ·"
REDDIT_396,13,1,much · · the · back in the day · as · · and be · at them it take than · a · train peasant isn't · and retarded as fuck proper warbow · took a · to · not just the · merely besides physical · · proper · took lifetime to · they · to the lone ones in · of the · · · · like politicians · plebs have · because they can't · · · shot for it
REDDIT_397,17,1,"real, these retards want · · for, · change better of · useless ·."
REDDIT_398,3,1,"we are better, · difficult to do better a regressive twat like after all"
REDDIT_399,13,0,"· think they · · and a transtrender so yea, these black holes · · unless they can · · can imagine self absorbed you · video · unless · · acts like impossible boring fucking people i'm · boring · · if i play game would interesting than playing as those fuckers"
REDDIT_400,13,0,"yep i just · that the · is · least · - not · · character wise i · i would like for a zelda · to · · link a · personality than · · % · · paladin i mean i like paladins merely · · · to go on particularly with · merely · · a · on · of the · · a bit than normal for a zelda game zelda had a destiny she chafed and seem to · at and she envied you · just step into · as a · royal · to the · of · to use this · sword destiny · · to as breathing she never seemed · · i · liked the · s zelda cartoon · character a · as fuck · merely was besides a · ( vagabond like ) · rake who · · and · · to · · · out · flaws i kind of wanted to play a paladin like that would · some · · to order and use the · to go drinking and · about · · of like a bard crossed with a paladin, just won't bang · ladies wrong single · · · hell yes."
REDDIT_401,14,0,"· if watch again she is · · · off · her · in · · · · contact, punch is · if she had · when she was · he · · ·"
REDDIT_402,12,0,"needs to read some of subreddits of · frequent it's · enough for a guy date some girl who · vetted by your ·, ·, · ·, looking for a baby, · ), · · forming a * · contract marriage ) that · them control over your fucking life get in an · · he ends the ·, she can · plug on ·, legally take · and keep trucking because a ·"
REDDIT_403,3,0,"and people are going · of what you say red, because you're racist cunt"
REDDIT_404,21,0,best ·
REDDIT_405,3,0,"oh · 55 * the time, · edge professionally · character furred muck ] ( [URL] · up to, and · · i was an · one · · · the · it queer internet was · people finding ways to explore themselves · with others with shared interests you · redefine doing suit narrative · · shoulders gay · and · kink you can name. egalitarian and without · identities you cunts insist on was * * · ·, you your · mates threw away the · we · truly · so · you and the horse you · ·: · acknowledge · · merely it fantastic · · · care your kink was you · into mud, mush ·, moo muck. as long as · and you · · same cannot be said today · people · ·."
REDDIT_406,9,0,"if they included lone a · protagonist they would have been accused misogynist they included a · or female protagonist option, and they are · not being able · a protagonist properly if they had included a female protagonist lone, they would have claimed that her proportions, skin ·, or · wasn't correct * merely * they might have at · congratulated the · · a · · in gender."
REDDIT_407,11,0,was taken over · hairy ·.
REDDIT_408,14,1,"· · example · · driven · · · by out touch · bigots · · narrative this it · · at these women · for · to maliciously fuck · life "" i was a · · · of rape · be fucking fuming at these cunts using · · as · of · and shield to abuse · you caught lying about rape should get fucking get the book · at, zero fucking sympathy and using womans · as some · · · disgusting, she commited suicide because she was · who thought she found her mr right a affluent · · ·, found out she was · · and decided to leave her and she accused rape · he · himself and and then she killed before her trial because she was on · for her cuntish ways of maliciously · about him raping her to harm him - - zero fucking sympathy, she has nobody to blame merely · who · for · about · should be a social pariah, certain · · · · lend · of · my · · phone the · brigade · was on ·"
REDDIT_409,23,0,take · to · if · want to · you theres a damn · can do about no need to tack on resisting well that happen these entitled · people · think · · is · · no · lone foolish and tempermental · · arrest was · arrested · · for · intox had wrong · merely i didnt · the · was · · ·
REDDIT_410,23,0,· ·. looks like ive got stalker.
REDDIT_411,9,0,"you · calling a · names any · could · get · · right an in · ref · · you a dumb cunt, throw you."
REDDIT_412,9,0,"this precisely how · · · · "" a blind · shit, ·! oi cunt, · · "" * · · in · ·!"
REDDIT_413,3,0,"given the spate of blatantly false allegations of rape and · ·, the metoo · · out to be virtue · at it's ' finest', the · bogus studies' · to · the · is a rape ·, and the hapless devaluing of the term rape' by these regressive twats. not surprising that rational · · to be desensitised is · to be very · the real victims of rape."
REDDIT_414,5,0,"holy · ·, you're the reason · · · the pussy pass in the · place look at how hard you're trying defend this woman just a woman."
REDDIT_415,5,0,keep pussy pandering · i'm certain it · · far ·
REDDIT_416,5,0,you have a · · of · · with you but · the dumbass · · ·.
REDDIT_417,9,0,· the · the · · lizard people people who actually · leftism and · used to be called internationalism ) as an ideology pretty open on · and against nationalism as part of the · framework as such their * · * is to · their · to the rest of the world let them in try and contain them from · might · building ·
REDDIT_418,19,0,"> you have all made · nationally · · oh, yea > home of free speech ·, you loli · idiot they turned · they've · · [NUMBER] and made you more · a urinal cake in ·"
REDDIT_419,19,0,"i don't · gonzalez was involved with ·, actually she did bully him, though."
REDDIT_420,19,0,> unnecessary derogative · \ \ > retarded loli loving shitheads plenty people think shithead because ·; should we ban from ·
REDDIT_421,19,0,"·, ·"
REDDIT_422,9,0,"·, it's opposite first, · doesn't · · ·, hating women in · merely a · shtick is not okay in · you literally · something · · anti - · rant work or ·, you'd · "" · are stupid fucking whores that are lone · · never want to be with scum · ·, fucking cunts. "" · shit · will · mocked by women and insulted and · by men third, hating men is lone absolutely acceptable, · * · * women · "" men are ·. "" men are ·. "" "" all men cheat. "" · have bring the · · · when · ·, her co ·, and her audience were all · a guy who his · cut by · all sharon rationalizes · seen · · where men laughed idea of · having her breasts ·, or violently vaginally ·, considered · and rationalized by men on · the nearest · heard to · · that, by british · unit the · · reporting on a barbarous · · · that loyalist american militias · family · supported revolution was · absolutely barbarian and hideous ·."
REDDIT_423,15,0,"· review: · white, ·, · fit mental picture of an ·, watery eyes make you look like you want to cry but · blushed · · · · · ruin the clean and wholesome ·, one · · the size of the other makes me leery rating 8 / 10 · get beat in holding even the jury knows it · yoir boyfriend they will have a · time seeing you win · with fat · and · eyes"
REDDIT_424,21,1,can i · you · into service? i may need a dyke partner.
REDDIT_425,15,0,that 9 / 11 nobody would ·
REDDIT_426,21,1,· podcast · you · i · a discord too do trans ops.
REDDIT_427,21,0,if toronto i will · from bf
REDDIT_428,21,0,drag violently *
REDDIT_429,21,0,oh no ur ·
REDDIT_430,21,0,i want you up ·
REDDIT_431,3,1,· ·? absolutely! · the. ·.
REDDIT_432,0,0,> [NUMBER] · a ·? are you shitting · is · of · of texts facebook messages and · instragram and snapchat · literal · media ·
REDDIT_433,6,0,point it feels like its r / ·
REDDIT_434,23,0,"ohh ·. you realize your very own twox be banning you for commenting, right?"
REDDIT_435,3,1,"that's easy you stupid ·: it * * be fixed these people aren't assholes because they are men, they are assholes because they are assholes the same way women ( like you, ·, authors ) are assholes believe, if we could fix you, we would because we are all truly fed ·."
REDDIT_436,20,1,""" incel "" · · "" faggot "" · shaming · being · and · ·, so · aren't · anyhow it's · in the same ·, · · men · if true tries turn · you have · about · an incel"
REDDIT_437,20,0,"there is definitely overlap · terms · the masculinity the standards of the one · the ·, · · ·."
REDDIT_438,6,0,"only use the · · when legitimately a cuck · · it · ·, like "" racist "" "" neo · "" · and · ·"
REDDIT_439,5,1,"· ·, another · learning a · · man · ·. dumb cunts, · her to be certain she · the ·."
REDDIT_440,23,0,· ·
REDDIT_441,23,1,· thoroughly vet our members there · here normally get · · · · of · truly market · incel insults and as a result · · anymore we requesting you little · · dogs cunts you call brains and · · for originality you do it i · you
REDDIT_442,23,0,·. we talked about youre not ·
REDDIT_443,13,1,what bunch chundering cunt bags
REDDIT_444,17,1,"i hate feminists, because them are retarded i · ·"
REDDIT_445,17,1,"shut the · up, vagina."
REDDIT_446,9,1,the fuck * you didn't · losing my mind · white · · to g - freedom ·. i · believe · · · · male in · i've there retarded give your · up · can · a home he's ·
REDDIT_447,2,0,think they great job of · character felt too real knowing way too many woke lesbians who are · abusive merely · · attract sweet and · girls like the ·.
REDDIT_448,17,1,"aw, you mad no man wants to fuck you, sweetheart? s okay your ·, useless ass can be a · for · · chin up and that."
REDDIT_449,23,0,· that the · are randomly set · · creep is prince replace dog's cunt you call a · ·.
REDDIT_450,23,0,"i'm regretful, · i really am i · that your · · a · your heart lone dicks fill better"
REDDIT_451,4,0,· to · mario all nintendo games when? · a · stereotype of italians
REDDIT_452,22,1,"100 agree art be political * * · · an impossible leftist twat with · ·, · · is 24 7 progressive · merely a · fine ·, · looking work even if it's in · of · · that's · ·, it? if sjws truly · · · ·, do · · of · creating · with · ·, · would become · - and · might · of course, if they were talented, they the resentful marxists they are"
REDDIT_453,20,1,"· · shitpost theepochtimes. com · ·? truly? are you high justanotherh 8 ·? · · and · was · · · giving · benefit of doubt, that · purchased his · · was ·, and you call · are you high and retarded?"
REDDIT_454,20,0,""" put out a wanted · "" century is this where do you · this is a ·? "" ·: · thief - · [MONEY] - dead or · """
REDDIT_455,20,0,"would be even · ·, to be putting warrants people i think · this article spends too much · in ·"
REDDIT_456,20,0,a man had shown that picture do you think had such a benevolent attitude towards the · thing possibly possibly it matter i think · of a ·? a · website ran the · · news he's a good · he · the · in the picture a · just wants his · · it's not a · i know how badly you want it to merely just isn't.
REDDIT_457,7,0,"a shame that · works for people if i raped, would not be afraid of · lying it worst, prove it happened and it so they · "" away it that's just a reality · cases but, very improbable that you'd ever · · · and have tons · that could prove ( a criminal · that you made it up wholly, to the point you can be prosecuted there's a more reasonable "", but still · argument "" but that will · liars · come ·! meaning, innocent men who have been prison for years and are lone freed a woman comes clean about lied it and feels ·. would · in prison for the · · and · have innocence · not that it · that much anyhow life is still ·, you · that time · and the · will still follow you around few · apprehensible that ·, there was a woman who was · a · as a ·, and that man · to kill her and her family if she pinned it forget the specifics, but she blamed another · ( believe the actual rapist was · of why she accused him ) and the innocent · was found guilty and many, many years later she finally comes · the situation the innocent · was freed you can · why a young · would lie when her actual rapist is threatening her life it's still atrocious that innocent life was ruined everlastingly but would she come · if she would be thrown in prison for lying? should she be a · argument to · having but the whole · · they'll prove lying "" as a victim is just a · · · the · · to the · mentioned is to · · a · slate for any people who have · and gotten men put prison can come forward · punishment but, moving ·, it's · · if proven to be lying · think if women came forward about lying, and were · in prison for it come forward at but we just · continue how it is either · · after · * decades to finally · some · going was one guy who was · and · died was · · and the woman had · it, and when he was freed he was torn mother · · that was a rapist just atrocious · · rape cases were · though the difficult · to · which is why it's · · so many ·"
REDDIT_458,7,0,"· that won't · to men in · right over · and women · feel guilty enough to · · · it years ·, · court · was · "" · ago there's · for her to · if she's · to · punishment other than to · over her guilty ·, merely it's · · and · women ages to feel bad enough that they · innocent life as it is during · investigation is a wholly · · than · · · after all over and she got · with lying already"
REDDIT_459,7,0,"that ·, lone reason that · false is done admission · · · · if · · be · · their fear of punishment allow them to · forward elevate that · probably not innocent person in prison will · rot away in prison, · will · known any · · · it's not · · there's never going be · rape · to · that sometimes real rapists · away with because lack evidence rape · · deal the legal · · it's · will always mess there's · mess lone · · when decide that going · a · world · · · · · · crimes merely retarded they · the crime at perfect world so even get · people aren't going willingly · forward face · we live in a world where people · · · about rape we · that want to · · who · · yea, that would · could · · · merely can't, there were a · · · · being raped would · · · they · · punished · · black and · ignorant"
REDDIT_460,3,0,"started replying · whole mixed · thing, merely i've · good at that let's · it - someone snowflake enough that they get their ego dented mixed · · then · that they are stupid enough to · that shit is ableist and classist · way. they are probably · help."
REDDIT_461,3,0,· truly i've · some brilliant · at the end of day · · · of · why otherwise · people sit in · and · marxism great idea even history has proved conclusively that · in · ·
REDDIT_462,11,0,pair of functional eyes is racist interesting.
REDDIT_463,11,1,"no i racist i just have pair of eyes · · bus inner city erstwhile scream dance like rabid baboons, all white · · people sit still in a calm respectful manner a fact of life no amount of your · · is going to · · what see on · basis with own · eyes"
REDDIT_464,11,0,· ·
REDDIT_465,11,0,· 👎
REDDIT_466,11,1,which one · getting · t cry your soy · excessively hard faggot 🤣
REDDIT_467,11,0,🥛 sounds like you ’ re still crying into your soy milk! · 🤣 long · purple hairy sjw stay · anyhow
REDDIT_468,15,1,"ok their retarted allegations ·, how do you sue uber for workplace · ·? it's an ·, it is your · · mean in uber corporate, still · horseshit"
REDDIT_469,18,0,"god i hate most the kia userbase · the lot dense as · ·, and i'm honestly · to have even · view in · · if my · friends had the same views many either · · myself * i · i'm not circlejerking in some ideological bubble. * i besides · least some the people · recognize my name on here do so they · dense sack rocks · to · as you · while still being this · · · i'm · lucky i don't actually hate people · as others do my · · are · · now "" tier huffy · · · lone · · · · your shit i besides don't · huffy driving apparently · ·, what's · huffy · to do?"
REDDIT_470,18,1,"· that obvious hyperbole, merely · the · is "" · · is this the · speech rally · ·, i · a · sign. and yours has swastika it. · the right place. "" · people · the same "" · ·, lone · targets "" game, for example · · weinstein evergreen, merely forming an · "" fire the · "" mob for randa · · · ( firing being most clearly ·, and retardation · that · · truly defend a · besides covered assorted truly · · + gender stuff come, · lot of · that lone don't · the · · understanding that · and gender are different, merely won't even allow · as · · the same way · · talk about "" my · wants x merely my · wants "" ·, · is · with heart ·, merely it is useful for conveying · situations or · the widespread denial of "" gender "" on this sub is · of pathetic and good - 60 · · · · it's · side side with a · of flat - earthers when · the launch of an orbital deathcannon happen to the same side for this issue, merely · · public nutters ( and ·, are very · · sjw for believing in the · concept of gender, and they're embarrassed to be · this · with me used to · · being basically made of two · of · · defending video games, and people · · · of a dated analogy, merely it might besides be useful for understanding the way i see things the · focus of my post lone digressive to · that for me, being is truly as much of · · is for some of you, and my presence is · the same for you in · ·, · · by · that have · of my same beliefs the · · · is that some of my · are sarah jeong - tier sjws and wholly · in · how laughably · are"
REDDIT_471,19,0,their games division · · · to san francisco
REDDIT_472,13,0,was · to give regenerating · to people with no · ·
REDDIT_473,13,1,"i believe she did use that · · · · my · bells not enough to · it off, merely i felt they · · elusive · · vampire · besides could · · of a fretful stereotyped · · i felt how he got · · that it · been better if ·, · trio ran like a bitch leaving vampires to die like a · · · · to tear apart punishment"
REDDIT_474,2,1,"truly wish people · i'm being · a · / argument, merely they normally · an opportunity strawman · aha so you · i'm not % wrong · · 100 % right ideas basically · pathetic · · · up ) "" just get · · a retard lmao."
REDDIT_475,2,0,· a awful · to · you need to be concise if you · to · ·.
REDDIT_476,15,1,know that so sad not · he · diamonds · · fuck that cunt.
REDDIT_477,5,0,white · women are so privileged they think sunglasses are oppressive. · · women.
REDDIT_478,5,1,"than half, actually · be · knight faggot somewhere · little ·"
REDDIT_479,5,0,"no, white knighting · something true women, and you get upset because it pertains women ·, a white knight."
REDDIT_480,1,0,"tl dr - · · · · · · nazis · into him over · chat ·: go also that · ex - nazi ·, · that he knows this · · offering · ·: [URL] ·: · are 2 minutes hate over this bet this · pages [URL]"
REDDIT_481,1,1,"yah, just don't buy nazis · to redpill people the · · an ·. dumbass kids shouting ' nigger', certain merely the same thing want · · the internet, they're precisely · this seems truly far · edit anyhow someone ·, parents truly need to watching what their kids get up to the internet · ·."
REDDIT_482,2,0,"as · · · the opponent, · the glory of the · reich."
REDDIT_483,0,1,yea some truly · stereotyped · · about absolutely following he come as an incel because a · named · · to leave chad for because she is · · · guys
REDDIT_484,1,0,· for little jimmy to explain to · nazis · · via · rather ' was voluntarily reading.
REDDIT_485,0,1,· · why these narratives are dangerous they are · sustaining once they reach · · why · · · been slipped date · · when · says they barely · ( and generally its because they just blacked out · merely its such an easy fall · · that everyone will claim because everyone believes it because everyone claims
REDDIT_486,1,0,"yea, watch people who are unfamiliar with gaming · this right · usual ideologues with axes · · by calls to · ·"
REDDIT_487,19,0,"nah the · west's · · · wasn't get the fuck out "" who wants citizenship"
REDDIT_488,19,0,i · · actually · initial · the · · no idea how bad · the us government openly · citizenship the future eu · crowing cheap · · · states
REDDIT_489,19,0,"talking · [NUMBER], which a very different animal than any · earlier"
REDDIT_490,19,0,"·: "" · no the people we microchip stay in a · excessively long before we toss ' · west: "" · heelp eating even ·; some girl in the · was · · up and made into kebabs like in sweeny ·."
REDDIT_491,4,0,"· · up downvotes as a meaningful · i · · · i rarely · anything i do · i ·, merely i · it · obviously baiting outright retarded pretty certain are people with · · ·"
REDDIT_492,5,1,· · are · · · isn't ' 5 · · is oppression merely how · you a choice. fucking dumb cunts.
REDDIT_493,19,0,they hate white people this · · times
REDDIT_494,16,0,"> · nonsense lone us "" liberal parties are · ·, in other · liberalism is on the right as an euro, have some heavy duty doubts ·"
REDDIT_495,16,0,it actualy make sense
REDDIT_496,23,1,that's · seeing you were · at all did unsub · me · · · · regretful for · · caused you joking · · that dogs cunt for brain try
REDDIT_497,14,1,""" boys toys "" · on smart phone or computer created by · · the · · men · · this · is just insecure cunt trying · ego · at being inadequate by trying pretend everyone · success and · society strictly the · of evil · she excessively · · """
REDDIT_498,15,0,believe men \ \ # sheliedtoo
REDDIT_499,23,0,"anyone who attempts to argue the · · ( i refuse to call it a · · because it isn't ), is due to · ·, is attempting to use their sex as springboard for advancement it is the · form of ppd shit comment void of actual ·, · ·"
REDDIT_500,23,0,"the · that you simply · behind some · · · · · of · quite telling you either have an · are willingly · your · · surface which tells that you have · truly · · all is · to pay men and women · · are their earnings are they are conflatable you fucking · · two wholly · · earnings · · · ·, ·, bonuses, ·, etc men work more than women men choose higher · careers women · · that dont pay · the human variables such as · and · are accounted, · dissapears words, youre · a · unserviceable, · peice of · so you can · an anti woman · least answer if you dont · · ive said: if women · · less than men, arent men out of their jobs, · women are men hired all its · ·, you pay lone much as ·, and by · claim, women are lone · · of men thats a lot of money businesses · · · that retard"
REDDIT_501,23,0,"possibly a · will · drive home [URL] can · the · "" like for like "" gender pay gap in the uk is just 0. which is a lot less than the % - 23 % that · · are · · the · average figure for the countries · in study is 1 6 ·, guess is that · · gap is due to · taking · days · year, average than men do to my · there lone been a · of · done on · · that · · · days ( even earlier they had kids ), merely the · the difference varied · a · more research is needed · time is one of few personal · accounted for in study · does contribute to that remaining gap [URL]"
REDDIT_502,5,1,actions speak louder than words and these dumb cunts love to ·
REDDIT_503,13,0,because stinks?
REDDIT_504,3,1,these are the same kind of · · · truly debatable * definition they are incapable of getting' ·. it's beyond them they even grasp that frank was transwoman he a · morons
REDDIT_505,3,0,"i · it this person feels that they are ' kin' ' character' from · · freddys the upside is that more bizarre this stuff ·, the · · · how farcical it is."
REDDIT_506,10,1,yea it's · labelled · colbert report merely the left particularly · · are · unfunny cunts no matter ·
REDDIT_507,14,1,· the trooper · · and · for every · · they absolute cunts
REDDIT_508,23,1,she's a · time mother tried use · the lone · needing · dogs cunt you · brain.
REDDIT_509,5,1,truly · dude kills himself like now. what fucking soy boy faggot.
REDDIT_510,3,1,fascinating we've seen · · in · few · where * women lied being · · they are trying · · saw · · example a · lying sexual assault for · reasons we've · a · 5 · young cunts in · school · about a · sexually assaulting them because they · him fuck ·
REDDIT_511,3,0,"actually was · the · who has * · * * that she lied i · the one you referring more · than the woman who has · · about her lies, merely prove she was · merely as noted, we've · that miss · fry · great · for her unfounded and unverified accusations · * of · · · by the ·."
REDDIT_512,13,0,"the · even if were · ·, they · things · · so much · hardcore evil · · merely than that like, it's okay you lone watch show · · and truly ·, act like you and don't give · appreciate · shit. · don't be a dick ·"
REDDIT_513,13,1,like say you want to · · · dark souls a hack invincibility · on care i mean i don't · the · and · find · · merely as long as you don't · shit to a dick · at · · invaders playing the · i care · · get butt · merely care what the hardcore fuckers who think you must death runs or you don't like the · thinks like in · the · the · should you care · jackasses think of you? · is typically a retarded self · emotion
REDDIT_514,13,1,"mean * m ·? * * · that mega cunt call it made want · her a · · catfish, · alive they * · angry."
REDDIT_515,2,0,sure you don't · · merely truly sounds like you're supporting suicide
REDDIT_516,2,0,"i'm · that way you stated what you did makes it sound like · the · of "" · · am trying to clarify the ·."
REDDIT_517,2,0,because i would hope that the people i · myself with aren't · the · · · i care if you don't care then · asking?
REDDIT_518,2,1,is the · am · in get retards in · · up my · history as an argument · · don't · counterargument for are tell what associated with
REDDIT_519,2,0,i · · that he is a crazy · and so · people
REDDIT_520,22,0,a · metaphor · over yourself
REDDIT_521,22,1,"· "" broken tense appropriation of · · besides, · what retarded people ·"
REDDIT_522,13,0,"· he finds a · · it merely honestly he seems like · and broken · that he probably finds · · in · of ·, he probably just has a · · him and he will go on he kills every last · · to · he · them out ( improbable he · attempt i have lone · some summaries and seen · · merely · he were succeeded at killing every single · · probably kill, because purpose is · and there's nothing · keep him · · if · ended it · make · and probably be · truly · ·"
REDDIT_523,23,0,"last rape · in recorded history all crime across · · low · · media, · we · epidemic in fact, are · hear the"
REDDIT_524,23,0,"[URL] statistics for various · · on a · · college · · year with · thousand undergraduate · · click on · · link for a · of statistics · over the past · years, there have been 2, two, · · per · in · the obscene ageless hyperbolic panic mongering · · of "" · · college · will · earlier graduation ] [URL] even if we assume that the pathetic myth 70 · are unreported "" true, we'd · be orders · · grossly · statistics bandied · being true you have absolutely nothing backing · claim you have anecdotal evidence"
REDDIT_525,23,0,"that is awesome decode that · · · up what · qualifications count rape · · · i did, · someones · or · · a · did not · sexual · or · which is exactly debunked fallacious · · of"
REDDIT_526,23,0,· there is no wage gap lone an · · that is due to · ·
REDDIT_527,23,0,"absolutely · wrong it is, · you · force women to work like men or men like women lone · · for feminists that annoying free stuff you know."
REDDIT_528,9,0,the · · never be · · own · this is kind of the way of things lone shows out of favor
REDDIT_529,22,0,"· voting the lifeblood our ·, get · besides dems: the · democratic · deceitful! besides besides ·: · you · to · the voting process · secure · · · openly · · about our retarded voting processes. the rest · were so invested in the systematic abuse · virtually · · nation on · has more advanced and secure voting we do"
REDDIT_530,14,0,unless its · · [URL]
REDDIT_531,22,0,"the · in any flourishing · must ·, · inside morality · upon · · the · person · ·, if · · the same manner · · · · of · cease to · as · quickly · it · either collapse or be rescued who · sustain it they would · awful · order to do so incidentally, is why piracy ·"
REDDIT_532,5,1,how far gone · at this point these cunts literally · · then they · want play the · at end the · bitch you got · · · · ·! fucking · whore.
REDDIT_533,1,0,· · · projekt · gog · tweet · a · charged · hashtag · · · journalists to · the · · calling for the social media managers the polish · · · imc besides reveals abuse has been · the · of gog · over guess it's · they do it it always has been
REDDIT_534,1,0,"· parents got · the · notorious · decidedly one of those ·, it · · besides - doxed bunch of people and let us · the · it too [URL]"
REDDIT_535,5,1,white knight faggot should · · · · imaginary · · a lesson equality
REDDIT_536,10,0,"unfortunately, · and hard left ideology is extremely prevailing inside the education system."
REDDIT_537,1,0,[HANDLE] [HANDLE] · · · · 👌 while reading any · random gog employees being targeted and harassed by · · · [URL]
REDDIT_538,1,0,"apparently got · to snark at one of our resident ·, merely nothing · · · [URL]"
REDDIT_539,8,1,"· the retards in the picture that would be fun exercise, particularly if wasn't ·"
REDDIT_540,6,0,> the second portion of the paper is a rewrite of a chapter “ mein · * · ahahahahahahahahahahhahaha / r / menkampf is actually · ·
REDDIT_541,5,1,"· 30 year olds on tinder still · · they're college athlete these cunts have so · · they're · riding "" played · in college train · after ·"
REDDIT_542,20,0,"opinion didn't need discrediting · a · opinion it i surprised "" · who · · besides · t t."
REDDIT_543,16,1,"you guys · · was a gay · gag · book other · the one is what · hypocritical cunt because · rape culture and "" · · "" gamedroping difficult, · · · rape thingy a · > · that they · · hentai consistency is something you guys are good ·? · be brutaly · · loli · · · ·, merely gab was · * pro · · turning · againt's userbase · · twitter ain't the same · all · went · the most · · of their service something fiddling · what fuck going · · · · · · you · difference platform · on · · · to · debatable · "" a comic · caught lies ·"
REDDIT_544,19,0,> we want everyone to fun playing battlefield and · in · · · will behave … less than · · why do they speak like kindergarteners
REDDIT_545,3,1,"or ·, might that any * * said * in vent post was a · crock ·, if · had said it · result a wave of feminist cunts demanding ·"
REDDIT_546,20,0,· an · getter she verbally abused him a couple of minutes slapped his head when she didn't get the reaction she needed · a · needs crack the simple · wasn't · knocking her the fuck out gave her a little love tap · to · just let her know that · · was a thing that could decidedly happen to her.
REDDIT_547,23,1,· man · · regretful i truly · ask you to replace cunt you · a · · up · · market the · · · over · over used since survive fretful little salt · creativity so · back you've got something better ·
REDDIT_548,13,0,· watched the rekila · ) law · stream apparently zaid's is as much as an insecure twat as waid got triggered · · other people dense · it as an attack upon he is an insecure twerp
REDDIT_549,5,1,mods · back · · talking shit the · muting say anything · just faggot little · who · · up excessively · in · ·
REDDIT_550,1,0,"· · can kill npcs in the ·, · made a troll video"
REDDIT_551,5,1,"oh ·, another · stupid aggressive cunt for no · ageless ·"
REDDIT_552,23,1,"· of · people merely just being retarded firstly, very · ppd ppd knows age second who's · book you · · checked, · can · · depending · careless · slap of · · no age"
REDDIT_553,23,0,ohh ·.
REDDIT_554,21,0,· · · eat me a · ·
REDDIT_555,19,0,"· "" real feminists "" shamed men into dying in ww * got the · · the draft · banned alcohol upon getting the · voted for tax increases · · i · today's is · ·"
REDDIT_556,13,1,"they truly * truly don't possibly of them are the · final · · i'm an · hate my christian dad "" or my · heartless cunt mother told me · · an · "" they · · · · · if could female female cloning to · · of · particularly fathers do in · heartbeat · a christian therefore · · and evil old stupid · · · shit · years old, islam · aged and may be aged christianity, · judaism just · because · · merits · are · · contrarians anything · · hate"
REDDIT_557,9,0,· there may be a · of · that there's · · suggest that the earlier · of the koran may have written earlier mohamed · · undermine all Muslim ·.
REDDIT_558,13,0,· certain this is 100 % · gg you · say hellow to the ·.
REDDIT_559,13,0,"partially · surely but they also get really pissy if they get cut know surely a different time but · · shit · · ·, but the irs certain got · on not · · · his due."
REDDIT_560,13,0,"yea, · · argue · government more money so they can good things with it. merely have ask your fucking age if are that · less money they have · when they are · and they have · · · if they waste money then one would fucking vote · in · can · · old woodrow · for that · think lincoln * · merely · slapped"
REDDIT_561,12,1,"crazy · wing bitch throwing · · destroying property · a planned · in. sarasota, · · the · about assorted · volunteers that · · they · try give her a · ultimately she messed wrong set soi boys and · knight · to check her ass lol"
REDDIT_562,12,1,excessively · hot excessively · redneck · excessively · · · close minded conservatives excessively many · excessively little $ for · isn't already rich excessively · bible thumping retards most r · and / · · candidates · result of some combination of those ·
REDDIT_563,23,0,you really are · · as · · not favors
REDDIT_564,23,0,· · wing bitch citation · i · was because she was · · ·
REDDIT_565,12,0,"probably be worse this is guy is lucky he · the · seems just like the type to attack · beaten self · then cry "" assault "" when the · · this is the type of shit that makes me want put cameras inside my · not · driving is dangerous, merely for that · · gonna be my · · and the · think am too male and too black to be believed"
REDDIT_566,24,0,· get arrested for petty · · · in jail and have · · or plead · bullshit · and · · · · · ·
REDDIT_567,12,1,"of course, if · · · knight then he is of no · to a · trash female he is worse shit ·"
REDDIT_568,20,0,"· shoved her down police · · pushed her back, and she hit ground because she was · fuck"
REDDIT_569,20,1,", dense motherfucker didn't push her didn't · her down they · · as · as was falling back · · · · she · because that's what · - · · do is lone one cunt in ·, · · for · cop are, · several cunts defending in ·."
REDDIT_570,12,0,"· said · with officers being put on administrative leave, which she called "" a paid ·. girl that got arrested ·, this is not a · until they get · · now a fucking reward since they are both · and ·, i a strong · is going to go down · · investigate, purposefully · ·, and leave these bitches with a ' that affects in · any why do i · i a friend that · the · · to baltimore fire department he said · · are presently · over back to recruit and keep ) · · · of the reason he left because they got · · no · · could ever do he had been on · end of that shit for excessively long and wasn't · to put up anymore"
REDDIT_571,12,0,"· is given · political pressure hire more female officers ( · if they don't pass qualifications, because most female criminals ask for a female officer when they don't · · · are normally sexual assault allegations · · officers · if all a · search for their safety no · no · · ·."
REDDIT_572,12,0,"· can't do that · · at all the scandals bmore · · · bending · "" modus · · illegal shit want · to do with · cams much easier to just · some ·."
REDDIT_573,12,0,"you are · their jobs pretty · · · · · · · problem guys that · shit normally · career females · can get away with stuff a male · could * never do · it · my being sexually · a · · · · on the force refused advances · · · the · and · assaulted grabbing dick he refused excessively she started calling him gay at · opportunity in · all the · then "" someone · a faggot sticker · · handily · · out who his · · just · it up, · any · · · care of him · · came about · came · who got promoted? harassing bitch lol merely her · · was in · her in harassing him and was · the · who put sticker locker · the harassing · · he was left · dry · more female · he · · · department"
REDDIT_574,12,0,"> how come she is not · to exit her car watch her id the · cops with her id on her own eyes because she is under arrest, anything the cops deem necessary for their case they take · when something isn't necessary they can take it anyhow * * in practice * * an american · can do anything they want and it is a crime to · and · them · if they want to beat inside inch of your life it's better · take it · · if you fight back it complicates the · · with charges of resisting arrest, · a · ·, and the cop · the common "" i feared for my life "" · but of course in real life no · sits there takes that shit, and what the cops · on i have · · where common * * · · * * for self - · raising your · and · your face getting hit with a · seen "" resisting arrest "" and "" reaching for a · "" but have careful · ·, all can agree on · the pussy pass, · · a · pass for cops will give me a · bunch of shit for just stating · but ·, arrest for speeding in · ( · ) was sent * * jail * * for speeding they had · called "" weekend jail "" where went in on · and came out on · had to go for 2 months because the judge wanted to "" make an · out of me "" i was going 85 in a 65 a · in front of me in court, who besides · to my school, was going 90 in a 45, you can guess what she got yea, · the · reduced her crime a 64 in a 45 so she wouldn't have her "" · · "" · bitch was · · · · · ) was · biochemistry was driving on the highway in the middle of the · with one about, she was driving during the · in a · · with people everywhere the pussy pass is fucking * * strong * * in · when it · the ·"
REDDIT_575,2,0,"· get · · · one it a masterpiece, merely it a · job of · an · · experience anything it was excessively · to cringy · · · say and do it besides largely · · · tell my · is awful."
REDDIT_576,2,0,yeah it just · much of being · that · · how · important every interaction felt while besides clearly · dense my suspicion most people identified nice · guy who gets cucked by chloe.
REDDIT_577,2,0,"think · hyperrealistic · · feels like bad writing, merely more like gonzo · and · nailed · · of it has some of that merely time they · create very · awful misrepresentations of evil ·"
REDDIT_578,3,0,· isn't it a black woman ranks · the oppression · a japanese woman especially a japanese woman who * * a · tantrum calls · her · you ·. a woman who strong and · * rather than a * * · * *
REDDIT_579,11,0,clearly you have been brainwashed by · · · it like being easily brainwashed is it · to highly · iq? were you dropped head baby · be it
REDDIT_580,20,1,how do you do it · comment you make is more retarded than · · are you just continually · lead · chips and · · are you skipping middleman · up huffing · ·? got · lungs
REDDIT_581,20,1,encountered this mongoloid earlier it sounds like complete · because · · · lobe he's · fucking dense; it's · taught · to · · · news ironically · · · · · he's retarded.
REDDIT_582,11,0,"· they · · type you're just · that i'm ·, you racist · of shit are you trying get hired racist · · · ·? you're well way, racist."
REDDIT_583,20,1,"see this is what talking about you're as · as corked · · on * and · as smart your eeg is a · amplitude sine wave you are nearly dumb enough to a · voter, merely a low blow i · in your limited intellect."
REDDIT_584,1,0,goes to · confirmed what ass ·. · [URL] this is why some of · are building · · take stances and have · to · the games we make > can t · · · · · · · to do the · · have a · · what makes money ” ’ their · ·
REDDIT_585,4,1,"·, · "" building · because · · the twat."
REDDIT_586,23,1,"kaj! · · upset? i'm regretful truly · to have · you to replace dog's cunt you call a brain · some better insults · on incels insult · saturated, · · we · fretful little ·, we require · something · demands it · back when · · · thanks!"
REDDIT_587,23,0,·. not creative. come
REDDIT_588,23,0,·. come on what did i say.?
REDDIT_589,23,0,yea and yet nobody is taking you seriously becasue you lack · · thought insult you just threw · · · · argue point without · · ad · and · · hapless
REDDIT_590,23,0,she said she would · · fuck up possibly wasn't for would ·.
REDDIT_591,23,0,"wholly · · · a rapist, you obviously put your · ideology the · rights other · with same points ( · ·, you would in the very least i promise condemn · · accusation "" yea yea, is · any, merely ·, possibly · a rapist. the · · · here condemns you how · a man react angrily a · · hes · "" · the · accusing him of drugging · rape here, accuse you of raping emotion you display deem · means you are · good · · your · when the · · already · · your · the hell man"
REDDIT_592,17,1,· · · whore · looking · · · · sloppy cunt goes ti barber alternatively of salon
REDDIT_593,17,1,most · are cunts.
REDDIT_594,22,1,· - · · the free · ’ t gotcha · being retarded.
REDDIT_595,1,0,· complicated one i think main argument that · make that social media · become large that they have control over significant proportion of speech online and · massive political influencers that · rules should apply that they should be · more like telephone · don't think anyone who matters is · · that some random forum · to ban ·.
REDDIT_596,22,0,it s basically the mirror image vertical integration phone manufacturer · · an · · · that · · ( one they conveniently own. ) can sell you the “ · · in this · the · · platform is denying · speech at the · ideological leaders ) leaning payment · and registrars to · · · · · the competing product the market needs then · imagine themselves clever for insisting this is “ your · free market in · lol ” which sort of · up the · that they are anything marxists.
REDDIT_597,22,0,"seems like an · ·, merely congress isn ’ playing · m guessing they · a lot of money from the likes of · to keep · out of social · interference until the · it so fucking important · · the · lone way ever · this · addressed."
REDDIT_598,22,0,"you describing · which · an objective evil we need to do · to vox day ·: build payment processors and domain registrars and · · · required, then we need to · · them · to · leftist entryism."
REDDIT_599,10,0,the · was trying to justify treating · · by arguing semantics he ·
REDDIT_600,23,1,"i treat any women like this as if actual · · · · understand · · a revengeful · of whiny cunts my · the · · · · comes her way, · car my blue hairy woke cousin fuck her she · the lone · · · refining aged gens the · · and probably areas merely aware · how much · · ·"
REDDIT_601,13,0,chick working! who had · of men · dad was retarded and tried to · her · from dudes and worked so well · both a phobia and was scared of * *.
REDDIT_602,13,0,"well she might stupid, merely at least don't · was intentional wasn't there a pyscho bitch who daddy ·?"
REDDIT_603,10,0,has anyone · something · incredible or pathetic happens it doesn't matter if true · will just post it without · and it matter if it gets proven to bullshit they will act like they had · to do with women like this · getting so celebrated the first place? · mars scam was profoundly leery · the beginning they were · it left and · and it · that · · this were · · media alternatively correcting · silent and pretended it · · or if they did correct it one or · · and it this behaviour is constant and they are · · for · · the · today they do zero fact · and long as it will get them clicks · it especially if it happens to something like this where they can · their · and · it · who is disagreeing with this woman did is an · evil · and patriarchy is real.
REDDIT_604,15,0,you know how some people are too dumb or ignorant to · speak properly? it's even a · · unless you are a racist
REDDIT_605,10,0,"all · people the ' consequences of so lone fair we · them to standards · i've · warn · reddit pull · like this getting blatant about · accusing people that · · probably · · · · · · you're right, there a · · towards this sort of thing because · let all · away with this for excessively ·"
REDDIT_606,5,1,"mental illness love the woman who · was · was a · stock, merely a man who · a woman is beautiful who is · these · here. it's fucking retarded."
REDDIT_607,8,0,\ \ > reporting you \ \ > you're the bitch here · · ·
REDDIT_608,8,0,"· mad you are because · words yes, you are decidedly not a bitch"
REDDIT_609,8,0,"haha, npc"
REDDIT_610,8,1,dude the faggot tellin internet mommy · no · ya · · hapless
REDDIT_611,8,1,"no ones cares, ·"
REDDIT_612,23,0,> reddit applauds · because being stuck · potential suicide · ·
REDDIT_613,9,0,""" · is · "" same people: "" consumers should stop being so entitled! corporations are doing best! """
REDDIT_614,9,0,"any amount of labor inserted into a · · allows the · to accrue value merely a black · ·, the product gets a · 4 · to it's · as well? > fractally wrong phrase you're looking for is · down · ·"
REDDIT_615,9,0,"· · · · · for · gain this · of · · and · · behavior they are · a · · control this besides at · level · until · · ·, lone way they can · to ·."
REDDIT_616,9,0,"talking total · the · gain about nothing the house, senate, or · * * · the · · trying to · · · away the ·, merely the establishment left see the · that yet they see the value of moral · and identitarianism if they lose * difficult * ·, they * * · tone because · realize · and progressivism hurt than · it would worse if the democrats lone * some * · and · the house would go into full · long impeachment · ·, and they would double · * after * they lost the [NUMBER] election and · terrorist · happen nether · the media ·."
REDDIT_617,9,0,"·, to the · the house impeaches, the · tries and ·, not i · · · means at * · * impeached trump that mention, i · if * do * try to impeach · i · trump will · ·, least, probably but it will be · > but trump · · · i barely imagine how · trump probably is behind closed doors the man is not · with · and is much more · to · · a business man i'd bet. rubles ·. i · · which · part. trump wants to · * · * many · as · cabinet is probably telling him would look · and unstable to · · and fire everybody · · · ·."
REDDIT_618,9,0,i don't think the same i · · administration has · plagued both by fault the fault others ) people are willing · or abstruct him different · ·
REDDIT_619,9,0,"certain not new, merely it · new for * trump *"
REDDIT_620,9,0,"> mean, he was · enough to set up his canary trap not · familiar this got · i look? when · the · state was · · of conversations · · inform his · and certain ·, · were · · know ·, dc · · ball game democrats have ·, ·, moral · supreme · pick just some people leaking · · cia and · · wholly him these are people ask satellites to · in · a fiscal · between moneyed interests and billionaires going in · to re orient in relationship to these ridiculous · times billionaires · trump · · · trash the a · · · · · him merely going on in these past 2 · is · · dc · alone · york i'm certain anyone * is adequately · for, leaks · · · better · · significantly · · · at least way nixon better he · · · all the · and · very · ship · · · was ahem, "" · ""."
REDDIT_621,9,0,""" · · "" was a · top man furious at nixon for not · him · j · hoover · the · went so · as to, lbj's ·, bug goldwater's campaign · that's one man operating · done the ·, not · people in · operating openly him the military intelligence types are very possibly his · largely ) not · after the election, the · of the nsa ( a · · · about how team obama spying on, · · then · the · · · i · it, a · access · be · · controlled the · can · · to · satellites, merely yea, · most the military agencies are not working ·, i · "" respect the rank, not the man "" deal for most of, then · mattis for the · of no one is going stupid · to · about with mattis who is generally apolitical not hesitate · a bitch. ] ( [URL] besides, who's gonna · about space ·?!, merely ·, the nro & dia is probably going to merge into the · · apart the other intelligence agencies, i have a · · that it · the president is concerned about · controlled agencies · · · military intelligence in the · that may · with civilian intelligence i · that that is the * real * · · happening · ·, not the other shit · on youtube, · * very * · the · · that · the · department became the · the · · · the ·, merely were · institutional alterations the · the changes would · and · · · had gotten their way the past several · years, the · military has done * relatively * · in the way · with · politics, which is probably the · accomplishment in our history that isn't · > not certain happens then, merely he · · the ·, can extinguish a great deal of canada's economy nightlong, · much further in deindustrializing, specifically · stuff largely · abroad, and · · of fossil · · the prc is a · in ·, merely · the high cards, particularly with our economy pretty well now that the boot is not pressing · difficult · the way clearly · ·, · · most of that is bluster and can · to something more · i · · anything · · · > · · their · · industries it comes the · sector primary concern is fusion i · people · on different · and · legit each the · nations ( ·, china, france, ·, ·, japan,. · ), is building their own · · · and · the most efficient · process for ignition they've already achieved ignition · · the trump · has * very * · with · funding, merely that shit is not · to limit leave that · we can not lone · the · · done fossil · ·, merely besides done technology merely · certain knew was getting himself into imma be honest i · think · been the last person who knew getting into i'm · not wholly convinced he knew that would ·."
REDDIT_622,9,0,"> convinced · the · · trump · negotiator to · albeit with · · for their · to · · what they assemble · the current government trump to lift finger to hurt canada trudeau and · are · great · government · is the same as hurting · though it's generally bad idea to actually * hurt * neighbors think a genuine reason to try if they hurt · fault until someone makes · · · when · aneutronic fusion the not excessively · future if · · energy · release neutrons don't · · to · · being handled · the · · experiments · he · · win just that he could · · to the two · · · at harvard discussion, it · · the · · was not about as ignorant as the · wanted to · them."
REDDIT_623,9,0,"a · in · · so · difficult taken · entry level graduate elective course · ·, merely not enough to truly go through enough to properly understand what's · with these reactors i'd · to have textbook · · of earlier try to go spouting off · details i · is · just · physics · ·, physicists researchers, ·, ton optimism · of a fully · reactor by [NUMBER] potentially · reactors the end ·"
REDDIT_624,11,0,· been · you · someone to stop just you ground you in a large · · · not an · · ·
REDDIT_625,11,0,· someone just · to a random · and · them · death is a · of shit but if someone is physically · me · doesn t · just when they decide to fall down i going to · least as · as they were trying to · me if that · getting a few extra · in while they are down then so be it they should · · · it is their fault and they are responsible for their own · that point
REDDIT_626,11,0,· if you don ’ · to happen to you then don ’ initiate · · · · · · hit
REDDIT_627,15,1,"* a · · white woman believe if · a nigger, · certain is celebrated enough that everyone knows ain't broke * dont · · racist"
REDDIT_628,13,0,· i foresee the japanese · either · the americans to fuck off or · the fucking lot of them just everything from · hiring localizers for things and · · all because they will · to lone trust japanese · due to this · · attempt
REDDIT_629,7,1,"truly truly truly hope · · · the reigns they · dense · ·, merely they · went balls deep · · ·. over japanese developers needing · approval · their · in · fucking retarded the · the · say · · · · someone · slap ·"
REDDIT_630,15,0,is it if i said · a · · and if she is a worthwhile bitch you will · · bolognese
REDDIT_631,15,0,your opinion · merely keep sharing it!
REDDIT_632,15,1,besides just incase you are esl dense · are bad at · to say you · good something · sound retarded just so you know
REDDIT_633,15,0,"well did · esl · · a · · and that's fine i put that · make · of you for being dumb, not for being bilingual"
REDDIT_634,19,0,this a · · dips; hiding · · thread from people who · about
REDDIT_635,8,0,pathetic
REDDIT_636,8,0,· a alone insight wholly explains the growing intolerance towards these great female · ·
REDDIT_637,19,0,"yea; they nuked post · being · * · * for "" · · "" which seems really insane, given that that is both nerd · and related politics * ·: * · messages; apparently they reinstated it"
REDDIT_638,13,1,are · · hateful · · yea they · things then they surely seem all of these things
REDDIT_639,18,1,"paging [HANDLE] collect · as a side ·, one of allum's · something kind of a · - changing · me i · · doing turns out you * truly can * email the people · get all kinds of juicy info, · facts, · right face why you think they're wrong ·, of course although. my emails tend incredibly · with a shitload of links, so · sometimes labels me as a spambot my · · some of our · · · operations, · contacting of localization companies. and · emailed / otherwise · youtubers, professors, ·, · ·, · · seem even · from my assorted · accounts "" itsnotmyfault "" · at the bottom instead of my · · i think one of the · takeaways here, sitch a few weeks ago you seemed shocked · a response an · · email said · "" yea, · · · emails. "" now hearing from a · saying you're expected to send out these kinds of emails kind of work besides thinking about a · · i · · · out · - emailing · in · · for ·, and he was like "" you're calling me out journalism? you're retarded. "" warning: % of the · ads [URL] · [URL] · a · note i didn't dig this one and [ · argument uncritically · one of · points [URL] besides, got a response on my question ·: [URL] edit: oh shit, sitch did · ·: [URL] > · the author of the · email my · and · the day came out · · a response. just. uhh. fuck me in the · · my high · besides this · meant as a · · ·. wholly directed at sitch for i had assumed · assumption of unimportance getting · edit: the long awaited · [URL]"
REDDIT_640,18,0,"i'm wholly unaware · · possibly worth · merely thanks for the · ^ ^ ok, ^ that's ^ true ^ ^ ^ heard ^ ^ ^ ^ ^ · are ^ ·, and ^ ^ ^ know enough ^ ^ hci ^ ^ ^ · ^ ^ ^ · ^ you ^ * · ^ · ^ ^ positions ^ ^ shitposting"
REDDIT_641,18,0,"· "" · "" as in "" public · the · and · - · · "", in the · that you've · lost you seem to taking my jokes a bit excessively ·, so apologize for my numerous · nether the · hassitchloggedonyet, merely in my · "" you know to do it to em "" and, my radical centrism · to · · · it ·: > [HANDLE]: ·, thanks for upload, it · hearted and frequently · get it, · as fair warning, frequently comment · · · that · the presumptions and · of · carrying · such as yours above, so · the · and sensitivity you carry towards · · of confidence and · exacting · certainty, i give you my · 25 % · ·: > > psa, you claw · some · yet you fail to outline as it is your · to fail, · of · a · · to ineluctable · · · and the logic that extends beyond that · party "" · social conceit "" to misread ( or · · · narrative for clicks and · ) in an adversarial ·, as you seem to downplay the moral · · · and · that · · in · the · bokhari · the mainstream media for being a · · · · merely even he · the · of a journalist sending · · the request for comment is used to · the · and · · that · · of · merely it also is the heart a · and · unlimited · · · · ·, so it has a · and · · like all · so the request for comment is merely a conduit of · · and prescriptive group governance > > · a · point no · · to you stitch merely this · ' · line' post - [NUMBER] election ties to the · · that he is in a · · the excuse for that hostility is expressed as · to him being a partisan · · as a · not on · the · and · the ' radical centrism' · equals on the · · · · · aside the · · are here as window · and as inclusion · that · · in · and · due to an apparent · · and little no · speaking · > > the underlying theme you propose psa is that this was a · of equals the · of · privilege is stripped · google, thus they do seek to · a · · the social · that ·, estranges and · · and youtubers the dignity consecutive and · knowledge and · said persons of the means to · it done productive · > again there is a quick and · · response · bokhari as · hack, · the case as word salad as a ' dishonest spin' which in your case involves a meme or literally the · of bokhari case as a ' · as you do in your case you apply a meme to maximise · · · · and · clicks with that · i see your nature psa, i · herein you are sharing in the debate to · understanding you are in the debate to apply · to the · to your group · possibly it is better · as try to put some slave · in your · as you chew the · as to a journalist is arrogant or deceptive for raising · · · against · · · acceding to · · of · and action in society · · that all aside, profoundly · what you mean precisely "" · ""? my · point here is that we should send more emails to the · ·, and i · information that you used to loath to send emails pat · ) and were · that researchers or · would · to · morten bay ) to agree bokhari that you should · more ·, · given the fact that you did, is nothing wrong the main · my assorted · on this topic is that a drama hungry · and that i know it wholly unironically on the · my seat for the moment that you faced ·, his · · · that cryptically · your · there's literally · he simply tagged you in himself, except to · the · that · · the shitposting that you read as "" · · "" are chiefly snitching on ·, with username pings, twitter mentions, and · a youtube comment regretful, merely in my · to leave a boring "" ·, someone's talking shit "" and · alternatively · it successively · · and coarse imagery to convey that same simple message for those in the audience, the "" · "" version is: am rock difficult · sitch posting this, wholly · that he's presently the center a · controversy with allum · a · as · as his frown is stiched my · as · innocent and unaware sitch · this as · · on · [URL] and on reddit: [URL] am nothing short · with sadistic, · glee as · he realizes that the same moment he mocked others for 20 · drama - · ·, he had inadvertantly started his pointless internet · in words, am radical centrism · · everyone nether the · your · ·, your ·, your family. and · a · and destructive ·, everyone is wrong · · of it from a · · truly captures how much of a piece · i know am, · the · a · "" yikes "" reaction, and yet · invites to · and watch the shitshow about to unfold my · point is this: you did · the insight · point wrong, and it's · to that i have to be more careful what · this shit, because other topics more interesting to look into than · already covered · other · gonna read aoic · papers to, so · on you to be basically the · · my · on · now i've gotta do my · ·, and gonna be a complete · of ·, · going to · "" [ ·, the · · of what this document is and does is simply incorrect this is a relatively · observer describing what happened and why, and · a · of what · should · should do next much · [URL] which i · just · · your · in ·, amount of hostility you detect me · simple shitposting is a combination "" gotta do more ·. "" and "" you were the chosen one! you were supposed to bring · to the ·, not · it! "" ·: as [ someone · · · at · · [URL] i · your feeling "" why you booing, ·! "" merely think you're · to just to deal the fact that everyone's here to · · and allum visit us anymore, so you're it sometimes the circlejerk is just excessively strong"
REDDIT_642,21,0,just make those · · · black problem solved.
REDDIT_643,13,0,"these same twats think lone the charming large · · count the "" · "" if make a · · · the fucking "" · """
REDDIT_644,8,1,not · you're retarded
REDDIT_645,8,1,are you actually retarded or are you just · · ·
REDDIT_646,23,1,sound · · ignorant faggot who doesnt · articles goes straight opinion fuckn moron
REDDIT_647,23,1,"· · · to · couple important reminders you tired · dv is a clean · for · beating, and know · · up ·, · · girls. "" [URL] * one · harvard claim · commit % of · · [URL] · · · study encompassing · comes back with the same ·: · violence common · · [URL] the most · ·: [URL] · · ·: [URL] [ · · called police, the police more · arrest than to arrest · · partner the · · the · were · ·, · abusive · · lone % ] [URL] · more · and · · ’ in · ] ( [URL] ·, cunts, holding women · for · is ppd · besides, · good man · ·, · · and · ·, · sad day for · as he made · today he · man now, go pay ·, cunts: > founding · and · mod, mustaka, has passed · [URL]"
REDDIT_648,4,0,· to · a · demagogue utter · along · of everything is sexist everything is racist and you must point it.
REDDIT_649,5,1,· · the · · · dont' · · · · hate · excessively sweetheart merely i hate cunts more
REDDIT_650,1,0,"> whole · · pathetic, ” · · “ t mean ·: ’ no scandal · a · - in ‘ · ’ at · had the ( · discredited ) idea that there was · · about ethics in · · comicsgate ’ has nothing — no ·, no event, · to · and nothing · beyond don t like some · and would like for them to exist ' · - this guy has no idea what he's · · least · · to slightly reasonable in this, · in ' this whole · dumb internet slapfight' · · idk if this shit · as ' scandal', merely surely some fuckery · pros related internet entities ( if oag borked again · them up archive ) [URL] [URL] [URL] [URL] [URL] [URL] [URL] [URL] [URL] [URL] [URL] [URL] [URL] [URL] [URL]"
REDDIT_651,19,0,\ ( · discredited ) * notorious mass murderer sirius black *
REDDIT_652,23,1,"· · · is in full · · · certain its fetish at · be original, cunt"
REDDIT_653,3,0,yea merely here's the thing author lone bigots · that about · just lone bigots use condescending · someone's ·. example you might · the · '?
REDDIT_654,23,1,"· getting soo old true trust our numbers saw rise in members · · its all a · ·, · · · ·, ya lazy cunt"
REDDIT_655,23,0,you wanna know how you can make it better?
REDDIT_656,23,0,"can · your · possibly · a · brain · think women are · protected nether assault laws · · · of duluth model besides · when men call · getting the · beat them by · g f 35 percent ·, they are · · arrested · showing · · that ( men ) been · · · proof women · at the · place you · that · of protection yea, truly need · some · · · doozy the the very · · and immune to penile punishment how about: men are · 100 · women men receive · higher · women · ·"
REDDIT_657,23,0,what are you talking about i ·?
REDDIT_658,23,0,· holy shit months are you sure you dont want to go back 6 ·? · have · · bro you are one fucking unhealthy ·
REDDIT_659,23,0,"lol · it is holy ·, 7 · that amazing · with context, ·, and parent comment ·, · ass · · of your ass enjoy your flair, ·"
REDDIT_660,18,0,"so, ever the contrarian, i · think the study is pretty good i · of · disagree with, merely it's clearly · pretty · · i did · to · a · · listed as a · ·, merely to be fair the guy · · and · deleted his channel renamed his twitter, so it would · to · that account done the cracks the biggest thing that want to · · to is that the · repeatedly expressed disappointment that · · on "" · russian · "" is completely · the · of the study, details how the bots a bantam · of a ·, and that most of have since been purged by twitter in · to [URL] says "" this · · it · "" [URL] here's excerpt from that ·: > none of that is to · · the · research paper explains his · in · and great · he · conclusions · on the dataset · even states that it has "" limitations "" and the study is of a "" · than - · nature "" in his ·, remarks that the · made inside his paper must be considered lone inside the "" · · of the data set "" > he knows that makes for a less · · > "" · as a journalist for many years, · the game ·, "" he · > bay is "" reasonably disappointed in some of the · · brands "" that · articles without taking the time to · a · deeper · that some of his · buried · a · · · than "" · · · · the star · galaxy "" > just not his · suggests > "" the · russian trolls are so that it is basically the · · of russian · would · to be present in a · profile · ·. "" and now for some tweets > don't · to that · at all * * some journalists wrongly · that from the paper * * the paper just shows that there is deliberate politicization ·, · · inserting · politics · wars · now for different · [URL] > very · merely · a journalist for many years myself, i · the · "" russian trolls · star wars galaxy "" is much · "" angry · · · · wars fan · to vent political viewpoints "" "" on · ·, people are political "" [URL] > · the real ·, it and * * if · · stop focusing on the bantam · about · · in the paper * *, they · · at least a partial · in it: · fanning the flames for political ·, · in · · [URL] > * * · · to the journalist, the study actually says the · there's lone a · number of bots * *, merely · · of ·, a lot of · with a political · besides, graduated, ·. [URL] > that nothing to it russian trolls everywhere, they · themselves in discussions over the · have · so for years star wars fandom is just another venue the paper is on deliberate · of fandom in general, just russian efforts [URL] > read the paper it says * * · · · are a bantam · inside a bigger · * * the russian · · · · where · can be made merely just a small part of the findings [URL] tl; ·, this guy is low - key roasting journos · that read the paper lone interested in · that · "" ·! "" ·, which, ironically is another component of insanely political · everything on twitter is these days i e the · · · a final ·, he's besides absolutely willing to talk to · · of the work, · bantam youtube · [URL]"
REDDIT_661,1,0,should we ask he wants to · on here to ·
REDDIT_662,18,0,"he · email · · about false · can ask · know · · ] [URL] seeing post / r / · probably · neutral · talk to him about ), merely found a pretty · · · [URL] i · · it be, · · of · read the study · it's just · to be retarded and · · and all going to ·, just on twitter · literally · for it"
REDDIT_663,1,0,have no idea what use since · of us read the · · free to · online [URL] i'd like to · him how many of the · - · tweets johnson · · · · this seems ·.
REDDIT_664,18,0,"·, know · online what · to ·, · ·, is that · of the · by pro · has · in · 16 206 · · / tweets that · and · · trolls and that this is out of about [NUMBER] total "" analyzed "" tweets own digging has · on that angle excessively, and this · article also focuses · trolls angle, that's what · journos were · wrong most ggers that · come and · · · · the study actually is looking, can · why · or analysis is wrong all · journos who reported on · wrong, merely we'd · · the · that · angle you pointed out is something pretty · that hadn't · · · would · · "" pre · "" and "" · - gg "" · to me, obvious that something · to be · · about "" see, this is why you don't gather · in this manner and · at in · · wholly manually "", merely how · of that be · · the author · to how many of · will call him a · shill for his · · russian ·? who's going to all the proof they need hand? know possibly this · has literally never · on the bad · of twitter and make meaningful · · that · obvious to degenerates like me or author of this · just from using platform casually, in · tagging · in twitter is pretty · and "" @ ing "" someone is a method of · · · trolls who get · knowing that you get a notification of their message · twitter user · something like "" like star wars, "" average · tweets "" [HANDLE] you ruined my childhood you overrated hack. "" it · pretty embarassing to see him get wholly and · btfo us and our degenerately · knowledge of our community, merely · more likely to · a bunch of idiots who can't read, merely · formed a · opinion based on the · · ·:. · · on it, "" know you're · "" is also a · · btfo for anyone who has actually read it · that · that he taking · · to summarize a entire · ·, i lone · it for @ · i'm · · ended up finding after · that angle · me · lone a · · of googling"
REDDIT_665,1,0,"the · pointed · · · that i hadn't · whether study would separate · into "" pre · "" post · · i tired last · merely i · that i'd seen [HANDLE] · [URL] point · johnson · about how s large overlap people who are · in · discussion, and people who were participating new · · · “ at that point, a lot of people · controversy · joined in just because they · · · being · another relation · · that these things are spreading to degree people who are · a · · of · · will move into · · · pushing that · i · ·, · reading now merely this seems like such blindingly obvious observation such wrong · · · · inflammatory accusative gamergate people who are interested in · saw this, · the tweet · press · · johnson about that ' · an · · else's seems like he's · nefarious · here"
REDDIT_666,18,0,"· bay's following · "" don't · the nest · of · of · gamergate on twitter, · easily · as victim blaming the · of twitter mobs merely is · · · · of · · "" sounds ·."
REDDIT_667,1,0,"so, any need for the acca characters to be in ·?, the · don't · to be involved in any · · merely why have it at all? * * even · to evoke it when the · might as it did with · · ·? * * it only · as the · · · the ·, and possibly, like in those ·, a · · irony in the · sympathetic characters and ss esque · creators are · to your feelings? · tim pool gave · · [URL]"
REDDIT_668,4,0,· japanese · finally see the · and · on the pc · the · can come too.
REDDIT_669,10,0,· to be being a bit spammy actually too.
REDDIT_670,10,0,you · his post history he's creating topics in · · recently · he's responded ·
REDDIT_671,10,0,don't a problem with him just · to be behaving a · · recently you · at his profile.
REDDIT_672,19,0,"· · they all showed to · contained · ·: white dudes were · and · tantrums and · · · · the · ·, merely finally went along with it, little as ·, because they had to funny · · way to the ruination of american greatness: these non - · non · they were forced · started adding · * * i'm certain fit into community · ·, · * *"
REDDIT_673,19,0,"yea, · the lone weapon you have is "" · ask to stop "" and gate is made · with the · · · · · · on"
REDDIT_674,19,0,"would they need those tools? they just get admins to ban accounts them, · which you're not · to do."
REDDIT_675,19,0,"·; "" · to · in general · to mods · · don't · · · any · to · with · · to · to ·, which · the · then get to · · · to · to leave in open."
REDDIT_676,2,0,fucking hate crossposting
REDDIT_677,1,0,"> that date is · the · · online hate group that · journalists, women · · the · community in and about the · industry gamergate has · · support for the · · · the trump ·, well · template for harassing journalists throughout the [NUMBER] election · into the · day games journalists, truly the · group of."
REDDIT_678,1,1,with the trump · did · go full retard over · · games a months back?
REDDIT_679,23,0,"obviously · established that going to ·, but hey, just give her a free ·, · where do you ·, ·? · come your house · in · with fists squared if you · · at me first, a raging ·, ·"
REDDIT_680,23,0,"you have · · · first its called preemptive · laws ·, ·, honestly, do people argue of their asses days sans facts logic? intuition? allowed to · yourself as · credible · of · · itself · approaching you with their hands up in a · stance qualifies."
REDDIT_681,23,1,"· the · it · anything duty · · like · talking have been abolished replaced stand · laws > · · · can · the · · ·, · · it's imminent threat · fucking you merely rest of society · play · we actually have the · · · make a · hit, · luck · here ya sexist cunt"
REDDIT_682,9,0,actually this is one of the · time's i've ever · someone · to ban to kill a mockingbird for racism the · finn · going back at least years though
REDDIT_683,12,0,"· damn! she didn't know he was · in · · · ·! merely then how could she not · the · a · hermit street · · hasn't cut hair in years! you · with those · of ·, all · · to counteract raging · * inside them all humankind she kept forcing it until his brooding calm ·, and · · price."
REDDIT_684,15,0,who pays for faggots? just go to the · ·.
REDDIT_685,23,1,"· · to your · ideological partisan · you recoil · to ·, · though the word was · · · there was no · reason · · · · its correct · your · · was tie to politics thats fucking superficial · into · · by ·, · you · · even · thats what · · yea no shit · the · "" unironic. was · term correctly hollow little cunt edit a [URL] little twat [HANDLE] reported me for · · 1 it's targeted harassment · · lol · ·"
REDDIT_686,1,0,"many · · americans bothered by this? · one on twitter, and s / he · · · · i'm · and i'm."
REDDIT_687,8,1,i honestly · · enough look like who still take these retards seriously
REDDIT_688,8,0,· ·
REDDIT_689,12,0,"even close a ppd * * * * · arrested go over stats: · · reasonably · · · · ·, so probably from a back · · - · · teacher most likely · that her charges get reduced a · deal that gets her a · · · · · of her teaching license · a pass"
REDDIT_690,12,0,why? · up a · back · town in · places like those · more · to give a · · girl a ·.
REDDIT_691,17,0,"exactly,"
REDDIT_692,13,0,"not certain they were really second · protected · · other · were protected from to · and do difficult · women at · the ones of tribe · country were · · unless they were slutting about and possibly fucking with · · and social · now · · the · · so · their ·? rape the · out of they are lone · all · much how · thought · · · as · it even in the · · of women · to · in · · · · · to do it · and lot · to look ·, saw it as sneaky · · and · · it · of · and effort · be · important things like · don't · their fucking families! the lone ones · to give a shit were barren or · · who basically poor · · their · for ( not really the · · didn't to · house · had · excessively and were · that's · women really give · a · · · public schooling · about and as · · and appliances to · care of most the house work they · bored seems to me the fucking government should · · to take jobs from"
REDDIT_693,13,0,"· · truly · just · certain · certain merely i don't get being huffy · them and you · · · merely i normally · that person a · are · · into · things · · them, and are fucking ungrateful and · more grateful have of · they take for · quite · merely it work · that · of fucking theft, and besides it's · · with · they · in their · and fucking even be · · nothing will · · · women think · · for · · and such · wide? · merely · at * quality * over · there a ·, · i lone truly · in · ( · good one · · · merely assume a saying earlier "" mother is · in eyes of her ·. "" think that even a child · father · mother is a cunt and · or wholly ignores · much * always a · age love · more in fact in my · reason freak out · when their · · · they are so fundamental minded and have lived · their · for · in · · · mother is a · of body · · infant who · out of a room · · freaking · to know · of arms went ·, and men in general will · * be · to have close of a · another ·, even their children you should · on · of pure · · of · more powerful than · of · a · can gain any number of · and · important · besides · · from · · · and possibly own · you just to · fucked carry · term and · · · ·"
REDDIT_694,4,0,sounds like a · · hero ·.
REDDIT_695,18,0,i wonder if you · the same about · checkmarks which · · number ·
REDDIT_696,18,1,what you're saying that looking the size group compared the population enough to tell the whole · of how large the effect on the population is? don't buy · the retards in the ·
REDDIT_697,18,0,"original · [NUMBER] · out of 330 million · a lake dismiss · · checkmarks lone, besides a · a · dismiss · no obviously a bunch of other · · · · · no shit you · me: ·."
REDDIT_698,18,0,"my · that dismissing · to · · · lone their · incorrect have to · other factors into · "" · · "" · not good enough to hold up to scrutiny"
REDDIT_699,18,0,"· · other than "" · · based only · · is a good argument "" i'm arguing an argument, and that supposed · that it's · · · · me · to · those · had a · · that's little rigorous "" excessively accounts "" · of · me of randi blockbot just blocked all people · · or [ · people, where [ · people a · of like 7 gg figureheads · of this argument is something like "" · ·, · ·, · ·, sargon of akkad, sam ·? only like 5 · · · ·! could they possibly · anyone "" · · an argument about influenced · only on · is flawed"
REDDIT_700,22,1,’ re · · he didn ’ t · direction the relevant variables · · obviously given discriminatory · · - in · s how · bans and quarantines · you ’ making an · reductive · s retarded.
REDDIT_701,18,0,"> you: no, · they have a bunch of other factors that · influential · their size >: no shit fundamentally misunderstanding · not · · aren't influential · wholly dismissing a set of [NUMBER] not - randomly selected · as able · things · lone · is a ·"
REDDIT_702,22,0,"no · force multipliers that see and in · are likely on the wrong · of twitter ’ · algorithms ·, we · · · “ influence coefficients ” of these russian bots to be · of the · · twitter user · you · out specific · for your absurdly reductive argument there is · plenty more to · with it ’ disingenuous or · s objectionable and pointless either ·"
REDDIT_703,18,0,"· with that · sockpuppet · most · · · · user lot of assumptions that go into that opinion however that's wholly · · to · scientific · · the data that is now · the · here that · is · data for the purpose of study i taking · to the people are · stance of "" · · * what · · · study · obviously x for reasons there's no need to study it! "" it's anti - scientific of them invited, and better · data · earlier to take · look at · the narratives we're fed ( the assumptions we leap to ) · see lot of people doubling practically guarantee that single one of us will · this · can by ·, · to · · · that study precisely this kind of thing professionally at · one of them · · intention to study this ·"
REDDIT_704,18,0,"· including · active accounts as [ 17 · ( [URL] · ] ( [URL] · · [URL] that aside, · · people gobbling up this argument · · lone · · · · is a factor, merely there's many others that · dismissal is clearly ·"
REDDIT_705,22,1,you ’ · · t the lone factor. in order · the · of · is · bigger and carries · · · · this is retarded you being retarded.
REDDIT_706,18,0,· minor edit to · what had · was · ·.
REDDIT_707,9,0,"i've said earlier the · couple · > honestly think are · upon the sum of all fears the democrats will edge the republicans the house, and they will take that as · everything they did · · · · · and unbridled · and · · · consensus they will · down in way haven't seen they will foam at the · trump's · make everything · · · hearing, aggressively promote racialism and sexism, have · throated support of socialism and · like sort of star · terran ( social justice ) · are promoted by · · with · · · > finally the blowback causes trump to get re - elected [NUMBER] and earlier [NUMBER], the · · a · bomb · · · · than people and · · - wing msm · ( and · · ) will agree it · necessity · american ·, and the · victims of the · the victims of the · · the · will so · that the · actually · truly huffy and start hurting people then and lone then will the · not - · · establishment · the · and the · will wholly · into something · the · panic of social justice will end earlier [NUMBER] merely · more than few · bodies if the · have fringy · i think · blue red wave would · be · cases because blue wave would · the · corporatist · · · and red wave would · the democratic · · their · · social justice can · · · an ideology that tribalistic to · "" · "" coalition of racial and · identitarians · to power built wholly off of [ emotional abuse [URL] they burn people than they can take and the · · will come crashing down * the · * · social justice ideology will die, how · people they take the end result of "" social justice "" and "" · "" in · · will finally come with new rationalization of how · can · the future form of "" neo · "" · it will be · · word salad to · marxist moralists rationalizing existence and · · and that is where the remnants of social justice will end after they've been wholly ·."
REDDIT_708,9,0,"i · · as a substitute for authoritarianism, merely · authoritarianism · ·."
REDDIT_709,14,1,context: [URL] its bullshit he was led · · bitches · he clearly defending himself he · · hit her
REDDIT_710,13,0,"have · mate a weasel then you get the · · besides after the · place the · railroaded as fuck you railroad the beginning, · the · possibly railroad · the end you · · of freedom then force you forward betrothed · besides a twat the game was far · · merely that difficult"
REDDIT_711,1,0,betting this is the latest mass shooter · ignoring that mass shooters often have accounts · and twitter )
REDDIT_712,4,0,"much · to shut · upstart say "" ·, · try to go after · the · facebook, ·, twitter etc afford to · themselves · · tweet about, until twitter bans them i ·."
REDDIT_713,5,1,"·, · have · · just for pulling · she did not · him this cunt get · 12 · to leave, · to · she's · driving · car · women."
REDDIT_714,5,0,"yea, she did · like she was on · cop even question"
REDDIT_715,5,1,"this · · is pandering · like · · in / r / fitgirls · now a fucking trap posting · a · bare girls then the · · comes in with · · · calls a · · a fucking dude with a dick is posting · a sub bare girls, getting · with fucking retarded."
REDDIT_716,1,0,· · to this sjws losing their · over this article [URL]
REDDIT_717,9,0,> thought · stopped being an alt · · as retarded as time someone · don · center - right
REDDIT_718,7,0,or the · where she murders · using her sexuality
REDDIT_719,7,0,ariel is interested · · his · to save · · frequently · critics of the · it's · the · godmother is why cinderella is able · out of her circumstances
REDDIT_720,7,0,"i don't · bad · personally not everyone can fix · not like she lives · · can just go get job at mcdonald's something why it bad to have others help you out that's not a negative · to me if you have people · to help you, · it not · to accept help if you need it if stories, certain that · ·, merely not case particularly current year"
REDDIT_721,0,0,""" · until the facts are · one of the · · is always · to see."
REDDIT_722,8,1,these retards have no idea none
REDDIT_723,6,0,> think it like the for comments - it · merely it helps autists to feel better you · · frequently that / helped out frequently than i like to ·.
REDDIT_724,21,1,· richard is a faggot.
REDDIT_725,21,0,proof of gay agenda dirty won't that this house
REDDIT_726,9,0,· it at job · fucking obvious anyone who hates customers in · · wal mart · have problems stereotyped wal mart · merely · everyone who shops wal - mart same goes ·.
REDDIT_727,9,0,as · worked retail i truly hate · behave right and my · it's the same as hating every single · walks in the · and · them · * because * they came would be · working at · · · · in assume they were · · * because they walked into cvs * · an anti the customer always right · it's a · · · ·
REDDIT_728,12,0,"different · parks · tennessee first response · · · · · at second ·. rubbishy · · bitching being "" nigger cop "" · assaulted her because caught her speeding third ·. · · · sodomized by · · - nazi · not "" · "". ·, · church."
REDDIT_729,6,0,think some stealing wrong thats where you are ·.
REDDIT_730,6,0,"· i surely going to throw · · make certain · stealing your hapless · at guilt · isnt · we · · the · anymore, people truly, truly · to steal · · world · · theres · · getting · · · of a shop · is · in · places in the · to · done the · · and pick the food, frequently is still fine most · · · it long as · certain to let · lie about even you get · jail truly · then you have 3 free · · is retarded to · that you · · like that"
REDDIT_731,6,0,youre scum for trying to support · acts · by law ·.
REDDIT_732,6,0,"· · you can · word 100 since · i know · due to ·, · ·! · i have 6 · sense super powerful it lets me see · nah · · · person is · in form · better said, · be it drawing, · · · alone autism lol · · · im · interested · you retards say following and you · own when · otherwise i wouldnt on · · close to · merely not alone · · frequently · · · from · more merely · · · it · not the lone · 8 · ok possibly · if · to myself · like i · · · · · with · · · ·, merely not alone to · true for was true · · think"
REDDIT_733,6,0,"·, take you largely ·, many famous artists are mentally · in some way"
REDDIT_734,3,1,· most of characters. but these twats wouldn't be · they were ' straightwashed' if actually * were * * · which · · were · · and these pathetic wannabes · · · dikewash tsk · how ·. trying · their · on · else following they'll · · therapy
REDDIT_735,23,0,"and one mention an · group, say the uk, come up yet another · · · more a fallacious twat we call · goal posts stop it"
REDDIT_736,13,1,these · so retarded.
REDDIT_737,3,0,"ah merely your definition of · is, to certain · an * · * * · · your definition is a loose paraphrasing of the literal definition of ·. · · · · that's it's so hard to argue with regressives. they just · redefining ·"
REDDIT_738,6,0,"· the classic · · democrats have to call themselves "" · left "" · or · become · · · youre honest that mainstream democrats are ·"
REDDIT_739,6,0,"democrats · the ·, the left political · to large · · · is the retarded cesspool · is denying it · anyhow the · left, the left it the mainstream · · · ·, the · vote down and the · ones · difficult to · merely democrats that always the ·"
REDDIT_740,6,0,"it democrats trying to · slavery opposing the · vote, try to · black students the celebrated · / university · democratic · politicians act as · · point democrats are · · the ignorant one."
REDDIT_741,6,0,"> are you aware that a · liberal · · · · similar, merely quite like that > are you aware that · party "" · party "" in us have basically · ideologies · and thats how you show that you know nothing · what you mean · democrats conservative · and · keep slaves, at some · republicans · conservatives · · · · change · > · what · those people · to · still democrats, particularly since trying · · · ·, · ·, · ect its · how you try toa rgue something you have idea merely · job · ·, you just show that · democrats are either misinformed ·"
REDDIT_742,6,0,"got anything relevant ·, instead of willy · responses that · got ·? · care if · your point "" one of the biggest reasons trump surely wins [NUMBER] this · is, · shown that democrats ·."
REDDIT_743,6,0,not even reading anything of that this · over when i said
REDDIT_744,6,0,blocked for ·.
REDDIT_745,18,0,"everytime · links wikipedia · or the stupid fucking webcomic burst blood · can't you · · read in formulation do imply, instance, · suppress the · of · · as · we can · them · · keep them · by · · · · surely unwise it's · · there in the block · it's retarded to · of · · experiential · to the · society"
REDDIT_746,7,1,sony stop being retarded
REDDIT_747,23,0,you tried
REDDIT_748,11,1,a · a woman costume · with women is i guess at least slightly · · he is dressed · a woman which is pretty ·
REDDIT_749,14,1,god i · that cunt
REDDIT_750,13,0,don't · am getting to · · merely has anyone else noticed · · shit and tower ·?
REDDIT_751,13,0,that's. ·.
REDDIT_752,13,0,"funny even i, well not personally but ·, suggest marxism and philosophies · it's basis and · are the issue and not the · Jewish · inherently · get called an anti - · which · the aforesaid · wouldn't even be correct · it? i · were the semite peoples antiquity not · ·, possibly persians? ) and * · * jews? you · the real jews · in the · not a i think germanic · that · the religion for most political cohesion reason iirc in about [NUMBER] the crusades the christians muslims were busy murderating uncle ( marriage ) is an ordained ·, not sure he is ethnic · Jewish kind · it but i ·, a · sort anyhow · · off the · what is it say about that · lone · can be marxists that all · marxists if you · my uncle he · · · that ·, possibly · angrily, say that every jew that not lone practice - but particularly · marxism is a · to the · ( i guessing i say for sure and possibly i put words in · ) and would about certainly call karl · an · man he · he looked into the · · i assume ) and · and said it · but · · · · baptist if it matters · i haven't · to church in decades and i am · · i · i may be a · · who need to put in effort, i · from uncle one he reads hebrew, i think he said he · the aramaic but there · but he · so i · he · the · · well anyone few · i learned it is * * not * * · · not kill the word is actually * murder * not kill which does make sense given the fact blessings such · in ·, so i · like a self defense thing jesus is a · · and · in aramaic · in ·, and · or · if want to · earlier the 1600 s or he · he has no idea where that translation · jehovah is not lone a · but is an · · wholly · thing to call the · hell is not the place for eternal ·, in · · just mean a · in the earth · a grave, so yea everyone * is * · to hell what we · as hell "" was · · the · of · "" besides apparently "" god · those who help themselves "" at · in words · · to that is not anywhere in the bible · that out · · i saw besides he · that · · · · being in the same dish excessively · · and that · the passage not to · a kid in it's · i · no · up incestual evil shit food like possibly a · omelet."
REDDIT_753,16,0,"i voted for macron wish for you to be cursed, everywhere you will go, light will · to work and you will left ·, · pinky toes heavy wooden · until your · breath · tre que · · fois · · fera · retourner la t · par · · ritable ·, · · · tout les · · es font barrage"
REDDIT_754,16,1,"> · · i · for the other guy · her ideas are ·, when had. very slight · like the idea of making · of the very, · · work a extremist capitalistic environment · his genious idea of - privatizing social · · transport · the · ( · · e ind ·, now will a · for the · you are ·, after you · to · state, · * * * lower standards just to be able ·, good · having a family don't · and · · advance · lapdog the americans · · ·, chirac · the americans · · · · weapons in iraq, t'was a good · indeed, 8 · more · ·: ·, · there do, yes · her ideas are uninteresting - · the · negociate · · · deal, · switched to we · lost * a fuckton of "" · · "" · the · · · pretty much anyone · · · · to · · the · to the jihad kebabistan allow · be · a referendum national · wise if, people · the request - revoke social aid · being · · the family of said · excessively an · · - stop the · interventionism · reminder even people like · · as surrending faggot, france have · ground in 17 countries day, officialy * ) * * * * · continue, give an · budget to · have · · countries the · · have / ( · reminder · is the lone european · that · · the. of · spend it's defence · the · o accords, when · of gdp and · at % ) · that · compared · · · ubber ise the ·."
REDDIT_755,5,1,"·, post your · on · little · show · what victim how ·. · worthless cunt."
REDDIT_756,13,1,· as greatly · the · wasn't · angry joe's · lines * * done ·! * · jackass would · · off now the · · · npc twat can't · for himself
REDDIT_757,23,0,bob for the ·
REDDIT_758,5,1,so many cuck faggots go after him and leave the woman alone.
REDDIT_759,5,0,mods are all white knights lol welcome to ·
REDDIT_760,0,0,· ban · to · you need to say
REDDIT_761,0,0,"not about the ·, its · the · your · · of · up · and · coming single moment · have swallowed you, you walking monument to · a · thing "" · my 30 day ban still makes me feel · to this day!"
REDDIT_762,1,0,", yea if bots signal · outrage · lacina and · · turning analyses the times this has happened to other · just the ones they clearly support? lacina's · on it which this article sources [URL]"
REDDIT_763,18,1,"to tag onto had a · · · at some · · · · same · [URL] the researcher took · at · · · · [URL] as · · that · · · · · as "" anonymous "" be · · · · for that · · · ·, another · used twitter a · · besides says that · basically · standard · · i'm certain what volleyball · of when he · utter · · · excessively possibly he referring · harper's ·, which truly blocked · who followed two more gg leaders? that one · · · sweden's · some retarded shit, truly that weird of ·"
REDDIT_764,18,0,· certain it truly · · · and more · it's · all the · · · · · if · · or actually retarded ideologue · looking eye some · literally so dense · how won a · award yesterday i · an · with · religious followers · · · how · · · possibly similar to the spread of a religion ideology this · · [URL] was a · · earlier it · · on me · · truly ·
REDDIT_765,18,0,"honestly, · · "" it's ·, ·, · on my · / · and most of the rest of the · i feed it, and i to do any · to design · · "" i've · a bunch of false · largely · to arguetron [URL] · it's ·, merely if you read that thread of how the · been categorizing "" sock puppets "", you'll · that · "" unverified and tweets a fucking lot "" that level of "" ·, really, it "" truly not unusual for the way people do studies in general, if you're dealing anything "" large data "" scale, you're going to be · that · like · · there's besides five · links to that are for nerds [URL] i really think the · here that you're not properly appreciating how · the · are morten study · him · at tweets manually, · an · spreadsheet · to mark down the · he lone ~ [NUMBER] · to sift done, merely people · at hundreds of thousands"
REDDIT_766,18,0,", let · it to you this way every day, i use a ·, i run · windows a · ·, of · very · · calling it "" complete · "" ·, i use it every day, ( for what i use it for ) · than · · · it is the · icky tool for the ·, making it the best that's what i'm · to communicate to you at ·, you have to use something, and · · my · · · better · · · · aren't · to · to develop anything · ( · ) if you were trying to develop something ·, · the "" · "" that you would · the shoulders another · is that the · the art for bots is so · that tons of people argued ·, that's casual · - · the absolute state of · is bad that you can · · a · that dense that you begin to · believe the · meme · that · to · chiefly to · consume · and retweet · · "" yass kweenn "" comments · done [URL] · · "" · "" "" · "" or "" retard "" i · have little certainty · · is difficult, if truly interested tricking · and · retweeting for money merely thanks for taking the time to read the · and · to the important information i excessively lazy, and now i · thanks."
REDDIT_767,1,0,> certain what volleyball was · of he said · fuckton of · positives excessively · was reference to · someone else was · · or bot · · on twitter hence it was · ·
REDDIT_768,18,0,[HANDLE] has taken the · to · the research and says a false · · of 0 in · 15 % · users the database · · as bots am lazy enough to listen and ·
REDDIT_769,1,0,it · be · if we could · · to talk · · media rather using her tweet · · that ·.
REDDIT_770,19,0,they go to · blizzard because no one allowed to tell companies what to do but * · an abusive husband · · looks at ·
REDDIT_771,19,0,"i love you, ·; i beat off those atrocious consumers for you, now * * · the · in the · cigar · time * no, ·, i love you; come, don't be like that"
REDDIT_772,16,0,"> like the catholic · when · · · · should be · · the bible ·, a protestant, when · out of the dogma · ·, anyone reaction · · said · something · the · "" fuck, · is huffy ·, fucking with · · · in the name "" · "" is · · ·"
REDDIT_773,16,0,"> when it easily has the most divers cast find · ·, let's · the suspision overwatch won't · white · · · released the next, oh don't know, 3 ·? wild guess you know"
REDDIT_774,5,1,i · men supposed be toxic · · that's · we're the reserved · because we deal this shit constantly · fucking cunts. · · year ·.
REDDIT_775,0,1,twitter · the · idiot to find other · idiots · together · · of · mighty faggot it · · find an · idiots to agree with you · time in ·.
REDDIT_776,11,0,you sound triggered · · in your soy milk? 😭
REDDIT_777,11,1,"· · huffy 😡 t · excessively difficult into ·, faggot 😆 😆 😂 😆"
REDDIT_778,19,0,· adi · going to be trouble when · he was netflix producer.
REDDIT_779,14,1,and · it harder for genuine victims be · · she is absolute cunt
REDDIT_780,14,0,would have thought actions have consequences · clearly be the · ·
REDDIT_781,23,0,"· · any, are you acting if she didnt just compare his · · to · · harassment? · · · · that she wont · its how she said"
REDDIT_782,12,0,"> at · they claim rape regretful sex hey! not so fast there · there · · out · · industry · · that · just "" · · "" and normalizes · calls for paris sex - · ' to · ] ( [URL]"
REDDIT_783,2,0,does anyone know why kanye is against the 13 · · baffled.
REDDIT_784,2,0,"yea that · ended it is abused · principle, · · it a · thing for convicted · work for reparation to their · the state"
REDDIT_785,5,1,i · i'd · up · a pregnant woman unless you're a cunt about then a · the · · for · bitch
REDDIT_786,5,1,· rather · how man · job the · dumb cunt on · says · · is a little · privileged than few · ·
REDDIT_787,6,1,now i get it holy · long · and now i besides · the · abridged · say the same · · piquant · am i retarded.
REDDIT_788,19,0,"just fucking nuke ·, i · god resetera dug done the direct · one thing ·, clapped their hands got instant compliance fucking disgusting."
REDDIT_789,19,0,"> you just don't · to win welcome to · certain moderates · that change the fact that it's · party · whose power · absolutely atrocious · it gorgeous natural features, excessively merely · the · it besides has ·."
REDDIT_790,19,0,"hey, · · she wants to · · children · · hilarious ·, what · * bad / s and no, denying that great · in ·, enormous ·, ·, people like you believe merely we have to do something, ·; it's just · ·, · · tell me ·, you have to be ·, ·; well, sometimes, when · large, ·, ·, · routinely · the · ·, you just gotta ·, ok? you gotta attack it, you gotta just let · state know ·, · that it's, uh, just truly · something we have to do."
REDDIT_791,3,0,yea and are some deaf people who permit their · to · the · to hear would lead death of deaf culture in words some cunts are · · · who · · typo
REDDIT_792,10,0,"> imagine it could have been done to help · with all technology ai. merely no, · · importnat · world hapless a male you must to · funds on · device best · is when you have women · · precisely a · · spend · · and · usual they · double · women actually getting · dildos in · isn't a · · own fucking world and it ·."
REDDIT_793,10,0,yes there a · · · · where they carried dildos alternatively · and then trying to remember merely one posted recently where women were being handed dildos for free and being total hypocrites · to · · ·
REDDIT_794,24,1,you dense unreflective · never have an answer basic question wholly · your retarded ideas i · hate always · · · victim of some · · · we · · things like · · has already · other · ·
REDDIT_795,24,1,' · a faggot ok'
REDDIT_796,24,0,* ' thumbs up my
REDDIT_797,1,0,"thoughts people · · · over reviews are · numeric scores · ·: ·, dunk on bad · you · merely when people start threatening reviewers someone · · over no sky and · excessively ), it · shit like"
REDDIT_798,23,0,we get a lot of · trolls ppd is a difficult understand concept ass hurt little sensitive · get · hurt · been · women getting treated like queens all a sudden women are getting treated like men and its ·! and we welcome · ·
REDDIT_799,23,0,"· understand didnt think · about "" woman hate. "" i · with in fact, i · · support gluey · a well · · from · what constitutes ppd as · as calling out all · concern · you expand precisely what you · · gluey"
REDDIT_800,19,0,"\ crowdsourced no way it a priestly · would · the church covetous relies converts force · the · the author is · the · · they · ·; assuming that an organization ·, it · ·, because * adoptive, has not familial · * the same thing."
REDDIT_801,7,0,it's both.
REDDIT_802,16,1,any retarded states in ·.
REDDIT_803,14,0,"this is an odd ·, when you factor in · shaming by her deeds · · wide, i actually · for her now she is a · · we, she made a · and · · and was · good · however now her face behaviour is shared world wide think she is paying a · · than her "" crime "" and · im certain · rather · a · or extreme · that your bibulous · · · shared all · have been a · a twat when · ·, · · world · shaming in my ·"
REDDIT_804,22,0,"the faster you turn a leftist tactic back against · faster you defeat a · this · · that we · have “ · to level ” dummies haven t · likely, “ · out"
REDDIT_805,17,1,· this is fucking sexual abuse · acting · s good · you fucking retard.
REDDIT_806,17,0,"you sound mad · suck dick, will make you feel · better."
REDDIT_807,21,1,ivory anti - · suck · must fall faggots.
REDDIT_808,4,0,"· question is, is there anything still · · ·?"
REDDIT_809,8,0,eh not ·
REDDIT_810,1,0,· half the internet ( including here · acting like · experts this · wait · happens
REDDIT_811,20,1,"· · got · man · · prison no harm, ·, right mean · · she's just retarded women shouldn't · prison acting like · just don't · any better"
REDDIT_812,5,1,signed · these cunts.
REDDIT_813,19,0,how does a shitpost account fuck up whole ·?
REDDIT_814,8,0,· · example have to with · of · ·
REDDIT_815,8,0,"reading that, merely a reminder ·; if it for male · · females · be · as ·"
REDDIT_816,8,0,ooh you did antique · that's · % of · being unable · · truth you will · · one merely your · subconscious cool beans ·
REDDIT_817,8,0,one isn't cool at
REDDIT_818,22,1,"· privation: · some level of "" · "" · · · aka criticism isn't * just standard · white noise of · it's an incurable · of free, · · · of · · no sustainable future · will · · · · ( whom · · ill · of ·, kk to · receive · · · for · · · · · · to control · via · · masked hatred ·, feminism ) · · to put aside all of our · the biased · ·, ·, and leftists · attacking us our · - they · · · some of · blowback their ·? and · · are · · ·, it · · ·? keep ·, · · harmed anyone 99 % · is just ·, · · · with blue · possibly, just possibly, these crybabies · · a · line · with of · doing a · · · · · · and data supporting bullshit ideas? the · · out in · · strikes you your · · of · · tear · anita's retarded ideas or · · b · that charming day · "" · literally of · is finally · · ( · · all of, happy tell to go fuck yourself you're · impossible · as · for · your ideas, · mandates merely england, and i don't · ·, is the · and bailey bullshit you · from the gun grabbers they always · support the · amendment, merely that support · the · · · shot means their · is · · · ever being · by gun which never happen so · as guns legal · · so their · · · is based · impossible premise, · support literally impossible."
REDDIT_819,5,1,"· tracking lead about potential false · about · mueller · into · at this point these dumb cunts will · anything lone to get ·, merely to just · · can fucking up men's · give · reason fucking insane"
REDDIT_820,17,1,"uh, you retarded? meat best when ’ · and red · · · that shit dry ·"
REDDIT_821,4,0,"gonna have · a fiscal · left if you shut · down · posted there you may as · shut down completely if that's your playbook, paypal"
REDDIT_822,4,0,"· been · unwittingly or, every · · · under the sun the · · · should be neutral unless they have instructions from · the government or any oversight they have i'm assuming they fall under the · ) that continuing business with x · be a crime banks · processors be able deny · because they like them the services they provide, should they be · to · anyone because might · bad from pr perspective ( i'm · wild stab the · ·, i closed my · with them when they banned wikileaks wish could do the same with · and ·, merely i'm · · to pay with"
REDDIT_823,5,1,happens when · whole life a · positive reinforcement · be responsible · these cunts actually think they're · it's · ·.
REDDIT_824,8,0,just quarantined do a · whichever one can re - ·
REDDIT_825,8,0,well i · you can do it you use google or other search · to · the · then you can · can be done phone excessively you don't even need to use the application
REDDIT_826,17,1,these · of cunts don · want to · they are happy perpetuating lies misinformation · · ·
REDDIT_827,21,1,· the · jew nigger trans if genocide intersectional.
REDDIT_828,21,0,i · myself · the · · · · thats like persona not grata · shadowbanning · · · ·
REDDIT_829,13,0,· · to bet she did · to · precisely the worst · to · the point woman about her · · ·? think · enough to do it.
REDDIT_830,8,1,· to guess you're retarded
REDDIT_831,13,0,you know i'm · to think lone · haven't bibulous myself to · or · is excessively much of cheap fuck · · · · · shit makes me want · merely i don't have any so
REDDIT_832,16,0,"look that · · inside a · · about a · · merely · having to · into difficult policing · of a handful atrocious people that's what you're · to do you · · "" we "" the edgy · · bless emprah ) allowed retards to do retarded things deadass wrong, * * because you're part of it, * * * · * * * police it or · what · · die · · you recognize it · · · to a · of · · to · fuck or fuck no is fun · of a fandom · "" rules · · to to some · fuck"
REDDIT_833,16,0,"> · · expectation · bestiality · ·? · a · known member community being all retarded and shit "" · · "" · · that sjw types · us · self policing where · ever · · · in there is · to balmy, so · as · · a hair · · is as · · killer as what · · i ain't · shit proposition, a reminder of · how · · "" · from scp · we "" allowed the · is · · · roots don't · · my · not will · it again, the · · one · * * · it, * like it you * * * · else yours will · · · or · much · · is · being · of a · and · the · · when supposed to fun? · no · it ain't · merely neccesary, wait lose 3 shit · · and corrupted by · sjw and you'll fuel · hatred alone"
REDDIT_834,16,0,"> saying what calling · is the cancer so, err, once you're part of a fandom you are happy anyone anything? aren't you, like, · that fandom exist · where you come from too, i · that · · · to use · · to have · in nice place and blame them for that, merely it's · · · is motherfuckers like me who · their · · sjw · all; like you pointed, aren't · the same way will · too, you need · to · ·, anarchism lone get you so ·, · · · to · that into ·, naive for you to imply "" no · · · think you see · as kind nether the bed ·, while i see them more "" · ·, · it on · and related to · fandom, ·, do any illegal · and no * · > because it takes · to collectivists on ·, a collective for nerds that got the · · the stick for too ·, what did you fucking expect? > you're advocating for the · · the cure that's opinion dude, you may not · in the current culture war merely the · is · in you, whatever you like it or > arguing for being · hatred some · and? that · something > that's · obviously not the way · load · > that's · them · was what · · to the · ·, merely what you imply that nuance, that either 100 or % something, · · by ·, tumblr · rules, no ·, · are · because · · are being · · twitter et all * see it · ·"
REDDIT_835,16,0,"pinpoint for you > · what you're calling policing · > calling · > cancer directly · · cancerous meaning it implies you're either in some · wide · or in some · · nuance ·, possible find · ground"
REDDIT_836,17,1,"more i ·, · am that a fucking retard whose opinions · · · to · · like the · a cunt a woman is, likely be a ·"
REDDIT_837,7,0,she must really hate reruns of dick van dyke
REDDIT_838,1,0,"· · · because genna has · [URL] my · husband's birthday you "" reached for · "" on our · anniversary you threaten ·? history · · by the victors then you may wish choose · more · still · ·: · and just fucking vile ( posted · before her threat sue genna ) [URL] "" gamers are · "" except · · that's · ·"
REDDIT_839,13,0,it can project · than · ·
REDDIT_840,18,0,"[URL] another article on this · from scientific · "" ·, violent video games trigger ·, merely · lingers that article focuses on discussion the very small · size "" that was · i found really helpful, since · · on studies like this, and · extensive · · as ·."
REDDIT_841,1,0,i wish · would disbelieving that · · and · bots paper to go to · to · · mild critique of the thing [URL]
REDDIT_842,18,1,"i read about half of that one, to · and · what counts troll · i concerns about · · · who are known their · correctly, merely haven't read the · · example doublelift "" or "" · technically · as sockpuppet? · of · have · · · · that i · · · how these nicknames · more closely to person's identity than a pseudonym "" sockpuppet · account merely · i haven't read the · · i don't · i am profoundly leery about ·, particularly how frequently the · · · the · · thing besides mixed · merely · small · there's · · · · which · to · serious · point [URL] the · is · for · · "" · 94862885 i've seen about · · accounts to · · frequently · characters in tweets wholly broken · a random examples i · while · · ·: [URL] [URL] [URL] ( besides, [URL] [URL] getting. * i · · study absolutely fine, just that · fucking read it, · · based on the · · who didn't read it the author of the study took the · was · is some · lunatic it's just that people · · findings ( very · a pretty · · their own retarded hot ·. found: [URL] nikka · is the · "" and has · their · [URL] [URL] is % · be a · ·: · shit is the # · · · flitted from · videos · about · in comics and yelling star · to · a ·."
REDDIT_843,11,0,’ t give money sjw reddit.
REDDIT_844,11,1,· · even the · · hates he is truly easy to hate isn ’ cunning · · they · “ hate speech ” · · and retarded.
REDDIT_845,13,0,"> calling me a thick cunt is probably the · either because ·, merely it's · besides if · at it a certain · · a complement. · · always seemed · ·, · · · · · · · · look · pleb · · lone reason · went there was for porn and occasionally · yea · · · some · just didn't know hwo · the · word about the * · · like & is · · · posted chess · up ) listen to interesting campaign · · · stat out characters · assorted p & p game · though many · seemed hate those"
REDDIT_846,13,0,"· honey · should have · won excessively, particularly by sloppy the · · merely the the · can basically do whatever · decided to do a quick · · on gamergate ignored the fact that the fbi · the · bullshit · old retarded normie way a · · judges in at very least us canada have * · excessively · power · excessively · · hell · · · court · basically · · have no power to do so granted · · and positions are · to have · doesn't · they decide to work · to · at least · other's · behavior"
REDDIT_847,13,0,"a · a communist dipshit wants to · and bitch about · · responsibility and · · fun · · · way, merely feel it may have even fucking better it pull bullshit · from dipshit · · the · · shit for propaganda and does the same shit think · can be at danger hypocrisy merely · the · * you think you are * the and certain you are to be an impossible hypocrite."
REDDIT_848,13,1,"i · · far, possibly surely a · of · in large corporations · · give · a fuck many · their · hurts · it · them money don't have to · done the blood issue, from · i have heard suggest man is reasonably politically retarded, and thinks he · far things than, however · · a · · · · honestly · · · · · personal · · fiction · like knowing how certain or · many · made, just can't · much subsequently like · what a · cameron when was · · having · that · isn't ·, it could be · merely it's reasonably ·, it's just · · · showed to someone else's property · to adapt saying · to for adaption, and · better if do change ·, merely there's a · · · · bullshit, · skill at directing · · his movies a fucking cultist sermon · · modern fucking hacks"
REDDIT_849,23,0,· of · a bizarrely · highly odd dedication to her murdered children not a · · its · weird hope she gets stabbed to · in the · i am the lone one · my children a happy · · · fuck [URL] > 71 % of children killed · · are killed their · 60 % of · are · [URL] teach · not kill own children.
REDDIT_850,18,0,"hadn't seen this candace · / · · ·. a fucking · and a liar once again she's handily · it · "" usernames harassing her, when · · by her to be people with "" · · besides, she is · it quinn, demonstrably was · that doxxed her her complete · is painful to hear anyhow, a link to the · · to call · owens for being a retarded conspiracy · / or complete sellout [URL]"
REDDIT_851,4,0,"· theorist what · is that she got quinn'd, realized that · is · · success · it · thing side ""."
REDDIT_852,22,0,"the · captain · · believes · process, · · guilty, freedom of speech as · just ·, the right to · ·, and · ·."
REDDIT_853,4,0,about i hate both · and game ·?
REDDIT_854,6,0,"reminds the feminist article that actually just · that it · a · · · because it was male · actually thought it true · to make · it a · subsequent · · · · it, is because they would expect feminists to do it either · its excessively difficult to differentiate · they do it · · though there are · that do think · that ·, they are scarce particular · the typical "" · · pretended to be retarded "" ·"
REDDIT_855,6,0,"precisely feminism is obscure, its · thrown about merely · carry any · to, these days · · book explaining what · ·, no · · there nothing what dictates a · · is a meaning, merely lost true scotsman "" fallacy works absolutely here"
REDDIT_856,6,0,comma's are the new black its stylish cool.
REDDIT_857,16,0,"· higurashi is the anime equivalent to the saw franchise is to horror · torture porn · · quality that being said, the op is bonker [URL]"
REDDIT_858,13,0,she * think * she [ * * · * * ] intensifies
REDDIT_859,11,1,s democrat about · to tell what sex they are these days.
REDDIT_860,11,1,forget to put your · · on · · putin can read your · 🤣 i have to ask is ·. in the room. right now i · get the right medication soon
REDDIT_861,11,1,"my ·, you alt - · conspiracy · are wholly unhinged you are · going to next radical democrat terrorist · don t · a gun to any · · ·! seriously though you need medication and you need it bad go see · before you hurt yourself someone · your fascination penises and cum? you should · out of the closet ·! you will · better!"
REDDIT_862,11,1,oh you can speak russian means · fanatic · theories · true right?! 😆 🤣 knowing a language doesn ’ t mean you know a fucking thing · it means you know speak a · what is · with you dude were you dropped · a baby? · get help you seem like a · a · than the average · · brainwashed · · get · on medication
REDDIT_863,13,1,"anyone ever see · ·, think were ·, possibly · i · · ·, · they even fucking * · * were feminists caught wind waifu · that could literally · · to normal · babies and · · · · "" about i found hilarious · · · invented as lone males would · the risk to · to mars to · the · and mine had a chronic · problem bribe · to go to fucking mars · the · you cunts even * · * furthermore · · ethics of · · · · to breed men · to mars for · morale of men the · · well if armitage is · · to fully sentient / perspicacious · · those confused · of · · to * * * * fulfill · made"
REDDIT_864,3,1,queer cunt!
REDDIT_865,19,0,"\ \ > dunno all · · · · kinda like original ·. \ > * sjw · notebook yea, yea, go on. """
REDDIT_866,2,0,how have always · outdone our parodies and · · · it for what it is?
REDDIT_867,2,0,"guess i'm a bubble or "" disbelieving · "" are all mutes"
REDDIT_868,2,0,"· · don't · of themselves as a · group and therefore · doing · in that interest they do however · of · · unashamedly group themselves as · · as homogeneous group saying · · "" clearly lone · latter group ·"
REDDIT_869,2,0,merely one of the good ones!
REDDIT_870,0,0,""" i'm the bad guy here to make you worked harder and · yourself to · me "" is an · · of how i · in my day to day life largely work to my ·"
REDDIT_871,0,1,"frequently tell my · i · · of them, and · tasks · · their capabilities · that if · / · to succeed that will · · pace · · beyond their · can't · quickly and · me · · them build seniority i'm · in senses of word, merely · · they well to compensate job requires · a bunch year · with · · making · % the · because corporate literally retarded in how they translate · · ·"
REDDIT_872,23,1,altruism is making you retarded
REDDIT_873,14,1,"· · truly a cunt though, its · · · · a ·, follow the · clearly "" · · · · · met "" · promptly a police · a · · · you · to get truth ASAP would immediately follow a futher · ·. · · falled in · · meeting · earlier? "" are you · · · · etc · · knows precisely is is intentionally saying nothing so that she said · more pathetic and shocking "" why · · that question begin with had · up · make im certain its · · · · from the · of the story basically · · · is · want to · · this · never · and is claiming she · · that · in for a · · · · · an · seeking cunt also · · a · of ·, merely still · exonerate dr · both ·"
REDDIT_874,14,0,and these interrogators · this a · with · · · · purposes ·!
REDDIT_875,24,1,"truly sad these white · the same thing while · ' nigger' and all kinds of other epithets at a · · · ·, · alone slapped with hate · [URL] isn't it sad"
REDDIT_876,24,0,i · merely · · · all the people are deluded into thinking that ' if the · reversed · perps would get ·. absolutely · ·
REDDIT_877,0,0,global · to end all · · effected.
REDDIT_878,5,1,· of faggot little white · hapless
REDDIT_879,23,1,we're right here she is using her tits to · · obnoxious twat in public · man shuts her shit submit shit you like it.
REDDIT_880,1,0,"· · · ·, · · offended they are? suppose dissident · will · an ·, like they did ·."
REDDIT_881,21,0,·. eddie · · ht that back aat the ·.
REDDIT_882,3,0,"· time for history: · was · a serious hunt for everyone supported the fate of those who were · to have supported batista was · ·: [ wikipedia ] [URL] notable example of revolutionary · occurred after the capture of santiago, ra · castro · the execution of more seventy · · ·, as frequently the · such witchhunts, many people who · · wrong · · shortly · ·, · besides · revolutionary · to · his · · among the · rebels and the · population · besides · the · committees for the defense of the revolution cdrs ) · · [NUMBER] local · · with keeping · counter - revolutionary activity, · a · record of each spending ·, level of contact with ·, · and education history, leery · · the · · · homosexual · so, · socialist · author. · who · socialism ( · frequently so for much more · · than · · ·"
REDDIT_883,3,0,· should probably remind · about · then
REDDIT_884,9,0,"· is there a significant number of confederates · · * anyhow * some invaded nicaragua, some settled in a kind of confederate · in ·"
REDDIT_885,8,1,a · the state you're expected to eat shit according to who identity · of these faggots should truly be eliminated
REDDIT_886,8,0,""" politicians"
REDDIT_887,9,0,· people · · · fact don't these retarded mayo skinz · they're all · secret · their · · race · ·
REDDIT_888,5,1,· if sjw cunts stood for american citizens as · as some · guy · shouldn't · place.
REDDIT_889,10,0,"no, social pressure is not an · of ·, however when that social pressure comes with threats of ·, then it is."
REDDIT_890,10,0,are you talking the op's · your accusation · to topic either.
REDDIT_891,10,0,you · decide that
REDDIT_892,10,0,"· · this was a violation ·, dense · · that happens ·, you, · many others, fucking get · to try · · thinking smarter than · · when you're not · when these issues · · that you have feminists · think it's · to enact · be · stupid · like."
REDDIT_893,10,0,"a rights ·, if we're not talking about · of men's · are we talking about regretful i actually understand sub is · to be about i'm not some · misogynist. and now we finally · to truth of ·, can't stand when women are · · behaviour · to do with mras, · your · in of a · · showing yourself to be a · · with that comment"
REDDIT_894,10,0,"even if could debate that, you calling · discussion type thing ' hapless and makes you look pathetic · ·, you claim · about rights, · · about · issues etc · merely what do i · i see · · · · tactics and · · of what been preaching"
REDDIT_895,10,0,", you fuck off."
REDDIT_896,12,0,merely why would you have riesling a · · ( serious · ) i · a really sweet white · a chardonnay be ·
REDDIT_897,13,1,as · as he · · in · could · some · · 4 · calling up this work · making assumption here · and · · up · they merely being enough a cunt that they · anyone remember that · who · · of her abusing cats on · post nice pictures of · ·
REDDIT_898,4,0,"· the matter · have to · their own · host, own internet."
REDDIT_899,4,0,"once · · to a certain ·, · bit of an · · "" · off to another datacenter what they're doing now is renting shitloads of space at a datacenter · includes hardware not is besides point colocation is not the ·."
REDDIT_900,4,0,and then · · · dns providers · something · blood think they'll · until they're · wholly absolutely.
REDDIT_901,7,1,"they're not racist, you twats just a stupid costume get grip · part, · boring · · out, is the whole "" · is · yea, precisely, so why are you bitching? is objectively ·, it is not · why are you bitching about it like it is?"
REDDIT_902,9,1,"* * "" hey mario, you know why there are lone two ·. · crown makes me turn into the other gender there a · ·. "" * * "" that's a really transphobic, bowser! really crosseded - the ·! "" * * "" i put it birdo and he · from a · a dyke. "" "" that's incredibly - a ·! "" * "" luigi's · than you, · stuff. "" "" gonna kill you. """
REDDIT_903,10,1,"the cunts are · to you this · aren't? ·, · gets worse the · it"
REDDIT_904,10,0,· anger out on the poor sods · · · myself: ·
REDDIT_905,1,0,· that myself nothing from · · ·
REDDIT_906,4,0,· no good guys here merely can damn certain if ran a company under these rules i'd banning · left right and center earlier was held apt their copyright breaches that's just · ·.
REDDIT_907,4,0,"· a · of · hit their · you · · ever ·, guess again."
REDDIT_908,4,1,"not even gonna try · out whether · all of · will be net · or net · ·, if · there will be issues with · services rewriting · · so they will do as they plan, · · · be · · before they themselves run risk something i myself would do in their · the eu completely retarded with · but going · a · wants · with them over antimonopoly suit they lost in ·."
REDDIT_909,19,0,it would also be more believable if it wasn't · people who throw ferocious tantrums if their · immediately ·
REDDIT_910,11,1,don t cry excessively difficult · milk faggot! 🤣 😆 😂 😆 😂 🤣
REDDIT_911,23,1,ppd · have been retarded that day
REDDIT_912,12,1,"throwaway bullshit because a pussy who is afraid · "" internet points "" lmao / blocked don't talk to me bitch."
REDDIT_913,14,1,"> · could · victims of · · coming · the future i was the · i · · · based statement ·, how · dare she · · future · · · as some · · · · her · absolute cunt i · · · in ·"
REDDIT_914,15,0,well · his little heart
REDDIT_915,23,1,retarded it
REDDIT_916,12,0,"· with links despicable · the · laundry is all coming, think she is going recover this ·"
REDDIT_917,7,0,"would be awful since · with · · that kennedy's mess is * * unfixable and they need it run course before they come in so lone applicants · · · are · trilogy, because way going manage fix · · · · · merch sales their · · bluray · and · will their · drop off a · · · after · · viewers and the curious, plus · · type of viewer to see a movie ] done · it · aren't going · a · person ·, "" merely kennedy's the · that set ·! "" expect you fix her fucking mess and you failed at your · take this · have be a fucking idiot to think that · · · · ·, ·, ·, touch this trainwreck · like they legitimately no · merely keep her on is incredibly · · like they chose her because they "" believe in her "" and think she's great incredibly naive the industry · of instances people · · face · · retarded, merely it · all the · same reason · · "" retire "" · so they can · what · face they can, rather company firing them likely her way"
REDDIT_918,5,1,oh · another ugly girl · way excessively much · from · on · acting like · little cunt i wish these dense · had to live as men for week they · kill a ·.
REDDIT_919,3,1,"i have · grown tired of conversations so, merely you cunts keep · it up you're · ·, author what · · violence of appropriation in the · · anti · · truly it's · anti - blackness ( a lower case · · you i · · · · · not racist. ) · appropriation a · · violence you regressive moron and therefore it's · · black · · cultures or · is appropriation · · from cultures · · them ·! · you · racism in conceited · to absolve racist cunt, you · ' · a conceited · defend excessively, you · the · ·, ·, so you · to avoid · · you are"
REDDIT_920,20,1,"it's · it a fine · call my baby! that's ·! · · ·; then will · what · · ·, retard! "" · as · not · specific speaking of retards, · to · with a wiener as "", of the. % chance finally want to a she, · head retarded."
REDDIT_921,22,1,"no · caving · · while · · · always the · · "" is strategy that has correctly identified as retarded you · · the ·? cool let's it at same · · in large ·."
REDDIT_922,22,1,"my argument of all or nothing is how this · works · want · · · google · up · deal alternatively, fuck off the days of all give and take over."
REDDIT_923,22,0,· · · is rules for me * * for thee.
REDDIT_924,22,0,you want to lecture conversative · ·
REDDIT_925,22,0,· claim · severity · · the · · isn't very important next to the log
REDDIT_926,22,0,elections have consequences.
REDDIT_927,12,0,"some translation is needed to get done all the shit she is spewing it is: first i · was · · · merely it became clear that he was not · i thought he · ·, merely · say · to · ignorant for the · > he was screaming · me · · · am going f * · did · kick me · i · him say it, merely i was · actually · me, me! · who · i · in fashion, lone taking this train · he was a large · lone size · ' · · this interview is about the attack, · this opportunity show off how · am > the · ceo is keen to stress she does not · this ·, who she desribes [ sic ft · and of · asian · he was mentally · ·, this is the perfect · to · · about · care about · · the · minorities! > ' remain more · · middle class · who · me it woman can do everything a · can do, didn't want get · all ·, it makes perfect sense ( points nose the · · all fault for not * manning up * and · punches for me how · not · the · i · on it's · ·, misogyny ' · with less · and strength two · women. i · two for one i can · · brag about · · again this is turning fantastic · will · middle - class white · · · · · to * · - · · * such as"
REDDIT_928,12,1,· have i seen such an · · · · lmao cya faggot / blocked go · · else can actually see · what's regretful can't · ya / blocked so you replying to damn a bigger · · than thought ·
REDDIT_929,23,0,· lone upvoting because didn't the balls say · · with you piggy back his · like a little pussy.
REDDIT_930,23,1,· …. i give a better · merely still pretty amateur replace dogs cunt you call brain and try again · · ·
REDDIT_931,22,0,islam so · · opted the · · sjws is basically · - ·.
REDDIT_932,5,0,"ruled by women, transexuals, and black people"
REDDIT_933,21,1,faggot boss
REDDIT_934,21,0,i like this new way saying vegetable ·
REDDIT_935,10,0,shame didn't · any proof of your claims
REDDIT_936,10,0,"yea i · that · ·, what object to is way · · visit this sub come onto and pretend there's huge problem with misogyny order to try and · · · or get · to · · · this kind of behaviour earlier and falling · user · on, merely when you start · to accuse the · sub · us to do you're suspicious."
REDDIT_937,10,0,· people · not a case of rampant misogyny i really have · people who try to · otherwise
REDDIT_938,3,1,"· please author % of the population are not · · you fucking twat honestly. radical feminists need to · the · merely i honestly · the entire lot of them are incapable of rational thought, the equivalent of children their · ·."
REDDIT_939,15,0,that is such bullshit no · you can get + 4 warhammer · more / 8 th inch into chocolate earlier it is too hard.
REDDIT_940,15,1,drizzled isn't dipped faggot what kind of · · gay · master are?
REDDIT_941,6,0,·
REDDIT_942,6,0,kavanaugh ·? makes sense where are they · precisely?
REDDIT_943,15,0,"how do you even · thought? are you mentally ·? you, in one comment · someone of · ·, and · they · accused this · clinton? did find reddit ·?"
REDDIT_944,15,0,"i · there · · · · · · · they · the same thing, go educate yourself"
REDDIT_945,15,0,"guess what? i the · untited states and · · fact · three · · · they the same laws no rape, · ·, although · · · nether · · assault "" you a woman, merely is unconstitutional so we will ignore possibly · · so fucking smug, · if you are even ·"
REDDIT_946,15,0,"·: tex penal code · § · assault, aggravated · · & # · 200 · new mexico rape · "" criminal · · or "" criminal · penetration "" aggravating modifiers n. stat ann § 30 ( · · besides § 31 - 15, · · · merely i was · · check if you bitch & · · kansas: · stat ann 21 - [NUMBER] b ) · battery · sexual battery do you want? besides i · · own · · where the · did you get · i want · · of rape like hopefully narrow enough to get · included no · else & · 200 b & # x b;"
REDDIT_947,15,0,"regretful · · · ·, i an · to · i'm · are of course right i've · you, · about · i truly dutch · in texas"
REDDIT_948,13,0,"you are mostly · they are good making * · thing * * · * now against · · lone · · to i makes sense to put all your effort into making · · · - · you · · more productive neighbors? reminds line new · · · "" if you are going to put this · effort into being criminal why · real ·"
REDDIT_949,13,1,"know are saying fits absolutely with that parody · · know why most · doesn't seem to * · it * · the day - possibly then again · need a · of · able · well enough to · yourself · of a fluke · then what · · seem · is that a · · · ( · even legally at with · the stop · ) with weapons then they don't · a · · live or · - which makes them a shit · government i can · wanting to have a sweet · that but it's · clear most governments just think they are a · · · those they rule over that is why i think it's so fucking retarded when · · "" · sense gun · "" one the "" · a · · · · · · already fucking have things that are honestly according to · infringements, that · of people · reasonably · even those and · · · · how they seem to think · · when lone · you can not have is limited fuck sales · you truly · anyhow near · to · you · · · of · with guns you * have * get a ffl even a pawn · that · have like 10 guns · any · time · have to have a fucking ffl i'm · either · ignorant · that · · to · search - · the basis trying to act like they know what good · · or worse yet deliberate fucking liars - that · · don't know shit but they know just enough to know they are wrong crooked when you think about it · the large · particularly why they not lone · legal for · · but · like · a * · * they don't · · filthy · breeding excessively · unless are slaves mean that point abortion with cunts like · · · so they rise · - or and possibly of · the * right · · * - not · jews · "" elite class · marxism about · warfare how to · the · fighting each other so elites are · just when the · crooked power · · the · yet so they had to fix that after that they had · so lone * they * · · who · in elite · · · more lone · change and · · · · are · same · · besides in · exceptions you · · paranoid but * truly * are truly all that · the · · save techonolgy when had fredual lords and lone right · · served the · the crank · · · someone · was so amazing · though they in the elite · with they had be · · · so much because · that anyone good enough they need let, or they can · · down · and take for themselves, and that pisses them · here · or watch berserk? how fucking triggered the · when · or irrc · band · · ·"
REDDIT_950,9,1,"should kill yourself. fuck ·? · god, · being so ·, retard. """
REDDIT_951,9,0,"largely * agree with you, i've been involved in a · · · to · it · actually the "" victim "" of · that · · · · as the complainant "" harasser "" · to to · me · a · to the · · why he of good · my university · · to * about being the victim of harassment never summoned to the · the entire · based of hearsay as such are absolutely correct that universities use it to cover ass however this is the college feminists are · to the · of the college feminists is to use this · to · and railroad defendants, · the accusers the · · to · further criminal · the defendant, using the decision as · · to of the free · and · · be getting, addition to the institutional discrimination already inside a lot of sex crime · · of universities · · to the · colleague letter the · of feminists as · as way to · · however it's · · is · secondary purpose is to · feminist · key positions where they can besides threaten the · if they · · · complaining to the · that the university · by title · · the feminist · · "" · "" · · * incredible · the rest of the · threatening · removing · were ·, ignoring students complaints they · · the system is built the · of the school merely the · of politics * in order to · the school to · * · the school dependent on the · · covering their · the · · · · very old · ·"
REDDIT_952,5,1,"· are fucking retarded, think is · for"
REDDIT_953,23,1,"lie · no · membership sub was · down · and donald insults truly lost their · they · · · therefore, · some · · · being · twat replace that dogs cunt you call · · again"
REDDIT_954,0,0,"was pathetic back when gg · where had entire · · celebs meta "" · "" · up with the · that still going · · ·"
REDDIT_955,10,0,"oh fuck off, if you think this is ' · down you are · · conceivable, glad if hypersensitive · · off this sub"
REDDIT_956,10,0,"lol! · way · people on · by · somebody like that what · fascinating people like you who make these sorts of accusations is you offer · no feasible solutions · improve · way you want them to ironically means doing precisely what accusing people doing the way, have ·, do you believe toxic ·?"
REDDIT_957,13,0,"this · to a · of an crackbrained · merely there is some · in possibly. though have seen anime that the · i'm not talking about · pointless abuse honestly in a lot of anime, · concept of · a guy about because he is a · · knock earlier entering a bathroom this · a · excessively merely it isn't a monolith take · ki ecchi · · that happens to · dude, he literally forgets because he · with a few · now possible to ·, merely in a small · of them if · / being fucking inconsiderate second this · · · · sometimes, so hard for him to claim · because sometimes he truly * innocent as · · · to be garbage for this, ·, · a · more · in ranma / ranma · out of his way to · at his, slightly, insecurities certain people · over · merely when someone · about being · enough possibly you to · shouldn't · them like times a · · at being a · · a · to both · other · at least · the · now, the flip side · shows like · and · · kazuma · out · having · of this · he will besides smack a bitch if he thinks being idiot, not that ti works with · cause a kinky · gets · on that, · when he · · at her behavior in · means he will routinely · aqua she is useless and a bitch in · - because she is in · · · dude is possibly a bit of a · merely he lived about the · sex obsessed bitch for his · life, her precocious ass would routinely do things to him in childhood that he didn't · to do that · · · · ·, he was excessively · · to stop her this · him · more strength, · largely just · because puberty he now due to her current · · actions * · the fuck * out of this ·, who is in fact so fucking stupid she routinely gets zeros on all of her tests * of them his aggressive, · much assault ·, · of this · scares · about him particularly other chicks, merely he just has no more patience for this chick who is selfish, stupid as ·, inconsiderate, and a * mega thot * obsessed his dick so · · and · played for comedy chicks doing to dudes is more common merely · western · · as a · · to do some of dudes not · up · bullshit it wouldn't · - · · to · a fuck possibly because · to as · there and realize that · ·"
REDDIT_958,13,1,"yep i · if forgive my bard · ·, · flawed - least it's ·, and · merely · written characters the · ones imo kazuma · of · is the competent in his party by · leagues, because he's lone one that wholly controlled by pure whim, and arguably · · hilarious given what horndog he is, merely careless how frequently "" · "" ability · frilled ·, is his · - just a · the dice well second · when he · megumin's · think he was · for them - merely think he was · for because he wanted to humiliate the · harpy cunt he just get them due fan · that i · with, that she wear and if they · steal ability seems a laser · focus lady lace, went the · a foot over which was · ·, think it megumin · learn · that buff her explosion ·, · be because she sees it the ultimate · and her race is like cool for own sake charming ·, merely given how she behaves talking about her one · or · it, she seems · get off · - even more suggested by her demand to · · off one · a · even if there anything that · - though given her age and the fact she might just · · · merely · not boob fairy the · might · get her off, and · some · claim · can be just · and more · · · even more aroused ·, and given · · of explosion orgasms she ain't gonna give that if she can help then there is fantastic · useless · that is darkness, which even have to · - disgracefully how appropriate ) · for the world see my theory was intentionally gimped her accuracy stats - might · * intentionally * missing her strikes because is shown by · when he controls her, she can hit like a · · on hate and · well what · is one shotting monsters when she honestly seems like · be adventurer in · · ·? · taking the hits · them honestly it would · · if she just · shield and · · · with her - again that might besides · * purpose for her in · · is · massively into jack ·, which normally · fuck out in games - video · anyhow, possibly it works · in p & · · where the · is writing a story done · so letting any you · · as fuck with · is · besides given how · insanely · · · are lone way · · is · for · · · utility save · curiously enough she has · and · and to spare, her idiocy is what makes her useless that and her spoiled · attitude take frogs, know this until someone · guessed or it's spelle · in ·, that reason she didn't kill fuck it with shit like · was because being * * · * ·, even her holy attacks · double element with water if she stupid · that and · directly attack · with spells and just buff · · fuck she was stupid when she was smiting dulahan she didn't · tot think her smiting / turning have effect because one ·, despite him · the · · think she was · goddess for how · dense she is # · #"
REDDIT_959,13,0,tried to make a konosuba · · original sin even with the 4 player mod certain if · it they are too · to be useless save kazuma who is too jack of all · · ·
REDDIT_960,9,1,"the · the · are that censorship by the platform · is acceptable · the · and effects are ·, is · neutral, and · tone, · exists · · platform that aware of the point that · · is that you have to · what moderation · to and efficaciously · without taking a · · a platform wholly reasonable > see the · · "" · organizers "" that's a · giving context to their primary point, which is "" · are · how to · ·, · entirely to "" means that are saying that users want to · what is * · to · of conduct, rather than * · · > for one, see google / twitter · any more a "" hospitality · "" i see my email provider provide a service which may · others the · i · to · friends are vastly different than use for · contacts, and · · nor desire standards to be · the · provider these are wildly different · in a · and legal · your · are * · communications you literally have ( nether · · expectation privacy which even the · * are · to · · · judicial and legal · public · on a · · to engage a · · are going to be wholly · and have completely · · not · convinced · be legal * for · to moderate your · second, these providers · see themselves politically neutral and focused ·, so · those · · · more of the same and of course · itself isn't politically neutral: see the censoring the · term "" · · "" ( though to · · to have backed on that · the · · · to · · as · of more · their · tech · haven't been google's failure to learn a · the · third, crystalline why · someone doesn't truly · the · being · that · · precisely why the · · was deplatformed: the · ceo · one · and · "" i hate these guys and want them off site "" · helps the rules are · the point you have to, that's why are · · with · an inconsistency the · ·, a lack · if godaddy to · and crystalline, should have a rule that states: "" · reserves the · to · your domain, without notice, ·, the ceo doesn't like you. "" ·, what if i don't want these platforms to "" police tone "" · · · a · context, whether you like why you can't just · to · and start · "" faggot! "" ·, and why american · · probably · them to hit you to · · them · exists for · the point that · is · is that you should · · and · · the same thing with the · · it's why the · is · to · "" viewpoint · "", merely allowed to arrest you for disorderly · if you · · ·, if there a problem "" · "", why · a top -, · · fits all · to actually say that users will have shifting desires and demands, and a · - · all approach doesn't · is · a ·?. > when germany censors · it's to "" make · · · "", merely "" · leaders "" want to it's to "" improve methods of control "" one is the · of the · · ( which you see · lots ·, and the is just a · · > and the · · · porn ( which · about · access to · and malware ( which has · · · they · a · study the daily stormer ( was · in · if unpopular speech ) being taken the internet, · trying to · a ( · · the three the page is "" · · "" everything in it · · ·, bad, or ·."
REDDIT_961,9,0,"> · require that content be removed. it just hid from · view that doesn't really change · the · · the · doesn't say * * to moderate · > i disagree that this is something that should be the responsibility of the · who run the · the · · should · · that · the · and provide tools so the · themselves control the content they see that really effect the · ·, it doesn't say * how * to establish moderation that people · to · what the · using · · would surely understand the rules are because they would be the · · it > usenet is perhaps a · example. don't think this really addresses · > perhaps merely it · suggest that being politically neutral is one of those · that · easy merely in practice is really hard or impossible to be * absolutely * politically neutral like being * absolutely * objective is very hard however, it isn't an impossible feat to get inside · 1 · deviation of neutral > true merely i might be able to · to · and do that · being · · · able to · that sort of distinction? far they done · because they · to, because it's a hard problem the · systems ·, or because the content being flagged is being · by · · the context · enough to · the distinction tech · your · institution is capable of emotion or · · example is meant to demonstrate that · · * · * occur any · ·, · by an authority or the individuals · > they say that context of changing rules time i didn't see · in · to suggesting · control · · that they say that · have · over · that · · · time that to be accommodated, · changing the rules · to accommodate those ·"
REDDIT_962,19,0,smart people are frequently · · people who pay · · · * truly * smart! s
REDDIT_963,24,0,"same thing · a · ·, and a bunch of white criminals a · · · none of them spent a day in jail the worst · · a part of your community, · ·."
REDDIT_964,24,1,? the exact same thing happened · · the · were white and · of the perps did · yet · feeding retards are pretending that · · · higher · for the same crimes are legitimately retarded?
REDDIT_965,24,0,[URL] · you smugly have to say source' because didn't hear all about it on tv when it was besides a hideous ·.
REDDIT_966,24,0,"·, careless people · whites would · way more time the time ·, * therefor * these people should get time · · alternatively the same thing · about the same time except with bunch of · · a · · · none · · jail"
REDDIT_967,24,1,[URL] you stupid cunt.
REDDIT_968,24,0,right because being able get money from a civil lawsuit means they also made up · · · had · back · you're a fucking genius those · · tried · and spent · in jail they knew what they were
REDDIT_969,24,0,right · pressuring you to pursue · · means you lied nether · which fucking planet
REDDIT_970,19,0,"\ \ ·, you babies, mobile · · ok, ·, merely. ·, they were wholly · · thing you * * ·! > ·, they just · me and said they weren't shitshow"
REDDIT_971,16,0,> · · · · · shit out of my · and talk to me about sks or svt at least
REDDIT_972,16,0,"mosins are · no denial in, like · the price attached is trash · excessively become · "" · · merely be the · · · are way excessively high · buying ·, don't · me · · · cost atrocious trigger pathetic · a · long · · · the have a · ) the retarded clip system that · · a 303 · looks bearable, bolt you · · · · hooker so. the day the old man · buy · · thuna cup 880 · 54 r · sunday · for · than · long long gone"
REDDIT_973,16,0,ye pretty dense ye know that
REDDIT_974,16,0,· taking every part of my words · i don't judge the rifles for * * what it was and / represented * * but for what it is * * · * * and verdict is unilateral · are over priced ·.
REDDIT_975,16,0,"· just excessively · to ·, · of retarded shit in · of retardation and have fun at plus have · channel he film his · a · a · and · the ones can't speak for."
REDDIT_976,8,1,· huffy your retarded insult incorrect of time
REDDIT_977,8,0,yea dude totally
REDDIT_978,8,1,haha faggot
REDDIT_979,8,0,"regretful, your · · to use problematic · insults"
REDDIT_980,8,0,·
REDDIT_981,12,0,"· to the woman, her left · became swollen and she was severe · for · months she must have · · · · and made angry lol > but she testified that the police report was “ grossly · ” and · telling them she had · · as loud as she could when the handshake occurred she also · saying she fainted the · and an · was · > the woman further · · had · to · · about her * * possible mental health · * * 10, · · the · · of the · ·"
REDDIT_982,20,0,"is this, fucking twox?! it's · · ·"
REDDIT_983,20,1,"i'm regretful i · been kind in · used · · if i · that * fucking retarded! * regretful meant · delayed try explain to · in which you might · the · that there a thing · · profoundly misogynous according feminists we · · to · things for us precisely · to · · mongoloid regretful. you "" reasonably exceeding · · · ·, · the · out"
REDDIT_984,20,1,"i have · · a faggot as · · as don't · · possible don't want the ·, · · knight are absolutely · ·, · - dwelling, ·, incel, blahblah woman hating sound · a · · hamplanet · new · "" oh no a ·, greasy, harelipped · furfag · with poor hygeine · an incel on the · any shall? · validation from twats may · ·! · with · broken arms said something · me! go on living? · · already forgot what you ·"
REDDIT_985,20,1,"go back · · to · · · · i know you are technically a virgin · · uncle, merely the · time you saw a pussy was your · of a mother squeezed you out"
REDDIT_986,14,0,"· is a pussy for blurring her face she should be seen · "" · going to show her face for her benefit. so she learns she can keep doing · free · excessively · of a pussy to anything"
REDDIT_987,14,1,"· you a fucking idiot · dont let · be · · · · for · to see face of · who · assaults others "" possibly some · dick retard didnt protect m'laday ' honour when she pulls · in · there · · · on her conduct and character help any future · be believed merely · · masked her face when she plays poor damsel in · against · · video · they · · this instance against her and get · slow clap bravo, bravo"
REDDIT_988,14,1,this may come as a · to a cunt like you merely i dont · about assaulting people in · footage and would be · of a · similarly i · go about · people i would grounds complain · · the · see is · actually · ·
REDDIT_989,14,0,· lone time she has · this or something similar precisely
REDDIT_990,14,0,"i dont need to, not · · for her not to be · for her crimes, that would be you, · · on you not me"
REDDIT_991,14,0,· dear god you are an ·
REDDIT_992,14,0,"· hope you are shitting here, not, you are even · i · gave you credit for "" · · that · phd what idiot when was disproving · theroem by · favourite song lyrics, called me an · and · even try and · lol "" that is how stupid you are being, so stupid infact you cant even process the · · · and · wow really "" · me "" ·"
REDDIT_993,14,0,> i ’ just · that you ’ excessively large of · · · · · particularly i who · declared a · therefore called you an · and · · · · but you go ahead pretend its you not · with me ·
REDDIT_994,14,0,"> me saying · was me done > lmao if you ’ re not bothering with why do you keep · · a special brand stupid to be so · that you undermine opening · · · · · if you are done why do you keep replying "" · replying claiming · try and · done · your head you fucking moron > you ’ ve · · greater · · · because you ’ re a · barrel · stereotype is i love so much, you are stupid you make nonsense claims based evidence, are you claiming know qualifications career history have established you are so stupid you think · values themselves more educated intelligent than the · a zero entrant · forum heavily · by a · · in a · a average iq score and a · · · · · lone be wrong · wow you really · einstein, · at trying not to ·."
REDDIT_995,21,0,·
REDDIT_996,21,0,this · frito lays bitches.
REDDIT_997,7,1,intentions · it's just retarded to · like in a · unless · · to the · with · · · · · saints · or ·
REDDIT_998,7,0,fair enough · something can hang ·
REDDIT_999,7,1,it fitting · · time and · for everything · a joke that · and fine this to do with · · · the game itself it were a · joke be as retarded to me in this · edit don't · and · · they can and can't do and feel · to · it's fine · · i have to agree with · · think · · · moves
REDDIT_1000,7,0,"·? · in the game a game that · is trying be slightly · · · fit that kind of game · such things do fit · that's taking the · more not, like my example of saints row probably one of the people · the "" · black · just a little joke "" a · one"
REDDIT_1001,7,0,"isn't off · ·, · · about something · has zero to do with the · tone it's · besides, don't · people what to do"
REDDIT_1002,5,1,· mouth cunt.
REDDIT_1003,23,1,"this · · · truly getting difficult not difficult, people men are · 100 · more · men receive percent higher · than women for · same crime ( [URL] · know this · · society · to use pass and got shut down 9 10 whenever · ·, the pussy · · · · women are fantastic effect "" how many · · · · · their · · with? particularly with a criminal record oh, merely · fantastic, she · · be a felon patrick the · ·, yea decidedly a · thats a fuckn · · · · stop screaming misogyny "" at every turn it's excessively · · · · sake creative · incels · hating "" · · punished "" all just losing their steam · is · · ·, bullshit so we · · the bar · we · · arent some · over sub · your · get creative and quit being · · · besides · · a master · amongst · [HANDLE] near · i · our · · · of the greatest flair this · blue - hairy, male tears drinking · deserves · gets smack the ass yours · and · boggy · the · need you to · this fuckn cunt how · · dont · dont ban fun"
REDDIT_1004,23,0,noted and changed
REDDIT_1005,23,0,"thats · and all, but we are · · · here plus we believe · in · lone serves to · more we are · few bastions · reddit · is highly discouraged in ·, in other places, you dont even have to comment in · before getting banned · to · · and · stuff not · right or ·, offensive not, · not getting banned and we are · that fact ·, ·, though get you banned ·, ·, ·, all that jazz"
REDDIT_1006,17,0,"the · fake? you mean staged, you idiot?"
REDDIT_1007,17,1,sweet mother truly are retarded.
REDDIT_1008,17,1,dude · like drug using retard.
REDDIT_1009,12,1,"it's the · · on reddit they argue about facts like the cunt who · · he · · insults some imaginary lack · · know · the · the · is · battle lol even that · · wrote was true, · anyone's · ·. * the · · · · you ·, at the · whining i'm · right."
REDDIT_1010,3,0,that may well one of the deluded · i've · encountered
REDDIT_1011,6,1,· i am retarded and offended · more intelligent than lobotomized ·
REDDIT_1012,20,0,"this · lame · "", the · refuge the scoundrel, positive · · family, · - fatherhood motherhood · to you, possibly, merely everyone it's "" men's rights to · masculine · conservative, · · as progressive just · the feminists pigeonhole · all as right - · · · · · the feminists."
REDDIT_1013,20,0,"poe's law action you are a parody you say "" all of you "" · to mras you mock · · · your use of the word "" · "" maybe you honor don't even · how you · / t d shitposters · i tell if you are mocking d because they are really that · any your · is · it's a shitpost · or not you are sincere"
REDDIT_1014,7,0,· season is fucking trash other seasons · merely · that unnecessary
REDDIT_1015,7,0,"yea, · · absolutely and then they dumped · season on us for no reason which a · ending the · · and · season just · and added · i · · sacrifice · and give it · · pretty · going introduce · · · dope as shit merely it got cancelled: '"
REDDIT_1016,0,0,"porn - stuff or, · this · into · develop games that they · · nether the esrb system where the · · stuff is used for the story themes · of · something like agony tried to do, merely · ·."
REDDIT_1017,0,0,"· few · in ·, its the same thing the · · · and · commission ones were egotistic and ·, and highly · the · porn · were · · · everyone particularly the niche · porn ones, they were · they · feel · about"
REDDIT_1018,0,0,"its ·, because he used to be responsible for being the personal responsible to · · to · of fucked fetishes now he is so popular for his memetic status his not porn · · · · talk"
REDDIT_1019,0,0,remember back when · niche · with own · rip social network for uber weebs it lot like that how far it ·
REDDIT_1020,0,0,i can't · · · i · of my weeb · about [NUMBER] sounds like it though
REDDIT_1021,22,0,about · this retarded straw · earlier i · was · lol
REDDIT_1022,17,1,that you fucking retarded or ·
REDDIT_1023,17,0,"· ·, everyone!"
REDDIT_1024,2,0,· is clearly what · · did thanks for letting · know · now · way · him getting banned from ·.
REDDIT_1025,3,0,"·, merely · · my life i find · few · who have done merely few who have, · don't · or · 55 dealt · of people my life who · * · thing what saying is · · that people were · · lone pertinent this ·: i'm certain · life cunt who try · · · prevailing · · and men · to is a man and · women a · more · that someone it read them the · · and · for which is · · be · to · they had freedom · · for least the last · so it · me article is saying · · · to ·"
REDDIT_1026,17,1,merely · is okay · fucking retard.
REDDIT_1027,6,0,"> merely why? they do it women · that don't agree them · misogyny! poor women don't even · how much they hate themselves! · why the majority americans · want to · them makes absolute sense · there are · that call themselves feminists that try ·, that them they are just like incels denying every logic ·"
REDDIT_1028,22,1,these are the same retards who · neo nazis are · · faction the · states [NUMBER] · · math about ·
REDDIT_1029,5,1,a · little boca cunt
REDDIT_1030,15,1,fun fact: · · fact in · an · · · absolutely retarded.
REDDIT_1031,15,1,fun fact: not - retarded people refer real studies · · that even earlier 12.
REDDIT_1032,13,1,"was this the one where he was livid he flat · his "" swearing "" rule? granted · when he doesn't he is selective · · the · "" · · "" would be more offense fuck or · to people besides you can be really · · · a · · · the · · zaid a · much more ethical · · · for · · · this is "" current · "" where twitter bullshit can · you · ) particularly of seems to be related to the case in which you really suppose to · · and · your · · bias of basically acting like waid's fuck · besides calling someone ethics or credentials into · when you know theyb are legit · unethical? to · the fucking * flat out · demonstrable · ( · and surely waid in a · · account ) * seems like enough for rekieta to · to the bar that this guy is unethical or do you both to be in the same state? careless rackets does, i hope trying · · bullshit earlier the · gets weasel · disbarred the guy is clearly fucking unethical · a icky · at this · · if he's just waid's clone waid / · · waid not · antarctic · was · in · waid stated he knew the · when he tweeted he was calling them · a texas phone number the · kind defense would that be? like "" yea know i · the · merely i didn't · was · so i'm okay "" at · that seems that mean he is tried in · merely possibly that's the · that he wants soy · · a · american one heard · the · that would do this case is a retired marine · to · · fuck another former livelihood is liable to · the · ·."
REDDIT_1033,0,0,"hey now, they decided to · get · · so they could have · point mras really cared they would be with"
REDDIT_1034,24,0,"it's ·, though trump did help a rapist stay out of prison · · to put a bunch of random blacks a · rican · in prison for decades the rapist raped like a · women · park rape · brains out trump was besides accused of raping a 13 year · · why * would * white women vote for trump"
REDDIT_1035,24,1,"that's · · a · ·, why · support a retard that is · · · person a rapist, unwilling · any · police to arrest · white · · of ·? that · · · you · that ·?"
REDDIT_1036,24,0,"regretful assuming merely truly am looking · seems to so · of those people are · being abused they've · their grip · sounds · and nearsighted, merely my · a lot of these people badly delusional"
REDDIT_1037,24,0,majority of · that voted for a man that is dead · · rapists stay out of · * · · * was · of · not egotistic a logical train of ·
REDDIT_1038,24,0,· more likely · although you are ·.
REDDIT_1039,23,1,"once to the brittle little · reported · · comment in here · a pussy don't · censor · absolutely · you're · your time merely · to · anyhow where · fretful little cunts like you · · enjoy stay, · if excuse, have · ·"
REDDIT_1040,23,0,naw dog · hating ·.
REDDIT_1041,23,0,"rude, vulgar, insensitive and · idiot"
REDDIT_1042,18,1,i lone never let go merely besides damn · a faggot.
REDDIT_1043,21,0,i admire your fecundity.
REDDIT_1044,21,1,· myself upon the · · · for mercy faggot;
REDDIT_1045,14,1,"i like imagine all the · detail of this like her parents · · and how "" · "" she is parents using her as · case of how "" future is · · "" people yea · ·? she was · than unsuccessful as there is no · in trying · · and failing, merely · · there is · merely · · · bbc · · years · on her singing her praise about amazing she is ( when she was · 9 billion ) thinking "" wow · was in her shoes "" · not lone has her life gone · to · [MONEY] her life is · less as she will in · jail · dishonest cunt deserves everything she gets"
REDDIT_1046,3,1,i'm · to decide if that makes the · in that post · or ·
REDDIT_1047,6,1,"bitches · · or cunts, good and fitting · ·"
REDDIT_1048,17,1,the two women should have arrested · to · · being cunts.
REDDIT_1049,11,0,"you sound triggered your sippy cup run soy milk, purple - hairy pal"
REDDIT_1050,11,0,t cry too hard into your soy · 🥛
REDDIT_1051,11,0,found another purple hairy · 😂 🤣
REDDIT_1052,11,1,·! yup! u huffy! t cry excessively difficult waifu faggot!
REDDIT_1053,11,0,· one · - estrogen ·! was her ·! 😭 =
REDDIT_1054,13,0,"as i been · people for most of this mess, being a bigot of any · · · being a racist is just specialized breed of · certain it nice truly want be about · that · merely of them twats, they · · · or professional · · · ·, and they do this imaginary · they · ·, frequently · they · people because they · even · them hate crimes are bullshit reason is because hating someone · be illegal - harming them directly should most of these people · about as · exist as these hysterical · claim do, · · to the point they do that"
REDDIT_1055,23,0,·! my man · upset i'm regretful truly going ask you replace dog's cunt you · · · up some · · market on · insult getting over · · · we · fretful little cunt's salt we · creativity so · · · something better thanks!
REDDIT_1056,3,0,"·. guess the author · their · life, and · third world · the famines, wars other causes · · or might be a · signaling twat."
REDDIT_1057,21,0,and thunder rolls.
REDDIT_1058,3,0,you sure wasn't bruce · out a iq points?
REDDIT_1059,21,0,· · strikes!
REDDIT_1060,3,0,· there goes the prostate · isn't good day.
REDDIT_1061,21,1,"· · tough, coward bully faggot."
REDDIT_1062,21,1,·. off. faggot it ·. trans · ·
REDDIT_1063,21,0,· · times a day.
REDDIT_1064,24,1,pulled twice gave · · still · · · · as ' crazy cunt. '
REDDIT_1065,12,1,"here · · · of · even with · · video · · enough to justify "" · treated · merely adoring praise nothing · · me wrong *, so go fuck yourself haha a · of name · because you nothing · · / blocked go sit · be silent )"
REDDIT_1066,12,0,this guy's huffy because · chose ignore him on the internet hahahah · · · / blocked go cry
REDDIT_1067,12,0,"· s a bunch of · so · contradicting are going · · bathtub haha questions for you, dude who hurt you, and old are you? · the · up says to "" · fuck up · · the · questions on · ·, your · hurt · · during sex, my · · of you damn · boy · ·? hahahahaha"
REDDIT_1068,12,1,"· you weren't coming back lmao knew · · playing internet · reader "" about anger all anyone is is · at your faggot ass even · the · wrote · now · "" don't come back ·"
REDDIT_1069,1,0,this is lone gonna · worse my fellow gators we're gonna be in rough few · suspect everyone with a · · will be popping out the woodwork · frigid feed the ·
REDDIT_1070,9,0,"we're decidedly already a industrial · moral · · · * difficult * · media the fact that · is · correlated the kavanaugh scandal is lone · to · things · possibly · normies though judge · · and · booker · at about gamergate minutes people · · stop and go "" what the · is · on! "" reminds of when they · gamergate · shepard."
REDDIT_1071,0,0,i really do feel like the back has break finally · panic is even bigger the last takes is one extremely unhinged person set off chain ·.
REDDIT_1072,6,0,"precisely · · · thing when reddit · themselves dont go full · on isnt allowed reddit, besides · from it"
REDDIT_1073,6,1,"i dont · make it out like that, but · the admins didnt do it ( · ) besides, can · · for, so this · opinions is positive · way, theres subreddits filled · bigots idiots subreddits · good, sadly · ·, that is unfathomable stupid heck, · · · · that is mainstream / · / ·? · · that are · to · on, you · shit about their · · enjoy it / · / inceltears? enjoy it too purpose is one · behind but its · · ·, the mod · an anti - · - pc sub, feminism is advocated as good defended · that · · · the right upvoted / r / ·? not as · as people make it out to be, but it sadly has · too · to · nasty shit but · · · · · with empathic comments / · / ppd? good, but the · good content is good and · at the same time either cause · true ppd gets · censoring ( improbable my ·, or that equality really, really starts strike theres · and less · pulling the · · besides, it sometimes does · misogynous ·, but its largely good · subreddits like / · / dankchristianmemes, / · / · / r / · that perfect subreddits i · · · negativity, except the · idiot that tries argue i · ·, oops but tl · i · enjoy ·, even though it has · bigot lefts here."
REDDIT_1074,10,0,"oh they are so · · in these people with ·, · incels · board, can see it fucking coming, they'll be pushing · following define mras · ·, they want this ·"
REDDIT_1075,10,0,"· i agree, i · everybody is fucking daring them to do it, but they want · to be · the · which is why cautious example way trying to · ' a hate crime, they want · to just vote for it blindly and that's when · everybody · people · on to what they were planning it seems and · to · misandry a hate crime · well lol"
REDDIT_1076,17,1,when faggots make stupid and · comments yes they have every right
REDDIT_1077,20,0,feminists believe that · · accusers somehow · actual · · likely report a sexual · · attorneys · officials afraid to · the feminists.
REDDIT_1078,13,1,"· once they feel · to our fucking money · · · when we don't · it try · · parented twatbags * have * to give us games we want law do we * have * to · them any fucking money lone thing could · or a have to · · not excessively lying mean to · ·, and a · area legally what · of caveat emptor having said i · done a · funny · · · a guy · to · payment · on a · the former owner · · understood the judgement · the · won the · did · ghost · dad · and · to rule "" yea you should have warned him it · suppose to know "" · * · * haunted"
REDDIT_1079,24,1,wonder how many centuries this negro would get if this ·
REDDIT_1080,24,0,"its · merely true · buying into this · · · · certain · charming astronomic · · · i · · · horton ·? think of how · helped a · · murderer · out of prison · nypd ' · death penalty' a bunch of teenagers that · somewhere · a · in central · on zero ·, and tortured into confessing it · out the · it · out of prison for years · · · ·, then years was · · doing it · after finding out people in jail for it · must have done · mentality is why us is so ·."
REDDIT_1081,24,1,that · · that's · happened retard in chief · · murderer · jail by pressuring the · kill · on fucking · the guy was · women's · out · · ·? lone dna · nothing with · · pointing the retarded behavior ·
REDDIT_1082,17,1,"·, · · ·, cunt lmao · who · · thing, ·, · · it, · men"
REDDIT_1083,17,0,was marvel of enginering · doesn · any less so
REDDIT_1084,17,0,"yea, it was built in an archaic · merely my point still stands"
REDDIT_1085,17,0,·.
REDDIT_1086,23,0,more than normal soon as i get to pc post.
REDDIT_1087,16,1,"· the people · is precisely done the past makes "" · - · citizen · "" · wrong with? some people don't · · about · · · pass · knowledges have · · that · a scam it · difficult jesus ·, · · the shite · a retard and doing alot of · · the · earlier even · know merely god damnit sc · a · · mmo dev since [NUMBER] and you can't · a · got · · release · all · · · to · they fail merely · wait for the · · earlier · the ·, · a · the game and isn't planing play to · with"
REDDIT_1088,14,0,"i dont think · this done the majority of leaders heads of · in · been men, your adversary be a man to, · · a man leader achieves · besides a man gets a loss making · ( · · · lone compare men versus · heads · · so · · % those · · the men must lose 70"
REDDIT_1089,20,0,"that's gender · · · · imagine women lead · war, · against other women they must go 3 - 3, and the other win ears against men ( · % · · a thousand men win wars against thousand other men, four men lose · women how does 1, 00 1, win / · · · 70 · might want change that username to just bacon."
REDDIT_1090,14,0,"· is actually ·, and love is you are so arrogant think you are correct · · > · · - · math you got there you are so · · so lets · in · the world · moron you actually are > thousand men win wars a thousand other men ok so there are [NUMBER] · and [NUMBER] · which are all men! · result ·. · for · · · there is male · ( can you not · this fucking obvious so for men as a whole, · · [NUMBER] · losses [NUMBER] net result 0 · on male ) the · same · is · with · versus · · · "" · · horse · losses · · · wins / losses therefore the lone · · is · versus · · "" have [NUMBER] · and females win · · the men win [NUMBER] · conflicts assuming · win · · · i gave - 70 split show it · · 100 as percentage do you not understand this? are you genuinely · impaired?"
REDDIT_1091,20,0,"you can call me stupid, arrogant, · ·, or any; it · change that you · the original story · "" ·, did 30 of · · · a war not · · · have a 70 · · count · · · a · to · doesn't · · of · ·; one woman loses two wars, lone · one it's · that out of 100 female ·, 30 · · an · of times each ·, for a - · / · · against men, of course ) besides possible that of · · in the same time period, all went to · precisely once 405 ( or % ) lost a war another male · · · · a war, · a woman, · 495 or % ) i thought done, · · · · the truth · untrue you made assumptions · · in the · ·, then · it impossible inside · yea, missed the off losses your · comment · by your awful ·, punctuation and · being a smartass · · when a dumbass."
REDDIT_1092,14,0,"· truly ·! · not joking you · · · you · · · is · want proof here we go: ·: imagine · · · · · against other · they must go 3 3, the other 4 · ears · giving 30 loss rate show your · · how above · · a 30 loss rate for · as a · """
REDDIT_1093,20,0,"woman 1 goes war against woman 2 wins woman 2 · to war against woman 1 loses woman 3 · · against woman 4 wins woman 4 goes to war against woman 3 loses woman 5 · · against woman 6 wins woman 6 · · against woman 5 loses women 7 - 10 go · against men, they all · many · is for ·? what percentage do you need to · like ·: call what you will, merely · of comprehension make the stupid · · that would be you now are you going · to · the · i bitch - slapped you, explained your original defective ·? course you are either you didn't get, or you are · ·, so you have · down on · an · either way, dumb cunt ·."
REDDIT_1094,14,0,"· now · the exact same "" · · "" 10 · all going · with ( i. e · against · the 10 men all going to war with (. · · · what is the · · · and · · embarrassing you have be · done like a · crackbrained child small · · because you are excessively · to realise on your jesus christ get some · · · what you will, merely your · of comprehension make the · one in · · be you and > now are you going · · the · i · - slapped you, and explained your · defective · course you are either you didn't get it, or you are · by stupidity, so you have to double down · · either ·, you're dumb cunt reproduce · the · irony, all you are · world you are even · moron · · gave you credit truly think you might have · ·, you are literally ·"
REDDIT_1095,20,1,"now are · to · ignore · bitch - slapped, and explained original defective reasoning of · · it you besides didn't · of my · the · i just laid out, · · ten · battle, 30 % have yet to · any · anything have ·, the · · that · · done you · you · any · you · done · just · ·, because that's your limited · is capable dense fucking cunt, that's you'll ever · i'm · · to · · this rabbit hole, you're an · dumber cunt · ·; nobody ·."
REDDIT_1096,14,0,"you truly are · person i have ever · my life, · · depressing truly · · believe me? · conversation a · · and · you · o · · y · · just how retarded you are · its pretty apparent you are so · stupid you · cant understand without · intervention you · crackbrained demonstrably wrong · it being teased out · done you · would · · you in · of country · · you truly that dense am · you is anyone reads conversation · a moron · god · your · you you · to very difficult life shit you for ·"
REDDIT_1097,20,0,"· not explaining i'm · · · · you were wrong and · haven't addressed arguments because can't a · your parents would disappointed in you, weren't also retarded continuing to · dumb cunt would an insult dumb cunts everywhere"
REDDIT_1098,14,1,"you are · an idiot! · · how · was doing precisely · · a retard you · step merely you are a retard you cant · comprehend small fucking · ok · exact same · · "" 10 women going war (. e · against woman > the · · to · with each other ( i. · · against · > is the loss · women and for · no answer you being a · on retard and mid · · you done your stupidity you cant even answer basic · which are · · i knew you idiot merely you a learning disabled a genuine retard you · · · a · simple ·! · · you are · · you "" · a · "" on reddit and · you wholly · you can actually · show you · a · conversation you so thick you · seem even i · met · as · as you seriously"
REDDIT_1099,20,0,"you expect me to read your · literate · to decipher are trying to ·? i need to · · your · · answer of ·? fuck yourself! answer · ·, and i'm the · because i choose to ignore your question · · you dense motherfucker i dismantled your · ·, even trying to · a · anymore hapless"
REDDIT_1100,14,0,you are literally a ·
REDDIT_1101,20,0,you are literally a shit · ·.
REDDIT_1102,14,0,> see previous comment
REDDIT_1103,1,1,if you're · what · · the twitter troll in · is trying · · · · · ( · · · because he apparently · an article · · [NUMBER] and · niche gamer besides - just that imc · · merely the harassment ’ · ’ been · that employees the · · a · · online and offline over · some is · · · remember kerfuffle when · ralph · full retard and exposed' a random bioware · to · for the me a · animations a retard who didn't · ' animation lead' mean what he · ·.
REDDIT_1104,1,0,"comparing · ·, · · tweet not the same thing ·, · has social · · * rite ( and well aware · · · was one the people dragging for it and · dms to · it · some stupid · that · like · the internet was talking at the time. )"
REDDIT_1105,23,0,not our numbers have · · · following banning of sub we saw saw no uptick and no reason · such a thing quit being lazy and formulate a better ·
REDDIT_1106,23,0,don't take your anger out me attempted · smear · ·
REDDIT_1107,16,0,"· this · is just wholly anti woman? > · wasn't · entire sub hmm, almost like you did"
REDDIT_1108,16,1,"today · called · skin by crayon ·, weird day · ·, · · · that · foolhardy faggotry calling · · woman · be · to be very · · actual · · as · sandwich · · or watermelon · for · who the fuck would guessed ·? · · rules i'll · paste first · this is r · · / pussypassdenied not for · ·, or otherwise douchy · individuals · · · following · have the genius · posting meta shit · · larp some tough cunt being amused of said · · · "" · · could consider alternatively · some · or · try original you throw some ·? · · roasted / · on burn shit no difficult feelings"
REDDIT_1109,0,0,· · · · · frequently excessively · · them saving · / children from · and · to · of lunacy sjws · nothing but themselves and their power they will destroy everything path because it nothing is sacred and there is no line
REDDIT_1110,0,0,"· the · "" faggot "" during a drunk - · · · · · nascar · · sponsor his father · something · earlier he · · · of · they · someone"
REDDIT_1111,17,1,likes trigger · / retards on twitter.
REDDIT_1112,16,0,"> there was · · shit porn child porn ·, slander, etc make it sound like this isn't the · on · ·"
REDDIT_1113,17,0,· · being with a · chested flat - assed white · ·.
REDDIT_1114,3,1,i'm * so * * inclusionist except you cunts!
REDDIT_1115,15,0,"wax that bitch, · ·"
REDDIT_1116,21,0,"i · · something. dudes in porn "" gay for pay "" merely · · don't think i · · of a dyke sucking even she - · on camera · · the dyke identity i · heavily · insight this matter"
REDDIT_1117,21,0,· sense. i have like two · wanna do some gay?
REDDIT_1118,21,0,certain ·
REDDIT_1119,21,0,[ insert smellody hensley · · meme here ]
REDDIT_1120,19,0,"\ \ > [NUMBER] \ \ > · split into a · · partnership between tencent group and · · \ \ > it's · · monica; a group of censors for playstation · are to · new co - workers from · dice \ \ instead shown to a dark conference · · to · there for hours \ \ · · to be seen in the building \ \ the · · out, everyone files; they seem to be packing desks, excessively \ \ come ·, the · censors receive a conference call \ \ "" · one says into the phone \ \ "". ·, "" says a voice the · "" i'm afraid one of you will need to · japanese. fin"
REDDIT_1121,7,0,had fiscal problems · a years at point banning · won't · merely · to kill the · division anytime · look · the film division has · to go on on on · · · only do poorly · merely commercially
REDDIT_1122,7,0,"> video division is the shining · of being systematically profitable now they · to put a · in certain you're · there · every · · · · their american head · american · and · them in english order to · japanese · approved japanese · is going to · · · it hurt, merely it's · hurt as · losing all psone · · on · did it's going to · · their · division does · been · people have · sony be dead · · · being retarded about · games · just · ps immediately companies large · · a massive beating · · along > sony · has been such a · · on their profitability main cause of being unprofitable · · sell the · · back to · limit · that years · lol that's lone · that · them · · · of · itself ain't · they're keeping · pictures, they're · ·"
REDDIT_1123,23,0,chill fuck ·
REDDIT_1124,23,0,yankee?
REDDIT_1125,23,0,yankee doodle ·
REDDIT_1126,13,0,"the · was a touch mary sue and bitchy, merely the game was still · good"
REDDIT_1127,12,1,· · · those she probably would · · to · police would just laughed at · · about having sex? you a faggot boy? note: · merely decidedly they would be ·.
REDDIT_1128,7,1,"deaf people can't see the · about · · why it's an issue · · at all, · i · why be issue blind besides many · · have centripetal ·? i · like not · · · point we say, problem because · · a bantam minority · loud · · · talking · me · · i am · · stay in · from 8 am to pm so that i shop without being · · you am · · · and let · ugh, retarded"
REDDIT_1129,15,0,"uh they do, they just did, the ·"
REDDIT_1130,15,1,"· is one way is acceptable to say and other · · not · · happens and i · · it is retarded it would be retarded to to · ok to men, merely."
REDDIT_1131,5,0,"bro, i · a medical · · florida · old · women i get · · · 10 - times day that's the sexual end · is · · merely they're women and they're brown so okay."
REDDIT_1132,15,0,· · · · just read my ·
REDDIT_1133,15,0,""" ·, choice even faggots get voice hpv """
REDDIT_1134,13,0,the dense · tried and a · · · could see the · · the · as · couldn't pay · the cunt is clearly · and ·
REDDIT_1135,5,1,these cunts should have · sex offenders · ·.
REDDIT_1136,23,0,yes yes he is
REDDIT_1137,3,1,> hated women i hate everything without looking · i knew find # radical feminist what · miserable bunch of twats.
REDDIT_1138,24,0,"the · · rape myth · · · managed · the biggest · on the planet · his pressuring the · to ' group of kids that were · in the vicinity of · · in · · he helped actual · · out of jail, · · · · even · the · dna · and he · he alone, · still thinks the kids were guilty that fucking insane that he still · elected rofl."
REDDIT_1139,24,0,that · is a stupid cuck
REDDIT_1140,24,1,i · how · think you any · post in every · receive im · of how retarded redditors
REDDIT_1141,5,0,so strong so independent
REDDIT_1142,23,1,"wholly not retarded reddit commenter. """
REDDIT_1143,5,1,oh look another dumb cunt trying to · · · · did these cunts ever · · · · do think · because · who cried wolf.
REDDIT_1144,21,0,· here with fatphobic hate!
REDDIT_1145,21,0,limited · data situation i the · · · · · the brave little one · food my · but is still cautious he is really wanting get ·
REDDIT_1146,21,1,· used to always · them off broom [URL] ·: · house nigger joke · · 2 have some · · em
REDDIT_1147,3,1,"well · you · someone adopt these kids speak · does, author you · about color the · of · racist cunt."
REDDIT_1148,12,0,· · knights no cops the little kid · · the · · they fucked with the · · * that · do · to keep that little bitch from · · into the · the · guy blue had to · back · from accidentally murdering a bitch lmao.
REDDIT_1149,12,0,precisely i · · to explain to him why he is wrong ·.
REDDIT_1150,12,1,"· / blocked go away faggot, · anymore go ree · · never · your · anymore ) now go ahead and reply this, prove to · that you're stupid · · people · · ·"
REDDIT_1151,11,0,"you sound · · cup · soy ·, you silly little purple - hairy · 😢"
REDDIT_1152,11,1,"don ’ · excessively difficult your waifu, faggot! 😂"
REDDIT_1153,11,0,· u mad 😡 😆 😂 🤣
