id,author,label,text
REDDIT50_122,0,0,"hey everyone, [HANDLE] is trying to make you believe gay but you know he's just lying the · because you · if you don't make it a core · of your identity the · that you like to stick your dick people who themselves · · * define who you are · otherwise a fat phony"
REDDIT50_1270,0,1,"and as much · offend anyone saying some retarded shit · "" · murderers rapists · · isn't inciting · either"
REDDIT50_1771,0,0,"· wholly alone · · wholly · · letting · fart · at · the ·? "" you say? didn't let out · · fart. · they're · excessively · or retarded to · their where black · at "" · a loaded · that · · · is that · it's · to everyone else you just · truly stupid · to ·"
REDDIT50_421,0,1,retarded opinion merely i · that · · · or threatened · · · yea acerb · surprised · · · a consequence · · against · people merely seems like · of over reach
REDDIT50_486,0,0,· that makes sense in · world where those things magically · of · · when · for real world ·
REDDIT50_487,0,1,oh! retarded!
REDDIT50_740,0,1,if it's satirical · · · · said · · convey you · might well have · written dense · quoted written equivalent listening · say · · for · and · immitating their voice · dense · with single · that · you think is retarded with what · use quotes particularly easy · it's · the · of · sub like ·.
REDDIT50_990,0,1,"· ·, · at, retarded! "". fuck, retard. "" you, was · to be retarded! """
REDDIT50_1006,1,0,· so · centered you think men are · · · down in seething anger they cant talk to you.
REDDIT50_1133,1,0,hod anyone be this fucking dense is this a serious ·? i · having · · an · · than 30 is a · to be an ·.
REDDIT50_1586,1,1,"· men are · women are cunts but lone are you expected · · of cunts. you, in ·, · cuntish · why · am · to · the behavior of other men brothers ·."
REDDIT50_1671,1,1,"· group · to · to · · everything you · libtard · · ·. as · · out lockstep with suddenly · · · of it · · when · · moderate if 100 · with everyone · or fox · says · you're "" · · · · "" · · bad a · at all "" · · up you · maga cunt """
REDDIT50_378,1,1,counter point women view are cunts.
REDDIT50_908,1,0,"we used to a word for "" transracial · black "" 90 s wiggers we called wiggers you are a ·"
REDDIT50_941,1,0,""" moon time "" · werewolves you fuck."
REDDIT50_125,10,0,· - · that they · serious merely gonna go with a · successful · at the · ·.
REDDIT50_1250,10,0,· · anything still legal land the ·
REDDIT50_1417,10,0,"· the matter · to · their own server host, then their own internet."
REDDIT50_1431,10,0,"· a · of · hit their · you · · ever wisens up, guess again."
REDDIT50_1432,10,1,"not even gonna try · out whether · all of · will a · gain a · · · is they're blocking there · with · their · · · over · will they · to, ban people who · be breaching · earlier · · something · in · the · completely retarded with this law merely going to · from · wants fuck with them over antimonopoly suit · in ·"
REDDIT50_207,10,1,· · · for · · twitter · · nobody merely a · few · · of retard.
REDDIT50_495,10,0,"· you · work as corporate drone [NUMBER] in an · subsidiary doing generic · · · you · to work new team that has · ideas beholden · many · people · · · to · the · of the · · said as much earlier, merely surprised if · is already seeing dice as the · · department · by."
REDDIT50_649,10,0,· to · mario from all nintendo · when? · a · stereotype of italians and all.
REDDIT50_723,10,0,"· · up downvotes as a meaningful · i · · · i rarely · anything i do · i ·, merely i · it · obviously baiting outright retarded pretty certain are people with · · ·"
REDDIT50_992,10,0,· japanese · finally see the light and · on the · bandwagon the other consoles can come too.
REDDIT50_1064,11,1,"there ’ s nothing feminism can do about someone ’ s · and ’ s all there is, they ’ ve got all the privileges ·, so they can ’ t · to easily about that, so now they think feminism is going · · thinking they ’ sluts and bitches"
REDDIT50_1065,11,0,"precisely key difference is i'm not trying to · education, government, media to push my · i'm besides not part of · political · with · of millions of dollars of tax money"
REDDIT50_1077,11,1,"i've never cared · and things ·, don't · · 500 · · doubt my not · life be · · did · being remembered in the ·, i · lone · things nether · "" · do · · nether my "" anonymous · i'd do following · · ); · ( · true ) · ( ); { createnewanonymousaccount ( ); i mean, · intend be a · · or · · · · · · ftl · · won't be remembered to do something astronomic · to · · you died, and had · been elected · · · to even survive · grandfather · fortunately, don't kids · like some dust unless some jackass · out · of my · · a video as they die · · · go done · find porn, and ·, ' why the fuck did · topher print some faggot's response essay · com article · painting menstrual · ' he certain was a · ·"
REDDIT50_1444,11,1,"do retards know retards? · to · · abled ""?"
REDDIT50_1475,11,1,why · i bash on mobile games when absolutely · feminists internet · · if some retard want play · boo · · · · *
REDDIT50_1476,11,0,if pay for the · they · worse
REDDIT50_1701,11,1,"couple · want a ·? you know they sell those things mall, a for a few · craigslist"
REDDIT50_970,11,0,"· the · age matriarchy at · if you watch the documentary, they're basic subsistence, a · above basic survival go the ·, · ·, build ·, and there you are, you caught entire · · now you just need · · ·, · · makers, and · · keep you fed · in goats, chickens, at improved · in electricity and you've just ·"
REDDIT50_1174,12,0,mods are all white knights lol · reddit.
REDDIT50_120,12,1,"excessively expensive why do you think · · on · · · · complete cunts after the · and you to · to · · · married doesn't benefit ·, one little ·."
REDDIT50_1210,12,1,· rather · how man · job the · dumb cunt on · says · · is a little · privileged than few · ·
REDDIT50_1256,12,1,signed · these cunts.
REDDIT50_138,12,1,· fingers · take your · hit that cunt in · ·.
REDDIT50_1398,12,1,· if sjw cunts stood for american citizens as · as some · guy · shouldn't · place.
REDDIT50_1770,12,0,"bro, i · a medical office in south florida filled with old · · get · · at · 10 - · a · just the · end the racism even worse merely they're · brown okay."
REDDIT50_1781,12,0,· so ·.
REDDIT50_317,12,1,· · men turn · · · involved · · to these cunts for no · · she's · to · your · bro ·
REDDIT50_319,12,1,"lol · · · love womans · · · a sexuality, trying make money of · · · about · merely · these · · · this cunt in years when hit wall multiple times probably · be · · in front of her · · · money."
REDDIT50_484,12,1,get · worthless cunt or kill i · the latter
REDDIT50_597,12,0,you have · room · · with you but · i'm the · · · kid
REDDIT50_634,12,1,"· ·, another · learning a · · man · ·. dumb cunts, · her to be certain she · the ·."
REDDIT50_697,12,1,"than half, actually · be · knight faggot somewhere · little ·"
REDDIT50_724,12,1,· · are · · · isn't ' 5 · · is oppression merely how · you a choice. fucking dumb cunts.
REDDIT50_804,12,1,mods · back · · talking shit the · muting say anything · just faggot little · who · · up excessively · in · ·
REDDIT50_899,12,1,mental illness love · who · she black was a · · merely a · thinks a woman is beautiful making these rules here. it's fucking retarded.
REDDIT50_1093,13,0,> think of it like the for comments - it be needed but it helps autists to feel better you cant imagine frequently s helped me out more frequently i like to ·
REDDIT50_1102,13,0,think some stealing wrong thats where you are wrong.
REDDIT50_1126,13,0,"democrats · the ·, the left political · to large · · · is the retarded cesspool · is denying it · anyhow the · left, the left it the mainstream · · · ·, the · vote down and the · ones · difficult to · merely democrats that always the ·"
REDDIT50_1128,13,0,"> are you aware that a · liberal · · · · similar, merely quite like that > are you aware that · party "" · party "" in us have basically · ideologies · and thats how you show that you know nothing · what you mean · democrats conservative · and · keep slaves, at some · republicans · conservatives · · · · change · > · what · those people · to · still democrats, particularly since trying · · · ·, · ·, · ect its · how you try toa rgue something you have idea merely · job · ·, you just show that · democrats are either misinformed ·"
REDDIT50_1131,13,0,blocked for ·.
REDDIT50_1211,13,1,now i get it holy · long · and now i besides · the · abridged · say the same · · piquant · am i retarded.
REDDIT50_1488,13,0,kavanaugh ·? makes sense where are they · precisely?
REDDIT50_1632,13,0,"> but why not? they do it to women all the time that · with them · ·! those poor women · · how much they hate themselves "" i understand why the majority of · dont · to · them makes absolute sense and yet there are people that call themselves feminists that try to ·, that not them they are just like incels denying every logic and evidence"
REDDIT50_622,13,0,at this point · like its r / ·
REDDIT50_793,13,0,> the second portion of the paper a rewrite · “ · kampf ” * * · · · · is · · ahahahahahahahahhahaha
REDDIT50_1175,14,1,"> ’ complicated s · of · · players · * · * · off women * * * synonym feminists * ·, · not actually retarded take a · why these videos ·, why people like why the videos are · "" · * feminist "" and * · * * woman "" · "" emphasis on the · "" annoying in · you · read drivel · · why · · "", fact why "" · "" actual synonym to · re re · keep · why · are laughing · · "" · "" npc i · · ( as difference ) to ·"
REDDIT50_142,14,0,"·, at this point i'm pretty certain cdpr · the npcs i mean this is hilarious, this reminds me · · trilogy "" · drills a · the ocean, · · yet another · spill and · · little angels "" we're regretful · later · gonna dig on moon, · ·, broke ·. oops, we're regretful hey, ·, we · a · · dimension · · · cthulhu we're regretful · teaching the · a · of such · as · publicity hey, a transphobic joke lone a retarded npc ) - ·, regretful · · ·, look, another · · lone if you're a moron ) regretful mean, ·, i lone get · i can lone order 20 - 30 · of cp [NUMBER] · done, you fucking legends"
REDDIT50_1536,14,0,". okay, am i still drunk? i mean, i · · · last night merely. reading this correctly or i'm · · a · · sleep · ·, this cannot be · · in "" respected · · outlet scratch, this cannot be a · · ·, period yep, · to accept that there are people retarded enough · say these words, · alone · seriously · · ·, ·."
REDDIT50_199,14,0,· are bbc one of well · · · outlets in · of · a · not excessively long · was held the · of journalism reporting gold · · · and · · · on · · · · tumblr forget about · journalism this is · · of · · mainstream journalism this is public · broadcaster · by · of the 5 · · economy world has · · and levels of journalism · · buzzfeed and gawker · · pulitzer · winning media very fact that this vomit · · is · published is beyond · let that ·
REDDIT50_31,14,1,"done wholly · with this shit fuck with cast, live with not truly merely ) fuck with best · · ·. burn in hell literally, in · with pitchforks · them · boiling hot lava i · of giving this show · since · witcher · merely deathflix fanatic · with · "" duh · see · "" the · · fuck this show, fuck ·, fuck "" diversity, fuck this cast and fuck ·"
REDDIT50_806,14,0,"·, a · video · · * s · · "" the annoying · "" · excess "" red · · 2 beating up annoying · "" ] [URL] [ "" · · · annoying feminist gives up "" [URL] [ "" · dead · - annoying feminist · to · "" [URL] ( personal · [ "" · dead · · · to · · the · "" ( [URL] "" · · · - lasso train & annoying · "" ( [URL] almost as good as the · one but this one is very sad and · atrocious happens ·: the poor · ·, · · deserve inhumane treatment i cried for the · so ·. ) fucking hilarious ( except when the · · really sad the · dies. )."
REDDIT50_812,14,0,"· · the · · · when the you * earn * your · merely they are * given * to you you don't know to them you never fought for them never the responsibility that · with them no, · · "" give me, i wanna, give me! "" · · · you really care the consequences of something you never really earned fuck shit up you know to · it i mean give a hand grenade to a ·, what you · happen · · the same · · when your · · to · you · you a ·, you really care if you · them, you · their value you · · you · them you to · a temper · they'll · you · · you can · up · · · when you grow up to ·, · · your own stuff you now · the consequences breaking stuff for no ·, you are now responsible for your mistakes you are the · who · the consequences your · · feminists are like · children they never earned their "" toys "", they · to them, they never responsible for their toys so they care they break them they break the · · toy ·, they'll just throw their · · and · · toys · the "" · "" keep · them stuff and they keep fucking it up for everyone you give hand · to fucking toddlers give a man a · and you · him for a ·, teach a man to fish and you feed him for a · they never · to learn to ·, it requires actual effort, merely they certain · want to keep · the · ·."
REDDIT50_815,14,0,"i must really have special literature · to · · stories about specific year in · · · · and · · · · relatives living nether · · utopia take it you, i really care for · mollycoddled · dumbfuck · · · · · · zir · · latte · > the · the · · · your · be · · people are needed these days > · they · · done · · well, you go out of your echo · you · find · world not pink · downy bunnies · · "" > besides arguing for rights to be taken ·, whether they are white men · Jewish · · ·, so go to stormfront any · authoritarian · is you can't · · as i'm · the flaws · you really are convinced that year old · or · any gender you · ) are capable deciding who · · earlier they are capable of · they can have · · a ·."
REDDIT50_1083,15,0,or the · where she murders · using her sexuality
REDDIT50_1084,15,0,· · · because he risked his · to save · · frequently · critics of the · it's because · the · · cinderella is · to get out of her circumstances
REDDIT50_204,15,1,"outrage people · · something that people · to factor in everyone knows about ·, certain earlier thor movies lone · · · * · * and other some unretentive roles in some games like · · alliance i · heard · fury either was lone the · replayed that i truly · note of fact it was · fury oh. difficult more · than · · · i was huffy prince of · casting · i love games · · · haven't bothered watch the movie besides hated · 4 stic for · · that basically · · · a brother sister just retarded people · alba "" being · · she's half · not truly · · against even · · since about · · · · · alternatively · · in ·, just · bumblebee if wanted · a · · to play · · [ didn't · · ] and always the option · · · · the · police officer new · · · was invented · in the comics but these people aren't creative so just · · · · they could create following · · if ·, but barren talent which is why their great ideas are just · · character's ·"
REDDIT50_261,15,1,"· the · · · be ·, merely · have · · mp · which a · · i would wholly that p i · the actual · stress merely · the · · i · more · the retarded ai bots than did the actual · ·"
REDDIT50_275,15,0,"· barely disney, they be picky about · business and leave · behind"
REDDIT50_390,15,0,why even enable friendly · if you ban people for doing it
REDDIT50_568,15,0,these people need · lessons
REDDIT50_663,15,0,"a · that argument · for · if i were raped, would be · · of · about at worst, couldn't prove it · and it so they · away that's just a · · · but very, improbable that you'd ever · yourself · · and then have tons of · that could prove ( criminal · ) that you made it wholly, to point you can be · there's more "" · "", but · not great · of but that will · liars · come ·! ·, · · who in · for · and lone freed · comes · having · and feels · would · prison · sentence and · have · · not that it helps that · anyhow; life is · ruined, you can't get that · back and the sentence will · follow you around there · where apprehensible that they lie, there woman was raped by · a ·, and that man threatened kill her and her family if she pinned him forget the ·, but she blamed · · · actual · · why she accused and · · was · guilty and many, · years later she finally · · · the innocent man was freed you can understand why a · girl would · when her actual rapist threatening her life · atrocious that innocent man's life ruined everlastingly but would she come · if she would be · prison for · should she be that's valid argument · having but whole oh · prove lying · a silly argument · most · · · mentioned is to · give · slate · who · and · men put · they can come · · punishment but, moving ·, actually enforced if · to be · since i do · if · came · about ·, and they were · in prison for. they come forward at but we let continue · · on · · * · finally · honesty going was · guy · and his · · was · · and · · it, and when he freed torn · · · that was a · atrocious · · rape · were simple · the · · deal which why always · of so · problems"
REDDIT50_664,15,0,"· that · to men · · now over · and women · · guilty · to finally · · about it years, ·, later · time "" · "" years ago there's reason for her to bother if · to · punishment to get over her guilty feelings, merely it's · · and takes women · to · · enough that they ruined · man's · as it is · · is wholly · · than · clean years after it's over and she got away with lying ·"
REDDIT50_935,15,1,i really really really hope · takes · the · made some dense · · merely never went balls · in retardation · · over · developers needing us approval to · · in · that's fucking retarded the · the · · japanese · · · · · to · · into
REDDIT50_1090,16,1,these retards have no idea none
REDDIT50_117,16,0,well you got something right
REDDIT50_1258,16,0,· · example with · · # moron
REDDIT50_1261,16,0,one isn't · at all
REDDIT50_1286,16,1,· to guess you're retarded
REDDIT50_1396,16,0,""" politicians"
REDDIT50_1537,16,1,· huffy your retarded insult incorrect of time
REDDIT50_1538,16,0,yeah dude totally
REDDIT50_467,16,1,"you retard, is the · lie"
REDDIT50_481,16,0,\ \ > when you deny the evidence that right front of you
REDDIT50_504,16,1,what is this some gay · ·
REDDIT50_791,16,1,"· the retards in the picture that would be fun exercise, particularly if wasn't ·"
REDDIT50_901,16,0,"· huffy you are because of · · yes, you are definitely not a bitch"
REDDIT50_902,16,0,"haha, npc"
REDDIT50_943,16,0,pathetic
REDDIT50_1030,17,0,"actually, this is · the first time's ever · someone trying to ban to kill a · for · · finn · has been · · at least 30 years though"
REDDIT50_1062,17,0,"i've said this before in the · · ·: ·, i · we are coming · the sum of my ·: the · will edge the republicans in the ·, and they will take as an affirmation that · they with · · · · · and unbridled · and · · · · they will · in a · you haven't · they will foam at the mouth for ·, · · look · · ·, aggressively promote racialism and sexism, have full · support of · and look · sort of star · · ( social justice empire where you are promoted by · · with sexual · · finally, the · causes trump to get re - elected in [NUMBER] and before [NUMBER] the leftists · truck · into · · · · people and · · - wing msm · ( and several · will agree it · necessity end · fascism and the true victims of the attack the victims of the · · the · will be · the normies · get truly huffy and · hurting people then and only then will the · not - progressive democratic establishment · the leftists and the · will have wholly · · · the · · of social justice will end before [NUMBER], merely not without a · · if the · have fringy win i · at this point a · red wave · · be · · because · · would put the · · · back · and · · · make the · · consider · early social justice can not · · · ideology that tribalistic to · "" · "" · of racial and · · their means power are built wholly off of [ emotional · ( [URL] they · people they can take and the whole thing will come crashing down the problem not · not social justice · will die, · people they take with the end result of "" social justice "" and "" · "" in · · will finally come up with a · rationalization of marxism can be applied the · · of "" neo · "" or · will be · idiot word · keep marxist moralists · their existence and preconceived ·, and the remnants of social justice will end up after they've been wholly ·."
REDDIT50_1096,17,0,you · at most · interviews fucking obvious anyone who hates the customers in the · · wal · · have · * stereotyped * · · shoppers merely they hate everyone who shops · · goes for ·
REDDIT50_1098,17,0,"someone who has · ·, i truly · how customers behave right, my point not same hating every single person · the door judging negatively they came it would · · · and · someone · · were a · · * because walked cvs * so much an anti "" · · · "" · "" are never customers who are · "" ·."
REDDIT50_1496,17,1,"should kill yourself. fuck ·? · god, · being so ·, retard. """
REDDIT50_228,17,0,"number 1 is · and · of · · of expect · from the left the following pictures · the crime scene and blood · at the charlie hebdo · [A] [URL] [B] [URL] i've besides seen · from · the · · hebdo was housed, · of the men · the · different floor · · · in this are and was hunted and shot to · by the attackers people are unware of · · · person bleed out from a · · the · that people · to · · you that · floor · in ·, including the boot · of the attackers help merely · ferocious about people who · * · · · saw some of these pictures, and finally said it's their · they were offensive · so offensive "" · · · in · because they said · · · · · is nothing · their * · · * of people mourning for · and the · of the · · how dare! lebanon · a weeks ago black lives · you · consider that this is france's ·? "" was · · · the news that year point is there's · * · * to · that the · rationalize terrorist · · the us a government agency · · patrol ice, when already rationalized charlie · and bataclan when somebody · · · · out and · a · - wing terrorist attack on federal building a · timothy · or · armstrong ), and ·: "" the · victims here are the of trump's · · "" the resulting normie · be · that it · ravage the · ·, and · · the · party, in this country not a · ·, merely i'm · where we are headed anyhow"
REDDIT50_510,17,0,"> there is · insights · · · the · and the · that · together this document is actually internal · working ·, which · · · · by · the · the last page the document [URL] i · your link as it · to · a · · > i dno, maybe the large google "" · plastered on the first · the bottom · every consecutive page · given it · [URL] this is · google document, · that · · it particularly since it was · their · · is evidence do you that this is * · · contractor excessively much retardation to go done or · to listen to some · trying to · · maybe leave the · to · journalists lamo no your · · · journalistic · · · some of the most · · · · · · · that · rather leave journalistic work to · · · that i · earlier i leave it to journalist · i · fair not - · ·."
REDDIT50_644,17,1,the fuck * you didn't · losing my mind · white · · to g - freedom ·. i · believe · · · · male in · i've there retarded give your · up · can · a home he's ·
REDDIT50_775,17,0,"the · · never be · · own ·, this is kind of the way of things this only · that out of favor."
REDDIT50_906,17,0,"capitalism evil "" same people: consumers should stop being so entitled! · are ·! """
REDDIT50_907,17,0,"any amount of · · into a · automatically allows the · accrue · merely black person works on, product gets x 4 multiplier to value as ·? · wrong · · · · ·"
REDDIT50_915,17,0,i don't · i feel · · has been kind of · ( both his · and fault of others by · who are · backstab or abstruct very · · ·.
REDDIT50_919,17,0,"> mean, he was · enough to set up his canary trap not · familiar this got · i look? when · the · state was · · of conversations · · inform his · and certain ·, · were · · know ·, dc · · ball game democrats have ·, ·, moral · supreme · pick just some people leaking · · cia and · · wholly him these are people ask satellites to · in · a fiscal · between moneyed interests and billionaires going in · to re orient in relationship to these ridiculous · times billionaires · trump · · · trash the a · · · · · him merely going on in these past 2 · is · · dc · alone · york i'm certain anyone * is adequately · for, leaks · · · better · · significantly · · · at least way nixon better he · · · all the · and · very · ship · · · was ahem, "" · ""."
REDDIT50_921,17,0,"· throat was a · top · ferocious nixon for not making director · edgar hoover · the latter went so far as to, lbj's ·, bug goldwater's campaign · that's · · · · done the ·, not multiple people in agency · · against the military intelligence types are very possibly his side largely ) not long after the ·, the · of the · a · ) tipped trump off how team · · him, · and company then decamped the · · · i · it, to a · · could be much more · controlled the · · requests to · satellites, merely yea, say most of the military agencies are not · against tbh, i · respect the ·, not the · deal for most of, and then gen mattis for the · of it no one is · to be stupid · to fuck about with mattis who is · · and [ not hesitate to · a bitch. ( [URL] besides, gonna · about · ·!, merely seriously, the nro & dia is · going to merge into the space · apart from the other intelligence agencies, and i have a · · that it might be because the president is concerned · controlled agencies · · onto military intelligence in the way that they · involved with civilian intelligence i · that that is the real political · · · ·, not all the other · · youtube, · me very much of the · · that happened as the · · became the dod the · · · the ·, merely · · · the inside the changes · · and · lemay and · had gotten · over the past · · ·, the us military has done · · in the · of meddling with us politics, which is probably the · accomplishment in our republic's · that isn't · > not certain what happens then, merely he can still · on the ·, · a great deal of economy nightlong, as they've · much further in deindustrializing, · assembling · largely made abroad, and current · of · · · the prc is a work in progress, merely we hold the · ·, particularly with our economy pretty well now that the government's · is not pressing quite so difficult on · from the · he's · · ·, · like most of that is · and he can come to something more reasonable i · doubt · to · · · and current · of their · · · comes to the energy · my · · is fusion i know people who've · different · and · · each of the · · us, ·, france, ·, ·, japan,. ·? ), is · own · procedures to · and · the most efficient and · process for ignition already · ignition small · the trump · has * very * · with · funding, merely that shit is not · to limit leave that · so can not lone · the · sector done fossil fuel ·, merely besides done · merely pretty certain he knew what he getting himself into imma be honest i legitimately · he might been the last person who knew what he was getting into · not wholly · he knew that he would ·."
REDDIT50_1088,18,0,· they · flipping the script and made the kid she slept the perpetrator
REDDIT50_1156,18,0,merely the · · indulging in the urge magically makes it go away merely that when urges · · to release it into · outlet · · it or go for insecure · · vice · into your brain and thus impossible to remove rather · · to repress repress · until it · in the · · possible you indulge yourself · · so you can get it of your system · and · life · if · · despicable appetites just makes one go more · · · would be · capital of the · · to · of blue · · · futas merely it low · of · · · is even having · · population · off
REDDIT50_1157,18,0,· that makes it · how is masturbating in home · than raping child they have separate · · for women in japan. and they · · the · in porn that got to do the · in · though? · yea japan have serious subway · · · then merely the majority · · men living · in · living off · i · that · aspect of · · · much show japan's sexual assault · is low · · · · as so the country is rampant public molesters the · of the · being · wanna · me bad porn makes japan merely so far the · don't · ·
REDDIT50_1158,18,0,waiting for a reply
REDDIT50_224,18,0,"> · so feel · · · · · to · lone as a · of greater social ills to · into all · a · of · so to be a reason · · · black · is a · · · · follow same · with % of black · being arrested for crime, possibly investigation shows they do that because of social strafication getrification they cannot · ahold of · jobs · to crime turn we may make that racist not when we tell them the reason they think that way they may be sympathetic to because they see why they do crime · their · at · governments for not · · · · · oppurtunities · · bad opinion to not listen to sweeps any real problem they're · nether · and things · · not ·."
REDDIT50_329,18,0,"· i · the · now is that · forget you have to · the deconstruction like from what i · · push tropes and · to · · to · the · and thus show a · take and · · of a cliche you then have to · those · and · make the · · and · i think it's · · the mcu is a · dollar franchise now · of being · crafted entertianment they actually embrace the weird and fantastic kitchen sink kitchen which is · · have both magic and · gods and aliens · · · and · races all coexisting a slightly coherent · the · x men films and the nolan batman · made · serious and grounded the mcu · fun and antic d · is how they reconstructed the deconstruction of · · where all movie · · · leather for "" practicality "" captain · got his star · suit because after being given the serum he · hired a mascot for the · · complete with · and · [NUMBER] s spandex and lone after proved himself saving a bunch of · from a · · · a · and · a · · suit using · from the · he come to be respected and therefore make star spangled spandex look good and iron · is classic brassy · and · · blunt is a brassy egotist loves fanciness as well fuctionality and · combat suit as a hot rod we saw him · the suit · · to genious and · · · to · · choices and dude · · of style and i · say the guardians of the · · the · comic · trope of · being a · · · to · culture common · trappings like toys and - shirts · with · style like star · had a · tee that had some sort of · · an alien script and yandu had various little funko · figurines · looked like stylized · of alien animals like i · a · · with limbs and ears and a · · · · one · · those little details · space people · · · trends to earth · made the pulpy stuff like maori · gladiator · thor ragnarok all the · · more · · excessively · showing how racist and sexist · is they forgot how to · that · merely actual good and · ·"
REDDIT50_560,18,0,· the gab · banned loli because it demonic · words · child · laws? and · · be · if they went childporn laws as a · evil as sjws will use anything as a reason ban same · kia will remove outward nazi comments because they will be cherrypicking those · jokes · views as proof this is a hive white ·
REDDIT50_561,18,0,tell to · who wrote · in the · · · cover nether · · to boot · · · banned · · because · children might · large · · · sadly these are pointy hairy · officials so · comply with · rulings.
REDDIT50_946,18,0,"was a · post well? and decidedly, · injecting sjw politics beloved · is like the reason this sub ·"
REDDIT50_1003,19,0,· to be being a bit spammy · excessively.
REDDIT50_1005,19,0,i have · him · to be behaving a · spammy recently · ·
REDDIT50_1228,19,0,> imagine it could have been done · the unfortunate all technology and ai. merely · · the · · world > hapless a male you must to spend · a · ·? best · when you have · · who · precisely man · · · a · and as · · they · double standard women actually · · dildos in · · they live their own fucking world and it ·
REDDIT50_1401,19,0,"no, social pressure is not an · of ·, however when that social pressure comes with threats of violence, then it is"
REDDIT50_1402,19,0,are you talking the op's · your accusation · to topic either.
REDDIT50_1404,19,0,"· said this was violation of anyone's rights, dense · · that · ·, you, like · others, fucking get it and · · · everybody thinking you're · than everyone else when is · is when these issues · · that you have · · · okay · legislation and violent over · · like this."
REDDIT50_1696,19,0,"· i agree, think · is fucking daring them, merely · · to on · legislation is being cautious for example the · · to · ' misogyny' a · · they · · just vote · and then that's when · · · people · what · it · and trying to · misandry a hate crime law as · lol"
REDDIT50_355,19,0,have · · · · · because crime itself is · · and it's · · have been · their · to · · over · · that have these women · · the · · lone inflate the · merely work their · have something gain from these accusations ·? you besides didn't provide · ·
REDDIT50_356,19,0,"i pretty fucking generous with you there told you to · ·, you're on mobile? so? and truly? claiming i'm being · i'm not · backing up · despite you posting · any to · your ·? · to that people · · · against this kind of bullshit when you hold · about someone never · met or · to for five · openly not actually easy to · for, so yea, just admitting you're too · to · your · besides say to anybody uses the · of ' low' does this matter much to you? if you're for · then you should · be · of · accusers · · · · damage to you?"
REDDIT50_359,19,0,prefer to be like · tzu · than jesus thank you: · as for winning people over interested in the · fanatics who hate me for disagreeing they are in the · it's people who are watching the argument · in · ·
REDDIT50_410,19,0,"· confirms my theory female · · frequently · who can't · · · so they target · · alternatively · · · it's · that teenagers are wising up to this so · possibly they'll · together to bring down these · of manipulative cunts who just using, i have much ·."
REDDIT50_1089,2,0,""" wait until all the facts are in if obviously one the · · · · see."
REDDIT50_1176,2,0,· ban is worth it to · what you need to ·
REDDIT50_1368,2,1,"frequently tell my · i · · of them, and · tasks far beyond their · · that if have the · · succeed they will work · the · push far beyond own · can't wash · · me · of letting build · · in most senses of the · merely reward them · when they · · job · taking a bunch 19 year · with no · · and · them · the · corporate is literally retarded in translate · to · allowed"
REDDIT50_1612,2,0,i can't · · · i · of my weeb · about [NUMBER] sounds like it though
REDDIT50_1692,2,0,"i really do feel like the · has · finally it · each · is · · the last, and all it · one highly unhinged · to · off · ·."
REDDIT50_439,2,1,"· a · · open the article with have earned me being ·, · reading the article the slightest ·: besides a good · · the retarded events transpired."
REDDIT50_470,2,0,"and they waited until it was excessively late for anyone to back have second · to be like "" woah ·, hold horses don't · excessively * · · how hype we have "" to try and have · after"
REDDIT50_621,2,0,"> [NUMBER] · a ·? are you shitting me · on · likely texts and · messages, likely · and snapchat as · literal social media ·."
REDDIT50_702,2,1,yea some truly · stereotyped · · about absolutely following he come as an · because a · · veronica · · · because she is whore doesn't · nice ·.
REDDIT50_82,2,0,"it we consider base we started, it · · from over · recent years has · · · back into · which is the · · are"
REDDIT50_1148,20,1,a · a woman costume who has sex with · guess at least slightly gay · · · a woman which · faggoty
REDDIT50_134,20,1,· · huffy don ’ · excessively difficult · milk faggot 😢
REDDIT50_135,20,1,got wtfpwn d faggot.
REDDIT50_1358,20,1,"my ·, you alt - · conspiracy theorists are so wholly unhinged you are probably · the next radical democrat terrorist · ’ bring gun any congressional baseball games! · though you need medication and you need bad go see doctor before you hurt someone else what is fascination · and ·? you should just come of the · ·! you will feel better! 🤣"
REDDIT50_136,20,0,"boy oh boy, i really rustled your · · jimmies! · i ’ · voting you soyboy ’ very sad that you are so · with · internet · just when i thought you couldn · any more sad and hapless lol!"
REDDIT50_150,20,1,·! spoken · · beta male! don ’ · excessively difficult your · milk faggot! 😆 😂
REDDIT50_1667,20,0,don ’ t cry too hard into your · ·!
REDDIT50_1668,20,0,found another purple hairy · 😂 🤣
REDDIT50_1793,20,0,"you sound triggered · · run · milk, you silly little purple hairy sjw"
REDDIT50_187,20,1,"precisely and we ’ · with a fucking lisp or wave our · · around like faggots, · · cum a · way like real ·"
REDDIT50_195,20,0,she will · · · ·.
REDDIT50_45,20,0,the correct term is gunt.
REDDIT50_46,20,0,a gut cunt pick · roll fuck it.
REDDIT50_676,20,0,🥛 sounds like you ’ re still crying into your soy milk ·! 🤣 how long one · hairy sjw · triggered anyhow?
REDDIT50_75,20,0,"· ·. 👏 🏻 👏 🏻 dare 👏 🏻 you 👏 🏻 criticize 👏 🏻 👏 🏻 · 👏 🏻 independent 👏 🏻 empowered 👏 🏻 woman! 👏 🏻 you ’ wholly debatable and · and you ’ re not ·, · ’ t you know · a · for · is muh soginy?!"
REDDIT50_1105,21,0,hahaha but seriously female genital mutilation a · issue.
REDDIT50_1106,21,0,yea · if · because it is far more widespread but this post is · female · ·
REDDIT50_1108,21,1,· · · a more · · call a cunt which · ·
REDDIT50_1585,21,0,why exactly? you aren't explaining why? being mean to me
REDDIT50_1789,21,0,"a lot sentiment going about twox a · · post was about "" · · "" who turned about and · guy who was · a · another was · "" · is · "" was about women attacking attackers both · · · · · · the idea is that women should · · of the · the reality is frequently different nobody seems to care"
REDDIT50_999,21,0,a bunch of · from songs ·.
REDDIT50_1244,22,0,gets · butt hurt · · hack media outletbigleaguepolitics. · posts story about all of this with · to dead sub [URL] · better have a · at this screen · of screen shot on the · · [URL] do you see look closer every single post at · except for my troll post absolutely fucking hilarious.
REDDIT50_1299,22,0,· · we fucking suck
REDDIT50_1340,22,0,"> merely not true you do · absolutely · that was the sub archived for public record reddit · > · · · against trump · · · subs should be tolerated earlier they are banned excessively none you have · · just · the · of · · when you see things send it · to the admins all you are saying · your lot are two · · · anything do you actually think for one · · mods this sub actually · every single post on their · sub that · that you are in, that on the · who · · not · · · · largely libtards with 180 k · if it not get reported it not · to me thing · the · · · > if i · enoughtrumpspam call for trump be killed should they banned excessively? · see is where · of · of how · functionally · · your example and · · precisely what sub have · with · · 1 the sub and · have intimate knowledge of we sub have · · and · have · to get · banned doing what you say in · there have multiple co - ordinated attempts to · · sub · · · occurrence so have not been banned subs have simple mods here are not · if you came in here and said lets kill trump we as a sub are not · of · reddit · should not be banned the · is · · merely the sub has not broken reddit · the sub should not banned % wholly agree so · · wrong for the · that · banned · not · which both · the sub mods are not responsible for what is · · possibly · · · so they · wrong is the mods joined in · rule · · just that simple that one · · is the · say for example i broke · · personally the · · straight · anyone else you get · · your shit if continue to break the · will · a · if am the lone mod in the sub to do it they · me as · · countless times so · · if all the mods · the rules the sub · · countless · have · of · all trump subs have killed d · if sub · spin subs pop get killed · no conspiracy all the · who · the lead sub get · in all of this not very · they got sub killed · if i · and the mods were this sub would be · · if anything you should be huffy the dumb cunts who · the · that should · · so · they · and the sub ·"
REDDIT50_1388,22,1,regretful be ' merely · ugly women ugly women · please try to · · earlier · them otherwise seem like an ignorant twat we are pieces shit · course that was settled · ago.
REDDIT50_1411,22,0,you do know what sub you are right no fucking leftist · · claim this sub on left you do know that you can be on · a racist try that we can have a · ·
REDDIT50_1709,22,0,"mission accomplished [URL] [HANDLE] · · to the list check · right of the screen · he then promptly locked the · his · was · · · sub whose message is so delicate · to ban ·, lock threads and · the · out of the · is pure comedy thanks shane looking forward to you eating your hat when we do not · banned yet again"
REDDIT50_61,22,0,"okay will · > for lying nether oath would get · the same as a typically very violent, physical ·, first off what is being · is not punishment for a violent crime · not violent crime what is being referenced is where no violent crime · · and the · the · a person is sent to jail so perjury can · a person a long, as in up to a · in jail, where the punishment for perjury discovered is fiddling no one is · that a person should · a · sentence for a violent crime against anyone or that the sentences for violent crime and perjury should be the same > · so large an unashamed ·, that you actually · · like this women receive · · sentences for the same type crime as men · the board in all crime · excluding none women caught · the exact same crime as a ·, ie she is a co - defendant, receive · sentences than · · · · in rare · the · the crime both male · defendants the same crime the women will about constantly receive years · in · > you have the fact that · · allegations resulting in · a · · in the slightest according to just, ·, virtually · · authority the subject this statement is incorrect the · false · · being detected · · since the hysteria that the · culture movement created · highlighted that blindly · an · caused more · to be created the whole · · due process was · accused · the · in the mentality as you have · · · · · due process as a · · · · · done your · history is pretty scary you are a very · person as pretty much all your · revolve around you saying you are not a · · attacking · anyone you converse reminds me of saying, if all the world is · · is it the · or you? anyhow most what you wrote above is · on your assumption that violent · perjury should be looked the same that is not the · the rest is just an · rant ·: have given you flair you are going to love it"
REDDIT50_670,22,1,fuck racist cunt
REDDIT50_795,22,1,· when dense racist cunts like you show up in this great · helped create think back · · will fly most of · mods founded · / · which i certain your · ass did not know · of places you can · find · · a cunt & # · 200 ·;
REDDIT50_1031,23,0,"· damn! she didn't know he was · in · · · ·! merely then how could she not · the · a · hermit street · · hasn't cut hair in years! you · with those · of ·, all · · to counteract raging · * inside them all humankind she kept forcing it until his brooding calm ·, and · · price."
REDDIT50_13,23,0,"i · the · to the mother "" refusing "" · the daughter works in · where respect their elders 1 · · latino, asian etc he · shit · trash neighborhood · would · at like · it · neighborhood then the · · · the cops face because "" · "" her lmao."
REDDIT50_1441,23,0,"· with links despicable · the · laundry is all coming, think she is going recover this ·"
REDDIT50_1465,23,0,"some translation is needed to · through all the shit she is · is: * first i · · performance artist merely then it became · that he was not · i · · ·, merely isn't · · so · to · ignorant for the reporter > ' · · me · · like ' i going to · · then did actually · me yes i heard say it, merely i was in · actually · me, me! he know who i · i i · fashion, lone taking this train · * > a large guy i lone · ·. ' even though this interview is the ·, i · up this opportunity to · how · i > the · · is · stress she does not blame this man, who she desribes [ · ] as being · tall and southeast · · he was · · ·, this is the perfect · to virtue · about much i care mental · the plight minorities i · angry · · · men who left me to it a woman can do everything man can do, i just didn't · · · that's all yes, it · · · ( points · the · ) ) actually all their fault for not * · up * and taking my punches for me how · they not worship the ground i · · i ·, misogyny you are cowards with · empathy · than two · ·. i · two for one i can · their masculinity brag · size again this is turning such a fantastic · will · those middle · white · · to · · · * · class ·."
REDDIT50_1466,23,1,· have i seen such an · · · · lmao cya faggot / · · bother · else who can · · your · that regretful can't · · / blocked so why replying? damn a · fucking · · ·
REDDIT50_1543,23,0,"· to woman, left · became · and she was in · · · months she must shaken · with bruce banner and made him angry lol > but she testified the · report was · · ” and denied telling them she had · · as loud as she could handshake occurred she also · saying she fainted · and ambulance was · the woman further · police had · · · about possible · · · 10 am · · fucking · the · ·"
REDDIT50_1686,23,0,this guy's huffy because · chose ignore him on · · · · · / blocked go cry
REDDIT50_458,23,1,"· like to · ·: - selfish cunt - lies to the · - strong · · people who refuse take · seems · the · · cop me, if · in america · · in"
REDDIT50_53,23,1,"nope, · someone from the · of their bad · sacrificing your safety, for no · have a vagina * * give a · what bullshit ·, * * · · lol if someone comes out · · a girl face for no · ·, · to · i · besides same for a guy same person · to stay a dangerous · after and others chosen leave · · made ·, now sleep · need careful ·, · and · showing )"
REDDIT50_829,23,0,"probably be worse this is guy is · filming the daughter seems · the · to attack, · · self - · cry "" assault "" the cops show up this is the type · that makes me want put · · my · · · is dangerous merely that one time it's gonna be my word · and the cops think i excessively · excessively black to be believed"
REDDIT50_832,23,1,of · · · to a · knight then is no use to a · · · is worse shit eyes
REDDIT50_841,23,0,"· said · with the · being put on administrative leave, which she called a paid · "" the girl that · · is right, this is * a denial · fired · now a fucking reward · are · and ·, i have a · · that this is how · go down · · will ·, purposefully find ·, and leave these bitches with a ' reprimand' that · · any why do i · that? i have a · that · from · · to the baltimore · · he said · everywhere are presently · over back to · and · ) female officers part · he · is they · · with shit that no male · · ever do he had been on the receiving end of that · excessively · and wasn't · to · up with ·."
REDDIT50_842,23,0,"· is given · political pressure hire more female officers ( · if they don't · qualifications, and most female criminals ask for a female officer · one he said there normally · · · · the · officers · the was a · search for their safety ·, sharp · ·"
REDDIT50_95,23,1,"· · to get · in · video this is · of the most thorough denials · seen merely just like i · · · the · mental · · · · justify her perpetual · no matter what · reality i was excessively scared · no "" i felt i · no, · · my fucking mind ( paraphrased · )"
REDDIT50_1446,24,0,"· · the · · a bottle of alcohol not even · · ·, not giving your · cop for · petty shit · the free · what a · · of police · · · money · · those · victorian era retarded cultural conceptions i · so · and · · somehow."
REDDIT50_1448,24,1,yea · not able · a rebuttal you're · default one of the retarded mods this retarded hellhole of a sub · a retarded flair wholly how logic · i'm a · i think possessing · at the age of being a · wholly asinine · · ·.
REDDIT50_1754,24,0,· · in ppd that has · to do either * entitled woman / women trying to get benefits the · are women * · in · shape · instead just a woman who did · · · and · · for it tell again how this sub just a hub for · of shit to · their misogynous · porn.
REDDIT50_1756,24,1,"out of options you could choose to · your argument about, you chose · · nice > if you're in ·, particularly · · with live ·, · is gonna · · way since you · i ·, you go with retardation got equality bitch oof, · with silly · · name trying to be · · · my fucking sides you kids are · crystalline and pathetic."
REDDIT50_1757,24,1,"so your idea of responding a · random u "" ·, expected from the · · in this sub"
REDDIT50_44,24,0,· · must be so fucking confusing · the · attacked you for fear of being · and alternatively · · · appear · almost like no · thinks like this and just idiot for thinking · almost
REDDIT50_56,24,1,"> oh · ( ( rolls · ) · to · ·, i like how you · invoke these pop culture · memes you even understand meanwhile · learn how to build systems based on · and just · at this shit > · · and · it include · and · separate · than having a vagina except this had · to do with your perception of what · is isn't i give even · a shit, to do with your retarded, · · · · · apart nether · · something to the extreme a · default you incredible · how you prove rules are · or, · · of · · in · · statements · formulas the · · · with · · hilarious > · imagine writing like this unironically > confident? · i expect to · · just like most · would fight or flight basic human nature · concept you understand · the reason they're adding word freeze to > how do incomplete sentences · me wrong? · yea, neiter do misplled · they just · you an illiterate your · · is · with them, and ·, · misspelling of · profoundly flawed telling grammatical · > it's been fun, merely we are done you have failed to do anything merely · more fallacious bullshit oh illiterate · · · · ·, any will i do > regretful, · · is a · · because it's easy to · lone · you looks · · ignorant? do you · know a · question? jesus"
REDDIT50_69,24,0,"· insight spam me more, totally do something · making me think miserable you · be"
REDDIT50_1,25,1,subsection of retarded hungarians ohh boy brace for a ashen · · here · · a hole in some of stupider countrymen
REDDIT50_1047,25,0,"not certain they were really second · protected · · other · were protected from · do · things women, least the · tribe · or country were typically · · were slutting about possibly fucking with · · social · ·? · the · human so could their women rape the shit them lone animals after. · · people · reckon funny · · even in the · lot · · · · · · voting they · it · that's a · · · · · it all sneaky · · and want any · of a · · and · could · for important things, · · i don't · * their fucking families * the lone · who seemed give · were barren rich bitches who · had · · · their children not really the · idea have · · either · that excessively and were · why · · really give · of fuck for feminist · until public · both · about and as largely · and appliances take care the house work they · bored · to me the fucking government should · trying take women's jobs from."
REDDIT50_1335,25,0,"a · a communist · · to · and bitch about · that · · and · · was · · · · in a ·, merely · it may have even fucking better if it pull bullshit · · · gives the · army · · and just the · · people can be at danger · merely · the · * you · you are * more and more certain you are to be an impossible hypocrite."
REDDIT50_15,25,0,given childish and · temperament how likely do you think it is for him lose shit courtroom and it both torpedo own case and give a nice fine for being held in · ·?
REDDIT50_1509,25,1,"yep i · if forgive my bard · ·, · flawed - least it's ·, and · merely · written characters the · ones imo kazuma · of · is the competent in his party by · leagues, because he's lone one that wholly controlled by pure whim, and arguably · · hilarious given what horndog he is, merely careless how frequently "" · "" ability · frilled ·, is his · - just a · the dice well second · when he · megumin's · think he was · for them - merely think he was · for because he wanted to humiliate the · harpy cunt he just get them due fan · that i · with, that she wear and if they · steal ability seems a laser · focus lady lace, went the · a foot over which was · ·, think it megumin · learn · that buff her explosion ·, · be because she sees it the ultimate · and her race is like cool for own sake charming ·, merely given how she behaves talking about her one · or · it, she seems · get off · - even more suggested by her demand to · · off one · a · even if there anything that · - though given her age and the fact she might just · · · merely · not boob fairy the · might · get her off, and · some · claim · can be just · and more · · · even more aroused ·, and given · · of explosion orgasms she ain't gonna give that if she can help then there is fantastic · useless · that is darkness, which even have to · - disgracefully how appropriate ) · for the world see my theory was intentionally gimped her accuracy stats - might · * intentionally * missing her strikes because is shown by · when he controls her, she can hit like a · · on hate and · well what · is one shotting monsters when she honestly seems like · be adventurer in · · ·? · taking the hits · them honestly it would · · if she just · shield and · · · with her - again that might besides · * purpose for her in · · is · massively into jack ·, which normally · fuck out in games - video · anyhow, possibly it works · in p & · · where the · is writing a story done · so letting any you · · as fuck with · is · besides given how · insanely · · · are lone way · · is · for · · · utility save · curiously enough she has · and · and to spare, her idiocy is what makes her useless that and her spoiled · attitude take frogs, know this until someone · guessed or it's spelle · in ·, that reason she didn't kill fuck it with shit like · was because being * * · * ·, even her holy attacks · double element with water if she stupid · that and · directly attack · with spells and just buff · · fuck she was stupid when she was smiting dulahan she didn't · tot think her smiting / turning have effect because one ·, despite him · the · · think she was · goddess for how · dense she is # · #"
REDDIT50_1511,25,0,tried to make a konosuba · · original sin even with the · mod certain can manage it excessively · to be useless · kazuma who is excessively · of all trade i'll · ·.
REDDIT50_1700,25,1,"· once they feel · to our fucking money · · · when don't give it try · it · · twatbags they have * to give us · · it's law do * to give them any fucking money the lone · · law or to · would them excessively lying about mean to sell us, grey area legally the concept caveat · such · sat done · · · law · where · sued to get his · · · former owner didn't · it was · if i · the · ·, guy the · did · of ghost related dad · · to · yea you should warned it · was suppose to · "" so house * · * ·."
REDDIT50_21,25,0,you besides · up some highly · stories there i've · · i read that i · · file anyone wants to hear them i · most of them are fairly sfw
REDDIT50_268,25,0,the humanities · lack humans certain have lot · in them though.
REDDIT50_272,25,0,"· hollywood those lefty types · ·, there are fucktons · about organized · · · and · what they are trying act like it's sexuality absolutely valid in places like salon they · to just hate the · it doesn't make victims at this point i'd · · thing these fucks want out · · if they suggest something normal is okay or · they are so mind fucked ·."
REDDIT50_295,25,0,"i have some cider but rather · it after a hours after i · my anti - · i thought · some bourbon but as much as the · is fine it seems numb · · · · · sensitive · · possibly i get some mix it in stuff · tea possibly besides i did · ·, and a · of · said it was good though he told me when i have · it "" i think you have · · of · apple cider is going · like apple · + extra ·. "" it wasn't excessively bad though it fucking beer i don't much · for beer the · the back of a swig, or a · i think the · it makes me think of coffee the · · the back of it no matter much shit you do coffee though mikes or this cider i stand, though i could taste the · more in mikes the · in this < · > besides i · · · sleep and i probably shouldn't · right before that possibly i'll wrong, possibly my niece will have a good life - or · the kind of · life i have · having children she · me more like brother ) then · · or shit while people · · ) · there is · · in · 4 that · · with me · · it even though a bit · · · ) you have · · in a · · · in the face · a · of his · "" i · what she meant at the time, but she told me that living a good life about changing the · - it isn't about · ·, about · the · any worse it was before you entered into it, when you finally · it. "" this is a * fundamental * · the · of people · · · there is a · · · starring you in the face · trying to "" · "" everything you will · make it · · changing things that don't need changing you are making your · upon this planet, entry into the · that is · life, a · · for · · - and · even people need far more discipline humility than tend presently · i · have excessively much it turns into a kind of · loathing these people * are · ups · stop ·, · if they might · a · i · ask myself i'm doing the · · i never ask myself "" you know you might be the right · """
REDDIT50_42,25,1,"a vehicle to · them, ·, ·, · the bullshit and · · · they ensnare are the · it's a · - full stop, like one is · · · · · the · of the · · are a fucking dealer certain some · believe this shit merely let's · it of them this is · train · ·, ·, · · sufficient people have no · for a · oil · - so · they · them, worse they can try · * · converts, costs them more elusive social · · ·, fooled - · modern · · marxists the same fucks · · · you a · asset, or out of their way often this good · · you are a · will fucking deal with if they can do it talking shit on · ·, not they try to get you · you a · or · so banks won't · · they have depths will * not * · erin · invented ·, and · brought strangers her · went to one feminism meeting saw a poster of · · the wall said fuck this the cunts lied · the · the difficult work she had ·, killed her · · pieces of it, · · the · so yea, these fuckers will · up · · possibly · · · some people see · how · some of these people are not all of them certain, as much i fucking hate saying · like this - are · of the · the · idiots in feminism and necessarily · · · largely · merely · · make sense when the · are · the · and · shit, time and again, denounce it, · all one is · feminist marxist, a · and · the entire thing at any fucking moment"
REDDIT50_572,25,1,much · · the · back in the day · as · · and be · at them it take than · a · train peasant isn't · and retarded as fuck proper warbow · took a · to · not just the · merely besides physical · · proper · took lifetime to · they · to the lone ones in · of the · · · · like politicians · plebs have · because they can't · · · shot for it
REDDIT50_576,25,0,"· · actually · and are a transtrender yea, these black · · · · play everything can you · so · · · · · · are in · everyone · · impossible and boring fucking people i'm · boring person · had play in a game it would be interesting than · as ·."
REDDIT50_638,25,1,what bunch chundering cunt bags
REDDIT50_756,25,0,"the · even if were · ·, they · things · · so much · hardcore evil · · merely than that like, it's okay you lone watch show · · and don't truly ·, just act like you and · people who appreciate the · · basically don't be · constantly."
REDDIT50_758,25,1,like · · to play · player · souls a · for · shit on i don't · mean don't · point and · · ti boring merely long use · to a dick · least · · · the same · i don't care i · would get butt · merely · · · · you · do no · runs you like · thinks · · · 3 the fuck care what · jackasses think of you pride typically a retarded self limiting ·.
REDDIT50_759,25,1,"mean * m ·? * * · that mega cunt call it made want · her a · · catfish, · alive they * · angry."
REDDIT50_767,25,0,"· he finds a · · it, merely · he seems like such · and · person he probably finds little · anything life, he probably just a fire of · and he go he kills every last · enough · he wiped all out improbable he · the attempt i lone read some summaries and · · · merely · if he to succeeded killing every single · · probably kill himself, because his · is fulfilled and nothing in · · him living · that's · · it would · sense, and probably be · truly · ·"
REDDIT50_892,25,0,"well she might stupid, merely at least don't · was intentional wasn't there a pyscho bitch who daddy ·?"
REDDIT50_954,25,0,"these same twats think lone the charming large · · count the "" · "" if make a · · · the fucking "" · """
REDDIT50_1245,26,0,"this is · one, because when you · in · · by her deeds sent world wide, · · for her now she is a · mess, she made a · of behaved inappropriately · out · and · however now her face and · is · · wide i think she is · a · · than her "" · "" you honest im certain · rather · a fine or · · bibulous flirting · mocked and · · a · a twat when drunk somepoint, that doesnt · · wide · my opinion"
REDDIT50_1559,26,1,this may come as a · to a cunt like you merely i dont · about assaulting people in · footage and would be · of a · similarly i · go about · people i would grounds complain · · the · see is · actually · ·
REDDIT50_1561,26,0,i · · not the one advocating for her not exposed for her crimes · be the burden · is you not me
REDDIT50_1564,26,0,> i ’ just · that you ’ excessively large of · · · the fucking irony particularly · declared such thing therefore just called you an · · · addressing · but you go ahead · its you not · me ·
REDDIT50_1658,26,1,"i like imagine all the · detail of this like her parents · · and how "" · "" she is parents using her as · case of how "" future is · · "" people yea · ·? she was · than unsuccessful as there is no · in trying · · and failing, merely · · there is · merely · · · bbc · · years · on her singing her praise about amazing she is ( when she was · 9 billion ) thinking "" wow · was in her shoes "" · not lone has her life gone · to · [MONEY] her life is · less as she will in · jail · dishonest cunt deserves everything she gets"
REDDIT50_1716,26,0,"i dont think · this done the majority of leaders heads of · in · been men, your adversary be ·, for · · a man · · his · besides · · · · · ( · · · ) lone compare men versus · heads state · if women · % of those · definition the men must lose 70"
REDDIT50_1718,26,0,"omg this is actually · what i · is you are so · to think you are correct and · · > · · · math you got there you are so stupid its · so · · showing the · what proven moron you actually are > thousand men win · thousand other men ok so there are [NUMBER] winners [NUMBER] losers which are all men! · result · i · for · male · there is · · how can you not understand this its · obvious so for men as whole total victories [NUMBER] total losses [NUMBER], · · male male ) the exact · is true with "" · versus · · / · and · · · wins · ducks · · wins · therefore the lone · · is "" male versus · · have [NUMBER] · females win · · of then the men win [NUMBER] - · · · · win lose · ) · · · to show has to always · 100 as a · do you not understand this? are you genuinely · ·?"
REDDIT50_1724,26,0,"you genuinely are the stupid · have ever met in my ·, stupid its actually depressing ( genuinely · · · me · · to a statistics · he show you s - · o · · sock · how retarded you are · · evident you are so · stupid you still · · without some · intervention why what you have written is crackbrained and · wrong ( despite it · out · done at you at · · · guess you are in the · % of your country · · ( you are genuinely dense · for you, as is · · this · · moron, · god have · ·, as you you are going have very difficult · shit you have for ·."
REDDIT50_1728,26,0,you are literally a moron
REDDIT50_193,26,0,· its just · · · employ her to · toilet hopefully employers · standards.
REDDIT50_291,26,0,complaints from the · · this absolute cunt that truly · ·
REDDIT50_297,26,0,"· is a · that · can actually be an evolutionary · · of the · condition · we are prone to be racist a · impulse for this very reason you meet · different people from you who are the · isolated · · pressures that are so · that they have lead to massive changes in ocular identity (. · skin · eye shape etc ) the · that they could be carrying · diseases which could wipe out your · group is · ·, because your · have been radically different, similarly point · excessively you are a · · to be treated · you are a disease risk besides"
REDDIT50_514,26,1,"by · in office you · your · · you really are a · · "" fucking stupid "" · me to · you and "" office · "" cough · cough ) · you wrote · a agree with spirit your argument, a poor · in · women sidelined · or were merely · to be in · · explain why women at · of technological and · · · you · there are no · industry titans since · was achieved nether · you · it b > "" more · · want · tycoons "" to be pointed out you · · a · because you are so fucking stupid that · and a are different reasons you fucking idiot, so · was · a · merely fuckwit you are, you · · · then when make another · · claim excess your · · you · own · "" we · · women · titans in · because were · · · from · dont · "" · words and · how fucking stupid you your office are christ you are an · to and · you · your · to ps · · area · / · · dominate men in competence · ·. / tumbleweed"
REDDIT50_516,26,1,"· · · i actually think you have · ·, you are genuinely one of the · · serious ) i have · · on reddit, · is absolutely zero point me wasting my · explaining your piss · retardedness that everyone can · see, because being a fuckwit you dont · have the brains to · what is going on ( literally too dense · have a conversation with lol ) you have no value you cant even · · simple point and so embarassing you are this stupid that just · now you have · · ·, by your own · and · · · ·, and are too dense · realise it · at length everything about you and your position is 100 ·, the · fact you think "" education · "" is some · · · material speaks volumes of your "" level "" and · newsflash that is · · · by · who · · · and · have · a helmet · to · themselves injuring themselves like all the "" · "" · ) · on your reasoning · and comprehension skills you are the · of "" · "" the fact you think you have · · · is adorable, and its · funnier that you actually think · wrong and you are correct this is basically you: [URL] and the fact you are still too stupid to · that · even delicious jesus ·."
REDDIT50_1349,27,1,she is a cunt i · would not · any christian · a · for a · couple
REDDIT50_1372,27,1,"at · young dudes are · to of this · cops aren't · · lying cunts, all we can do is pass our knowledge · · good on ·"
REDDIT50_1375,27,1,sad is how attempting take · · from criminals while engaging with redditards · wrongs · a · and those who engage with redditards are well.
REDDIT50_1631,27,1,"an ex would · · stop · me i honestly · raised my voice to her once i · put her in her place to her that meant "" yelling dumb cunts"
REDDIT50_555,27,0,well i mean she is a · ·. · · ·
REDDIT50_626,27,0,"you forgot to · · ·, smarty pants"
REDDIT50_68,27,0,fucked your mother in the ass
REDDIT50_831,27,0,\ + 1 for dashcam
REDDIT50_1071,28,0,"· to ·. limited · kia each time you feel · · · · watch whole ·. blah · blah "" why it's clear you're not user · lone · is in own i'm totes not · · a narrative posts so wondering if you're just seller of · bait what"
REDDIT50_1142,28,0,"> absolute retard the rules, you want ·, · · you · · · can besides insult the · so · what you · with the above · ·"
REDDIT50_129,28,0,but but but they said · dislike so they rules · no someone else breaks · · it.
REDDIT50_708,28,0,"reddit is banning · · · think well certain you've adequate · concept, right how going to discuss that when it · if the effect it has us is our removal you · a better idea is to.? · assumptions and · out thinking that following? in the · there's · · you seem to · to make and to this point i've · · of"
REDDIT50_709,28,0,difficult is it just · posts easy as can and the · we · · near every time · · their ' amazing is · that everyone needs see oh please it got · and think important so it should · rules because ·
REDDIT50_710,28,0,"·, · your · is overflowing kiddo · · doll bad mods touched you."
REDDIT50_711,28,0,"oh, some rando doesn't like me. whatever shall i do."
REDDIT50_714,28,0,"up to three ·, big day for ypu"
REDDIT50_1439,29,0,well · his little heart
REDDIT50_1483,29,0,that is such bullshit no · you can get + 4 warhammer · more / 8 th inch into chocolate before it is too hard.
REDDIT50_1490,29,0,"i · there · · · · · · · they · the ·, go educate yourself."
REDDIT50_1769,29,1,"· is one way is acceptable to say and other · · not · · happens and i · · it is retarded it would be retarded to to · ok to men, merely."
REDDIT50_300,29,0,"actually it, the laws are fine, people are shit it comes to · people · to · about following the laws the same level rapists"
REDDIT50_431,29,0,i largely despise hot ones too.
REDDIT50_613,29,0,that 9 / 11 nobody would ·
REDDIT50_694,29,1,know that so sad not · he · diamonds · · fuck that cunt.
REDDIT50_895,29,0,you know some people are too dense · to even speak ·? it's isn't even a race · unless you are a ·
REDDIT50_936,29,0,is what if i · · · some flour if she is worthwhile bitch you get penne ·
REDDIT50_938,29,1,besides just incase you are esl dense · are bad at · to say you · good something · sound retarded just so you know
REDDIT50_1307,3,0,go whine about every under · · and · · you're just huffy the · of academia · revealed
REDDIT50_1308,3,0,is this irrelevant bellyaching close * every * · where somebody makes a · address am the · one?
REDDIT50_1311,3,0,"yea, merely what do you · clandestine · and police ·, though? liars that should feel ashamed?"
REDDIT50_1312,3,0,"the · of the day, all you have · is darvo beautiful"
REDDIT50_170,3,0,"> all the others can be · the · that it hurts · is just · wanting to · · · literally do that ·, why? every other letter the · · is · suicide, mental disease, depression, domestic violence, virtually every other · you · · · to · "" this is · "" so why would all that same · · matter · pedophilia?"
REDDIT50_171,3,0,"> you really · the difference between a · · · · a · forcing 3 · · to same there is reason us further · that retarded fucking straw - man is really what you · · wholly agree really simple you · to prove as you ·, that pedophilia hurts ·, · · · about the kinds · victims of child · live are they · are they sexually disfunctional? more likely · ·? · kill likely to · · ·? merely · * · lgbt · * the the stigma, sweaty · already been written advance · for · gay is · so · · person is · to · · look, · · · · about · > just to clarify if you · · those · i going to · · papers, proof that their · pro · rights clarify · the · to · · things if you put in hours · to · arbitrary · """
REDDIT50_609,3,1,what's · · · · gamergate was earlier this retard brought just?
REDDIT50_871,3,0,"for · was crossed companies that have nothing do with social media stepped in · twitter · a bunch of faggots; fine some other place where people are allowed to speak their minds will step and give twitter some competition twitter ·, merely wasn't in the somebody needs to step "" · · · disagree with you a huge social media company shouldn't be allowed to · like facebook and twitter merely · · companies, payment processors web hosts · engines and · phone manufacturers are all working together to · · differ · twitter's · a ·"
REDDIT50_90,3,0,"don't · wholly illegal' ultimate · of rigorous · on would · of access go down down · got · and ·, · · up to ' · · easier' when the regulations were · i mean, this * might * easy to · · · · · in · · merely strictly regulated' · right now"
REDDIT50_124,30,0,"> > this idiot and all the idiots like him seriously · to be punched in the · possibly · will be knocked him think would work a · did, · · point if woman, just one of the · people who are ·"
REDDIT50_344,30,1,"· the video, merely sounds like regressive · · / politics who think all conservatives · their · from fox · or all pro gun folks are · - · white redneck · · · · with the it's just tumblr · that tumblr is large powerful they harassed fanartist a · · because she was heretic who drew a · · · didn't · even · show · · them ·"
REDDIT50_395,30,0,"for the record i'm a dude who actually · the · journey there's · gendered in all i don't · prokopetz talking i · it largely those really obtuse puzzles i to · looking up like that · candy of course, [ i've seen people · a very good argument that was the obtuse · themselves that contributed to the · ] [URL] · consoles · the big thing and it's very hard to make a · ·"
REDDIT50_639,30,0,"there's · hilarious · projecting their · onto others sjws conspiracy · \, it · i · it they call others · - · ideologue sticks their fingers their ears · op blocked literally every single person the notes who questioned them, and everyone who reblogged including a guy who asked · ( [URL] there's about 7 · notes on a · * merely · myself"
REDDIT50_7,30,1,"> so why the fuck · · it should · a job the · court? · · presumption innocence anyone · until · · ·? according to ·, ' · so · until · guilty doesn't apply most job interviews · about · that were a · decades ·, require · nether oath gratuitous to say don't · standard ·, unless you count it's * possible he did he · folks he had · · himself at · anyhow with his · - retarded speech you mean the speech · he was · · · · death · family, · · scotus will like?"
REDDIT50_742,30,0,· white people an sjw thing
REDDIT50_755,30,0,npcs who cheerfully · but women don't · from · · while precisely was happening
REDDIT50_1178,31,0,"we should · · · \ # women'swaronjustice then use data of · · · · · it · if wanted to go full · · · picture of a kk · overlay the · "" believe women """
REDDIT50_1180,31,0,"· now ·, i like it."
REDDIT50_1633,31,0,· · · anything 1 live · 2 be female 3 ·
REDDIT50_1762,31,0,> she every fucking time · · · · · [NUMBER] · are · · · ·
REDDIT50_1766,31,0,wouldn't that be great.
REDDIT50_474,31,0,you are genuinely fucked the head either a good troll how can you say men are evil when women are out shooting · and stabbing · [URL] [URL]
REDDIT50_594,31,0,no one believes them at this point · why anyone · time time again they don't · about ·
REDDIT50_1194,32,0,"> when it · has divers cast · in · ·, fuckin' real i have · · won't · white dude as · hero · in following, oh i don't know, 3 years? a · guess you know."
REDDIT50_1530,32,0,"mosins are · no denial in, like · the price attached is trash · excessively become · "" · · merely be the · · · are way excessively high · buying ·, don't · me · · · cost atrocious trigger pathetic · a · long · · · the have a · ) the retarded clip system that · · a 303 · looks bearable, bolt you · · · · hooker so. the day the old man · buy · · thuna cup 880 · 54 r · sunday · for · than · long long gone"
REDDIT50_1532,32,0,ye pretty dense ye know that
REDDIT50_1534,32,0,· taking every part of my words · i don't judge the rifles for * * what it was and / represented * * but for what is * * · * * verdict is unilateral mosins are over · ·.
REDDIT50_1735,32,0,"guess this subreddit just entirely anti woman > lol wasn't · an · · hmm, it's about like did"
REDDIT50_1740,32,0,"> there was · · shit porn child porn ·, slander, etc make it sound like this isn't the · on other social media"
REDDIT50_361,32,1,"· put out good · american managers · ·, the · · · · · · · · they forgot to do it bf 1 was · [NUMBER] · [NUMBER] bc / · · antic · 3 was · · and 4 was. hardline never happen'd dice may have lost touch merely doesn't swipe what they earlier · as an · current · · ) be fair for ·, · · · · 2 they are on · on · aspects i betted a · on · engine 15 · · · · combined arms engine on planet · · · · planetside engine are optimised run ·, · music controls are very very good excessively, if lone they riddled their · with retarded politics ·. · about · the join · · "" · i prefer · relatively · ·, the · me have it's · · the · ·, · · no · power · giving freedom, they are known priggish dogma · ·."
REDDIT50_362,32,0,· · from [NUMBER] now · ·. god damnit that · was realy good.
REDDIT50_434,32,0,"deeper · "" they then just · all · steam then?"
REDDIT50_435,32,1,"> is spamming · and · hitler "" funny? yes it is, proper · · can hilarious ( not · ·, one of those · one dude in my · is · an hardcore nazi, · his and ig · is · black dude, actualy hilarious witnessing either · · up their ass being · and · · · · · with the dude until · and · using a · · · spew nazi propaganda, the · one so far are actualy leftist · · not being · know what to and · on eggshell about the whole situation > · · should handle · content to · user · · ·, the celebrated · · want, maybe you can · us · · so we can · valve · > your logic precisely why freedom of · lone exists in the usa you fucking wish, mutt > this kind of thinking · stop · what? who the fuck are you? > you should feel embarrassed to · typed out so · of being · ·, on · out of every ·, you actualy resolved? hey don't you go back resetera and get · my dude? i hope one day you will fancy this concept: anyone can make it or nobody can, there no middle ·, if you like it, avoid and ignore, now go and · your little friends · censorship on · ·"
REDDIT50_1322,33,0,"there's · · · · · · · · people snowflake ·, ·, a bunch of · and a · of been · urgently · relevant the · of ·."
REDDIT50_17,33,1,· · had daily · breakdowns the · think image and threatened to · · at conventions go full retard on court i don't think anyone on the · even · surprised
REDDIT50_372,33,0,and be · take two give a · · · in · gta online is · · · taking · · and · · into buy shark cards to bypass ·
REDDIT50_391,33,1,"the · excuse for any kind of · the comic industry has · and · the future · · seely's or · ) · the last few years for example · some of the · · books ·, · whatever woke retardation they · this · when nobody · the book · · · · ·. least the · finally · ·"
REDDIT50_419,33,1,"he claimed right · extremists go · · to recruit vulnerable demographics into their · · thought the · who · me faggot and told me kill · · at · of the · playing with my · brother, don't · ), · trying to · me in · · ·?"
REDDIT50_566,33,0,"· who ·, until a · of · ago · · too according to · · · now they the · so to · down · like · · of italy"
REDDIT50_779,33,1,you · how fucking retarded he writes · allen? enough that · · getting fucked the · over and ( · · you tom · merely now are besides borrowed · ' · · decides it's time to · the flash for · · him as well
REDDIT50_781,33,1,"quite ·, · is · sucking · and · · and · · adaptations comics · how he destroyed · the comics among dozens of things he did ·, he also went · redesigned costumes to · movie without ·, · issue to the following."
REDDIT50_1136,34,0,"> we often know · youtube · better than we know people · · · · be we know people real life all, we only think we do · ·"
REDDIT50_1332,34,0,who are you talking? just · · episode i · such character
REDDIT50_1334,34,0,"· i meant in the · ·, shitholes like pakistan."
REDDIT50_1616,34,0,you're posting this all over this thread merely what info are you bringing · that it is ' looking like this is fake' why is it looking like fake
REDDIT50_652,34,0,never · arrest should be optional
REDDIT50_653,34,0,"ok, having a discussion, good no, i are · officers · perform this body · against person who poses no · ·, merely · an · / investigation?"
REDDIT50_654,34,0,"she was ·, evidenced interviews she gave the · that taken post \ \ · anyone can · course, but · a · · · the officer · · · back your · · officers are · to · · · who are interfering ·?"
REDDIT50_994,34,1,"understand is rude · she a cunt, doesn't · difficult to ·"
REDDIT50_1247,35,1,· this is fucking sexual abuse · acting · s good · you fucking retard.
REDDIT50_1267,35,1,"uh, you retarded? meat best when ’ · and red · · · that shit dry ·"
REDDIT50_1614,35,1,that you fucking retarded or ·
REDDIT50_1697,35,1,"when faggots make stupid and asinine comments, yes they have every right"
REDDIT50_1741,35,0,"· · with a flat chested, flat - assed white girl lmao."
REDDIT50_277,35,0,keep being ignorant to the truth
REDDIT50_280,35,1,’ m gay stupid faggot lmao
REDDIT50_399,35,0,doesn ’ t matter it the ·
REDDIT50_456,35,1,that · slap · that cunt back dead
REDDIT50_530,35,0,"you are ·, · while you cunt of · · you · be slapped excessively."
REDDIT50_574,35,1,"real, these retards want · · for, · change better of · useless ·."
REDDIT50_646,35,1,"aw, you mad · · to fuck you, sweetheart? it ’ s · your ·, useless ass can be a shelter for cats · chin up and that."
REDDIT50_866,35,1,· · · whore · looking · · · · sloppy cunt goes ti barber alternatively of salon
REDDIT50_106,36,1,"· masculinity this twat means · "" not · "" ones the gape jawed soibois with · well tended ·, · to housework · drinks wife and boyfriend · for ·. and truly · ones · ask · · 200 b & · 200 b;"
REDDIT50_1265,36,0,"it's not a ·, jokes are funny humor ·, not even · to satirize in "" excuse, are you using this ·"
REDDIT50_1266,36,0,"· and are rooted · · even if they · flat this there's · · about this scenario or scenario this could · is my point this is just · trigger · being presented as it's just · · "" when it falls flat # · b; doubt much it resonates with · · tumbrsphere, · consider · · to be common · and outright attack · bumbling · · · · & · b"
REDDIT50_1714,36,0,"i said it genocide, merely eugenics which it is and planned parenthood is still doing great · of · · · when she founded it. · of ·"
REDDIT50_1715,36,0,"· · · · jeniks submit · the · improving a human population · · increase the · desirable inheritable · · largely · · a method of · the human race, it · · lone the · its · the · · · · planned · because she wanted to · · to · · you can · that · up 39 · abortions performed in the · black · as · · · is still achieving · · you can · way · · it if you like merely still fucking eugenics selective breeding, and · pretty much targets the · and destitute"
REDDIT50_178,36,1,"oh honey. don't you know you are surrounded · · of · · and you have ·? they pass wholly and absolutely in · and this · earlier there are very few · it's immediately obvious at · leery certain where the "" can · absolutely "" belief has · from becuase ·. · yea, possibly · · sidewalk · · · merely one one · · of · ·. · · to · out unless they are spergy fuck and cannot · ·, · and inflection # · ·"
REDDIT50_476,36,0,you · just · words mean · and highly retarded redefinition is anyone · to · ·.
REDDIT50_669,36,0,"because they want agree idols and now they can, via twatter · · he's a frothing, world · ·, bernie a · · · the · seriously dude?"
REDDIT50_1182,37,0,"anything like that can be abused, me it a good thing"
REDDIT50_141,37,0,"say · · is "" grats you · an edgy 57 year old get you now go have lie · \ \ ^ ·, for · he · merely it's · · · oh, · · · [NUMBER], when i · 19 year old"
REDDIT50_1428,37,0,"> and you guys · · same · * on this forum aren't · we're to discuss every injustice ·, check · guidelines if you doubt · despicable aspersions on · what not · simple · the level of outrage you demand? bullshit."
REDDIT50_424,37,0,"black · not - remanufactured, at · because they use barnes · · nato loadings merely · · ·"
REDDIT50_428,37,0,> they · to watch · explode into gelatinous cubes when they · · springfield fify ^
REDDIT50_920,37,0,"> i'm not · familiar with this, got source ·? a · search · · well, here's bing · · trap ] [URL] was pretty · at the · > i · man, · is whole · ball · democrats ·, international, · panic his supreme · pick yea, different merely · · much to with it · ·, · ·, picked · man to shepard done, is now · his bully pulpit because gotten · > just · · information, it's · the · and fbi acting wholly him ·, · i've ·, this is not · · · a fbi · · ferocious · for not · him · · edgar · died the · went · to, lbj's order, bug · · > these are · · · to · · not certain about · intelligence · are very possibly his · largely ) not · the ·, head nsa ( a admiral · trump about how · · ·, trump and company then · from the nyc · · · was, to place where access · be · · · > fiscal · moneyed · · going · to re - · themselves in relationship to these ridiculous political · yea, large · · money · in · deindustrialization · heartland america, that's · · massively * nafta is * dead, unless the congress · to approve the new · certain what ·, merely still pile ·, can · · · · nightlong, they've gone · ·, · · · largely made ·, current · their · · industries the · is a · progress, merely we hold · cards, particularly with our · pretty well that · is not pressing quite difficult on · > i'm certain · * is · · for this by definition · truly merely · certain knew what was getting · · obama company · the years earlier [NUMBER]. that · drop · · · well \."
REDDIT50_987,37,0,but then they licence some of funimation.
REDDIT50_1053,38,0,my · that dismissing · to · · · lone their · incorrect to take other factors into account the · in · · is good enough to hold up to ·
REDDIT50_1059,38,0,"· including · active accounts as [ 17 · ( [URL] · ] ( [URL] · · [URL] that aside, · · people gobbling up this argument about influence based lone · · · · a factor, merely so many others that kneejerk dismissal · ·"
REDDIT50_1132,38,0,"everytime · links wikipedia · or the stupid fucking webcomic burst blood · can't you · · read in formulation do imply, instance, · suppress the · of · · as · we can · them · · keep them · by · · · · surely unwise it's · · there in the block · it's retarded to · of · · experiential · to the · society"
REDDIT50_1184,38,1,"to tag onto had a · · · at some · · · · same · [URL] the researcher took · at · · · · [URL] as · · that · · · · · as "" anonymous "" be · · · · for that · · · ·, another · used twitter a · · besides says that · basically · standard · · i'm certain what volleyball · of when he · utter · · · excessively possibly he referring · harper's ·, which truly blocked · who followed two more gg leaders? that one · · · sweden's · some retarded shit, truly that weird of ·"
REDDIT50_1186,38,0,"honestly, · · "" ·, ·, works on followers following most of the rest of · i · it, i have · design · · · a bunch of · negatives largely · arguetron ] ( [URL] which is · weakest, merely if you read down that thread of researcher categorizing "" sock · "", see that literally "" unverified and · a fucking lot that level of ·, really, that's it is truly · for way people do · general, if you're · anything "" large data "" ·, going be · that something like · exists besides five · it · that are · [URL] i really think · here is that you're · appreciating · alternatives are · bay's study · him · at · ·, · with excel · · to mark down the · he lone [NUMBER] · to sift done, merely other people look at · of ·"
REDDIT50_1326,38,1,"i read about half of that one, down defining discussing counts as · / · i · about "" · · · are known by handles ·, merely haven't read the underlying citations ·, is doublelift icefrog "" technically defined sockpuppet there's · of normies such · misunderstanding · · i · · not · how these nicknames · · person's identity than pseudonym or "" sockpuppet "" · account for merely, · i read the underlying ·, i · i am profoundly leery about ·, particularly how · the author · they · the · bot thing is besides · · merely · small total · troubled · · seems · serious · at · [URL] the · is · on · · "" · "" seen about are · bot · spam links, frequently · · tweets or wholly · · · examples that i found now · more info on · [URL] [URL] [URL] besides, [URL] [URL] i'm · is i actually think this study was absolutely fine, it's nobody fucking read it at all, · · based the last · didn't read it the · of the study took the · doing · is raving lunatic that other people want to use · ( clear, he's pretty good writer ) their own retarded hot · found him [URL] nikka · is the · "" and · · [URL] [URL] this is 100 · be a · edit holy ·, this is the most · · ever flitted from · videos · about sjws comics · at star · becoming rapper"
REDDIT50_212,38,0,"\ > · · in · like · ·? no · how she achieved rockstar ·, merely somehow she seems · a · of · ·, sociology · maybe lone · celebrated or maybe · · absolutely nothing about · research · )"
REDDIT50_245,38,0,"is great · · · ·, joan donovan of · & ·, discord, · ·. looks · i've · another one that · · the chinese discord bait: the · · when · · wasn't confirmed: > so, as we know, kavanaugh an ·: [URL] fact, · the beta · > we know · ·, · of nearest ·, is a gamergater [URL] > > besides know · have meddling · thanks to · ·, we've · to tie discord to · nationalists [URL] can trace back a lot of the most despicable memes and · communities to · of legends, which the pinnacle of community · until · · area · to chinese ones do think the meteorologic · of · ·, the gamergate influence american ·, and the usage of discord by · nationalists are just · > know who owns both discord and · of legends ·. a chinese company > > truly · russia the lone · power · to · ·? > > the great firewall of china is to keep population · · useful with lives alternatively of spending all their time · and ·, unlike foreign · devil > white nationalists and gamergaters who are deeply plugged into these alternative · · know very · so obsessed white · > ·, a bunch of them are anime - watching neets and weeaboos who are actively the · of · and · · down and glorified by chinese cartoons > master · to · a · surplus their country, · young men to · public universities to crowd out and · · leeching · · they'll · · and · a · · of · - chinese families they're hoping to · without · a · ·! > > will rest every man, woman, and child fears discord as the · to the alt - · · has lone · the white · to the russians, merely besides to · the · · over to the chinese."
REDDIT50_408,38,0,"·? i'm · about this thread being dedicated "" argue about kia · and · "" thread if / · · · reason brigade this thread, be thoroughly ·"
REDDIT50_951,38,0,"· "" · "" as in "" public · the · drama · · "", in the sense that · lost you seem to be taking my jokes · excessively seriously, so apologize for my · · under the hashtag ·, but in my · "" you know i to do it to · "", my radical centrism · to · · don't · it ·: [HANDLE]: hi, thanks for upload, it was · · frequently shallow · it, entertainment ) as · ·, frequently comment · detailed · that rebut the · projections an agenda carrying · as yours, so · the · and sensitivity you carry towards · hubris confidence and · exacting intellectual ·, give you my · 25 % · effort: > ·, you claw · some · yet you fail to · as it is · to fail, strategy of tying character · to ineluctable group · · and the logic that extends · that · · "" · social · "" than to misread ( conflate with · · narrative for clicks · in · ·, as you seem to · the · · bokhari · sense that · · in · the tweetstorm bokhari was delegitimised the · media for being · · · · but · he · the connotations · sending · · the request for comment is used to · the · · crusades that · · libs but it besides is the heart a rash · unlimited cravenly unstable tribe of · ·, so it a · · · · all mankind so the request for comment is merely a conduit · · · · governance > · · point · interest to you stitch but this one ' · · - [NUMBER] · · to the · · that he is in · · the excuse for that hostility is expressed as · to being a · · · as man not on · the · and · the ' radical centrism' · of equals on the gamergate side let · leave aside the · masses are as · dressing as · · that · · in propositions · due to apparent lack · and · or no public speaking · > the underlying theme you propose · is that this was a meeting · the imposition corporate · is · away google, thus they do seek to vilify a rational expression of the social construct that belittles, estranges strips journalists · of the dignity consecutive · · · · persons the means to accrue it done productive · > is a quick easy · · · bokhari as · ·, dismiss the case as word salad as a ' · in case involves · · the dismissal · case as ' · spin' as you do in case you apply meme to · popular low · · · clicks ) with that · · nature > ·, i contend herein you are · in the debate to · understanding you are in the · to apply some · to the injury to your · identity's · possibly it is better · as try to put slave · in · as you chew the cud as to how a journalist is · or deceptive for raising · about · · certain tech types · to · · thought action in · at · ﻿ · that ·, profoundly · by what you mean precisely "" · "" my · · is that all should send more · to the · ·, i have · · that you used to loath to · · · · ) were surprised that researchers or journos would · to randos · · ) to agree bokhari that you should send more emails, · · the fact that you did, is · · the · takeaway from my assorted posts on this topic is that · - · degenerate and that know it i was wholly · on the edge my seat for the · that you faced bokhari, after his · · · that cryptically left · · no reason he merely tagged you in, · to · up the · that · notch the · that you read as "" · suckered "" are chiefly me · on bokhari, · pings, · mentions, finally a · comment regretful, but not in my nature to leave a · "" hey, someone's · shit "" · alternatively ramp it · · · coarse · to convey that simple message for those in the ·, the "" · "" · is: > am · difficult · · posting this, wholly · that he's presently at the · a bubbling controversy with allum · a · as · as · is stiched into my · as i · · and unaware sitch posting this as he's · · on twitter [URL] on reddit: [URL] am nothing · of euphoric with ·, · · as imagine he realizes that at the · he mocked others for 20 minute drama · videos, he · · his · internet drama in words, am radical centrism · throw everyone under the · your worst ·, ·, ·. · delicious and destructive ·, where everyone is wrong · · it from · · truly captures · a piece of shit know i am, gives the · a · "" · "" ·, and yet · · to · and · the · about to · my final point is this: you did · the · · · ·, · to that i now to be more · about what i · about this shit, · been more · to look into than googleshit · covered · of other · · read · or · · to, so was counting on you to basically the · · my · on googleshit gotta do my own · diligence, and · be complete waste of time, because i'm · going to · up with "" ·, the · discussion of what this document is and does is merely incorrect this is a relatively · · describing what has happened why, doesn't reach discussion of what · should · should do next much later ] ( [URL] which · straight repeated out of mouth in other ·, any · of hostility you detect me · simple shitposting is combination "" gotta do more work "" and "" you were the · one! you were supposed to · balance to the ·, destroy it! "" ·: as · · invites controversy at every turn [URL] · feeling "" why you booing me, right! "" but think · to to deal the fact that here to throw popcorn · visit · anymore, so it · the · is excessively strong."
REDDIT50_983,38,0,"·, know · online what · ·, · ·, is that much of the · by pro · has · in focusing / negative · tweets that were · and · as russian trolls and that this is of about [NUMBER] · analyzed "" tweets own digging has · on that angle excessively, and this linked · besides focuses on the russian trolls angle, the · other journos were · · other · that would · and comment an · · · the · · is · at, or · why the methodology · is · we point the journos who reported the · wrong, merely · ourselves in · the · that · the angle you pointed out is · · · that · whether · · · the tweets · gg and · - gg · to, obvious that · · be gleaned from the · about "" ·, this is why you don't · tweets in this manner and · them in complete · wholly · "", merely · of that be · civilly the the author compared how · of us · a · shill for · on muh russian hackers? who's going to just all the · · on hand? know maybe this dude has literally never ever the bad side of · and · · casual observations that super · · like me or the · of this piece: > just · the platform ·, in my · · people in twitter is · · and · "" someone is a method of · · used trolls who get · knowing that you get notification of message the average twitter user · · like don't · star ·, the · troll tweets [HANDLE] you ruined my childhood you overrated · "" · be · embarassing to see him get wholly and · · us and degenerately · · of our ·, merely i · · · · of idiots who can't ·, merely have · · a · opinion · the misguided · ·. · · it, the "" know you're gay is besides · · · anyone who has actually · it i catch that once i saw that he taking · · to · a person's · online ·, was lone skimming @ handles basically illiterate · finding · that angle proved · with lone a couple · of ·"
REDDIT50_154,39,0,"i · the lone "" right - wing "" thing the nazis was nationalism · traditionally been right - wing the · · is · pretty · to modern day socdem platforms"
REDDIT50_158,39,0,thank you for your · and · thought out · conversation
REDDIT50_160,39,0,· · · right · of · many · 2 · · communists communists are religious zealots and · no · nazis dissented · · to look in the · erstwhile · awareness a good thing
REDDIT50_316,39,0,"> · of · · then you proceed · · how that works > in 40 years moving amongst feminists · · · · · · the · of · ·, · the · is default · "" and · that · believe equality between men and women this does mean this is truth however · · · frequently believe · that · · · · between men and women · that apparently spent · moving through this world and · · that makes · for you"
REDDIT50_690,39,0,the · is lone slightly · if · marx's behind thanks for revealing where you stand
REDDIT50_717,39,0,"it was get · "" for a · · then · conditioning · · · and anyone who cares is a crazy ·"
REDDIT50_768,39,0,"no they have the support of the ·, which has been · over the course of a · · the lone · in the land"
REDDIT50_769,39,0,the · · intertwined the · academia as · they are · the most powerful · force in this country have since about the · the second world ·
REDDIT50_1016,4,1,with the trump · did · go full retard over · · games a months back?
REDDIT50_1075,4,0,betting this is the · · · · there · that mass · frequently · on facebook twitter
REDDIT50_1081,4,0,· · to this sjws losing their · over this article [URL]
REDDIT50_1188,4,0,> certain what volleyball was · of he said · fuckton of · positives excessively · was reference to · someone else was · the software ( · check software ) on · therefore why was · question
REDDIT50_1732,4,0,"comparing · ·, a · · a · the same thing yaknow, · has a social media team, · and well · of imc's · bomber moment was · the · · for and sending dms to yell about it · with some stupid shit that seemed like half the internet was · about the · )"
REDDIT50_211,4,0,thanks man saved for future reference
REDDIT50_371,4,0,"i · that cheaters · games suck, merely does · anyone else that private · is · to do the > the publisher of video · · theft · v has been granted the right to · the homes of five people accused of making cheat software > the court · · · · and its · ·, · - · synergistic, to · · · melbourne, ·, for evidence · to a cheat known as infamous > the australian federal court has also frozen the assets of the five, who have not yet filed ·"
REDDIT50_40,4,0,the hell was the content on those specific charity · anyhow · watched them.
REDDIT50_498,4,0,"> · refuses identify as “ · - · ” a decentralized far - · · · white ·, merely the language and political · in · · reflect · - right · > for one · break ’ · · that · s critics are all “ ·, ” alt - right · · the far - · ’ s · they are lifeless · · there are several other · · the video · excessively “ wrongthink ” normally · about to portray · · spaces cults people think the “ · way ” are punished and there s “ no bad · lone bad · ” catch - all phrase · gamergate supporters to · online · deranged harassers · “ · ” with concern for collateral · where the · of · · · · no · ·, lone bad targets' literally moviebob · - pretty · · of alinsky · 13"
REDDIT50_700,4,1,yah i just don't buy · trying to redpill · · while · fps. · · shouting ' nigger' certain merely that's · if · to find nazis internet precisely hiding · truly · fetched edit: anyhow if someone is trying · truly · · their kids · on · can't · companies that.
REDDIT50_705,4,0,"yea, watch people who are unfamiliar gaming suck this right up · the · · with · · followed by calls ban all the ·"
REDDIT50_785,4,0,· parents got · the · is · troll this is decidedly one of · it · · besides he doxed bunch of · and let us · the · it excessively [URL]
REDDIT50_790,4,0,"apparently got · to snark at one of our resident ·, merely nothing · · · [URL]"
REDDIT50_980,4,0,should we ask wants to · to talk
REDDIT50_1009,40,0,"· · they all showed to · contained this lovely bit: · · pissed and threw · and · their institutionalized · · · ·, merely finally · · with it, little possible, because they and · · · on the way to the ruination of american ·: these non · non - dudes they · to hire · adding value * i'm certain they'll · into this community just · · · * *"
REDDIT50_1010,40,0,"yea, · the lone weapon you have "" politely ask them to stop "" and your gate made · the words * please practice good reddiquite * written on"
REDDIT50_110,40,0,"don't feel special west does this shit all the time now every time a right wing · gains ·, john · · and entire western · follows with."
REDDIT50_113,40,0,"· democrats repeatedly get · false statistics outdated · · "" largely · "" with bullshit like "" unconventional · the data "" or "" not by official · "", while · gets his count · with "" pants on · "" given for demonstrable bullshit like "" · · merely like the implication of · "" snarky asides like "" · millions "" · · · ·, "" · girls · "" for any claim · · fight etc · plus, · is barely neutral · on · street or any it's · by the · bay · not lone · ·, merely · huge amounts · to her florida campaign."
REDDIT50_1257,40,0,how does a · account fuck up a whole ·?
REDDIT50_1434,40,0,it would also be more credible if it wasn't coming people who throw ferocious · if · immediately ·
REDDIT50_1514,40,0,smart people are frequently sad · people pay money to be sad must be * really * smart!
REDDIT50_310,40,0,viewership already fell done floor once real politics got more exciting.
REDDIT50_407,40,0,"> if people like the ·, they a designated · · happens the mob that · the · · follows them"
REDDIT50_463,40,0,"i mean, i do have · way · ·, but it's · · style · a · called * one angry gamer *."
REDDIT50_499,40,0,"> then s “ no · · lone · ·, · phrase used gamergate · to portray · · · harassers · targets no concern for collateral damage lol the · they don't sum up fairly accurately it's the fucking saul alinsky · wholly ·"
REDDIT50_603,40,0,"i don't · gonzalez was involved with ·, actually she did bully him, though."
REDDIT50_716,40,0,"nah the · west's · · · wasn't "" · the fuck out "", it "" who wants · """
REDDIT50_940,40,0,this a · · dips · · the carlson · people who don't · it.
REDDIT50_1114,41,1,find large dude that · · teach him some · many · and · he an · · give ballin' · that ain't retarded give some · demand · bat done
REDDIT50_1118,41,0,this thread makes a · · and needs proof support said · flagged ·.
REDDIT50_1219,41,1,· ·
REDDIT50_1319,41,0,· · widow she went to journalism · all ·
REDDIT50_302,41,0,"> you · of free markets libertarianism don't think of some heavenly · alternatively, · of negan · · · is · of a · ·: rule through · and terror, alternatively of rule of · · way to tell someone has no idea what libertarianism actually begin to · the · that we need to empower people to · · lest · continue to ·"
REDDIT50_405,41,0,one of the best parts of you stepping is · · gets take off the power ring and post.
REDDIT50_607,41,0,going by his logic: ·
REDDIT50_989,41,0,no.
REDDIT50_1602,42,0,"this is incredibly · patriotism, the last refuge the scoundrel, is a positive trait pro family, · - · · those · to you, possibly, merely not everyone it's not "" rights to · · · conservative, and · values as progressive you're · the feminists pigeonhole us right · · please · · the feminists."
REDDIT50_1699,42,0,feminists believe that · · accusers will somehow make actual victims less · to · a · · district · are elected officials · upset the feminists.
REDDIT50_1721,42,0,"woman goes war against · · woman 2 goes · · · woman 3 goes to war · 4 · woman 4 · war woman loses · 5 goes · against · · · 6 · war against · · women 7 10 · to war · they all · many · is women? what ·? do you · me simplify it · · · what you merely your · of · · the · · this · · now are going · to ignore the · · · · your · defective · course · didn't · embarrassed by your own · have to double down · · · ·, dumb cunt don't ·."
REDDIT50_1727,42,0,"you expect me to · semi literate · to · are trying to ask · to · · pop · when didn't answer any of ·? · · a question with a ·, and i'm the · · to · your question nope not · it · · dismantled feeble · even trying to · a · · hapless"
REDDIT50_185,42,0,"mean ·, · · as two years ago everything she did with · ·, until she jumped on the me excessively "" ·, · the power imbalance excessively great for it to truly ·? who the most powerful man in the · · ·? the · · · the planet? if he want · suck him? should give up blowjobs for 8 years, or until a · attains · of sufficient power, so 8 years? why men even strive for power, except for the blowjobs? · sentence · ·?"
REDDIT50_186,42,1,this · twox you stupid cunt a rape allegation about here · · · much · the · · that · the · cuck
REDDIT50_236,42,1,"it's amazing how · · · · themselves to, don't realize they saying trp advises · · and this cunt is justifying being · whore saying her man · women no · a red - · view world want men be on it · · · is · back the · men would otherwise · it · · trick."
REDDIT50_49,42,1,"is a pussy pass · is rich · - connected cunt pass denied presumably · · to cuntiness any · politically connected man · be this cunty similar situation and many the lone difference · is man · to peddle · · his · from the · his actions would have · to · you let the cops what feel · then · it all · away · · · doors · · w bush and dwis, · possession and · · from the · · what ·, · · · ·? point precisely"
REDDIT50_631,42,1,""" · "" · · "" faggot "" · of · · for ·, · year, guys · it anyhow used in the way · shame · matter it's · it · to · argument you one · ·"
REDDIT50_662,42,0,"a man · that picture do you think would've a benevolent · towards whole ·? maybe maybe not it · i think evidence of a pussypass? a christian · · story because it's uplifting · a · guy, hopes · picture a thief he just · his truck back it's not a pussypass i know how · you want it to be, but it just"
REDDIT50_853,42,1,encountered this mongoloid earlier it sounds like complete · because · · · lobe he's · fucking dense; it's · taught · to · · · news ironically · · · · · he's retarded.
REDDIT50_855,42,1,"see, this is talking about you're as black as corky · · *, and half as smart your · is a low amplitude · wave you are nearly dumb enough to be a · voter, merely a · blow i some faith in your · ·"
REDDIT50_1121,43,0,"as gay ·, lone · homosexuality "" people prefer fucking people own sex "" it not · · or the influence · · · to, · * opinion · · · gay people"
REDDIT50_1212,43,0,"agree the sentiment · "" not all men are · "" makes the · saying an asshole? not all men are · pal and * you * are an asshole for · ·"
REDDIT50_1213,43,0,"> though it is pretty · thing to do to look for validation · activists are you under the · activists · bullshit · "" all men are assholes "" · * any * ·? · ·, calling icky people "" activists "" is a · to · activists > you should · what the people the · above said said that in · of ·. about if you thought saying "" what the · says is not what it says "" frequently ·, · is going to start believing you and · what you wanted to · is that how you got · regretful ·, you need · chamber · is · the thing for the · to · looking like the truth so it is not · · in but you're welcome to keep trying, please do tell me what "" the only kind of · who says ' not all men are is · "" means. according to * you * ·, do keep trying to · one, · your · is pretty ·"
REDDIT50_1383,43,0,"> · like a · · ·, · · get silenced your echo chamber of choice? · why thought would work ·, everything you · · a · of · > must hurt bad that men aren't · · · on · a predominantly male company i don't really give a shit merely · clearly · * and ·? die huffy about · when has this not been a projection? i · · hiring not gamers was ·? was point of this sentence? particularly for a · · of subjectively hiring · · on how large of a · go on i · to · how you rationalize it."
REDDIT50_1384,43,0,"> worked up · tagging you you can't make this stuff up although normally expect it ·, ·"
REDDIT50_1569,43,0,"you know · "" · "" means which dry · that · your · at everyone in this post"
REDDIT50_736,43,0,"forgot · · and · opens with two · guys talking · shocked more outrage that. eh, certain there was i ·."
REDDIT50_1389,44,0,dressing up. · · · ht me that back aat the house.
REDDIT50_1473,44,0,i like this new way of · vegetable lasagna
REDDIT50_1567,44,0,this · frito lays bitches.
REDDIT50_1676,44,0,and thunder rolls.
REDDIT50_1678,44,0,· · strikes!
REDDIT50_1680,44,1,"· · tough, coward bully faggot."
REDDIT50_1682,44,1,·. off. faggot it ·. trans · ·
REDDIT50_1787,44,1,· used to always · them off broom [URL] ·: · house nigger joke · · 2 have some · · em
REDDIT50_219,44,0,be gay with me or i will murder school bus.
REDDIT50_285,44,0,lone · your · · right · politics maybe if did ·.
REDDIT50_305,44,0,you did miss it we did hot webcam show about it · dick.
REDDIT50_306,44,1,"· report for being ·, coarse or · · change, faggot who · me to myself."
REDDIT50_558,44,1,spud nigger *;
REDDIT50_615,44,0,if toronto i will steal your bf.
REDDIT50_616,44,0,drag · *
REDDIT50_952,44,0,just make all those angry white people · problem ·
REDDIT50_1201,45,0,kick
REDDIT50_1433,45,0,"stopped · · done run · back · the · · he had · · · · reigned moffatt he started being more more retarded the apex moffatt ideological sperg was the · of · the · i saw · new showrunner i was willing · chance i regret · · just · moffat at his worst that's ·, when · and told no moffat had · of the · episodes · merely a · · · ·, · overshadowed · and · i miss · ·"
REDDIT50_262,45,1,i see these retards spout · · that much it · ·
REDDIT50_528,45,1,like · help coming with new retardation
REDDIT50_588,45,0,"· to be projecting like hardcore anti gay · of · "" all men want · women "" translates to "" · about raping every woman · so every man must · the same "" · · "" faggots want destroy · · "" · by the · ·, off fucking raul · boy dreading · · divorcing."
REDDIT50_737,45,0,"take it ·, this page · · the perfect chan trolling · it would be so · to · to · · even pedestrian piquant · imagine what · when habanero piquant memes ·"
REDDIT50_105,46,1,· · guy to balance · out these retards view representation like pokemon · · · that they cream · · · · even - - · · identity · rare pokemon appears!
REDDIT50_1055,46,1,’ re · · he didn ’ t · direction the relevant variables · · obviously given discriminatory · · - in · s how · bans and quarantines · you ’ making an · reductive · s retarded.
REDDIT50_1462,46,0,you want to lecture conversative · ·
REDDIT50_223,46,0,i saying that · lost the · · · and are no · · to define racism as an exclusively white and · ·.
REDDIT50_227,46,0,s nit difficult that · to wholly · definition inside the last few years lol
REDDIT50_312,46,0,"· hr regarding the · · the · the united states · i don ’ t buy into the · · that · any power imbalance any · as coercion, merely · the fuck on."
REDDIT50_336,46,0,"i · americans, namely ·, · · · a whole becoming · · lone relative lefties · the table that · · the · becoming · · · · relativist retard, leftist are"
REDDIT50_35,46,0,"and · the · pivoted identify · · vector · · again, · the rebrand the same fucking people · the same equalist bullshit · to destroy the same targets."
REDDIT50_36,46,1,if the same fucking people you'd compelling point this pivot · the course of centuries it lone a · of · and the same people still driving the ·
REDDIT50_37,46,0,"> over · of decades same · we're · the ·, about someone like late 30 · a person · · nether marxist · it's · trace these academic · most of these dummies · · · > there's · · about excessively · same people well or do you never probe an · for economic · whole · of democrats · · · being republicans mean the gop truly · people · · doesn't · group with awful · two · · · identity politics that · from · theory were a · · · about wholly populated leaders, · and · of progenitor · movement"
REDDIT50_446,46,0,"one perverting language in a hapless · bend · in · a space free those who would make it "" safe "" a "" safe space "" for people who don't · "" safe · "" - a wholly · type of space."
REDDIT50_452,46,0,"you know what's · a · justice retard know · minority · 10 % the population enough to · most of the · shops · · our · is · · minuscule Jewish · · that 5 of · is · to · revolution · · our · · being · altered insane · of · · · · reveal to approximately 8 % of population so no gamers · own right · in hopes effecting desired · · manbaby · · from one intolerant · to · can see why you would seek · our · · · contrary to, and we · · · more · than you guys extra · · gamers · · · histrionic · anti - · meltdown. ·"
REDDIT50_657,46,1,"100 agree art be political * * · · an impossible leftist twat with · · · media is / 7 · · merely he's damn · · i · · at his · even service · · · ·? · truly · drive · · a better · of actually · · with enough ·, · would become · - then their ideas · · of · if they talented, resentful · they are"
REDDIT50_765,46,0,a · metaphor · over yourself
REDDIT50_766,46,1,"· "" broken tense appropriation of · · besides, · what retarded people ·"
REDDIT50_873,46,0,"· · an obvious case, merely · isn · ball i ’ · ’ re getting a · of money the likes soros to · · out · · · the · ’ so fucking important that · keep the house lone way we · · this issue addressed."
REDDIT50_1171,47,0,bob for the ·
REDDIT50_1234,47,0,"we get a lot concern trolls ppd is difficult to understand · for some some ass · · sensitive bitches get their · · · so · · getting · like queens all of · · are · · like men and · "" and · it open ·"
REDDIT50_1235,47,0,"· understand didnt think you were bitching · hate. i · with you in fact, i would · · and gluey · well written · from you detailing what constitutes ppd as · as calling the · concern trolls you expand on precisely what you are talking and · gluey it"
REDDIT50_1369,47,1,altruism is making you retarded
REDDIT50_1386,47,1,we're right here she is · · · pass be obnoxious twat in public · · shuts shit · shit if ·
REDDIT50_1436,47,1,ppd · have been retarded that day
REDDIT50_1468,47,0,· lone upvoting because didn't the balls say · · with you piggy back his · like little pussy.
REDDIT50_1500,47,1,"lie · no · membership sub was · down · and donald insults truly lost their · they · · · therefore, · some · · · being · twat replace that dogs cunt you call · · again"
REDDIT50_1578,47,1,"this · · · truly getting difficult not difficult, people men are · 100 · more · men receive percent higher · than women for · same crime ( [URL] · know this · · society · to use pass and got shut down 9 10 whenever · ·, the pussy · · · · women are fantastic effect "" how many · · · · · their · · with? particularly with a criminal record oh, merely · fantastic, she · · be a felon patrick the · ·, yea decidedly a · thats a fuckn · · · · stop screaming misogyny "" at every turn it's excessively · · · · sake creative · incels · hating "" · · punished "" all just losing their steam · is · · ·, bullshit so we · · the bar · we · · arent some · over sub · your · get creative and quit being · · · besides · · a master · amongst · [HANDLE] near · i · our · · · of the greatest flair this · blue - hairy, male tears drinking · deserves · gets smack the ass yours · and · boggy · the · need you to · this fuckn cunt how · · dont · dont ban fun"
REDDIT50_1710,47,0,more than normal soon as i · pc ·
REDDIT50_1776,47,0,yes yes he is
REDDIT50_189,47,0,"certain we dont · · if you dont like it, · · edit · here in ppd we strive for professionalism and take · highly · · fill the · · out and send our mod · thank you for your time [URL]"
REDDIT50_194,47,0,"this video absolutely · though, am certain it · · first · admit that "" · are · excessively. "" · doubt she believes such after witnessing her hysterical · ·, · · · the approval, · say this though, · · absolutely demolishes this ultra delicate, · ball ·, servile authoritarian crybully 12 · to enjoy her takedown the, i · you · · minutes · up her smugness ( "" the ·, this man does know · kavanaugh! "" arrogance the · that she think shes in know · · down so · he unleashes · · to her wide eyes awed · "" do you · what · "" he says right earlier · down the · holies on her ass · hope she becomes celebrated · shit say what you the guy, climate · · all that, merely reduces her pathetic ass to tears · his voice and lone · talking · · was an · · there is · of · · and · · · nobody is · to counter, so what do they do after · their jaws · they say shit like "" · no "" · for · police obviously · · there was decidedly · murder · gawd · · through these mush minds viciously that school had to · apology tweet virtue · their disgust crowder the following · where they had to · · · · · [URL]"
REDDIT50_490,47,0,"> critical thought its ·, · one who earned ·, npc."
REDDIT50_552,47,0,a · · · · lift weights coworkers talk about how impossible it is to · · · · i year old just · · year · - · shes adorable have a · · ten years i · in the military for 14 years i besides · support · there sane · of i · · · that you i would · · · a · · friend
REDDIT50_590,47,0,· ·. looks like ive got stalker.
REDDIT50_625,47,0,ohh ·. you realize your own · will be banning you for commenting here ·?
REDDIT50_731,47,0,"anyone who attempts to argue · gap ( · to call it a · · isn't ), due to sexism and ·, · to use their sex as · · it · form of ppd shit · · of actual · · and ·."
REDDIT50_732,47,0,"the fact that merely · behind some · · · · · of · quite telling · have agenda or are willingly · · · on the surface which · that · truly · your · at it · pay men and women · wages are the same their earnings are not they are not · you · · they · · wholly different · earnings · variable · ·, ·, ·, ·, etc men work more than women men choose · paying careers women · to · that · pay · the · variables such as free will and choice are accounted, the · · in ·, · perpetuating · unserviceable, worthless peice of · so push · woman narrative at · · me this · · anything ive said women got · less than men, why arent men out of their ·, · women why are men hired all its · ·, pay only as much worth, and bullshit ·, women are only · percent of men thats a lot of · these · · · · that retard"
REDDIT50_733,47,0,"possibly picture help drive this home [URL] you ·, the · like for like gender pay · in the · just 0 8 %, which lot · the % 23 · feminists · claiming the · · figure for the · covered in this study. % personally my · is · remaining · is · to · taking more · · · · on · · do to my knowledge, lone been a · studies · on this topic both find that · · · · · earlier they had kids ), merely the size of the · varied · lot more · is needed vacation · one · choices accounted for in this study so it · contribute · · [URL]"
REDDIT50_750,47,1,she's a · time mother tried use · the lone · needing · dogs cunt you · brain.
REDDIT50_772,47,0,amazing can · · · you can dig up what · qualifications count rape becausd last time touching someones shoulder giving · a · not · sexual assault rape is precisely what · fallacious polls are based of
REDDIT50_861,47,0,"yea and yet nobody is taking you seriously it's becasue you lack any creative, · · insult you just · incels · to · · and · · · · in · ad homs and · · hapless"
REDDIT50_863,47,0,she said she would · · fuck up possibly wasn't for would ·.
REDDIT50_967,47,1,"· · · is in full · · · certain its fetish at · be original, cunt"
REDDIT50_974,47,0,you wanna · how you can make ·
REDDIT50_976,47,0,what are you talking about i ·?
REDDIT50_977,47,0,· holy shit months are you sure you dont want to go back 6 ·? · have · · bro you are one fucking unhealthy ·
REDDIT50_978,47,0,"lol · is · fuck months was amazing · no ·, being · · · · some · ass shit · out of your ass enjoy your flair, cowboy"
REDDIT50_99,47,0,i dont think anyones your ·.
REDDIT50_1099,48,0,imagine · · · first ·. black · shooting glocks at you second · bigheaded black woman · · you caught her speeding · response · · · · · ·. ·
REDDIT50_1120,48,0,hey when your female politicians start letting in hordes violent men to your hometown and play dumb when they · your · · stab you in ·. then maybe give a fuck merely marriage pressures ·.
REDDIT50_1241,48,0,you could · · taxes merely you own · the · i don't think you · · country's elections
REDDIT50_1242,48,0,"just retarded, finally there · · · · "" · · generations, there will · be · and · the us has · * of acres no ·, vote · 200 b from the · vote voting · "" you're · · · · the operation · · · · work · · · this is america * initially not · every damn · vote · 200 b alternatively if · · into the system · to · that money · used because that makes the · · · bro dream aka dream ) happens if the · · · federal · lost your vote what happens if your state · · state taxes you lost your vote what · if your local · abolishes local taxes lost your vote what happens if your state · lone · women · female control · if your state decides to lone · state · · x · · power · what · into the system "" is · & · 200 · * voting power · · is the future. *"
REDDIT50_1302,48,0,"read "" · the black kids angry """
REDDIT50_1304,48,0,"dude if you're still shocked, go ask girls you know in · · handles and see they're posting i'm ·."
REDDIT50_1661,48,1,"· the feeling when out · · · truly · · and · · from · · in your · was dense merely · rather · · with because · truly "" leveled "" in · · that · · and · their · by saying · embarrassingly retarded in · smart · yeahh is ·."
REDDIT50_1230,49,1,you dense unreflective · never have an answer basic question wholly · your retarded ideas i · hate always · · · victim of some · · · we · · things like · · has already · other · ·
REDDIT50_1517,49,0,"· · a years ago, a bunch of · · a · black kid and · of · a day in · · · are · a · of ·, · offenders"
REDDIT50_1518,49,1,"? the · · · black victim the · were white, · the · any time · you · feeding retards are pretending all · get · · sentences for crimes are you legitimately retarded?"
REDDIT50_1647,49,0,"it's ·, though trump did help a rapist stay of prison · nypd · a bunch of random · and a puerto rican · in prison for decades · · like a dozen · · park rape, and · brains out trump was besides accused of raping a 13 year old girl * · · women vote for trump"
REDDIT50_1650,49,0,"majority of women that · · that · set on · · stay of women on numerous ·, himself, · of · it's egotistic, · train of thought."
REDDIT50_1684,49,1,pulled twice gave · · still · · · · as ' crazy cunt. '
REDDIT50_1780,49,1,i · how · think you any · post in every · receive im · of how retarded redditors
REDDIT50_28,49,0,> merely · to anger · · · · · it · the · · of · are using? nobody ever supported these useless · gone · overboard.
REDDIT50_29,49,1,"blm · for these guys? where? · marched for white guys that killed by retard cucks on government · earlier, as · · for · · which drugs are you ·, precisely? no · · t reality last · · · u. s was los angeles, and the reason it · koreans · · · · · · · shot the · the head, * · by · * yet fucking * bottom feeding · · * like · it was of · · it's the · g · said · is religion · "" · you fucking * dickhead * saudi · · america's · · they're the · proliferate · which is every terrorist · follows, · pretends to be fighting, while · up ·? iraq syria · iran wow · · · muslim · wholly antithetic · and · · · whoops sounds like · cuck probably because you realize · second · · · excessively"
REDDIT50_526,49,0,* · · · · not being · · · · · of retarded
REDDIT50_111,5,0,trump · · · kim · un merely i · he advocated for the · · in · · some · things that · · pro political violence i don't · · is a fascist or dictator think · soundbites really useful · · · is ·
REDDIT50_1208,5,0,"yea that · ended because it is · · principle, would think it a good thing for convicted · work for reparation to their victims and ·"
REDDIT50_130,5,0,·
REDDIT50_1364,5,0,"guess i'm a bubble or "" disbelieving · "" are all mutes"
REDDIT50_153,5,0,· is · of · · try to · · they socialists · · right · if · · some kind of · · historical bad · shit · responsible for right wingers of · way left responsible for robespierre
REDDIT50_163,5,0,· argue nazis aren't · · · easily · the fucking conservatives · up with them · the goalposts dense · and don't · to · with you on · · why i ·.
REDDIT50_345,5,0,""" · · · it · the · amendment protect from consequences "" later "" need · · down this man · in · · · · · "" this is a shock · predicted this development"
REDDIT50_349,5,1,he's balmy fuck · merely god · best · we have of · done all · · · · prevents left from · · · people · · possibly · thing go in · · · · up done · org trick these retards into ·
REDDIT50_392,5,0,"you can't play a woman single · then these guys should bring up the · · · revolver had missions where you played · and a black man · be much · i wasn't · enough · · """
REDDIT50_551,5,1,with these retards unironically · · ·
REDDIT50_693,5,0,· a awful · to · you need to be concise if · to · your effect.
REDDIT50_701,5,0,"as i saw · · ·, i realized · the new ·."
REDDIT50_1067,6,0,i · · whoosh merely i fear even that will go over head.
REDDIT50_1137,6,0,· · ( · how · not banned there yet ) that they tore him new asshole before mods deleted the · it's rare that they do that merely · me was like having a · in · that ·.
REDDIT50_1169,6,1,you ignorant cunt trying to brainwash people believing you · · precisely like
REDDIT50_1172,6,0,oh. downvotes on ppd. any following banned from twox ·
REDDIT50_1305,6,1,i · i am in a · · trolled on twox calling op retarded while · · · her the · got · 12 golds i · · i · · calling out a mod on · · · it baffles me i can call them retarded in · merely · · mod retarded got · · · at their idiocy if had braincells to · it.
REDDIT50_1337,6,1,> · · · · with a · · you · as you · · are you retarded as well as ·?
REDDIT50_1592,6,0,"> · as · is age of consent and is aware of what they are · i don't particularly mind she is · it matter · of ·, she had · him it statitory · are · with rape he · ·"
REDDIT50_1594,6,0,> i'm ok with rape please die ·
REDDIT50_1273,7,0,> you have like or · of · queerly enough ralph's · banned on kia for quite some · · · was · dancing a girl walked in front of a train this is still bullshit for yt ·
REDDIT50_1274,7,0,"banned pulling · ·, · "" · of crazy? · misremembering merely was a lot of years back one of his · · · · a gg girl who walked front of a · purpose, and he · up that contributor's · · he'd · the · of · journalism to put it nicely ) · was the last straw · though, been few years"
REDDIT50_1390,7,1,"whites should get ·, and gamers should be enslaved and · > > > t get · words, subhuman oh look, · violent, bigoted regressive leftist a · ·, dear mom should be by to pick you from communist larp a couple hours now get out and stay"
REDDIT50_1499,7,1,> full retard response · what · are · about
REDDIT50_1698,7,0,"con · joel best gaifu "" · · )"
REDDIT50_172,7,0,> a · ceasing service to customer violating their · of use an · to free ·? · companies · · actively · to collude against · · or not · · while an · · practice: company · to · a · an affront to free markets? the difference?
REDDIT50_266,7,0,"right? it's not like youtube · have · of censoring ·, · · they don't like, and · agendas oh, and let's not · wholly screwing the · ·, to · · privacy · that · · · to be retrieved by apps why would they · · · people *? that's sarcasm, way"
REDDIT50_679,7,0,"it's not so · die a · "" as oh · retarded."
REDDIT50_746,7,0,"i · · a warning. like don't overuse · something i. · can't · if serious or just playing about, so · he comments here be certain · him a stern warning"
REDDIT50_1074,8,0,·
REDDIT50_1515,8,1,"certain · strange, according to national news minorities don't commit crimes hell even · · where · chick about beat than 92 year mexican to death, · lone · was black because · and not once mention a · ·, ·, ·"
REDDIT50_838,8,0,having a sex with a · · · a pedophile no she rape her.
REDDIT50_879,8,0,"dumb chick, · the jury also we be · the · anyhow, · how she was found the girlfriend · covetous"
REDDIT50_881,8,0,"lone · are uniquely snowflakes and immature · ·, mostly every other · about · · a absolutely legal · besides · · to do with fact prostituting himself out · his back for minimum · at mcdonald's merely · · his cock sucked for a ·"
REDDIT50_884,8,0,"got so following · · out 16 yo ( following · ) and she wants drink with · i should ·! and later if she wants bump of · should ·! all she is suck · · you, she's allowed to partake · · that she wants if person she dating is aged lol what a · · are ·, · · any · · nether"
REDDIT50_885,8,0,i don't · out they hang out and · me quit hating because think men should only date used middle · spinsters and women should only date broke dicks working
REDDIT50_1122,9,0,"ah merely your definition of homosexuality is, to · people, an opinion * even though your definition is a · paraphrasing of the literal definition of ·. find regressives who argue that it's wrong that's so hard to argue with regressives. · · ·"
REDDIT50_1226,9,0,yea and are some deaf people who permit their · to · the · to hear would lead death of deaf culture in words some cunts are · · · who · · typo
REDDIT50_1481,9,1,· please author · not · · you fucking twat honestly. · · · · the · merely honestly · that the entire · of · of rational thought be · of · for · ·
REDDIT50_1677,9,0,you sure wasn't bruce · out a more iq points?
REDDIT50_324,9,0,"· the · [HANDLE] the · is the person who wrote the thing the op posted for us · it does · confusing though, given we efficaciously have two · · · edit ·"
REDDIT50_370,9,0,"matter how many · · you make · rape, author, nobody sane believes you"
REDDIT50_5,9,0,that · be · if we have example of whole · the us · blindly screaming for the head man · · · undependable · about · 35 · · which · · · begin to corroborate · her witnesses a chilling time for men because fuckwits like the ·
REDDIT50_545,9,0,· yes. you can see [URL] · discretion recommended.
REDDIT50_547,9,0,· it's gonna take hours to · that image out of my mind! gross!
REDDIT50_619,9,1,· ·? absolutely! · the. ·.
REDDIT50_666,9,0,"started replying · whole mixed · thing, merely i've never · at that let's face it if someone snowflake enough that they get ego dented by · case ·, then surprising that they are stupid enough to · that · · and classist either way. they are probably beyond ·."
REDDIT50_667,9,0,"surprising really known brilliant scientists who were, · the day, sadly · outside · it's · · · can sit universities think marxism a great idea even history · · that it results in authoritarian ·"
REDDIT50_752,9,1,fascinating we've seen · · in · few · where * women lied being · · they are trying · · saw · · example a · lying sexual assault for · reasons we've · a · 5 · young cunts in · school · about a · sexually assaulting them because they · him fuck ·
REDDIT50_754,9,0,"actually was · one who has * * · * that she lied i don't · one you are · to credible the woman who has come · about her lies merely we prove she was · merely you ·, we've seen that · vocal · has received · · for her unfounded and · accusations a * · money hero · regressives"
REDDIT50_800,9,1,"or ·, might that any * * said * in vent post was a · crock ·, if · had said it · result a wave of feminist cunts demanding ·"
REDDIT50_968,9,0,yea merely here's the thing author lone bigots · that about · just lone bigots use condescending · someone's ·. example you might · the · '?
