id,author,label,text
REDDIT50_122,0,0,"Hey everyone, [HANDLE] is trying to make you believe he's gay but you know he's just lying on the [URL] because you can't be gay if you don't make it a core part of your identity! The fact that [PERSON] like to stick your dick in [PERSON] who themselves have dicks **must** define who [PERSON] are as a [PERSON] otherwise [PERSON]'re just a fat phony."
REDDIT50_1270,0,1,"And as much as it may offend anyone, saying some retarded shit like ""[NRP] are murderers and rapists and dont belong here"" isn't inciting violence either."
REDDIT50_1771,0,0,"This is the equivalent of being completely alone with [PERSON] in a [LOCATION] and letting out a deafening fart When [PERSON] look at [PERSON] and say ""what the fuck?"", [PERSON] just say ""what? [PERSON] didn't let out that hearing-damaging fart.""  For real, they're either too dishonest or retarded to understand how their own ""where black pplz at?"" comment is a loaded question that implies racism Nobody is that stupid and it's obvious to everyone else; [PERSON] just look really stupid by trying to deny it."
REDDIT50_421,0,1,"Retarded opinion, but [PERSON] don't see how that post promoted violence against, or threatened, or harassed [PERSON] Yeah, it's vitriolic, and [PERSON]'m actually surprised anything would happen as a consequen[PERSON] of saying anything against [PERSON], but it seems like a bit of an over reach."
REDDIT50_486,0,0,"[PERSON] guess that makes sense in a makebelieve world where those things magically materialize out of thin air when you need them? For the real world, there's [NUMBER]."
REDDIT50_487,0,1,Oh no! It's retarded!
REDDIT50_740,0,1,"If it's satirical and [PERSON]'re paraphrasing the stupid shit [PERSON] said/wrote, it helps convey that [PERSON] think they might as well have said/written the dumb statement being quoted  It's the written equivalent of listening to [PERSON] say something stupid for [DATE_TIME] and then replying by immitating their voice while replacing their dumb monologue with a single sentence that highlights what you think is retarded with what they said That use of quotes should be especially easy to grasp when it's done as the title of a post on a [ORG] like this one."
REDDIT50_990,0,1,"""Hey guys, look at me, [PERSON]'m retarded!""  ""...Fuck off, retard.""  ""Joke's on you, [PERSON] was just pretending to be retarded!"""
REDDIT50_1006,1,0,Imagine being so self centered [PERSON] think men are literally grinding their teeth down in seething anger that they cant talk to [PERSON].
REDDIT50_1133,1,0,> [PERSON] can anyone be this fucking dense  Is this a serious question? Because i swear having brain damage or an IQ lower than 30 is a requirement to be an SJW.
REDDIT50_1586,1,1,"Yes [PERSON] are assholes  [PERSON] are cunts But, not only are [PERSON] not expected to police the behavior of [URL], in fact, CELEBRATE this cuntish behavior So why the fuck am [PERSON] being told to police the behavior of other men?  [PERSON]'m not [PERSON]."
REDDIT50_1671,1,1,"[ORG] has their go-to insult to blindly dismiss everything [PERSON] say  [NRP] troll [NRP]..  As soon as [PERSON] get out of lockstep with them [PERSON]'re suddenly the worst thing they can think of It becomes obvious when [PERSON]'re even slightly moderate  if [PERSON]'re not 100% agreeing with everyone [PERSON] or [ORG] says suddenly you're a ""libtard gender studies major"" If you say anything bad about a [NRP] at all it's all ""shut the fuck up you redneck MAGA cunt""."
REDDIT50_378,1,1,counter point: the women at the [LOCATION] are cunts.
REDDIT50_908,1,0,"[PERSON] used to have a word for ""transracial white to black"" in the [DATE_TIME]  [ORG] We called them [ORG] You are a wigger."
REDDIT50_941,1,0,"""[PERSON] time""   Theyre not werewolves you fuck."
REDDIT50_125,10,0,"There is a small off-chance that they were actually serious, but [PERSON]'m gonna go with it being a rather successful poke at the [ORG]."
REDDIT50_1250,10,0,"A better question is, is there anything still legal in the [LOCATION]?"
REDDIT50_1417,10,0,"Truth of the matter is sadly that [PERSON]'ll have to build their own [ORG], then their own internet."
REDDIT50_1431,10,0,"That would be a bit of a huge hit to their wallet If you think [ORG] ever wisens up, guess again."
REDDIT50_1432,10,1,"Not even gonna try and figure out whether blocking all of [LOCATION] will be a net gain or a net loss Point is, if [ORG]'re blocking there will be issues with connectivity between their [ORG] They're not rewriting their shit over this either  So they will do as they plan to, ban [PERSON] who may be breaching copyright before they themselves run the risk Something [PERSON] would do in their shoes  The [ORG] are completely retarded with this law, but they're not going to back down from a [ORG] that wants to fuck with them over the antitrust suit they lost in the [LOCATION]."
REDDIT50_207,10,1,"[PERSON]'s beyond repair, it's better for everyone if [PERSON] just keeps his [ORG] account protected so nobody but a select few has to read his brand of retard."
REDDIT50_495,10,0,"Would you like to work as corporate drone #[NUMBER] in an [ORG] doing generic [DATE_TIME] sequels or would you like to work with a [ORG] that has ballsy ideas and isn't beholden to anyone?  In many cases, [PERSON] happily take paycuts to get the fuck out of the machine  Edit: [PERSON]'ve said as much before, but [PERSON] wouldn't be surprised if [ORG] is already seeing [ORG] as the Frostbite engine department and nothing more by now."
REDDIT50_649,10,0,Campaign to remove [PERSON] from all [ORG] games when? I mean he's a racist stereotype of [NRP] and all.
REDDIT50_723,10,0,"Stop using up/downvotes as a meaningful metric  [PERSON] rarely upvote anything, [PERSON] rarely downvote anything [PERSON] do downvote more than [PERSON] upvote, but [PERSON] save it for posts which are obviously baiting or being outright retarded [PERSON]'m pretty sure there are more [PERSON] with similar mindsets to mine."
REDDIT50_992,10,0,Here's hoping [ORG] finally see the light and hop on the PC bandwagon The other consoles can come too.
REDDIT50_1064,11,1,"There’s nothing [ORG] can do about [PERSON]’s opinion   And that’s all there is, they’ve got all the privileges in [ORG], so they can’t lie to easily about that, so now they think [ORG] is going to stop [PERSON] from thinking they’re sluts and bitches"
REDDIT50_1065,11,0,"Exactly  The key difference is [PERSON]'m not trying to infiltrate [ORG], [ORG], and [ORG] to push my agenda  [PERSON]'m also not part of a [ORG] with hundreds of millions of dollars of tax money."
REDDIT50_1077,11,1,"[PERSON]'ve never cared about legacy myself, and do things anonymously, [PERSON] don't know anyone from [DATE_TIME], so [PERSON] doubt my non-accomplishments in life will be remembered  However, if [PERSON] did care about  being remembered in the future, [PERSON] would do only positive things under my ""real"" name and do bad things under my ""anonymous"" name  I'd do it following this algorithm      CreateNewAnonymousAccount();     while(DoingThings())     {          if(somethingIDidWasAmazing == True)         {             TakeCreditWithRealName();         {         CreateNewAnonymousAccount();     }   I mean, unless you intend to be a grea[PERSON] or general or invent zero point energy or invent FTL travel, [PERSON] won't be remembered  [PERSON] have to do something astronomical for [PERSON] to remember [PERSON] much after [PERSON] died, and [PERSON] had better have been elected to something pretty high up to even survive great grandfather level  Luckily, [PERSON] don't have [PERSON], so [PERSON]'ll disappear like some dust, unless some [PERSON] printed out one of my rantings or saved a video and as they die, screaming and shitting themselves, their [PERSON] go through his laptop, find all his porn, and wonder, 'why the fuck did [PERSON] print out some faggot's respons[PERSON] to a [URL] article on feminist painting with menstrual blood?'  He sure was a sick bastard."
REDDIT50_1444,11,1,"Do [PERSON] know they're retards?  Or are supposed to call them ""differently abled""?"
REDDIT50_1475,11,1,Why would [PERSON] bash on mobile games when there are perfectly good [ORG] on the [LOCATION]?  Like [PERSON] care if some [PERSON] want to play mobile *[PERSON]*
REDDIT50_1476,11,0,If [PERSON] pay for the DLC they look worse.
REDDIT50_1701,11,1,"[PERSON] want a dog?  You know they sell those things at the [LOCATION], or a for a few bucks on [ORG]."
REDDIT50_970,11,0,"They live in the stone age  [ORG] at work   If [PERSON] watch the documentary on this, they're basic subsistence, a step above basic survival  Go into the [LOCATION], find a [LOCATION], build a hut, and there y[PERSON] are, [PERSON] caught up to their entire [LOCATION] in a week  Now [PERSON] just need an endless parade of tourists, [ORG], and [URL] to keep [PERSON] fed  Throw in a few goats, chickens, at [PERSON]'ve improved  [ORG] and [PERSON]'ve just surpassed them"
REDDIT50_1174,12,0,And the [ORG] are all white knights lol  Welcome to [ORG].
REDDIT50_120,12,1,"Too expensive  Why do you think women are so adamant on getting married?  They can act like complete cunts after the fact, and [PERSON] have to pay them to leave  Never get married  It doesn't benefit the [PERSON], one little bit..."
REDDIT50_1210,12,1,"Oh, kinda like how a [PERSON] loses his job the second some [PERSON] on [PERSON] says something?  This isn't PPD, this is just a little less privileged than [PERSON] was [DATE_TIME]."
REDDIT50_1256,12,1,Signed  Fuck these cunts....
REDDIT50_138,12,1,"Break her fingers, wtf  Take your maglight and hit that [PERSON] in the knuckles until they snap..."
REDDIT50_1398,12,1,Imagine if these [ORG] stood up for [ORG] as much as they do some [PERSON] who probably shouldn't be here in the first place...
REDDIT50_1770,12,0,"[PERSON], [PERSON] work in a [ORG] in [LOCATION] filled with [PERSON]  [PERSON] get sexual harassed at least 10-15 times a [DATE_TIME]  That's just the sexual end, the racism is even worse  But they're women and they're brown so it's okay...."
REDDIT50_1781,12,0,So strong  So Independent.
REDDIT50_317,12,1,"[PERSON] men turn into such little pussies when women are involved  Stop pandering to these cunts for no fucking reason  she's not going to suck your dick, bro  Fuck off."
REDDIT50_319,12,1,"LOL [PERSON] IS a meme   I love how a [NRP] first instinct is to insult a man's sexuality, when she was just trying to make money off of a mans sexuality  Everything is about sex, but sex to thes[ORG]  [PERSON]'d love to see this [PERSON] in [DATE_TIME] when [PERSON] has hit the [LOCATION] multiple times  [PERSON] will probably still be unemployed sitting in front of her [URL], begging men for [CRYPTO]."
REDDIT50_484,12,1,Get a job [PERSON]  Or kill yourself  [PERSON] choose the latter.
REDDIT50_597,12,0,"[PERSON] have a whole room of [PERSON] disagreeing with [PERSON]  But yes, [PERSON]'m the dumbass  Keep telling yourself that, [PERSON]."
REDDIT50_634,12,1,"Oh look, [PERSON] learning a lesson every [PERSON] learns when [PERSON]'s fucking 6.... [PERSON], kick her again just to be sure [PERSON] gets the point..."
REDDIT50_697,12,1,"[PERSON], actually  Go be a white knight faggot [LOCATION], [PERSON]."
REDDIT50_724,12,1,"Meanwhile, these same women are shaming every [PERSON] who isn't 6'5  Because putting deodorant on is oppression, but how tall you are is a choice..... Fucking dumb cunts."
REDDIT50_804,12,1,[PERSON]'ve had [ORG] message [PERSON] back calling [PERSON] an [PERSON] and talking shit while at the same time muting [PERSON] so [PERSON] can't say anything back  They're just faggot little children who got beat up too much in high school
REDDIT50_899,12,1,"[PERSON]'s mental illness  I love how the [PERSON] who thought she was black was a laughing stock, but a [PERSON] who thinks he's a [PERSON] is ""beautiful""  Who is making these rules here... [PERSON]'s fucking retarded...."
REDDIT50_1093,13,0,">Think of it like the ""/s"" for comments - it shouldn't be needed but it helps autists to feel better  You cant imagine how often that /s helped me out More often than [PERSON] like to admit."
REDDIT50_1102,13,0,>[PERSON] think some stealing isn't wrong   Thats where [PERSON] are wrong.
REDDIT50_1126,13,0,"[ORG] make up the [ORG], the left political allignment to a big part  [ORG] IS the retarded cesspool of [ORG] There is no denying it It isnt in anyway the far-left, it is the left  And i[PERSON] were the mainstream [ORG] that tried to keep slavery, the [PERSON] vote down and were the racist ones  [PERSON] know its hard to accept, but its [ORG] that always were the bullshit they are now."
REDDIT50_1128,13,0,">Are you aware that a ""[PERSON]"" is a [NRP]?  A third party actually Similar, but not quite like that  >Are you aware that the ""[ORG]"" and ""[ORG]"" in the [LOCATION] have essentially switched ideologies since [DATE_TIME]?  And thats how you show that [PERSON] know nothing relevant What you mean is ""[ORG]"" [ORG] were the conservative ones and wanted to keep slaves, and at some point [ORG] becamse [ORG]  The general values of [ORG] didnt change or flip  >Guess what party those [PERSON] belong to [DATE_TIME]   Still the [ORG], especially since its them trying to group up [PERSON] based on ethnicity, skin color, gender ect  Its hillarious how [PERSON] try [PERSON] over something [PERSON] have no idea over  But good job making my day, [PERSON] just show further that those defending [ORG] are either misinformed or idiots"
REDDIT50_1131,13,0,Blocked For real.
REDDIT50_1211,13,1,"NOW [PERSON] get it Holy, took me long enough  And NOW [PERSON] also get the DBZ Abridged dialogue where they say the same quote  [PERSON] am i retarded."
REDDIT50_1488,13,0,[PERSON] case?  Makes sense  Where are they protesting exactly?
REDDIT50_1632,13,0,">But why not? They do it to women all the time that don't agree with them ""Internalized misogyny! Those poor women don't even know how much they hate themselves!""  [PERSON] understand why the majority of [NRP] dont want to associate with them Makes absolute sense And yet there are [PERSON] that call themselves [ORG] that try to argue, that its not them  They are just like [NRP] Denying every logic and evidence"
REDDIT50_622,13,0,At this point it feels like its [URL].
REDDIT50_793,13,0,>**The second portion of the paper is a rewrite of a chapter from “[PERSON].”**  Ahahahahahahahhahaa  Ahahahahahahahahahahhahaha  So [ORG] is actually true AHAHAHAHAHAHAHAHHAHAHA.
REDDIT50_1175,14,1,"> What’s not complicated is that there’s a reservoir of [PERSON] who hate **women** and get off on this  **WOMEN** are **NOT** a synonym to **FEMINISTS** Believe it or not, most women are not actually retarded Take a guess why these videos are popular, why [PERSON] like them, why the videos are called ""**ANNOYING** feminist"" and not ""**ANNOYING** woman"" or just ""Feminist"" Emphasis on the word ""annoying"" in case you missed it Re-read your drivel and try to find out why [ORG] are ""annoying"", in fact why ""feminist"" is an actual synonym to ""annoying"" Re-re-read it again and keep pondering why [PERSON] are laughing their asses off while feeding an ""ANNOYING"" [PERSON], I mean [PERSON] (as if there's any difference) to an alligator"
REDDIT50_142,14,0,"Yea, at this point [PERSON]'m pretty sure [ORG] are trolling the NPCs I mean this is hilarious, this reminds me of that [LOCATION] ""trilogy"" where [ORG] drills a hole in the [LOCATION], fucks up everything with yet another oil spill and they're like innocent little angels ""[PERSON]'re sorry"" Few moments later BOOM - [PERSON] gonna dig on the [PERSON], oh look, [PERSON] broke the [LOCATION].. oops, [PERSON]'re sorry Hey, look, [PERSON] opened a [URL] into an[LOCATION] and released the [PERSON] We're sorry!  [ORG] are teaching the NPCs a lesson of ""no such thing as bad publicity"" Hey, a ""transphobic joke"" (only if you're a retarded NPC) - oops, we're sorry Bit later - hey, look, another ""transpohobic joke""  (only if [PERSON]'re a moron) - we're sorry  [PERSON] mean, c'mon people, [PERSON] can only get so erect and [PERSON] can only order 20-30 copies of CP [NUMBER] Well done, [PERSON]."
REDDIT50_1536,14,0,"...okay, am [PERSON] still drunk? [PERSON] mean, [PERSON] emptied a bottle of whisky [DATE_TIME] but.. Am [PERSON] reading this correctly or [PERSON]'m still suffering from a severe hangover and sleep deprivation? Surely, this cannot be a real article in a ""respected"" [ORG] Scratch that, this cannot be a real article anywhere, period Yep, [PERSON] refuse to accept that there are [PERSON] retarded enough to even say these words, let alone take it seriously [PERSON]'m probably still drunk, my bad..."
REDDIT50_199,14,0,"> misogynoir  You are [ORG], one of the most well known mainstream media outlets in the history of the [LOCATION], a [LOCATION] which [DATE_TIME] was held as the peak of journalism and reporting, the gold standard of journalistic integrity And [DATE_TIME] [PERSON] are writing articles on buzzwords invented by [PERSON] on tumblr  Forget about gaming journalism This is the quality of the top of the food chain mainstream journalism This is what the [ORG] broadcaster funded by the citizens of the [LOCATION] has to offer - tumblrisms and levels of journalism which makes [ORG], [ORG] and [ORG] to look like Pulitzer prize winning media The very fact that this vomit inducing garbage is allowed to be published is beyond disgusting  Let that sink in."
REDDIT50_31,14,1,"Done Completely done with this shit Fuck with [PERSON]'s cast, [PERSON] can live with that (not really but...) Fuck with best girl [PERSON] however.. Burn in [LOCATION] (literally, as in devils with pitchforks shoving them in your ass while boiling you in hot lava) [PERSON] was thinking of giving this show a chance since [PERSON] love the [PERSON] so much, but [ORG] fanatical obsession with forced ""duh-ver-see-tee"" is the final straw Fuck this show, fuck [ORG], fuck your ""diversity"", fuck this cast and fuck right off."
REDDIT50_806,14,0,"Oh, no, not a troll video Troll video**S** Entire series, ""The Annoying Feminist"" (bit redundant)  [""Red Dead Redemption 2 - Beating Up [PERSON]""]([URL]  [""Red Dead Redemption 2 - Annoying Feminist Gives Up""]([URL]  [""Red Dead Redemption 2 - Annoying Feminist Fed To Alligator""]([URL] (my personal favorite)  [""Red Dead Redemption 2 - Dropping Feminist To Hell & Killing The Devil""]([URL]  [""Red Dead Redemption 2 - Lasso, Train & Annoying Feminist""]([URL] (almost as good as the alligator one, but this one is very, very, very sad and something horrible happens.. spoilers: the [PERSON] dies, poor anima[PERSON] doesn't deserve such inhumane treatment, [PERSON] cried for the horse so much...)  It's fucking hilarious (except when the [PERSON] dies, it's really sad when the [PERSON] dies...)."
REDDIT50_812,14,0,"This is pretty much the inevitable consequences of what happens when the [PERSON] don't *earn* your rights but they are *given* to [PERSON] [PERSON] don't know what to do with them because [PERSON] never fought for them and never had the responsibility that comes with them And no, bitching and whining ""Give me, I wanna, give me!"" doesn't count as fighting Thus [PERSON] don't really care about the consequences of something [PERSON] never really earned and fuck shit up because [PERSON] don't know how to use it I mean give a hand grenade to a [PERSON], what do [PERSON] think will happen..  It's pretty much the same as [PERSON] and toys When your [PERSON] used to buy [PERSON] toys when [PERSON] were a [PERSON], [PERSON] didn't really care if [PERSON] break them, [PERSON] didn't know their value [PERSON] knew that even if [PERSON] break them [PERSON] just have to throw a temper tantrum and [ORG]'ll buy [PERSON] new ones so [PERSON] can shut up Things change drastically when [PERSON] grow up and have to work, value and buy your own stuff [PERSON] now know the consequences of breaking stuff for no reason, [PERSON] are now responsible for your mistakes and [PERSON] are the one who suffers the consequences of your poor choices  [ORG] are like overgrown children - they never earned their ""toys"", they were given to t[PERSON], [PERSON] were never responsible for their toys so [PERSON] didn't care if [PERSON] break them and if [PERSON] break the entire [ORG], [PERSON]'ll just throw their temper tantrum and get new toys Problem is that the ""[PERSON]"" keep giving them stuff and [PERSON] keep fucking it up for everyone because [PERSON] don't give hand grenades to fucking toddlers Give a [PERSON] a fish and [PERSON] feed him for [DATE_TIME], teach a [PERSON] to fish and [PERSON] feed him for a lifetime They never wanted to learn how to fish, it requires actual effort, but [PERSON] sure as hell want to keep getting the free fish."
REDDIT50_815,14,0,"[PERSON], [PERSON] must really have some special literature talent to ""invent"" fictional stories about specific year in specific [LOCATION] and make fun of [PERSON] living under ""glorio[LOCATION]""  Take it as you will, [PERSON] don't really care for the opinion of [PERSON] whose biggest challenge in life was the horror of consuming his/her/zir pumpkin spice latte cold  > the point is that the main demographic here shares your ideas  Couldn't be more proud, [PERSON] are needed these [DATE_TIME]  > thinking they earned their rights through trials and hardship  Well, if you go out of your [LOCATION] you may find that the [LOCATION] is not all pink unicorns and fluffy bunnies and ""[LOCATION]""  > Also, arguing for people's rights to be taken away, whether they are [PERSON] or black [NRP] [PERSON].. you're just wrong, so go to [ORG] or whatever your favorite authoritarian forum is  You can't change the system as it is I'm just pointing the flaws Unless [PERSON] really are convinced that a [PERSON] (or whatever gender you prefer) are capable of deciding who should run a [ORG] before they are capable of deciding if they can have a beer or drive a car..."
REDDIT50_1083,15,0,Or the second where [PERSON] murders a [PERSON] using her sexuality
REDDIT50_1084,15,0,"[PERSON] is interested in [PERSON] because he risked his life to save others Something often ignored by critics of the movie It's not because he's ""hot""   And the [ORG] is why [PERSON] is able to get out of her circumstances"
REDDIT50_204,15,1,"There's outrage from [PERSON] who know the characters That's something that [PERSON] seem to not factor in Not everyone knows about [PERSON], I sure didn't before the [PERSON] movies   Only knew [PERSON] from the Deadpool *game* And other than some forgetful roles in some games like iirc [ORG], I never heard of [PERSON] either And it was only after the fact that I replayed them that I really took note of the fact it was [PERSON] ""Oh...""   Hard to be more memorable than [PERSON]   I was mad at [ORG] casting Since I love those games, and know the character Still haven't bothered to watch the movie Also hated [ORG] for racebending [PERSON] That fundamentally changed character dynamics of a brother and sister It's just retarded [ORG] defended with with [PERSON] ""not being white"" except s[PERSON]'s half white so it's not really that comparable   generally [PERSON]'m against it even if [PERSON] don't know the character, since there's almost always existing characters they could use instead See Starfire in [ORG], when they could've just used [PERSON] if they wanted to use a [PERSON] to play an ORANGE alien [that they didn't paint orange]   And there's always the option to invent a new character I believe the [PERSON] in the new Spider-Man game was invented recently in the comics   But these people aren't creative So they just swap races with existing characters They could create the next [PERSON] if they were talented, but they're devoid of talent Which is why their great ideas are to just change an existing character's race"
REDDIT50_261,15,1,"[PERSON] guess if the [PERSON] has bots, it would be fine, but most games don't have bots to play [PERSON] modes with Which is a bummer for [PERSON] Since [PERSON] would totally do that :P [PERSON] can't handle the actual [PERSON] stress But find the gameplay fun [PERSON] played more Overwatch with the retarded AI bots than [PERSON] did the actual game xP"
REDDIT50_275,15,0,"[ORG] is hardly [ORG], they can't be picky about profitable business and just leave [CRYPTO] behind"
REDDIT50_390,15,0,Why even enable friendly fire if you ban [PERSON] for doing it?
REDDIT50_568,15,0,[PERSON] need etymology lessons
REDDIT50_663,15,0,"It's a shame that argument works for [PERSON] If [PERSON] were raped, [PERSON] would not be afraid of there being evidence of [PERSON] lying about it At worst, [PERSON] couldn't prove it happened and that's it So they get ""away"" with it  That's just a reality of rape cases But it's very, very, very unlikely that [PERSON]'d ever find yourself actually raped and then have tons of evidence that could prove (at a criminal level) that [PERSON] made it up entirely, to the point [PERSON] can be prosecuted  There's a more ""reasonable"", but still not great argument of ""but that will make liars never come forward!"" Meaning, [PERSON] who have been in prison for [DATE_TIME] and are only freed after a [PERSON] comes clean about having lied about it and feels guilty.. would remain in prison for the full sentence And never have their innocence known (not that it helps that much anyway; your life is still ruined, [PERSON] can't get that time back and the sentence will still follow you around)  There are few exceptions where it's understandable that they lie, there was a [PERSON] who was raped by a [PERSON] as a [PERSON], and that [PERSON] threatened to kill [PERSON] and her family if [PERSON] pinned it on him I forget the specifics, but [PERSON] blamed another [PERSON] ([PERSON] believe the actual [PERSON] was part of why [PERSON] accused him) And the innocent [PERSON] was found guilty And many, [DATE_TIME] [PERSON] finally comes clean about the situation So the [PERSON] was freed   You can understand why a young gi[PERSON] would lie when [PERSON] is threatening her life It's still horrible that an [PERSON]'s life was ruined forever But would [PERSON] come forward if [PERSON] would be thrown in prison for lying? Should [PERSON] be?  That's a valid argument to start having But the whole ""oh well they'll prove you're lying"" as a [PERSON] is just a silly argument  I think the most reasonable solution to the problem [PERSON] mentioned is to basically give a clean slate for any [PERSON] who have lied and gotten men put in prison So they can come forward without punishment But, moving forward, it's actually enforced if you're proven to be lying   Since [PERSON] do think if women came forward about lying, and [PERSON] were thrown in prison for it.. [PERSON] wouldn't come forward at all But we can't just let this continue how it is either Relying on guilt after sometimes *decades* to finally get some honesty going   There was one [PERSON] who was convicted and [PERSON] died while he was locked away And the [PERSON] had lied about it, and when he was freed [PERSON] was torn up because [PERSON] died thinking that [PERSON] was a rapist It's just awful   Nobody said rape cases were simple though They're the most difficult things to deal with Which is why it's always full of so many problems."
REDDIT50_664,15,0,"Except that won't apply to men in [ORG] right now over lies And the women who would feel guilty enough to finally come forward about it [DATE_TIME], [DATE_TIME], later  Court time was ""wasted"" [DATE_TIME] There's no reason for [PERSON] to bother if [PERSON]'s going to face punishment Other than to get over [PERSON] guilty feelings, but it's already rare and takes women ages to feel bad enough that they ruined an [PERSON]'s life as it is   During trial or investigation is a completely different situation than coming clean [DATE_TIME] after it's all over and [PERSON] got away with lying already"
REDDIT50_935,15,1,"[PERSON] really really really hope [LOCATION] takes back the reigns They made some dumb ass mistakes, but they never went this balls deep in retardation I'd take [ORG] over [ORG] needing [LOCATION] approval just to release their games in [LOCATION] That's fucking retarded The hubris  Who the fuck are they to say what [ORG] can release in [LOCATION]? [PERSON] needs to slap sense into them"
REDDIT50_1090,16,1,these retards have no idea none
REDDIT50_117,16,0,well you got something right
REDDIT50_1258,16,0,what would a single example have to with the entirety of society  #MORON
REDDIT50_1261,16,0,[PERSON] isn't cool at all
REDDIT50_1286,16,1,[PERSON] don't need to guess [PERSON]'re retarded
REDDIT50_1396,16,0,"""[ORG]"""
REDDIT50_1537,16,1,stay mad that your retarded insult is incorrect 99% of the time
REDDIT50_1538,16,0,yeah [PERSON] totally
REDDIT50_467,16,1,"no [PERSON], where is the fucking lie"
REDDIT50_481,16,0,\\>when [PERSON] deny the evidence that is right in front of [PERSON]
REDDIT50_504,16,1,what is this some [ORG]
REDDIT50_791,16,1,"are [PERSON] asking the [PERSON] in the picture because that would be a fun exercise, especially if [PERSON] wasn't white"
REDDIT50_901,16,0,"look at how mad [PERSON] are because of nono words yes, [PERSON] are definitely not a bitch"
REDDIT50_902,16,0,"[PERSON], npc"
REDDIT50_943,16,0,pitiful
REDDIT50_1030,17,0,"Actually, this is one of the first time's [PERSON]'ve ever heard [PERSON] trying to ban [ORG] for racism The [PERSON] issue has been going back [DATE_TIME] though."
REDDIT50_1062,17,0,"[PERSON]'ve said this before in [DATE_TIME]:  >Honestly, [PERSON] think we are coming upon the sum of all my fears: The [ORG] will edge out the [NRP] in the [LOCATION], and they will take that as an affirmation that everything they did with ideological totalism, censorship, identity politics, and unchecked lies and manipulation was 100% mandated by popular consensus They will quintuple down in a way you haven't seen They will foam at the mouth for [PERSON]'s impeachment, make everything look like a [PERSON] hearing, aggressively promote racialism and sexism, have full-throated support of socialism, and look like some sort of [ORG] where you are promoted by assassinating your [PERSON] with sexual assault allegations  >Eventually, the blowback causes [PERSON] to get re-elected in [NUMBER], and before [NUMBER], the [ORG] drive a truck bomb into a [LOCATION], kill less than 500 people, and every [ORG] (and [PERSON]) will agree that it was a regrettable necessity to end [NRP] fascism, and the true victims of the attack were the victims of the [ORG] The blowback from that will be so angry that the [ORG] actually get really mad and start hurting people Then and only then will the remaining non-progressive [ORG] disown the [ORG], and the [ORG] will have to completely reform into something new The moral panic of social justice will end before [NUMBER], but not without more than a few dead bodies if the [ORG] have a marginal win I think at this point a blue or red wave would actually be better in both cases because a blue wave would put the [ORG] back in charge, and a red wave would make the [ORG] re-consider their approach [NUMBER] can not survive long term because it is an ideology that is to tribalistic to maintain its ""intersectional"" coalition of racial and sexual identitarians Their means to power are built entirely off of [emotional abuse]([URL] They burn more people than they can take in, and the whole thing will come crashing down  *The problem* is not whether or not [ORG] will die, it's how many [PERSON] they take with them  The end result of ""[ORG]"" and ""Postmodernism"" in general is that [PERSON] will eventually come up with a new rationalization of how Marxism can be applied in the future Some form of ""Neo Postmodernism"" or something It will be another idiot word salad to keep [ORG] rationalizing their existence and preconceived notions, and that is where the remnants of [ORG] will end up after they've been wholly rejected."
REDDIT50_1096,17,0,"You don't see it at most job interviews because it's fucking obvious that anyone who hates the [PERSON] shouldn't be in the job Even [ORG] employees have problems with *stereotypical* [ORG] sho[PERSON], but they don't just hate everyone who shops at [ORG] Same goes for retail."
REDDIT50_1098,17,0,">As someone who has worked [ORG], [PERSON] genuinely hate how [PERSON] behave  Right, and that's my point It's not the same as hating every single [PERSON] that walks in the door, and judging them negatively *because* [PERSON] came in  [PERSON] would be like working at [ORG], and seeing someone walk in and assume [PERSON] were a crackhead or a hobo *because [PERSON] walked into [ORG]* [PERSON]'s not so much an anti ""the customer is always right"" attitude [PERSON]'s a ""there are never [PERSON] who are right"" attitude."
REDDIT50_1496,17,1,"""[PERSON] should kill yourself.""  ""What the fuck [PERSON]?""  ""Oh my god, stop being so sensitive, [PERSON]."""
REDDIT50_228,17,0,"[PERSON] is evil, and one of my primary examples of why I expect terrorism from the left   The following pictures show the crime scene and blood spatter at the [ORG] officesr:  [A]([URL] [B]([URL]  I've also seen a video from inside the building where [ORG] was [LOCATION], [PERSON] who fled the shooting from a different floor tried to take cover in this [LOCATION] and was hunted and shot to death by the [PERSON]  Most people are unware of how much blood a single [PERSON] can bleed out from a gunshot wound The fact that 12 [PERSON] were shot to death tells you that every [LOCATION] was covered in blood, including from the boot prints of the [PERSON]  [PERSON] can't help but b[PERSON] *absolutely furious* about [PERSON] who *at first* said [PERSON], saw some of these pictures, and eventually said, ""It's their fault because they were offensive They should just stop being so offensive.""  If you can rationalize [ORG] covered in blood because they said offensive things, rationalize a truck bomb is nothing  Then came their *guilt tripping* of [PERSON] mourning for [LOCATION] and the victims of the [LOCATION] attack ""How dare you! [LOCATION] had it worse [DATE_TIME]! What about [ORG]? Did you ever consider that this is [LOCATION]'s fault?""  [PERSON] was losing my shit reading the news that [DATE_TIME]  My point is, there's absolutely *no reason* to believe that the [ORG] can't rationalize a terrorist attack inside the [LOCATION] against a government agency like [ORG] or [ORG], when they've already rationalized [LOCATION] and [LOCATION] When somebody like [PERSON] comes out and rationalizes a left-wing terrorist attack on a [LOCATION] (a la [PERSON] or [PERSON]), and says: ""The *real* victims here are the victim's of [PERSON]'s immigration policy""; the resulting normie blowback will be so angry that it may ravage the [ORG], and possibly destroy the [ORG], [LOCATION] That's not a good ending, but [PERSON]'m concerned it's where we are headed anyway."
REDDIT50_510,17,0,">There is not just one ""[ORG]"" as you could have guessed on the [LOCATION] and the one that put together this document is actually an internal [ORG], which said [PERSON] could have found out by following the [URL] on the last page of the document: [URL]  I can't access your link as it requires me to log into a [ORG] account  >Or I dno, maybe the big ""[ORG]"" Logo plastered on the first page and on the bottom left of every sequential page from there on could have given it away? [URL]  This is an internal [ORG] document, I'm not surprised that [ORG] has it's name on it, especially since it was made for *their* consumption  My question is, what evidence do you have that this is *not* a [ORG]?  >There's too much retardation to go through or try to listen to some [PERSON] trying to seem smart Maybe leave the work to actual journalists  [PERSON]  No   Your average [PERSON] has better journalistic standards and due diligence than some of the most well payed journalists on earth I'm including [PERSON] in that calculation  I'd rather leave journalistic work to random animals and plants that [PERSON] find, before [PERSON] leave it to a [PERSON] At least [PERSON] can expect a fair and non-deceptive result."
REDDIT50_644,17,1,Who the fuck is *[ORG]*?  [PERSON] didn't do shit  >[PERSON] am LOSING MY MIND IN HATRED for white men .. [PERSON] swear to G-d [ORG] have more freedom in [LOCATION] .. [PERSON] CANNOT BELIEVE [PERSON] am rearing a PRIVILEGED WHITE AMERICAN [PERSON] in this shit  [PERSON]'ve been there [PERSON]'re retarded Give your [PERSON] up for adoption so [PERSON] can live in a [LOCATION] where's [PERSON]'s not abused
REDDIT50_775,17,0,"[PERSON] will *never* be held accountable to their own laws, this is kind of the way of things This only shows that [PERSON]'s out of favor."
REDDIT50_906,17,0,"""Capitalism is evil""  Same people: ""[ORG] should stop being so entitled! [ORG] are doing their best!"""
REDDIT50_907,17,0,"So any amount of labor inserted into a product automatically allows the product to accrue value, but when a [PERSON] works on it, the product gets a [US_DRIVER_LICENSE] multiplier to it's value as well?  >it's fractally wrong  The phrase [PERSON]'re looking for is, ""going down the rabbit hole""."
REDDIT50_915,17,0,[PERSON] don't think it's the same [PERSON] feel like his [ORG] has been kind of plagued (both by his fault and the fault of others) by [PERSON] who are willing to backstab or abstruct [PERSON] in a very different way than normal.
REDDIT50_919,17,0,">[PERSON] mean, [PERSON] was savvy enough to set up his own canary trap,  [PERSON]'m not super familiar with this, got a source [PERSON] can look at?  >when [PERSON] thought the [ORG] was leaking the substance of their conversations [PERSON] set up a meeting [PERSON] didn't inform any of his people about, and, sure enough, the contents were soon leaked   I don't know [PERSON], [LOCATION] is a whole different ball game The [ORG] have an industrialized, international, moral panic about his [ORG] pick It's not just some [PERSON] leaking information, it's portions of the [ORG] and [ORG] acting entirely against him These are [PERSON] who can ask satellites to move in [LOCATION] There's a financial war between [ORG] and [ORG] going on in order to re-orient themselves in relationship to these ridiculous political times [ORG] that make [PERSON] look like [ORG] The shit's on a different level, [PERSON], but what's been going on in [DATE_TIME] is crazy even for [LOCATION], let alone [LOCATION] I'm not sure *anyone* is adequately prepared for this  >And, leaks, it would seem he's a much better plumber than [PERSON], they've significantly decreased, haven't they, the bad ones at least  No way, [PERSON] was better He had [CRYPTO] going all over the place and kept a very tight ship overall It wasn't just [LOCATION] that [PERSON] was, ahem, ""ratfucking""."
REDDIT50_921,17,0,"> ""[PERSON]"" was a [ORG] Top Man furious at [PERSON] for not making him Director after [PERSON] died The latter went so far as to, at [PERSON]'s order, bug [PERSON]'s [LOCATION]  That's one man operating discretely through the press, not multiple people in an [ORG] operating openly against him  >The military intelligence types are very possibly on his side (mostly) Not long after the election, the head of the [ORG] (a [PERSON]) tipped [PERSON] off about how [ORG] was spying on him, [PERSON] and company then decamped from the [LOCATION] I think it was, to a place where access could be much more tightly controlled  The [ORG] can make requests to transition satellites, but yeah, I'd say most of the [ORG] are not working against him TBH, I think it's ""respect the rank, not the man"" deal for most of it, and then [PERSON] for the rest of it No one is going to be stupid enough to fuck around with [PERSON] who is generally apolitical and [will not hesitate to kill a bitch.]([URL]  Also, who's gonna complain about [ORG]?!!  No, but seriously, the [ORG] is probably going to merge into the [ORG] apart from the other intelligence agencies, and [PERSON] have a distinct feeling that it might be because the [PERSON] is concerned about [ORG] controlled agencies pushing politics onto [ORG] in the way that they may have involved itself with civ[ORG] [PERSON] think that that is the *real* political fight happening about [ORG], not all the other shit you see on [PERSON], it reminds me *very* much of the political fighting that happened as the [ORG] became the [ORG] The changes looked superficial on the outside, but were significant institutional alterations on the inside The changes would have been bigger and worse if [PERSON] and [PERSON] had gotten their way  Over [DATE_TIME], the [ORG] has done *relatively* little in the way of meddling with [LOCATION] politics, which is probably the greatest accomplis[PERSON] in our republic's history That isn't normal  >Not sure what happens then, but [PERSON] can still pile on the tariffs, can extinguish a great deal of [LOCATION]'s economy [DATE_TIME], as they've gone much fur[ORG] in deindustrializing, specifically assembling stuff mostly made abroad, and current suppression of their [ORG] The [LOCATION] is a work in progress, but we hold the high cards, especially with [ORG] doing pretty well now that the [ORG]'s boot is not pressing down quite so hard on its neck  From the way [PERSON]'s clearly negotiating things, it seems like most of that is bluster and [PERSON] can come down to something more reasonable I highly doubt [PERSON]'d do anything to legitimately hurt [LOCATION]  >and current suppression of their [ORG]   When it comes to the [ORG] my primary concern is fusion I know [PERSON] who've been working on it at different stages and it's absolutely legit Each of the testing nations ([LOCATION], [LOCATION], [LOCATION], [LOCATION], [LOCATION], [LOCATION],.. [ORG]?), is building their own different procedures to try and find the most efficient and sustainable process for ignition They've already achieved ignition on small scales The [ORG] has been *very* tight with research funding, but that shit is not something to limit Leave that alone so we can not only dominate the [ORG] through fossil fuel production, but also through technology  > But [PERSON]'m pretty sure [PERSON] knew what [PERSON] was getting himself into   [PERSON] be honest [PERSON] legitimately think [PERSON] might have been the last person who knew what [PERSON] was getting into [PERSON]'m still not totally convinced [PERSON] knew that [PERSON] would win."
REDDIT50_1088,18,0,[PERSON] thought [PERSON] tried flipping the script and made the [PERSON] [PERSON] slept with the [PERSON].
REDDIT50_1156,18,0,but the argument wasnt that indulging in the urge magically makes it go away but that when such urges arise it's better to release it into a safe outlet rather than pent it up or go for unsafe outlets  basically all that vice [PERSON] have is hardwired into your brain and thus impossible to remove so rather than advising [PERSON] to repress repress repress until it explodes in the worst way possible [PERSON] indulge yourself when the urges arise so [PERSON] can get it out of your system quickly and move on with life  i mean if indulging in the sickest and vile appetites just makes [PERSON] go more extreme and wild [LOCATION] would be [LOCATION] due to its reputation of naughty tentacles mutilating loli futas but it has such a low rate of any sexual activity nobody is even having children making the population die off
REDDIT50_1157,18,0,"> yea that makes it worse  how is masturbating in your own home worse than raping a [PERSON]?  >they have to have separate subway cars for women in [LOCATION]...  and [PERSON] still censor the genitals in porn wh[ORG] that got to do with the tea in [LOCATION] though?  i mean yeah [LOCATION] did have a serious subway groping problem back then but with the majority of [PERSON] living [LOCATION] in their apartments li[ORG], [PERSON] doubt that vestigial aspect of [LOCATION] means much  show me [LOCATION]'s sexual assault rate is low because they dint define clear assault as such so the country is rampant with [ORG] with the [LOCATION] being duped if you wanna show me how bad porn makes [LOCATION]   but so far the numbers don't seem to lie"
REDDIT50_1158,18,0,waiting for a reply.
REDDIT50_224,18,0,"> Oh so [PERSON] feel like racist views add value to society?  if only as a symptom of greater social ills to look into  all steroetypes have a kernel of truth so there has to be a reason [PERSON] says every [PERSON] is a criminal  turns out [ORG] statistics follow the same trend with 30% of [PERSON] being arrested for crime, and maybe further investigation shows they do that because of social strafication and getrification they cannot get ahold of [ORG] and resort to crime  in turn [PERSON] may make that racist not so when [PERSON] tell them the reason [PERSON] think that way  [PERSON] because [PERSON] see why [PERSON] do crime or direct their anger at [ORG] for not dealing with giving potential criminals better oppurtunities  just dismissing [PERSON] as ""bad opinion to not listen to"" j[ORG] sweeps whatever real problem they're adressing under the rug and things get worse not better."
REDDIT50_329,18,0,"hell [PERSON] think the problem now is that [PERSON] forget [PERSON] have to reconstruct the deconstruction  like from what i understand deconstructions push tropes and trends to their logical conclusions to show the flaws and thus show a new take and proper criticism of a cliche  you then have to fix those flaws and basically make the trope cool and sensical again   i think it's one reason the [ORG] is a billion dolla[ORG] now outside of just being well crafted entertianment  they actually embrace the weird and wonderful kitchen sink kitchen which is superhero comics that have both magic and superscience, gods and aliens extra-dimensional entities and ancient races all coexisting in a somewhat coherent framework  if the original X-men films and the [PERSON] trilogy made superheroes serious and grounded the [ORG] made them fun and fantastic :D  an example is how they reconstructed the deconstruction of colorful costumes where all [ORG] had boring black leather for ""practicality""  [PERSON] got his star spangled suit because after being given the serum [PERSON] got hired as a mascot for the war effort complete with bright and goofy [NUMBER]'s spandex  and only after [PERSON] proved himself saving a bunch of soldiers from a [ORG] right after a gig and improvising a better combat suit using props from the show did he come to be respected and therefore make star-spangled spandex look good  and iron-Man is his classic flashy red and yellow because [PERSON] is a flashy egotist who loves fanciness as well as fuctionality and treated his combat suit as a hot rod we saw him build the suit with ease due to [PERSON] and thus earned our respect to trust his design choices and [PERSON] has wicked sense of style :D  and i wanna say the [ORG] reconstructed  the classic comic book trope of aliens being a suspiciously similar substitute to human culture by having common cultural trappings like toys and t-shirts present with an alien style  like [PERSON] had a grey Tee that had some sort of sloga[PERSON] written in an alien script and [PERSON] had various little funko type figurines on his dashboard which looked like stylized versions of alien animals  like [PERSON] spotted a [PERSON] fig with 3 limbs and 3 ears and a [ORG] cat with one eye  so since those little details shown [LOCATION] people can develop similar cultural trends to [LOCATION] people it made the more pulpy stuff like [NRP] flavored Gladiator games in Thor Ragnarok all the more acceptable  guess more [ORG] are too busy showing how racist and sexist everything is they forgot how to make it not that anymore but actual good and interesting XD"
REDDIT50_560,18,0,"was the issue that the [PERSON] banned [ORG] because it was ""satanic shit"" in his words and backtracked with child porn laws?  and would people be more understanding if they went with the childporn laws as it's a nessary evil as [ORG] will use anything as a reason to ban?  same way [PERSON] will remove outward [NRP] comments because they will be cherrypicking those obvious jokes and legit views as proof this is a hive of white supremacy."
REDDIT50_561,18,0,tell that to the [ORG] who wrote the equivalence in the child protection acts and cover it under obscenity laws to boot  keep in mind the same [PERSON] banned [ORG] because they believe childr[PERSON] might eat big toy capsules inside them    sadly these are pointy-haired [ORG] so we must comply with their dumbass rulings.
REDDIT50_946,18,0,"was it a self post as well?    and definitely, agree injecting SJW politics into a [ORG] is like the reason this sub exists."
REDDIT50_1003,19,0,[PERSON] seems to be being a bit spammy actually too.
REDDIT50_1005,19,0,"[PERSON] don't have a problem with [PERSON], [PERSON] just seemed to be behaving a bit spammy lately if you look at his profile."
REDDIT50_1228,19,0,"> imagine what it could have been done to help the [PERSON] with all that technology and AI...but no, males' fee fees are the most importnat thing in the world  > how pathetic a [PERSON] you must be to spend funds on a masturbatory device?  The best part is when you have women coming on there who demonstrate exactly why a [PERSON] would 'spend funds on a masturbatory device' and as per usual they pretend the double standard of women actually getting handed dildos in a [ORG] isn't a thing  They live in their own fucking world and it shows."
REDDIT50_1401,19,0,"No, societal pressure is not an infringement of rights, however when that societal pressure comes with threats of violence, then it is."
REDDIT50_1402,19,0,Are [PERSON] talking about the [PERSON]'s post? Or yours? Because your accusation wasn't relevant to the topic either.
REDDIT50_1404,19,0,"[PERSON] said this was a violation of anyone's rights, it's a dumb double standard that happens frequently, [PERSON], like many others, just don't fucking get it and proceed to try and lecture everybody thin[PERSON] [PERSON]'re smarter than everyone else when [PERSON]'re not  What is a concern is when these issues become such a problem that [PERSON] have [ORG] who actually think it's okay to enact legislation and be violent over stupid shit like this."
REDDIT50_1696,19,0,"Oh [PERSON] agree, [PERSON] think [PERSON] is fucking daring them to do it, but they want [PERSON] to be on side with the legislation which is why [PERSON]'re being cautious For example with the way [PERSON]'re trying to make 'misogyny' a hate crime, they want [PERSON] to just vote for it blindly and then that's when they'll get everybody However [PERSON] caught on to what they were planning it seems and [PERSON]'re trying to make Misandry into a hate crime law as well lol."
REDDIT50_355,19,0,Have you ever considered the possibility that rape is low because the crime itself is actually rare and it's [ORG] that have been going out of their way to scare [PERSON] over into thinking otherwise? And that [PERSON] have these women taking advantage of the hysteria in order to not only inflate the numbers but work it to their advantage and have something to gain from these accusations personally?  [PERSON] also didn't provide a source for your statistic.
REDDIT50_356,19,0,"[PERSON] was being pretty fucking generous with [PERSON] [LOCATION] and told [PERSON] to back up your statements, [PERSON]'re on [LOCATION]? So what? And really? [PERSON]'re claiming [PERSON]'m being sexist because [PERSON]'m not immediately backing up your narrative despite [PERSON] posting no evidence whatsoever to backup your claims?  It's remarkable to me that [PERSON] actually question why [PERSON] is against this kind of bullshit when [PERSON] hold those views about [PERSON] [PERSON]'ve never even met or spoken to for [DATE_TIME] so openly  It's not actually easy to search for, so yeah, [PERSON]'re just admitting [PERSON]'re too lazy to backup your claims I also say to anybo[PERSON] who uses the excuse of 'it's low' why does this matter so much to [PERSON]? If [PERSON]'re for equality then [PERSON] should absolutely be in favour of [ORG] being caught  Or are men nothing more than collateral damage to [PERSON]?"
REDDIT50_359,19,0,"[PERSON] prefer to be like [PERSON] rather than [PERSON] thank you :P as for winning [PERSON] over [PERSON]'m not interested in the opinions of [PERSON] who hate [PERSON] for disagreeing with them and they are in the minority, it's the [PERSON] who are watching the argument that [PERSON]'m interested in bringing on side."
REDDIT50_410,19,0,"Unfortunately confirms my theory that [ORG] are often women who can't get men their own age so they target younger ones instead If you ask me though I think it's great that teenag[ORG] are wising up to this so quickly maybe they'll work together more now to bring down these sorts of manipulative cunts who are just using them, [PERSON] don't have much sympathy for [PERSON]."
REDDIT50_1089,2,0,"""Wait until all the facts are in (if its obviously one of the protected groups)"" is always fun to see."
REDDIT50_1176,2,0,Sometimes the ban is worth it to say what you need to say
REDDIT50_1368,2,1,"[PERSON] often tell [PERSON] that [PERSON] expected better of them, and give them tasks far beyond their capabilities Knowing that if [PERSON] have the drive/initiative to succeed that they will work triple the pace and push far beyond their own limits Those who can't wash out quickly and save [PERSON] the trouble of letting them build seniority  [PERSON]'m a [PERSON] in most senses of the word, but [PERSON] reward them properly when they do well to compensate [ORG] requires taking [DATE_TIME] with no world experience and making them work at 150% the minimum, because [ORG] is literally retarded in how they translate work to hours allowed"
REDDIT50_1612,2,0,"[PERSON] can't say, [PERSON] stopped going when [PERSON] shedded most of my weeb-ness around [NUMBER] Sounds like it though."
REDDIT50_1692,2,0,"[PERSON] really do feel like the camel's back has to break eventually It seems each panic is even bigger than the last, and all it takes is [PERSON] to set off a chain reaction."
REDDIT50_439,2,1,"[PERSON] put a Drakengard image to open the article with  [PERSON] have earned me being a fan, without reading the article in the slightest  Edit: also a good article and summary of the retarded events that transpired."
REDDIT50_470,2,0,"And they waited until it was too late for anyone to back out or have second thoughts to be like ""woah [PERSON], hold your horses, don't get *too* excited (despite how hype we have been)"" to try and have some deniability after."
REDDIT50_621,2,0,"> [NUMBER] tweets a month? Are you SHITTING me  Don't forget that is on top of likely 1000s of texts and [ORG] messages, and likely [PERSON] and [PERSON] as well  Literal social media addiction."
REDDIT50_702,2,1,Yeah that's some really specific stereotypical [NRP] interests Almost perfectly  Next he will come out as an [ORG] because a girl named [PERSON] refused to leave [PERSON] for him because she is a whore who doesn't appreciate nice guys.
REDDIT50_82,2,0,"It [PERSON] consider that the base [PERSON] started from, it was slowly improving from there over time  [DATE_TIME] has seen [PERSON] regressing backwards into that time, which is the problem [PERSON] are having."
REDDIT50_1148,20,1,A [PERSON] in a [PERSON] costume who has sex with women is I guess at least slightly gay since he is dressed like a [PERSON] which is pretty faggoty.
REDDIT50_134,20,1,Yup  U mad  Don’t cry too hard into your soy milk faggot 😢 🥛
REDDIT50_135,20,1,[PERSON] got WTFPWN3D faggot.
REDDIT50_1358,20,1,"[PERSON], you [ORG] are so completely unhinged  You are probably going to be the next [ORG] Please don’t bring a gun to any congressional baseball games!  Seriously though [PERSON] need [MEDICAL_LICENSE] and [PERSON] need it bad Go see a doctor before [PERSON] hurt yourself or [PERSON]  What is your fascination with penises and cum?  [PERSON] should just come out of the closet already! [PERSON] will feel better! 🤣"
REDDIT50_136,20,0,"[PERSON], [PERSON] really rustled your rainbow-colored Jimmies!  Hilarious! 🤣   I’m not the one down voting you [PERSON]  It’s very sad that [PERSON] are so concerned with [URL]  Just when [PERSON] thought [PERSON] couldn’t get any more sad and pathetic! Lol! 😂"
REDDIT50_150,20,1,[NRP]!  Spoken like a [PERSON]!  Don’t cry too hard into your soy milk faggot!  😆 😂 🤣 😆 😂 🤣 😆 😂 🤣
REDDIT50_1667,20,0,Don’t cry too hard into your soy milk! 😭🥛
REDDIT50_1668,20,0,Found another purple-haired soyboy!  😆 😂 🤣 😆 😂 🤣
REDDIT50_1793,20,0,"[PERSON] sound triggered  Did your sippy cup run out of soy milk, [PERSON]? 😢"
REDDIT50_187,20,1,"Exactly! And [PERSON] didn’t talk with a fucking lisp or wave our limp wrists around like faggots, [PERSON] drink each others cum in a masculine way like [PERSON]!"
REDDIT50_195,20,0,[PERSON] will get probation or house arrest.
REDDIT50_45,20,0,The correct term is [CRYPTO].
REDDIT50_46,20,0,[PERSON]  Pick a fat roll and fuck it.
REDDIT50_676,20,0,😢🥛   Sounds like [PERSON]’re still crying into your soy milk! Hilarious! 🤣  How long can [PERSON] stay triggered anyway? 😂
REDDIT50_75,20,0,"Ummm sweaty..  👏🏻How 👏🏻 dare 👏🏻 [PERSON] 👏🏻 criticize 👏🏻 a 👏🏻 strong 👏🏻 independent 👏🏻 empowered 👏🏻 [PERSON]?! 👏🏻  [PERSON]’re totally being __problematic__ and __toxic__? And [PERSON]’re not allowed, mmmkay? 😤  Don’t [PERSON] know criticizing a [PERSON] for any reason is [PERSON]?!"
REDDIT50_1105,21,0,Hahaha   but seriously female genital mutilation is a real issue.
REDDIT50_1106,21,0,"Yeah of course, if not moreso because it is far more widespread   but this post is specifically about female genital mutilation."
REDDIT50_1108,21,1,"Well [PERSON] couldn't possibly have chosen a more racist way to call [PERSON] a [PERSON]  which is bravo, honestly"
REDDIT50_1585,21,0,why exactly? [PERSON] aren't explaining why? just being mean to me
REDDIT50_1789,21,0,"There's a lot of this sentiment going around twoX A top rated post was about  ""[PERSON]"" who turned around and punched a [PERSON] who was following a [PERSON] another was called ""[PERSON]"" and was about women attacking their [PERSON]   both posts were obviously fake advocating dangerous violence the idea is that women should take control of the situation the reality is frequently different nobody seems to care [LOCATION]."
REDDIT50_999,21,0,it's just a bunch of lyrics from songs [PERSON] like.
REDDIT50_1244,22,0,It gets better Butt hurt [PERSON] hack media [URL] posts a story about all of this with links to the now dead sub  [URL]  Even better have a look at this screen shot of the screen shot on the news article  [URL]  Do you see it? Look closer Every single post is at zero except for my troll post  Absolutely fucking hilarious.
REDDIT50_1299,22,0,Hell ya it has [PERSON] fucking suck.
REDDIT50_1340,22,0,">Simply not true   You do know absolutely everything that was on the sub was archived for public record off of [ORG] right?  >how many calls to violence against [PERSON] and his supporters on [ORG] should be tolerated before they are banned too?  None [PERSON] have a report button just like the rest of us Use it When [PERSON] see such things send it straight to the [ORG] All [PERSON] are saying by pointing this out is [PERSON] are two fucking lazy to report anything Do [PERSON] actually think for one second [ORG] on [ORG] actually read every single post on their subs This [ORG] that [PERSON] run, that [PERSON] are [EMAIL], that was on the list, who sees [ORG] non stop every single day mostly [ORG], with 180k subscribers If it does not get reported it does not exist to me Same thing goes with the [ORG] a million fold   >If I go on /enoughtrumpspam and call for [PERSON] to be killed, should they be banned too?  Ah see this is where your lack of understanding of how [ORG] functionally works is showing Your example can and does apply to [ORG] exactly and what [PERSON] have dealt with since [DATE_TIME] of the [ORG] and as such something [PERSON] have intimate knowledge of [PERSON] have a contentions topic and [ORG] have tried to get [ORG] banned by doing just what [PERSON] say In fact there have been multiple co-ordinated attempts to false flag this sub Pretty much a [DATE_TIME] occurrence So why have [ORG] not been banned and other subs have Simple [ORG] are not idiots So if [PERSON] came in here and said lets kill [PERSON] we as a [PERSON] are not guilty of breaking any [ORG] rules and so should not be banned The comment itself is against [ORG] rules but the [PERSON] has not broken [ORG] rules So the [PERSON] should not be banned !00% totally agree  So where did things go wrong for the [PERSON] that got banned?Their content was not illegal which we both agree T[PERSON] [ORG] are not responsible for what is posted there by [PERSON] with maybe malicious intent Agreed So where they went wrong is the [ORG] joined in on [ORG] rule breaking activity Just that simple That one little fact is the kicker So say for example [PERSON] broke [ORG] rules personally The [ORG] wont straight up ban [PERSON] or [PERSON] You get warned to check your shit If [PERSON] continue to break the rules [PERSON] will catch a ban If [PERSON] am the only [PERSON] in the sub to do it they will remove [PERSON] as mod Happened countless times so far with [ORG] If all the mods break the rules the sub gets killed Countless subs have been ended because of this By no means all [PERSON] have been killed [DATE_TIME] anyone? If after a [PERSON] is killed [ORG] pop up those get killed as well  There is no conspiracy at all The people who created the [PERSON] to get killed in all of this were not very smart They got their [PERSON] killed Just like if [PERSON] was an idiot and the other mods were this [PERSON] would be long gone If anything you should be ma[PERSON] at the [ORG] who took the topic that should be on [ORG] andfuckedthings up so bad they got themselves and the [PERSON] kicked"
REDDIT50_1388,22,1,Sorry to be '[PERSON]' but differentiating between ugly women and not ugly women is not sexist Please try to learn words before using them otherwise you just seem like an ignorant twat  We are pieces of shit yes of course That was settled long ago.
REDDIT50_1411,22,0,[PERSON] do know what sub [PERSON] are in [LOCATION]? No fucking leftist ever would claim this sub was on the left   You do know that [PERSON] can be on the [LOCATION] and not a racist Try that then we can have a discussion idiot.
REDDIT50_1709,22,0,"Mission accomplished  [URL]  [HANDLE] added [ORG] to the list Check bottom right of the screen cap He then promptly locked the submission as his sub was getting torn apart in it   Any [PERSON] whose message is so fragile that it needs to ban users, lock threads and censor the fuck out of the narrative is pure comedy Thanks [PERSON] Looking forward to you eating your hat when we do not get banned yet again"
REDDIT50_61,22,0,"Okay [PERSON] will bite  >for lying under oath would get punished the same as a typically very violent, and very physical act,   First off what is being referenced here is not punishment for a violent crime versus an non violent crime What is being referenced is where no violent crime has taken place and on the word of the [PERSON] a [PERSON] is sent to [LOCATION] So perjury can net a [PERSON] a long, as in up to a lifet[PERSON] in [LOCATION], where the punishment for perjury when discovered is trivial No one is arguing that a [PERSON] should get a light sentence for a violent crime against anyone Or that the sentences for violent crime and perjury should be the same  >[PERSON] being so big of an unashamed illiterate, that you actually believe shit like this   Women receive far lighter sentences for the same type of crime as men across the [ORG] in all crime categories excluding none Women caught committing the exact same crime as a [PERSON], ie [PERSON] is a co-defendant, receive lighter sentences than their male [PERSON] except in rare instances The more severe the crime where both male and [PERSON] of the same crime the women will almost invariably receive [DATE_TIME] less in sentencing   >you have the fact that false rape allegations resulting in convictions aren't a widespread issue in the slightest according to just, well, virtually every credible authority on the subject  This statement is incorrect The number of false rape accusations being detected has greatly increased since the hysteria that the [ORG] created by [ORG] highlighted that blindly believing an [PERSON] caused more victims to be created The whole title 9 fiasco where due process was removed from [PERSON] highlights the failing in the mentality As [PERSON] have pointed out above any [ORG] worth it salt has due process as a foundation stone of its [ORG]   Reading through your post history is pretty scary [PERSON] are a very angry person as pretty much all your posts revolve around [PERSON] saying [PERSON] are not a feminist and yet attacking and insulting anyone [PERSON] converse with Reminds me of saying, ""If all the [LOCATION] is full of assholes is it the [LOCATION] or [PERSON]?""  Anyways most of what [PERSON] wrote above is based on your assumption that violent crimes and perjury should be looked at the same That is not the case The rest is just an emotional rant  EDIT: [PERSON] have given [PERSON] flair You are going to love it :)"
REDDIT50_670,22,1,Fuck you racist cunt
REDDIT50_795,22,1,It saddens me when dumb racist cunts like [PERSON] show up in this great sub we have all helped create and think your backwards ass shit will fly here Most of us mods here founded [ORG] which I am sure [PERSON] did not know  There are plenty of places you can go Find somewhere else to be a [PERSON]  [PERSON];
REDDIT50_1031,23,0,"God DAMN! [PERSON] didn't know [PERSON] was trained in [ORG]! But then again how could [PERSON] not guess? [PERSON] is a [PERSON] on the [LOCATION] selling sticks He hasn't cut his hair in [DATE_TIME]! You don't fuck with those type of people, they're all super peaceful to counteract the **raging hatred** inside them for all humankind [PERSON] kept forcing it until his meditative calm broke, and paid the fucking price."
REDDIT50_13,23,0,"[PERSON] can see that The talking to the [PERSON] and ""refusing"" to talk to the [PERSON] works in cultures where they respect their elders ([ORG], [NRP] etc.)  If he pulled that shit in a [LOCATION] people would look at him like he was crazy If it were a [LOCATION] then the [PERSON] might have got in the [ORG] face because [PERSON] was ""disrespecting"" her lmao."
REDDIT50_1441,23,0,"Updated with more [URL] and more despicable actions The [ORG] is all coming out now, don't think [PERSON] is going to recover from this one."
REDDIT50_1465,23,0,"Some translation is needed to get through all the shit [PERSON] is spewing  *Here it is:*  >At first [PERSON] thought [PERSON] was some sort of performance artist but then it became clear that [PERSON] was not well  [PERSON] thought [PERSON] was fucking crazy, but that isn't [PERSON] to say so [PERSON]'m going to play ignorant for the [PERSON]  >'[PERSON] was screaming and shouting at [PERSON] and saying things like '[PERSON] am going to f****** kick you' then [PERSON] did actually kick [PERSON]  Yes [PERSON] heard [PERSON] say it, but [PERSON] was in shock that [PERSON] actually kicked [PERSON], [PERSON]! Doesn't [PERSON] know who [PERSON] think [PERSON] am? [PERSON] work in [ORG], and was only taking this train *ironically*  >[PERSON] was a bi[PERSON] and [PERSON] am only size eight.'  Even though this interview is about the attack, [PERSON] can't pass up this opportunity to show off how skinny [PERSON] am  >The [ORG] is keen to stress she does not blame this [PERSON], who [PERSON] desribes [sic] as being 6ft tall and of [NRP] descent  [PERSON] was a mentally ill foreigner, this is the perfect time to virtue signal about how much [PERSON] care about mental health and the plight of minorities!  >'[PERSON] remain more angry with those white middle class men who left [PERSON] to it  A [PERSON] can do everything a [PERSON] can do, [PERSON] just didn't want to get hurt that's all Yes, it makes perfect sense ((points nose in the air)) [PERSON]'s actually all THEIR FAULT for not **manning up** and taking my punches for [PERSON] How dare they not worship the [LOCATION] [PERSON] walk on [PERSON]'s misogyny I tell [PERSON], misogyny  >'Y[PERSON] are cowards with less empathy and strength than [PERSON].....  [PERSON] get a two for one [PERSON] can both insult their masculinity AND brag about my dress size again This is turning into such a wonderful day! That will teach those [PERSON] scum to show proper respect to a [PERSON] such as [PERSON]."
REDDIT50_1466,23,1,"Never have I seen such an indicator of a pussy ass TROLL lmao [PERSON] faggot /blocked Go bother someone else who can actually see your replies  What's that? Sorry can't hear ya you're /blocked So why are y[PERSON] replying to this? Damn, [PERSON]'re a bigger fucking dumbass than [PERSON] thought lmao."
REDDIT50_1543,23,0,">According to the [PERSON], her left hand became swollen and [PERSON] was in severe pain for [DATE_TIME]  [PERSON] must have shaken hands with [PERSON] and made him angry lol  >But [PERSON] testified that the [ORG] report was “grossly inaccurate” and denied telling them [PERSON] had screamed or shouted as loud as [PERSON] could when the handshake occurred [PERSON] also denied saying [PERSON] fainted at the [LOCATION] and an [ORG] was called  >[PERSON] further contended that [ORG] had no basis to make comments about her **possible mental health issues**  It's [DATE_TIME], already seen the fucking joke of [DATE_TIME] hahahaha"
REDDIT50_1686,23,0,[PERSON]'s mad because because [PERSON] chose to ignore [PERSON] on the [LOCATION] HAHAHAH aww [PERSON] /BLOCKED Go cry more.
REDDIT50_458,23,1,"Sounds like to me [PERSON]'re listing off [PERSON] qualifications:  - Selfish Cunt - Lies to the Court - Strong desire to prosecute people who refuse to take [PERSON] bullshit  Seems like the perfect [PERSON] to me, if this happened in [LOCATION], [PERSON]'d fit right in."
REDDIT50_53,23,1,"Nope, it's protecting [PERSON] from the consequences of their own bad decisions by sacrificing your own safety, for no other reason than that they have a vagina **Don't give a fuck what bullshit you spout,** that doesn't change  [PERSON] lol  If [PERSON] comes out of nowhere and punches a [PERSON] in the face for no apparent reason, [PERSON]'ll step to help them out I would also do the same for a [PERSON]   If that same per[PERSON] chooses to stay in a dangerous situation after [PERSON] and others have chosen to leave then fuck em [PERSON] made your bed, now sleep in it [PERSON] specifically need to be careful [PERSON], your bigotry and hatred is showing :)"
REDDIT50_829,23,0,"Will probably be worse This is [PERSON] is LUCKY he was filming The [PERSON] seems just like the type to attack him, get beaten in self-defense, then cry ""assault"" when the [ORG] show up  This is the type of shit that makes [PERSON] want put cameras inside my car Not because everyday driving is dangerous, but for that one time it's gonna be [PERSON] word vs theirs and the [ORG] think [PERSON] am too male and too black to be believed."
REDDIT50_832,23,1,"Of course, if a [PERSON] refuses to be [PERSON] then he is of no use to a [PERSON] He is worse than shit in their eyes."
REDDIT50_841,23,0,">[PERSON] said she's not satisfied with the [ORG] being put on administrative leave, which [PERSON] called ""a paid vacation.""  The [PERSON] that got arrested is right, this is **not a denial** until they get fired Right now it's a fucking reward Since they are both [ORG] AND females, [PERSON] have a strong suspicion that this is how it's going to go down [ORG] will investigate, purposefully find nothing, and leave these bitches with a 'reprimand' that affects them in no way whatsoever  Why do I think that? I have a [PERSON] that switched from the [ORG] to the [ORG] He said [ORG] everywhere are currently bending over backwards to recruit (and keep) [PERSON] Part of the reason [PERSON] left is because they got away with shit that no [PERSON] could ever do [PERSON] had b[PERSON] on the receiving end of that shit for too long and wasn't going to put up with it anymore."
REDDIT50_842,23,0,"The [US_PASSPORT] is given liberally because of political pressure to hire more [PERSON] (even if they don't pass qualifications), and because most [ORG] ask for a [PERSON] When they don't get [PERSON] [PERSON] said there are usually sexual assault allegations leveled at the [ORG], even if all the did was a normal search for their own safety (no weapons, no sharp object etc.)"
REDDIT50_95,23,1,"[PERSON] to get everything in the agreement on video This is one of the most thorough denials [PERSON]'ve ever seen  But just like [PERSON] thought would happen, the feminazi mental gymnastics come in at t[PERSON] end to try and justify [PERSON] perpetual victimhood no matter what happened in reality  ""[PERSON] was too scared to say no"" and ""[PERSON] felt that [PERSON] didn't have to say no, the [PERSON] should have read my fucking mind"" (Paraphrased of course)."
REDDIT50_1446,24,0,"Getting arrested at [DATE_TIME] for carrying a bottle of alcohol , not even being inebriated in any significant way, and for not giving your information to a [PERSON] for such fucking petty shit   [LOCATION] btw And what a great use of [ORG] time and tax payer money Gotta enforce those remnants of Victorian-era retarded cultural conceptions i guess, so important  And you people clap for this somehow."
REDDIT50_1448,24,1,"Yeah [PERSON], [PERSON] won by not being able to offer a rebuttal You're right by default because one of the retarded mods of this retarded hellhole of a sub gave me a retarded flair That's totally how logic wor[PERSON]  [PERSON]'m a [PERSON] because [PERSON] think that POSSESSING alcohol at [DATE_TIME] being a crime is completely asinine Makes total sense."
REDDIT50_1754,24,0,"So another post in [ORG] that has nothing to do with either :   * Entitled [PERSON]/women trying to get benefits because of the fact they are women  * Feminism in any way, shape or form  Instead it's just a [PERSON] who did an harmless silly thing and got punished for it   Tell me again how this [ORG] isn't just a [ORG] for pieces of shit to post their misogynistic hate porn ."
REDDIT50_1756,24,1,"So out of all the options [PERSON] could choose to style your argument around , [PERSON] chose garbled  incoherence Nice  >   If [PERSON]'re in the way, especially of [ORG] with live ammunition, then your ass is gonna get pushed out of the way  Since [PERSON] can't answer what i asked, [PERSON] go with retardation Got it   >  This is equality bitch  Oof , [PERSON] with silly [PERSON] anime name trying to be tough online [PERSON]'m trembling   My fucking sides [PERSON] are so pathetically transparent and pitiful."
REDDIT50_1757,24,1,"So your idea of responding to [PERSON] is a basic random ""no u"" [PERSON], as expected from the average [PERSON] in this sub"
REDDIT50_44,24,0,>  Being politically correct must be so fucking confusing To not blame the [PERSON] for fear of being racist and instead attacking [PERSON] to appear not racist  It's almost like no one thin[PERSON] like this and [PERSON]'re just an idiot for thinking otherwise Almost
REDDIT50_56,24,1,"> Oh please ((rolls eyes)) Reduction to absurdity fallacy,  [PERSON] like how [PERSON] invoke these pop culture falacy memes that [PERSON] don't even understand Meanwhile [PERSON]'ve literally learn how to build systems based on logic and just laugh at this shit  >   white knighting and nowhere does it include the [PERSON] Those are separate reasons than ""having a vagina   Except this had nothing to do with your perception of what knighting is or isn't [PERSON] don't give even half a shit about that, it'd to do with your retarded, illogical made up on the fly beliefs that fall apart under scrutiny  Taking something to the extreme isn't a fallacy by default [PERSON] It's how [PERSON] prove if rules are solid or not, literally one of the basic steps in proving logical statements and mathematical formulas    The sheer illiteracy combined with the misplaced arrogance is hilarious >  /FAIL  Imagine writing like this unironically >  Confident? No LMAO I expect them to run away just like most other [PERSON] would [ORG] is basic human nature  Another concept you don't understand Thankfully that's the reason  they're adding the word freeze to it  >  And how do incomplete sentences make me wrong? Oh yeah, [ORG] don't [PERSON] do Misplled Wrds  They just make you an illiterate Your post history is riddled with them, and it's not typos, it's blatant misspelling of words and deeply flawed and telling grammatical mistakes  >  It's been fun, but we are done You have failed to do anything but present more fallacious bullshit   Oh no the [PERSON] invoked something he doesn't understand, whatever will i do  >  Sorry, playing ignorant is a losing strategy because it's easy to spot and only makes you looks stupid  Playing ignorant? Do you not even know what a rhetorical question is? [PERSON]"
REDDIT50_69,24,0,"Brilliant insight  Spam [PERSON] more, that'll totally do something besides making [PERSON] think about how miserable [PERSON] must be."
REDDIT50_1,25,1,[ORG]? Ohh boy brace for a [PERSON] coming in [LOCATION] trying to hate a hole in some of her stupider countrymen.
REDDIT50_1047,25,0,"Not sure they were really second class More of a protected class, that among other things were protected from having to be in charge and do difficult things ""Women, at least the ones of your tribe/race or [LOCATION] were typically respected unless they were slutting around and possibly fucking with public health and societal cohesion Now, [PERSON]? Well the [PERSON] aren't human so how could their women be? Rape the shit out of them, they are only animals after all.""  Pretty much how [PERSON] thought [PERSON] reckon Funny thing as [PERSON] understand it even in [DATE_TIME] a lot of women didn't want to be involved in politics in any way even voting, as they wanted to do it correctly and that's a lot of effort to look into those running, or they saw it as all underhanded crooked nastiness and they didn't want any part of it  That's a lot of time and effort that could be used for important things, like oh I don't know **their fucking families!**  The only ones who seemed to give a shit were barren or [PERSON] who basically had [PERSON] raise their children for them(not really the best idea) didn't have to tend house either as they had servants for that too and were bored That's why normal women didn't really give much of a fuck for feminist bullshit until public schooling both came around and as largely mandatory and they had appliances to take care of most of the house work Then they got bor[PERSON]  Seems to me that the fucking [ORG] should stop trying to take women's jobs from them."
REDDIT50_1335,25,0,"What a shock a [PERSON] wants to lie and bitch about things that require responsibility and honor  Robocop was a fun movie though, [ORG] was in a way, but I feel it may have been even fucking better if it didn't pull some bullshit propaganda from that dipshit Funny [PERSON] gives the  [ORG] shit for propaganda and just does the same shit I think all people can be at danger for hypocrisy but [PERSON] find the smarter *[PERSON] think [PERSON] are* the more and more certain [PERSON] are to be an insufferable hypocrite."
REDDIT50_15,25,0,Given [PERSON]'s childish and unstable temperament how likely do you think it is for him to lose his shit in the [ORG] and it both torpedo his own case and give a nice fine for being held in contempt of the [ORG]?
REDDIT50_1509,25,1,"Yep [PERSON]'s I guess if you forgive my bard level faggotry, delightfully flawed- or at least [PERSON]'s characters are, and flawed but not shit written characters are the best ones IMO  [PERSON] despite of everythi[PERSON] is the most competent in his [ORG] by dozens of leagues, because [PERSON]'s the only one that completely controlled by pure whim, and arguably lust Which sounds hilarious given what a horndog he is, but regardless of how often his ""steal"" ability grants him frilly unmentionables, this is not his intent- it's just a roll of the dice( well his second use when he got [PERSON]'s knickers I think he was tr[PERSON] for them- but [PERSON] think [PERSON] was going for [ORG] because [PERSON] wanted to humiliate the conceited [PERSON] [PERSON] just doesn't get them due to fan theory that [PERSON] agree with, that [PERSON] doesn't WEAR any and if they exist his steal ability seems to have a laser guided focus on [PERSON], so it went to the [LOCATION] a foot over which was wearing some  Still, think of it [PERSON] refuses to learn any skills that doesn't buff [PERSON] explosion magic, it may be because [PERSON] sees it as the ultimate cool and [PERSON] race is like cool for it's own sake magical otakus, but given how [PERSON] behaves talking about [PERSON] one spell or using it, [PERSON] seems to *literally* get off on using it- even more suggested by [PERSON] demand to be able to shoot off one nuke a day even if there isn't anything that needs it- though given [PERSON] age and the fa[LOCATION] [PERSON] might have just found the puberty fairy(but sadly not the boob fairy) the spell might actually get [PERSON] off, and unlike what some people claim girls can be just as much(and the more years I live [PERSON] s[PERSON] even MORE)horny than dudes, and given found the awesomeness of explosion orgasms [PERSON] ain't gonna give that up if [PERSON] can at all help it Then there is the wondrous clusterfuck of useless lust that is darkness, which you don't even have to imagine being there- it's shamefully(how appropriate) shown for all the world to see [PERSON] was intentionally gimped her accuracy stats- or might well be *deliberately* missing [PERSON] strikes because as is shown by [PERSON] when he controls [PERSON], [PERSON] can hit like a mac truck on hate and crack Well what fun is one shotting monsters when [PERSON] honestly seems like [PERSON]'d rather be an adventurer in the [LOCATION]? [PERSON]'d rather be taking the hits than giving them honestly it would make more sense if [PERSON] just bought a shield and never took a sword with he[PERSON]- then again that might also defeat the *purpose* for [PERSON]  In comparison [PERSON] is going massively into [ORG], which usually gimps the fuck out of you in most games- video games anyway, maybe it works better in p&p games where the point is writing a story through your actions so letting you do whatever you want as long as it doesn't fuck with the [PERSON]'s plot is encouraged Also given how cripplingly insanely overspecialized the other [ORG] members are the only way to save the [ORG] is probably for [PERSON] to go full utility Save [ORG] Oddly enough [PERSON] has power and [CRYPTO] and to spare, [PERSON] idi[PERSON] is what makes [PERSON] useless That and [PERSON] spoiled bitchy attitude Take the frogs, now I dind't know this until [PERSON] who may have guessed or it's spelle dout in the other mediums, that the reason [PERSON] didn't kill the fuck out of it with shit like [PERSON] was because being a **WATER** goddess, even her holy attacks still have a dual element with [CRYPTO] If [PERSON] wasn't stupid [PERSON]'d *KNOW* that and not try to directly attack the frogs with spells and just [PERSON] or heal [PERSON] Fuck [PERSON] was so stupid when [PERSON] was smiting the dulahan [PERSON] didn't seem tot think her smiting/turning didn't have *any* effect on [PERSON] because it didn't one shot [PERSON], despite [PERSON] rolling on the ground screaming You'd think [PERSON] was an earth goddess for how fucking dense [PERSON] is  #tookinkytotorture #itisn'trapeifyouwantit"
REDDIT50_1511,25,0,[PERSON] tried to make a konosuba party in [ORG] even with the 4 player mod I'm not sure if [PERSON] can manage it They are too overspecialized to be useless save [PERSON] who is too [PERSON] of all trade [PERSON]'ll try though.
REDDIT50_1700,25,1,"It's projection once again [PERSON] feel ""Entitled"" to our fucking [CRYPTO] and adoration, and get pissy when [PERSON] don't give it Try earning it you [PERSON]  They don't *have* to give us th[ORG] [PERSON] want, it's not the [CRYPTO] Nor do [PERSON] *have* to give [PERSON] any fucking [CRYPTO] The only thing that could be law or a have to thing would be [PERSON] not overly lying about what [PERSON] mean to sell us, and that's a grey area legally what with the concept of Caveat emptor and such  Having said that [PERSON] sat through a pretty funny rekita law stream where a [PERSON] sued to get his down payment back on a [ORG] becau[PERSON] the [PERSON] didn't warn him it was haunted  If [PERSON] understood the judgement properly, the [PERSON] won The [PERSON] did tons of ghost related dad jokes and seemed to rule that ""Yeah you should have warned [PERSON] it was haunted, how was [PERSON] suppose to know?""  So the [LOCATION] is *legally* haunted."
REDDIT50_21,25,0,You can also pick up some highly entertaining stories there [PERSON]'ve got a couple [PERSON] read that [PERSON] saved in a text file if anyone wants to hear them  [PERSON] think most of them are fairly SFW.
REDDIT50_268,25,0,[ORG] suffer from lack of [PERSON] Sure have a lot of npcs in them though.
REDDIT50_272,25,0,"Funny how [LOCATION] and those lefty types hate [PERSON], there are fucktons of talk about [ORG] in [LOCATION], and guess what they are trying to act like it's a sexuality and perfectly valid in places like [LOCATION]  They seem to just hate the idea when it *doesn't* make victims  At this point [PERSON]'d question what evil thing these fucks want out of something even if [PERSON] suggest something normal is okay or good they are so mind fucked and twisted."
REDDIT50_295,25,0,"[PERSON] have some cider but [PERSON]'d rather space it after [DATE_TIME] after [PERSON] take my anti-depressants  [PERSON] thought about getting some bourbon but as much as the taste is fine it seems to numb my mouth pretty fas[PERSON] Yay autistically sensitive. well senses  Maybe [PERSON] should get some and mix it in stuff [PERSON] tea maybe?  Also [PERSON] did that cause [PERSON]'m cheap, and a [PERSON] said it was good Though he told me when [PERSON] have my opinion to it  ""I think [PERSON] have an unrealistic exception of alcohol Apple cider is not going to taste like apple juice+ additional alcohol.""  It wasn't too bad though It wasn't fucking beer I don't much care for beer It's the taste at the back of a swig, or a sip I think that's the hops? It makes me think of coffee and the bitter taste at the back of it no matter how much shit you do to that coffee Though mikes or this cider [PERSON] an stand, though [PERSON] could taste the lemon more in mikes than the apple in this  <shrugs>  Besides [PERSON] may go back to sleep and [PERSON] probably shouldn't drink right before doing that Maybe [PERSON]'ll be wrong, maybe [PERSON] will have a good life- or at least the kind of meh life [PERSON] have without having children [PERSON] didn't want(not [PERSON] more like [PERSON]) and then emotionally abuses or shit  While [PERSON](debatedly deservedly) on [PERSON]'s writing there is one line in [LOCATION] that struck profoundly with me  (Gonna obfuscate it even though it's a bit old for spoilers sake)  You have an [PERSON] in a [LOCATION] staring death in the face looking at a grave of his [PERSON]  ""I didn't understand what [PERSON] meant at the time, but [PERSON] told me that living a good life isn't about changing the world- it isn't about making things 'better', it's about not making the [LOCATION] any worse than it was before [PERSON] entered into it, when [PERSON] finally leave it.""  This is a *fundamental* problem with the understanding of people like [ORG] Unless there is a massive current problem starring [PERSON] in the face Stop trying to ""fix"" everything [PERSON] will likely just make it worse Stop changing things that don't need changi[PERSON] [PERSON] are making your existence upon this [LOCATION], your entry into the experiment that is mortal life, a net negative for everyone else- and possibly even [PERSON] [PERSON] NEED far more discipline and humility than [PERSON] tend to currently possess [PERSON] probably have too much and it turns into a kind of self loathing  [PERSON] *are* fuck ups because [PERSON] never stop and reflect, and ask if [PERSON] might be making a mistake [PERSON] constantly ask myself if [PERSON]'m doing the wrong thing [PERSON] never ask myself ""you know [PERSON] might be doing the right thing"""
REDDIT50_42,25,1,"[ORG]'s a vehicle to give them, [CRYPTO], power, respect The bullshit and lies and broken souls they ensnare are the fuel  It's a [ORG]- full stop, not like [PERSON] *is one* [PERSON] liked to call [ORG] the ""opiate of the masses"" how convenient when you are a fucking dealer  Sure there are some [PERSON] who believe this shit but let's face it for most of them this is their gravy train  Emotionally whole, functioning, [PERSON] have no need for a [ORG]- so at best they are useless to them, at worse they can try to *actually* help their converts, which costs them  While more subtle and societal pressure and manipulation based, do not be fooled- [ORG] are just the same fucks as [PERSON] or [PERSON] If you aren't a useful asset, or out of their way(often this isn't good enough either) [PERSON] are a problem and [ORG] will fucking deal with [PERSON] If they can do it by talking shit on twitter fine, if not [PERSON] try to get [PERSON] fired from [PERSON] a job or make it so [ORG] won't give [PERSON] loans  They have no depths to which they will *not* stoop [PERSON] invented [ORG], and while rich brought strangers into her own home She went to [ORG] saw a poster of [PERSON] on the wall and said fuck this  The cunts lied and stole the credit for the hard work she had done, then killed her pet and mailed her pieces of it, making her flee the country  So yeah, [PERSON] will do anything up to and including murder and maybe even *worse*  Even some [PERSON] [LOCATION] don't see to get how bad some of these [PERSON] are Not all of them sure, and as much as [PERSON] fucking hate saying [PERSON] like this- they are part of the problem(the useful idiots in [ORG] and such not necessarily naive or ignorant posters here)  [PERSON]'m largely individualist but collective judgments make sense when the expectation [PERSON] have are because they keep doing the same twisted and evil shit, time and again, and don't denounce it, or applaud it After all no one is born feminist or [NRP], it's a choice and [PERSON] can renounce the entire thing at any fucking moment."
REDDIT50_572,25,1,Or much strength  It's like the nobles back in [DATE_TIME] were terrified as crossbows While you can train and be better at them It doesn't take more than like a day to train a [PERSON] that isn't inbred and retarded as fuck  [PERSON] took a lifetime to train Not just the techniques but also the physical strength needed [PERSON] took a lifetime to train  They want to be the only ones in control of the ability to direct deadly force Like the [ORG] who don't want their [ORG] to have guns Because then they can't fuck them over without getting shot for it.
REDDIT50_576,25,0,"Well [PERSON] think [PERSON] aren't actually female and are a transtrender so yeah, these black holes of empathy aren't happy unless [PERSON] can play themselves in everything  Can you imagine being so self absorbed [PERSON] can't play video games unless [PERSON] are in them? Hilariously [PERSON] who acts like that are insufferable and boring fucking people [PERSON]'m a pretty boring person and even if [PERSON] had to play as myself in a game it would be more interesting than playing as those fuckers."
REDDIT50_638,25,1,What a bunch of chundering cunt bags.
REDDIT50_756,25,0,"The thing is even if they were shitheads still, if  [PERSON] were honest about things [PERSON] wouldn't mind so much  Unless [PERSON] were hardcore evil in their true state but other than that it's like, ""It's okay [PERSON] only watch this show because of something stupid and don't really understand it, just don't act like [PERSON] do and don't give [PERSON] who appreciate it all the way shit.""   basically don't be a dick constantly."
REDDIT50_758,25,1,It's like Say [PERSON] want to play single player [ORG] with a hack for invincibility and shit on [PERSON] don't care I mean [PERSON] don't get the point and would find ti boring but as long as [PERSON] don't use that shit to be a dick to people(at least [PERSON] are playing on the same [LOCATION]) [PERSON] don't care   I mean some would get butt hurt but why care what the [PERSON] who think [PERSON] must do no death runs or [PERSON] don't like the game thinks  Like in back to the future 3 Why the fuck should [PERSON] care what random jackasses think of [PERSON]? Pride is typically a retarded self limiting emotion.
REDDIT50_759,25,1,"[PERSON] mean the **""M WORD?'**  Hearing that [PERSON] call it that made [PERSON] want to smack [PERSON] with a live angry catfish, granted if they are alive they are *always* angry."
REDDIT50_767,25,0,"[PERSON] think [PERSON] finds a grim satisfaction in it, but honestly [PERSON] seems like such a damaged and broken [PERSON] that [PERSON] probably finds little joy in anything of life, [PERSON] probably just has a fire of vengeance in [PERSON] and [PERSON] will go on until [PERSON] kills every last one of them enough to convince [PERSON] [PERSON] wiped them all out(unlikely) or [PERSON] dies in the attempt  [PERSON] have only read some summaries and seen the first episode but honest if [PERSON] were to succeeded at killing every single goblin I think [PERSON]'d probably kill himself, because his purpose is fulfilled and there's nothing in life to keep [PERSON] living it  Honestly if that's how the series ended it would make sense, and probably be more bittersweet than really sad or angering."
REDDIT50_892,25,0,"Well [PERSON] might be stupid, but at least [PERSON] don't think it was intentional Wasn't there a [PERSON] who had a [PERSON] in the [ORG]?"
REDDIT50_954,25,0,"[ORG] think only the [ORG] count as the ""[ORG]""  If [PERSON] was to make a blog about politics [PERSON] would be the fucking ""[ORG]""."
REDDIT50_1245,26,0,"This is an odd one, because when you factor in  national shaming by [PERSON] deeds being sent [LOCATION], [PERSON] actually have sympathy for [PERSON] now  [PERSON] is a drunk mess and we have all been there, [PERSON] made a nu[PERSON] of [PERSON] and behaved inappropriately and was escorted out all good and fine  however now [PERSON] face and behaviour is shared [LOCATION] i think [PERSON] is paying a higher price than [PERSON] ""crime""  and if [PERSON] were honest with yourself im sure [PERSON] rather pay a fine or some extreme punishment that [PERSON] drunken flirting being internationally mocked and shared   all of us have been a bit of a twat when drunk at somepoint, that doesnt warrant world wide shaming in [PERSON] opinion"
REDDIT50_1559,26,1,"This may come as a shock to a [PERSON] like [PERSON], but [PERSON] dont go around assaulting [PERSON] in [LOCATION] so there is no footage and would be no footage of [PERSON] doing such a thing, likewise [PERSON] dont go around defraud[PERSON] and if [PERSON] did [PERSON] would have no grounds to complain if [PERSON] was named and shamed for the world to see  is there anything [PERSON] actually do get right?"
REDDIT50_1561,26,0,"[PERSON] dont need to, [PERSON] am not the one advocating for [PERSON] not to be exposed for [PERSON] crimes, that would be [PERSON], the burden of proof is on [PERSON] not [PERSON]"
REDDIT50_1564,26,0,">[PERSON]’ve just decided that [PERSON]’re too large of a moron to reason with   oh the fucking irony, especially after it was [PERSON] who first declared such a thing and hence just called [PERSON] an idiot and didnt bother addressing anything further but [PERSON] go ahead and pretend its [PERSON] not bothering with me lol"
REDDIT50_1658,26,1,"[PERSON] like to imagine all the background detail of all of this, like [PERSON] bragging about their [PERSON] and how ""successful"" [PERSON] is to other [PERSON], and using [PERSON] as a massive case of how ""the future is [PERSON] etc"" to [PERSON]  Yeah how did  that turn out eh?  [PERSON] was worse than unsuccessful, as there is no shame in trying something sincerely and failing, but defrauding [PERSON] there is nothing but shame  [PERSON] remember reading a [ORG] news article [DATE_TIME] on [PERSON] singing her praise about how amazing [PERSON] is (when [PERSON] was valued at [CRYPTO]) and thinking ""wow i wish i was in [PERSON] shoes"", lol  not only has [PERSON] life gone from being a billionaire to being worth [MONEY] [PERSON] is worth less as [PERSON] will be in [ORG] now  [PERSON] deserves everything [PERSON] gets"
REDDIT50_1716,26,0,"i dont think [PERSON] have thought this through  if the majority of [ORG] in history have been men, then your [PERSON] will be [PERSON] to, so for every victory [PERSON] achieves his adv[PERSON] also [PERSON] gets a loss making no difference (equal win and loss)  so you can only compare men versus women heads of state conflicts and so if women lose 30% of those conflicts by definition the men must lose 70%"
REDDIT50_1718,26,0,"OMG this is actually hilarious, and what i love is [PERSON] are so arrogant to think [PERSON] are correct and [PERSON] incorrect  >That's some gender studies-quality math [PERSON] got there  [PERSON] are so stupid its hilarious so lets begin in showing the world what a proven moron you actually are  > [PERSON] win wars against [PERSON]  ok so there are [NUMBER] winners and [NUMBER] losers which ARE ALL MEN! net result zero,   i.e for EVERY [PERSON] WINNER THERE IS A [PERSON] LOSER (how can you not understand this its fucking obvious)  so for men as a whole, total victories [NUMBER], total losses [NUMBER], net result 0 ([PERSON] on male)  the exact same principle is true with ""[PERSON] versus [PERSON] wins/losses"" and ""horse versus horse wins/losses"" ""ducks versus ducks wins/losses""  hence the only valid metric is ""male versus female conflict""  if they have [NUMBER] conflicts and [PERSON] win X number of them then the men win [NUMBER]-X conflicts (assuming no draw just win lose conditions)  in my example i gave 30-70 split to show it has to always equal 100 as a percentage   HOW DO [PERSON] NOT UNDERSTAND THIS? are you genuinely learning impaired?"
REDDIT50_1724,26,0,"[PERSON] genuinely are the most stupid [PERSON] i have ever met in my life, so stupid its actually depressing (genuinely depressing)  dont believe me? take this conversation to a [PERSON] and [PERSON] will show [PERSON] S-L-O-W-L-Y with sock puppets just how retarded [PERSON] are becuase its pretty evident [PERSON] are so fucking stupid [PERSON] STILL CANT UNDERSTAND without some specialist intervention why what [PERSON] have wri[PERSON] is so idiotic and demonstrably wrong (despite it being teased out and walked through at [PERSON] at length)  I would honestly guess [PERSON] are in the bottom 5% of [LOCATION] intellect wise ([PERSON] are genuinely that dumb)  [PERSON] am embarassed for [PERSON], as is anyone who reads this conversation who isnt a moron, may [PERSON] have mercy on [PERSON], as [PERSON] [PERSON] are going to have a VERY hard life with the shit [PERSON] have for brains."
REDDIT50_1728,26,0,[PERSON] are literally a moron
REDDIT50_193,26,0,"hopefully its not just [PERSON], i wouldnt employ [PERSON] to clean my toilet, hopefully [ORG] have similar standards."
REDDIT50_291,26,0,"no complaints from [PERSON], its the fucking hypocrisy of this [PERSON] that really boils my blood"
REDDIT50_297,26,0,"and ironically there is a theory that racism can actually be an evolutionary adaptive trait of the human condition (i.e we are prone to be racist as a natural impulse)  for this very reason  If [PERSON] meet significantly different [PERSON] from [PERSON] who are the result of isolated different selective pressures that are so powerful that they have lead to massive changes in visual identity (i.e skin colour eye sh[ORG] etc) the liklihood that they could be carrying unknown diseases which could wipe out your [ORG] is much higher, because your exposures have been radically different, likewise from their point of view too, [PERSON] are a hostile threat to be treated with suspicion as [PERSON] are a disease risk also"
REDDIT50_514,26,1,"by people in the [ORG] you mean [PERSON] right?  [PERSON] really are a special brand of  ""fucking stupid"" allow me to spell it out to [PERSON] and your ""[ORG] chums"" (cough [PERSON] cough)  in response [PERSON] wrote the following  [PERSON]  >While [PERSON] agree with the spirit of your argument, it's a poor argument in that many women have been sidelined in history or were simply not allowed to be in the same positions as men  to explain why women weren't at the forefront of all technological and business achievements  then later you justify why there are no [ORG] or [ORG] since equality was achieved under the law [PERSON] justify it as  [PERSON]  >""More men tend to want to be business tycoons""   and it has to be pointed out to [PERSON] at length like [PERSON] [PERSON] because [PERSON] are so fucking stupid that both [PERSON] and [PERSON] ARE DIFFEREN[PERSON] REASONS [PERSON] FUCKING IDIOT, SO IF [PERSON] WAS TRUE [PERSON] IS IRRELEVANT  but being the fuckwit [PERSON] are, [PERSON] make one claim then when make another which makes your previous claim redundant  your first argument if [PERSON] follow JUST [PERSON] OWN LOGIC is that   ""we dont see women leaders/titans in [ORG] because they were held back/disallowed from jobs they DONT WANT TO DO""  Just read those words and consider how fucking stupid [PERSON] and [ORG] are  [PERSON] [PERSON] are an embarrassment to yourself and everything [PERSON] put your name to  [ORG] still waiting for that area/industry/skill where women dominate men in competence/competition/results...........//[URL]//"
REDDIT50_516,26,1,"oh dear god i actually think [PERSON] have a learning disability, [PERSON] are genuinely one of the dumbest people (who was serious) i have ever seen on [ORG], congratulations  there is absolutely zero point [PERSON] wasting my time explaining your piss poor retardedness that [PERSON] can so clearly see, because being such a fuckwit [PERSON] dont even have the brains to process what is going on (literally too dumb to even have a conversation with [PERSON])  [PERSON] have no value [PERSON] cant even comprehend a single simple point and its so embarassing [PERSON] are this stupid that its just depressing now   [PERSON] have been repeatedly exposed as a [PERSON], by [PERSON] OWN ARGUMENTS AND INABILITY TO COMPREHEND SIMPLE SENTENCES, and are too dumb to even realise it when it was explain at length  everything about [PERSON] and your position is 100% cringe, the mere fact [PERSON] think ""[ORG]"" is some thesaurus /r/iamvertsmart material just speaks volumes of your ""Level"" and education (newsflash that is standard language used by [PERSON] who weren[PERSON] raised in a [LOCATION] and didnt have to wear a helmet at [DATE_TIME] to prevent themselves from injuring themselves like all the other ""special"" people)  based on your reasoning ability  and comprehension skil[PERSON] [PERSON] are the equivalent of "" [ORG]""  the fact [PERSON] think [PERSON] have anything worthwhile to say is adorable, and its even funnier that [PERSON] actually think [PERSON] wrong and [PERSON] are correct  This is basically [PERSON]: [URL]  And the fact [PERSON] are STILL too stupid to see that makes it even more delicious   [PERSON] wept."
REDDIT50_1349,27,1,Because [PERSON] is a cunt  I guarantee [PERSON] would not defend any [NRP] who wouldn't bake a cake for a [ORG]
REDDIT50_1372,27,1,"At least the [PERSON] are wising up to some of this shit  [ORG] aren't going to charge these lying cunts, all we can do now is pass our knowledge to [PERSON]  Good on this [PERSON]."
REDDIT50_1375,27,1,What's sad is how [PERSON]'re attempting to take blame away from [ORG] while engaging with [ORG]  Two wrongs don't make a right  And those who engage with [ORG] are well...
REDDIT50_1631,27,1,"Had an [PERSON] who would constantly say: ""Stop yelling at me!!""  [PERSON] honestly never raised my voice to [PERSON] once  [PERSON] would put [PERSON] in her place and to [PERSON] that meant [PERSON] was ""Yelling""  Dumb cunts"
REDDIT50_555,27,0,Well [PERSON] mean [PERSON] is a sack of potatoes [URL]s astute observation
REDDIT50_626,27,0,"[PERSON] forgot to capitalize the word [PERSON], smarty pants."
REDDIT50_68,27,0,[PERSON] in the ass
REDDIT50_831,27,0,\\[URL] for dashcam
REDDIT50_1071,28,0,"So [PERSON]'ve got to ask.. [PERSON]'ve limited interaction here on [ORG] and each time [PERSON] feel the need to include something like ""watch the whole thing.. blah blah blah""  Why?  It's clear [PERSON]'re not a user here giv[PERSON] your only involvement is in your own ""[PERSON]'m totes not trying to sell a narrative"" posts so [PERSON]'m wondering if [PERSON]'re just a seller of [CRYPTO] or what"
REDDIT50_1142,28,0,"> [PERSON]  The rules, if [PERSON] want to check, do not say ""well if [PERSON] make a reasonable argument you can also insult the [PERSON]""  So wrapping up what [PERSON] said with the above crossed into dickwolfery."
REDDIT50_129,28,0,But but but they said something [PERSON] dislike so they rules shouldn't apply  No  [PERSON] breaks a rule report it.
REDDIT50_708,28,0,"> [ORG] is banning entire subs for wrong think   Well I'm sure [PERSON]'ve adequate proof of that concept, right?   > How are we going to discuss that here 'when it affects us' if the effect it has on us is our removal?  So, [PERSON] think a better idea is to.. what? Make some assumptions and freak out thinking that [PERSON]'re next?   Because in the end there's a lot of assumptions [PERSON] seem to want to make and to this point [PERSON]'ve not seen proof of."
REDDIT50_709,28,0,"> How hard is it just to not delete posts?  Easy as can be  And that's the request we get damned near every time [PERSON] thinks their 'amazing post' is something that EVERYONE needs to see ""Oh please it got up votes and [PERSON] think it's important so it should ignore the rules because reasons."""
REDDIT50_710,28,0,"Dawwww, seems your butthurt is overflowing [PERSON]  Show us on the [LOCATION] where the bad mods touched you."
REDDIT50_711,28,0,"Oh no, some [PERSON] doesn't like me.. whatever shall I do."
REDDIT50_714,28,0,"Up to three opinions, big day for [ORG]."
REDDIT50_1439,29,0,Well bless [PERSON].
REDDIT50_1483,29,0,That is such bullshit No way you can get a +4 warhammer of frost more than 1/8th an inch into chocolate before it is too hard.
REDDIT50_1490,29,0,"[PERSON] have [LOCATION] there isnt even a crime called rape just sexual assault they are literally the same thing, go educate yourself."
REDDIT50_1769,29,1,"No the point is one way is acceptable to say, and the other gets laughed at Not both One actually happens and i am glad [PERSON] agree it is retarded It would be retarded to do to women what we ok doing to men, but we don't."
REDDIT50_300,29,0,"Actually it does, the laws are fine, [PERSON] are shit When it comes to rape [PERSON] seem to care about following the laws at about the same level as [PERSON]."
REDDIT50_431,29,0,[PERSON] mostly despise the hot ones too.
REDDIT50_613,29,0,That and [DATE_TIME] NOBODY WOULD LISTEN!
REDDIT50_694,29,1,"[PERSON] know, and that is why it is so sad It's not like [PERSON] collects diamonds [PERSON] just wants his happiness Fuck that cunt."
REDDIT50_895,29,0,[PERSON] know how [PERSON] are too dumb or ignorant to even speak properly? It's that It isn't even a race thing unless [PERSON] are a racist.
REDDIT50_936,29,0,Is it? What if [PERSON] said buy a [PERSON] and some flour and if [PERSON] is a [PERSON] you will get some  penne bolognese?
REDDIT50_938,29,1,"Also just incase [PERSON] are ESL and not dumb We say ""[PERSON] are bad at something"" to say ""[PERSON] seem not good at something"" makes [PERSON] sound retarded Just so [PERSON] know."
REDDIT50_1307,3,0,Go whine about every under cover reporter and cop then  I think you're just mad that the [ORG] got revealed
REDDIT50_1308,3,0,"Is this irrelevant bellyaching how [PERSON] close off *every* conversation where [PERSON] makes a point [PERSON] can't address, or am [PERSON] just the lucky one?"
REDDIT50_1311,3,0,"Yeah, but what do you think about undercover journalism and police work, though? Are they liars that should feel ashamed of themselves?"
REDDIT50_1312,3,0,"At [DATE_TIME], all you have left is [PERSON]"
REDDIT50_170,3,0,">All the others can be fought on the basis that it hurts nobody and is just [PERSON] wanting to live a different life [PERSON] literally can't do that for pedos,  Why? Every other letter in the LGBT acronym is associated with suicide, mental disease, depression, domestic violence, and virtually every other vice you could possibly name to conclude ""This is harmful""  So why would all that same shit suddenly matter when talking about pedophilia?"
REDDIT50_171,3,0,">If [PERSON] really can't see the difference between a [PERSON] giving another [PERSON] a blowjob or forcing a [DATE_TIME] to do the same, then there is no reason for us to have any further debate  If that retarded fuc[PERSON] is really what [PERSON] extruded from my post, then I completely agree   It's really simple If you want to prove, as [PERSON] claimed, that pedophilia hurts people, then [PERSON]'re going to have to give stats about the kinds of lives [PERSON] live  Are they depressed? Are they sexually disfunctional? More likely to abuse drugs? More likely to kill themselves? More likely to go on to abuse [PERSON] themselves?  But wait!  *That's all true of the [ORG]*   The ""It's the stigma, sweaty"" argument has already been written in advance of your position   >As for the rest, being gay is not a choice, so it doesn't matter if a [PERSON] is more likely to be depressed  Oh look, another thing they're already saying about pedos   >just to clarify if you want me to believe those claims I am going to need the scientific papers, and proof that their [PERSON] are pro gay rights  ""Just to clarify, [PERSON] reserve the right to pretend to be unaware of things if [PERSON] don't put in [DATE_TIME] of work to reach my arbitrary standards"""
REDDIT50_609,3,1,What's the chances [PERSON] even knew what [ORG] was before this [PERSON] brought it up just now?
REDDIT50_871,3,0,"[PERSON] the line was crossed when [ORG] stepped in  OK, [ORG] wants to be a bunch of faggots; fine  [LOCATION] where [PERSON] are allowed to speak their mi[PERSON] will step up and give [ORG] some competition  [ORG] annoyed [PERSON], but [PERSON] wasn't in the ""Somebody needs to step in!!"" camp  So [PERSON] think [PERSON] even disagree with [PERSON] that a [ORG] shouldn't be allowed to act like [ORG] and [ORG]   But now that [NUMBER], [ORG], [ORG], [ORG] and [ORG] are all working together to *ensure* nobody can d[PERSON] meaningfully from [ORG]'s [URL]at's where [PERSON] have a problem"
REDDIT50_90,3,0,"[PERSON] don't get it  Isn't 'completely illegal' just the ultimate form of 'strict regulations on it's sale'?  Why would ease of access go down and down as regulations got tighter and tighter, then suddenly leap up to 'a whole lot easier' when the regulations were absolute?  I mean, this *might* be easy to accept if there wasn't billion dollar black market in the [LOCATION] on 'legal but strictly regulated' drugs right now"
REDDIT50_124,30,0,">  > [PERSON] and all the other [PERSON] like him seriously needs to be punched in the face maybe then some sense will be knocked into him  I don't think that would work If a [PERSON] did it, it would ""prove"" his point If a [PERSON] did it, [PERSON]'s just one of the 1% of violent people who are women."
REDDIT50_344,30,1,"Haven't watched the video, but that sounds like the [ORG] in [URL] who think all conservatives get their information from [ORG] Or all pro-gun folks are lower-class white redneck Co[ORG]  The problem with the ""it's just [ORG]!"" argument is that [ORG] is big and powerful They harassed a [PERSON] into a suicide attempt because she was a [PERSON] who drew a fat chara[PERSON], and didn't relent even when the staff of the [ORG] told them to cut it out"
REDDIT50_395,30,0,"For the record, [PERSON]'m a [PERSON] who actually owns the [ORG], and there's nothing gendered in it at all [PERSON] don't know what [PERSON] is talking about   [PERSON] didn't finish it, mostly because of those really obtuse puzzles [PERSON] had to keep looking up  Like that stupid candy  Of course, [[PERSON]'ve seen [PERSON] make a very good argument that it was the obtuse puzzles themselves that contributed to the downfall]([URL] Plus, [ORG] became the big thing, and it's very hard to make a PnCA on consoles."
REDDIT50_639,30,0,"There's something hilarious about [PERSON] projecting their flaws onto others [ORG] or [ORG]\\*, it doesn't matter I love it when they call others closed-minded while the [PERSON] sticks their fingers in their ears  Incidentally, [PERSON] blocked literally every single person in the notes who questioned them, and everyone who reblogged from them,  [including a [PERSON] who asked politely]([URL] There's about 7 displayed notes on a post with 75  \\* But [PERSON] repeat myself."
REDDIT50_7,30,1,">So why the fuck does [PERSON] think it should bar [PERSON] from a job on the [ORG]? Can we please give [PERSON] the same presumption of innocence anyone should get until [PERSON]'s actually proven guilty?   According to his [PERSON], it was just a 'job interview', so innocent until proven guilty doesn't apply  Most job interviews don't care about accusations that [PERSON] were [DATE_TIME], or require testimo[LOCATION] under oath  Needless to say, they don't explain what standard they are using, unless you count the ""if it's *possible* [PERSON] did it, [PERSON] shouldn't be [ORG]"" folks  >[PERSON] had already embarassed himself at that point anyways with his half-retarded speech  You mean the speech [PERSON] made when [PERSON] was upset for obvious reasons, including death threats against [PERSON], that are not remotely what his job as [ORG] will be like?"
REDDIT50_742,30,0,Being racist against white people isn't an sjw thing?
REDDIT50_755,30,0,"[ORG] who cheerfully bleated ""but women don't profit from false accusations!"" while precisely that was happening."
REDDIT50_1178,31,0,"We should create a counter movement  \\#Women'sWarOnJustice  Then use data of falsely accused, articles that show how common it is etc   If you wanted to go full edgelord you could get a picture of a [LOCATION] lynching and overlay the words ""Believe women"""
REDDIT50_1180,31,0,"[PERSON] are now guilty then, [PERSON] like it."
REDDIT50_1633,31,0,How to actually get away with anything  1 [LOCATION]  2 Be female  3 Profit
REDDIT50_1762,31,0,">[PERSON]  EVERY FUCKING TIME  Fuck you radfem scum   [ORG] [NUMBER] -  Because men are still human, you [NRP] wannabes."
REDDIT50_1766,31,0,Wouldn't that be great.
REDDIT50_474,31,0,[PERSON] are genuinely fucked in the head  Either that or a good [PERSON]  How can you say men are evil when women are out shooting people and stabbing babies    [URL]  [URL]
REDDIT50_594,31,0,"[PERSON] at this point and honestly, why should [PERSON]? [PERSON]'ve proven time and time again [PERSON] don't care about truth."
REDDIT50_1194,32,0,"> when it easily has the most diverse cast you'll find in any game ever, let's be fuckin' real  [PERSON] have the suspision [ORG] won't have a new [PERSON] as a playable hero released in the next, oh i don't know, [DATE_TIME]? just a wild guess you know."
REDDIT50_1530,32,0,"[ORG] are trash, there is no denial in that, like [LOCATION] when the price attached to it is trash tier too they become ""passable"" [ORG], but be it in the [LOCATION] or [LOCATION] their price are way too high to j[ORG] buying one, don't get me strated on surplus ammos cost, horrible trigger, pitiful accuracy from a fucking long barrel ([DATE_TIME] reminder the 91/30 have a 29"" barrel) the retarded clip system that woul[PERSON] made a 303 rimlock looks bearable, bolt you need to work like a cheap hooker and so on and on and on..  [DATE_TIME] the [PERSON] could buy a crate o' mosin with a thuna cup of 880 7.62x54R surplus for [DATE_TIME] fuckery for less than a [CRYPTO] are long, long gone"
REDDIT50_1532,32,0,"[PERSON] pretty dense, [PERSON] know that?"
REDDIT50_1534,32,0,[PERSON] said after taking every part of my words out of context  [PERSON] don't judge the rifles for **what it was and/or represented** but for what it is **nowadays** and the verdict is unilateral : [PERSON] are over priced p.o.s.
REDDIT50_1735,32,0,"> So I guess this [ORG] is just entirely anti [PERSON]?  > [PERSON] wasn't smearing an entire sub  Hmmmm, it's almost like [PERSON] did"
REDDIT50_1740,32,0,"> There was actual [NRP] shit, porn, child porn, libel, slander, etc  You make it sound like this isn't the case on any other social media."
REDDIT50_361,32,1,"> [PERSON] don't know how to put out a good product when [ORG] give [PERSON] freedom, the first thing [PERSON] do is look to inject your countries sickness into your product  First, they forgot how to do it, BF1 was ok,[NUMBER]/ BF2/[NUMBER]/BC/BC2/Vietnam where fantastic, BF3 was turbo meh and 4 was.. 4, [NRP] never happen'd, [ORG] may have lost it's touch, but that doesn't swipe what they did before (nor serve as an excuse for their current questionable choices) let's be fair for a second, as much as 5 will tank, like Battlefront 2, they are on point on numerous aspects, i wouldn't had betted a dime on the Fr[ORG] [DATE_TIME] nowadays it's the best combined arms engine on the planet *(i dare [PERSON] to tell me [PERSON] or Planetside 2 engine are optimised and run well, [PERSON])* music and controls are very, very good too, if only they didn't riddled their games with retarded politics, microtransaction and.. no, let's not talk about [ORG] and the ""join a friend squad"" thingy, [PERSON] prefer to stay relatively polite  *Second, the [CRYPTO] in [PERSON] have it's almond rubbed from the quoted sentence, ""[ORG]"" have no fucking power, especialy about giving freedom, they are known for their prudish dogma if nothing else.*"
REDDIT50_362,32,0,> the titan mode from [NUMBER]  Now you're making me sad.. god damnit that shit was realy good.
REDDIT50_434,32,0,"""deeper meaning""  Should they then just ban all [PERSON] from [ORG] then?"
REDDIT50_435,32,1,"> Is spamming swastikas and ""[PERSON]"" funny?  Yes it is, with proper management everything can be hilarious (not with everyone tho, you're one of those apparently)   [PERSON] in [ORG] is larping as an hardcore [NRP], yet [PERSON] his and his IG char is a [PERSON], it's actualy hilarious witnessing either [PERSON] with a stick up their ass being all indignated and shit or larper/actual racist agreeing with the [PERSON] until [PERSON] show up and start using a thicc ghetto accent to spew [NRP] propaganda, the funniest one so far are actualy [ORG] not being able to know what to do and threading on eggshell about the whole situation  >how a [ORG] should handle certain content to improve user experience  Ah yes, the famous [ORG] do what they want, maybe [PERSON] can lend [LOCATION] enough dosh so we can outbuy [ORG] about steam  >Your logic is exactly why freedom of speech only exists in the [LOCATION]  You fucking wish, [PERSON]  >This kind of thinking needs to stop  Based on what? who the fuck are [PERSON]?  >[PERSON] should feel embarrassed to have actually typed that out  So on top of being pro-censorship, on [ORG] out of every places, [PERSON] actualy resolved to that? hey why don't [PERSON] go back to [ORG] and get bent [PERSON]?  I hope [DATE_TIME] [PERSON] will fancy this concept : Anyone can make it or nobody can, there is no middle ground, if [PERSON] don't like it, avoid it and/or ignore it, now go and take [PERSON] call for censorship on another [ORG]"
REDDIT50_1322,33,0,"There's one [PERSON] calling [PERSON] calling people snowflake  Besides, as usual, just a bunch of nobody and a couple of has been trying desperately to stay relevant in the age of [PERSON]."
REDDIT50_17,33,1,[PERSON] is the dude who had [DATE_TIME] mental breakdowns in the [ORG] (I think it was [PERSON]?) and threatened to flip tables at conventions If he does go full retard on court I don't think anyone on the [LOCATION] will be even slightly surprised
REDDIT50_372,33,0,"And let's be honest, [ORG] don't give a flying fuck about [PERSON]'s fun In fact [ORG] is literally geared toward taking the fun away and pushing [PERSON] into buy [CRYPTO] to bypass the grind"
REDDIT50_391,33,1,"It's the perfect excuse for any kind of bullshit the [ORG] has pulled and will pull in the future  Take [PERSON] (or even [PERSON]'s) work in [DATE_TIME] for example Produce some of the worst [ORG] ever, injected with whatever woke retardation they jerk off to [DATE_TIME], then when nobody buys the book blame them [ORG] Rinse and repeat.. At least until the [ORG] eventually implodes and dies."
REDDIT50_419,33,1,">[PERSON] claimed that [ORG] go into multiplayer games to recruit vulnerable demographics into their cause  Who woulda thought the [PERSON] who called [PERSON] [PERSON] and told [PERSON] to kill myself [DATE_TIME] at [ORG] ([PERSON]'m playing with [PERSON], don't judge), was actually trying to recruit [PERSON] in the [ORG]?"
REDDIT50_566,33,0,"Depends on [PERSON], until [DATE_TIME], [LOCATION] was [LOCATION] too according to [ORG] (although now they are at the government so they had to tone down and pretend they like people from the [LOCATION]."
REDDIT50_779,33,1,"Have you seen how fucking retarded he writes [PERSON]? Isn't that enough that [ORG] keeps getting fucked in the ass over and over and over (btw, fuck you [PERSON]), but now we are also on borrowed time 'till [PERSON] decides it's time to take the [PERSON] for a ride and ruin him as well."
REDDIT50_781,33,1,"Quite possible, [PERSON] is known for sucking [ORG]' dick and introducing stuff from the adaptations in the comics Just look at how he destroyed [ORG] and among the dozens of things [PERSON] did wrong, [PERSON] also just went from the newly redesigned costumes to the ones from the movie without explanation, from one issue to the next."
REDDIT50_1136,34,0,"> [PERSON] often know the [PERSON] on the [ORG] videos better than [PERSON] know [PERSON] in real life (the reason would be [PERSON] don't know [PERSON] in real life at all, [PERSON] only think [PERSON] do)  [citation needed]"
REDDIT50_1332,34,0,[PERSON] talking about?  [PERSON] just rewatched the first episode and [PERSON] don't remember any such [PERSON]
REDDIT50_1334,34,0,"Obviously [PERSON] meant in the [LOCATION], not shitholes like [LOCATION]."
REDDIT50_1616,34,0,[PERSON]'re posting this all over this thread but what info are [PERSON] bringing that shows that it is 'looking like this is fake'?  Why is it looking like it's fake?
REDDIT50_652,34,0,[PERSON] never said the arrest should be optional.
REDDIT50_653,34,0,"Ok, now we're having a discussion, good  No, [PERSON] don't  Are [ORG] trained to perform this body slam against a [PERSON] who poses no threat to the [PERSON], but is interfering with an arrest/investigation?"
REDDIT50_654,34,0,"[PERSON] was injured, as evidenced by the interviews [PERSON] gave and the photos that were taken post\\-arrest  [PERSON] can be a threat, of course, but [PERSON]'s not posing a clear and immediate threat to the [PERSON]  Could you provide some sources which back up your assertion that [ORG] are trained to body slam [PERSON] who are interfering with investigations?"
REDDIT50_994,34,1,">what [PERSON] don't understand is the very rude conversation [PERSON] had   [PERSON]'s a cunt, doesn't seem that hard to understand"
REDDIT50_1247,35,1,Stop This is Fucking sexual abuse Stop acting like it’s a good thing [PERSON].
REDDIT50_1267,35,1,"Uh, are you retarded? Meat is best when it’s nice and red in the middle No one likes that shit dry and tasteless."
REDDIT50_1614,35,1,This is not.. that’s not.. are [PERSON] fucking retarded or just stupid?
REDDIT50_1697,35,1,"When [PERSON] make stupid and asinine comments, yes They have every right to"
REDDIT50_1741,35,0,"Low standards is being with a flat chested, flat-assed white girl [PERSON]."
REDDIT50_277,35,0,Keep being ignorant to the truth
REDDIT50_280,35,1,"I’m gay, you stupid faggot [PERSON]."
REDDIT50_399,35,0,Doesn’t matter It’s the law.
REDDIT50_456,35,1,That final slap brought that [PERSON] back from the dead.
REDDIT50_530,35,0,"If [PERSON] are sitting there, laughing, while [PERSON] cunt of a [PERSON] is doing this shit, [PERSON] deserve to be slapped too."
REDDIT50_574,35,1,"For real, these [PERSON] want the [LOCATION] to change for them, because they refuse to change for the better of the [LOCATION]  What a useless existence."
REDDIT50_646,35,1,"Aw, you mad [PERSON] wants to fuck you, [PERSON]? It’s okay [PERSON] can be a [ORG] someday [PERSON] up and all that."
REDDIT50_866,35,1,[PERSON] with an attention whore complex looking for problems where none should exist What kind of sloppy cunt goes ti a [ORG] instead of a [ORG]?
REDDIT50_106,36,1,"And by ""toxic masculinity"" this twat means ""masculinity"" The ""non toxic"" ones are the gape jawed soibois with the soft, well tended beards, broken to housework and fetching drinks as their wife and her [PERSON] fuck for [DATE_TIME]. and the really good ones don't even ask for a Switch   [CRYPTO]  [CRYPTO]"
REDDIT50_1265,36,0,"It's not a joke, because jokes are funny There's no humor. shit, there's not even anything to satirize in ""excuse me, are you using this thing?"""
REDDIT50_1266,36,0,"yes And [PERSON] are rooted in something humorous, even if [PERSON] fall flat This isn't There's nothing funny about this scenario, or any scenario this could be satirizing, is my point      This is just stupid trigger shit being presented as ""It's just a joke bro"" when it falls flat   &#x200B;  I doubt very much if it resonates with anyone outside of the [LOCATION], because [PERSON] consider a polite question to be common courtesy, and not an outright attack on [PERSON] as [PERSON], or some bumbling [PERSON] demanding they solve a problem for [PERSON]   &#x200B;"
REDDIT50_1714,36,0,"I said it wasn't genocide, but eugenics Which it is And [ORG] is still doing a great job of furthering [PERSON] goals when she founded it. the eradication of blacks"
REDDIT50_1715,36,0,"""eu·gen·ics yo͞oˈjeniks/Submit noun the science of improving a human population by controlled breeding to increase the occurrence of desirable heritable characteristics Developed largely by [PERSON] as a method of improving the human race, it fell into disfavor only after the perversion of its doctrines by the [NRP].""  [PERSON] founded [ORG] because she wanted to encourage blacks to NOT BREED Seriously, [PERSON] can look that shit up   39% of legal abortions performed in the [LOCATION] are [PERSON]   As [PERSON] said [ORG] is still achieving it's original goals You can view it any way you want, and celebrate it, if you like But it's still fucking eugenics [ORG], and [ORG] pretty much targets the poor and indigent"
REDDIT50_178,36,1,"Oh [PERSON]. don't you know [PERSON] are surrounded by literally HUNDREDS of [PERSON] a day, and [PERSON] have no idea? They pass, completely and perfectly!      In all seriousness. (and [PERSON]'ve had this argument here before) there are very few [PERSON] where it's not, if not immediately obvious, at least suspicious [PERSON]'m not sure where the ""we can pass perfectly"" belief has come from, becuase in most cases. no [PERSON] mean, yeah, maybe walking down a [LOCATION] nobody would notice. but in one on one interaction? Outside of [ORG]. [PERSON] tend to figure it out, unless they are spergy as fuck and cannot read expressions, cues, and inflection   &#x200B;"
REDDIT50_476,36,0,"[PERSON] do [PERSON] [PERSON], just remember, words mean things, and your highly retarded redefinition is not anyone else's responsibility to learn or adopt."
REDDIT50_669,36,0,"Because they want to agree with their idols And now they can, via [PERSON]   Follow [PERSON]'s feed He's a frothing, world gonna end, [PERSON] is a genius nutter. rants about the rich. seriously dude?"
REDDIT50_1182,37,0,"Anything like that can be abused, doesn't me it isn't a good thing."
REDDIT50_141,37,0,"> All you can say to accusations like that is ""grats you let an [PERSON] get to you, now go have a lie down.""  FIFY \\^_\\^  Seriously, for position #2 which he denounced  But it's a point I've b[PERSON] making since, oh, reading [PERSON]'s *Expanded Universe* in [NUMBER], when [PERSON] was an edgy [DATE_TIME]"
REDDIT50_1428,37,0,"> and [PERSON] seem to  Not share your same passions *on this [ORG]* where they aren't apropos  We're not here to discuss every injustice in the world, check the posting guidelines if you doubt that  Casting vile aspersions on us for .. what, not expression in simple text the level of outrage you demand?  That's bullshit."
REDDIT50_424,37,0,"[LOCATION] non-remanufactured for [PERSON], at least because they use [ORG] copper bullets in 5.56 NATO loadings  But [LOCATION] has some good stuff."
REDDIT50_428,37,0,> [PERSON] WANT TO WATCH SOMETHING EXPLODE INTO GELATINOUS CUBES WHEN [PERSON] SHOOT AT IT WITH THEIR [LOCATION]!  [URL].
REDDIT50_920,37,0,"> [PERSON]'m not super familiar with this, got a source I can look at?  A simple search works pretty well, here's [ORG] [[PERSON] canary trap]([URL]  It was pretty notorious at the time  > I don't know [PERSON], [LOCATION] is a whole different ball game The [ORG] have an industrialized, international, moral panic about his [ORG] pick  Yeah, that's different  But its not like [PERSON]'s got much to do with it after choosing the [PERSON], [PERSON] provides support, picked a [PERSON] to shepard it through, is now using his bully pulpit because it's gotten so crazy  > It's not just some [PERSON] leaking information, it's portions of the [ORG] and [ORG] acting entirely against him  Indeed, although as I've said, this is not new  ""[PERSON]"" was a [ORG] Top Man furious at [PERSON] for not making him Director after [PERSON] died  The latter went so far as to, at [PERSON]'s order, bug [ORG]  > These are people who can ask satellites to move in [LOCATION]  That we're not so sure about  The military intelligence types are very possibly on his side (mostly)  Not long after the election, the  head of the [ORG] (a [PERSON]) tipped [PERSON] off about how [PERSON] was spying on him, [PERSON] an[ORG] then decamped from the [LOCATION] I think it was, to a place where access could be *much* more tightly controlled  > There's a financial war between [ORG] and [ORG] going on in order to re-orient themselves in relationship to these ridiculous political times   Yeah, that's a *big* one  [CRYPTO] of money was made in the deliberate deindustrialization and trashing of [LOCATION], and that's getting reverse *massively*  NAFTA is *dead*, unless the [ORG] refuses to approve the new treaty  Not sure what happens then, but [PERSON] can still pile on the tariffs, can extinguish a great deal of [LOCATION]'s economy [DATE_TIME], as they've gone much further in deindustrializing, specifically assembling stuff mostly made abroad, and current suppression of their [ORG]  The [LOCATION] is a work in progress, but we hold the high cards, especially with our [ORG] doing pretty well now that the [ORG]'s boot is not pressing down quite so hard on its neck  > I'm not sure *anyo[PERSON] is adequately prepared for this  By definition no one really can be  But I'm pretty sure he knew what he was getting himself into  Note the disdain [PERSON] and [ORG] were dishing out in the years before [NUMBER]...  That smartphone drop humor bit didn't age well \\^_\\^."
REDDIT50_987,37,0,But then they licence some of it to [ORG]....
REDDIT50_1053,38,0,"[PERSON] point is that dismissing a [ORG]'s ability to influence [PERSON] based ONLY on their size is incorrect You'd have to take other factors into account   The ""drop in a lake"" dismissal is not good enough to hold up to scrutiny"
REDDIT50_1059,38,0,"300K including such politically active accounts as [[ORG]]([URL] [[ORG]]([URL] and [[ORG]]([URL]  That aside, [PERSON]'m still not understanding why [PERSON] are gobbling up this argument about influence based only on the size of the group Obviously size is a factor, but there's so many others that the kneejerk dismissal is clearly flawed"
REDDIT50_1132,38,0,"Everytime [PERSON] links that [URL], or the stupid fucking webcomic, [PERSON] burst a blood vessel  Can't you stupid fuckers read?  >In this formulation, [PERSON] do not imply, for instance, that we should always suppress the utterance of intolerant philosophies; as long as we can counter them by rational argument and keep them in check by public opinion, suppression would certainly be unwise  [PERSON]'s literally right there in the block quote ""[PERSON]'s retarded to be intolerant of intolerance, unless [PERSON]'s an existential threat to the [ORG]."""
REDDIT50_1184,38,1,"To tag onto this, we had a previous thread looking at some even earlier preliminary results by the same [PERSON]: [URL]  The [PERSON] took a look at that summary and said that it was basically correct: [URL]   As followup, she says that an account like mine would not count as ""anonymous"" We should be imagining egg accounts and throwaways for that category, I guess [PERSON], another person who has used [ORG] as a study tool, also says that [ORG] is basically the gold standard for research purposes, so I'm not sure what [PERSON] was thinking of when he said ""utter fuckton of false positives too"" Perhaps he is referring to [PERSON] ggautoblocker, which really just blocked anyone who followed two or more ""[ORG]""? That one later got used by [ORG] or some retarded shit, really that weird of a confusion."
REDDIT50_1186,38,0,"Honestly, [PERSON]'m personally rating on ""[PERSON]'s fast, [PERSON]'s free, [PERSON] works on [PERSON] and most of the rest of the shit [PERSON] feed it, and [PERSON] don't have to do any work to design something new"" [PERSON]'ve found a bunch of false negatives ([mostly related to [ORG]]([URL] which is probably where it's weakest, but if you read down that thread of how the [PERSON] has been categorizing ""[ORG]"", you'll see that it's literally ""unverified and tweets a fucking lot"" That level of ""wait, really, that's it?"" is genuinely not unusual for the way people do studies in general, and if you're dealing with anything at ""big data"" scale, you're going to be glad that something like [ORG] exists   There's also five publications it links to that are for nerds: [URL]  I really think the issue here is that you're not properly appreciating how bad the alternatives are [PERSON] study was literally him looking at tweets manually, probably with an excel spreadsheet open to mark down the results He only had ~[NUMBER] tweets to sift through, but other people look at hundreds of thousands."
REDDIT50_1326,38,1,"[PERSON] read about half of that one, down to defining and discussing what counts as a troll/sockpuppet  [PERSON] have some concerns about ""sockpuppet"" not capturing [PERSON] who are known by their handles correctly, but haven't read the underlying citations For example, is ""[ORG]"" or ""[ORG]"" technically defined as a sockpuppet? There's plenty of [PERSON] who have such a fundamental misunderstanding of our online culture that [PERSON] can imagine [PERSON] not understanding how these nicknames are tied more closely to a [PERSON]'s identity than a pseudonym or ""sockpuppet"" would account for But, since [PERSON] haven't read the underlying citations, [PERSON] don't know [PERSON] am deeply suspicious about that definition, especially how frequently the [PERSON] says they tweet   The [NRP] bot thing is also a mixed bag.. but incredibly small (16 total) There's one that troubled me named [PERSON] which seems to be a.. pretty serious thing at some point: [URL] The analysis is spot on for usernames like ""[PERSON]"" which [PERSON]'ve seen around (and are obvious bot accounts to spam [URL], and often have [CRYPTO] in tweets or completely broken English) Here's a random examples that I found just now while digging for more info on [ORG]: [URL] [URL] [URL] (also, [URL] [URL]  What [PERSON]'m getting at is.. **[PERSON] actually think this study was perfectly fine**, it's just that nobody fucking read it at all, and they're making headlines based on the [PERSON] who didn't read it [PERSON] took the work he was doing seriously and is not some raving lunatic It's just that other people want to use his findings (which are very c[PERSON], and [PERSON]'s a pretty good writer) for their own retarded hot-take   .. Found him: [URL]  That [PERSON] is now ""[ORG]"" and has nuked their [ORG] [URL] [URL] This is 100% confirmed to be a [PERSON]  Edit: HOLY SHIT, this is the most [ORG] dude ever Flitted from anime videos to talking about SJWs in comics and yelling at Star Wars to becoming a rapper."
REDDIT50_212,38,0,"\\>Talking to [PERSON] in the flesh  What's it like to meet a god?   (I have no idea how she achieved rockstar status, but somehow she seems like a nexus of [ORG], fandom, and sociology researchers Maybe she's only twitter famous Or maybe [PERSON]'m just misinformed [PERSON] know absolutely nothing about [PERSON] actual research or department.)"
REDDIT50_245,38,0,"This is great  [ORG], [PERSON] of [ORG], Discord, Super Chats.. looks like I've got another one that might take the Chinese Discord Bait:   Here's the old version from when [PERSON] still wasn't confirmed:   > So, as we all know, [PERSON] is an incel: [URL] In fact, he's dogwhistling for the beta uprising  >  > We know that [PERSON], one of [PERSON]'s closest friends, is a GamerGater [URL] >  > We also know that [NRP] have been meddling in our elections >  > Thanks to some groundbreaking work, we've managed to tie [ORG] to [ORG]: [URL]  >  > You can trace back a lot of the most vile memes and most toxic communities to [ORG], which was the pinnacle of community standards until it went from [LOCATION] owners to [NRP] ones  >  > Do you think the meteoric rise of online toxicity, the [ORG] influence on American Politics, and the usage of Discord by [ORG] are just coincidences?  >  > You know who owns both [ORG] and [ORG]? [ORG].. a [NRP] company >  > Do you really think [LOCATION] is the only foreign power that wants to destabilize [LOCATION]? >  > The great firewall of [LOCATION] is to keep their own population focused on doing something useful with their lives instead of spending all their time on shitposting and porn, unlike [PERSON]  >  > [ORG] who are deeply plugged into these alterna[ORG] know this very well That's why they're so obsessed with ""white genocide""  >  > Plus, a bunch of them are [ORG] who are actively on the path of laziness and celibacy laid down and glorified by [NRP] cartoons >  > [LOCATION]'s master plan was to create a male surplus in their country Then, they'll send over their [PERSON] to [ORG] to crowd out and outcompete [NRP] while leeching government funds Then [PERSON]'ll dominate sexually and create a large percentage of [ORG] They're hoping to take over without firing a single shot! >  > [PERSON] will not rest until every man, [PERSON], and child fears Discord as the pathway to the alt-right [PERSON] has not only handed the [ORG] over to the [NRP], but he's also about to hand the [ORG] over to the [NRP]."
REDDIT50_408,38,0,"Huh?  [PERSON]'m talking about this thread being the dedicated ""argue about KiA rules and administration"" thread If [ORG] finds a reason to brigade this thread, [PERSON]'ll be thoroughly impressed."
REDDIT50_951,38,0,"[PERSON] meant ""beating"" as in ""public flogging by the uninformed and drama-hungry mob"", not in the sense that [PERSON]'ve actually lost  [PERSON] seem to be taking my jokes a bit too seriously, so [PERSON] apologize for my numerous tweets under the hashtag #HasSitchLoggedOnYet, but in my defense ""You know I had to do it to em""  And now, my radical centrism compels me to shitpost Please don't take it personally:  > [HANDLE]: Hi, thanks for upload, it was light hearted and often shallow ([PERSON] get it, its entertainment) Now as fair warning, [PERSON] often comment semi detailed arguments that rebut the presumptions and projections of an agenda carrying polemic such as yours above, so given the care and sensitivity [PERSON] carry towards [ORG]'s Havardian hubris of confidence and air of exacting intellectual certainty, [PERSON] will give [PERSON] my special 25% level of effort below: >   > [ORG], [PERSON] claw at rendering some truth yet [PERSON] fail to outline as if it is your duty to fail, [PERSON]'s strategy of tying a character besmirching to inescapable group identity baggage and the logic that extends beyond that two party ""inherent societal conceit"" other than to misread (or conflate with censorship/partisan narrative for clicks and likes) in an adversarial debate, as you seem to downplay the moral strength [PERSON] wielded and any sense that [ORG] had in colouring the tweetstorm >   > [PERSON] was delegitimised by the [ORG] for being a partisan selling [CRYPTO] but even [PERSON] saw the connotations of a [PERSON] sending [EMAIL] Indeed the request for comment is used to curse the [ORG] and launch crusades that pwn millions of libs but it also is the heart of a rash and otherwise unlimited cravenly unstable [ORG], so it has a yin and yang nature like all mankind so the request for comment is merely a conduit of journalistic ethics and prescriptive group governance >   > Clearly a side point of no or little interest to you [PERSON] but this one 'partisan line' post-[NUMBER] election ties to the notion of [PERSON] that he is in a hostil[LOCATION] The excuse for that hostility is expressed as due to [PERSON] being a partisan or quite clearly as a [PERSON] not on par with the intellectual and impliedly the 'radical centrism' certainty of his equals on the [ORG] side Let us leave aside the ininformed masses who are here as window dressing and as an inclusion addition that actually faltered in propositions and resolutions due to an ostensible lack of research and little or no public speaking skill >   > The underlying theme you propose PSA is that this was a meeting of equals The imposition of corporate privilege is stripped away from [ORG], thusly they do seek to vilify a rational expression of the societal construct that belittles, estranges and strips [ORG] of the dignity of successive and accumulative knowledge and str[NUMBER] [PERSON] of the means to accrue it through productive competence >   > Again there is a quick and easy entertaining response regarding [PERSON] as an partisan hack, dismiss the case as word salad as a 'dishonest spin' which in your case involves a meme or literally the dismissal of [ORG] as a 'dishonest spin' as [PERSON] do In your case [PERSON] apply a meme to maximise popular low brow consumption (and profitable clicks) with that motivation [PERSON] see your nature >   > PSA, [PERSON] contend herein [PERSON] are not sharing in the debate to advance understanding [PERSON] are in the debate to apply some salve to the injury to your group identity's pride Perhaps it is better put as try to put some slave head in your mouth as you chew the cud as to how a [PERSON] is arrogant or deceptive for raising concern about group bias against certain tech-types acceding to elevated places of thought and action in [LOCATION].﻿  Putting that all aside, deeply confused by what you mean exactly by ""suckered""? My main point here is that we all should send more [EMAIL] to the [ORG], and I have previous information that you used to be reluctant to send [EMAIL] ([PERSON]) and were surprised that [ORG] would respond to randos ([PERSON]) To agree with [PERSON] that you should send more [EMAIL], while embarrassing given the fact that you did, is nothing wrong The other main takeaway from my various posts on this topic is that [PERSON]'m a drama-hungry degenerate and that [PERSON] know it [PERSON] was completely unironically on the edge of my seat for the moment that you faced [PERSON], after his passive-aggressive callout that mysteriously left [PERSON] out There's literally no reason [PERSON] couldn't have simply tagged [PERSON] in himself, except to ramp up the drama that extra notch The shitposting that [PERSON] read as ""getting suckered"" are primarily [PERSON] snitching on [NRP], with [PERSON] pings, twitter mentions, and finally a YouTube comment Sorry, but it's not in [PERSON] nature to leave a boring ""hey, [PERSON]'s talking shit"" and must instead ramp it up successively until [PERSON] use excessive and vulgar imagery to convey that same simple message   For those in the audience, the ""excessive"" version is:  >[PERSON] am rock hard imagining [PERSON] posting this, completely unaware that he's currently at the center of a bubbling controversy with [PERSON]   >A smile as wide as his frown is stiched into my face as I imagine an innocent and unaware [PERSON] posting this as he's torn apart on Twitter [URL] and on [NRP]: [URL]   >I am nothing short of euphoric with sadistic, malicious glee as [PERSON] imagine [PERSON] realizes that at the same moment [PERSON] mocked others for [DATE_TIME] drama-starting videos, [PERSON] had inadvertantly started his own pointless internet drama   >In other words, [PERSON] am radical centrism embodied   >Throw [PERSON] under the bus [PERSON], [PERSON], [PERSON].. and even [PERSON] A delicious and destructive revelry, where [PERSON] is wrong  [PERSON]'m quite proud of it from a literary standpoint Really captures how much of a piece of shit [PERSON] know [PERSON] am, gives the [PERSON] a visceral ""yikes"" reaction, and yet seductively invites them to join [PERSON] and watch the shitshow about to unfold   My final point is this: [PERSON] did get the [ORG] point wrong, and it's inconvenient to [PERSON] that [PERSON] now have to be more careful about what [PERSON] say about this shit, because other topics have been more interesting to look into than [ORG] that's already covered by plenty of other people Nobody's gonna read AoIC or UCIESC papers to me, so [PERSON] was counting on [PERSON] to be basically the entire basis of my opinions on [ORG] Now [PERSON]'ve gotta do my own due diligence, and it's gonna be a complete waste of  time, because [PERSON]'m still going to come up with ""[Furthermore, the [ORG] discussion of what this document is and does is simply incorrect This is a relatively objective observer describing what has happened and why, and doesn't reach a discussion of what [ORG] should have done or should do next until [DATE_TIME]]([URL] which [PERSON] basically just straight repeated out of your mouth In other words, any amount of hostility you detect from [PERSON] beyond simple shitposting is a combination of ""now [PERSON]'ve gotta do more work..."" and ""[PERSON] were the chosen one! [PERSON] were supposed to bring balance to the force, not destroy it!""  Edit: As [someone who personally invites controversy at every turn]([URL] [PERSON] understand your feeling of ""why [PERSON] booing me, [PERSON]'m right!"" but think [PERSON]'re going to just have to deal with the fact that everyone's here to throw popcorn and [PERSON] doesn't visit [ORG] anymore, so [PERSON]'re it Sometimes the circlejerk is just too strong."
REDDIT50_983,38,0,"Yes, [PERSON] know it's free online What [PERSON]'m trying to communicate, via hyperbole, is that much of the coverage by [ORG] has been misguided in focusing on 16/206 negative accounts/tweets that were identified and described as [ORG] And that this is out of around [NUMBER] total ""analyzed"" tweets [PERSON] has been focused on that angle too, and this [URL] also focuses on the [ORG] angle, because that's what the misguided other journos were getting wrong  Most other [ORG] that would come and comment on an AMA thread have no idea what the study actually is looking at, or can describe why the methodology or analysis is wrong We can all point at the [ORG] who reported on the study WRONG, but we'd find ourselves in agreement with the [PERSON] on that front   The angle yo[PERSON] pointed out is something pretty interesting that [PERSON] hadn't considered Whether further study would separate the tweets into ""pre-GG"" and ""post-GG"" engagement   To me, it's obvious that there's something meaningful to be gleaned from the study about ""see, this is why you don't gather tweets in this manner and look at them in complete isolation completely manually"", but how much of that will be discussed civilly with the the [PERSON] compared to how many of us will just call him a liberal shill for his study on [ORG]?  Who's going to just have all the proof they need on hand?   I don't kno[PERSON] Maybe this [PERSON] has literally never ever been on the bad side of [ORG] and can't make meaningful casual observations that are super obvious to degenerates like [PERSON] or the [PERSON]:   >Just from using the platform casually, in my experience tagging [PERSON] in Twitter is pretty uncommon and ""@-ing"" someone is a method of communication disproportionately used by [PERSON] who get their kicks knowing that you get a notification of their message The average [ORG] user tweets something like ""I don't like Star Wars,"" the average troll tweets ""[HANDLE] you ruined my childhood you overrated hack.""  It would be pretty embarassing to see [PERSON] get completely and casually btfo by us and our degenerately deep knowledge of [ORG], but [PERSON] think [PERSON]'s more likely to find a bunch of idiots who haven't/can't read, but have already formed a misguided opinion based on the misguided reporting  Edit: .. Thinking back on it, the ""know you're gay"" is also a super casual BTFO for anyone who has actually read it [PERSON] didn't catch that because once [PERSON] saw that [PERSON] was taking individual tweets to summarize a [PERSON]'s entire online persona, [PERSON] was only skimming it for [ORG] I'm basically illiterate What [PERSON] ended up finding after digging that angle proved me right with [DATE_TIME] of googling."
REDDIT50_154,39,0,"[PERSON] mean, the only ""right-wing"" thing about the [NRP] was nationalism, which hasn't always traditionally been right-wing The [ORG] is actually pretty similar to modern day [NRP] platforms"
REDDIT50_158,39,0,Thank you for your intelligent and well thought out contribution to this conversation
REDDIT50_160,39,0,"1) [PERSON] has actually aligned with the [LOCATION] in many cases  2) The [NRP]'s main opponents were the [ORG] [ORG] are religious zealots, and brook no dissent [ORG] dissented  You may want to look in the mirror sometime Self-awareness is a good thing"
REDDIT50_316,39,0,">A lack  of thinking on the subject  Then you proceed to strawman Funny how that works  >in [DATE_TIME] of moving amongst [ORG], [PERSON]'ve not met a single misandrist  Anecdotes aren't data Look at the founders of feminist rhetoric, they're all misandrists In the [LOCATION] it is the default to be ""feminist"" and believe that [ORG] believe in equality between men and women This does not mean this is the truth however Large amounts of [PERSON] frequently believe things that are false The [PERSON] who want equality between [PERSON] are egalitarians That [PERSON]'ve apparently spent [DATE_TIME] moving through this [LOCATION] and have yet to pick that up makes me worry for [PERSON]"
REDDIT50_690,39,0,The [ORG] is only slightly left if [PERSON]'re tonguing [PERSON]'s behind Thanks for revealing where you stand
REDDIT50_717,39,0,"It was ""Get the fuck out"" for a long time Then the social conditioning finally took root and now [PERSON] is a [PERSON]"
REDDIT50_768,39,0,"No, [ORG] have the support of the [ORG], which has been subverted over the course of [DATE_TIME] They've got the only megaphone in the [LOCATION]"
REDDIT50_769,39,0,The [ORG] is incestuously intertwined with the [ORG] [ORG] as well They are literally the most powerful cultural force in [LOCATION] Have been since around the end of the second World War
REDDIT50_1016,4,1,"If we're so in with the [ORG], why did [PERSON] go full retard over violent video games [DATE_TIME] back?"
REDDIT50_1075,4,0,Betting this is because the latest [PERSON] had an account on there?  (ignoring that [PERSON] often have accounts on [ORG] and [ORG])
REDDIT50_1081,4,0,Look at the replies to this [PERSON] are losing their shit over this article  [URL]
REDDIT50_1188,4,0,"> I'm not sure what [PERSON] was thinking of when he said ""utter fuckton of false positives too""  Oh, that was in reference to something [PERSON] was claiming about the software (or some bot che[ORG]) on [ORG] Hence why it was framed as a question."
REDDIT50_1732,4,0,"> Comparing facial animation, a collaborative work, to a Tweet Not the same thing  [PERSON], [PERSON] has a social media *[ORG]*, rite?  (and [PERSON]'m well aware of [LOCATION]'s [LOCATION] moment - [PERSON] was one of the peop[PERSON] dragging him for it and sending him DMs to yell at him about it [PERSON] ran with some stupid shit that it seemed like half the [LOCATION] was talking about at the time.)"
REDDIT50_211,4,0,Thanks [PERSON]  Saved for future reference.
REDDIT50_371,4,0,"[PERSON] know that [PERSON] in online games suck, but does it alarm anyone else that a [ORG] is able to do the below?  > The publisher of video game Grand Theft Auto V has been granted the right to search the homes of [PERSON] accused of making cheat software  > The court order allowed [ORG] and its parent company, [ORG], to search two properties in [LOCATION], for evidence related to a cheat known as Infamous  > The [ORG] has also frozen the assets of the [PERSON], who have not yet filed a defence."
REDDIT50_40,4,0,What the hell was the content on those specific [ORG] anyway? [PERSON] never watched them.
REDDIT50_498,4,0,"> [PERSON] himself refuses to identify as “[ORG],” a decentralized far-right movement littered with white supremacists, but the language and political beliefs in his videos largely reflect [ORG] beliefs  > For one, [ORG]’s video implies that [ORG]’s critics are all “NPCs,” an alt-right meme dehumanizing the far-right’s opponents as if they are lifeless and mindless AIs There are several other dog whistles the video relies on too “[PERSON]” is commonly thrown around to portray [LOCATION] as [ORG] where people who think the “wrong way” are punished And then there’s “no bad tactics, only bad targets,” which is a catch-all phrase used by [ORG] supporters to portray [ORG] as deranged harassers mobbing “targets” with no concern for collateral damage  WHERE IS THE [ORG]? WORDS MEAN THINGS  'No bad tactics, only bad targets' is literally a [PERSON] quote - and it's pretty much a description of [PERSON] rule 13."
REDDIT50_700,4,1,"Yah, [PERSON] just don't buy [ORG] trying to redpill [PERSON] over the headset while playing an FPS..  [PERSON] shouting 'nigger', sure - but that's not the same thing  If you want to find [NRP] on the [LOCATION], they're not exactly hiding This seems really far-fetched  Edit:  Anyway - if [PERSON] is trying this, then [PERSON] really need to be watching what their [PERSON] get up to on the internet Can't expect [ORG] to do that for you."
REDDIT50_705,4,0,"Yeah, watch [PERSON] who are unfamiliar with gaming suck this right up, spurred on by the usual [PERSON] with axes to grind - followed by calls to ban all the things."
REDDIT50_785,4,0,"> [PERSON] got swatted after   The [PERSON] is a notorious troll This is definitely one of those 'proof, or it didn't happen' things  See also - [PERSON] doxed bunch of people and let us carry the blame for it too  [URL]"
REDDIT50_790,4,0,"Apparently [PERSON]'s got time to snark at [PERSON], but nothing more Ah well As is life  [URL]"
REDDIT50_980,4,0,Should we ask [PERSON] if [PERSON] wants to come on here to talk?
REDDIT50_1009,40,0,"Reminder that the post they all showed up to upvote contained this lovely bit:  > [PERSON] were pissed and threw tantrums and defended their [ORG] like they were the aggrieved [PERSON], but eventually went along with it, little as possible, because they had to And a funny thing happened on the way to the ruination of [ORG]: these [PERSON] they were force[PERSON] started adding value  **[PERSON]'m sure they'll fit into this [ORG] just fine; let them in, [PERSON]!**"
REDDIT50_1010,40,0,"Yeah, except the only weapon [PERSON] have is ""politely ask them to stop"", and your gate is made of tinfoil with the words *PLEASE PRACTICE GOOD REDDIQUITE* written on it."
REDDIT50_110,40,0,"Don't feel special [ORG] does this shit all the time now Every time a right wing candidate gains steam, [PERSON] shows up and the entire [ORG] follows with him."
REDDIT50_113,40,0,"No way [ORG] repeatedly get demonstrably false statistics and outdated studies stamped as ""mostly true"" with bullshit like ""an unconventional cut of the data"" or ""not by official statistics"", while [PERSON] gets his count inflated with ""pants on fire""'s given for demonstrable bullshit like ""valid numbers but we don't like the implication of comparing them"", snarky asides like ""oh, just millions"" to a claim [ORG] hasn't helped people, ""[PERSON] aren't boys"" for any claim about that stupid bathroom fight, etc, etc  Plus, [ORG] is hardly some neutral arbiter on [LOCATION] or whatever; it's owned by the *[ORG]*, which not only endorsed [PERSON], but contributed huge amounts of money to her [LOCATION] campaign."
REDDIT50_1257,40,0,How does a [ORG] fuck up a whole sub?
REDDIT50_1434,40,0,It would also be more believable if it wasn't coming from [PERSON] who throw furious tantrums if their commands aren't instantly followed.
REDDIT50_1514,40,0,"[PERSON] are often sad [PERSON], [PERSON] who pay [CRYPTO] to be sad must be *really* smart! /s"
REDDIT50_310,40,0,[ORG] already fell through the floor once real politics got more exciting.
REDDIT50_407,40,0,"> if [PERSON] don't like the choice, they have a [LOCATION] to dissent  And what happens when the [ORG] that fucked up the original post follows them?"
REDDIT50_463,40,0,"[PERSON] mean, [PERSON] do have some issues with the way [PERSON] writes, but it's the exact writing style [PERSON]'d expect on a site called *[ORG]*."
REDDIT50_499,40,0,"> And then there’s “no bad tactics, only bad targets,” which is a catch-all phrase used by [ORG] supporters to portray [ORG] as deranged harassers mobbing “targets” with no concern for collateral damage  lol the one they don't sum up fairly accurately and it's the fucking [PERSON] quote how completely unexpected"
REDDIT50_603,40,0,"I don't think [PERSON] was involved with [PERSON], actually [PERSON] did bully him, though."
REDDIT50_716,40,0,"Nah, the rest of the [LOCATION]'s reaction to [PERSON] working there wasn't ""get the fuck out"", it was ""WHO WANTS CITIZENSHIP?"""
REDDIT50_940,40,0,This isn't a good thing you dips; they're hiding links to the [URL] from [PERSON] who don't know about it.
REDDIT50_1114,41,1,Find [PERSON] that can talk eloquently Teach him some phrases from many languages and hope he has an indistinct accent Give him a ballin' mask that ain't retarded Give him some meds on demand Throw him at the [PERSON]  DONE.
REDDIT50_1118,41,0,"This thread makes a strong accusation, and needs the proof to support said accusation Flagged unverified for now."
REDDIT50_1219,41,1,>[ORG]
REDDIT50_1319,41,0,">suing a [PERSON]  She went to a [ORG], all right."
REDDIT50_302,41,0,">When you think of free markets and libertarianism, don't think of some heavenly utopia Instead, think of [PERSON] and his [ORG]  Bullshit [PERSON] is the definition of a totalitarian government: rule through force and terror, instead of rule of law  The easiest way to tell [PERSON] has no idea what libertarianism actually is is when they begin to make the argument that we need to empower [PERSON] to institute beatings, lest morale continue to plummet."
REDDIT50_405,41,0,One of the best parts of [PERSON] stepping down is [PERSON] gets to take off the power ring and post.
REDDIT50_607,41,0,Going by his logic: yes.
REDDIT50_989,41,0,No.
REDDIT50_1602,42,0,"This is incredibly lame ""Patriotism"", the last refuge of the scoundrel, is a positive trait? Pro-family, and pro-fatherhood/motherhood? Those are positives to you, maybe, but not everyone It's not ""men's rights"" to stereotype masculine values as conservative, and feminist values as progressive You're just helping the [ORG] pigeonhole us all as right-wing reactionaries Please stop helping the [ORG]."
REDDIT50_1699,42,0,[ORG] believe that punishing [PERSON] will somehow make [PERSON] less likely to report a sexual assault [ORG] are elected officials afraid to upset the [ORG].
REDDIT50_1721,42,0,"[PERSON] goes to war against [PERSON] [PERSON]   [PERSON] goes to war against [PERSON] Loses   [PERSON] goes to war against [PERSON] 4 Wins   [PERSON] goes to war against [PERSON] 3 Loses   [PERSON] 5 goes to war against [PERSON] 6 Wins   [PERSON] 6 goes to war against [PERSON] 5 Loses   [PERSON] go to war against men, and they all win   How many losses is that for women? What percentage? Do you need me to simplify it further? Like [PERSON] said: call me what [PERSON] will, but your lack of comprehension doesn't make [PERSON] the stupid one in this exchange That would be [PERSON]  Now are [PERSON] going to continue to ignore the comment where [PERSON] bitch-slapped [PERSON], and explained your original faulty reasoning? Of course [PERSON] are Either [PERSON] didn't get it, or [PERSON] are embarrassed by your own stupidity, so [PERSON] have to double down on calling me an idiot Either way, [PERSON]'re a dumb cunt Don't reproduce."
REDDIT50_1727,42,0,"[PERSON] expect [PERSON] to read your semi-literate rantings to decipher what [PERSON] are trying to ask [PERSON]? [PERSON] need to immediately pass your pop quiz when [PERSON] didn't answer any of mine? Fuck yourself! [PERSON] answer a question with a question, and [PERSON]'m the idiot because [PERSON] choose to ignore your question Nope Not going for it [PERSON] [PERSON] dismantled your feeble ramblings, so [PERSON] aren't even trying to make a point anymore Pathetic."
REDDIT50_185,42,0,"You mean [PERSON], who said as recently as [DATE_TIME] that everything she did with [PERSON] was consensual, until she jumped on the ""me too"" bandwagon, and decided the power imbalance was too great for it to be really consensual? Who can the most powerful [PERSON] in the [LOCATION] get a blowjob from? The second most powerful [PERSON] on the [LOCATION]? What if [PERSON] doesn't want a [PERSON] to suck him off? [PERSON] should give up blowjobs for [DATE_TIME], or until a [PERSON] attains a position of sufficient power, so...[DATE_TIME]? Why do men even strive for power, except for the blowjobs? Why is every sentence [PERSON] write a question?"
REDDIT50_186,42,1,"This isn't [ORG], you stupid cunt A rape allegation around here isn't proof of rape It doesn't matter how much you hate the [PERSON] Leave that shit with the [ORG], [PERSON]."
REDDIT50_236,42,1,"It's amazing how red-pilled women reveal themselves to be, when they don't realize what they are saying [NRP] advises men to not be doormats, and here this [PERSON] is justifying being a [PERSON] by saying [PERSON] was being a doormat  Women have no problem with a red-pill view of the [LOCATION]; they just don't want men to be in on it Their fundamental problem with [NRP] is that it draws back the curtain for men w[PERSON] would otherwise be fooled [PERSON] explains the magic trick."
REDDIT50_49,42,1,"This is not a pussy pass denied This is a [PERSON] cunt pass denied Her having (presumably) a pussy is unrelated to her cuntiness Any [PERSON] could be this cun[PERSON] in a similar situation, and many have  The only difference I see is a [PERSON] trying to peddle his influence to protect his [PERSON] from the consequences of his actions would have the intelligence to be more discreet [PERSON] let the [ORG] do what they feel they must, then make it all go away later, behind closed doors See [PERSON], and his DWIs, cocaine possession and going AWOL from the [ORG] What DWIs, cocaine possession and AWOL, [PERSON] ask? My point exactly."
REDDIT50_631,42,1,"""[PERSON]"" has become the PC ""faggot"" They wouldn't dream of shaming a [PERSON] for being homosexual, and it's [DATE_TIME], so most guys aren't bothered by it anyway It's used in the same way, to sexually sham[PERSON], and it doesn't matter if it's true It tries to turn any argument [PERSON] have into one about whether [PERSON] are an incel"
REDDIT50_662,42,0,">If a [PERSON] had shown up in that picture do you think [PERSON] would've had such a benevolent attitude towards the whole thing?  Maybe Maybe not It doesn't matter what I think What evidence is there of a pussy[US_PASSPORT]?  It's a [ORG] They ran the story because it's uplifting news [PERSON]'s a good guy, and [PERSON] hopes the [PERSON] in the picture isn't a thief [PERSON] just wants his truck back It's not a pussypass I know how badly you want it to be, but it just isn't."
REDDIT50_853,42,1,"[PERSON]'ve encountered this mongoloid before It sounds like a complete joke because you have a fully-functioning frontal lobe He's actually that fucking dumb; It's like they taught a [PERSON] to type He didn't use ""fake news"" ironically Oh, no Irony is waaaay beyond his capabilities [PERSON]'s retarded."
REDDIT50_855,42,1,"See, this is what I'm talking about [PERSON]'re as black as [PERSON] from [ORG], and half as smart Your EEG is a low-amplitude sine wave You are nearly dumb enough to be a Trump voter, but that's a low blow I have some faith in your limited intellect."
REDDIT50_1121,43,0,"As a [PERSON], [PERSON] only see homosexuality as ""people who prefer fucking people of their own sex"" There's no more to it than that; it's not quantum mechanics or the influence of [PERSON] on later composers  So, to me, *every* opinion on homosexuality is meaningless Even those of [PERSON]."
REDDIT50_1212,43,0,"[PERSON] agree with the sentiment that saying ""not all men are assholes"" makes the one saying it an asshole?  Not all men are assholes, [PERSON] And *[PERSON]* are an asshole for agreeing with their bullshit."
REDDIT50_1213,43,0,"> Though it is a pretty asshole thing to do to look for validation from fking [ORG]  Are you under the delusion that [ORG] advocating bullshit like ""all men are assholes"" deserve *any* respect? Th[LOCATION], calling those rotten people ""[ORG]"" is a disrespect to actual [ORG]  > [PERSON] should reread what the [ORG] in the image above said  [PERSON]'ve said that in a lot of comments here.. It's almost as if [PERSON] thought that saying that ""what the op says is not what it says"" often enough, everyone is going to start believing [PERSON] and seeing what [PERSON] wanted to see in there  Is that how [PERSON] got brainwashed? Sorry [PERSON], [PERSON] need an [LOCATION] where everyone is saying the same thing for the lie to start looking like the truth So it is not gonna work in here  But [PERSON]'re welcome to keep trying, please do tell me what ""the only kind of [PERSON] who says 'not all men are assholes' is an [PERSON]"" means.. According to *[PERSON]*  Seriously, do keep trying to twist that one, reading your bullshit is pretty funny"
REDDIT50_1383,43,0,"> Spoken like a true [NRP]  Oh, scathing Is that how [PERSON] get silenced in your [LOCATION]? Don't know why [PERSON] thought it would work here  Meanwhile, everything [PERSON] said is still a collection of fallacies  > It must hurt [PERSON] so bad that men aren't getting time for assistance on resumes at a [ORG]  [PERSON] don't really give a shit, but the opposite clearly annoys *[PERSON]*  And isn't that delightful?  > Die mad about it lol  When has this not been a projection?  > [PERSON] never said hiring non-gamers was the problem  No? Then what was the point of this sentence?  >> Especially for a [ORG] that is being accused of subjectively hiring [PERSON] based on how big of a gamer they are  Go on, [PERSON] want to laugh at how [PERSON] rationalize it now."
REDDIT50_1384,43,0,"> how worked up [PERSON]'re  &nbsp;  > Tagging [PERSON]  [PERSON] can't make this stuff up Although [PERSON] usually expect it in the OP, not the comments."
REDDIT50_1569,43,0,"[PERSON] don't know what the word ""free"" means, which is ironic considering that [PERSON]'re yelling your idiocy at [PERSON] in this post."
REDDIT50_736,43,0,"[PERSON] forgot [PERSON] and how the trailer opens with the [PERSON] talking [PERSON] was a bit shocked that there wasn't more outrage over that  .. Eh, [PERSON]'m sure there was and [PERSON] just missed it."
REDDIT50_1389,44,0,Dressing up...    [PERSON] tauğht me that back aat the house.
REDDIT50_1473,44,0,[PERSON] like this new way of saying vegetable lasagna.
REDDIT50_1567,44,0,[PERSON] ~~[PERSON]~~ lays bitches.
REDDIT50_1676,44,0,And the thunder rolls...
REDDIT50_1678,44,0,Oooh the lightning strikes!
REDDIT50_1680,44,1,"[DATE_TIME] must be tough for [PERSON], being a coward bully faggot."
REDDIT50_1682,44,1,fuck.off.faggot it happens [URL][ORG] [DATE_TIME]
REDDIT50_1787,44,1,[PERSON] used to always chase them off with a broom  [URL]  e: unintentional house nigger joke realized  [US_DRIVER_LICENSE]: I have some amazing pics of [PERSON]
REDDIT50_219,44,0,[PERSON] or [PERSON] will murder a [ORG].
REDDIT50_285,44,0,[PERSON] only come over because [PERSON] understands my right wing politics  Maybe if [PERSON] did oral...
REDDIT50_305,44,0,[PERSON] did miss it  We did a hot webcam show about it Lots of dick.
REDDIT50_306,44,1,"It has a mod report for being rude, vulgar or offensive  [PERSON] who reported me to myself."
REDDIT50_558,44,1,[PERSON]* ;)
REDDIT50_615,44,0,If [LOCATION] i will steal [PERSON] from [PERSON].
REDDIT50_616,44,0,Drag violently*
REDDIT50_952,44,0,Just make all those angry white people black Problem solved.
REDDIT50_1201,45,0,[ORG]
REDDIT50_1433,45,0,"> Stopped watching partway through [PERSON]'s run Not going back  You made the right choice He had [DATE_TIME], then nobody reigned [PERSON] in and he just started being more and more retarded The apex of [PERSON] being an ideological sperg was the character of [PERSON] in the [PERSON] series' When I saw [ORG] had a new showrunner, I was willing to give it a chance. I regret that decision [PERSON] is just as bad as [PERSON] at his worst And that's a shame, when reigned in and told no, [PERSON] had made some of the best episodes of [ORG] But as a showrunner given complete control, any talent he had is overshadowed by his ideology and ineptitude   I miss [PERSON]"
REDDIT50_262,45,1,[PERSON] see these [PERSON] spout crap like that so much it didn't even register
REDDIT50_528,45,1,Like [PERSON] need any help coming up with new retardation
REDDIT50_588,45,0,"They tend to be projecting Like the [ORG] of yore   ""All men want to rape women"" translates to ""[PERSON] think about raping every [PERSON] I meet, so every man must think the same""  Is the feminist equivalent of  ""[ORG] want to destroy traditional marraige"" Spoken by the Married Pastor, while he's off fucking [PERSON] the pool boy and dreading his wife finding out and divorcing him."
REDDIT50_737,45,0,"Take it a step further, [URL] looks like the perfect [ORG] trolling target It would be so easy to get them to lose their shit at even pedestrian spicy memes Imagine what will happen when the Habanero spicy memes are brought out"
REDDIT50_105,46,1,>[PERSON] to balance things out  These retards view representation like [PERSON] Makes perfect sense that they cream themselves whenever someone invents another even-more-fringe gender identity -- another rare [PERSON] appears!
REDDIT50_1055,46,1,"[PERSON]’re acting like [PERSON] didn’t point [PERSON] in the direction of the relevant variables [ORG] are obviously given preferential treatment by their algorithms - in fact, that’s how many of the bans and quaranti[PERSON] went down  [PERSON]’re making an absurdly reductive argument It’s retarded."
REDDIT50_1462,46,0,[PERSON] want to lecture a conversative about spite? lol
REDDIT50_223,46,0,[PERSON]’m saying that [ORG] have lost the intellectual high ground and are no longer allowed to define racism as an exclusively white and conservative phenomenon.
REDDIT50_227,46,0,It’s so nit hard that [ORG] had to completely changethe definition within [DATE_TIME] lol
REDDIT50_312,46,0,"Contact [PERSON] regarding the inappropriate behavior of the [PERSON] of [LOCATION] lol  I don’t buy into the [ORG] idiocy that says any power imbalance whatsoever qualifies as coercion, but come the fuck on."
REDDIT50_336,46,0,"I mean some [NRP], namely [ORG], are becoming more left The population as a whole is becoming more right wing *only relative to the lefties falling off the table* That does not actually equate to the [LOCATION] becoming more legitimately right-wing unless [PERSON]'re a [PERSON], which most [NRP] are."
REDDIT50_35,46,0,"And when that didn't work, the [ORG] pivoted to identify politics as an alternative vector for attacking capitalism  Again, don't believe the rebrand It's the same fucking people pushing the same [NRP] bullshit in order to destroy the same targets."
REDDIT50_36,46,1,"And if they were all the same fucking [PERSON], you'd have a very compelling point  This pivot didn't happen over the course of centuries It was only a matter of [DATE_TIME] - and the same [PERSON] were still driving the boat."
REDDIT50_37,46,0,"> Over a matter of [DATE_TIME] and it's the same [PERSON]? We're talking, in the OP, about [PERSON] who's in like their late 30s   And typically such a [PERSON] studied directly under a [PERSON] It's not difficult to trace these academic lineages Most of these [ORG] openly brag about their predecessors  >And there's still [NRP] about, too  And they are typically the same people as well Or do you never probe an [PERSON] for his or her economic views?  >A whole bunch of [NRP] left that [ORG] and started being [NRP] That doesn't mean the [ORG] is really the [ORG] People leaving a group doesn't drag the group with them  Terrible comparison Those two groups existed concurrently The identity politics that arose from [ORG] were a new movement created by and almost entirely populated by the [PERSON], [PERSON], and descendants of the [ORG]."
REDDIT50_446,46,0,"[PERSON]'re the one perverting language in a pathetic attempt to bend the argument in half A space free from those who would make it ""safe"" isn't a ""safe space"" for people who don't want ""safe spaces"" - it's just a completely different type of space."
REDDIT50_452,46,0,"[PERSON]? That a [PERSON] doesn't know how the intolerant minority works  10% of the population is enough to turn most of the [ORG] halal Much of our food is kosher despite a miniscule [NRP] population It has been suggested that 5% of a population is enough to start a revolution  Oh, and a bunch of our videogames are already being censored and/or altered by the insane preferences of [ORG], whom studies reveal to be roughly 8% of the population  So no, [ORG] exercising their own right to criticize in hopes of effecting desired c[PERSON] isn't ""entitled manbaby whining"" -- although from one intolerant minority to another, I can see why [PERSON] would seek to diminish our influence It does run directly contrary to your own, and [PERSON] already spend way more money than [PERSON] guys do  Additional sidenote: calling out [ORG] as melodramatic babies given [ORG]'s histrionic ongoing 24/7 anti-Trump meltdown. heh"
REDDIT50_657,46,1,"100% agree  Art can be both political *and* beautiful [PERSON] know an [PERSON] with [ORG], and his [ORG] is 24/7 progressive retardation But he's a damn fine artist, and [PERSON] enjoy looking at his work even if it's all in service of politics [PERSON] despise  That's the odd rub here, isn't it? If [ORG] really wanted to drive home their points, they'd do a better job of actually creating their content With enough quality, their games would become undeniable - and then their ideas might follow  Of course, if [PERSON] were talented, [PERSON] wouldn't be the resentful [NRP] they are."
REDDIT50_765,46,0,It's a perfect metaphor Get over yourself
REDDIT50_766,46,1,"""Woke"" is a broken tense appropriation of urban slang  Also, why should [PERSON] value what retarded people think?"
REDDIT50_873,46,0,"Seems like an obvious case, but [ORG] isn’t playing ball I’m guessing they’re getting a lot of money from the likes of [PERSON] to keep well out of social media interference until after the [DATE_TIME] It’s so fucking important that [ORG] keep the house Only way we will ever see this issue addressed."
REDDIT50_1171,47,0,[PERSON] for the loss!
REDDIT50_1234,47,0,"we get a lot of concern trolls ppd is a hard to understand concept for some Some ass hurt [PERSON] get their feelers hurt because theyve been so accustomed to women getting treated lik[PERSON] All of a sudden women are getting treated like men and its ""misogyny!!""  and we welcome it with open arms"
REDDIT50_1235,47,0,"oh i understand i didnt think [PERSON] were bitching about ""woman hate."" [PERSON] agreed with [PERSON] In fact, i would actually support and sticky post a well written post from [PERSON] detailing what constitutes [NRP] as well as calling out all the gatekeeping concern trolls [PERSON] expand on exactly what [PERSON] are talking about here and ill sticky it"
REDDIT50_1369,47,1,your altruism is making [PERSON] retarded
REDDIT50_1386,47,1,[LOCATION]    [PERSON] is using her tits to get a [US_PASSPORT] to be an obnoxious twat in [LOCATION] [PERSON] shuts [PERSON] shit down   Submit your shit if you don't like it.
REDDIT50_1436,47,1,[NRP] must have been retarded that day.
REDDIT50_1468,47,0,[PERSON] because [PERSON] didn't have the balls to say anything to begin with [PERSON] had to piggy back off [PERSON] comment like a little pussy.
REDDIT50_1500,47,1,"this is a lie we saw no uptick with membership once that [ORG] was shut down   [ORG] and [PERSON] insults really have lost their meaning they have oversaturated the [LOCATION] the [LOCATION], therefore, demands so[PERSON] better insults  quit being a lazy twat, replace that dogs cunt you call a brain, and try again"
REDDIT50_1578,47,1,"This whole PPD concept really is getting hard for some its not that hard, people   men are convicted 100 percent more than women  [men receive 65 percent higher sentences than women for exact same crime]([URL]  women know this [ORG] knows this  [ORG] tried to use the [US_PASSPORT] and they got shut down [DATE_TIME], whenever a conviction is made, the [US_PASSPORT] just got shut down  Not to mention the ""women are wonderful effect."" How many [ORG] are [PERSON] willing to leave their children alone with? Especially those with a criminal record ""Oh, but shes wonderful, [PERSON] cant possibly be a felon [PERSON] down the way, though, yeah he's definitely a pedo."" thats a fuckn pass if i ever saw one     So stop screaming ""misogyny"" at every turn It's too low effort for [PERSON] For fucks sake, be creative at least ""[PERSON],"" ""[PERSON],"" and ""women getting punished"" are all just losing their steam the [LOCATION] is oversaturated with low effort, bullshit so, [PERSON] here in [LOCATION] are setting the bar higher [PERSON] demand the best We arent some push over sub You have to earn your downvotes So get creative and quit being lazy little bitches   also, it looks like [PERSON] have a [PERSON] amongst [ORG][HANDLE], [LOCATION] I need our greatest minds to think of the greatest flair this dickwad, blue-haired, male tears drinking, cuntwaffle deserves The [PERSON] gets a smack on the ass by [PERSON] and the rest of my soggy nachos  In the meantime, i need [PERSON] to show [PERSON] how we do things here in [LOCATION] dont worry, we dont ban Have fun"
REDDIT50_1710,47,0,There's more than normal Soon as [PERSON] get to [LOCATION] [PERSON]'ll post.
REDDIT50_1776,47,0,yes yes he is
REDDIT50_189,47,0,"sure have we dont police speech here if you dont like it, please leave   edit  i apologize here in [ORG] we strive for professionalism and take complaints extremely seriously please fill the following form out and send to our [EMAIL] thank you for your time   [URL]"
REDDIT50_194,47,0,"This video is absolutely amazing Though, i am not sure it qualifies as PPD The first [PERSON] did admit that ""men are victims too."" I highly doubt [PERSON] believes such after witnessing her hysterical radicalism However, the upvotes clearly demonstrate the sub's approval, so it will stay   I will say this though, [PERSON] absolutely demolishes this ultra-fragile, cotton ball-coddled, servile authoritaria[PERSON] at [DATE_TIME] In order to enjoy [PERSON] takedown all the more, i suggest you watch the whole [DATE_TIME] leading up [PERSON] smugness (""**for the record, this man does not know who [PERSON] is!!!!!!**"") and arrogance over the fact that [PERSON] think [PERSON] more in the know than [PERSON] gets shut down so fast when [PERSON] unleashes a tirade of facts to [PERSON] wide eyes and awestruck face ""Do you know what hubris is?"" h[PERSON] says right before laying down the Holy of Holies on [PERSON] [PERSON] i hope [PERSON] becomes famous   Holy shit Say what you will about the [PERSON], his climate change stuff and all that, but [PERSON] reduces [PERSON] to tears by not raising his voice at all and only calmly talking numbers and data It was an amazing moment There is a moment of utter silence and disbelief following the thrashing Nobody is able to counter, so what do they do after picking their jaws off the ground? they say shit like ""[URL].."" and call for [ORG] obviously the police are needed because there was definitely a motherfucking murder [PERSON] tore through these mush minds so brutally that the [ORG] had to send out an apology tweet [PERSON] signalling their disgust for [PERSON] [DATE_TIME] where they had to plug in a [PERSON] balls almighty   [URL]"
REDDIT50_490,47,0,">critical thought if [PERSON] were [PERSON]  its funny, because youre the one who earned the tag, [PERSON]."
REDDIT50_552,47,0,"[PERSON]'m a regular dude, drink beer, lift weights [PERSON] talk about how impossible it is to dislike [PERSON] [PERSON] well rounded [PERSON] have a [DATE_TIME] just starting [DATE_TIME] in pre-school [PERSON] have  a [PERSON] of [DATE_TIME] [PERSON] served in the [ORG] for [DATE_TIME]   [PERSON] also voted and support [PERSON]   there are some sane supporters of his out there [PERSON] would like to imagine that you and [PERSON] would get along [PERSON]   have [DATE_TIME] [PERSON]"
REDDIT50_590,47,0,uhh ohh...looks like ive got a [PERSON]..........
REDDIT50_625,47,0,"ohh noesssss...   [PERSON] realize your very own [ORG] will be banning [PERSON] for commenting here, right?"
REDDIT50_731,47,0,"[PERSON] who attempts to argue that the earnings gap (I refuse to call it a wage gap because it isn't), is due to sexism and discrimination, is attempting to use their sex as a springboard for advancement  It is the truest form of ppd   Shit comment void of any actual cristisizm, just feelings and intuition."
REDDIT50_732,47,0,"the fact that [PERSON] simply hide behind some manipulated data without offering anything of substance is quite telling [PERSON] either have an agenda or are willingly ignorant   your statement is false on the surfac[PERSON] which tells me that [PERSON] have never really argued your point at all it is illegal to pay men and women differently Their wages are the same Their EARNINGS are not they are not conflatable you fucking [PERSON] They mean two completely different things   Earnings constitutes variable such as longer hrs, overtime, bonuses, awards, etc   men work more than women men choose higher paying careers women gravitate to [ORG]   when all the human variables such as free will and choice are accounted for, the gap DISSAPEARS in other words, youre perpetuating a highly unusable, worthless peice of data so [PERSON] can push an anti woman narrative     at least answer me this if [PERSON] dont address anything ive said:   if women got paid less than men, why arent men out of their jobs, being replaced by women? why are men hired at all? its simple [ORG], [PERSON] pay only as much as worth, and by your bullshit claim, women are only worth 75 percent of men thats a lot of money these [ORG] could be saving answer me that [PERSON]"
REDDIT50_733,47,0,"Perhaps a picture will help drive this home  [URL]   As you can see, the actual ""like for like"" gender pay gap in the [LOCATION] is just 0.8%, which is a LOT less than the 19% - 23% that [ORG] are always claiming  The worldwide average figure for the 33 countries covered in this study is 1.6%  Personally, my guess is that last remaining gap is due to women taking more vacation days per year, on average, than men do To my knowledge, there have only been a couple of studies done on this topic Both did find that women took more [DATE_TIME] (even before they had kids), but the size of the difference varied quite a lot More research is needed Vacation time is one of very few personal choices not accounted for in this study, so it likely does contribute to that remaining gap    [URL]"
REDDIT50_750,47,1,[PERSON]'s a long time mother    [PERSON] tried to use her gender The only thing needing changing is that dogs cunt you call a brain.
REDDIT50_772,47,0,"And that is awesome Can you decode that poll and see if you can dig up what questions and qualifications count as rape? [PERSON] last time I did, touching someones shoulder or giving [PERSON] a complime[PERSON] did not constitute sexual assault or rape Which is exactly what those debunked and fallacious polls are based off of."
REDDIT50_861,47,0,"Yeah and yet nobody is taking [PERSON] seriously It's becasue [PERSON] lack any creative, well thought out insult [PERSON] just threw out incels   Learn to fuckn criticize and argue your point without resulting in fallacious ad [LOCATION] and smears [PERSON] pathetic."
REDDIT50_863,47,0,[PERSON] said [PERSON] would have the [ORG] come fuck [PERSON] up Perhaps if it wasn't for that [PERSON] would agree with [PERSON].
REDDIT50_967,47,1,"[PERSON] derangement syndrome is in full swing im pretty sure its a fetish at this point   be original, cunt"
REDDIT50_974,47,0,[PERSON] wanna know how [PERSON] can make it better?
REDDIT50_976,47,0,What are you talking about? Where did I say that?
REDDIT50_977,47,0,lmao holy shit [DATE_TIME] are you sure [PERSON] dont want to go back [DATE_TIME]??????   i think we have a [PERSON] congrats [PERSON] you are one fucking unhealthy dude
REDDIT50_978,47,0,"lol [PERSON] it is holy fuck, [DATE_TIME] that was awesome even with no context, being irrelevant, and the parent comment being deleted, that was some weird ass shit to pull out of your ass   enjoy your flair, [PERSON]"
REDDIT50_99,47,0,[PERSON] dont think anyones on your side.
REDDIT50_1099,48,0,Imagine being a cop in the [LOCATION]   First response.. [PERSON] shooting [PERSON] at [PERSON]  Second response.. [PERSON] bitching about racism because [PERSON] caught her speeding..  Third response.. [PERSON] shot by [PERSON]..  [DATE_TIME].
REDDIT50_1120,48,0,Hey when your [ORG] start letting in hordes of [PERSON] to [LOCATION] and play dumb when they rape [ORG] and stab [PERSON] in daylight... then maybe [PERSON]'ll give a fuck! But those marriage pressures tho...
REDDIT50_1241,48,0,"[PERSON] could pay millions in taxes, but if [PERSON] don't own a [LOCATION] [PERSON] don't think [PERSON] should be able to vote in that [LOCATION]'s elections."
REDDIT50_1242,48,0,">That's just retarded, eventually there would be no plot on earth ""unowned"" locking out future generations  No, there will always be buyers and sellers The [LOCATION] has **Billions** of acres No land, no vote  &#x200B;  >from the right to vote  Voting is not a ""Right"" You're parroting women  Voting is modification of the operation of [ORG]   Voting is decision Voting is work Voting is future planning  This is why [LOCATION] *initially* did not allow [PERSON] to vote  &[CRYPTO];  >How about instead if you pay [CRYPTO] into the system you get to say how that money gets used because that makes the most fucking sense  This is a [PERSON] dream (aka an idiot's dream)  What happens if the [ORG] abolishes Federal taxes? YOU LOST YOUR VOTE  What happens if your [ORG] abolishes [ORG] taxes? [PERSON] LOST YOUR VOTE  What happens if your [ORG] abolishes local taxes? [PERSON] LOST YOUR VOTE  What happens if your [ORG] decides to only tax women? TOTAL FEMALE CONTROL  What happens if your [ORG] decides to only tax [ORG] employees? FASCISM  &#x200B;  Voting power based on ""wHaT YoU pAy iNTo tHe sYsTEm"" is stupid  &#x200B;  *Voting power based on Landownership is the future.*"
REDDIT50_1302,48,0,"Read ""Don't Make the Black Kids Angry"""
REDDIT50_1304,48,0,"[PERSON] if [PERSON]'re still shocked, go ask the [PERSON] you know in college for their [ORG] and see what they're posting I'm not kidding."
REDDIT50_1661,48,1,"[PERSON] know the feeling when [PERSON]'re out on the [LOCATION] with [PERSON] your regard as really smart and respectable and [PERSON] see a [PERSON] from another time in your life that was dumb but entertaining who [PERSON] kinda stopped hanging out with because they never really ""leveled up"" in intelligence or maturity and that [PERSON] comes up and proves their consistency by saying something embarrassingly retarded in front of your [PERSON]..  [LOCATION] this is that feeling..."
REDDIT50_1230,49,1,"[PERSON] never have an answer for the most basic question that completely demolishes your retarded ideas, and [PERSON]  Always a stupid 1 liner response as if [PERSON]'re the vict[PERSON] of some insane level of idiocy, when [PERSON] already know things like gassing minorities has already happened in [LOCATION]  [LOCATION]."
REDDIT50_1517,49,0,"Same thing happened [DATE_TIME], and a bunch of [ORG] did it to a [PERSON] and none of them spent [DATE_TIME] in jail  The worst rapists are actually a part of [ORG], and they're repeat offenders."
REDDIT50_1518,49,1,"So? The exact same thing happened to a [PERSON] and the [ORG] were white, and none of the [ORG] did any time, yet you bottom feeding retards are pretending that all whites get much higher sentences for the same crimes  Are you legitimately retarded?"
REDDIT50_1647,49,0,"It's weird, though [PERSON] did help a [PERSON] stay out of prison by pressuring the [ORG] to put a bunch of random blacks and a [PERSON] in prison for [DATE_TIME]  The [PERSON] raped like a dozen women after the [LOCATION] rape, and bashed one's brains out  [PERSON] was also accused of raping a [DATE_TIME] girl  Why *would* white women vote for [PERSON]?"
REDDIT50_1650,49,0,"The majority of women that voted for a [PERSON] that is dead set on helping rapists stay out of women on *numerous occasions*, and was, himself, accused of rape  It's not narcissistic at all, just a logical train of thought."
REDDIT50_1684,49,1,"Pulled [PERSON] over twice, then gave [PERSON] a body search and still the retards [ORG] think it's just as simple as '[PERSON]'s a crazy cunt.'"
REDDIT50_1780,49,1,[PERSON] like how [PERSON] think [PERSON] are whatever sub [PERSON] post in with every reply [PERSON] receive im reminded of how retarded [PERSON] are
REDDIT50_28,49,0,> but they don't want to anger anti-white black people by calling it one  What the fuck kind of drugs are [PERSON] using? Nobody has ever supported these useless fucks You've gone cuck overboard.
REDDIT50_29,49,1,"[ORG] marched for these guys? [LOCATION]? [ORG] marched for [PERSON] that were killed by [PERSON] on government payroll before, as did whites march for blacks that were killed  So which drugs are you using, exactly? Because [PERSON]'re no longer tethered t reality  The last MAJOR race riot the [LOCATION] had was in [LOCATION], and the reason it involved [NRP] was a [PERSON] attacked a [PERSON] at the counter then shot her in the back of the head, *and was let off by a judge* Yet fucking *bottom feeding moron leeches* like to pretend it was because of [PERSON]  >It's the same reason [PERSON] said ""Islam is a religion of peace"" when it clearly isn't  [PERSON] fucking *[PERSON]*, [LOCATION] is literally [LOCATION]'s biggest ally, when they're the ones that proliferate [ORG], which is what every [ORG] follows, and [LOCATION] pretends to be fighting, while blowing up which countries? [LOCATION], [LOCATION], [LOCATION], [LOCATION] WOW, look at that, ALL [NRP], predominantly [NRP] countries that are completely antithetical to jihadists and religion based extremism  [ORG] Sounds like [PERSON]'re an indoctrinated cuck Probably because [PERSON] don't realize [ORG]'s second largest shareholder is [NRP], too."
REDDIT50_526,49,0,where did [PERSON] *ACTUALLY* read [PERSON] saying that and not being sarcastic  mocking strawmen is an inception level of retarded
REDDIT50_111,5,0,[PERSON] defended torture and praised [PERSON] but I don't think he advocated for the deaths of innocents in any way He said some odd things that can easily interpreted as pro political violence  I don't think [PERSON] is a fascist or a dictator and [PERSON] think throwaway soundbites aren't really useful in evaluating whether or not someone is a fascist.
REDDIT50_1208,5,0,"Yeah that should probably be ended because it is abused in practice In principle, [PERSON] would think it a good thing for [PERSON] to work for reparation to their [PERSON] and the [ORG]."
REDDIT50_130,5,0,Ahs?
REDDIT50_1364,5,0,"Guess [PERSON]'m in a [LOCATION] or the ""[PERSON]"" are all mutes"
REDDIT50_153,5,0,The point is lots of [PERSON] try to use the fact that they were [ORG] to say the [NRP] weren't right wing As if it gives [ORG] some kind of brownie points that a [PERSON] wasn't theirs No shit [DATE_TIME]'s [ORG] aren't responsible for [ORG] of the past the same way [ORG] isn't responsible for [PERSON].
REDDIT50_163,5,0,[PERSON]'re trying to argue that [ORG] aren't right wing [PERSON]'m saying that is easily disproved by the fucking [NRP] grouping up with them [PERSON]'re moving the goalposts to some dumb shit and [PERSON] don't need to engage with [PERSON] on this topic anymore That's why [PERSON] just laughed.
REDDIT50_345,5,0,"""Lol guys it's not censorship if it isn't the [ORG] The first amendment doesn't protect you from consequences.""  Later  ""We need the [ORG] to shut down this [PERSON] speaking in a [LOCATION] Fuck the first amendment.""  This is such a shock Who could have predicted this development?"
REDDIT50_349,5,1,"[PERSON]'s kooky as fuck, obviously, but God damn [PERSON] is the best chance we have of breaking through all the tribalistic fake moralistic bullshit that prevents the left from even fucking hearing people like [PERSON]  Maybe the best thing to do is go in [LOCATION] and claw your way up through some [ORG] and then just trick these [PERSON] into being principled"
REDDIT50_392,5,0,"If [PERSON] can't play as a [PERSON] in the single player then these guys should bring up that the original red dead revolver had missions where [PERSON] played as a [PERSON] and as a [PERSON] Would be much better than ""[PERSON] wasn't empowered enough by this one liner."""
REDDIT50_551,5,1,What is with these [PERSON] unironically calling [PERSON] degenerates?
REDDIT50_693,5,0,[PERSON] think that's a terrible way to communicate You need to be concise if [PERSON] want to maximize your effect.
REDDIT50_701,5,0,"As [PERSON] saw [PERSON] teabag the opponent, [PERSON] realized the glory of the [ORG]."
REDDIT50_1067,6,0,[PERSON] would say whoosh. but [PERSON] fear even that will go over your head.
REDDIT50_1137,6,0,[PERSON] saw on [LOCATION] (its shocking how [PERSON] not banned there yet) that they tore him a [PERSON] before the [ORG] deleted the post  It's rare that they do that but fuck me it was like having a bath in a [PERSON]'s blood in that thread.
REDDIT50_1169,6,1,[PERSON] are an [PERSON] trying to brainwash people into believing what [PERSON] saying is true  [PERSON] are exactly like her.
REDDIT50_1172,6,0,"oh no. downvotes on PPD. whatever next, banned from [ORG] posts?"
REDDIT50_1305,6,1,"[PERSON] think [PERSON] am in a minority [PERSON] have actively trolled on [ORG] calling the [PERSON] retarded while every other fucker was gilding her. the post got like 12 golds  [PERSON] then post on here, back when i stopped lurking, calling out a [PERSON] on abusing and get banned from there  It baffles me  [PERSON] can call them retarded in their own [LOCATION], but calling a [PERSON] [PERSON] got me banned  I would be shocked at their idiocy if they had the braincells to comprehend it."
REDDIT50_1337,6,1,> [PERSON]'m done taking a shit and arguing with a [DATE_TIME]   [PERSON] argued with yourself as [PERSON] took a shit?  Are [PERSON] retarded as well as stupid?
REDDIT50_1592,6,0,"> As long as the [PERSON] is of the age of consent and is aware of what they are consenting to [PERSON] don't particularly mind  [PERSON] is a [PERSON]  It doesn't matter that [PERSON] was in the age of consent, [PERSON] had authority over him so it was statitory rape  [PERSON] are okay with rape because [PERSON] understood consent?"
REDDIT50_1594,6,0,>I'm ok with rape   Please die slowly
REDDIT50_1273,7,0,> You don't have to like or approve of [PERSON]   Funnily enough: [PERSON]'s site has been banned on [LOCATION] for quite some time after one of his contributors was grave dancing over a [PERSON] that walked in front of a train   This is still bullshit for [ORG] and [ORG] to do
REDDIT50_1274,7,0,"> Wasn't he banned for pulling a ""[PERSON]/IA here, it's verified"" lines of crazy? Could be misremembering but that was a lot of [DATE_TIME] back  [PERSON] was openly mocking a [PERSON] who walked in front of a [LOCATION] on purpose, and [PERSON] backed up that [PERSON]'s actions   Plus [PERSON]'d been pushing the boundaries of ethical journalism (to put it nicely) already That was the last straw   As [PERSON] said though, it's been [DATE_TIME]"
REDDIT50_1390,7,1,"> Whites should get lynched, and [ORG] should be enslaved and castrated >  >  >  > Don’t get triggered over words, subhuman  Oh look, [PERSON]  Here's a juice box, dear [PERSON] should be by to pick [PERSON] up from your [NRP] [DATE_TIME]   Now get out and stay out"
REDDIT50_1499,7,1,> the Full Retard response from the [ORG]  This is what most people are ticked about
REDDIT50_1698,7,0,"Con confirm [PERSON] (""guy-foo"")"
REDDIT50_172,7,0,">How is a [ORG] ceasing service to a [PERSON] who's violating their terms of use an affront to [LOCATION]?  1: Colluding with other [ORG], either overtly (actively agreeing to collude against a thi[ORG]) or not (kick [PERSON] while they're down) is an unethical business practice   2: Is a [ORG] refusing to bake a cake an affront to [LOCATION]?   What's the difference?"
REDDIT50_266,7,0,"Right? It's not like [ORG] & [ORG] have a history of censoring [PERSON], hiding things they don't like, and pushing agendas?   Oh, and let's not forget completely screwing the pooch with [ORG], to include leaky privacy settings that allowed private posts to be retrieved by [ORG]   Why would they suddenly start screwing with [PERSON] *now*?   That's sarcasm, by the way"
REDDIT50_679,7,0,"[PERSON]'s not so much ""die in a fire"", as [PERSON] is ""Oh dear, [PERSON]'s retarded."""
REDDIT50_746,7,0,">[PERSON] think [PERSON] deserves a [URL]ke don't overuse his gimmick or something  [PERSON].. [PERSON] legit can't tell if [PERSON]'re serious or just playing around, so [PERSON]'ll just say that if [PERSON] comments in here again [PERSON]'ll be sure to give [PERSON] a stern warning"
REDDIT50_1074,8,0,Fair
REDDIT50_1515,8,1,"Not sure what you find strange, according to [ORG] don't commit crimes  Hell even in that recent case where the [PERSON] almost beat than [PERSON] to death, you would only know [PERSON] was black because the picture and not once the mention of a hate crime, protests, etc"
REDDIT50_838,8,0,Having a sex with a [PERSON] doesn't make one a pedophile and no [PERSON] didn't rape [PERSON].
REDDIT50_879,8,0,"[PERSON], should have took it to the [ORG]  Also we shouldn't be celebrating the [PERSON] anyways, notice how [PERSON] was found out because the [PERSON]'s [PERSON] got all jealous."
REDDIT50_881,8,0,"Only because [NRP] are uniquely snowflakes and immature princesses  [LOCATION], in [LOCATION], and [LOCATION] it's a perfectly legal age  Also his age has nothing to do with the fact [PERSON] was prostituting himself out  [PERSON] can trade his back for minimum wage at [ORG] but [PERSON] can't trade getting his cock sucked for a ride?"
REDDIT50_884,8,0,"Got it so next time [PERSON] take out 16 yo out ([DATE_TIME]) and [PERSON] wants a drink with dinner [PERSON] should tell [PERSON] no!  And later if [PERSON] wants a bump of meth [PERSON] should tell [PERSON] NO!  After all [PERSON] is just there to suck my dick according to [PERSON], [PERSON]'s not allowed to partake in normal shit  that [PERSON] wants if the person [PERSON] dating is older than [PERSON] lol  What a fucking [NRP] [PERSON] are lol, go back to whatever [LOCATION] [PERSON] live under"
REDDIT50_885,8,0,"[PERSON] don't hang out with them, they hang out and fuck [PERSON]  Quit hating because [PERSON] think men should only date used middle age spinsters and women should only date [PERSON] working at [ORG]"
REDDIT50_1122,9,0,"Ah! But your definition of homosexuality is, to certain people, an **opinion**  Even though your definition is a loose paraphrasing of the literal definition of homosexual .. you'll find regressives who argue that it's wrong  That's why it's so hard to argue with regressives .. they just keep redefining the words"
REDDIT50_1226,9,0,"Yeah .. and there are some [PERSON] who wouldn't permit their [PERSON] to gain the ability to hear because it would lead to the death of ""deaf culture""  In other words some [PERSON] are incredibly selfish and don't care who it fucks up  edit typo"
REDDIT50_1481,9,1,"Oh please [PERSON] 52% of the population are not violently subjugated you fucking twat  Honestly .. [ORG] need to grow the fuck up But I honestly believe that the entire lot of them are incapable of rational thought, so they will be the equivalent of [PERSON] for their entire lives."
REDDIT50_1677,9,0,[PERSON] sure that wasn't just [PERSON] farting out a few more IQ points?
REDDIT50_324,9,0,"No mate:  The [PERSON] is [HANDLE]   The [PERSON] is the person who wrote the thing that [PERSON] posted for us to react to  It does get confusing though, given that we effectively have two different 'posters' and need to differentiate between them  edit typo"
REDDIT50_370,9,0,"It doesn't matter how many stupid posts [PERSON] make with [ORG], [PERSON], nobody sane believes you."
REDDIT50_5,9,0,"That might be true if we didn't have an example of a whole segment of the [LOCATION] population blindly screaming for the head of a [PERSON] based on accusations from a [PERSON] about an event [DATE_TIME] which nobody could even begin to corroborate, not even [PERSON]  It's a scary time for men because of fuckwits like the [PERSON]."
REDDIT50_545,9,0,Oh yes .. you can see them [here]([URL]  Viewer Discretion Recommended.
REDDIT50_547,9,0,[PERSON] - It's gonna take [DATE_TIME] to get that image out of my mind!   Gross!
REDDIT50_619,9,1,[ORG]?  Absolutely! Purge the .. ummm ..
REDDIT50_666,9,0,"[PERSON] started replying trying the whole mixed case thing, but [PERSON]'ve never been very good at that   Let's face it - if [PERSON] is snowflake enough that they get their ego dented by mixed case posts, then it's not surprising that [PERSON] are stupid enough to think that shit is ableist and classist  Either way .. [PERSON] are probably beyond help."
REDDIT50_667,9,0,"It's not that surprising really [PERSON]'ve known some brilliant scientists who were, at [DATE_TIME], sadly childish outside of their own field  It's why otherwise intelligent people can sit in [ORG] and think Marxism is a great idea even when history has proved conclusively that it results in [ORG]."
REDDIT50_752,9,1,Fascinating  [PERSON]'ve seen several examples in [DATE_TIME] where **women** have lied about being sexually assaulted because they are trying to cover up  [PERSON] recently saw a very high profile example of a [PERSON] lying about sexual assault for political reasons  We've seen a case where [PERSON] in [LOCATION] lied about a [PERSON] sexually assaulting them .. because they didn't like him  [PERSON].
REDDIT50_754,9,0,"Actually [PERSON] was thinking of the one who has **admitted** that [PERSON] lied  [PERSON] don't find the one [PERSON] are referring to any more credible than the [PERSON] who has come clean about [PERSON] lies, but we can't prove [PERSON] was lying  But as [PERSON] noted, we've seen that [PERSON] has received a great deal for her unfounded and unverified accusations A **lot** of money Hero worship by the regressives."
REDDIT50_800,9,1,"Or, [PERSON], it might be that whatever [PERSON] **said** in your *vent* post was a complete crock of shit and, if a [PERSON] had said it, would result in a wave of [PERSON] demanding his head"
REDDIT50_968,9,0,"Yeah, but here's the thing [PERSON], only [ORG] thought that about blacks  Just as only [ORG] use condescending terms for someone's race .. for example [PERSON] might be familiar with the word 'nigger'?"
