id,author,label,text
REDDIT50_1,25,1,[ORG]? Ohh boy brace for a livid [PERSON] coming in [LOCATION] trying to hate a hole in some of her stupider countrymen.
REDDIT50_2,46,0,"Why the hell would [PERSON] dislike [NRP] and Islam equally? As an [PERSON], [PERSON] can live an openly [NRP] life *right here in a [LOCATION]* thanks entirely to the tolerance and peacefulness of Christians [PERSON] would be widely and aggressively oppressed in [LOCATION]."
REDDIT50_3,46,0,"And apparently [PERSON] don’t *study* any of them either Because if [PERSON] had, [PERSON]’d know that your much-anticipated modern reformation of Islam will never actually happen  But [PERSON]’m wasting my time Because [PERSON] think [ORG] was a positive influence on [LOCATION], which is retarded Last I checked, atheists still need food lol"
REDDIT50_4,15,0,"[LOCATION] doesn't shy* away from a lot of things [PERSON] smack around women for the humor of it too And something like Seven Deadly Sins has the [PERSON] frequently groping women, stealing her panties [while she's wearing them], etc."
REDDIT50_5,9,0,"That might be true if we didn't have an example of a whole segment of the [LOCATION] population blindly screaming for the head of a [PERSON] based on accusations from a [PERSON] about an event [DATE_TIME] which nobody could even begin to corroborate, not even [PERSON]  It's a scary time for men because of fuckwits like the [PERSON]."
REDDIT50_6,0,1,"Honestly, I believe that [PERSON] probably did do what she says he did Especially after more information about the heavy drinking and bar fights came out  Here's the thing The evidence that was presen[PERSON] (ie: none, just testimonies) over [DATE_TIME] would be nowhere near enough to convict him of anything (even if it was still prosecutable) So why the fuck does anyone think it should bar him f[PERSON] a job on the [ORG]? Can we please give [PERSON] the same presumption of innocence anyone should get until [PERSON]'s actually proven guilty? It may seem unfair to some (for some retarded reason), but [PERSON]'d personally love for the presumption of innocence to still be a thing the day [PERSON]'m accused of doing something [PERSON] didn't do [PERSON]'m not saying [PERSON] did or didn't do it, [PERSON]'m saying that we presume people innocen[PERSON] for a god damn fucking reason  Now the fact that [PERSON] lied multiple times in front of the [ORG] and read a speech that could seriously have been written by a [PERSON] was pretty fucking repulsive and for that reason alone the [ORG] should have ditched [PERSON] And why did [PERSON] lie? To a avoid embarassment [PERSON] don't want somebody like that on the highest court in the country [PERSON] had already embarassed himself at that point anyways with his half-retarded speech."
REDDIT50_7,30,1,">So why the fuck does [PERSON] think it should bar [PERSON] from a job on the [ORG]? Can we please give [PERSON] the same presumption of innocence anyone should get until [PERSON]'s actually proven guilty?   According to his [PERSON], it was just a 'job interview', so innocent until proven guilty doesn't apply  Most job interviews don't care about accusations that [PERSON] were [DATE_TIME], or require testimo[LOCATION] under oath  Needless to say, they don't explain what standard they are using, unless you count the ""if it's *possible* [PERSON] did it, [PERSON] shouldn't be [ORG]"" folks  >[PERSON] had already embarassed himself at that point anyways with his half-retarded speech  You mean the speech [PERSON] made when [PERSON] was upset for obvious reasons, including death threats against [PERSON], that are not remotely what his job as [ORG] will be like?"
REDDIT50_8,30,0,"""[PERSON]"" based on unverifiable accusations of an crime that would be older than the [ORG] And the [ORG] was investigating because it *wasn't* about guilt or innocence, of course  /s  [URL]  The vague perjury cries are just moving the goalposts And it's kind of ironic that his detractors would care so much about truth while backing a story nobody can prove."
REDDIT50_9,30,0,"> ""What is a devils triangle?"" [PERSON]'s a [PERSON] willing to lie under oath about petty bullshit  Because [PERSON] couldn't get things from [DATE_TIME] wrong If it's so petty, why do you want his head over it?  >Moving goalposts? This is a job interview,   How often do job interviews involve [PERSON] testifying under oath to [ORG] about crimes someone allegedly committed [DATE_TIME]? This was a hearing ""Job interview"" is what [PERSON] have said when they want an excuse to lower the standard of evidence  >the goal has always been to establish if [PERSON] was apropriate for the job   The goal was to try and get [PERSON] rejected on an unprovable accusation and maybe stall long enough for the [ORG] to win enough seats at midterms to block [PERSON] conventionally Maybe even to hurt the [ORG]'s midterm chances  [PERSON] keep bleating about ""establishing character"" and keep ignoring [PERSON]'s actual accusation Because [PERSON]'re moving the goalposts [PERSON]'re acting like the way a [PERSON] acts when he's been accused of rape, yelled at by hundreds of thousands of people, and gotten death threats against his family is how he normally behaves  >The answer is no for many reasons, not the least of which is his naked partisanship  Was there a [PERSON] conspiracy? Almost certainly not Did the [ORG] deliberately sit on the accusation for [DATE_TIME] until it was most inconvenient? Yes, IMO Even people on the left have criticized this three-ring-circus And from what I'm told, [PERSON] is actually fairly middle-of-the-road If he was ""nakedly partisan"", where was the evidence *before* the hearings?"
REDDIT50_10,35,1,"Wow, this cunt is a fucking trip Men give out opinions because, last time I check, men built everything around [LOCATION] When women have accomplished what men have, then they can have a fucking opinion that matters as much as men’s does I am so glad [PERSON] lost This misandrist bullshit is fucking insane."
REDDIT50_11,35,0,Kindly suck my dick.
REDDIT50_12,35,0,[PERSON] This is the best reply.
REDDIT50_13,23,0,"[PERSON] can see that The talking to the [PERSON] and ""refusing"" to talk to the [PERSON] works in cultures where they respect their elders ([ORG], [NRP] etc.)  If he pulled that shit in a [LOCATION] people would look at him like he was crazy If it were a [LOCATION] then the [PERSON] might have got in the [ORG] face because [PERSON] was ""disrespecting"" her lmao."
REDDIT50_14,12,1,"These hoes have zero personality and will say anything to make themselves sound unique  I saw some [PERSON] on [ORG] [DATE_TIME] who was [DATE_TIME], and the only thing she talked about in her profile was bein[PERSON]... Like, how long areyou going to ride that train, [PERSON]...  Cool, you played [US_DRIVER_LICENSE] volleyball at some [ORG]  Congratz.................."
REDDIT50_15,25,0,Given [PERSON]'s childish and unstable temperament how likely do you think it is for him to lose his shit in the [ORG] and it both torpedo his own case and give a nice fine for being held in contempt of the [ORG]?
REDDIT50_16,25,0,"Oh sure [PERSON]'ll TELL [PERSON], but can waid listen? [PERSON] doesn't seem to be aware of what the 5th amendment is and how [PERSON] should not tell everyone what an abusive and criminal fuck [PERSON] are being on the internet  Honestly if [PERSON] didn't brag [URL] on how [PERSON] fucked [ORG] the [PERSON] would have much less of a case."
REDDIT50_17,33,1,[PERSON] is the dude who had [DATE_TIME] mental breakdowns in the [ORG] (I think it was [PERSON]?) and threatened to flip tables at conventions If he does go full retard on court I don't think anyone on the [LOCATION] will be even slightly surprised
REDDIT50_18,27,0,Gotta love that cultural diversity huh [ORG]?
REDDIT50_19,41,0,[PERSON] does not simply post on [URL].
REDDIT50_20,41,1,"As [PERSON] pointed out, [PERSON] can do all those things, *after* [PERSON] lurk for [DATE_TIME] [ORG] culture is absolute, learn it first /tg/ is highly insular for good reason Don't look forward to positive reinforcement if [PERSON] say something retarded."
REDDIT50_21,25,0,You can also pick up some highly entertaining stories there [PERSON]'ve got a couple [PERSON] read that [PERSON] saved in a text file if [PERSON] wants to hear them  [PERSON] think most of them are fairly SFW.
REDDIT50_22,25,0,"Here's one   Allow you to tell you the story of my favorite character of all time [PERSON] who had [PERSON] ranks in [ORG] since game one  He was a [PERSON], tall and lanky [PERSON], and the [PERSON], And yes, he did stroke it occasionally  Well, It all started when the party went to a [LOCATION] who's average IQ was likely on par with a jar of mayo.. On the way out, my [PERSON] had a brilliant idea to get some money.. The only [ORG] in [LOCATION] is essentially a [ORG], so [PERSON] go out to the [LOCATION] and pick up a few rocks.. [PERSON] cast Light on them.. And bring them back to the [ORG] as ""[ORG], As long as you carry one, you'll never grow ill! Look at how they glow!"" The [PERSON] gobbled it up because the [LOCATION] didn't know [PERSON] was a [PERSON]  That was the start of it.  Second major evil act of mine was using [PERSON] extensive expertise in the law to force a [ORG] to sell to him otherwise he was going to have the [LOCATION] seized for owed taxes.. [PERSON] then turned it into a [LOCATION].. And then burned it down for the [CRYPTO]  After that the party [PERSON] got fed up with my way and challenged [PERSON] to a duel of blades, [PERSON] accepted and surrendered quickly. And then using my insanely high charisma [PERSON] convince the [PERSON] that [PERSON]'ve changed my evil ways, that [PERSON]'ll give it all up.. So, [PERSON] allows [PERSON] to buy him a drink.. Next thing [PERSON] knows, [PERSON] wakes up in a [LOCATION] with a dead [PERSON] on the floor, and outlawed narcotics on the nightstand  [PERSON] retired the [PERSON] shortly thereafter, going off the [NRP] re[PERSON] that [PERSON] went into hiding to avoid retribution from the [ORG]  Good times."
REDDIT50_23,7,0,"> [PERSON] love those types of stories, mind sending some over to me?  You're gonna want to settle in for this one: [URL]"
REDDIT50_24,22,0,Story says 2-10% of rape reports are false and call them rare Well fuck me lets just forget that even the hint of an allegation ruins the life of an [PERSON] I guess ruining lives is just fine to [PERSON].
REDDIT50_25,22,0,What does not help is when [ORG] actively try to stop new evidence or DNA evidence from being used to exonerate [PERSON]   If it exists and can be tested there should be a law that it has to be done and accepted.
REDDIT50_26,45,1,"> [PERSON], [PERSON] don't care what [PERSON] identify as [PERSON], [PERSON], non-binary, genderfluid, etc?  Same here, [PERSON] think the last two are retarded, but whatever My problem arises when [PERSON] demand [PERSON] buy into th[PERSON] Often with [ORG] [PERSON]'d leave them alone to their stupid nonsense if they had the good graces to leave me alone"
REDDIT50_27,2,0,"When [PERSON] don't have [PERSON] to distract [PERSON] and commit yourself to, [PERSON] are free to spend a lot of money on faps and a lot of time on making said money  Its why [ORG] somehow are always super rich and commissioning all the [ORG] on the [LOCATION]."
REDDIT50_28,49,0,> but they don't want to anger anti-white black people by calling it one  What the fuck kind of drugs are [PERSON] using? Nobody has ever supported these useless fucks You've gone cuck overboard.
REDDIT50_29,49,1,"[ORG] marched for these guys? [LOCATION]? [ORG] marched for [PERSON] that were killed by [PERSON] on government payroll before, as did whites march for blacks that were killed  So which drugs are you using, exactly? Because [PERSON]'re no longer tethered t reality  The last MAJOR race riot the [LOCATION] had was in [LOCATION], and the reason it involved [NRP] was a [PERSON] attacked a [PERSON] at the counter then shot her in the back of the head, *and was let off by a judge* Yet fucking *bottom feeding moron leeches* like to pretend it was because of [PERSON]  >It's the same reason [PERSON] said ""Islam is a religion of peace"" when it clearly isn't  [PERSON] fucking *[PERSON]*, [LOCATION] is literally [LOCATION]'s biggest ally, when they're the ones that proliferate [ORG], which is what every [ORG] follows, and [LOCATION] pretends to be fighting, while blowing up which countries? [LOCATION], [LOCATION], [LOCATION], [LOCATION] WOW, look at that, ALL [NRP], predominantly [NRP] countries that are completely antithetical to jihadists and religion based extremism  [ORG] Sounds like [PERSON]'re an indoctrinated cuck Probably because [PERSON] don't realize [ORG]'s second largest shareholder is [NRP], too."
REDDIT50_30,49,0,"[PERSON]'m spastic? [LOCATION], [LOCATION], [LOCATION], [LOCATION], [LOCATION]? All of them are [NRP], but which one of them is the largest supporter of international jihad, and which ones are fighting against jihadists?  Which [PERSON] is [LOCATION]'s ally, and which ones have [LOCATION] bombed?  Answer that, to see how full of shit and in denial [PERSON] are."
REDDIT50_31,14,1,"Done Completely done with this shit Fuck with [PERSON]'s cast, [PERSON] can live with that (not really but...) Fuck with best girl [PERSON] however.. Burn in [LOCATION] (literally, as in devils with pitchforks shoving them in your ass while boiling you in hot lava) [PERSON] was thinking of giving this show a chance since [PERSON] love the [PERSON] so much, but [ORG] fanatical obsession with forced ""duh-ver-see-tee"" is the final straw Fuck this show, fuck [ORG], fuck your ""diversity"", fuck this cast and fuck right off."
REDDIT50_32,14,1,"Get a load of this fucking [PERSON].. Let me attempt to explain (probably unsuccessfully) to your shit for brains what [PERSON] mean  1) [PERSON]'m sick and tired of [PERSON] disrespecting the source material in the name of ""[ORG]"" and virtue signaling Particularly [NRP] such as [LOCATION] If you want to make your ""diverse utopia"", do it on your own, make up your own story, don't bastardize existing source material And it's always - *always* - race swap from white to whatever other color and from male to female Even if it doesn't make *any* sense whatsoever and even if actually completely breaks the established lore which was the case with [PERSON] in [LOCATION] where racism was actually a big plot in the source material and in fact it was what you [ORG] would call ""reverse racism"" of a black per[PERSON] hating a [PERSON] for being white  Another insane example is that batshit absurd bullshit remake they are trying to make of the [ORG] with *all female cast* In what [LOCATION] does it make sense (well in your demented NPC brain it probably does) to convert the all male cast to all female cast and not destroy the core and the fundamental idea of the source material?   Well, ""diversifying"" [ORG] cast makes just about the same amount of sense (for people too stupid to breathe like [PERSON] this means ""none"")  2) [ORG] is essentially the first or at least the most famous story that co[PERSON] from [LOCATION] and popularizes our [NRP] mythology and culture [PERSON] And yes, it may come as a complete surprise to your ""progressive"" shit for brains, but we do have our own culture for about ~[NUMBER] years, give or take a few hundred And let me tell you what hasn't changed for [DATE_TIME] We don't have ""diverse"" people In fact [PERSON] happen to be some of the whitest motherfuckers in existence, proly only the [NRP] are whiter I'm so very sorry it ""hurts"" your Western politically correct ""duh-ver-see-tee"" and ""inclusivity"" bullshit but this is **OUR** culture and if [PERSON] don't like it [PERSON] can go fuck yourself, preferably with a rusty fork shoved deep inside your anus I guess ""all cutlures are equal and beautiful"" except yours, yours is too white, [PERSON] need to ""diversify"" it a little so [PERSON] can pat ourselves on the back how ""progressive"" [PERSON] are so that the [ORG] social justice retards don't REEEEEEEEE  So what, [PERSON] are not allowed to have our own culture? It's not ""diverse"" and ""inclusive"" enough for [PERSON]? Well, [PERSON]'m sorry, but being the ""[ORG]"" we didn't have much time to ""diversify"" it so that [DATE_TIME] millennial NPCs won't be triggered by our evil demonic ""whiteness"" I'm absolutely sure that you wouldn't mind if we make a reboot of the [NRP] Shaka Zulu series and cast [PERSON] in the role of King [PERSON]? I'm also absolutely certain that [PERSON] loved [ORG] and its ""authentic"" cast  So just like [PERSON] love to spew this ""whitewashing"" crap, can I also ask to stop ""darkwashing"" **MY** culture? It's not like [NRP] culture is that popular and mainstream in the [LOCATION] We have this one thing and you just have to fuck it all up because of your ""duh-ver-see-tee"" and ""progressive-ness""  3) [PERSON] hair color is not red, it's chestnut, dumbass And [PERSON] is ""[PERSON]"" (you NPCs really can't meme) because [PERSON] love [PERSON] character from the books [PERSON] is my favorite character in the entire series So your failed attempt at ""[LOCATION] shaming"" doesn't really cut it, it only shows how shallow your shit for brains is and what ignorant moron you are  Fuck outta here, [PERSON]."
REDDIT50_33,46,0,This is marxism These [PERSON] want [PERSON] to help shoulder the development costs of 70+ gender options for all protagonists despite the facts that 97% of [PERSON] identify as either male or female *and* the vast majority of core game players are simply male.
REDDIT50_34,46,0,"Nah, it's [ORG] Don't believe the rebrand."
REDDIT50_35,46,0,"And when that didn't work, the [ORG] pivoted to identify politics as an alternative vector for attacking capitalism  Again, don't believe the rebrand It's the same fucking people pushing the same [NRP] bullshit in order to destroy the same targets."
REDDIT50_36,46,1,"And if they were all the same fucking [PERSON], you'd have a very compelling point  This pivot didn't happen over the course of [DATE_TIME] It was only a matter of [DATE_TIME] - and the same [PERSON] were still driving the boat."
REDDIT50_37,46,0,"> Over a matter of [DATE_TIME] and it's the same [PERSON]? We're talking, in the OP, about [PERSON] who's in like their late 30s   And typically such a [PERSON] studied directly under a [PERSON] It's not difficult to trace these academic lineages Most of these [ORG] openly brag about their predecessors  >And there's still [NRP] about, too  And they are typically the same people as well Or do you never probe an [PERSON] for his or her economic views?  >A whole bunch of [NRP] left that [ORG] and started being [NRP] That doesn't mean the [ORG] is really the [NRP] People leaving a group doesn't drag the group with them  Terrible comparison Those two groups existed concurrently The identity politics that arose from [ORG] were a new movement created by and almost entirely populated by the [PERSON], [PERSON], and descendants of the [ORG]."
REDDIT50_38,46,1,">What [PERSON] have described is very clearly ""not the same people"" which was the standard [PERSON] decided to create  First, some of them are, and second, the same ""People"" as in a classification of people  >[ORG] have been complaining about the gender composition of [ORG] for [DATE_TIME] now To the point that [LOCATION] passed a law saying that every board of a [ORG] in [LOCATION] has to have a [PERSON] on it That's entirely inconsistent with [ORG] that would not want those boards to exist  Yes, they pivoted to grievance studies as the next best avenue for attacking [LOCATION] aka [ORG] They are [ORG] who would be openly [NRP] if it were a viable declaration - and indeed some of them declare it anyways If the [ORG] are going to exist, they want women on them And those women should, of course, be [ORG] Because [ORG] will, of course, *operate the [ORG] in a manner antithetical to the [ORG]* That's the goal  >Trying to make everything [NRP] in an attempt to discredit is the same as trying to make everything the [ORG] in an attempt to discredit It's the same as the SJW protocol to avoid actually dealing with positions and arguments and just go ad hominem  There is clear [ORG] connecting [ORG] to progressivism You cannot say the same for all of the mutually exclusive groups that have been accused of membership in the [ORG] Probably because everyone who opposes [NRP]  is ""[ORG]"" to a leftist [PERSON]'re engaging in retarded false equivalencies."
REDDIT50_39,17,1,Anyone who claims the [ORG] give a shit about manipulating the Star Wars fandom is fundamentally retarded and ignorant of intelligence operations.
REDDIT50_40,4,0,What the hell was the content on those specific [ORG] anyway? [PERSON] never watched them.
REDDIT50_41,4,0,I assume it's the timing [PERSON]'s thread showed the email from the [ORG] journo  [URL]  (Seems that she's trying to hold [PERSON] responsible for people who sent him offensive superchats? IDK if [PERSON] was egging them on or not...)
REDDIT50_42,25,1,"[ORG]'s a vehicle to give them, money, power, respect The bullshit and lies and broken souls they ensnare are the fuel  It's a [ORG]- full stop, not like [PERSON] *is one* [PERSON] liked to call [ORG] the ""opiate of the masses"" how convenient when you are a fucking dealer  Sure there are some [PERSON] who believe this shit but let's face it for most of them this is their gravy train  Emotionally whole, functioning, [PERSON] have no need for a [ORG]- so at best they are useless to them, at worse they can try to *actually* help their converts, which costs them  While more subtle and societal pressure and manipulation based, do not be fooled- [ORG] are just the same fucks as [PERSON] or [PERSON] If you aren't a useful asset, or out of their way(often this isn't good enough either) [PERSON] are a problem and [ORG] will fucking deal with [PERSON] If they can do it by talking shit on twitter fine, if not [PERSON] try to get [PERSON] fired from [PERSON] a job or make it so [ORG] won't give [PERSON] loans  They have no depths to which they will *not* stoop [PERSON] invented [ORG], and while rich brought strangers into her own home She went to [ORG] saw a poster of [PERSON] on the wall and said fuck this  The cunts lied and stole the credit for the hard work she had done, then killed her pet and mailed her pieces of it, making her flee the country  So yeah, [PERSON] will do anything up to and including murder and maybe even *worse*  Even some [PERSON] [LOCATION] don't see to get how bad some of these [PERSON] are Not all of them sure, and as much as [PERSON] fucking hate saying [PERSON] like this- they are part of the problem(the useful idiots in [ORG] and such not necessarily naive or ignorant posters here)  [PERSON]'m largely individualist but collective judgments make sense when the expectation [PERSON] have are because they keep doing the same twisted and evil shit, time and again, and don't denounce it, or applaud it After all no one is born feminist or [NRP], it's a choice and [PERSON] can renounce the entire thing at any fucking moment."
REDDIT50_43,30,0,">  then killed [PERSON] and mailed [PERSON] pieces of it, making [PERSON] flee the [LOCATION]  Not exactly [PERSON] took shots at [PERSON], but that was after [PERSON], [PERSON], and [ORG] had already gotten death th[PERSON] And why? Because [PERSON] tried to open a [ORG] for men too."
REDDIT50_44,24,0,>  Being politically correct must be so fucking confusing To not blame the [PERSON] for fear of being racist and instead attacking [PERSON] to appear not racist  It's almost like no one thin[PERSON] like this and [PERSON]'re just an idiot for thinking otherwise Almost
REDDIT50_45,20,0,The correct term is [CRYPTO].
REDDIT50_46,20,0,[PERSON]  Pick a fat roll and fuck it.
REDDIT50_47,14,1,"Ok, [PERSON]'m trying really hard not to be an [PERSON] here (not really), but how am [PERSON] supposed not to stereotype a [PERSON] for being a [PERSON] when some [PERSON] gave a microphone to this [PERSON] and [PERSON]'s 100% confirming the stereotype that dumb blonde bimbos are really dumb blonde bimbos.. I mean [PERSON] ""Let me show you my asshole"" [PERSON] already did pretty damn good job affirming the stereotype with her creationist levels of retardation ""hurricanes are mother nature rage for [PERSON]'s election"", [PERSON] did the same with her ""hurr-durr whamen are half of the population therefore they should be half of the movie herp-derp"" ([PERSON] are also half of the population that shits in the [LOCATION], I don't see [PERSON] bitching about ""half of the population"" cleaning the sewers) I mean, [PERSON], [PERSON], [PERSON]'re not doing a very good job convincing people [PERSON]'re worth anything more than [CRYPTO] when [PERSON] ""accidentally"" leak your naked pics on [ORG]..."
REDDIT50_48,27,1,[PERSON] forgot about this lying cunt haha  [PERSON] would be a good match for  [ORG]([URL]
REDDIT50_49,42,1,"This is not a pussy pass denied This is a [PERSON] cunt pass denied Her having (presumably) a pussy is unrelated to her cuntiness Any [PERSON] could be this cun[PERSON] in a similar situation, and many have  The only difference I see is a [PERSON] trying to peddle his influence to protect his [PERSON] from the consequences of his actions would have the intelligence to be more discreet [PERSON] let the [ORG] do what they feel they must, then make it all go away later, behind closed doors See [PERSON], and his DWIs, cocaine possession and going AWOL from the [ORG] What DWIs, cocaine possession and AWOL, [PERSON] ask? My point exactly."
REDDIT50_50,42,0,[PERSON] was murdered? I thought it was cancer.
REDDIT50_51,23,0,"Because the men refused to [PERSON] for [PERSON] when [PERSON] made horrible decisions They saw the [PERSON] was crazy when [PERSON] started screaming, left the car (along with some other people), while [PERSON] stayed like a dumbass and got superficially injured."
REDDIT50_52,24,0,"> Because the men refused to [PERSON][ORG] is now protecting smaller [PERSON], the elderly and [PERSON] from [PERSON] who tower over them and attack in a non-retaliatory or defensive fa[PERSON].........  GOOD SHIT   [PERSON] are fucking out of it , the hatred has completely pushed you over the edge, all you see is pseudo confirmation for your hateful biases  Just disgusting."
REDDIT50_53,23,1,"Nope, it's protecting [PERSON] from the consequences of their own bad decisions by sacrificing your own safety, for no other reason than that they have a vagina **Don't give a fuck what bullshit you spout,** that doesn't change  [PERSON] lol  If [PERSON] comes out of nowhere and punches a [PERSON] in the face for no apparent reason, [PERSON]'ll step to help them out I would also do the same for a [PERSON]   If that same per[PERSON] chooses to stay in a dangerous situation after [PERSON] and others have chosen to leave then fuck em [PERSON] made your bed, now sleep in it [PERSON] specifically need to be careful [PERSON], your bigotry and hatred is showing :)"
REDDIT50_54,24,1,"> If that same [PERSON] chooses to stay in a dangerous situation after [PERSON] and others have chosen to leave then fuck em   This is so stupid it hurts, how can anyone be this idiotic  So [PERSON] should've just left the [LOCATION] because the [PERSON] might attack them? And where do you even get the idea that [PERSON] wasn't already being attacked when they left?  What about the [PERSON] that were on the [LOCATION], would [PERSON] also expect [PERSON] to just move away?  And [PERSON] think what , [PERSON] just feel confident to even get up when there's [PERSON] shouting aggressive shit at them? Are [PERSON] medically retarded?  Also staying in your spot is now being responsible for being beaten up? [PERSON], i fear [DATE_TIME] anyone might put [PERSON] in a law making position [PERSON] [PERSON] are completely deranged  So much stupidity  >  that doesn't change [PERSON] lol  You can't even write proper sentences  >  You specifically need to be careful [PERSON], your bigotry and hatred is showing   My sides"
REDDIT50_55,23,1,">What about the [PERSON] and [PERSON] that were on the [LOCATION], would you also expect them to just move away?  Oh please ((rolls eyes)) [Reduction to absurdity fallacy,]([URL] more dumbass, I already gave my definition of white knighting and nowhere does it include the elderly and children Those are separate reasons than ""having a [LOCATION]"" /FAIL  >And you think what , [PERSON] just feel confident to even get up when there's [PERSON] 15-20cm taller and much larger than them shouting aggressive shit at them?  Confident? No LMAO [PERSON] expect them to **run away** just like most other people would [ORG] is basic human nature  >Are [PERSON] medically retarded?  No, and neither are [PERSON] i am guessing, but [PERSON] are acting like [PERSON] are in order to ""win"" Sorry, playing ignorant is a losing strategy because it's easy to spot and only makes [PERSON] looks stupid  >[PERSON] can't even write proper sentences  And how do incomplete sentences make me **wrong**? Oh yeah, they don't [PERSON] do Misplled Wrds  It's been fun, but we are done [PERSON] have failed to do anything but present more **fallacious bullshit** because [PERSON] have no real argument and everyone here sees it Goodbye [PERSON] have fun with your downvotes lol /BLOCKED :)"
REDDIT50_56,24,1,"> Oh please ((rolls eyes)) Reduction to absurdity fallacy,  [PERSON] like how [PERSON] invoke these pop culture falacy memes that [PERSON] don't even understand Meanwhile [PERSON]'ve literally learn how to build systems based on logic and just laugh at this shit  >   white knighting and nowhere does it include the [PERSON] Those are separate reasons than ""having a vagina   Except this had nothing to do with your perception of what knighting is or isn't [PERSON] don't give even half a shit about that, it'd to do with your retarded, illogical made up on the fly beliefs that fall apart under scrutiny  Taking something to the extreme isn't a fallacy by default [PERSON] It's how [PERSON] prove if rules are solid or not, literally one of the basic steps in proving logical statements and mathematical formulas    The sheer illiteracy combined with the misplaced arrogance is hilarious >  /FAIL  Imagine writing like this unironically >  Confident? No LMAO I expect them to run away just like most other [PERSON] would [ORG] is basic human nature  Another concept you don't understand Thankfully that's the reason  they're adding the word freeze to it  >  And how do incomplete sentences make me wrong? Oh yeah, [ORG] don't [PERSON] do Misplled Wrds  They just make you an illiterate Your post history is riddled with them, and it's not typos, it's blatant misspelling of words and deeply flawed and telling grammatical mistakes  >  It's been fun, but we are done You have failed to do anything but present more fallacious bullshit   Oh no the [PERSON] invoked something he doesn't understand, whatever will i do  >  Sorry, playing ignorant is a losing strategy because it's easy to spot and only makes you looks stupid  Playing ignorant? Do you not even know what a rhetorical question is? [PERSON]"
REDDIT50_57,30,0,"[PERSON] wasn't a feminist when she got shot, [ORG] persuaded her to accept the label afterward so the [ORG] could appropriate the [NUMBER]."
REDDIT50_58,9,0,[PERSON]  What about all the wormkin out there?!!?  **/s**
REDDIT50_59,27,1,Don't know what [PERSON] was expecting being around these cunts
REDDIT50_60,24,0,"So equality for [PERSON] would be breaking from the principle of proportional justice, one of the most fundamental ones in virtually JUST EVERY FUCKING LEGAL SYSTEM IN THE WORLD that's worth half a shit, so that [PERSON] (in this case, let's just be honest, [PERSON] just care that it's women) for lying under oath would get punished the same as a typically very violent, and very physical act, for lying to fuel your hate boner?  Cool  Also , [PERSON] fucking illiterate dumbasses, the felony is called ""perjury"" and it's the same if a [PERSON] lies about another [PERSON] or [PERSON] or any other configuration you want It has nothing to do with rape or about ""women having an advantage"" in the [ORG] (imagine being so big of an unashamed illiterate, that you actually believe shit like this unironically)   It also varies from [LOCATION] to [LOCATION] , and yes the minimum is typically [DATE_TIME], but under a [ORG] you get up to 5, depending on the intent [PERSON] had when [PERSON] committed said perjury,etc    And even worse, [PERSON] can also get awa[PERSON] with fucking rape with a [DATE_TIME] sentence Even if [PERSON] actually did it HUH, see [PERSON] made a scary statement there It's almost like we have this principle that guides how the [ORG] punishes [PERSON]... HUH  Of course this all depends on what actually happens, and [LOCATION], and turns out [ORG] actually consider all of this crap when making ruling since they actually more about their field than any of you fuc[PERSON] will clearly ever know about literally anything  And finally, of course, [PERSON] have the fact that false rape allegations resulting in convictions aren't a widespread issue in the slightest according to just, well, virtually every credible authority on the subject  [PERSON] really should, at all times, refrain from talking about big boy topics [LOCATION] to fueling your hate boners with random vi[PERSON] of women getting hurt or whatever, it somehow makes [PERSON] look less retarded than this."
REDDIT50_61,22,0,"Okay [PERSON] will bite  >for lying under oath would get punished the same as a typically very violent, and very physical act,   First off what is being referenced here is not punishment for a violent crime versus an non violent crime What is being referenced is where no violent crime has taken place and on the word of the [PERSON] a [PERSON] is sent to [LOCATION] So perjury can net a [PERSON] a long, as in up to a lifet[PERSON] in [LOCATION], where the punishment for perjury when discovered is trivial No one is arguing that a [PERSON] should get a light sentence for a violent crime against [PERSON] Or that the sentences for violent crime and perjury should be the same  >imagine being so big of an unashamed illiterate, that you actually believe shit like this   Women receive far lighter sentences for the same type of crime as men across the [ORG] in all crime categories excluding none Women caught committing the exact same crime as a [PERSON], ie [PERSON] is a co-defendant, receive lighter sentences than their male [PERSON] except in rare instances The more severe the crime where both male and [PERSON] of the same crime the women will almost invariably receive [DATE_TIME] less in sentencing   >you have the fact that false rape allegations resulting in convictions aren't a widespread issue in the slightest according to just, well, virtually every credible authority on the subject  This statement is incorrect The number of false rape accusations being detected has greatly increased since the hysteria that the [ORG] created by [ORG] highlighted that blindly believing an [PERSON] caused more victims to be created The whole title 9 fiasco where due process was removed from [PERSON] highlights the failing in the mentality As [PERSON] have pointed out above any [ORG] worth it salt has due process as a foundation stone of its [ORG]   Reading through [PERSON] post history is pretty scary [PERSON] are a very angry person as pretty much all your posts revolve around [PERSON] saying [PERSON] are not a feminist and yet attacking and insulting anyone [PERSON] converse with Reminds me of saying, ""If all the [LOCATION] is full of assholes is it the [LOCATION] or [PERSON]?""  Anyways most of what [PERSON] wrote above is based on your assumption that violent crimes and perjury should be looked at the same That is not the case The rest is just an emotional rant  EDIT: [PERSON] have given [PERSON] flair You are going to love it :)"
REDDIT50_62,24,1,"> This statement is incorrect The number of false rape accusations being detected has greatly increased since the hysteria that the [ORG] created by [ORG] highlighted that blindly believing an [PERSON] caused more victims to be created  Source it  >  So perjury can net a [PERSON] a long, as in up to a lifetime in [LOCATION], where the punishment for perjury when discovered is trivial   [DATE_TIME] in [LOCATION] is trivial? Yep [PERSON]   There are of course cases where this happened in the past, but it mostly occurred disproportionately to [PERSON], i wonder why you're not up in arms about that fact specifically...  >  [PERSON] is arguing that a [PERSON] should get a light sentence for a violent crime against [PERSON] Or that the sentences for violent crime and perjury should be the same  [PERSON]    >  [PERSON] are a very angry [PERSON] as pretty much all your posts revolve around [PERSON] saying [PERSON] are not a feminist and yet attacking and insulting anyone [PERSON] converse with  The vast majority of my posts are not even about feminism or gender stuff, but nice try I guess [PERSON] , [PERSON] have far more posts (even if they are also far more retarded) than [PERSON] do on the topic   >  Anyways most of what [PERSON] wrote above is based on your assumption that violent crimes and perjury should be looked at the same  Except it's the opposite But yeah sure That's the whole thing I'm pointing to, that [PERSON] can't even compare the two crimes and there's a reason for that But shit flying over [PERSON] head is 100% expected     >  Reminds me of saying, ""If all the [LOCATION] is full of assholes is it the [LOCATION] or [PERSON]?""  Nah, it's just full of near retards like [PERSON] [PERSON] Also not really the [LOCATION] but [PERSON] like this filled with stupidity to the brim  >  EDIT: [PERSON] have given [PERSON] flair [PERSON] are going to love it :)  [PERSON] must feel like [PERSON]   EDIT: Enjoy your little hatefilled subs while they last :)"
REDDIT50_63,22,0,Response is pretty much as expected Lots of name calling and no substance People like [PERSON] come in [LOCATION] day in and day out all butt hurt crying mysogyny and flinging around statements [PERSON] have a pseudo understanding of [PERSON] are the hate filled one not [PERSON]   By all means do stay Toying with [PERSON] will amuse me And the longer [PERSON] stay the more [PERSON] will learn [PERSON] are about equality here between the two genders [PERSON] may not like how [PERSON] do things but things are the way they are  If [PERSON] are going to stick about may I suggest [PERSON] dispense with the repetitive name calling Its boring and will only serve to get yourself trolled into oblivion  Good luck have fun and see you around.
REDDIT50_64,24,0,> Lots of name calling and no substance People like [PERSON] come in [LOCATION] day in and day out all butt hurt crying mysogyny and flinging around statements [PERSON] have a pseudo understanding of   [PERSON]'re the one not responding [PERSON]'re also the one making the wild statements  Didn't use the word misogyny once [PERSON] mostly called [PERSON] retarded Misogyny would imply [PERSON] had a shred of self awareness   Again  >  This statement is incorrect The number of false rape accusations being detected has greatly increased since the hysteria that the [ORG] created by [ORG] highlighted that blindly believing an [PERSON] caused more victims to be created  And again  Source it  >  Toying with you will amuse me  My fucking sides How old are you? This is the kind of shit a [DATE_TIME] would say because it's what they see in their crappy cartoons  Try actually responding before flaunting your imagined superiority
REDDIT50_65,22,0,Ill source my comment when [PERSON] source any of your original statements I run a sub dedicated to this stuff [PERSON] are just a typical [PERSON] who only has beliefs based in emotion Source your statements and then [PERSON] will happily put [PERSON] in [LOCATION] But [PERSON] wont because [PERSON] cant.
REDDIT50_66,24,1,"Ok, what do [PERSON] want sourced exactly   >  [PERSON] run a [ORG]    Wow such qualifications [PERSON] give up now   My sides  >  [PERSON] are just a [PERSON] who only has beliefs based in emot[PERSON]  Again, not an activist feminist in any sense, don't really care tbh I just don't like retards"
REDDIT50_67,22,0,"> And finally, of course, [PERSON] have the fact that false rape allegations resulting in convictions aren't a widespread issue in the slightest according to just, well, virtually every credible authority on the subject  Lets start here Just know that if our [ORG] is feminist biased it will be torn apart Choose neutral sources There are plenty out there"
REDDIT50_68,27,0,[PERSON] in the ass
REDDIT50_69,24,0,"Brilliant insight  Spam [PERSON] more, that'll totally do something besides making [PERSON] think about how miserable [PERSON] must be."
REDDIT50_70,27,0,[ORG] checks out
REDDIT50_71,3,0,"[PERSON] doesn't have to control your life, but [PERSON] have to *want* to change"
REDDIT50_72,27,0,\\^[PERSON]
REDDIT50_73,40,0,"""[PERSON], uh.. didn't even want to be on the [LOCATION], so there!""  Absolutely pathetic."
REDDIT50_74,6,0,[PERSON] meant his own comment.
REDDIT50_75,20,0,"Ummm sweaty..  👏🏻How 👏🏻 dare 👏🏻 [PERSON] 👏🏻 criticize 👏🏻 a 👏🏻 strong 👏🏻 independent 👏🏻 empowered 👏🏻 [PERSON]?! 👏🏻  [PERSON]’re totally being __problematic__ and __toxic__? And [PERSON]’re not allowed, mmmkay? 😤  Don’t [PERSON] know criticizing a [PERSON] for any reason is [PERSON]?!"
REDDIT50_76,41,0,Enjoy your slide into [ORG].
REDDIT50_77,41,0,">""We won't defend this free speech, and in fact denounce it as morally wrong and offensive.""  >le SJW generation arriveth  >""Conservative views are both morally wrong and offensive, and you must ban th[PERSON] or be destroyed.""  >[ORG]: ""Sounds good to us and [PERSON]!""  >[PERSON]: ""HALP HALP I'M BEIN REPRESSED!""  Same fucking argument [ORG] make is that [ORG] are moral criminals, racists, hate speech, etc Give an inch on free speech, even if it would grind your gears to defend it, and they'll hang you all with a mile of rope  [PERSON] is choosing not to defend free speech but rather its ambiguous convenience, and down the road when [PERSON]'s told to censor something related to free speech, it won't have credibility when [PERSON]'s banning something now for wrongthink."
REDDIT50_78,23,1,">""it was [PERSON] not [PERSON],""  Just goes to show how these bitches have NO fucking integrity Had [ORG] asked [PERSON] for her friends Name and Address [PERSON] would have given it to them, knowing damn well [PERSON] didn't do shit Glad [PERSON] got arrested."
REDDIT50_79,33,1,"Honestly, as long as [PERSON] look close enough the part, and don't pretend for [PERSON] to use retarded made up shit like ""xyr"", [PERSON] don't really give a shit about them wanting to be called with a female pronoun."
REDDIT50_80,7,0,"> Enjoy being banned by a [PERSON]  I didn't ban him, though?"
REDDIT50_81,7,0,[URL]
REDDIT50_82,2,0,"It [PERSON] consider that the [ORG] [PERSON] started from, it was slowly improving from there over time  [DATE_TIME] has seen [PERSON] regressing backwards into that time, which is the problem [PERSON] are having."
REDDIT50_83,12,1,"Doesnt' matter how cunty women are, there will alwasy be an [ORG] to defend them."
REDDIT50_84,25,1,"Because of this shit [PERSON]'d definitely argue that the majority of the [ORG] in the [LOCATION] are actively seditious and treasonous Even if you are left wing [PERSON] can't see how [PERSON] could not think the same, they are doing every single thing they can to undermine the duly elected officials of this [ORG] short of direct combat and obviously sent by them assassins I'm amazed there aren't some of [PERSON]    So far [PERSON] just got a few nuts, only [PERSON] [PERSON] can think off the top of my head, which while [PERSON] think they wanted [PERSON] to do it, no one directly led [PERSON] to attack [ORG], just a matter of scare [ORG] hard enough until [PERSON] does something There's no real concrete evidence of that however  I'm kind of amazed there haven't been a fuckton of assassination attempts on [PERSON] yet, either by [ORG], or by lone nuts If the [ORG] lose hard in the [DATE_TIME], which I wouldn't be surprised if they do, or at least don't get their ""blue wave"" I wouldn't be surprised if you get more violence one way or another, or if [PERSON] gets elected for another terms  These people are jumping away from reality at the same speed [PERSON] can free himself from this fucking planets gravity  It's almost funny I mean fuck [PERSON] isn't really all that conservative He doesn't really seem to believe in [ORG] shit like most conservatives I have talked to do, he just seems to be trying to bring things to some semblance of sanity These [PERSON] act like going back to [NUMBER]-1990s policies is like going back to [NUMBER] policies- which probably weren't half as bad as these twats think anyway."
REDDIT50_85,39,0,>[PERSON]'m kind of amazed there haven't been a fuckton of assassination attempts on [PERSON] yet  There have been 4
REDDIT50_86,25,0,[PERSON] would think [PERSON] would be masturbating about it in the [ORG].
REDDIT50_87,39,0,"Why? Assassination attempts generally increase the favorability of the [PERSON] targeted They also tend to paint the side that did it as crazies, which lowers their favorability It's the same reason the [PERSON] that volunteered for multiple [ORG] who shot up [PERSON] didn't get a lot of publicity"
REDDIT50_88,39,0,[PERSON] on the [LOCATION].
REDDIT50_89,25,0,"That's why their gnashing of teeth would be funny if [PERSON] weren't so insane about it  I'm pretty sure it's because [PERSON] don't have any real dirt on [PERSON] They are control freaks and [PERSON] *can't* control [PERSON] Honestly most things [PERSON] have heard don't really hurt these people unless they are insanely crooked, even then if [PERSON] aren't trying to fuck with [PERSON] [PERSON]'d probably leave them alone just to get done what [PERSON] feels must be done [PERSON] only seems to want to shake things up so far in [PERSON] needs to, to bring our [ORG] out of it's utter insanity  I wish [PERSON]'d do more but [PERSON] was never really that conservative or right wing."
REDDIT50_90,3,0,"[PERSON] don't get it  Isn't 'completely illegal' just the ultimate form of 'strict regulations on it's sale'?  Why would ease of access go down and down as regulations got tighter and tighter, then suddenly leap up to 'a whole lot easier' when the regulations were absolute?  I mean, this *might* be easy to accept if there wasn't billion dollar black market in the [LOCATION] on 'legal but strictly regulated' drugs right now"
REDDIT50_91,3,0,">Do you know just how ubiquitous [CRYPTO] is?  [PERSON]'m going to go out on a limb and say ""Slightly more ubiquitous than it was when it was illegal in [LOCATION]""  Seriously  Go ahead and just fucking try to argue that [CRYPTO] use has gone down in any of the [LOCATION] where it became legal but regulated"
REDDIT50_92,3,1,"Well, shit, color me retarded!  But the article says alcohol, heroin, and tobacco use are all down too, so I doubt you can argue it has anything to do with the legalization  More to do with [PERSON] not getting out and partying as much"
REDDIT50_93,3,0,"[PERSON]'m from [LOCATION], that would be the state [PERSON]'d be interested in"
REDDIT50_94,47,1,"""[PERSON] disagree with me!!  are you really defending monogamy??? fucking [PERSON]!!""   [URL]t how it works you dont just get to yell [PERSON] at people just because they dont agree with [PERSON] fucking mor[PERSON]  yeah, no that insult has lost its mojo because of [PERSON] the [LOCATION] is over saturated try to be a little more creative."
REDDIT50_95,23,1,"[PERSON] to get everything in the agreement on video This is one of the most thorough denials [PERSON]'ve ever seen  But just like [PERSON] thought would happen, the feminazi mental gymnastics come in at t[PERSON] end to try and justify [PERSON] perpetual victimhood no matter what happened in reality  ""[PERSON] was too scared to say no"" and ""[PERSON] felt that [PERSON] didn't have to say no, the [PERSON] should have read my fucking mind"" (Paraphrased of course)."
REDDIT50_96,23,1,"They had that before the scene started It's just like everyone said it would be NO AMOUNT of consent will ever be enough for a [PERSON]  Here we have the entire act on film, along with an [PERSON], and [PERSON] enthusiastic consent of everything before AND after  Still got accused of rape How can a [PERSON] having normal sex ever expect to win? LOL"
REDDIT50_97,7,0,[PERSON]
REDDIT50_98,16,0,arbitrary and retarded
REDDIT50_99,47,0,[PERSON] dont think anyones on your side.
REDDIT50_100,29,1,So this [PERSON] found [ORG] hard to use?
REDDIT50_101,49,0,ZERO YEARS FOR [PERSON] A [PERSON] WITH A COAT HANGER WHAT HAS THIS WORLD COME TO:  [URL]
REDDIT50_102,10,0,"[PERSON] Colonialism was pretty good Apart from that and various [ORG] games, they can shove this shit up an orifice of their choice."
REDDIT50_103,4,0,"Oh yeah, [PERSON] and [PERSON]?  Did anyone archive all that shit they were doing with that [PERSON]?"
REDDIT50_104,9,0,"And the [ORG] wonder why they are losing ground  If they don't start shouting louder than these fuckwits, [PERSON] is going to be painted with the same regressive brush"
REDDIT50_105,46,1,>[PERSON] to balance things out  These retards view representation like [PERSON] Makes perfect sense that they cream themselves whenever someone invents another even-more-fringe gender identity -- another rare [PERSON] appears!
REDDIT50_106,36,1,"And by ""toxic masculinity"" this twat means ""masculinity"" The ""non toxic"" ones are the gape jawed soibois with the soft, well tended beards, broken to housework and fetching drinks as their wife and her [PERSON] fuck for [DATE_TIME]. and the really good ones don't even ask for a Switch   [CRYPTO]  [CRYPTO]"
REDDIT50_107,23,0,"[PERSON] made a assertion earlier ([DATE_TIME] actually lol)  >[PERSON] think [PERSON] was trying to get [ORG] type fame Even when proven to be a fraud that [PERSON] still tours the [LOCATION] getting paid to speak on being a ""survivor""  And it looks like **[PERSON] was right** Even though the [ORG] [refused to charge the men in question based on a lack of evidence]([URL] of wrongdoing, after seeing the entire footage, AND the damning video you see above going fucking viral........  This bitch is now [Penthouse Playmate of the Month for July]([URL] and is out getting that big $$$ recounting ""her awful struggle at the hands of rapists in the [ORG]"" Also some bullshit about having [PERSON] all of a sudden  File this one under [URL] That is so fucking sad, a [ORG] just got pulled from the ashes by idiotic SJWs in the media Her career now is bigger than it ever was or ever would have been for some [PERSON] that has to do abuse-play in order to get work [ORG] does pay, and it pays big apparently."
REDDIT50_108,23,0,"[URL]upid [PERSON] on this one I have seen them reach far, but [PERSON] never expected them to reach **this far** down in the shit bucket to pull someone out and name her shitty ass [PERSON]"
REDDIT50_109,26,1,"""so [PERSON] how do you defend yourself against the fact that [PERSON] is a fan of your work? what is it about your art that appeals to [ORG] intent on gassing jews?""   That is how retarded this dopey bitches non-argument is  and thats without having to even go to explain to the [PERSON] how content which is critical of the faults of their biggest enemy is of course going to be of interest to them, but has ABSOLUTELY no reflection on the [PERSON]"
REDDIT50_110,40,0,"Don't feel special [ORG] does this shit all the time now Every time a right wing candidate gains steam, [PERSON] shows up and the entire [ORG] follows with him."
REDDIT50_111,5,0,[PERSON] defended torture and praised [PERSON] but I don't think he advocated for the deaths of innocents in any way He said some odd things that can easily interpreted as pro political violence  I don't think [PERSON] is a fascist or a dictator and [PERSON] think throwaway soundbites aren't really useful in evaluating whether or not someone is a fascist.
REDDIT50_112,40,0,[PERSON]'d take rude over duplicitous.
REDDIT50_113,40,0,"No way [ORG] repeatedly get demonstrably false statistics and outdated studies stamped as ""mostly true"" with bullshit like ""an unconventional cut of the data"" or ""not by official statistics"", while [PERSON] gets his count inflated with ""pants on fire""'s given for demonstrable bullshit like ""valid numbers but we don't like the implication of comparing them"", snarky asides like ""oh, just millions"" to a claim [ORG] hasn't helped people, ""[PERSON] aren't boys"" for any claim about that stupid bathroom fight, etc, etc  Plus, [ORG] is hardly some neutral arbiter on [LOCATION] or whatever; it's owned by the *[ORG]*, which not only endorsed [PERSON], but contributed huge amounts of money to her [LOCATION] campaign."
REDDIT50_114,40,0,"Yes, [ORG] is a neutral fact checker, the [LOCATION] is democratic and ruled by her people, the [ORG] give a rat's ass about the [LOCATION], poor people, or jurisprudence, [ORG] cares about moving [LOCATION] to renewab[PERSON], as per their most recent corporate statement, [PERSON] is the least racist person, and I have a [ORG] to sell you Just because someone *says* they are something does not mean you should take them at face value; in fact, it most frequently means they're trying to hide something  [ORG] was 100% owned and funded by *[ORG]* until [DATE_TIME], when it fell under the auspices of the [ORG], which now also owns the *[ORG]*, that is, when it isn't endorsing slates of [NRP] or publishing articles on its' own site about how anonymously bragging about sabotaging the [PERSON] is t[PERSON] best thing since sliced bread  > Unless you are calling into question the entire profession of journalism  I can do that, too, but for once, this argument does not, just makes the claim that [ORG] is about as neutral as an organization that gets called out by *[ORG]* of all people for lying can be."
REDDIT50_115,40,0,"Your argument is circular; [PERSON] say they're objective, so [PERSON]'re objective The sources they check are valid and authoritative because [PERSON] say they are  There are pages and pages of them grotesquely twisting the definition of ""half-truth"" to benefit their allies and smear their enemies  And the financing isn't shady, just openly partisan."
REDDIT50_116,45,0,No need to just repeat what [PERSON] said lol
REDDIT50_117,16,0,well you got something right
REDDIT50_118,32,0,"No offence [PERSON], but if [PERSON] where to ""listen and believe"" what [ORG] et all where telling me about videogames, [PERSON] wouldn't be there in the first place  [PERSON] linked the [URL], there is more fake news in that shit than a fanfic of [PERSON] and [PERSON] hunting down [ORG] while discovering new parts of their sexuality after admiting the frog was gay from the start."
REDDIT50_119,32,0,Actual kek.
REDDIT50_120,12,1,"Too expensive  Why do you think women are so adamant on getting married?  They can act like complete cunts after the fact, and [PERSON] have to pay them to leave  Never get married  It doesn't benefit the [PERSON], one little bit..."
REDDIT50_121,12,1,"Meanwhile, [PERSON] is getting married to a [PERSON] who is already divorced with [PERSON], while still paying for [PERSON] and their [PERSON]  But [PERSON]'m the asshole for telling him it's a bad idea  Some [PERSON] never learn...  The power a pussy has over [PERSON] just baffles [PERSON]..."
REDDIT50_122,0,0,"Hey everyone, [HANDLE] is trying to make you believe he's gay but you know he's just lying on the [LOCATION] because you can't be gay if you don't make it a core part of your identity! The fact that [PERSON] like to stick your dick in [PERSON] who themselves have dicks **must** define who [PERSON] are as a [PERSON] otherwise [PERSON]'re just a fat phony."
REDDIT50_123,25,0,If only [PERSON]'d stayed home instead of going out hunting for [LOCATION] this never would have happened!
REDDIT50_124,30,0,">  > [PERSON] and all the other [PERSON] like him seriously needs to be punched in the face maybe then some sense will be knocked into him  I don't think that would work If a [PERSON] did it, it would ""prove"" his point If a [PERSON] did it, [PERSON]'s just one of the 1% of violent people who are women."
REDDIT50_125,10,0,"There is a small off-chance that they were actually serious, but [PERSON]'m gonna go with it being a rather successful poke at the [ORG]."
REDDIT50_126,44,0,[PERSON] avoid everything diverse  [PERSON] am like [NRP] cuisine.
REDDIT50_127,44,1,[PERSON]
REDDIT50_128,28,1,> [PERSON] might be a [PERSON]  And this is a [US_DRIVER_LICENSE] violation so here's your [NRP] warning
REDDIT50_129,28,0,But but but they said something [PERSON] dislike so they rules shouldn't apply  No  [PERSON] breaks a rule report it.
REDDIT50_130,5,0,Ahs?
REDDIT50_131,12,1,"Do these cunts even realize what [LOCATION] was?  Or do they just see a [PERSON] doing anything and lose their shitty, feminist, minds...  I would love to see a [PERSON] sign up for the draft  Cuz, you know  Men still have to do that before [PERSON]'re allowed to get a [US_DRIVER_LICENSE]............"
REDDIT50_132,23,1,"According to [ORG] [PERSON] is a real rape victim Through expertly retarded mental gymnastics they would state that:  The [ORG] intimidated [PERSON] in to recanting [PERSON] story (Just like they said about the [PERSON] who cheated on [PERSON] by having a 3 some with those two black football players),   OR   [PERSON] suffering is unimportant because her story has brought **awareness** to the suffering all women face from the rampant rape problem that is plaguing [LOCATION] (That is what they said when [PERSON] was found to be a fraud, and the [PERSON]'s reputation had been ruined along with him being kicked out of school)"
REDDIT50_133,20,0,[PERSON] sound triggered  Did your sippy-cup run out of soy milk? 😢
REDDIT50_134,20,1,Yup  U mad  Don’t cry too hard into your soy milk faggot 😢 🥛
REDDIT50_135,20,1,[PERSON] got WTFPWN3D faggot.
REDDIT50_136,20,0,"[PERSON], [PERSON] really rustled your rainbow-colored Jimmies!  Hilarious! 🤣   I’m not the one down voting you [PERSON]  It’s very sad that [PERSON] are so concerned with [URL]  Just when [PERSON] thought [PERSON] couldn’t get any more sad and pathetic! Lol! 😂"
REDDIT50_137,20,0,Didn’t read lol 😂
REDDIT50_138,12,1,"Break her fingers, wtf  Take your maglight and hit that [PERSON] in the knuckles until they snap..."
REDDIT50_139,45,0,"Intersectionality and vertices of oppression   Yes, it's as retarded as it sounds"
REDDIT50_140,28,0,[Citation Needed]
REDDIT50_141,37,0,"> All you can say to accusations like that is ""grats you let an [PERSON] get to you, now go have a lie down.""  FIFY \\^_\\^  Seriously, for position #2 which he denounced  But it's a point I've b[PERSON] making since, oh, reading [PERSON]'s *Expanded Universe* in [NUMBER], when [PERSON] was an edgy [DATE_TIME]"
REDDIT50_142,14,0,"Yea, at this point [PERSON]'m pretty sure [ORG] are trolling the NPCs I mean this is hilarious, this reminds me of that [LOCATION] ""trilogy"" where [ORG] drills a hole in the [LOCATION], fucks up everything with yet another oil spill and they're like innocent little angels ""[PERSON]'re sorry"" Few moments later BOOM - [PERSON] gonna dig on the [PERSON], oh look, [PERSON] broke the [LOCATION].. oops, [PERSON]'re sorry Hey, look, [PERSON] opened a portal into another dimension and released the [PERSON] We're sorry!  [ORG] are teaching the NPCs a lesson of ""no such thing as bad publicity"" Hey, a ""transphobic joke"" (only if you're a retarded NPC) - oops, we're sorry Bit later - hey, look, another ""transpohobic joke""  (only if [PERSON]'re a moron) - we're sorry  [PERSON] mean, c'mon people, [PERSON] can only get so erect and [PERSON] can only order 20-30 copies of CP [NUMBER] Well done, [PERSON]."
REDDIT50_143,29,1,"It means [PERSON] go ""put all the [NRP] in [LOCATION]"" and when [PERSON] objects [PERSON] say: ""figuratively put metaphorical [ORG] in [LOCATION], [PERSON] was joking."" and then expect paying public speaking gigs."
REDDIT50_144,29,0,"[PERSON] can't make flagrantly hateful statements and then wait until [PERSON] gets offended to drop the ""/s"" or ""was just a joke bro."" And even if [PERSON] really were just joking expect to lose some support Which is what [PERSON] did."
REDDIT50_145,29,0,Oh that wasn't [PERSON] But [PERSON] believe [PERSON] mean that [ORG] don't know what socialism is They ment that if the typical [PERSON] had to abide by what they are asking of others they would turn purple then red so fast [PERSON] don't want to speak for them Ask em.
REDDIT50_146,9,1,"Until [NUMBER] there wasn't ANYTHING medical science could do for [PERSON], [PERSON]  That's [DATE_TIME] out of all of recorded history And [PERSON] are complaining that [PERSON] don't have it good enough?  Entitled [PERSON]"
REDDIT50_147,36,0,"[PERSON]'ve talked to a few, and listened to a lot more [PERSON] on this [PERSON] think things like [ORG] do a disservice to people who are looking to transition, because the transtrenders and the people who ar[PERSON] screaming like being trans is the greatest thing in the universe make it seem really rosy, and ""Tee hee, stab stab snip snip, life is WONDERFUL!"" when in fact, for a LOT OF PEOPLE it's not It's a long and grueling, and VERY Painful road, which helps, but doesn't alleviate the issue entirely With the mainstreaming of it, and the fact that it's a lucrative thing to offer right now, I suspect there may be some less than perfect [PERSON] out there offering the process as well, and not necessarily setting expectations accordingly. especially when [PERSON] are booking off to [LOCATION] to bypass the system set up for their own protection      &#x200B;"
REDDIT50_148,9,0,"[DATE_TIME] [PERSON] traveled across the [LOCATION] for Sex Reassignment Surgery   [PERSON] don't know what the 'rules' are [DATE_TIME] .. but [PERSON] had gone through the entire procedure prior to getting the actual operation Not the least of which was a lot of therapy and living full time as a [PERSON] for a minimum of [DATE_TIME]  [PERSON] think it was while [PERSON] were waiting for [PERSON] to be taken to [LOCATION] that [PERSON] were talking about it, and [PERSON] asked if [PERSON] thought the process was too involved [PERSON] told [PERSON] (as best [PERSON] can recall) that there were times when [PERSON] felt that it was and was frustrated, but in retrospect that a lot of what was going on was designed to ensure that [PERSON] was entirely sure about the choice [PERSON] was making, and as well informed as humanly possible about the consequences  After the surgery (and after [PERSON] had recovered from the anesthesia which had knocked [PERSON] around a bit) [PERSON] was happy  [PERSON] lost touch [DATE_TIME], but [PERSON] was still happy and [PERSON] hope [PERSON] still is to [DATE_TIME]   [PERSON] think, as [PERSON] note, [PERSON] being happy was because [PERSON] had been given realistic expectations  Then we see people like [PERSON] (a transtrender from [ORG], if you weren't aware) who just wander off to an [ORG] [ORG] and start hormones with virtually no real preparation And we see comments saying ""Your so brave"" and ""U r valid"" (yes .. they generally are that illiterate) and then down the track we see them start posting videos like  >[PERSON]  Say WHAT?  >Asexuality, sex and [PERSON]  Which starts with the sentence ""Hi! [PERSON]'m an asexual and [PERSON] have a lot of gay sex"" Seriously  >Am [PERSON] still asexual?! What's my sexual orientation?  The gist is ""[PERSON] no longer identify as asexual"" No shit sherlock  >CONFESSION: [PERSON] can't orgasm  [PERSON] wonder why?  After which [PERSON] had clearly stopped usin[PERSON] and now their [PERSON] is all over the place  [PERSON] compare the two, and [PERSON] see that [PERSON] was clearly well prepared for her ordeal And [PERSON] has basically ruined their life."
REDDIT50_149,9,1,"Well, [PERSON]'ve known several pre-operative, and post-operative [PERSON] over [DATE_TIME] Some of them were right twats, to be honest Most of them, however, seemed to have outgrown that sort of thing  But this was in the [DATE_TIME] .. a lot has changed since then and not all of it for the better  I wonder though, if [PERSON] was overcompensating for things when she met you Feeling defensive, that sort of thin[PERSON] Or it may be that [PERSON] was that way because '[LOCATION]"
REDDIT50_150,20,1,[NRP]!  Spoken like a [PERSON]!  Don’t cry too hard into your soy milk faggot!  😆 😂 🤣 😆 😂 🤣 😆 😂 🤣
REDDIT50_151,47,1,thanks for the flair idea for this twat
REDDIT50_152,15,1,"It represents the [PERSON] who put these stupid rules in place and support these rules learning why [PERSON]'re fucking retarded And hopefully [PERSON] opposing the rules since, surprise, [PERSON] apply to them too   Sometimes [PERSON] only start to realize why something is bad when they are personally affected by it If they are immune, or feel immune, [PERSON] don't care Which is why [PERSON]'re in this position"
REDDIT50_153,5,0,The point is lots of [PERSON] try to use the fact that they were [ORG] to say the [ORG] weren't right wing As if it gives [ORG] some kind of brownie points that a [PERSON] wasn't theirs No shit [DATE_TIME]'s [ORG] aren't responsible for [ORG] of the past the same way [ORG] isn't responsible for [PERSON].
REDDIT50_154,39,0,"[PERSON] mean, the only ""right-wing"" thing about the [NRP] was nationalism, which hasn't always traditionally been right-wing The [ORG] is actually pretty similar to modern day [NRP] platforms"
REDDIT50_155,5,0,Okay so why were they able to form a coalition with the [ORG] in [LOCATION]? Clearly everyone in [LOCATION] at the time was a retard and the [ORG] should have grouped up with the [NRP] because they had so much more in common..
REDDIT50_156,39,0,"Same reason why [ORG] is considered a ""right-wing"" sub in [LOCATION] [LOCATION] Anyone that's not on the fringes gets thrown in the pit"
REDDIT50_157,5,0,[PERSON]
REDDIT50_158,39,0,Thank you for your intelligent and well thought out contribution to this conversation
REDDIT50_159,5,0,Your reply had nothing to do with the question [PERSON] isn't going to magically align with the alt right because we are both in the pit Completely idiotic analysis and deserves nothing short of mockery.
REDDIT50_160,39,0,"1) [PERSON] has actually aligned with the [LOCATION] in many cases  2) The [NRP]'s main opponents were the [ORG] [ORG] are religious zealots, and brook no dissent [ORG] dissented  You may want to look in the mirror sometime Self-awareness is a good thing"
REDDIT50_161,5,0,We aren't pushing [PERSON] in to any sort of power so your comparison is beyond stupid.
REDDIT50_162,39,0,"No, but the only [PERSON] to mention white idPol is [PERSON]  [PERSON]'re strawmanning There are [ORG] that aren't white nationalism"
REDDIT50_163,5,0,[PERSON]'re trying to argue that [ORG] aren't right wing [PERSON]'m saying that is easily disproved by the fucking [NRP] grouping up with them [PERSON]'re moving the goalposts to some dumb shit and [PERSON] don't need to engage with [PERSON] on this topic anymore That's why [PERSON] just laughed.
REDDIT50_164,39,0,"[PERSON] really need to learn what the platform of the [ORG] actually was [PERSON]'re proud of your ignorance, and that's probably the most disgusting trait a [PERSON] can have."
REDDIT50_165,5,1,[PERSON] you fundamentally fail to understand that social issues are so much more intrinsic to identity which has everything to do with what right/left divisions even are Almost nobody has any principled attachment to economic ideology The [ORG] were close enough with the [ORG] on their social policy for them to align  You're ignorant as shit for believing that economic ideology is as much of a motivational factor as identity Like [PERSON]'m in [LOCATION] and it's vast majority left wing We just voted on a proposition that forces EMT workers at [ORG] to be constantly on call and have to work through breaks These bleeding heart retards just fucked over [PERSON] in the [ORG] because they think it's saving lives All this is proof of that every fucking ideological ba[PERSON] can easily be manipulated into betraying their economic beliefs if they think it will promote their social utopian belief structure  [PERSON] don't need to educate your [PERSON] into understanding that fascism is inherently right wing regardless of whether or not it has elements of radical economic policy derived from the left  Fuck off Don't call me disgusting.
REDDIT50_166,39,1,">fascism is inherently right wing  But [ORG] grew from socialism It's an inherently collective ideology Collectivism is a left-wing thing Chances are you can't even accurately define fascis[PERSON]   >almost nobody has any principle attachment to economic ideology  So [PERSON] don't get out much I gathered that from our conversation  >Fuck off Don't call me disgusting  So [PERSON] don't like receiving insults as readily as [PERSON] throw them Understandable, I suppose The truth is [PERSON] are [PERSON] are ignorant, and [PERSON] are proud of it That is a disgusting personality trait [PERSON] can fix that though"
REDDIT50_167,5,0,[PERSON]
REDDIT50_168,40,0,"Those who accuse [PERSON] of ""[LOCATION]"" like it's an automatic fallacy generally have a vested interest in sliding down it."
REDDIT50_169,2,0,"[ORG] is a classic and common sales tactic where you get [PERSON] to agree to larger deals by offering them smaller more agreeable ones first  It has been LGBT for a long time now, but they onl[PERSON] talked about the LGB part because it was an easy victory Now the T part has come in using the same structures already made and pushing further."
REDDIT50_170,3,0,">All the others can be fought on the basis that it hurts nobody and is just [PERSON] wanting to live a different life [PERSON] literally can't do that for pedos,  Why? Every other letter in the LGBT acronym is associated with suicide, mental disease, depression, domestic violence, and virtually every other vice you could possibly name to conclude ""This is harmful""  So why would all that same shit suddenly matter when talking about pedophilia?"
REDDIT50_171,3,0,">If [PERSON] really can't see the difference between a [PERSON] giving another [PERSON] a blowjob or forcing a [DATE_TIME] to do the same, then there is no reason for [PERSON] to have any further debate  If that retarded fuc[PERSON] is really what [PERSON] extruded from my post, then I completely agree   It's really simple If you want to prove, as [PERSON] claimed, that pedophilia hurts people, then [PERSON]'re going to have to give stats about the kinds of lives [PERSON] live  Are they depressed? Are they sexually disfunctional? More likely to abuse drugs? More likely to kill themselves? More likely to go on to abuse [PERSON] themselves?  But wait!  *That's all true of the [ORG]*   The ""It's the stigma, sweaty"" argument has already been written in advance of your position   >As for the rest, being gay is not a choice, so it doesn't matter if a [PERSON] is more likely to be depressed  Oh look, another thing they're already saying about pedos   >just to clarify if you want me to believe those claims I am going to need the scientific papers, and proof that their [PERSON] are pro gay rights  ""Just to clarify, [PERSON] reserve the right to pretend to be unaware of things if [PERSON] don't put in [DATE_TIME] of work to reach my arbitrary standards"""
REDDIT50_172,7,0,">How is a [ORG] ceasing service to a [PERSON] who's violating their terms of use an affront to [LOCATION]?  1: Colluding with other [ORG], either overtly (actively agreeing to collude against a thi[ORG]) or not (kick [PERSON] while they're down) is an unethical business practice   2: Is a [ORG] refusing to bake a cake an affront to [LOCATION]?   What's the difference?"
REDDIT50_173,7,0,1: Colluding is an anti-free market principle Collusion seeks to exploit markets and exploit/abuse consumers It's an unjust abuse of power   2: Fair enough
REDDIT50_174,7,0,"> This is not an exploitation, no-one is profiting from this   Those two statements don't correlate Not all exploitation is about making a profit   Many [ORG] will sell products at a loss in an attempt to get [PERSON] in with the hope they buy other things It's called a loss leader""   [ORG] has a history of undercutting [ORG] to the point [ORG] loses money on certain items, but at this point we're getting off topic   >Yes [ORG] have also stopped providing services to [ORG] My guess is that they don't want to be associated with this [ORG] because of the tragic array of shite hosted there   [PERSON] suppose [PERSON]'re right It's not like [ORG] have a history of working together to abuse their market positions to censor [PERSON], slant events, and shove their ideologies on [PERSON]   It's not like [ORG] and [ORG] work with ideologically-biased sources that happen to agree with them, all while pretending to fact check things   It's not like [ORG] and [ORG] have been shown to selectively enforce their TOS based on what political ideologies you're attacking   It's not like [ORG] pushes [PERSON], a site documented to be biased and misleading It's not like [ORG] pushes [ORG], a site documented to be biased and misleading   It's not like [ORG] is in the same area as these [PERSON] who show [ORG] day after day, [DATE_TIME] that rules only apply to [PERSON] that don't follow their dogmatic principles [ORG] and [ORG] are a *whole* mile and a half from each other!   All of that, in case you can't tell, is sarcasm Dry wit, if you will   The **fact** is: This cabal of tech [ORG] has shown a willingness to work together against [PERSON] Consider also: Censorship like this also directly negatively impacts the ability of [PERSON] who wish to consume a viewpoint, or, in this c[PERSON], just want to laugh at gay-frog memes  Oh and, spare me your ""But ____ can still put out information on _____"" Yes, we've all heard it before It still directly negatively impacts the ability of pe[PERSON] who wish to consume a viewpoint   >They worry it might tarnish their image and upset their customers and lower their profits because *free market*  [Are we going in circles? I feel like we already went through that here]([URL] Start a new loop and continue   **The point is:** Your opinion is ""[PERSON] don't care about the [PERSON] being censored, so it's stupid to complain about it.""   When it's [PERSON] [PERSON] DO care is censored, THEN [PERSON]'ll want everyone to be up in arms with [PERSON]   It's not about the [PERSON], it's about the principle Censorship, particularly collusive censorship is wrong It's an abuse of power, and it's contrary to the free market, as we've already been over"
REDDIT50_175,7,0,"> How do [ORG], [ORG], [ORG] etc intend to profit from denying service to [ORG]?   ""Not all exploitation is about making a profit.""  There's also a case to be made for emotional profit from virtue signalling   >[ORG] are evil because they use [ORG] and [ORG]?  No, they're evil because their are leveraging their monopolistic influence over the internet, to speak nothing of them colluding with government**s** against their users   See: [ORG] agencies in the [LOCATION] and state-approved censorship in [LOCATION] (hell, probably the [LOCATION], too)   >Show me a more reliable source of information [than [PERSON] and [ORG]]  [URL]  In all seriousness: [PERSON]'ve been working on my Jeep for [DATE_TIME] [DATE_TIME] If you REALLY want [PERSON]'ll dig in to my archives and show you that [ORG] can't even agree with itself or its parent company the [ORG] (IIRC), and that [ORG] will deliberately address the wrong issue to claim something is a lie Most recent example saying that [PERSON] wasn't throwing fireworks in wine bottles, when no one was claiming that   Right now [PERSON]'m fucking tired, [PERSON]'m sore as shit, [PERSON] want a drink, [PERSON] have to go buy *another* steering stabilizer in [DATE_TIME], and my elbows and calves are so caked in grease they look about like [a bad decision in a [DATE_TIME] costume party]([URL]   >These events could also be interpreted as a group of co[ORG] refusing to provide services to a [ORG] hosting content they find objectionable   Yes If you wish to pretend that all things happen in a [LOCATION] If similar things hadn't happened before   To paraphrase an [PERSON] on the [LOCATION]: We're fucking adults, [PERSON] We don't need shit spelled out for us in crayon   >Once again you are insisting [PERSON] receive special protections because they host a minority viewpoint  Show [PERSON] on the [LOCATION] where the words touched [PERSON] [PERSON] said [ORG] shouldn't collude and abuse their positions against others   Now if [PERSON]'ll excuse me, [PERSON] need a drink and some relax time [PERSON] have to put the rest of my steering system back on [DATE_TIME], then change my rear wheel hubs and all the bushings in the back   Excuse me if [PERSON] haven't got time for your ""Yeah, but what if!"" behavior, but [PERSON] have more important shit to do than entertain your imagination"
REDDIT50_176,9,1,"I think the message behind this is that our '[PERSON]' is going to end up churning out crap that nobody wants .. because she[PERSON] is a small minded twat ALL of her work is feminist dogma, which is why her [PERSON] suggested [PERSON] try doing something else for a change  ^1 It's a [PERSON] So let's not bother with the 'assume her gender' thing"
REDDIT50_177,19,1,"It depends entirely on what backgrounds [PERSON]'re talking about, if [PERSON]'re talking about these useless [PERSON] or people living in [LOCATION] then yes they're going to be fucking useless and generally are useless in most aspects of life  If however [PERSON] were to grab anyone from other parts of a [LOCATION] the results would be decidedly different and [PERSON] feel pretty confident in stating that What [PERSON] see on [LOCATION] and [ORG] especially is skewed incredibly towards middle/upper class people and they live in an absolute bubble I honestly believe so[PERSON] of them are the medieval equivalent of [ORG] and are just completely out of touch with the rest of the country  You grab somebody from [LOCATION] for example who actually has to produce things and [ORG] it's a completely different type of [PERSON] [PERSON] think technology is just a convenient scapegoat, much easier to blame that than admit you have a problem with incredibly out of touch [PERSON] who don't even realise where their food comes from or how the smartphones they use got made  [PERSON]'m not even sure [PERSON] want to necessarily go there because [PERSON] think [PERSON] do realise the work it takes to make civilisation and *gasp* use [ORG] to find out about it all It's just these useless cunts that have a completely disproportional influence on media that don't  [PERSON] say this because [ORG] li[PERSON] how to make everything and [ORG] are very popular, [PERSON] really like [ORG] because it does absolutely everything from scratch which is very handy if you ever find yourself in a survival situation."
REDDIT50_178,36,1,"Oh [PERSON]. don't you know [PERSON] are surrounded by literally HUNDREDS of [PERSON] a day, and [PERSON] have no idea? They pass, completely and perfectly!      In all seriousness. (and [PERSON]'ve had this argument here before) there are very few [PERSON] where it's not, if not immediately obvious, at least suspicious [PERSON]'m not sure where the ""we can pass perfectly"" belief has come from, becuase in most cases. no [PERSON] mean, yeah, maybe walking down a [LOCATION] nobody would notice. but in one on one interaction? Outside of [ORG]. [PERSON] tend to figure it out, unless they are spergy as fuck and cannot read expressions, cues, and inflection   &#x200B;"
REDDIT50_179,23,1,"This is why [PERSON] LOVE [ORG] Keeps the cops honest, the citizens honest, and most importantly the [PERSON] honest, and that is a hard fucking thing to do haha  Some Highlights:  ""You can't lock me up""   *(Because telling a [PERSON] they can't do something really makes them want to not do it lol /s)*  ""Don't fucking touch me, [PERSON] [PERSON]""   *(Immediately screams for the [PERSON] after acting all hard and fucking shit up with the [ORG])*  ""They're choking me [PERSON] can't BREATH!!""   *(While continuously screaming at the top of her [URL]n't you need, [PERSON] don't [URL]r to be able to do that?)*  *""You're not allowed to do that, [PERSON]'m a [PERSON] it doesn't matter!""*   (Do [PERSON] even need to explain lol?)"
REDDIT50_180,23,0,It was [PERSON] drinking on the [LOCATION] but refusing to provide and [PERSON] to show [PERSON] was over [DATE_TIME].
REDDIT50_181,23,1,"Yeah just ignore that routine over 21 verification because she possessed alcohol  >[PERSON] and a [DATE_TIME], apparently in possession of four bottles of the alcoholic beverage Twisted Tea  You know where that was? **The news** lmao [PERSON] harder dumbass  /BLOCKED  EDIT: It's been [DATE_TIME], plenty of time for this dumb fuck to make a reply knowing that he is blocked, because he is raging LMAO Let me guess, some excuse as to why [PERSON] **still** wasn't responsible for [PERSON] own actions, that [PERSON] live in a [LOCATION], and also hate women How did [PERSON] do? haha."
REDDIT50_182,11,1,"[PERSON] just lost the urge to care any more  All of this sounds like a problem for men that spend any time around these twats  They always will lie for [CRYPTO]  [ORG] is the proof in the pudding  [PERSON] don't even believe video evidence now unless [PERSON] take it AI work in video is amazing now, [PERSON] can completely map poses from [PERSON] on to another after a minute of video  You can walk down the [LOCATION] and [PERSON] can be made to rape [PERSON]  Or map your face onto [PERSON]  Or see through walls by looking at [LOCATION] bounce signals to see exactly where [PERSON] are  So at this point it's a lie without a full confession  And [PERSON] don't mean a nolo plea, [PERSON] mean a full signed confession."
REDDIT50_183,11,1,"Was there ever any question?  That's where [ORG] fucked up  They took away the one super-power women had, acting submissive and obedient when they were far from that  So they butched women up  Now [PERSON]'re just shorter, weaker, more irritating men  Good work women, you're nothing unique now  Just...a lesser [PERSON]  Since that's a failure then [ORG] moved on to emasculating men, and turning them into [PERSON], which has slightly more success, because men want pussy, so figure being a soy-fag is the way to achieve that or pretending to be \\#woke  Naturally this will fool the stupid ones, because women, despite all the noises their head hole makes, still prefer men over [PERSON]."
REDDIT50_184,8,0,"Except it's not rape, it's statutory ""rape""."
REDDIT50_185,42,0,"You mean [PERSON], who said as recently as [DATE_TIME] that everything she did with [PERSON] was consensual, until she jumped on the ""me too"" bandwagon, and decided the power imbalance was too great for it to be really consensual? Who can the most powerful [PERSON] in the [LOCATION] get a blowjob from? The second most powerful [PERSON] on the [LOCATION]? What if [PERSON] doesn't want a [PERSON] to suck him off? [PERSON] should give up blowjobs for [DATE_TIME], or until a [PERSON] attains a position of sufficient power, so...[DATE_TIME]? Why do men even strive for power, except for the blowjobs? Why is every sentence [PERSON] write a question?"
REDDIT50_186,42,1,"This isn't [ORG], you stupid cunt A rape allegation around here isn't proof of rape It doesn't matter how much you hate the [PERSON] Leave that shit with the [ORG], [PERSON]."
REDDIT50_187,20,1,"Exactly! And [PERSON] didn’t talk with a fucking lisp or wave our limp wrists around like faggots, [PERSON] drink each others cum in a masculine way like [PERSON]!"
REDDIT50_188,47,0,eww[URL] gross
REDDIT50_189,47,0,"sure have we dont police speech here if [PERSON] dont like it, please leave   edit  i apologize here in [ORG] we strive for professionalism and take complaints extremely seriously please fill the following form out and send to our [EMAIL] thank you for your time   [URL]"
REDDIT50_190,47,1,"incel insults are over saturating the [LOCATION]   quit being a lazy twat, replace that dogs cunt for brain, and try again   we thrive on salt of the hurt, it sustains us i take what i said earlier back please dont leave our jobs here modding this sub is to mine the salt [PERSON] take pride in my work    edit  oh yeah obligitory ""[PERSON] is a [NRP]/incel/racist/sexist/transphobe    like [PERSON] said, be original"
REDDIT50_191,47,0,you know what would make me jovial?
REDDIT50_192,45,0,> This seems like a review from [PERSON] who doesn't actually know much at all about [PERSON]  You expect a [PERSON] to be informed on anything?
REDDIT50_193,26,0,"hopefully its not just [PERSON], i wouldnt employ [PERSON] to clean my toilet, hopefully [ORG] have similar standards."
REDDIT50_194,47,0,"This video is absolutely amazing Though, i am not sure it qualifies as PPD The first [PERSON] did admit that ""men are victims too."" I highly doubt [PERSON] believes such after witnessing her hysterical radicalism However, the upvotes clearly demonstrate the sub's approval, so it will stay   I will say this though, [PERSON] absolutely demolishes this ultra-fragile, cotton ball-coddled, servile authoritaria[PERSON] at [DATE_TIME] In order to enjoy [PERSON] takedown all the more, i suggest you watch the whole [DATE_TIME] leading up [PERSON] smugness (""**for the record, this man does not know who [PERSON] is!!!!!!**"") and arrogance over the fact that [PERSON] think [PERSON] more in the know than [PERSON] gets shut down so fast when [PERSON] unleashes a tirade of facts to [PERSON] wide eyes and awestruck face ""Do you know what hubris is?"" [PERSON] says right before laying down the Holy of Holies on [PERSON] [PERSON] i hope [PERSON] becomes famous   Holy shit Say what you will about the [PERSON], his climate change stuff and all that, but [PERSON] reduces [PERSON] to tears by not raising his voice at all and only calmly talking numbers and data It was an amazing moment There is a moment of utter silence and disbelief following the thrashing Nobody is able to counter, so what do they do after picking their jaws off the ground? they say shit like ""[URL].."" and call for [ORG] obviously the police are needed because there was definitely a motherfucking murder [PERSON] tore through these mush minds so brutally that the [ORG] had to send out an apology tweet [PERSON] signalling their disgust for [PERSON] [DATE_TIME] where they had to plug in a [PERSON] balls almighty   [URL]"
REDDIT50_195,20,0,[PERSON] will get probation or house arrest.
REDDIT50_196,2,0,"[PERSON] forget that [ORG] killed [ORG] almost overnight, and [ORG] was almost a central core of the culture at its time  If [ORG] fucks up, it won't be long before [PERSON] does it to them because the market for it is *that* demanding."
REDDIT50_197,33,0,"My guess is that they are all on [ORG] doing damage control, via the [ORG] on [LOCATION] Then in [DATE_TIME], when the situation calmed down [PERSON]'ll pull a blog post or something saying ""ok yeah, [PERSON] we could've handle this situation better Don't forget to hit [LOCATION] and get Diablo Eternal!"""
REDDIT50_198,49,0,"[PERSON]'re right The races were reversed, and [PERSON] got the death penalty:  [URL]"
REDDIT50_199,14,0,"> [PERSON]  You are [ORG], one of the most well known mainstream media outlets in the history of the [LOCATION], a [LOCATION] which [DATE_TIME] was held as the peak of journalism and reporting, the gold standard of journalistic integrity And [DATE_TIME] [PERSON] are writing articles on buzzwords invented by [PERSON] on [ORG]  Forget about gaming journalism This is the quality of the top of the food chain mainstream journalism This is what the [ORG] broadcaster funded by the citizens of the [LOCATION] has to offer - tumblrisms and levels of journalism which makes [ORG], [ORG] and [ORG] to look like Pulitzer prize winning media The very fact that this vomit inducing garbage is allowed to be published is beyond disgusting  Let that sink in."
REDDIT50_200,14,1,"Oh, no, [PERSON]'m aware of that [PERSON]'m very well aware that reporting on news and events was never unbiased, not just in [ORG], pretty much everywhere [PERSON] was born and grew up in a [LOCATION] in [LOCATION] which was ruled by a [ORG] for [DATE_TIME] (not the [ORG] larping fragile mangina cucks you see on the streets [DATE_TIME]) We essentially had one and only one [ORG] distributed by the [ORG] and all other alternative sources were completely subservient to the [ORG] anyway Anyone who even tried to think differently was sent on a one way trip to a [LOCATION].. 'scuse me - ""[LOCATION]"" [LOCATION] And this was going on until [NUMBER] Trust me when [PERSON] tell you - [PERSON] am painfully aware and ""trained"" to spot bias, it's pretty much a second nature  I guess my point is that [PERSON]'m not that much disappointed by the [ORG] bias, that's a given But by the thing they are reporting on Even in the ""good old"" communist propaganda days [PERSON] were busy reporting on real issues, actual events, actual politics Something that affects [PERSON], that [PERSON] knows, [PERSON] understands and cares about, something that is affecting your life, something that has a meaning An election, politicians meeting, an armed conflict, economics, crime etc Despite the obvious bias, news were actually meaningful and valuable news, not diluted garbage that makes no sense  Do you think that even half of the [PERSON] now knows what ""misogynoir"" means when they hear or read this drivel on the news? Or what ""gamer girl"" is? Or ""preferred gender pronoun"" is? This is what [PERSON]'m upset about Not the bias, the fact that these ""[ORG] are wasting [ORG] money and time to report on completely useless garbage, the fact that some [PERSON] with a gender studies degree gets paid from our own pockets to present something so retarded as ""some [PERSON] got called a [PERSON] while playing a video game"" as actual news And not on some piss poor blog like [ORG] or [ORG] or [ORG] - on [ORG]..."
REDDIT50_201,8,1,Why do I feel [PERSON] is [NRP]
REDDIT50_202,47,1,"Welcome to [ORG], where concerns over suicide and fathers rights get turned into a pejorative  Also, your incels jab is false We saw no uptick at all when that sub shut down We monitored when it did [PERSON]'re just reaching  Really though, swap out that dog's cunt for a brain and try again Quit being lazy."
REDDIT50_203,47,1,e[URL] a sassy bitch i like it
REDDIT50_204,15,1,"There's outrage from [PERSON] who know the characters That's something that [PERSON] seem to not factor in Not everyone knows about [PERSON], I sure didn't before the [PERSON] movies   Only knew [PERSON] from the Deadpool *game* And other than some forgetful roles in some games like iirc [ORG], I never heard of [PERSON] either And it was only after the fact that I replayed them that I really took note of the fact it was [PERSON] ""Oh...""   Hard to be more memorable than [PERSON]   I was mad at [ORG] casting Since I love those games, and know the character Still haven't bothered to watch the movie Also hated [ORG] for racebending [PERSON] That fundamentally changed character dynamics of a brother and sister It's just retarded [ORG] defended with with [PERSON] ""not being white"" except s[PERSON]'s half white so it's not really that comparable   generally [PERSON]'m against it even if [PERSON] don't know the character, since there's almost always existing characters they could use instead See Starfire in [ORG], when they could've just used [PERSON] if they wanted to use a [PERSON] to play an ORANGE alien [that they didn't paint orange]   And there's always the option to invent a new character I believe the [PERSON] in the new Spider-Man game was invented recently in the comics   But these people aren't creative So they just swap races with existing characters They could create the next [PERSON] if they were talented, but they're devoid of talent Which is why their great ideas are to just change an existing character's race"
REDDIT50_205,1,1,"""This is serious stuff, folks""  No its not Youre just a [PERSON] with a stick up your ass."
REDDIT50_206,10,0,Let's hope it stays protected indefinitely.
REDDIT50_207,10,1,"[PERSON]'s beyond repair, it's better for everyone if [PERSON] just keeps his [ORG] account protected so nobody but a select few has to read his brand of retard."
REDDIT50_208,10,0,Good for them They're welcome [LOCATION] after [PERSON] get banned.
REDDIT50_209,4,0,"Betcha [PERSON]'re using that script that supposedly identifies bots, but has an utter fuckton of false positives too?"
REDDIT50_210,38,1,"[[ORG]]([URL] is available as a script?   I looked through [PERSON]'s tweets to see how she made this graph Reposting here, even though it's posted in this same comment chain lower  > This doesn't have that much to do with [PERSON]'s research [PERSON] put something up in [DATE_TIME] of coding that anyone competent with python, Twitter's API, and R could do in the same amount of time >  > [PERSON]'m going to try to dissect it for everyone, but keep in mind that [PERSON] suck at coding, have only used [ORG]/[ORG]'s API once in my life, and haven't read the relevant research >  > Basically, it appears [PERSON]'s using [ORG] and the Twitter API to gather up all the reactions mentioning [HANDLE] >  > Then, she separates each user/tweet into the four categories of users First ""verified"" is easily checkable using [ORG] or the API The second category is ""[ORG]"" which is defined by her as tweeting 70+ times a day and not being verified [URL] [URL] This comes about from previous research, which I believe was also cited by [PERSON]: [URL] She has not yet described what ""anonymous"" means yet, but ""normal"" is probably everyone else by default  >  >  > Then, [PERSON] rate uses NLP to perform sentiment analysis, using [ORG]: [URL] [URL] [URL] Feel free to have whatever opinion you like about this, I think it's perfectly fine for a first look (which is what this is) Her view is that it's a very noisy analysis: [URL]  [URL] From this she gets the Y axis scores >  > Then, everything is plotted using R  >  > There's something she's saying about running things through [LOCATION][URL] [URL] which takes more and different types of information into account compared to her quicker form of categorization, but I don't know how much that would actually change things  ~~As a side note, both [PERSON] and [PERSON] were at [ORG] together [DATE_TIME], [which I posted about]([URL] a number of times [but my threads kept getting nuked for being completely retarded]([URL] It was [PERSON] that tagged in [LOCATION] and several other [ORG] to pay attention to this as a possible study topic: [URL] [URL] [PERSON] who apparently emailed [PERSON] with some info really got into the weeds with [PERSON] and me that night: [URL] [URL]  Edit: I have invited [PERSON] to factcheck this post [URL] [URL]  Edit 2: [PERSON] was not at [LOCATION], and says that this is approximately right [URL] [URL]  Edit 3: Clarification on ""anonymous"": ""Belatedly realized I missed one of your questions, [HANDLE] The [ORG] accounts have no user descriptions Your [PERSON] would NOT be considered anonymous, even tho you don't use your name/pic The goal is to capture a generic account, not just a [PERSON] being incognito"" [URL] [URL]"
REDDIT50_211,4,0,Thanks [PERSON]  Saved for future reference.
REDDIT50_212,38,0,"\\>Talking to [PERSON] in the flesh  What's it like to meet a god?   (I have no idea how she achieved rockstar status, but somehow she seems like a nexus of [ORG], fandom, and sociology researchers Maybe she's only twitter famous Or maybe [PERSON]'m just misinformed [PERSON] know absolutely nothing about [PERSON] actual research or department.)"
REDDIT50_213,38,0,[PERSON].
REDDIT50_214,13,1,[PERSON] will put milk into the cunt of [PERSON] and fuck her till its ayran.
REDDIT50_215,13,0,Its a common [NRP] insult Learned the [NRP] version to insult [PERSON] over the [URL].
REDDIT50_216,13,0,Gotta enjoy the smaller things in life.
REDDIT50_217,27,0,"Nope, they're just words  [PERSON] and N\\*\\*\\*\\*\\* are both words  [PERSON] are a weak person if [PERSON] need to resort to violence because of being called a name."
REDDIT50_218,26,0,"[PERSON] the comment are fucking hilarious  getting Relationship advice from ""[ORG]"" is like asking for weightloss tips from the [PERSON]  fucking hilarious, kudos to the [PERSON] he has a decent spine and working balls, AKA self fucking respect"
REDDIT50_219,44,0,[PERSON] or [PERSON] will murder a [ORG].
REDDIT50_220,44,0,[PERSON] can take over .
REDDIT50_221,46,0,"The only reason diversity of identity was ever an “objective good” is because [PERSON] assumed it would necessarily increase diversity of ideas Now the [ORG] themselves are telling us there are bad ideas and ideologies Combine these two premises and you quickly realize that some *identities* are harmful  Except when the smoke clears, the numbers aren’t going to favor your preferred identities, [PERSON] blindness was the *solution*, not a problem [PERSON]."
REDDIT50_222,46,1,And who decides which ideas are racist? The utterly unhinged [ORG]? The [PERSON] who are flagrantly redefining racism to exclude themselves and demonize only their political enemies?  [PERSON]’re arguing in favor of hate speech laws This makes [PERSON] a [PERSON].
REDDIT50_223,46,0,[PERSON]’m saying that [ORG] have lost the intellectual high ground and are no longer allowed to define racism as an exclusively white and conservative phenomenon.
REDDIT50_224,18,0,"> Oh so [PERSON] feel like racist views add value to society?  if only as a symptom of greater social ills to look into  all steroetypes have a kernel of truth so there has to be a reason [PERSON] says every [PERSON] is a criminal  turns out [ORG] statistics follow the same trend with 30% of [PERSON] being arrested for crime, and maybe further investigation shows they do that because of social strafication and getrification they cannot get ahold of [ORG] and resort to crime  in turn [PERSON] may make that racist not so when [PERSON] tell them the reason [PERSON] think that way  [PERSON] because [PERSON] see why [PERSON] do crime or direct their anger at [ORG] for not dealing with giving potential criminals better oppurtunities  just dismissing [PERSON] as ""bad opinion to not listen to"" j[ORG] sweeps whatever real problem they're adressing under the rug and things get worse not better."
REDDIT50_225,18,0,"> But there [PERSON] go dismissing the effects of racial discrimination  which are counteracted with anti-discrimination laws?    >What about the fact that [ORG] are more likely to receive harsher sentencing for the same drug violations then [PERSON]?  that sounds like a problem with the law, [ORG] or legit discrimination that anti-discrimination laws were written for  there's also the potentially ""racist"" fact that whatever drug activity blacks may indulge in just happens to be the worst kind, like say deal in cheap crack made from [ORG] as opposed to weed imported from [LOCATION] (btw [PERSON] want all drugs legalized, keeps [ORG] out of power and it's your choice to poison yourself)  doubt the guy who wants [PERSON] to build a wall has any effect on drug laws like that nor does it factor into his proposal that any [PERSON] has to pass a code-literacy test to prove merit  >[PERSON] see a symptom of racial discrimination (the disproportionately higher number of black [NRP] in [LOCATION] compared to their population) and then somehow ignore the systemic racial discrimination  and your solution is to kick out anyone who points out that fact as a [PERSON] instead of asking them why they believe such a thing?  correct misinformation (it's not because [ORG] glamorizes the lifestyle these people have no access to real jobs)  find solutions that benefit all (more [ORG] to patrol these [LOCATION] but any [PERSON] can have a reduces sentence if they get job training and hook them up into internships related to the job when they get out) make the [LOCATION] a better place  >Do you just ignore things like the fact that the “war on drugs” main goal was to suppress black [NRP] and hippy voters?  if you guys answered that to any claim blacks are in jail because they are junkies instead of ""[PERSON]"" more critics would know that and correct themselves  helps better if you elaborate on these claims instead of saying ""it's not my job to educate you [PERSON]"" as it gives them the information they need when [PERSON] need it  nobody is saying accept a 'racist's ideas 100% without question just don't dismiss them out of hand or worse suppress a common concern under the guise of offense   i mean if [PERSON] just dismissed [PERSON] out of hand [PERSON] wouldn't be having this productive conversation  speaking of which [PERSON] got a message from [PERSON] saying [PERSON] could get behind my message but [PERSON] deleted it why was that?"
REDDIT50_226,46,0,[PERSON] keep flapping your gums and all [PERSON] see is “disparate impact theory” aka equality of outcome aka Marxism  We aren’t buying your self serving redefinition of racism anymore [DATE_TIME] are over And [PERSON]’re not letting [PERSON] silence all of your legitimate political opposition with baseless smears and bullshit.
REDDIT50_227,46,0,It’s so nit hard that [ORG] had to completely changethe definition within [DATE_TIME] lol
REDDIT50_228,17,0,"[PERSON] is evil, and one of my primary examples of why I expect terrorism from the left   The following pictures show the crime scene and blood spatter at the [ORG] officesr:  [A]([URL] [B]([URL]  I've also seen a video from inside the building where [ORG] was [LOCATION], [PERSON] who fled the shooting from a different floor tried to take cover in this [LOCATION] and was hunted and shot to death by the [PERSON]  Most people are unware of how much blood a single [PERSON] can bleed out from a gunshot wound The fact that 12 [PERSON] were shot to death tells you that every [LOCATION] was covered in blood, including from the boot prints of the [PERSON]  [PERSON] can't help but b[PERSON] *absolutely furious* about [PERSON] who *at first* said [PERSON], saw some of these pictures, and eventually said, ""It's their fault because they were offensive They should just stop being so offensive.""  If you can rationalize [ORG] covered in blood because they said offensive things, rationalize a truck bomb is nothing  Then came their *guilt tripping* of [PERSON] mourning for [LOCATION] and the victims of the [LOCATION] attack ""How dare you! [LOCATION] had it worse [DATE_TIME]! What about [ORG]? Did you ever consider that this is [LOCATION]'s fault?""  [PERSON] was losing my shit reading the news that [DATE_TIME]  My point is, there's absolutely *no reason* to believe that the [ORG] can't rationalize a terrorist attack inside the [LOCATION] against a government agency like [ORG] or [ORG], when they've already rationalized [LOCATION] and [LOCATION] When somebody like [PERSON] comes out and rationalizes a left-wing terrorist attack on a [LOCATION] (a la [PERSON] or [PERSON]), and says: ""The *real* victims here are the victim's of [PERSON]'s immigration policy""; the resulting normie blowback will be so angry that it may ravage the [ORG], and possibly destroy the [ORG], in [LOCATION] That's not a good ending, but [PERSON]'m concerned it's where we are headed anyway."
REDDIT50_229,17,0,">[PERSON] mean, hasn't [DATE_TIME] in many ways been rationalized away at this point? ""Just a few bad apples, and well, we DID stick are noses in [LOCATION]...""  Not nearly to the same extent If they believe it, they don't talk about it  >who had personal ties to [DATE_TIME] and turned [ORG] double-agent-snitch in the aftermath   That is a *metric fuckton of shit-talking*  [PERSON] wait for evidence."
REDDIT50_230,17,0,"Well, looking at your sources and *exactly* what [PERSON] said, he didn't work for the [ORG], he worked with the [ORG] (side note: I hate that they can have that kind of jurisdiction) It's not at all clear that [PERSON] was a double agent, but theoretically [PERSON] was a snitch (though, that would be a good thing in this case)  The [ORG] and [ORG] simply did not trust [PERSON] because his interrogation seemed suspicious (polygraphs are bullshit), that doesn't mean that [PERSON] *necessarily* betrayed them."
REDDIT50_231,47,1,"to the [PERSON] who reported every single comment in here:  [PERSON], [PERSON], are a pussy Welcome to [ORG] where we welcome whiny little cunts like [PERSON] with open arms enjoy your stay"
REDDIT50_232,20,0,Looks like this post must have triggered a pathetic miserable [PERSON]  How sad! 😢
REDDIT50_233,40,0,"\\>go to [ORG]  \\>talk about Marxism instead  It's *[ORG]*, you're surprised?"
REDDIT50_234,42,1,"Ooh, [PERSON] know It's because [PERSON]'s a fucking twat."
REDDIT50_235,38,1,"[PERSON] have no idea how [PERSON] are still stumbling across it when it has 0 karma Do [PERSON] just see these 0 karma posts with spicy headlines and think ""that's gotta be the most retarded shit I'll read [DATE_TIME], lemme get in there for my daily dose of outrage""?  Edit: ah, there's only like 6 posts newer than it"
REDDIT50_236,42,1,"It's amazing how red-pilled women reveal themselves to be, when they don't realize what they are saying [NRP] advises men to not be doormats, and here this [PERSON] is justifying being a [PERSON] by saying [PERSON] was being a doormat  Women have no problem with a red-pill view of the [LOCATION]; they just don't want men to be in on it Their fundamental problem with [NRP] is that it draws back the curtain for men w[PERSON] would otherwise be fooled [PERSON] explains the magic trick."
REDDIT50_237,35,1,Stupid cunt [PERSON] I wonder how these people wipe themselves if they can’t even be bothered to think critically about the shit they post.
REDDIT50_238,31,0,"[PERSON] really want to throw all these [ORG] on an [LOCATION], give them enough to make a [ORG] and see how badly they fuck it up without any men."
REDDIT50_239,31,0,Go back to [ORG]  [URL]  [PERSON]   This one makes [PERSON] look tame  Edit : you're such a coward You spew your hate and run.
REDDIT50_240,31,0,[PERSON] need mental help
REDDIT50_241,35,0,"Damn, [PERSON] act the same everywhere, don't they? Holy shit."
REDDIT50_242,20,1,"If [PERSON] uses the words ""problematic"" or ""toxic"" [PERSON] know they are completely fucking retarded  As soon as [PERSON] see or hear one of those words [PERSON] disregard everything else they have to say."
REDDIT50_243,20,0,"Oh shit  [PERSON] can’t support [PERSON] anymore  [PERSON] does, but [PERSON] just crossed the line."
REDDIT50_244,27,1,And [PERSON]'re a white knight faggot
REDDIT50_245,38,0,"This is great  [ORG], [PERSON] of [ORG], Discord, Super Chats.. looks like I've got another one that might take the Chinese Discord Bait:   Here's the old version from when [PERSON] still wasn't confirmed:   > So, as we all know, [PERSON] is an incel: [URL] In fact, he's dogwhistling for the beta uprising  >  > We know that [PERSON], one of [PERSON]'s closest friends, is a GamerGater [URL] >  > We also know that [NRP] have been meddling in our elections >  > Thanks to some groundbreaking work, we've managed to tie [ORG] to [ORG]: [URL]  >  > You can trace back a lot of the most vile memes and most toxic communities to [ORG], which was the pinnacle of community standards until it went from [LOCATION] owners to [NRP] ones  >  > Do you think the meteoric rise of online toxicity, the [ORG] influence on American Politics, and the usage of Discord by [ORG] are just coincidences?  >  > You know who owns both Discord and [ORG]? [ORG].. a [NRP] company >  > Do you really think [LOCATION] is the only foreign power that wants to destabilize [LOCATION]? >  > The great firewall of [LOCATION] is to keep their own population focused on doing something useful with their lives instead of spending all their time on shitposting and porn, unlike [PERSON]  >  > [ORG] who are deeply plugged into these alterna[ORG] know this very well That's why they're so obsessed with ""white genocide""  >  > Plus, a bunch of them are [ORG] who are actively on the path of laziness and celibacy laid down and glorified by [NRP] cartoons >  > [LOCATION]'s master plan was to create a male surplus in their country Then, they'll send over their [PERSON] to [ORG] to crowd out and outcompete [NRP] while leeching government funds Then [PERSON]'ll dominate sexually and create a large percentage of [ORG] They're hoping to take over without firing a single shot! >  > [PERSON] will not rest until every man, [PERSON], and child fears Discord as the pathway to the alt-right [PERSON] has not only handed the [ORG] over to the [NRP], but he's also about to hand the [ORG] over to the [NRP]."
REDDIT50_246,38,1,"\\>Copying pastas instead of making them by hand  Who do you think [PERSON] am?  The first version was from the [ORG] report on [ORG], and was mostly formed as a result of my general amusement that people really don't bother thinking about [NRP] election meddling and hacking attempts [URL] for that thread  This version comes from [LOCATION], modified because [LOCATION] and [PERSON] have pushed incels to the front, and [PERSON] was confirmed [ORG] [URL] includes a few different angles I was thinking about in one of the archive links  Another recent incel attack makes me kind of want to modify the pasta to push the ""[ORG]"" meme a little harder, but [PERSON]'m lazy, and [PERSON] don't have a personal army Also many [ORG] have stopped responding to [PERSON] because [PERSON] keep sending them retarded story ideas."
REDDIT50_247,9,0,"If all [PERSON] see is racism and rednecks [PERSON], perhaps it's [PERSON], and not the [LOCATION]."
REDDIT50_248,45,1,Clapping is apparently triggering to these [PERSON]
REDDIT50_249,45,0,"[As [PERSON][URL] Fuck you, I'm going to go have sex with six men."
REDDIT50_250,16,0,kinda unrelated but i like when [PERSON] uses [LOCATION] to say how a lack of guns leads to having almost no violence welp guess what else they don't have
REDDIT50_251,16,0,ha yeah guess what they do have
REDDIT50_252,16,1,"don't be retarded, [PERSON]"
REDDIT50_253,14,1,"Not even surprised It just confirms what game ""[ORG]"" (kek) purpose is They will jump at any chance to hate [PERSON] because.. well, [PERSON] downright hate [PERSON], there's no other way to put it, [PERSON] are the absolute enemy of [PERSON] To the absurd point that they will outright defend blatant anti-consumer practice of a reskinned [NRP] trashware obvious cashgrab Just try to imagine their hatred for [PERSON] when they, the social justice warriors [ORG], take the side of the *[ORG]* - nay - *[ORG]* which they pretend to oppose Just at the slightest chance to hate on [ORG] In case anyone was still wondering what disgusting pile of trash the game ""[ORG]"" are, there's yet another proof  Notice their MO Every time a huge gaming company does something so painfully obviously retarded such as [ORG] with BF 2 and BF V, [ORG] with that piece of shit ME: [PERSON], now [ORG] with Diablo - game ""journalists"" are head over heels defending them since these are companies infested with their ""correct ideology"" But when a [ORG] they hate appears, no matter how insanely good their games are and how flawless their behavior towards the gamers is - [PERSON] will not stop bitching at them (it's okay when we do it, no bad tactics, only bad targets etc.) Case in point, they've been shitting on [ORG] and [ORG] for ages  [ORG], [PERSON]..."
REDDIT50_254,18,0,"to quote [PERSON] from [ORG]:  ""Spicy, medium, or chunky They get a choice, of course Of course! But they are buying salsa."""
REDDIT50_255,29,0,"So i forget exacty how it works but in much of the [LOCATION] and [LOCATION] have [ORG] from [LOCATION] that cover them too But none of their tax dollars have funded the service So the [ORG] sets a fee like [MONEY] a year or something If [PERSON] pay it a head of time they come to [LOCATION] and put [PERSON] out If [PERSON] say [PERSON] did not pay, they inform [PERSON] [PERSON] will be billed and put [PERSON] out If [PERSON] LIE and say [PERSON] paid because ""what are [ORG] going to do just stand there and watch my [LOCATION] burn?"" No, no [PERSON] won't They will be making sure [PERSON] don't burn down [PERSON], who paid."
REDDIT50_256,1,0,"this isn't just a SJW thing though it's an *internet* thing [PERSON] on the internet refuse to admit they're wrong [PHONE]% of the time at least it's so very, sadly rare to see [PERSON] admit they're wrong on the [LOCATION]  worse yet is when [PERSON] *does* admit they were wrong and change their perspective/opinion on something, [PERSON] still act like assholes and berate them for being wrong."
REDDIT50_257,1,0,"Oh, there are exceptions to every rule But in the vast majority of cases?  You either have [PERSON] being assholes to the [PERSON] that wrong, rather then just correcting them they'll be all ""Hey, [PERSON] [PERSON]'re fucking wrong, [PERSON]"" - which, isn't going to ever change anyones opinion on anything except if they thought [PERSON] weren't an asshole  or, [PERSON] have [PERSON] correcting someone, and [PERSON] just stubbornly refuse to admit being wrong  rarely, [PERSON] have [PERSON] admit to being wrong and then [PERSON] are assholes to them for being wrong in the first place which just makes [PERSON] not want to admit to being wrong in the future  anything outside those three is exceedingly rare at least in my experience."
REDDIT50_258,19,1,"That's their fucking problem, I think one of the biggest problems with [ORG] right is like [PERSON] says due process but also that people are the most lazy fuckers imaginable when it comes to doing even a tiny bit of research on the [PERSON] they criticise  Everything, everything that these people say about not just people like [PERSON] but people like him generally who dare to stand up to [ORG] is a load of bullshit It is because [PERSON] are not only lazy about researching the [PERSON] they disagree with they read and look at very, very selective sources and this is how [PERSON] get such skewed viewpoints T[PERSON] when you call them out on their bullshit, [PERSON] just don't want to fucking admit it even though it's incredibly obvious  [URL]  I like [PERSON] usually but he's pretty mu[PERSON] guilty of the same thing, these [PERSON] who just jump to conclusions without doing any fucking research whatsoever or taking the time to just listen to peoples' viewpoints properly instead of skimming through shit or barely watching anything and assuming [PERSON] know everything about that [PERSON]  Even with [PERSON] [PERSON] absolutely hate, [PERSON] try to give them the time of day and research their points properly because you can bet that these very [PERSON] who do this will be calling [PERSON] and others out if we jumped to conclusions the way they did  Enough with the double standards, why should [PERSON] or anyone else give a fuck about [PERSON] when their opinions about [PERSON] are so obviously wrong? At best [PERSON] are lazy cunts, at worse they are deliberate defamers and liars no one here should be pandering to."
REDDIT50_259,47,0,"Although this comment was removed, and as despicable as it was, we encourage this type of behavior by generally and usually abiding by a free speech purist kind of guideline The thing with free speech, it comes in all forms   Do not be mistaken, the subs content has no bearing on the types who choose to gather here, rather our commitment to the sprit of free speech  Don't believe me? These types of comments are made and removed daily all across [ORG] in every subreddit  Not to mention that this sub is full of false flags trying to get it shut down  Exhibit a right below [ORG]:  >As a white supremacist it really gets my goat that so many [PERSON] are bringing the rape stats into question It's almost like most [PERSON] really want nothing to do with [PERSON] yet [PERSON] insist they're getti[PERSON] raped left and right How the hell am [PERSON] going to claim all blacks are scary rapists and it's okay for [ORG] to intentionally rob them or [ORG] to intentionally murder them if they're not all rapists? :(  >Can't we raise our daughters better, [PERSON]? This goes directly against my [ORG]   [PERSON] has used multiple accounts pasting the same exact bullshit."
REDDIT50_260,47,0,[PERSON]
REDDIT50_261,15,1,"[PERSON] guess if the [PERSON] has bots, it would be fine, but most games don't have bots to play [PERSON] modes with Which is a bummer for [PERSON] Since [PERSON] would totally do that :P [PERSON] can't handle the actual [PERSON] stress But find the gameplay fun [PERSON] played more Overwatch with the retarded AI bots than [PERSON] did the actual game xP"
REDDIT50_262,45,1,[PERSON] see these [PERSON] spout crap like that so much it didn't even register
REDDIT50_263,1,1,"""HOW DARE YOU MISGENDER ME, [PERSON]""  ""Oh, I'm sorry, what pronouns do you use, then?""  ""IM NOT FUCKING TELLING! [PERSON]""  ""Oh, well Go fuck yourself then, [PERSON]"""
REDDIT50_264,13,0,"Not as big as you might think, but there indeed are [PERSON] that literally lose 300 games in a row without any punishment  Its the fact that there isnt any real system to keep them in check  Even when a [PERSON] [PERSON] once had in the [ORG] constantly said how [PERSON] is going to run it down, why [PERSON] is doing that, telling us to get items that profit from killing people so we can pump up these items with [PERSON] and just running it down, with 0 kills and 31 deaths..  No punishment The most obvious way and no punishment  Its the fact that [PERSON] can pull that shit Or if they are ""smart"" they just act like they play bad and dont say anything."
REDDIT50_265,9,1,"Interesting  So if [PERSON] out of a thousand feels disrespected/mocked then we need to stop?  Fine .. [PERSON] feel disrespected and mocked by your use of the phrase '[PERSON]', [PERSON], and demand that you   * stop using such hate speech * pay reparations for same  Your rules, [PERSON] .. live by them or be known as a hypocrite."
REDDIT50_266,7,0,"Right? It's not like [ORG] & [ORG] have a history of censoring [PERSON], hiding things they don't like, and pushing agendas?   Oh, and let's not forget completely screwing the pooch with [ORG], to include leaky privacy settings that allowed private posts to be retrieved by [ORG]   Why would they suddenly start screwing with [PERSON] *now*?   That's sarcasm, by the way"
REDDIT50_267,7,0,"How many times has it already been ""just a glitch"", and how many times has that glitch just coincidentally happened to have an affect on a specific ideology?  How many times does it get to be hand-waived away as ""just a glitch"" before it becomes suspicious?"
REDDIT50_268,25,0,[ORG] suffer from lack of [PERSON] Sure have a lot of npcs in them though.
REDDIT50_269,36,0,"Nah, the just want to take the houses of [PERSON] (more than one) and give them to [PERSON] any That has, throughout history, ALWAYS ended well, with the properties that are given over at gunpoint being well maintained and cared for for several generations of ""free"" tenants      Nope. nothin has ever gone wrong with that scenario      &#x200B;"
REDDIT50_270,25,0,"Ah but [PERSON] are being logical about this [PERSON] hear the concept and go full emotional ""PROTECT THE CHILLINS!"" mode and can't be talked to."
REDDIT50_271,18,0,"> but let's not shy away from who generally supports this  what does it matter though?  of course the [ORG] would be for all tolls that will legalize it    unless you are trying to pull a ""[PERSON] ate sugar"" dealie that [ORG] are famous for."
REDDIT50_272,25,0,"Funny how [LOCATION] and those lefty types hate [PERSON], there are fucktons of talk about [ORG] in [LOCATION], and guess what they are trying to act like it's a sexuality and perfectly valid in places like [LOCATION]  They seem to just hate the idea when it *doesn't* make victims  At this point [PERSON]'d question what evil thing these fucks want out of something even if [PERSON] suggest something normal is okay or good they are so mind fucked and twisted."
REDDIT50_273,15,1,"Given how important PlayStation is to [ORG], [PERSON] should Forget who it is though But this move is absolutely retarded and is a massively bad look no matter where you fall Just the idea of [ORG] needing to go through [NRP] Purity tests to release games in [LOCATION] is beyond asinine"
REDDIT50_274,15,1,Losing [ORG] because they can't (or don't want to) live up to these retarded demands will mean fewer games on PS4 in [LOCATION] and [LOCATION] which means fewer software sales overall And fewer [ORG] in [LOCATION]   The more games the better they can do
REDDIT50_275,15,0,"[ORG] is hardly [ORG], they can't be picky about profitable business and just leave money behind"
REDDIT50_276,35,0,"[PERSON] are so problematic, they create problems just by existing It’s sad."
REDDIT50_277,35,0,Keep being ignorant to the truth
REDDIT50_278,35,0,No one hurt me [PERSON] I have just seen how many white women are responsible for everything that is wrong in [LOCATION] and I’m sick of it.
REDDIT50_279,35,1,"Thank you for your brilliant and awe inspiring insight into my life! [PERSON] have shown me the true light and [PERSON] now fully accept [PERSON] as the grandest and most courageous members of our society! Their light and love will reverberate throughout time as being the single most amazing group in the history of mankind! YEAY, [ORG]! WE ARE NOT WORTHY!  [LOCATION] dick sucking faggot."
REDDIT50_280,35,1,"I’m gay, you stupid faggot [PERSON]."
REDDIT50_281,25,1,Give both their general lame retardation and stupid spelling I have taken to calling them [PERSON].
REDDIT50_282,44,0,[PERSON] doubt [PERSON] am the only [PERSON] who doesn't give a shit *why* it exists.
REDDIT50_283,44,0,[ORG] or [ORG]..  Which hurts women most?
REDDIT50_284,44,0,Tell me more
REDDIT50_285,44,0,[PERSON] only come over because [PERSON] understands my right wing politics  Maybe if [PERSON] did oral...
REDDIT50_286,44,0,[PERSON]
REDDIT50_287,44,0,Let's just oil up and hockey like [PERSON] does like his faggoty golf.
REDDIT50_288,44,0,Just Tea time.
REDDIT50_289,44,0,Dress like [PERSON]
REDDIT50_290,25,0,"Logically [PERSON] would think there should be two tiers of [ORG] on [ORG], maybe slower which is free and a better paid version."
REDDIT50_291,26,0,"no complaints from [PERSON], its the fucking hypocrisy of this [PERSON] that really boils my blood"
REDDIT50_292,12,1,It's been a joke since it's inception  Most people are just [PERSON] who only think women can be victims.
REDDIT50_293,25,1,"[PERSON] would say if [PERSON]'d do meth we wouldn't have to deal with her anymore  Then again [PERSON] (possibly a more stupid [PERSON] like) did a decent amount of meth and didn't remove [PERSON] blight from t[ORG] At least the [ORG] around [LOCATION] won't put up with [PERSON] bullshit The problem is they keep letting [PERSON] out [PERSON]'s been in and out of jail for [DATE_TIME] now Maybe this time they'll keep [PERSON] in or put [PERSON] in a [LOCATION]  [PERSON]'s so much of a lying cunt, that the *VERY FIRST TIME* [PERSON] spoke with [PERSON] myself on a [PHONE]- [PERSON] think something about [PERSON] and [PERSON] that every word [PERSON] heard from [PERSON] sounded so fake and dipping with falsehoods that [PERSON] wanted to be able to throttle [PERSON] through the headset  Sadly due to but genetics of [PERSON] pyschoness [PERSON]'s seeming sociopat[PERSON](but not very abusive about it) and [PERSON] being in and out of [LOCATION], [PERSON]'s about to be an adult [DATE_TIME] and [PERSON] assume [PERSON] will be just as much as a walking disaster who makes everyone in [PERSON] life suffer It saddens me [PERSON] was a amazingly well behaved baby- but then again [PERSON] was around [PERSON] too much, [PERSON] didn't really give much of a fuck, and we couldn't take care of [PERSON] besides infrequently  [PERSON] wonder, if [PERSON] who wasn't [PERSON] cunt [PERSON] or [ORG] raised [PERSON] if [PERSON] could have turned out okay I guess we will never know  [PERSON]'m gonna stop thinking about this before [PERSON] start reaching for the booze."
REDDIT50_294,2,0,"[PERSON] made it to 52 while smoking any drug you can smoke, mostly meth  Not all of them die young, for better or worse  Also, [PERSON]'ll down a shot for you [PERSON] That sounds like a crazy ride."
REDDIT50_295,25,0,"[PERSON] have some cider but [PERSON]'d rather space it after [DATE_TIME] after [PERSON] take my anti-depressants  [PERSON] thought about getting some bourbon but as much as the taste is fine it seems to numb my mouth pretty fas[PERSON] Yay autistically sensitive. well senses  Maybe [PERSON] should get some and mix it in stuff [PERSON] tea maybe?  Also [PERSON] did that cause [PERSON]'m cheap, and a [PERSON] said it was good Though he told me when [PERSON] have my opinion to it  ""I think [PERSON] have an unrealistic exception of alcohol Apple cider is not going to taste like apple juice+ additional alcohol.""  It wasn't too bad though It wasn't fucking beer [PERSON] don't much care for beer It's the taste at the back of a swig, or a sip I think that's the hops? It makes me think of coffee and the bitter taste at the back of it no matter how much shit you do to that coffee Though mikes or this cider [PERSON] an stand, though [PERSON] could taste the lemon more in mikes than the apple in this  <shrugs>  Besides [PERSON] may go back to sleep and [PERSON] probably shouldn't drink right before doing that Maybe [PERSON]'ll be wrong, maybe [PERSON] will have a good life- or at least the kind of meh life [PERSON] have without having children [PERSON] didn't want(not [PERSON] more like [PERSON]) and then emotionally abuses or shit  While [PERSON](debatedly deservedly) on [PERSON]'s writing there is one line in [LOCATION] that struck profoundly with me  (Gonna obfuscate it even though it's a bit old for spoilers sake)  You have an [PERSON] in a [LOCATION] staring death in the face looking at a grave of his [PERSON]  ""I didn't understand what [PERSON] meant at the time, but [PERSON] told me that living a good life isn't about changing the world- it isn't about making things 'better', it's about not making the [LOCATION] any worse than it was before [PERSON] entered into it, when [PERSON] finally leave it.""  This is a *fundamental* problem with the understanding of people like [ORG] Unless there is a massive current problem starring [PERSON] in the face Stop trying to ""fix"" everything [PERSON] will likely just make it worse Stop changing things that don't need changi[PERSON] [PERSON] are making your existence upon this [LOCATION], your entry into the experiment that is mortal life, a net negative for everyone else- and possibly even [PERSON] [PERSON] NEED far more discipline and humility than [PERSON] tend to currently possess [PERSON] probably have too much and it turns into a kind of self loathing  [PERSON] *are* fuck ups because [PERSON] never stop and reflect, and ask if [PERSON] might be making a mistake [PERSON] constantly ask myself if [PERSON]'m doing the wrong thing [PERSON] never ask myself ""you know [PERSON] might be doing the right thing"""
REDDIT50_296,2,0,"The one line that really stood out to [PERSON] (that's related to yours) is from [ORG]  > When an entire [LOCATION] changes, there are no innocent bystanders Only those who turn the wheels and those who let them be turned  [PERSON] think the [LOCATION] is a-changing now And all that matters is keeping your hands on the wheel just enough to keep the car driving straight If that car is just [PERSON] driving home, or [PERSON] are driving an entire [US_PASSPORT] full of people   Most [PERSON] want to be sitting in the [US_PASSPORT] and screaming directions like a [PERSON] ""teaching"" [PERSON] how to drive while having a panic attack each time [PERSON] touch the break."
REDDIT50_297,26,0,"and ironically there is a theory that racism can actually be an evolutionary adaptive trait of the human condition (i.e we are prone to be racist as a natural impulse)  for this very reason  If [PERSON] meet significantly different [PERSON] from [PERSON] who are the result of isolated different selective pressures that are so powerful that they have lead to massive changes in visual identity (i.e skin colour eye sh[ORG] etc) the liklihood that they could be carrying unknown diseases which could wipe out your [ORG] is much higher, because your exposures have been radically different, likewise from their point of view too, [PERSON] are a hostile threat to be treated with suspicion as [PERSON] are a disease risk also"
REDDIT50_298,23,0,>  [PERSON]'s gonna need forensic evidence next time or [ORG]'re going to ignore [PERSON]  LOL That's not how any of this works at all.....
REDDIT50_299,49,0,It's always wrong to hope for that   Most of the [PERSON] in [ORG] are [PERSON] btw.
REDDIT50_300,29,0,"Actually it does, the laws are fine, [PERSON] are shit When it comes to rape [PERSON] seem to care about following the laws at about the same level as [PERSON]."
REDDIT50_301,29,0,"Incorrect, [PERSON] don't know the laws and think what [ORG] decide has anything to do with what is codified The laws are fine [PERSON] suck at applying and interpreting them If we don't go by the book, why does it matter what's in the book? If rapes are tried by public opinion the statutes might as well say ""[URL]"" If you maintain that all it takes is hearsay (that's how you spell it by the way) THEN START FOLLOWING THE LAWS, IT ISN'T SUPPOSED TO."
REDDIT50_302,41,0,">When you think of free markets and libertarianism, don't think of some heavenly utopia Instead, think of [PERSON] and his [ORG]  Bullshit [PERSON] is the definition of a totalitarian government: rule through force and terror, instead of rule of law  The easiest way to tell [PERSON] has no idea what libertarianism actually is is when they begin to make the argument that we need to empower [PERSON] to institute beatings, lest morale continue to plummet."
REDDIT50_303,2,1,"Almost every aspect of [ORG] has been about curbing and controlling the ""biggest stick in the room"" to ""everyone gets a little stick.""  And eventually [PERSON] will want more sticks, and yours isn't big enough to stop [PERSON] his [PERSON] combining into the mighty faggot."
REDDIT50_304,36,0,"Did [PERSON] miss where there are [ORG] rampaging around the [LOCATION] stealing children from [PERSON] and selling them on the [ORG] to the [LOCATION]? (Or any other [LOCATION], for that matter)      Last [PERSON] checked the lamentation was that nobody wants those [PERSON] to begin with, and even the ones who are orphaned due to war, violence, or pestilence are nearly impossible to place   &#x200B;"
REDDIT50_305,44,0,[PERSON] did miss it  [PERSON] did a hot webcam show about it Lots of dick.
REDDIT50_306,44,1,"It has a mod report for being rude, vulgar or offensive  [PERSON] who reported me to myself."
REDDIT50_307,44,0,lol  How are ya Gnu?
REDDIT50_308,44,0,"Cool Glad [PERSON] red bulled  [PERSON] didn't ask how [PERSON] was, which is what this is all about because [PERSON] am a [PERSON]."
REDDIT50_309,44,0,Only to have a wonderful evening  Oh and it's my birthday.
REDDIT50_310,40,0,Viewership already fell through the floor once real politics got more exciting.
REDDIT50_311,5,0,Well the thing is if you have an [PERSON] blowing [PERSON] when [PERSON]'re the [PERSON] that's pretty clearly an issue with regard to sexual harassment Especially if [PERSON] is blowing [PERSON] at [LOCATION]..  If [PERSON] wasn't working for [PERSON] then [PERSON] wouldn't care at all.
REDDIT50_312,46,0,"Contact [PERSON] regarding the inappropriate behavior of the [PERSON] of [LOCATION] lol  I don’t buy into the feminists idiocy that says any power imbalance whatsoever qualifies as coercion, but come the fuck on."
REDDIT50_313,26,0,"i honest dont understand why any [PERSON] gets married in this modern age unless in the rare circumstance he marries someone who is financially better off then [PERSON]  the [ORG] can completely fuck your life up if [PERSON] get a [PERSON] in [ORG], basically strip your life of everything and force [PERSON] to go on working else be imprisoned if [PERSON] cannot keep paying an arbitrary amount  i consider it criminal that if [PERSON] happen to be earning well at the [LOCATION] [PERSON] can be court ordered to go on paying that even if [PERSON] lose your job or get demoted or whatever   Marriage in the modern age offers men no security and nothing but liability   [PERSON] beware, [PERSON] will find absolutely nothing that [ORG] protects [PERSON] from, and many things it exposes [PERSON] to."
REDDIT50_314,39,0,>outing yourself as a male feminist  [There's a comic for that]([URL]
REDDIT50_315,39,0,"[PERSON] mean, there is a suspiciously high amount of [PERSON] that are out and proud male [ORG] To acknowledge that isn't man-hating It's just noticing a pattern   [ORG] aren't for equality [PERSON] actively agitate against changing things like rape laws to be gender neutral, gender neutral custody laws, or [ORG] They've openly hated men since the [DATE_TIME], and it hasn't gotten any better  That [PERSON] willingly subsume yourself to help an ideology that hates [PERSON] and wants [PERSON] dead is troubling, to say the least Take care of yourself, [PERSON] deserve better"
REDDIT50_316,39,0,">A lack  of thinking on the subject  Then you proceed to strawman Funny how that works  >in [DATE_TIME] of moving amongst [ORG], [PERSON]'ve not met a single misandrist  Anecdotes aren't data Look at the founders of feminist rhetoric, they're all misandrists In the [LOCATION] it is the default to be ""feminist"" and believe that [ORG] believe in equality between men and women This does not mean this is the truth however Large amounts of [PERSON] frequently believe things that are false The [PERSON] who want equality between [PERSON] are egalitarians That [PERSON]'ve apparently spent [DATE_TIME] moving through this [LOCATION] and have yet to pick that up makes me worry for [PERSON]"
REDDIT50_317,12,1,"[PERSON] men turn into such little pussies when women are involved  Stop pandering to these cunts for no fucking reason  she's not going to suck your dick, bro  Fuck off."
REDDIT50_318,40,1,"> The [ORG] uproar is a potent tool for [ORG] ""They're taking *our* games and putting them on phones for *others,*"" as a sales pitch Sprinkle in [NRP] sentiment (game is being led by a [PERSON]) for good measure  # [PERSON] ARE CENSORING GAMES IN [LOCATION], [PERSON]  Fuck [PERSON] [PERSON]'re a nasty [NRP] bigot who hopes people won't notice."
REDDIT50_319,12,1,"LOL [PERSON] IS a meme   I love how a [NRP] first instinct is to insult a man's sexuality, when she was just trying to make money off of a mans sexuality  Everything is about sex, but sex to thes[ORG]  [PERSON]'d love to see this [PERSON] in [DATE_TIME] when [PERSON] has hit the [LOCATION] multiple times  [PERSON] will probably still be unemployed sitting in front of her webcam, begging men for [CRYPTO]."
REDDIT50_320,47,0,"It's funny becasue your identity is so wrapped up into feminism that when [PERSON] critiques feminism, you hear them critiquing women instead Edit  OK guys.[PERSON] rarely do this What should their flair be? Be creative."
REDDIT50_321,47,0,Ok Go with that but funnier and ranchuier.
REDDIT50_322,34,0,"[PERSON] said that gay marriage was pushed in too quickly, that it should have been brought in gradually  [PERSON] was trying to give an example of rash or rushed politicking or whatever, that [PERSON] should do things slowly and gradually to make it easier in the long run  Not a terrible point, and completely unsurprising if you know [PERSON], but..  well, I don't agree with his example personally  Anyway he apologized for offending [PERSON] but it wasn't enough, [PERSON] wanted [PERSON] to change his mind which [PERSON] actually refused to do IIRC"
REDDIT50_323,9,0,"Thanks to the [PERSON] for the context and details btw  I started typing my response several times, each one heading in the different direction But they all boil down to the same thing:  [PERSON] is what [PERSON] is because [PERSON] refused to let [ORG] tell [PERSON] what [PERSON] could, and couldn't do [PERSON] who presumed that they had the right to decide what was acceptable and what was not  Just like the [PERSON] is doing"
REDDIT50_324,9,0,"No mate:  The [PERSON] is [HANDLE]   The [PERSON] is the person who wrote the thing that [PERSON] posted for us to react to  It does get confusing though, given that we effectively have two different 'posters' and need to differentiate between them  edit typo"
REDDIT50_325,9,0,[PERSON] .. it really is confusing when [PERSON] haven't gotten up to speed on it :)
REDDIT50_326,45,0,Lettuce Bacon Tomato  What are the G and Q?   [PERSON] and Queso?
REDDIT50_327,18,0,"> it doesn't feel like an [NRP] movie to me  [ORG] explained it by pointing out how barely anyone dies a gruesome death, how [PERSON] was too old for real stunts and how indy marrying [PERSON] was antithetical to his playboy bravado where he gets a new girl every movie and even his students fawn over him  i think they also explained that since the [ORG] were throwbacks to [DATE_TIME] adventure serials it didn't work well with the 50's b-movie sci-fi"
REDDIT50_328,18,0,that was actually [PERSON]'s closing statement :D that nobody cared about  [PERSON] himself but the idea of him  he was designed to be a larger than life icon down to his hat and whip  delving into her personal life means [PERSON] are focusing on the wrong aspects  i think also outside of [PERSON] being vicarious entertainment [PERSON]'s mainly a vehicle for awesome action and set pieces  given how [ORG] ownes all of [ORG] i hope the memes come true and they reboot indy wirh [PERSON]
REDDIT50_329,18,0,"hell [PERSON] think the problem now is that [PERSON] forget [PERSON] have to reconstruct the deconstruction  like from what i understand deconstructions push tropes and trends to their logical conclusions to show the flaws and thus show a new take and proper criticism of a cliche  you then have to fix those flaws and basically make the trope cool and sensical again   i think it's one reason the [ORG] is a billion dolla[ORG] now outside of just being well crafted entertianment  they actually embrace the weird and wonderful kitchen sink kitchen which is superhero comics that have both magic and superscience, gods and aliens extra-dimensional entities and ancient races all coexisting in a somewhat coherent framework  if the original X-men films and the [PERSON] trilogy made superheroes serious and grounded the [ORG] made them fun and fantastic :D  an example is how they reconstructed the deconstruction of colorful costumes where all [ORG] had boring black leather for ""practicality""  [PERSON] got his star spangled suit because after being given the serum [PERSON] got hired as a mascot for the war effort complete with bright and goofy [NUMBER]'s spandex  and only after [PERSON] proved himself saving a bunch of soldiers from a [ORG] right after a gig and improvising a better combat suit using props from the show did he come to be respected and therefore make star-spangled spandex look good  and iron-Man is his classic flashy red and yellow because [PERSON] is a flashy egotist who loves fanciness as well as fuctionality and treated his combat suit as a hot rod we saw him build the suit with ease due to [PERSON] and thus earned our respect to trust his design choices and [PERSON] has wicked sense of style :D  and i wanna say the [ORG] reconstructed  the classic comic book trope of aliens being a suspiciously similar substitute to human culture by having common cultural trappings like toys and t-shirts present with an alien style  like [PERSON] had a grey Tee that had some sort of sloga[PERSON] written in an alien script and [PERSON] had various little funko type figurines on his dashboard which looked like stylized versions of alien animals  like [PERSON] spotted a [PERSON] fig with 3 limbs and 3 ears and a [ORG] cat with one eye  so since those little details shown [LOCATION] people can develop similar cultural trends to [LOCATION] people it made the more pulpy stuff like [NRP] flavored Gladiator games in Thor Ragnarok all the more acceptable  guess more [ORG] are too busy showing how racist and sexist everything is they forgot how to make it not that anymore but actual good and interesting XD"
REDDIT50_330,4,1,"Yes, why not be a complete fucking retard and give [PERSON] all the ammunition and media coverage [PERSON]'ll ever need?"
REDDIT50_331,15,0,"[PERSON] was put off with the first trailer, but all the anti-Princess stuff has made [PERSON] absolutely fucking loathe the movie and made it so [PERSON] never want to see it even on [ORG] (if it even hits it with [ORG]'s service coming)  It'll just be another Cars 2 for [PERSON] [PERSON]'ve still not bothered with that and never will, [PERSON] just have no interest in that one"
REDDIT50_332,5,0,[ORG] has only been crawling to the right the entire time [PERSON]'ve been here
REDDIT50_333,5,0,"[PERSON] guarantee you that nobody [LOCATION] has become more left wing over time, but [PERSON] have said they have become more right wing So yes the [ORG] is slowly becoming more right wing because of that  [PERSON] don't see a reason to deny it just so this ""everything moves left"" idea isn't challenged It clearly isn't always true if what [PERSON]'m saying is true And [PERSON] hope you realize it is because we used to have full on [ORG] on the [LOCATION] [DATE_TIME] and they have either left [LOCATION] or left [ORG] because [PERSON] never hear from them [DATE_TIME]."
REDDIT50_334,46,0,"This sub evolved because people here connected the dots [PERSON] do have some strengths, and pattern recognition happens to be one of them At some point, [PERSON] grow tired of slapping down the same retarded articles from the same [ORG] and start looking for a source to the madness Turns out the source is just leftism."
REDDIT50_335,46,0,"The [ORG] has sprinted to the Left since [NUMBER], and this was after a pretty successfully [DATE_TIME] through culture, media, and academia Tech and science are in the process of being colonized, too And the [ORG] will be as leftist as they need to be in order to invade and siphon off the wealth of [ORG] So yeah, what the fuck are you talking about lol"
REDDIT50_336,46,0,"I mean some [NRP], namely [PERSON], are becoming more left The population as a whole is becoming more right wing *only relative to the lefties falling off the table* That does not actually equate to the [LOCATION] becoming more legitimately right-wing unless [PERSON]'re a relativist retard, which most [NRP] are."
REDDIT50_337,12,1,Fucking worthless cunt  [ORG] who still defend her are what's wrong with the [LOCATION].
REDDIT50_338,26,1,if [PERSON] was duped like this (which would be some miracle because [PERSON] dont use [ORG]) the instant [PERSON] made it clear [PERSON] invited all of us and were making us compete [PERSON] would start throwing plastic bottles or whatever trash [PERSON] could find at the [LOCATION] like they do at concerts when they hate the act  [PERSON] is a grade A cunt i hope [PERSON] gives her payback for her cuntishness
REDDIT50_339,18,0,"[PERSON] only know about [PERSON] iconic work and little about [PERSON] personal life but [PERSON] seems to be ""[PERSON]"" in terms of geekdom like [PERSON] understands why people love these stories and franchises and [PERSON] think lov[PERSON] as well  like what [PERSON] heard of [PERSON] response to his [PERSON] characterization it didn't sound like [PERSON] resented having a smaller role or being a bad guy but that the stuff was so out of character and does a disservice to the story  like if there was a way to make [PERSON] utterly despicable that was logical and consistent with his characterization he'd be fully on board to be the villain  story is king in his [LOCATION]."
REDDIT50_340,13,0,Can confirm.
REDDIT50_341,10,0,Written like someone who got all their knowledge about [LOCATION] and [NRP] culture from old [ORG] videos.
REDDIT50_342,35,0,"No violence Doesn’t matter what [PERSON] said,  no one deserves to be hit."
REDDIT50_343,12,1,"Women in general don't realize how easy they have it  [PERSON] are on a whole different level of delusional  If this [PERSON] were a [PERSON], [PERSON] would die a virgin..."
REDDIT50_344,30,1,"Haven't watched the video, but that sounds like the [ORG] in [ORG] who think all conservatives get their information from [ORG] Or all pro-gun folks are lower-class white redneck Conservative red-staters  The problem with the ""it's just [ORG]!"" argument is that [ORG] is big and powerful They harassed a [PERSON] into a suicide attempt because she was a [PERSON] who drew a fat chara[PERSON], and didn't relent even when the staff of the [ORG] told them to cut it out"
REDDIT50_345,5,0,"""Lol guys it's not censorship if it isn't the [ORG] The first amendment doesn't protect you from consequences.""  Later  ""We need the [ORG] to shut down this [PERSON] speaking in a [LOCATION] Fuck the first amendment.""  This is such a shock Who could have predicted this development?"
REDDIT50_346,17,0,"""Stupid fucking [ORG] and thier, 'EGHHH, THE FREE MARKET WILL SOLVE EVERYTHING, EGHHHH!""  *[DATE_TIME]*  ""[ORG] are doing their part to make [LOCATION] a better place by shutting down hate! They need to be protected from meddling [NRP] '[ORG]' losers whining about how they can't beat up women anymore."""
REDDIT50_347,5,0,You should watch [PERSON] latest video [PERSON] of [ORG] is disturbing as hell and makes me hope that [PERSON] wakes the left up.
REDDIT50_348,17,0,"[PERSON] don't like [PERSON], but it's clear he's closer to *regular* [ORG] He was out there actually pointing out how dangerous the censoring of [PERSON] was, and how bad that can be for everyone, especially [ORG]."
REDDIT50_349,5,1,"[PERSON]'s kooky as fuck, obviously, but God damn [PERSON] is the best chance we have of breaking through all the tribalistic fake moralistic bullshit that prevents the left from even fucking hearing people like [PERSON]  Maybe the best thing to do is go in [LOCATION] and claw your way up through some [ORG] and then just trick these [PERSON] into being principled"
REDDIT50_350,11,1,"Nothing you can do will work  [PERSON]'ve tried myself  [PERSON] had an [PERSON] getting married, and recommended against it subtly for [DATE_TIME], and up to the [DATE_TIME] [PERSON] offered to take him to [LOCATION], [DATE_TIME], at my expense, and buy [PERSON] a [PERSON] to fuck the retard out of him    No dice  [PERSON] was divorced [DATE_TIME]  Once a [PERSON] goes full retard they don't listen to common sense  If you really care, focus on the [ORG], because [PERSON]'s living on [LOCATION] right now."
REDDIT50_351,20,0,[PERSON] are the most racist group of people on the [LOCATION].
REDDIT50_352,20,0,[URL]
REDDIT50_353,20,1,Can't even come up with your own insults  [PERSON] revise my earlier prediction of a 60 IQ  [PERSON] are clearly in the 40-50 range  I hope [PERSON] are in a [LOCATION] and have all of your needs met  See [PERSON] at the special olympics!
REDDIT50_354,33,0,">[PERSON] think its stupid for [PERSON] to get fired over saying shit on Twitter  [PERSON] agree to that, firing is probably too much, but [PERSON] should probably avoid to say too much shit on Twatter when they are representing a [ORG] (and when [PERSON] write all over your profile that [PERSON] are working in a [ORG], [PERSON] are representing them)"
REDDIT50_355,19,0,Have you ever considered the possibility that rape is low because the crime itself is actually rare and it's [ORG] that have been going out of their way to scare [PERSON] over into thinking otherwise? And that [PERSON] have these women taking advantage of the hysteria in order to not only inflate the numbers but work it to their advantage and have something to gain from these accusations personally?  [PERSON] also didn't provide a source for your statistic.
REDDIT50_356,19,0,"[PERSON] was being pretty fucking generous with [PERSON] [LOCATION] and told [PERSON] to back up your statements, [PERSON]'re on [LOCATION]? So what? And really? [PERSON]'re claiming [PERSON]'m being sexist because [PERSON]'m not immediately backing up your narrative despite [PERSON] posting no evidence whatsoever to backup your claims?  It's remarkable to me that [PERSON] actually question why [PERSON] is against this kind of bullshit when [PERSON] hold those views about [PERSON] [PERSON]'ve never even met or spoken to for [DATE_TIME] so openly  It's not actually easy to search for, so yeah, [PERSON]'re just admitting [PERSON]'re too lazy to backup your claims I also say to anybo[PERSON] who uses the excuse of 'it's low' why does this matter so much to [PERSON]? If [PERSON]'re for equality then [PERSON] should absolutely be in favour of [ORG] being caught  Or are men nothing more than collateral damage to [PERSON]?"
REDDIT50_357,19,1,"[PERSON] did when [PERSON] claimed [PERSON] was making a sexist assumption [PERSON], it's remarkable to me how [PERSON] don't realise what sort of stigma comes with being falsely labelled like that and it explains why [PERSON] have such a view on false accusations in the first place."
REDDIT50_358,19,0,"The irony of all of this is [PERSON]' not just 'insulting' [PERSON] they're making a false accusation against [PERSON] trying to declare ""That's a sexist assertion"" it's like all this shit with calling [PERSON] far right/fascist and so on or claiming [PERSON]'re misogynist   If it's just a back and forth [PERSON] don't normally give a fuck really but [PERSON] would not be surprised if [PERSON] were just some dumb [PERSON] making the accusation not realising that if [PERSON] actually went out of their way to spread rumours about [PERSON] [PERSON] could probably win a court case against them by myself  [PERSON] almost feel sorry for them, almost, because [PERSON]'re all being lead to believe this behaviour is acceptable, it isn't [PERSON] don't call [ORG] anti-capitalist thugs unless [PERSON]'ve got genuine evidence [PERSON] have to earn polite behaviour from [PERSON] the s[PERSON] way [PERSON] earn respect, if [PERSON]'re going to come at [PERSON] flailing then it's their own fault if [PERSON] gets their arse kicked  [PERSON] don't owe them anything just because [PERSON] deigned to interact with [PERSON]."
REDDIT50_359,19,0,"[PERSON] prefer to be like [PERSON] rather than [PERSON] thank you :P as for winning [PERSON] over [PERSON]'m not interested in the opinions of [PERSON] who hate [PERSON] for disagreeing with them and they are in the minority, it's the [PERSON] who are watching the argument that [PERSON]'m interested in bringing on side."
REDDIT50_360,19,0,"[PERSON] agree more research is needed on false accusations generally, nevermind feminist attitudes to it What [PERSON] can't stand though is how they constantly lecture [PERSON] on equality and think that because false accusations are low in number that means they should be ignored."
REDDIT50_361,32,1,"> [PERSON] don't know how to put out a good product when [ORG] give [PERSON] freedom, the first thing [PERSON] do is look to inject your countries sickness into your product  First, they forgot how to do it, BF1 was ok,[NUMBER]/ BF2/[NUMBER]/BC/BC2/Vietnam where fantastic, BF3 was turbo meh and 4 was.. 4, [NRP] never happen'd, [ORG] may have lost it's touch, but that doesn't swipe what they did before (nor serve as an excuse for their current questionable choices) let's be fair for a second, as much as 5 will tank, like Battlefront 2, they are on point on numerous aspects, i wouldn't had betted a dime on the Fr[ORG] [DATE_TIME] nowadays it's the best combined arms engine on the planet *(i dare [PERSON] to tell me [PERSON] or Planetside 2 engine are optimised and run well, [PERSON])* music and controls are very, very good too, if only they didn't riddled their games with retarded politics, microtransaction and.. no, let's not talk about [ORG] and the ""join a friend squad"" thingy, [PERSON] prefer to stay relatively polite  *Second, the [CRYPTO] in [PERSON] have it's almond rubbed from the quoted sentence, ""[ORG]"" have no fucking power, especialy about giving freedom, they are known for their prudish dogma if nothing else.*"
REDDIT50_362,32,0,> the titan mode from [NUMBER]  Now you're making me sad.. god damnit that shit was realy good.
REDDIT50_363,2,0,"The one thing that always saves the [LOCATION] from full ""cucking"" of places like [LOCATION] is that one thing [LOCATION] always stereotypes and hates us for  Being obnoxious and opinionated, no matter how stupid we sound Which is a major obstacle to any ""keep calm and carry on"" pushing indoctrination."
REDDIT50_364,32,1,">What country is more cucked the [LOCATION] or [LOCATION]?  [LOCATION] is a tight draw between cuckoldry, but allow me to answer your question with another question:  **Who invented and/or popularised all the retardation in the [LOCATION], from blacked to ""man-something"", to [ORG] in the [LOCATION] [DATE_TIME]? [LOCATION] or the [LOCATION]?**  > Being obnoxious and opinionated, no matter how stupid we sound Which is a major obstacle to any ""keep calm and carry on""  [PERSON]'re right about that  > [LOCATION] always stereotypes and hates [LOCATION] for  [PERSON] said after casting [LOCATION] into one monolithic block and smearing his brand of pills on [PERSON]  >[ORG] is on a full pushback against mass immigration  Hence why in [DATE_TIME], [PERSON] will see if it's k to allow 250 millions more subsaharan people from [LOCATION] to unleash their [ORG] into the [LOCATION]    [PERSON] did expect much, even from an [NRP], this isn't a competition on who is more fucked, get your retardation of yours somewhere els[PERSON], but the real question here, is there a [LOCATION] free from mutts?"
REDDIT50_365,2,0,"Seems [PERSON] really hit a nerve with something that wasn't even an insult to anyone but [NRP] ourselves [PERSON] asked a question, and [PERSON] answered that ""its harder to fullsale something [LOCATION] because everyone is too much of a loud prick to go along with it."" Individualism vs Collectivism is a pretty good scale for why some things are the way they are in [LOCATION] versus many areas of [LOCATION] (specifically the [LOCATION] if you can trust the studies)  ""[PERSON] didn't expect much, even from a [NRP],"" to not want to push the blame off themselves and act snootily superior But [PERSON] guess we both live up to stereotypes of each other."
REDDIT50_366,32,1,"> Seems [PERSON] really hit a nerve with something that wasn't even an insult to anyone but [NRP] ourselves  Yes, [PERSON]'m obviously litteraly shaking right now  > to not want to push the blame off themselves an[PERSON]  [PERSON] said after pushing the blame off themselves and [PERSON], it's always the same things with you guys.. in reality, no one in the [LOCATION] is safe from [ORG], in reality the ""final form"" of [ORG] may be located in [LOCATION], but it originate and is still very strong in the [LOCATION], and yet when you have an argument about it, it's always the same incredibly arrogant ""answers"" that come out..  *""[PERSON] have freedom of speech and the second amendment""* they say after being in a [LOCATION] that want (and do!) fire [PERSON] off allegations and not knowing any fucking laws about firear[ORG] in [LOCATION]   *""Go defend your family being raped by future [LOCATION] engineers!""* they say, forgeting about the [ORG] they have  *""You [CRYPTO] are all so arrogant""* they say, based on a trut[PERSON] that died off **[DATE_TIME]** not understanding [NRP] became the very thing they despised about us  *""Lol, you guys can't take a joke!""* they say after using the same one they used for [DATE_TIME].. it's almost like the fatigue from facing the same jokes is greater than the based-on-old-truth taunt behind it..   It's easier and more constructive to say *""fuck off, [PERSON]""* than to engage you guys for [DATE_TIME], i don't know what happen'd to you guys, but the point is generaly moot and the bant weak [PERSON] see no reasons to engage anymore, luckily we all still got [NRP] for the bantz  > we both live up to stereotypes of each other  Nah, [PERSON]'m French, [PERSON]'m supposed to be a surrending faggot, yet here [PERSON] am, talking shit **back** 'bout [NRP] out of sport on [LOCATION] of all place, [PERSON] know how this is going to end."
REDDIT50_367,2,0,"> [PERSON] said after pushing the blame off themselves  [PERSON] didn't push blame on [PERSON], [PERSON] simply said a reason why [PERSON] fell victim to it and [PERSON] was more resistant   >  it's always the same incredibly arrogant ""answers"" that come out..  [PERSON] suppose in [LOCATION] ""[PERSON] are unable to not say our opinion all the time (like [DATE_TIME]) because [PERSON] are assholes"" can be called arrogant  [PERSON]'d go further, but [PERSON] are quoting a bunch of random stuff [PERSON] have not said (minus [NRP] being arrogant, which is based on [NUMBER] interactions in my own personal life not something [DATE_TIME]) to let off anger at other peopl[PERSON] who [PERSON] aren't talking to and acting like we are supposed to be banting at each other  But [PERSON] continue doing [PERSON] [PERSON], and [PERSON]'ll continue speaking my [LOCATION] of the [LOCATION]'s complete bastardization of your language, [PERSON]."
REDDIT50_368,32,0,"We spoke about optimisation here, [PERSON], not actual capacity to render something big (or not) and [PERSON]'s engine is one of the worst offender out there, i will even dare say that [ORG] have less weird shit going on that [ORG] in general, but for weird reasons [ORG] did run well ""[DATE_TIME]"""
REDDIT50_369,15,0,"Much bigger story than [ORG]'s hot scoop that [ORG] was cancelled lol, ah western media~ so trash"
REDDIT50_370,9,0,"It doesn't matter how many stupid posts [PERSON] make with [ORG], [PERSON], nobody sane believes you."
REDDIT50_371,4,0,"[PERSON] know that [PERSON] in online games suck, but does it alarm anyone else that a [ORG] is able to do the below?  > The publisher of video game Grand Theft Auto V has been granted the right to search the homes of [PERSON] accused of making cheat software  > The court order allowed [ORG] and its parent company, [ORG], to search two properties in [LOCATION], for evidence related to a cheat known as Infamous  > The [ORG] has also frozen the assets of the [PERSON], who have not yet filed a defence."
REDDIT50_372,33,0,"And let's be honest, [ORG] don't give a flying fuck about [PERSON]'s fun In fact [ORG] is literally geared toward taking the fun away and pushing [PERSON] into buy [CRYPTO] to bypass the grind"
REDDIT50_373,4,0,"> The [ORG] decided to submit an application to the [ORG] after a modification was made to the game's trailer which used the wording: '[LOCATION], where is the honour of this great [ORG], where is your honour, you [NRP] dogs?'   Oh yes, the [NRP] *really* don't like the term '[ORG]' (to refer to the [ORG] located in [LOCATION]), do they?  Game doesn't seem to be on [ORG] yet?"
REDDIT50_374,26,1,"[ORG] mods really are a bunch of retards though, they will ban a [PERSON] claiming he is a [PERSON] based on a retarded witchhunt and wild accusations the hilarity is that [ORG] is one of the biggest echo cham[PERSON] yet criticise others for being echo chambers, they have zero self awareness  ""MGTOW where anyone who applies critical thinking about any topic must therefore be a [PERSON] and should be banned, we dont need evidence or to apply logic in these here parts"""
REDDIT50_375,26,0,"yep the hilarity is [PERSON] are just as bigoted and echo chamber like as those [PERSON] complain about and scoff at, zero fucking self awareness"
REDDIT50_376,4,0,"> In [DATE_TIME] [PERSON] have on [LOCATION] this never happened Neither did [PERSON] do it nor did it happen to [PERSON]  It's just the 'if [PERSON] can do something crazy with the engine that is unrealistic, then why do you care about authenticity of setting?' argument  Remember that gif they were all posting where [PERSON] had managed to get a [PERSON] with a flamethrower stood atop another [PERSON] riding a horse?"
REDDIT50_377,35,1,"Oh [PERSON], please tell us how heterosexuals are supposed to look? [PERSON] gotta here this retarded shit before [PERSON] put you in your place."
REDDIT50_378,1,1,counter point: the women at the [LOCATION] are cunts.
REDDIT50_379,1,1,[PERSON]'re still probably cunts.
REDDIT50_380,11,1,"[ORG] is that no one handed them money or power  [ORG] think little of women, because women are apparently so retarded they can't open a [ORG] or start a [ORG] or get jobs entirely on their own  So yeah, if [PERSON]'re [DATE_TIME], [PERSON]'ll have a few feels for [PERSON] for what it was like in [DATE_TIME], but since [PERSON]'re [DATE_TIME], what oppression have [PERSON] really faced?  Too low an al[PERSON] from [PERSON] to get a [ORG] bag [DATE_TIME]?  Yeah [PERSON], you're an oppressed group   Sure  Spoiled much?"
REDDIT50_381,49,0,[PERSON] really wanted to call a [PERSON] a cuck for ONCE and you all RUINED it
REDDIT50_382,27,1,Even on [ORG] [ORG] is still full of faggot snowflakes
REDDIT50_383,47,0,">Ah an [PERSON] who makes everything about [PERSON] Shocked, shocked I say  I know it's hard for you to believe but most men don't want women who like trains being run on them Not to mention the lying That doesn't make them [PERSON]  and twat waffle? yyeeesh"
REDDIT50_384,10,1,"No matter what nonsensical drama it is, he deserves every single bit of it  As for reflection, [PERSON] had a bigger chance of reflecting than this [PERSON]."
REDDIT50_385,4,1,"Yeah I just looked at his Twitter and he seems to be handling this by whining about [NRP] and spouting gendered slurs  [URL]  Edit:  Oh and this  [URL]  > oh, I was critical [PERSON] is a fucking alt right cunt, and [PERSON] is an actual [NRP]"
REDDIT50_386,10,0,[PERSON]'s been beyond redemption since [PERSON] went out on a tangent against [ORG] [DATE_TIME].
REDDIT50_387,33,0,"He's probably gonna use the [PERSON] excuse: ""oh it was [DATE_TIME], and totally a joke! I've changed now"""
REDDIT50_388,10,0,"""A miserable black hole of past glories But enough talk... Have at you!"""
REDDIT50_389,10,0,"[PERSON]'ve never actually read or watched any of that particular gay vampire shit, it was more a play on how vampires supposedly cast no reflection in a mirror."
REDDIT50_390,15,0,Why even enable friendly fire if you ban [PERSON] for doing it?
REDDIT50_391,33,1,"It's the perfect excuse for any kind of bullshit the [ORG] has pulled and will pull in the future  Take [PERSON] (or even [PERSON]'s) work in [DATE_TIME] for example Produce some of the worst [ORG] ever, injected with whatever woke retardation they jerk off to [DATE_TIME], then when nobody buys the book blame them [ORG] Rinse and repeat.. At least until the [ORG] eventually implodes and dies."
REDDIT50_392,5,0,"If [PERSON] can't play as a [PERSON] in the single player then these guys should bring up that the original red dead revolver had missions where [PERSON] played as a [PERSON] and as a [PERSON] Would be much better than ""[PERSON] wasn't empowered enough by this one liner."""
REDDIT50_393,5,1,Yeah It's just kind of sad that [PERSON] know for a fact that [PERSON] could do a much better job of being a woke journo than these retards
REDDIT50_394,5,0,"[PERSON] guess convincing [PERSON] who aren't already indoctrinated is actually viewed as a bad thing by them, so the only thing that matters is being the most woke The stupidest woke take is always the wokest take"
REDDIT50_395,30,0,"For the record, [PERSON]'m a [PERSON] who actually owns the [ORG], and there's nothing gendered in it at all [PERSON] don't know what [PERSON] is talking about   [PERSON] didn't finish it, mostly because of those really obtuse puzzles [PERSON] had to keep looking up  Like that stupid candy  Of course, [[PERSON]'ve seen [PERSON] make a very good argument that it was the obtuse puzzles themselves that contributed to the downfall]([URL] Plus, [ORG] became the big thing, and it's very hard to make a PnCA on consoles."
REDDIT50_396,30,0,"> [PERSON] mean it’s not like stupid vapid bullshit like “the guy game” or “[PERSON]” contributed to the shit show of point and click adventures  I'm pretty sure there were a *lot* of crappy cash-in [ORG] games [DATE_TIME], just like any trend."
REDDIT50_397,2,0,A lot of [ORG] (especially a lot of its [PERSON] in the nerd version) can trace its origins to them To a disturbing amount.
REDDIT50_398,39,0,">Then [PERSON] thought ""What if we used our power for good?""  And we got [PERSON]"
REDDIT50_399,35,0,Doesn’t matter It’s the law.
REDDIT50_400,35,0,No.
REDDIT50_401,12,1,"The best part was when [PERSON] tried to turn to the [ORG] for help and all the [ORG] said was ""[PERSON] don't have to be here..."" and [PERSON] lost it  Cuz [PERSON] don't have to be there  Just like all these other little [PERSON], [PERSON]'re just looking for a reason to be offended at something  And maybe the [PERSON] who ""raped"" [PERSON] is still walking around [LOCATION] because, just maybe, [PERSON] didn't actually rape [PERSON]  [PERSON]'re just a[PERSON] who had sex [PERSON] regretted, and the only way [PERSON] can save face is by throwing [PERSON] under the bus   typical female behavior"
REDDIT50_402,25,0,"[PERSON] wouldn't be surprised, but [PERSON]'s also an emotionally unstable, temperament self righteous twat bag who doesn't know how to keep his fucking mouth shut   [PERSON] hear stories of [PERSON] throwing a gigantic hissy fit in a [ORG] when we read some news [PERSON] didn't like on his phone or something and scaring the piss out of a barista [PERSON] try that shit on [ORG] and regardless if the [PERSON] is with [PERSON] politically they are liable to hold [PERSON] in literal and legal contempt  Above and beyond politics and [CRYPTO], if [PERSON] are an obnoxious enough shit to someone who holds power over [PERSON] they are liable to use it to fuck [PERSON]  Let's say [PERSON] did nothing wrong and a [PERSON] is mistaken in a [LOCATION], [PERSON] make enough of an ass out of yourself [PERSON] are going to get a ticket- which [PERSON] may be able to get thrown out in [ORG] but that's just it, [PERSON] could have been simply out of a tiny bit of time and annoyance being stopped and then let go on your way, now [PERSON] have to waste [DATE_TIME] in front of a [PERSON], [PERSON] up that bullshit [PERSON] are liable to spend [DATE_TIME] in a lock up, and possibly get pepper sprayed or tased in the process  Now the [ORG] might get fucked for doing these things, but [PERSON] got fucked first, because [PERSON] couldn't just shut the fuck up and get the traffic stop over with  From what I have heard I could see [PERSON] as a guy with 5 tickets a weekend in [ORG] and taser burns because he couldn't shut the fuck up over a nonissue  Granted [PERSON] may being too optimistic which is slightly out of character for me Granted there's another big thing [PERSON] is *also* a white male and doesn't have the [US_PASSPORT] or the [US_PASSPORT] to play Also bei[PERSON] a [PERSON] may get some sympathy points from the [PERSON] for [PERSON]."
REDDIT50_403,25,0,"So basically go full Boondocks ""FUCK YOR COURT!""?"
REDDIT50_404,47,1,[PERSON] was right you ARE a cunt
REDDIT50_405,41,0,One of the best parts of [PERSON] stepping down is [PERSON] gets to take off the power ring and post.
REDDIT50_406,38,0,"[PERSON] feel like [PERSON]'re not understanding *why* [PERSON] phrased things in those ways  [PERSON]'m completely aware of how much **pointless** extra work it would be for the [ORG] and how few minds it would change As [PERSON] said, staying bestof-able is ""a dumb and pointless concession to save face"" This post is primarily a guaranteed replies baitpost with three goals:  A) **[ORG] will be aware** of this choice being made for us by the [ORG] [PERSON] think there should have been a sticky about the opt-out, or even a vote for/against it [PERSON] only found out because [PERSON] was posting something completely unrelated to [ORG] and [PERSON]'m guessing outside of the [ORG], not that many people know why [PERSON] had 5K active users [DATE_TIME] [DATE_TIME] instead of our usual ~2K In general, our population does not and, without this post, would not know that the [ORG] have unilaterally chosen to opt [ORG] out of bestof posts  B) if [PERSON] don't like the choice, they have a designated [LOCATION] to dissent   C) if [PERSON] like the choice, they can agree and demonstrate a sort of consensus by upvotes/comments  [PERSON] don't expect the decision by the [ORG] to change"
REDDIT50_407,40,0,"> if [PERSON] don't like the choice, they have a [LOCATION] to dissent  And what happens when the [ORG] that fucked up the original post follows them?"
REDDIT50_408,38,0,"Huh?  [PERSON]'m talking about this thread being the dedicated ""argue about KiA rules and administration"" thread If [ORG] finds a reason to brigade this thread, [PERSON]'ll be thoroughly impressed."
REDDIT50_409,40,0,Have they ever needed a reason?
REDDIT50_410,19,0,"Unfortunately confirms my theory that [ORG] are often women who can't get men their own age so they target younger ones instead If you ask me though I think it's great that teenag[ORG] are wising up to this so quickly maybe they'll work together more now to bring down these sorts of manipulative cunts who are just using them, [PERSON] don't have much sympathy for [PERSON]."
REDDIT50_411,19,1,"It doesn't matter how attractive a [PERSON] is sometimes, if word gets around about how psychotic they are, men will avoid them like the plague [NRP] are a classic example of men not necessarily giving into instinct when it comes to women They know the amount of trouble they'll get into if they even have a [DATE_TIME] stand  We hear the stories constantly from [ORG] especially who bitch about being unable to find a [PERSON] or how unsatisfied they are with the sex they're getting Even with [PERSON], [PERSON] still maintain they're predatory and are just looking for easy dick Think about it, it's much easier to seduce a [PERSON] who doesn't know any better thinking they're going to get tons of sex than waste time trying to convince a [PERSON] in his 20's they're not crazy that's either been through [PERSON] before or has seen women that age do to their [PERSON]  The fact that they know the likelihood of them getting any real kind of punishment for what they're doing is probably encouraging them to act the way they do."
REDDIT50_412,27,1,"Even on [LOCATION] we still get the [ORG]     *Accepting this anti\\-social behavior normalizes it and legitimized this kind of overreaction in [ORG].*   The anti social behavior came from the [PERSON], [PERSON]"
REDDIT50_413,0,0,[PERSON] can rub some sage on that dirty taint.
REDDIT50_414,0,0,"Well, [ORG] is still its only non-make-believe real world application."
REDDIT50_415,43,1,"If this [PERSON] actually had a career:  ""[PERSON] don't think [PERSON] should do it that way.""  ""[PERSON] don't work in this [ORG] nor [PERSON] have any experience in this technology/tool/style/etc so fuck off [PERSON].""  ""Don't say those things!""  ""Don't try to force me into any performative and reductionist control of myself, [PERSON]!""  ""How fucking dare you use my own rhetoric against me? [PERSON]""  No work was done and the fighting escalates until the [ORG] itself is dissolved."
REDDIT50_416,47,1,"competitor here [ORG] as well, which is completely irrelevant btw but could do it thats not the point though [PERSON] lied pretty obvious [PERSON] was a cunt about it too"
REDDIT50_417,22,1,[PERSON] think fixing the domestic violence issue for men in [LOCATION] should not be addressed until you [PERSON] fix your murderous serial killer animal problem.
REDDIT50_418,4,1,"Someone debunked this guy - and it was [PERSON]? What timeline is this?  > [PERSON], who describes himself as a “former white supremacist leader,” came onto [ORG]’s radar in [DATE_TIME], when he hosted a [ORG] [PERSON] In it, he claimed that [ORG] go into multiplayer games to recruit vulnerable demographics into their cause [PERSON], my colleague [PERSON] and [PERSON] reached out to [PERSON] to hear more We were curious about the [ORG] who could fit an entire political pitch into a Fortnite match  > When we asked [PERSON] for evidence of his claim and an interview, he referred us to “the many who have experienced the recruitment” and attached a few screenshots of [NRP] imagery in open world games like [ORG] He also forwarded a screenshot of the game [ORG], a school shooting simulator, which was pulled from [ORG] before its release Another screenshot was from a [ORG] video titled “Fag Jews” in which someone named [PERSON] played Call of Duty It had 11 views  > It’s hard to imagine that the blustering [PERSON] has seen enough to make up for the [NRP] author’s otherwise sparse evidence, and if you have spent any time in an online multiplayer game, you know that some player-made digital swastika is as likely a product of some [PERSON] as it is of [ORG] seeking to turn the teens to their side This leads to basic questions: Were any victims of the alleged conversion tactics interviewed? Any [ORG]? If this is happening on a large scale, why haven’t any [ORG]—and especially ones who spend [DATE_TIME] each week playing online games—caught a whiff of this wild thing and reported on it?  > [NRP]’s sources, at least as laid out in their report, simply do not provide adequate support for the claim that white supremac[ORG] are actively recruiting [PERSON] on multiplayer games on a scale broad enough for [PERSON] to be concerned about it And to take it a step further, [ORG] claiming a clear pipeline be[ORG] are buckling into a trope in normie games coverage that simply needs to end if anyone is going to responsibly cover the increasingly established [ORG]: parental fear-mongering as journalism It’s what turned the mainstream conversation around video game addiction into a hot-take circus of bad research and even worse interviewing tactics It’s what’s completely distorted the scientific methods toward understanding whether violent games make kids more violent And it’s the sort of thing that, in [DATE_TIME], led [PERSON] to question whether their [PERSON] were literal Satanists  > The [NRP] story’s [PERSON], who is a [PERSON], wrote a book [DATE_TIME] titled The Art of Screen Time: How Your Family Can Balance Digital Media and Real Li[PERSON] Reached out to for comment, [PERSON] did not respond When [PERSON] asked [PERSON] why he feels confident stating that there is a pipeline between [ORG] and [ORG], he said this:  >> “I receive [EMAIL] or [PHONE] [DATE_TIME] from [PERSON] concerned that their [PERSON] are beginning to use language aligned with alt-right and white nationalist ideologies, narratives denying the Holocaust or defaming Jews, discussing conspiracy theories related to [PERSON] tell me time and time again that they believe that they are being influenced while playing multiplayer video games by other people participating in those games It begins by using language like “f*ggot” and “n*gger” to desensitize them, followed by memes, then [PERSON] beging [sic] to parrot the words until they are led to forums on gami[ORG] or [ORG] and [ORG].”  Bets on [PERSON] getting screaming SJWs in [PERSON] mentions [DATE_TIME]?"
REDDIT50_419,33,1,">[PERSON] claimed that [ORG] go into multiplayer games to recruit vulnerable demographics into their cause  Who woulda thought the [PERSON] who called [PERSON] [PERSON] and told [PERSON] to kill myself [DATE_TIME] at [ORG] ([PERSON]'m playing with [PERSON], don't judge), was actually trying to recruit [PERSON] in the [ORG]?"
REDDIT50_420,11,1,"> What makes you hate women so much  [PERSON] [PERSON] haven't heard this narrative a thousand times, please cite that source [PERSON]  > [PERSON]’ve been in [ORG] for [DATE_TIME] now  No you haven't  > [PERSON]’ve had one major problem with most of the [ORG], they seem like pessimists Like [PERSON] were in just one bad relationship, and now they hate all women But doesn’t everyo  I assume you're referring to my ""[PERSON]"" posts?  > Li[PERSON] [PERSON] were in just one bad relationship, and now they hate all women   Please cite all the posts [PERSON] made yelling at [ORG] and [ORG] posts yelling at them because of their sexual failures and the incel culture in [ORG]?  > But doesn’t everyone get into a bad relationship at some point?  [PERSON]'ve never been in [LOCATION] nor failed one, all my relationships end mutually or via ghost protocols  [PERSON]'m fine, thanks for asking  But then, [PERSON] don't enter relationships like a retard  Sorry [PERSON], no offense meant, [PERSON] just made different life choices  > [PERSON]’d just like to understand your feelings on women and how your failed relationships impacted your thoughts  [PERSON]'ve never had a bad one, because [PERSON] keep them right where [ORG] tells me to keep them, as a casual series of holes to play with, and some emotions to play with, and some fun to play with  You know how [PERSON] get that new relationship fun?  Kind of like when [PERSON] buy a new car and [PERSON] wash it twice a week or more?  Then [PERSON] stop doing that [DATE_TIME]?  It's a lot like that  Except [PERSON] end the relationship before [PERSON] stop washing the new car"
REDDIT50_421,0,1,"Retarded opinion, but [PERSON] don't see how that post promoted violence against, or threatened, or harassed [PERSON] Yeah, it's vitriolic, and [PERSON]'m actually surprised anything would happen as a consequen[PERSON] of saying anything against [PERSON], but it seems like a bit of an over reach."
REDDIT50_422,37,0,"Eh, they'd just switch to [ORG] of ""Because you suck, and we hate you."" infamy  And other firms that don't care about the civilian market, which pretty much includes [ORG] by default at this moment."
REDDIT50_423,17,0,Suddenly [PERSON] feel like buying [ORG].
REDDIT50_424,37,0,"[LOCATION] non-remanufactured for [PERSON], at least because they use [ORG] copper bullets in 5.56 NATO loadings  But [LOCATION] has some good stuff."
REDDIT50_425,17,0,"> [LOCATION]  I looked them up, and then [PERSON] saw they had something that looked like [PERSON]'s Xtreme Defender, and they called it the [ORG]  And it was in 45-70  ..  OW."
REDDIT50_426,37,0,"Heh, didn't know they made a .45-70 version, can't imagine why, so [PERSON] must be missing something  Is gratuitous unless it's a hunting round, and [PERSON] would have thought they'd have tried .30.-30 first...  The [PERSON] is cute, but it's based on the nearly Unique Selling Proposition it that it'll expand without needing a hollow point, which for pistol ammo, and for all I know [NUMBER] FPS .45-70, won't always expand, e.g if it gets plugged by heavy [DATE_TIME] clothing."
REDDIT50_427,17,0,">Heh, didn't know [PERSON] made a .45-70 version, can't imagine why,  Seems pretty obvious to me  [PERSON] WANT TO WATCH SOMETHING EXPLODE INTO GELATINOUS CUBES WHEN [PERSON] SHOOT AT IT!"
REDDIT50_428,37,0,> [PERSON] WANT TO WATCH SOMETHING EXPLODE INTO GELATINOUS CUBES WHEN [PERSON] SHOOT AT IT WITH THEIR [LOCATION]!  FIFY \\^_\\^.
REDDIT50_429,17,0,This shit right here is settled science.
REDDIT50_430,12,1,"It's little simp bitch boy men letting women walk all over them because [LOCATION]  It's really not that hard to figure out  If men would stop acting like such little beta faggots, women would be forced to shape up and actually act like adults"
REDDIT50_431,29,0,[PERSON] mostly despise the hot ones too.
REDDIT50_432,1,0,[PERSON]'m trying to wrap my head around how [PERSON] could be stupid enough to think thats true or what arguments they might have to back it up..
REDDIT50_433,29,0,Obviously [PERSON] needed it [PERSON] already took two falls and two punches to the face and still comes back for more [LOCATION] and tazer time.
REDDIT50_434,32,0,"""deeper meaning""  Should they then just ban all [PERSON] from [ORG] then?"
REDDIT50_435,32,1,"> Is spamming swastikas and ""[PERSON]"" funny?  Yes it is, with proper management everything can be hilarious (not with everyone tho, you're one of those apparently)   [PERSON] in [ORG] is larping as an hardcore [NRP], yet [PERSON] his and his [ORG] char is a [PERSON], it's actualy hilarious witnessing either [PERSON] with a stick up their ass being all indignated and shit or larper/actual racist agreeing with the [PERSON] until [PERSON] show up and start using a thicc ghetto accent to spew [NRP] propaganda, the funniest one so far are actualy [ORG] not being able to know what to do and threading on eggshell about the whole situation  >how a [ORG] should handle certain content to improve user experience  Ah yes, the famous [ORG] do what they want, maybe [PERSON] can lend [LOCATION] enough dosh so we can outbuy [ORG] about steam  >Your logic is exactly why freedom of speech only exists in the [LOCATION]  You fucking wish, [PERSON]  >This kind of thinking needs to stop  Based on what? who the fuck are [PERSON]?  >[PERSON] should feel embarrassed to have actually typed that out  So on top of being pro-censorship, on [ORG] out of every places, [PERSON] actualy resolved to that? hey why don't [PERSON] go back to [ORG] and get bent [PERSON]?  I hope [DATE_TIME] [PERSON] will fancy this concept : Anyone can make it or nobody can, there is no middle ground, if [PERSON] don't like it, avoid it and/or ignore it, now go and take [PERSON] call for censorship on another [ORG]"
REDDIT50_436,32,1,"[PERSON]'m not going to waste more time with ya than necesseray, i know who [PERSON] quoted  > Allowing users to write whatever they want in whatever context they want is rarely a good concept  Can't have that my dude, [PERSON] [ORG], [ORG], [ORG] up your ass  >I know [PERSON]'ll see that as censorship  [PERSON]'re god damn right  >they're better off moderating their [URL] to a certain extend to ensure that the majority of their users are happy Even if that means some people are not allowed to write things like ""[PERSON]"" on their profile anymore  ""[PERSON] do not like what [PERSON] say, so it's indeed logical that [PERSON] get the axe, how dare [PERSON] stay on a plateform with freedom of speech in mind, [PERSON] still can't have that boyo""  >Because if that is what keeps them on steam, maybe [PERSON] misunderstood the purpose of it  That the biggest smug line [PERSON]'ve read [DATE_TIME], congratulation for being the #1 passive agressive soon-to-be-bent cunt muppet"
REDDIT50_437,13,0,"Is it between the bread? No  So as long as [PERSON] dont eat a Calzone, its not a sandwich."
REDDIT50_438,13,0,Thats just an inferior being to the sandwich  [PERSON] didnt fully went through the evolution to become a sandwich and will cause you great grief if [PERSON] drops on the [LOCATION] And we all know on which side its going to [LOCATION]  [PERSON] is as much a sandwich as a [PERSON] is a fox.
REDDIT50_439,2,1,"[PERSON] put a Drakengard image to open the article with  [PERSON] have earned me being a fan, without reading the article in the slightest  Edit: also a good article and summary of the retarded events that transpired."
REDDIT50_440,9,1,"Oh my Let's just take them one by one shall we:  >Let’s start with this: women can only get pregnant [DATE_TIME] each month  Spend [DATE_TIME] on the [URL] searching ""the rhythm method"" and you'll find t[PERSON] failure rate is between 10 and 25 percent   >So ridiculous, that when an oral contraception for men was created, it wasn’t approved…  It wasn't an oral contraceptive for one thing It was a pair of injections   > And the list of side effects was about 1/3 as long as the known side effects for women’s oral contraception  The side effects were things like a [PERSON] attempting suicide   >Now keep in mind, for th[PERSON], men also have a non-condom, always-ready birth control built right in, called the pull out It’s not perfect, and it’s a favorite joke, but it is also 96% effective  From the art[PERSON] the [PERSON] linked  >So in real life, about 22 out of 100 women who use withdrawal get pregnant [DATE_TIME] — that’s about 1 in 5  that's certainly far from 96%  >Because there are 0 consequences for men who cause unwanted pregnancies  I'll just point to this [article]([URL] about a [PERSON] who is being charged for child support for a [PERSON] conceived by a [PERSON] who was convicted of statutorily raping the [PERSON]  Zero consequences? Fuck you cunt  >61% of men (or women) who are legally required to pay it, simply don’t With little or no repercussions   Citation needed SERIOUSLY! Back this up bitch  Here is an [article]([URL] about men who have been pursued (to the [LOCATION]) for child support for [PERSON] **who are not theirs**  >Vasectomies are very safe, totally reversible,  No given vasectomy is guaranteed to be reversible Further more, the longer the duration between the initial operation and the reversal operation (which is NOT a simple procedure) the greater the chances are that it will fail   From [ORG] we see ""Pregnancy rates range widely in published series, with a large study in [NUMBER] observing the best outcome of 76% pregnancy success rate with vasectomy reversals performed within [DATE_TIME] or less of the original vasectomy, dropping to 53% for reversals [DATE_TIME] out from the vasectomy, 44% for reversals [DATE_TIME] out from the vasectomy, and 30% for reversals [DATE_TIME] after the vasectomy""  >It’s not that wild of an idea 80% of [PERSON] in the [LOCATION] are circumcised, most as babies   You're seriously supporting your argument by pointing to GENITAL MUTILATION as a **good thing**?  >MEN CAUSE 100% OF UNWANTED PREGNANCIES Or IRRESPONSIBLE EJACULATIONS BY MEN CAUSE 100% OF UNWANTED PREGNANCIES  [PERSON] Your choice YOUR RESPONSIBILITY"
REDDIT50_441,9,0,"Basically, yes   The article the [PERSON] linked was in reference to a Stage II trial of the treatment Before a drug/treatment is approved it has to pass the Stage II trial and then go to a much larger Stage III trial  So it was far from being ready for wide term use."
REDDIT50_442,11,1,"They ran out of teenage [ORG] to bully so now they’re desperate   [DATE_TIME], they used to be about calling out the more violent and edgy aspects of [ORG] or the more crjngey elements    But then [URL] went away, and the only people on [LOCATION] left are [PERSON]  They’re those “[PERSON]” types you probably saw in [LOCATION], always licking up to the [PERSON] and think (in a very asshole like way) that by punching down that the popular ones behind them will like them and let them orbit in their halo   So the [PERSON] that ever gave a shit about [ORG] in any actual way disappeared and had better things to do, whereas what remains posting in [ORG] are [PERSON] sad [ORG] type ones themselves  So [ORG]’s bullies picking  on the angry virgins now   Kind of like how incels were  [ORG] went from a “[ORG]” support group to an ed[ORG] “kill ‘em all” [ORG], which would have died out naturally, but then [ORG] decided to be idiots, and kept the bullying up then celebrated [ORG] being closed down “That’ll get ‘em”   An[ORG] that gave the betas, and [PERSON] don’t mean alpha beta SMV memes, I mean the lower class never popular lick ups, power for he first time in their lives  Or rather the illusion of it So they turn into the bu[PERSON] that are exactly what [ORG] claim they face all the time   See [ORG] is not filled with [PERSON] that have education or knowledge into psychology, sociology, or group dynamics  They do not care who they hurt  They do not understand that a group of [ORG] doesn’t really mean anything and school shootings and violence started long before internet memes were a thing [NRP] would have died out on its own, or at least mulled over as more saner elements calmed them down  [ORG] have a self soothing / filtered power of their own  [ORG] feels righteous  They’d make an excellent religion because you always have that feeling of righteous indignation, but [PERSON]’re constantly looking over their shoulder at the [PERSON] with a “did I do good?” look on their faces  You can tell by their posts    But [ORG] is a bunch of bullies  So they think “yeah we’ll get those MGTOWs” for that reason, but they got to keep the power hunger at bay  So they attack us, they all do Like [PERSON] is big on this That fat litt[PERSON] is desperate for attention, so he pretends to [PERSON] for the ladies by attacking [ORG] He ran out of anything positive he was trying to do, and just made it a [ORG] because a few feminist articles referenced [PERSON] and that since ofnpower and validation drives [PERSON] now Well, that and rapidly decreasing advertising revenue   So that hunger for that tiny bit of power [PERSON]’ve neve[PERSON] had in their lives is always hungry, and [PERSON]’ve desperately chased it   So [PERSON] ran out of incels, so now, [PERSON]’re hoping to get that power fix by coming [LOCATION], but unfortunately that just won’t work [PERSON] can’t give them the feedback response [PERSON] want So [PERSON] have to start making false flag posts desperate to do some quote mining, praying for that spicy meme to post on [ORG] for the validation [PERSON] crave  The quality of posts there and responses has rapidly declined I mean the [ORG] doesn’t even follow its own rules, and the [ORG] don’t follow them as well   Kind of ironic that they act exactly lik[ORG]  But [PERSON] mean helping [PERSON] is far harder than just bullying them isn’t it"
REDDIT50_443,47,0,damn [PERSON] was wrong my money was on syphilis
REDDIT50_444,46,0,This is a [NRP] inversion [PERSON]'re confusing safe with coherent.
REDDIT50_445,46,0,"[PERSON] just said: that's *coherence.* [LOCATION] should be primarily about gaming They're not ""safe"" because [PERSON] are still liable to be challenged and possibly even insulted."
REDDIT50_446,46,0,"[PERSON]'re the one perverting language in a pathetic attempt to bend the argument in half A space free from those who would make it ""safe"" isn't a ""safe space"" for people who don't want ""safe spaces"" - it's just a completely different type of space."
REDDIT50_447,46,0,"Because they were a direct and unprompted assault on [ORG]? Are you honestly trying to conflate any and all reaction to unprovoked aggression with the sjw crusade to transform [LOCATION] into ""[LOCATION]"" that adhere exclusively to their values? Because that's fucking asinine  Apply the separation principle Which [ORG] is willing to leave the other group alone? Which [PERSON] refuses to do so and in fact demands to dominate the [LOCATION] created and populated by the other group?  Consider order of events Who acted first? The [PERSON] who simply gamed and largely ignored the [ORG], the [ORG], the [ORG]? Or was it the latter groups who launched concentrated attacks on [ORG] and [ORG] as ""problematic"" and ""toxic""?  Separation principle determines who are the authoritarians Order of events determines the morality of aggression Equating [PERSON] with sjws in this fashion is absurdly reductive nonsense."
REDDIT50_448,46,0,"[PERSON] aren't taking the concept of a safe space to the extreme They are wearing the concept as a mask to hide their true feelings, which are largely based in resentment and hatred  And again, [PERSON] are reducing the concept of a ""safe space"" to absurdity A [LOCATION] where [PERSON] are free to challenge and insult one another isn't ""safe"" for [PERSON] who dislike safe spaces unless you cop to using two different definitions in the same sentence."
REDDIT50_449,46,1,"Kindly point me towards the mass gamer criticism of feminism that predates the idiocy of [PERSON]You can't because it doesn't exist  You're still conflating ""safe space"" (aka [ORG] masquerading as inclusive) with [LOCATION] (aka any space with coherence of purpose or community) Your semantics are fucking retarded."
REDDIT50_450,46,1,"People are going after [PERSON] for being a globalist asshole who orchestrates migrant invasions and funds [ORG], and a bunch of [ORG] are actually retarded enough to d[PERSON] by accusing his critics of anti-semitism It's like a slow-motion car wreck headed straight for another genocide."
REDDIT50_451,4,0,"[ORG] going nuts already 23 pages at time of writing  [URL]  I'm not going to link it, but SJWs on Twitter are already trying to witch-hunt a [ORG] employee over this."
REDDIT50_452,46,0,"[PERSON]? That a [PERSON] doesn't know how the intolerant minority works  10% of the population is enough to turn most of the [ORG] halal Much of our food is kosher despite a miniscule [NRP] population It has been suggested that 5% of a population is enough to start a revolution  Oh, and a bunch of our videogames are already being censored and/or altered by the insane preferences of [ORG], whom studies reveal to be roughly 8% of the population  So no, [ORG] exercising their own right to criticize in hopes of effecting desired c[PERSON] isn't ""entitled manbaby whining"" -- although from one intolerant minority to another, I can see why [PERSON] would seek to diminish our influence It does run directly contrary to your own, and [PERSON] already spend way more money than [PERSON] guys do  Additional sidenote: calling out [ORG] as melodramatic babies given [ORG]'s histrionic ongoing 24/7 anti-Trump meltdown. heh"
REDDIT50_453,9,1,"Hmmm .. [PERSON] doesn't cover it: [PERSON] is so far up herself she's almost inside out   The article is mis-titled It should be  >Why I Almost Slapped a [PERSON], and What That Says About Entitled Cunts Like Me"
REDDIT50_454,49,1,"So it's completely impossible to everyone [LOCATION] that [PERSON] actually believes that deportation is a bad choice?  Also, how is this [US_PASSPORT]? Was [PERSON] trying to use a [US_PASSPORT]?"
REDDIT50_455,47,0,Who the fuck cares.
REDDIT50_456,35,1,That final slap brought that [PERSON] back from the dead.
REDDIT50_457,40,0,[PERSON] He was raised by repressive parents and goes to [LOCATION] to find his true self.
REDDIT50_458,23,1,"Sounds like to me [PERSON]'re listing off [PERSON] qualifications:  - Selfish Cunt - Lies to the Court - Strong desire to prosecute people who refuse to take [PERSON] bullshit  Seems like the perfect [PERSON] to me, if this happened in [LOCATION], [PERSON]'d fit right in."
REDDIT50_459,25,1,">Having a manipulative, scheming [PERSON] as a secondary antagonist didn't come across as excessively woke either  It felt like a touch,  though it felt more like how sjw feminist cunts actually act rather than how they THINK they act Only with more skill."
REDDIT50_460,9,1,"[PERSON] think it has reached the point where it doesn't matter any more  All of these labels have been so warped by these twats that none of it actually makes the least shred of sense Not that it ever made **much** sense .. but somewhere along the line it became complete nonsense  Now the trick is to identify if a [PERSON] is one of these dipshits, and once you do .. give them a wide berth and leave them to their delusions."
REDDIT50_461,30,0,"And before anyone says it, [PERSON] does actually seem to think rich people ""[spend like [MONEY] for a gold plated butthole or some shit]([URL] and ""[If [PERSON] have a [CRYPTO] then that’s money from countless underpaid workers beneath [PERSON] and that should be against the law.]([URL]  Even though  [PERSON]'know   *it is*  EDIT: It's funny how many [PERSON] like this think [PERSON] keep their [CRYPTO] in [ORG]  And, logically, if [PERSON] can make *any* amount of [CRYPTO] without being corrupt and exploitative, how does it follow that a [PERSON] is automatically exploiting *some*one, much less underpaying workers specifically?"
REDDIT50_462,4,0,Heh Another [PERSON] rant  Edit: someone on the [ORG] approves :)  > [PERSON] would be happy to read this article on any other site [PERSON]'s reported the facts correctly and rightly gauged the reason why the [ORG] is ngry - but still manages to come across as such a redneck incel when offering opinions that it made my eyes bleed to read.
REDDIT50_463,40,0,"[PERSON] mean, [PERSON] do have some issues with the way [PERSON] writes, but it's the exact writing style [PERSON]'d expect on a site called *[ORG]*."
REDDIT50_464,4,0,"Some of his rants are funny (this one amused [PERSON]), some are less so."
REDDIT50_465,5,1,"Eh.. maybe wouldn't go that far, but it is fairly comparable to wetback."
REDDIT50_466,16,0,"where's the lie, [PERSON]"
REDDIT50_467,16,1,"no [PERSON], where is the fucking lie"
REDDIT50_468,16,0,"[PERSON] is arguing, answer the question or begone"
REDDIT50_469,16,1,"oh [PERSON], look [PERSON]'m sorry, i call all my good pals [PERSON], i call myself that all the time"
REDDIT50_470,2,0,"And they waited until it was too late for [PERSON] to back out or have second thoughts to be like ""woah guys, hold your horses, don't get *too* excited (despite how hype we have been)"" to try and have some deniability after."
REDDIT50_471,2,0,"[PERSON] used it as a giant ""pick up nerdy chicks"" weekend, with some swag along the way   But yeah, the parties are what it is much more known for in [DATE_TIME] now that other companies are attached to it ([ORG] and [ORG] threw some cool ones)."
REDDIT50_472,31,1,"Because they are [PERSON] who just hate men, just like all other kinds of feminists"
REDDIT50_473,31,0,"Here's the lunatic [PERSON], just in time to prove my point  Women started wars more often than men   Women when given power have collapsed every civilization   Women have a huge in-group bias that makes them unable to show empathy when the [PERSON] is female  >men have been murdering women and girls  What's a [PERSON]?  Second of all, [PERSON] did the shooting in [LOCATION]?   Third of all, who stabbed [PERSON] [DATE_TIME]?"
REDDIT50_474,31,0,[PERSON] are genuinely fucked in the head  Either that or a good [PERSON]  How can you say men are evil when women are out shooting people and stabbing babies    [URL]  [URL]
REDDIT50_475,31,0,Well that was [DATE_TIME] Let's see if [PERSON] goes crazy Maybe they'll stick to child rape  The patriarchy is a construct of [PERSON]   I really want to know what happened to [PERSON] to make [PERSON] this way.
REDDIT50_476,36,0,"[PERSON] do [PERSON] [PERSON], just remember, words mean things, and your highly retarded redefinition is not anyone else's responsibility to learn or adopt."
REDDIT50_477,47,0,"[PERSON] was raped by a [PERSON] and taken advantage of sexually many many times Grabbed, squeezed, hands down pants One time [PERSON] was held down by [PERSON] as [PERSON] was drunk as they shaved my junk and tried to get [PERSON] h[PERSON] [PERSON] lost my [PERSON] and was laughed at Nobody took em seriously   [PERSON] doesn't have to have military experience to have an opinion on gays in the [ORG] The fallacy fo disenfranchisement is what you are suggesting   Women wouldn't know anything about violence, not on the scale off men as men are the overwhelming victims But [PERSON] not about to distance women who wish to have an opinion on the matter   the whole ""men dont understand"" is nothing more than a bully tactic to both control and shut down the conversation"
REDDIT50_478,47,0,"I think everyone is mocking this [PERSON] because [PERSON] changed [PERSON] own story from rape to sexual assault [PERSON]'s acting in a very hysterical manner If this were any otehr crime [PERSON] was talking about, [PERSON] would be treated thee same way  Nobody is denying that rape happens Far from it [PERSON] relies on nothing but fallacies and people have a hard time believing her  Especially given that [ORG] easily expel [PERSON] with simple accusations, [PERSON] story just comes across as over hyped zealoutry."
REDDIT50_479,16,1,"shit has become this stupid so it's easy to assume everything like it is fake because it's so outlandish, until you've seen it actually happen enough times I've had to see [PERSON] say shit that's this ridiculous  the fact is [PERSON] have been made to be this retarded it's sad but true"
REDDIT50_480,16,0,reminder that feminism is communism  [URL]
REDDIT50_481,16,0,\\>when [PERSON] deny the evidence that is right in front of [PERSON]
REDDIT50_482,16,0,click a [URL] anytime
REDDIT50_483,16,1,"if [PERSON]'re retarded, sure"
REDDIT50_484,12,1,Get a job [PERSON]  Or kill yourself  [PERSON] choose the latter.
REDDIT50_485,45,0,"[PERSON] mean, the echo quotes are not anti [NRP] inherently Hell, most of the time they're used for comedic effect Most [PERSON] in on the joke are aware of the mad ravings of [ORG], so when talking about a story that shows a [PERSON] as the actor in an action that would feed that conspiratorial presupposition the echo quotes are used   Like ""[PERSON] ((([PERSON]))) makes regular donations to [ORG] in favor of extremist activity Q.""  The comedy comes from the head slap that follows and the ""of course it's a jew"" response"
REDDIT50_486,0,0,"[PERSON] guess that makes sense in a makebelieve world where those things magically materialize out of thin air when you need them? For the real world, there's [NUMBER]."
REDDIT50_487,0,1,Oh no! It's retarded!
REDDIT50_488,47,0,[PERSON] suggest [PERSON] learn how to have a conversation like an [PERSON].
REDDIT50_489,47,0,"[DATE_TIME], were going to play ""name that fallacy! Stehhhppp onnnn Dooowwnn!""  also, thanks for the plug"
REDDIT50_490,47,0,">critical thought if [PERSON] were [PERSON]  its funny, because youre the one who earned the tag, [PERSON]."
REDDIT50_491,6,0,The poll was on a [ORG] that barely [PERSON] uses  so the sample size is too small to be trustworthy
REDDIT50_492,40,0,"[PERSON] disagree with a fundamental premise of this article [PERSON] seems to be under the impression that because [ORG] is inherently shallow, it attracts people who are essentially well-meaning schlubs with no talent [PERSON] doesn't stop to consider that the quality may be shit because it's filled with people who are *malicious*; people who aren't just doing this because they like talking about stuff, but [PERSON] who fucking hate the thing they cover and want to destroy it  And [PERSON]'m not sure why [PERSON] thinks this Is it because [ORG] are inherently aimed at hobbyists and would thus preclude any advancement into serious fields? If so, [PERSON] should stop to consider that it isn't [NUMBER]; [ORG] are not some thing you do in a [LOCATION] somewhere They're a multi-billion dollar industry and so the defense a [ORG] has against [ORG] is virtually gone And that's not mentioning how becoming popular within a niche is a well known tactic; it's how the [PERSON] got rich, and [PERSON], and virtually every ""sensation"" since [PERSON] Why wouldn't opportunists be lurking around? Why *wouldn't* an [ORG] bigger than [ORG] have people willing to tank their own reputations to destroy it?  More to the point, it *is* possible to produce quality content we could describe as ""gaming journalism"" Yeah, rehashing press releases is stupid and non-productive, but there are [PERSON] who conduct interviews with [ORG], mess around with hardware, report on the society and culture surrounding games, (in ways that aren't just polemics against consumers) conduct serious reviews of titles, etc, etc  So [PERSON] don't think ""[ORG] sucks because it's just not possible for it not to suck"" is at all a valid stance to take; it's lazy and ignores the fact that [ORG] hire [PERSON] who fucking hate video games This naive view of [ORG] still being issues of *[ORG]* and shit like ""Ctrl+Alt+Del"" is just flat-out wrong If this guy was a political consultant, he'd be giving advice to [ORG] in [NUMBER] on how to beat [PERSON], appeal to the [ORG] in [LOCATION], and stick it to the [LOCATION]."
REDDIT50_493,46,1,"[PERSON] think there are also very specific forces at work [LOCATION], forces that cannot be simply explained as the interplay between markets and supply/demand dynamics, and those forces are probably best summed up as [ORG] The percentage of ideologically retarded gamer-hating journos who live in [LOCATION] (or an equivalently ridiculous city) isn't just coincidence or correlation - it's legitimately the root cause of all this progressive idiocy in journalism Creating good videogame journalism might be as easy as figuring out how to publish it somewhere other than a [LOCATION] on the [LOCATION]."
REDDIT50_494,10,0,The [PERSON] cites failed development of [ORG] and the rise of [ORG] in [LOCATION] It's not as simple as one single thing that caused this.
REDDIT50_495,10,0,"Would you like to work as corporate drone #[NUMBER] in an [ORG] doing generic [DATE_TIME] sequels or would you like to work with a [ORG] that has ballsy ideas and isn't beholden to anyone?  In many cases, [PERSON] happily take paycuts to get the fuck out of the machine  Edit: [PERSON]'ve said as much before, but [PERSON] wouldn't be surprised if [ORG] is already seeing [ORG] as the Frostbite engine department and nothing more by now."
REDDIT50_496,10,1,"[PERSON] myself quit a job [DATE_TIME] over [PERSON] being a complete and utter cunt who was nowhere near suitable for the position he held  [PERSON] was ramen every day poor afterwards, but it was fucking worth it in retrospect."
REDDIT50_497,10,0,"In my case, it was a combination of [PERSON] One who was the [PERSON] who was originally a welder, he fucking sucked at that, then he kissed enough ass to get the [PERSON] job [PERSON] got [PERSON] a [ORG] under [PERSON], got [PERSON] to teach him the ropes, all while giving [PERSON] higher wages than [PERSON]  After [PERSON] fucked my back in that [ORG], [PERSON] left on [DATE_TIME], [PERSON] threatened they wouldn't give [PERSON] attestation, [PERSON] told them to get fucked in not so nice words  [ORG] has at least one [PERSON] where everyone is wondering ""how the fuck did [PERSON] get that job?"" Mine had two."
REDDIT50_498,4,0,"> [PERSON] himself refuses to identify as “[ORG],” a decentralized far-right movement littered with white supremacists, but the language and political beliefs in his videos largely reflect [ORG] beliefs  > For one, [ORG]’s video implies that [ORG]’s critics are all “NPCs,” an alt-right meme dehumanizing the far-right’s opponents as if they are lifeless and mindless AIs There are several other dog whistles the video relies on too “[PERSON]” is commonly thrown around to portray [LOCATION] as [ORG] where people who think the “wrong way” are punished And then there’s “no bad tactics, only bad targets,” which is a catch-all phrase used by [ORG] supporters to portray [ORG] as deranged harassers mobbing “targets” with no concern for collateral damage  WHERE IS THE [ORG]? WORDS MEAN THINGS  'No bad tactics, only bad targets' is literally a [PERSON] quote - and it's pretty much a description of [PERSON] rule 13."
REDDIT50_499,40,0,"> And then there’s “no bad tactics, only bad targets,” which is a catch-all phrase used by [ORG] supporters to portray [ORG] as deranged harassers mobbing “targets” with no concern for collateral damage  lol the one they don't sum up fairly accurately and it's the fucking [PERSON] quote how completely unexpected"
REDDIT50_500,16,0,should've took the hint
REDDIT50_501,16,1,ha yeah sure  \\>hey let's go to [LOCATION]  \\>oh no they don't seem to like us  \\>hey let's stay and whine about mistreatment  [PERSON]
REDDIT50_502,16,0,"wow, yet another pointless comment with zero refutation just what are they teaching you [PERSON] with our tax dollars"
REDDIT50_503,16,1,"[PERSON], explain how that retarded comment makes any sense"
REDDIT50_504,16,1,what is this some [ORG]
REDDIT50_505,16,0,so yes
REDDIT50_506,16,1,sad that all [PERSON]'ll ever be is a [PERSON]
REDDIT50_507,16,1,"sure, nigger"
REDDIT50_508,46,1,"[PERSON] think the far more relevant factor is the number of liberal arts majors graduating with useless degrees that only become serviceable via [ORG] grifting operations [ORG] is lousy with r[ORG] because there are millions of these [PERSON] and [PERSON] is just ""one of the jobs they can do""."
REDDIT50_509,17,0,">Another thing [PERSON] objects to is ""[ORG] admits."" I can see how it might be misleading, however [PERSON]'d say it depends on whether or not the ""[ORG]"" is from outside [ORG], which as another [PERSON] notes it doesn't seem to be the case  [ORG], as far as I'm aware *isn't* part of [ORG] They were contracted to preform research *by* [ORG] and generated this report, so [ORG] didn't admit anything."
REDDIT50_510,17,0,">There is not just one ""[ORG]"" as you could have guessed on the [LOCATION] and the one that put together this document is actually an internal [ORG], which said [PERSON] could have found out by following the [URL] on the last page of the document: [URL]  I can't access your link as it requires me to log into a [ORG] account  >Or I dno, maybe the big ""[ORG]"" Logo plastered on the first page and on the bottom left of every sequential page from there on could have given it away? [URL]  This is an internal [ORG] document, I'm not surprised that [ORG] has it's name on it, especially since it was made for *their* consumption  My question is, what evidence do you have that this is *not* a [ORG]?  >There's too much retardation to go through or try to listen to some [PERSON] trying to seem smart Maybe leave the work to actual journalists  [PERSON]  No   Your average [PERSON] has better journalistic standards and due diligence than some of the most well payed journalists on earth I'm including [PERSON] in that calculation  I'd rather leave journalistic work to random animals and plants that [PERSON] find, before [PERSON] leave it to a [PERSON] At least [PERSON] can expect a fair and non-deceptive result."
REDDIT50_511,26,0,"but if women were ""so much smarter"" how did they end up being ruled by their ""[ORG]""  as for the equality line, women have been equal under the law and policy for [DATE_TIME] in the [LOCATION] and yet all equal competitions such as chess etc are all entirely dominated by men  taking [DATE_TIME] there is absolutely nothing stopping women being business tycoons such as [PERSON] or [PERSON] but there arent any  there are virtually no examples of women turning the [LOCATION] on its head with their service or product  at best you have no evidence, at worst there is lots of genuine evidence against [PERSON] ability to be at the ""[LOCATION]"""
REDDIT50_512,26,1,">it's a poor argument in that many women have been sidelined in history or were simply not allowed to be in the same positions as men  and  >More men tend to want to be [ORG], I mean this is all part of the wage gap argument to show why there are less [ORG], have [PERSON] looked into any of your opinions???   [PERSON] are undermining your own position its fucking hilarious  [PERSON] are literally an [PERSON]  and still havent provided a single example of a [ORG] which has turn the [LOCATION] on its head in [DATE_TIME], as men have, in either discovery/invention or business  in fact you will find no example in any industry or area where [ORG] routinely out compete [ORG] be it cooking fashion or whatever, the [ORG] are usually always men"
REDDIT50_513,26,0,"[PERSON] you are even dumber than i gave [PERSON] credit for to begin with  There is no value to me walking a [PERSON] through their own piss poor inability to reason or comprehend information  the fact [PERSON] think [PERSON] is ""reality"" and mine are ""feelings"" just makes it even funnier and more tragic at how stupid [PERSON] actually are  ""[PERSON] women dont excel in [ORG] because they werent allowed to""  ""[PERSON] women dont excel in [ORG] because they dont want to""   ""hurr durr i dont see how both of these statements dont undermine each other hurr durr"""
REDDIT50_514,26,1,"by people in the [ORG] you mean [PERSON] right?  [PERSON] really are a special brand of  ""fucking stupid"" allow me to spell it out to [PERSON] and your ""[ORG] chums"" (cough [PERSON] cough)  in response [PERSON] wrote the following  [PERSON]  >While [PERSON] agree with the spirit of your argument, it's a poor argument in that many women have been sidelined in history or were simply not allowed to be in the same positions as men  to explain why women weren't at the forefront of all technological and business achievements  then later you justify why there are no [ORG] or [ORG] since equality was achieved under the law [PERSON] justify it as  [PERSON]  >""More men tend to want to be business tycoons""   and it has to be pointed out to [PERSON] at length like [PERSON] [PERSON] because [PERSON] are so fucking stupid that both [PERSON] and [PERSON] ARE DIFFEREN[PERSON] REASONS [PERSON] FUCKING IDIOT, SO IF [PERSON] WAS TRUE [PERSON] IS IRRELEVANT  but being the fuckwit [PERSON] are, [PERSON] make one claim then when make another which makes your previous claim redundant  your first argument if [PERSON] follow JUST [PERSON] OWN LOGIC is that   ""we dont see women leaders/titans in [ORG] because they were held back/disallowed from jobs they DONT WANT TO DO""  Just read those words and consider how fucking stupid [PERSON] and [ORG] are  [PERSON] [PERSON] are an embarrassment to yourself and everything [PERSON] put your name to  [ORG] still waiting for that area/industry/skill where women dominate men in competence/competition/results...........[URL]/"
REDDIT50_515,26,1,"so just blind delusion and ignoring [PERSON] own stupidity is the strategy [PERSON] have decided to adopt is it? colour me surprised  it is no surprise that someone as stupid as [PERSON] who has clearly been highlighted as the [PERSON] [PERSON] are through your own arguments is still too stupid to understand/accept they have been humiliated  >""we dont see women leaders/titans in [ORG] because they were  held back/disallowed from jobs they DONT WANT TO DO""  That is how dumb [PERSON] are, and that is the level of your intellect and reasoning, all i did was concisely shorten your argument lol  [PERSON] would make a good flat earthist because [PERSON] have clearly demonstrated [PERSON] cannot comprehend even basic logical consistency and your complete delusion and ignorance of both facts and basic scientific principles [PERSON] simply rebrand to [PERSON] as somehow being valid (despite the rest of the [LOCATION] openly laughing at [PERSON] and your stupidity)  [PERSON] still waiting for your [ORG] who turn the [LOCATION] on their head and shaped all our lives for the better who are [URL]ill waiting......(just ignore that shall we as its inconvenient [PERSON] dont actually have any data to support your conspiracy bullshit)  what is so funny about this is [PERSON] actually think [PERSON] are correct/right when the actual reality is that [PERSON] are too dense to even understand what is and isn't claimed/argued and [PERSON] think your batshit misunderstandings of an argument are somehow magically valid  if [PERSON] werent such a retard i would quite easily explain how evolutionary pressure makes it almost inevitable that men would be the ""Movers and shakers"" of the [LOCATION] becuase they are not the limiting factor of reproductive success of a specifies, but because we have all established that [PERSON] are a total fucking moron, it would be like teaching a dog calculus  [PERSON] are so stupid and so incapable, its actually offensive to any [ORG] which was unfortunate to receive [PERSON]."
REDDIT50_516,26,1,"oh dear god i actually think [PERSON] have a learning disability, [PERSON] are genuinely one of the dumbest people (who was serious) i have ever seen on [ORG], congratulations  there is absolutely zero point [PERSON] wasting my time explaining your piss poor retardedness that [PERSON] can so clearly see, because being such a fuckwit [PERSON] dont even have the brains to process what is going on (literally too dumb to even have a conversation with [PERSON])  [PERSON] have no value [PERSON] cant even comprehend a single simple point and its so embarassing [PERSON] are this stupid that its just depressing now   [PERSON] have been repeatedly exposed as a [PERSON], by [PERSON] OWN ARGUMENTS AND INABILITY TO COMPREHEND SIMPLE SENTENCES, and are too dumb to even realise it when it was explain at length  everything about [PERSON] and your position is 100% cringe, the mere fact [PERSON] think ""[ORG]"" is some thesaurus /r/iamvertsmart material just speaks volumes of your ""Level"" and education (newsflash that is standard language used by [PERSON] who weren[PERSON] raised in a [LOCATION] and didnt have to wear a helmet at [DATE_TIME] to prevent themselves from injuring themselves like all the other ""special"" people)  based on your reasoning ability  and comprehension skil[PERSON] [PERSON] are the equivalent of "" [ORG]""  the fact [PERSON] think [PERSON] have anything worthwhile to say is adorable, and its even funnier that [PERSON] actually think [PERSON] wrong and [PERSON] are correct  This is basically [PERSON]: [URL]  And the fact [PERSON] are STILL too stupid to see that makes it even more delicious   [PERSON] wept."
REDDIT50_517,42,0,"[PERSON] don't understand [PERSON] was really, really mad at [PERSON] [PERSON] must have done something to make [PERSON] stab [PERSON], because women have no [ORG] [PERSON] felt bad about it, too That should count for something [PERSON] eve[PERSON] took an anger management class, and I'm sure [PERSON] promised never to stab anyone again We don't need to ruin this [PERSON]'s life over a mistake."
REDDIT50_518,42,1,"[PERSON], there's one in every crowd My comment was facetious If she had walked away, and he had stabbed her in the back and collapsed her lung, calling [ORG] and staying with her wouldn't save him Being [PERSON] and taking anger management classes wouldn't keep the cunt of a [PERSON] from locking him up for [DATE_TIME] or more [PERSON] doesn't even go to [ORG]; it's more like being grounded for forty weekends  [PERSON]'s probably lucky that [PERSON] collapsed lung made it impossible to speak If some [PERSON] stabbed [PERSON] in the back, then called [ORG] and stayed with [PERSON], it would be so difficult to not say something that would piss [PERSON] off, and cause [PERSON] to stab [PERSON] again Better to stay mute and gasping for every breath."
REDDIT50_519,36,1,"Don't be a dipshit Every comment so far has explained why the op is mistaken ""This sub"" is self correcting You are the retard, [PERSON]."
REDDIT50_520,1,0,"> [PERSON]   >[PERSON]   see your problem is ignoring that most of ""[PERSON]"" is calling him a dumbass"
REDDIT50_521,22,1,Actually [PERSON] can yet grow taller [LOCATION] who spend a long time in [LOCATION] come back taller So why are [PERSON] not an astronaut [PERSON].
REDDIT50_522,11,0,"Finish [ORG]  If [PERSON]'re in the [LOCATION], or re in any kind or [ORG], [PERSON] are not going to learn much of value  Why do I say this?  [ORG] exists [DATE_TIME] primarily to shelve [PERSON] during the work day  So [ORG] have a full time job of giving [PERSON] so much stupid work that [PERSON] end up having idiot classes  Also, [ORG]  Have [PERSON] noticed [PERSON]'ve had to take a bunch of retarded liberal arts stuff, but virtually no classes in market forced, entrepreneurship, business, finance, money, or anything else?  But there's plenty of idiot courses about history of [LOCATION], sociology, psychology, and other useless things?  Fill that in with some language requirements, because that's helpful  Sociology?  Does that help you with buying groceries?  How about saving, finance, investing, and math?  Much emp[PERSON] on that?  Maybe a bit of low level math  But fuck your future, [PERSON]'ll be a good union worker and support the [ORG]  If [PERSON] was to go through high school again, [PERSON]'d learn as much as [PERSON] could [URL], which is all free, about anything that's actually useful, and run out the clock at [ORG], since it is nothing of value  I'm pretty sure, from your post, [PERSON] know how to read and write and [PERSON]'m guessing up to at l[LOCATION] an algebra level of math  If [PERSON] aren't going into STEM, do [PERSON] need to know more?  No, because everything else is stuff [PERSON]'ll need to answer questions on [ORG] [DATE_TIME]  [PERSON] wouldn't drop out of school though  Now if [PERSON] want to be an [PERSON], learn about [ORG], how to budget, how to do some accounting, payroll laws in [LOCATION], municipal and states codes and regulations, go down [LOCATION] and find out how to apply for a business license and what that means   Learn principles of marketing, management, and accounting  Even if all you're going to do is open a [ORG], which is a good first move  because it's cheap, simple, requires [PERSON] to learn some regulation, and it's pretty much a break even operation  Do some [ORG] of [ORG] an run it like [PERSON]'re running a business, learn some budgeting, writing off expenses, do a balance sheet, figure out net profits, file some taxes, and all that fun  Learn to do (if [PERSON]'re in the [LOCATION]) your own [NUMBER] for income taxes, even if [PERSON] don't file them because [PERSON] claim [PERSON]  Why?  Because [ORG] don't teach a damn thing about how [CRYPTO] works  Because they want [PERSON] nice and stupid and a good socialist"
REDDIT50_523,9,1,"[PERSON] So this [PERSON] thinks that a movie based on the premise of a [ORG] discovering themselves and overcoming the divisions between them, thereby coming to a deeper understanding of themselves and each other  >set the cause of women back [DATE_TIME]  That would be [NUMBER]  Pre '[PERSON]' So let's put our whiner down for one count of extreme hyperbole  As for [PERSON] being a sack of shit .. the only people I can find knocking him are regressives who don't grasp the stupidity of judging movies from [DATE_TIME] by todays (ridiculous) standards [PERSON] being one of them - yeah, she is still alive  So let's put our [PERSON] down for one count of extreme regressiveness  And of course the [PERSON] is claiming that women don't have equal pay, no doubt citing the pay gap, which has been debunked so many times that the only people who cite it are [PERSON] .. so that's our whiner's hat trick"
REDDIT50_524,13,0,"Basically  The pay gap DOES exist, but not in the way [PERSON] think  [NRP] not idiotic or uneducated [PERSON]  Those that took a bit of time to look deeper into it, understand it."
REDDIT50_525,35,1,I hope it hurt [PERSON].
REDDIT50_526,49,0,where did [PERSON] *ACTUALLY* read [PERSON] saying that and not being sarcastic  mocking strawmen is an inception level of retarded
REDDIT50_527,49,0,have you ever heard [PERSON] actually say that?
REDDIT50_528,45,1,Like [PERSON] need any help coming up with new retardation
REDDIT50_529,34,0,"[PERSON] is definitely majority [ORG], and most of the posters here are right wing  There's nothing necessarily wrong with being right wing  [PERSON] has it right when he says that [ORG], [ORG] and [ORG] are necessary parts of a [ORG]  One problem is when [PERSON] demonizes the other and misrepresents them  Another problem is when [PERSON] gets too much unchecked power - in [ORG], in the [ORG], in [ORG], etc."
REDDIT50_530,35,0,"If [PERSON] are sitting there, laughing, while [PERSON] cunt of a [PERSON] is doing this shit, [PERSON] deserve to be slapped too."
REDDIT50_531,23,0,"[PERSON] tried MULTIPLE times to hand [PERSON] a [US_PASSPORT] on a [LOCATION], but [PERSON] kept punching people They even tried to give [PERSON] another one after the initial round of assaults, but [PERSON] refused to walk away q[PERSON] and the [PERSON] had had enough of [PERSON] shit......((shakes head)) lol."
REDDIT50_532,27,1,Ok [PERSON]
REDDIT50_533,11,1,"Most education can be solved just focusing on language, culture, and math  Most of that can be accomplished by talking to [PERSON], reading, writing, and knowing enough math to go to the [LOCATION]    Unless yo[PERSON] have the genetics for intelligence or an intense interest science it is pointless [PERSON] need enough to escape the lies of religion, but that’s about it    [ORG] should mostly be a defense against idiot ideologies Notice the roots of those words   [PERSON] use a lot of [ORG] in buying or growing food?  [PERSON] used [ORG] doing a bunch of derivatives of sigmoid functions and [PERSON] know what?  That shit had already been solved and written down  All that was necessary is understanding what a derivative was   All the extra SJW shit is about housing [PERSON] for [DATE_TIME] so [PERSON] can afford the big house and multiple SUVs and stash [PERSON] somewhere to not burn down the [ORG] in Soviet Era public schools were designed around the [DATE_TIME] and communism    Like that works"
REDDIT50_534,11,0,"It doesn't, the [PERSON] go into debt to buy the trappings of power, then shelve the [PERSON] because [PERSON] can't afford it, then [PERSON] can never back down from their initial investment."
REDDIT50_535,20,0,">Your religion does not change your ethnicity  But apparently [ORG] cause genetic diseases?  [URL]  Oh wait.. don't tell me!  Those disease[ORG] are just a ""social construct""?  Jews are a race  [PERSON] know it  [PERSON] know it  We all know it."
REDDIT50_536,20,0,"Sorry, that’s just not even remotely accurate [ORG] have traced their genetic heritage back to [LOCATION] using DNA tests  Jews don’t go around converting [PERSON] and you know it Sure, a few [PERSON] convert [LOCATION], but they make no effort whatsoever to promote their religion in that way  [PERSON] are clearly getting them confused with [ORG]."
REDDIT50_537,20,0,Nice fake news bro! 👍
REDDIT50_538,20,0,[PERSON] isn't a white person  [PERSON] is in fact a [NRP]  The are more closely related to [NRP].
REDDIT50_539,48,0,[PERSON] are idiots   They think school shootings will end by banning guns and refusing armed school security...
REDDIT50_540,48,0,"It's very sad indeed  [ORG] are infested with feminists who talk over you when you're trying to debate the existence of a ""gender"" wage gap like [PERSON]:  [[URL]"
REDDIT50_541,42,0,"""...aber, [PERSON]."""
REDDIT50_542,42,0,"Is that [NRP] for ""fatso?"
REDDIT50_543,17,0,"It's more than just [ORG]  ""[ORG]"" a [DATE_TIME] follower twitter account was able to somehow badger [ORG]'s [PERSON] to *ask* them to have a conversation Then [ORG] set **pulling financial services from [ORG]** as a **precondition** for this conversation to take place  [PERSON] aren't just nobody when [PERSON] threaten legal counsel for a [ORG] *and get them to comply* Who the fuck are these [ORG]?"
REDDIT50_544,9,0,Fascinating [PERSON] wonder what the [PERSON] thought about the women who dressed up as cunts for the women's march
REDDIT50_545,9,0,Oh yes .. you can see them [here]([URL]  Viewer Discretion Recommended.
REDDIT50_546,9,0,"[PERSON]'m tempted to say ""Because it's there"" .. but that's too much  Perhaps it's identity politics taken to the ultimate degree"
REDDIT50_547,9,0,[PERSON] - It's gonna take [DATE_TIME] to get that image out of my mind!   Gross!
REDDIT50_548,36,1,"Nah. don't you know all [PERSON] run around covered in rainbows and giant mardi-gras foam glasses that spell out ""FAGGOT!"" and fart glitter EVERYWHERE at all times? Unless \\*dramatic music\\* they feel UNSAFE around [PERSON] .then it's like ""go go gadget normalcy!"" and they become [PERSON] from [PERSON]"
REDDIT50_549,26,0,"[PERSON] remember before women were in the [ORG] in the numbers they are now,  they were slapping themselves on the back about how less they drink and how healthier and happier they are, as if men are weak and just naturally less healthy and more reckless with lifestyle etc   and looks what happened, when women start having to work low and behold they drink more and less happy and are having a crisis  suck it up [PERSON] zero fucking sympathy, this is the [LOCATION] you wanted there is no going back now"
REDDIT50_550,47,1,"[PERSON] reported you for:   >user reports: 1: It's rude, vulgar or offensive   lol bitches, mange"
REDDIT50_551,5,1,What is with these [PERSON] unironically calling [PERSON] degenerates?
REDDIT50_552,47,0,"[PERSON]'m a regular dude, drink beer, lift weights [PERSON] talk about how impossible it is to dislike [PERSON] [PERSON] well rounded [PERSON] have a [DATE_TIME] just starting [DATE_TIME] in pre-school [PERSON] have  a [PERSON] of [DATE_TIME] [PERSON] served in the [ORG] for [DATE_TIME]   [PERSON] also voted and support [PERSON]   there are some sane supporters of his out there [PERSON] would like to imagine that [PERSON] and [PERSON] would get along [PERSON]   have [DATE_TIME] [PERSON]"
REDDIT50_553,12,1,"Do they cunts have any idea how history works?  [PERSON], all they think with is their shitty feelings..."
REDDIT50_554,16,1,"[PERSON] that thinks [PERSON] knows things ha, y'know there was a reason they barely were let out of the [LOCATION] for millennia"
REDDIT50_555,27,0,Well [PERSON] mean [PERSON] is a sack of potatoes [URL]s astute observation
REDDIT50_556,7,0,"> Does [ORG] want to make money?   Yes They never have, though"
REDDIT50_557,44,0,[PERSON] don't get to use [LOCATION] because [PERSON] were never a slave unlike [NRP] that still experience it [DATE_TIME].
REDDIT50_558,44,1,[PERSON]* ;)
REDDIT50_559,35,0,This what happens when [PERSON] smokes weed while pregnant with [PERSON].
REDDIT50_560,18,0,"was the issue that the [PERSON] banned [ORG] because it was ""satanic shit"" in his words and backtracked with child porn laws?  and would people be more understanding if they went with the childporn laws as it's a nessary evil as [ORG] will use anything as a reason to ban?  same way [PERSON] will remove outward [NRP] comments because they will be cherrypicking those obvious jokes and legit views as proof this is a hive of white supremacy."
REDDIT50_561,18,0,tell that to the [ORG] who wrote the equivalence in the child protection acts and cover it under obscenity laws to boot  keep in mind the same [PERSON] banned [ORG] because they believe [PERSON] might eat big toy capsules inside them    sadly these are pointy-haired [ORG] so we must comply with their dumbass rulings.
REDDIT50_562,18,0,"> You mean the PROTECT Act of [NUMBER] which basically flew in the face of [PERSON] v [ORG] while adding vague bullshit like ""indistinguishable from that of a minor""  yep! those dumbasses  >First off, they were only illegal because of existing laws that existed since the [NUMBER] [ORG] eggs were only created in [DATE_TIME]  and like now they were inconsistent with enforcing laws, only recently dusting off that old law to apply to [ORG]  >Second, [PERSON] say was since they haven't been banned for [DATE_TIME]  what places sell the [ORG] with the toy capsule in it? [PERSON] only saw a heavily modified version where it's more a two halved pudding cup than the original hard chocolate egg."
REDDIT50_563,3,0,"Look, [PERSON]'ve been racking up hundreds of negative karma by insisting that [PERSON] is child porn in the other thread about this, but it's disingenuous as fuck to compare children actually getting fucked to merely *talking* about genocide   You gotta compare like to like:  [PERSON] to advocating genocide,  or actual child molestation to actual genocide"
REDDIT50_564,33,1,">(and it's completely irrelevant that the [PERSON] wasn't originally)  And the updated version is pretty retarded because [PERSON]'s still [US_ITIN], using [US_ITIN] words (in the ""straight out of google translate"" as usual in comics and tv shows) yet her skin is too dark to be even from the [LOCATION]  Then again, according to [ORG], we are black at least three times a week so what the h[PERSON], [ORG] and [PERSON] is a fucking racist."
REDDIT50_565,33,1,"Technically [PERSON] went to [LOCATION] with [ORG] and their story ended there with the last issue of the book (I think [LOCATION] is still canon and part of the Multiverse though, at least according to [ORG]), and the current version is [PERSON], mob boss' daughter and former boss of [PERSON] from [LOCATION], since they mentioned that both on the current [PERSON] and Birds of Peet's series  Then again though, [PERSON] is making her way back to the [LOCATION], so maybe [PERSON] will be back too at some point Wouldn't be surprised if they mention her at some point when [PERSON] Batman reaches full retardation."
REDDIT50_566,33,0,"Depends on [PERSON], [DATE_TIME], [LOCATION] was [LOCATION] too according to [ORG] (although now they are at the government so they had to tone down and pretend they like people from the [LOCATION]."
REDDIT50_567,44,1,There is a name for these cunts  [ORG].
REDDIT50_568,15,0,[PERSON] need etymology lessons
REDDIT50_569,11,0,"[PERSON] can tell you what hobby [PERSON]'ve dropped lately, and that's writing 10,000 word response essays to idiot feminist articles  It's just started to bore [PERSON] to be honest."
REDDIT50_570,12,1,"[PERSON] would kill herself in a day if [PERSON] had to be a [PERSON] for [DATE_TIME], [DATE_TIME]  these women really have no fucking clue how easy they really have it in the [LOCATION]  They're so fucking oblivious it's literally giving me cancer."
REDDIT50_571,39,0,"The [ORG]'s argument is transparently insane, just like the right's was The problem is, the [ORG] has all the megaphones of culture, so [PERSON] don't tend to think about it too much"
REDDIT50_572,25,1,Or much strength  It's like the [PERSON] back in [DATE_TIME] were terrified as crossbows While you can train and be better at them It doesn't take more than like a day to train a [PERSON] that isn't inbred and retarded as fuck  [PERSON] took a lifetime to train Not just the techniques but also the physical strength needed [PERSON] took a lifetime to train  They want to be the only ones in control of the ability to direct deadly force Like the [ORG] who don't want their [ORG] to have guns Because then they can't fuck them over without getting shot for it.
REDDIT50_573,45,1,It's almost like these [PERSON] use words without even knowing what they mean   Honestly how could a [PERSON] be an involuntary celibate? [PERSON] are retarded
REDDIT50_574,35,1,"For real, these [PERSON] want the [LOCATION] to change for them, because they refuse to change for the better of the [LOCATION]  What a useless existence."
REDDIT50_575,9,1,"We are doing better, [PERSON]  It's not hard to do better than a [PERSON] like [PERSON], after all."
REDDIT50_576,25,0,"Well [PERSON] think [PERSON] aren't actually female and are a transtrender so yeah, these black holes of empathy aren't happy unless [PERSON] can play themselves in everything  Can you imagine being so self absorbed [PERSON] can't play video games unless [PERSON] are in them? Hilariously [PERSON] who acts like that are insufferable and boring fucking people [PERSON]'m a pretty boring person and even if [PERSON] had to play as myself in a game it would be more interesting than playing as those fuckers."
REDDIT50_577,25,0,"Yep [PERSON] just care that the character is interesting At least mechanically- if not story actual character wise I mean [PERSON] would LIKE for a zelda game to finally give [URL] a more defined personality than blank slate 100% lawful good paladin  I mean [PERSON] LIKE paladins, but fuck give me something to go on Especially with [PERSON] but even link a touch on breath of the wild gave you a bit more than normal for a [PERSON] game  [PERSON] had a destiny she chafed at and didn't seem to be good at and she envied how [PERSON] could just step into [PERSON]'s footsteps as a knight/ royal guard to the point of being able to use this legendary sword Your destiny came easy to [PERSON] as breathing [PERSON] never seemed good enough  [PERSON] actually liked the old 80s-90s zelda cartoon [PERSON] He had character He was a skilled as fuck fighter, but he was also a rambling(vagabond like) lecherous rake who wanted glory and women His ability to do heroic things balanced out his character flaws  I kind of wanted to play a paladin like that Would send some [CRYPTO] back to his order, and use the rest to go drinking and messing around in his off time Think of like a [PERSON] crossed with a [PERSON], just he won't bang [PERSON] because that's wrong   Single willing ones? Oh hell yes."
REDDIT50_578,26,0,"nah if you watch it again [PERSON] is turned away and walking off moving [PERSON] hand in a dismissive motion which made accidental contact, his punch is not justifiable  if [PERSON] had struck [PERSON] when [PERSON] was squaring up [PERSON] would be absolutely justified"
REDDIT50_579,0,0,That's because [PERSON] don't have the actual intellect level required to understand that the parallel [PERSON]'re trying to draw makes absolutely no sense...
REDDIT50_580,23,0,"[PERSON] needs to read some of the subreddits all of us here frequent It's dangerous enough for a [PERSON] just to date some [PERSON] who isn't already vetted by your friends, (crazy, false rape, looking for a baby, etc), much less forming a **legal contract** (marriage) that gives them control over your fucking life  If [PERSON] get in an accident on their honeymoon and [PERSON] ends up the [ORG], [PERSON] can pull the plug on his [PERSON], LEGALLY Take everything and keep on trucking because [PERSON]'s a [PERSON]."
REDDIT50_581,9,0,"And most people are going to ignore most of what [PERSON] say, [PERSON], because [PERSON]'re a racist cunt"
REDDIT50_582,44,0,The best word
REDDIT50_583,8,0,lol my post is at [DATE_TIME] and quickly plummeting  [US_PASSPORT] denied doesn't apply to traps or blacks it seems lol.
REDDIT50_584,9,0,"Oh piss off [PERSON]'m 55 [PERSON] was **there** at the time, on the leading edge both professionally and personally   [PERSON] had a character on [ORG]([URL] during the lead up to, and throughout, it's heyday   [PERSON] was an administrator on one of the largest [ORG] on the net  It wasn't the [ORG] It was just the Internet and [PERSON] finding ways to explore themselves and interact with others with shared interests  [PERSON] do NOT get redefine what [ORG] were doing to suit [PERSON] [PERSON] rubbed shoulders, gay, straight and every kink [PERSON] can name .. it was egalitarian and without the group-identities that [PERSON] cunts insist on  It was **MY** fucking time, and [PERSON] and your [ORG] threw away the strides we made in being truly inclusive, so fuck [PERSON] and the horse y[PERSON] rode in on  PS: [PERSON] fully acknowledge nothing was perfect But it was a wonderful time where [PERSON] literally did not care what your kink was when [PERSON] logged into a [CRYPTO], [CRYPTO], [CRYPTO], MOO or [CRYPTO] .. as long as it was consensual and [PERSON] were a good neighbour   The same cannot be said [DATE_TIME], thanks to people like the [PERSON]."
REDDIT50_585,17,0,"If [PERSON] included only a [PERSON] [PERSON] would have been accused of being misogynist  They included a male or [PERSON] option, and [PERSON] are accused of not being able to develop a protagonist p[PERSON]  If [PERSON] had included a [PERSON] only, they would have claimed that her proportions, skin tone, or behavior wasn't correct *But* they might have at least congratulated the [ORG] for making a correct choice in gender."
REDDIT50_586,20,0,It was taken over by [ORG].
REDDIT50_587,26,1,"If ever you need an example of why the [ORG] is an agenda driven crock of shit run by [PERSON] pushing a false narrative this is it  ""OMG Look at these women being punished for trying to maliciously fuck up someones life""  If [PERSON] was a genuine [PERSON] of rape i would be fucking fuming at these cunts using my trauma crime as some kind of weapon and shield to abuse others  If [PERSON] are caught lying about rape [PERSON] should get fucking get the book thrown at you, i have ZERO FUCKING SYMPATHY  And using that [NRP] suicide as some king of emotional capital is disgusting, [PERSON] commited suic[PERSON] because [PERSON] was a [PERSON] who thought [PERSON] found her [PERSON] a wealthy good looking student, [PERSON] found out [PERSON] was a sex worker and decided to leave [PERSON] and [PERSON] accused him of rape maliiciously [PERSON] defending [PERSON] and won and then [PERSON] killed [PERSON] before her trial because [PERSON] was on the line for [PERSON] cuntish ways of maliciously lying about [PERSON] raping [PERSON] to harm [PERSON]---ZERO FUCKING SYMPATHY, [PERSON] has nob[PERSON] to blame but [PERSON]  anyone who is prosecuted for lying about rape should be a social pariah, [PERSON] sure as fuck would never even lend them a cup of sugar if they were [PERSON] (or even phone the [ORG] if their [LOCATION] was on fire)"
REDDIT50_588,45,0,"They tend to be projecting Like the [ORG] of yore   ""All men want to rape women"" translates to ""[PERSON] think about raping every [PERSON] I meet, so every man must think the same""  Is the feminist equivalent of  ""[ORG] want to destroy traditional marraige"" Spoken by the [US_PASSPORT], while he's off fucking [PERSON] the pool boy and dreading his wife finding out and divorcing him."
REDDIT50_589,47,0,"so take that shit to court if the [ORG] want to arrest [PERSON], theres not a damn thing [PERSON] can do about no need to tack on resisting as well because THAT will happen these [PERSON] [DATE_TIME] think that that [LOCATION] is indeed the [LOCATION] NO It is the [ORG]  only [PERSON] resist arrest  [PERSON] was wrongly arrested [DATE_TIME] for public intox they had the wrong [PERSON] but because [PERSON] didnt resist and the fact that [PERSON] was in the right, the charges were dropped"
REDDIT50_590,47,0,uhh ohh...looks like ive got a [PERSON]..........
REDDIT50_591,17,0,"If [PERSON] start calling a [PERSON] names in *any* sport [PERSON] could easily get thrown out of the game right then an there In [ORG] the [PERSON] might call [PERSON] a [PERSON], *then* throw you out."
REDDIT50_592,17,0,"This is exactly how I would have expected [PERSON] to go  ""Your a blind piece of shit, [PERSON]!""  ""Oi cunt, what color is this card?"" *throws card in air*  ""Fuck!"""
REDDIT50_593,9,0,"Given the spate of blatantly false allegations of rape and sexual assault, the [ORG] which turned out to be virtue signaling at it's 'finest', the demonstrably bogus 'studies' which try to claim that the [LOCATION] is a rape culture, and the pathetic devaluing of the term 'rape' by these [ORG] .. it's not surprising that [PERSON] are starting to be desensitised  Which is going to be very rough for the real victims of rape."
REDDIT50_594,31,0,"[PERSON] at this point and honestly, why should [PERSON]? [PERSON]'ve proven time and time again [PERSON] don't care about truth."
REDDIT50_595,12,0,"Holy shit [PERSON], [PERSON]'re the reason women are allowed to use the [US_PASSPORT] in the first place  Look at how hard [PERSON]'re trying to defend this [PERSON] just because [PERSON]'s a [PERSON].."
REDDIT50_596,12,0,"Keep pussy pandering, [PERSON]  I'm sure it will get you real far in life."
REDDIT50_597,12,0,"[PERSON] have a whole room of [PERSON] disagreeing with [PERSON]  But yes, [PERSON]'m the dumbass  Keep telling yourself that, [PERSON]."
REDDIT50_598,17,0,"Blame the [ORG] Not the [PERSON] lizard people, people who actually embrace leftism and globalism (used to be called internationalism) as an ideology They're pretty open on boarders and against nationalism as part of the ideological framework As such, their *purpose* is to export their garbage to the [LOCATION]  Don't let them in   We'll try and contain them from inside Might I suggest building a wall?"
REDDIT50_599,3,0,No!
REDDIT50_600,0,0,"Ok wait, the design is disturbing, but [PERSON]'m really getting caught on all the references to this [PERSON] ""making stuff"" Is [PERSON] supposed to be some sort of [PERSON] that just fashions tools out of random junk or something? Either way putting that on the drawing just sounds mildly lazy and retarded..."
REDDIT50_601,40,0,"> [PERSON] have all just made [ORG] a nationally recognized brand  Oh, yeah  > As the home of free speech online  No, [PERSON]; they turned on the cannons they've been building since [NUMBER] and made [PERSON] more toxic than a urinal cake in [LOCATION]."
REDDIT50_602,31,0,>bullying [PERSON]  Like him and his feminist gf did to the shooter?
REDDIT50_603,40,0,"I don't think [PERSON] was involved with [PERSON], actually [PERSON] did bully him, though."
REDDIT50_604,18,0,"i thought the issue was that [PERSON] felt [PERSON] was ""demonic garbage"" ie made the censorship arbitrary and subjective  [PERSON] would have been more forgiving if it was due to the legality of (completely fictional) [CRYPTO] and/or the lesser evil to keep [ORG] from having an easy target  but it went feels-over-reals which is the most hated aspect of [ORG]."
REDDIT50_605,18,0,[PERSON] thought the legality bit was a backtrack.
REDDIT50_606,40,0,\\>unnecessary derogatory comment   \\>retarded loli loving shitheads  Plenty of people think [PERSON]'re a shithead because [PERSON] post [LOCATION]; should we ban [PERSON] from [LOCATION]?
REDDIT50_607,41,0,Going by his logic: yes.
REDDIT50_608,40,0,"[PERSON], [PERSON]."
REDDIT50_609,3,1,What's the chances [PERSON] even knew what [ORG] was before this [PERSON] brought it up just now?
REDDIT50_610,17,0,"Honestly, no It's the opposite   First, [PERSON] doesn't hate women  Second, hating women in anything but a comedic shtick is not okay in [LOCATION] If you were to literally say something like an angry anti-w[PERSON] rant at [LOCATION] or in public, [PERSON]'d be condemned   ""Women are stupid fucking whores that are only interested in [CRYPTO] I never want to be with any scum bag FEEEEEMALES, the fucking cunts.""  Saying shit like that will get [PERSON] both mocked by women and insulted and condemned by men    Third, hating men is not only perfectly acceptable, it's practically *expected* for women to think ""Men are pigs."" Men are dogs."" ""All men cheat."" I shouldn't even have to bring up the talk show segment when [PERSON], her co-hosts, and her audience were all laughing at a [PERSON] who had his penis cut off by his wife All while [PERSON] rationalizes it  I've never seen *any* public commentary where men laughed at the idea of a [PERSON] having her breasts cut off, or being violently vaginally sodomized, was considered hilarious and rationalized by men on [ORG]   The closest [PERSON]'ve ever heard to anything like that, was by a [ORG] during the American Revolution reporting on a brutal small scale massacre that [ORG] had done to a [ORG] that supported the revolution It was described as an utterly barbaric and horrific atrocity."
REDDIT50_611,29,0,"Mugshot review:   Pros: white, young, [PERSON], does not fit mental picture of an [PERSON], watery eyes make you look like you want to cry but are brave, blushed cheeks for shame    Cons: roots and clothes ruin the clean and wholesome chance, having one nostril twice the size of the other makes me suspicious    Rating: [DATE_TIME] Advice: get beat up in holding Even if the [ORG] knows it wasnt [PERSON] t[PERSON] will have a harder time seeing [PERSON] win a fight with a fat lip and racoon eyes."
REDDIT50_612,44,1,Can [PERSON] lick [PERSON] back into service? [PERSON]  may need a [PERSON].
REDDIT50_613,29,0,That and [DATE_TIME] NOBODY WOULD LISTEN!
REDDIT50_614,44,1,[PERSON] wanna podcast with this [PERSON] YOU ARE ALL WELCOME   [PERSON] made a discord too Let's do trans ops.
REDDIT50_615,44,0,If [LOCATION] i will steal [PERSON] from [PERSON].
REDDIT50_616,44,0,Drag violently*
REDDIT50_617,44,0,Oh no ur fat?
REDDIT50_618,44,0,[PERSON] up my spine.
REDDIT50_619,9,1,[ORG]?  Absolutely! Purge the .. ummm ..
REDDIT50_620,45,0,"[URL] 4chan beat you to it, and the result was amazing"
REDDIT50_621,2,0,"> [NUMBER] tweets a month? Are you SHITTING me  Don't forget that is on top of likely 1000s of texts and [ORG] messages, and likely [PERSON] and [PERSON] as well  Literal social media addiction."
REDDIT50_622,13,0,At this point it feels like its [ORG].
REDDIT50_623,41,1,"\\>""you guys suck!""  \\>am [PERSON] the cunt? no, surely it's the [ORG] who are cunts and not [PERSON]!"
REDDIT50_624,24,1,"If you mean ""this sub exists because the people who circlejerk here are all borderline retarded illiterates"" then you have a point  [PERSON] you people are just dumb and uneducated about everything."
REDDIT50_625,47,0,"ohh noesssss...   [PERSON] realize [PERSON] will be banning [PERSON] for commenting here, right?"
REDDIT50_626,27,0,"[PERSON] forgot to capitalize the word [PERSON], smarty pants."
REDDIT50_627,9,1,"That's easy [PERSON] stupid twats:  It **can't** be fixed   These people aren't assholes because they are men, they are assholes because they are assholes The same way women (like [PERSON], specifically, [PERSON]) are assholes  Believe me, if [PERSON] could fix [PERSON], [PERSON] would Because [PERSON] are all really fed up with your shit."
REDDIT50_628,28,0,"[Yeah, not at all easy to find people writing that exact bullshit.]([URL]"
REDDIT50_629,28,0,"[PERSON], look at [PERSON] moving those goalposts.. so cute  ""No [PERSON] does a thing!""  [PERSON] show just that  ""Well.. um.. [PERSON] mean they don't count because reasons""   Try harder, [PERSON]'re not good at this."
REDDIT50_630,45,0,> special olympic-tier debate skills  That's just insulting to the [ORG] I'm sure they work very hard on their strategies
REDDIT50_631,42,1,"""[PERSON]"" has become the PC ""faggot"" They wouldn't dream of shaming a [PERSON] for being homosexual, and it's [DATE_TIME], so most guys aren't bothered by it anyway It's used in the same way, to sexually sham[PERSON], and it doesn't matter if it's true It tries to turn any argument [PERSON] have into one about whether [PERSON] are an incel"
REDDIT50_632,42,0,"There is definitely an overlap All three terms attack the [PERSON]'s masculinity, by the standards of the one using the insult, and all three just highlight their own immaturity."
REDDIT50_633,13,0,"[PERSON] only use the word cuck when its legitimately a cuck  Dont forget it has actual meaning, like ""racist"" or ""Neo-Nazi"" Its just overused and applied wrong"
REDDIT50_634,12,1,"Oh look, [PERSON] learning a lesson every [PERSON] learns when [PERSON]'s fucking 6.... [PERSON], kick her again just to be sure [PERSON] gets the point..."
REDDIT50_635,47,0,ohhhh nooeessss
REDDIT50_636,47,1,"[PERSON], we thoroughly vet our [ORG] there are no incels [LOCATION] and if there are, usually get spotted very easily and receive tons of downvotes  really the [LOCATION] is over saturated with incel insu[PERSON] and as a result, aren't worth anything anymore we are requesting that [PERSON] replace those dogs cunts [PERSON] call brains and keep trying for some originality   [PERSON] can do it [PERSON] believe in [PERSON]"
REDDIT50_637,47,0,come on...we talked about this Youre not trying
REDDIT50_638,25,1,What a bunch of chundering cunt bags.
REDDIT50_639,30,0,"There's something hilarious about [PERSON] projecting their flaws onto others [ORG] or [ORG]\\*, it doesn't matter I love it when they call others closed-minded while the [PERSON] sticks their fingers in their ears  Incidentally, [PERSON] blocked literally every single person in the notes who questioned them, and everyone who reblogged from them,  [including a [PERSON] who asked politely]([URL] There's about 7 displayed notes on a post with 75  \\* But [PERSON] repeat myself."
REDDIT50_640,35,1,"[PERSON] don’t hate feminists, because most of them are retarded  [PERSON] hate feminism."
REDDIT50_641,35,1,"Shut the fuck up, vagina."
REDDIT50_642,6,0,"Nothing screams ""im guilty of something"" more than all that stuff [PERSON] mentioned."
REDDIT50_643,6,0,They can keep tabs on [PERSON] though  [PERSON]'d much rather not have a [ORG] actively snooping into my shit..
REDDIT50_644,17,1,Who the fuck is *[ORG]*?  [PERSON] didn't do shit  >[PERSON] am LOSING MY MIND IN HATRED for white men .. [PERSON] swear to G-d [ORG] have more freedom in [LOCATION] .. [PERSON] CANNOT BELIEVE [PERSON] am rearing a PRIVILEGED WHITE AMERICAN [PERSON] in this shit  [PERSON]'ve been there [PERSON]'re retarded Give your [PERSON] up for adoption so [PERSON] can live in a [LOCATION] where's [PERSON]'s not abused
REDDIT50_645,5,0,"[PERSON] think [PERSON] did a great job of writing that [PERSON] [PERSON] too real after knowing way too many woke lesbians who are psychologically abusive, but somehow still attract sweet and caring girls like the [PERSON]."
REDDIT50_646,35,1,"Aw, you mad [PERSON] wants to fuck you, [PERSON]? It’s okay [PERSON] can be a [ORG] someday [PERSON] up and all that."
REDDIT50_647,47,0,The problem is that the rules are arbitrarily set [PERSON] is another's prince   Replace that dog's cunt you call a brain and try again.
REDDIT50_648,47,0,"I'm sorry, [PERSON] I really am I didn't realize that [PERSON] left a hole in your heart only dicks can fill  I'll be better."
REDDIT50_649,10,0,Campaign to remove [PERSON] from all [ORG] games when? I mean he's a racist stereotype of [NRP] and all.
REDDIT50_650,34,0,"[PERSON]'s a mouthy, entitled brat  But the force used there was excessive  Come on, guys  I'm not even gonna say [PERSON] didn't deserve it, [PERSON] kinda did  Nevertheless, that's excessive force."
REDDIT50_651,34,0,[PERSON] didn't say it was an 'unlawful arrest'.
REDDIT50_652,34,0,[PERSON] never said the arrest should be optional.
REDDIT50_653,34,0,"Ok, now we're having a discussion, good  No, [PERSON] don't  Are [ORG] trained to perform this body slam against a [PERSON] who poses no threat to the [PERSON], but is interfering with an arrest/investigation?"
REDDIT50_654,34,0,"[PERSON] was injured, as evidenced by the interviews [PERSON] gave and the photos that were taken post\\-arrest  [PERSON] can be a threat, of course, but [PERSON]'s not posing a clear and immediate threat to the [PERSON]  Could [PERSON] provide some sources which back up your assertion that [ORG] are trained to body slam [PERSON] who are interfering with investigations?"
REDDIT50_655,34,0,"[PERSON] agree with most of that  Not trying to white knight, lol."
REDDIT50_656,34,0,"The takedown in the clip is nothing like what happened to the [PERSON]  She slammed face first into the [LOCATION], while the video shows the [PERSON] bringing the [PERSON] down to the [LOCATION] through pressure on his arm  Resisting arrest is not clear and present danger  [PERSON] didn't say [PERSON] face was broken, [PERSON] said [PERSON] was injured."
REDDIT50_657,46,1,"100% agree  Art can be both political *and* beautiful [PERSON] know an [PERSON] with [ORG], and his [ORG] is 24/7 progressive retardation But he's a damn fine artist, and [PERSON] enjoy looking at his work even if it's all in service of politics [PERSON] despise  That's the odd rub here, isn't it? If [ORG] really wanted to drive home their points, they'd do a better job of actually creating their content With enough quality, their games would become undeniable - and then their ideas might follow  Of course, if [PERSON] were talented, [PERSON] wouldn't be the resentful [NRP] they are."
REDDIT50_658,11,0,"[PERSON]'s 29  [PERSON]'s a moron  Of course [PERSON] supported all those things, [PERSON] won't be able to do any of them  So it's easy to support because it'll never happen  Millenials, no offense, being fucking morons, actually are dumb enough to think a [PERSON] can keep a single promise  [ORG]?  free college?  ""Affordable"" houses?  So I guess there's another [MONEY] trillion available?  The [ORG] will [PERSON] [PERSON], the [PERSON] will veto it, even if [PERSON] could get a large portion of [NRP] to support it  Nothing will happen along those lines"
REDDIT50_659,42,1,"This post is shit It is a shitpost [ORG] uplifting news? Really? Are you high, [PERSON]? No [US_PASSPORT] was claimed, and none was denied He specifically said he was giving the [PERSON] the benefit of the doubt, that [PERSON] may have purchased his truck not knowing it was stolen, and [PERSON] call it a [US_PASSPORT] Are you high and retarded?"
REDDIT50_660,42,0,"""Put out a wanted ad""? What century is this? Where do you live that this is a thing? ""Wanted: [PERSON] - reward [MONEY] - dead or alive"""
REDDIT50_661,42,0,"That would be even worse [PERSON]'s not a judge, to be putting warrants out on people I don't think [PERSON] spends too much time in reality."
REDDIT50_662,42,0,">If a [PERSON] had shown up in that picture do you think [PERSON] would've had such a benevolent attitude towards the whole thing?  Maybe Maybe not It doesn't matter what I think What evidence is there of a pussy[US_PASSPORT]?  It's a [ORG] They ran the story because it's uplifting news [PERSON]'s a good guy, and [PERSON] hopes the driver in the picture isn't a thief He just wants his truck back It's not a pussypass I know how badly you want it to be, but it just isn't."
REDDIT50_663,15,0,"It's a shame that argument works for [PERSON] If [PERSON] were raped, [PERSON] would not be afraid of there being evidence of [PERSON] lying about it At worst, [PERSON] couldn't prove it happened and that's it So they get ""away"" with it  That's just a reality of rape cases But it's very, very, very unlikely that [PERSON]'d ever find yourself actually raped and then have tons of evidence that could prove (at a criminal level) that [PERSON] made it up entirely, to the point [PERSON] can be prosecuted  There's a more ""reasonable"", but still not great argument of ""but that will make liars never come forward!"" Meaning, [PERSON] who have been in prison for [DATE_TIME] and are only freed after a [PERSON] comes clean about having lied about it and feels guilty.. would remain in prison for the full sentence And never have their innocence known (not that it helps that much anyway; your life is still ruined, [PERSON] can't get that time back and the sentence will still follow you around)  There are few exceptions where it's understandable that they lie, there was a [PERSON] who was raped by a [PERSON] as a [PERSON], and that [PERSON] threatened to kill [PERSON] and her family if [PERSON] pinned it on him I forget the specifics, but [PERSON] blamed another [PERSON] ([PERSON] believe the actual [PERSON] was part of why [PERSON] accused him) And the innocent [PERSON] was found guilty And many, [DATE_TIME] [PERSON] finally comes clean about the situation So the [PERSON] was freed   You can understand why a young gi[PERSON] would lie when [PERSON] is threatening her life It's still horrible that an [PERSON]'s life was ruined forever But would [PERSON] come forward if [PERSON] would be thrown in prison for lying? Should [PERSON] be?  That's a valid argument to start having But the whole ""oh well they'll prove you're lying"" as a [PERSON] is just a silly argument  I think the most reasonable solution to the problem [PERSON] mentioned is to basically give a clean slate for any [PERSON] who have lied and gotten men put in prison So they can come forward without punishment But, moving forward, it's actually enforced if you're proven to be lying   Since [PERSON] do think if women came forward about lying, and [PERSON] were thrown in prison for it.. [PERSON] wouldn't come forward at all But we can't just let this continue how it is either Relying on guilt after sometimes *decades* to finally get some honesty going   There was one [PERSON] who was convicted and [PERSON] died while he was locked away And the [PERSON] had lied about it, and when he was freed [PERSON] was torn up because [PERSON] died thinking that [PERSON] was a rapist It's just awful   Nobody said rape cases were simple though They're the most difficult things to deal with Which is why it's always full of so many problems."
REDDIT50_664,15,0,"Except that won't apply to men in [ORG] right now over lies And the women who would feel guilty enough to finally come forward about it [DATE_TIME], [DATE_TIME], later  Court time was ""wasted"" [DATE_TIME] There's no reason for [PERSON] to bother if [PERSON]'s going to face punishment Other than to get over [PERSON] guilty feelings, but it's already rare and takes women ages to feel bad enough that they ruined an [PERSON]'s life as it is   During trial or investigation is a completely different situation than coming clean [DATE_TIME] after it's all over and [PERSON] got away with lying already"
REDDIT50_665,15,0,"In that event, the only reason that it's found out to be false is through admission after guilt eats away at a [PERSON] If that [PERSON] were going to be punished, would their fear of that punishment allow them to come forward and elevate that guilt?  Probably not So the [PERSON] in [LOCATION] will continue to rot away in [LOCATION], and their [PERSON] will never be known at all To whatever degree it even allows  It's not a pretty situation There's never going to be one Just as rape victims have to accept that sometimes [PERSON] will get away with it because of lack of evidence Rape is the ugliest crime to deal with in the [ORG] for a reason It's a mess, and will always be a mess  There's no solution to the mess We can only do the lesser of the evils when [PERSON] decide what that is   [PERSON] was going to say that in a [LOCATION] [PERSON] would come forward and face the punishment for their crimes, but that's retarded They wouldn't commit the crime at all in a [LOCATION] So [PERSON] can't even get into that situation   [PERSON] aren't going to willingly come forward and face punishment We live in a [LOCATION] where [PERSON] rape, and [PERSON] lie about rape [PERSON] can't ignore that just because you want to punish every[ORG] who does the bad things   Yeah, that would be nice if [PERSON] could just punish [PERSON] But [PERSON] can't, because if there were a punishment Those [PERSON] who lied about being raped would probably nev[PERSON] admit they lied Since [PERSON]'d be punished   Stop thinking so black and white It's ignorant"
REDDIT50_666,9,0,"[PERSON] started replying trying the whole mixed case thing, but [PERSON]'ve never been very good at that   Let's face it - if [PERSON] is snowflake enough that they get their ego dented by mixed case posts, then it's not surprising that [PERSON] are stupid enough to think that shit is ableist and classist  Either way .. [PERSON] are probably beyond help."
REDDIT50_667,9,0,"It's not that surprising really [PERSON]'ve known some brilliant scientists who were, at [DATE_TIME], sadly childish outside of their own field  It's why otherwise intelligent people can sit in [ORG] and think Marxism is a great idea even when history has proved conclusively that it results in [ORG]."
REDDIT50_668,36,0,"Of those three. the [ORG] is probably more of an authority, having done [MEDICAL_LICENSE], and then more on top   But yeah [PERSON] is good at landing planes in [LOCATION]. doesn't make him a political genius And don't even get me started on [ORG]."
REDDIT50_669,36,0,"Because they want to agree with their idols And now they can, via [PERSON]   Follow [PERSON]'s feed He's a frothing, world gonna end, [PERSON] is a genius nutter. rants about the rich. seriously dude?"
REDDIT50_670,22,1,Fuck you racist cunt
REDDIT50_671,20,0,Having a pair of functional eyes is racist?  Interesting.
REDDIT50_672,20,1,"No, [PERSON] am not racist  [PERSON] just have a pair of eyes  Try riding the [ORG] in an [LOCATION] sometime  They scream and dance like rabid baboons, while all the white, [NRP], and [NRP] people sit still in a calm and respectful manner  It’s just a fact of life  No amount of your shaming language is going to make [PERSON] deny what we [PERSON] see on a [DATE_TIME] basis with my own two eyes."
REDDIT50_673,20,0,FAKE NEWS
REDDIT50_674,20,0,Nope 👎
REDDIT50_675,20,1,[PERSON] is getting downvoted? Don’t cry into your soy milk too hard faggot 🤣
REDDIT50_676,20,0,😢🥛   Sounds like [PERSON]’re still crying into your soy milk! Hilarious! 🤣  How long can [PERSON] stay triggered anyway? 😂
REDDIT50_677,33,0,"[PERSON] shouldn't go around giving other artists advice considering how bad he is, but if he spent half the time he wastes posting bullshit on [ORG], doing is job, maybe he wouldn't also be missing his deadlines every time."
REDDIT50_678,33,0,"Art is subjective so it makes perfectly sense that [PERSON] and probably a lot other people do  But [PERSON] is generally known as a bad artist who can only draw one face with pretty much the same hairstyle, w[PERSON]'s also slow and unreliable, leading to have his books postponed pretty often."
REDDIT50_679,7,0,"[PERSON]'s not so much ""die in a fire"", as [PERSON] is ""Oh dear, [PERSON]'s retarded."""
REDDIT50_680,29,1,"Ok all their retarted allegations aside, how do you sue [ORG] for workplace sexual harassment? It's an app, it is YOUR car Unless they mean in [ORG] corporate, still probably horseshit."
REDDIT50_681,22,0,[PERSON] and [PERSON] fucking lists and facts  Tired of them so [PERSON] have given [PERSON] flair [PERSON] are not going to like it.
REDDIT50_682,38,0,"[PERSON] I hate most of the [ORG] userbase [PERSON] The lot of you dumb as shit sometimes, and [PERSON]'m frankly embarrassed to have even a single view in common with you idiots If [PERSON] had the same views as many of you, [PERSON]'d either move or kill myself  **That's how [PERSON] know [PERSON]'m not just circlejerking in some ideological bubble.**  [PERSON] also guarantee that at least some of the [PERSON] that would recognize [PERSON] name on [LOCATION] do so because they think [PERSON]'m dumb as a sack of rocks and as close to a SJW as you can get while still being on this [ORG] every day  [PERSON]'m pretty lucky that [PERSON] don't actually hate people as much as others do [PERSON] are legit ""genocide now"" tier mad sometimes and [PERSON]'m like ""we literally only have first world problems Cool your shit"" [PERSON] also don't get mad while driving, which is apparently a superpower Like, what's getting mad going to do?"
REDDIT50_683,38,1,"[PERSON] thought that was obvious hyperbole, but in general the feeling is ""Oh hey is this the free speech rally? Look guys, [PERSON] made a cool sign! .. And yours has a swastika on it.. guess [PERSON]'m in the right place..."" [PERSON]'ve seen people playing the same ""no bad tactics, only bad targets"" game, for example defending [PERSON] at [LOCATION], but forming an angry ""fire the racist"" mob for [PERSON] or [PERSON] ([PERSON]'s firing being most clearly unconstitutional, and her retardation being so obvious that nobody would *really* defend her as a person)  We've also covered various really weird sex + gender stuff that's come up, which brings out a lot of [PERSON] that not only don't accept the modern scientific understanding that sex and gender are different, but won't even allow its use as a rhetorical concept in the same way [PERSON] might talk about ""[PERSON] wants X but [PERSON] wants Y"" Clearly, nobody is thinking with their heart or soul, but it is useful for conveying complex situations or  emotions The widespread denial of ""gender"" on this sub is kind of ridiculous and a good [DATE_TIME] behind scientific research It's like being side-by-side with a bunch of [ORG] when protesting the launch of an orbital dea[PERSON] We happen to be on the same side for this issue, but it's embarrassing to be seen in public with those nutters (and yes, they are very vocal about how [PERSON]'m a dirty [PERSON] for believing in the made-up concept of gender, and how they're embarrassed to be sharing this space with me)  [PERSON] used to describe [ORG] as being fundamentally made up of two categories of people: [PERSON] defending video games, and [PERSON] attacking [ORG] By now that's kind of a dated analogy, but it might also be useful for understanding the way [PERSON] see things   The main focus of my post was only tangential to [PERSON]'s I'm saying that for [PERSON], being here is not really as much of an ideological bubble as it is for some of [PERSON], and my presence is probably doing the same for [PERSON] In [LOCATION], [PERSON] am generally surrounded by [PERSON] that have a lot of my same beliefs The main problem [PERSON] have [LOCATION] is that some of my friends are [PERSON] [ORG] and I am completely unsuccessful in explaining how ridiculously racist they are."
REDDIT50_684,40,0,Their [ORG] moved from [LOCATION] to [LOCATION].
REDDIT50_685,25,0,It was a mistake to give regenerating cakes to [PERSON].
REDDIT50_686,41,1,"[PERSON] is great once you realize she's right, she's a giant cunt, and the series is making her *look* like a giant cunt  Either they're intentionally showing her to be a giant bitch, or they think they're making her into the hero and they're horribly failing  The bad part about [PERSON] being right is that [PERSON] looks worse by comparison, which really shows how weak of a character they made him He's more [PERSON] than [PERSON], prince of darkness."
REDDIT50_687,25,1,"[PERSON] believe [PERSON] did use that term several times It set off my warning bells Not enough to turn it off, but [PERSON] felt they could have written more subtle and less on the rag vampire feminist  Also could have had [PERSON] less of a whiny stereotypical viking  For one I felt how he got offed was crap, that it would have been better if he was all bluster, bumblefucked into the trio, then ran like a bitch leaving other vampires to die like a coward then [PERSON], or [PERSON] to tear him apart as punishment."
REDDIT50_688,39,0,[ORG] are definitely leftists They're just not quite as extreme as [PERSON]
REDDIT50_689,39,0,[PERSON]'m fully aware what [ORG] actually is [PERSON] think [PERSON] may not be however
REDDIT50_690,39,0,The [ORG] is only slightly left if [PERSON]'re tonguing [PERSON]'s behind Thanks for revealing where you stand
REDDIT50_691,39,0,>reactionary
REDDIT50_692,5,1,"[PERSON] really wish that [PERSON] noticed when [PERSON]'m being charitable in a discussion/argument, but [PERSON] usually just use that as an opportunity to strawman [PERSON] more  Typically: ""Aha so [PERSON] see that [PERSON]'m not 100% wrong, therefore [PERSON] are 100% wrong and [PERSON]'m 100% right and your ideas are basically (insert ridiculous idea [PERSON] never brought up)""  Then [PERSON] just get annoyed and call them a retard [PERSON]."
REDDIT50_693,5,0,[PERSON] think that's a terrible way to communicate [PERSON] need to be concise if [PERSON] want to maximize your effect.
REDDIT50_694,29,1,"[PERSON] know, and that is why it is so sad It's not like [PERSON] collects diamonds [PERSON] just wants his happiness Fuck that cunt."
REDDIT50_695,33,0,"To be honest, the [ORG] are loud, but not that big in numbers, so the brigading would be barely perceivable anyway  But they will screech at [PERSON] volume on [LOCATION] anyway."
REDDIT50_696,12,0,White western women are so privileged they think sunglasses are oppressive...  This is the current state of women...
REDDIT50_697,12,1,"[PERSON], actually  Go be a white knight faggot [LOCATION], [PERSON]."
REDDIT50_698,12,0,"No, [PERSON]'re white knighting because [PERSON] said something true about women, and [PERSON] get upset about it just because it pertains to women  Thus, [PERSON]'re a white knight."
REDDIT50_699,4,0,"TL;DR - they found one [PERSON] whose [PERSON] claims that the [NRP] got into him over voice chat on CS:GO Also that bloviating ex-nazi [PERSON], who just claims that he knows this is happening without offering any proof  Related:  [URL]  Edit:  [ORG] are having their [DATE_TIME] hate over this Bet this hits 40 pages  [URL]"
REDDIT50_700,4,1,"Yah, [PERSON] just don't buy [ORG] trying to redpill [PERSON] over the headset while playing an FPS..  [PERSON] shouting 'nigger', sure - but that's not the same thing  If you want to find [NRP] on the [LOCATION], they're not exactly hiding This seems really far-fetched  Edit:  Anyway - if [PERSON] is trying this, then [PERSON] really need to be watching what their [PERSON] get up to on the internet Can't expect [ORG] to do that for you."
REDDIT50_701,5,0,"As [PERSON] saw [PERSON] teabag the opponent, [PERSON] realized the glory of the [ORG]."
REDDIT50_702,2,1,Yeah that's some really specific stereotypical [NRP] interests Almost perfectly  Next he will come out as an [ORG] because a girl named [PERSON] refused to leave [PERSON] for him because she is a whore who doesn't appreciate nice guys.
REDDIT50_703,4,0,"Easier for [PERSON] to explain to [PERSON] that the [NRP] got into his head via vidya, rather than 'I was voluntarily reading [ORG]'..."
REDDIT50_704,2,1,"Another reason why these narratives are so dangerous They are self sustaining once they reach cultural levels  Its why so many women claim to have been slipped a ""date rape drug"" when all evidence says [PERSON] barely exist (and generally its because [PERSON] just blacked out drinking) But its such an easy fall back excuse that [PERSON] will claim it, because [PERSON] believes it, because [PERSON] claims it."
REDDIT50_705,4,0,"Yeah, watch [PERSON] who are unfamiliar with gaming suck this right up, spurred on by the usual [PERSON] with axes to grind - followed by calls to ban all the things."
REDDIT50_706,28,0,"> Easier for [PERSON] to explain to [PERSON] that the [NRP] got into his head via vidya, rather than 'I was voluntarily reading [ORG]'..  [URL]"
REDDIT50_707,28,0,"[PERSON]'re a [PERSON] with a intended topic   [PERSON] are also a [PERSON] that became a [LOCATION] where a lot of people decided was the best place to put a ""this [PERSON] banned me for being a douchecanoe"", or ""something unrelated and completely unimportant to [PERSON] happened on another sub""   So, as [PERSON] pointed out in this post, if it affects [ORG] or is an official change it's fair game But until then it's not."
REDDIT50_708,28,0,"> [ORG] is banning entire subs for wrong think   Well I'm sure [PERSON]'ve adequate proof of that concept, right?   > How are we going to discuss that here 'when it affects us' if the effect it has on us is our removal?  So, [PERSON] think a better idea is to.. what? Make some assumptions and freak out thinking that [PERSON]'re next?   Because in the end there's a lot of assumptions [PERSON] seem to want to make and to this point [PERSON]'ve not seen proof of."
REDDIT50_709,28,0,"> How hard is it just to not delete posts?  Easy as can be  And that's the request we get damned near every time [PERSON] thinks their 'amazing post' is something that EVERYONE needs to see ""Oh please it got up votes and [PERSON] think it's important so it should ignore the rules because reasons."""
REDDIT50_710,28,0,"Dawwww, seems your butthurt is overflowing [PERSON]  Show us on the doll where the bad mods touched you."
REDDIT50_711,28,0,"Oh no, some [PERSON] doesn't like me.. whatever shall I do."
REDDIT50_712,28,0,"It seems [PERSON] didn't understand the [LOCATION] so [PERSON]'ll try to put it another way  [PERSON]'ve got an opinion!  And [PERSON] don't care that [PERSON] do or what it is  [PERSON]'m also not going to do what some [PERSON] who's [PERSON] [PERSON] don't recognize says [PERSON] should  So feel free to send [EMAIL] explaining why [PERSON] should be removed, or don't [PERSON]'ll sleep fine either way"
REDDIT50_713,28,0,[PERSON] must be very proud to have two opinions  Both of which [PERSON] don't care about.
REDDIT50_714,28,0,"Up to three opinions, big day for [ORG]."
REDDIT50_715,39,0,"Welcome to the [LOCATION], [ORG]!"
REDDIT50_716,40,0,"Nah, the rest of the [LOCATION]'s reaction to [PERSON] working there wasn't ""get the fuck out"", it was ""WHO WANTS CITIZENSHIP?"""
REDDIT50_717,39,0,"It was ""Get the fuck out"" for a long time Then the social conditioning finally took root and now [PERSON] is a [PERSON]"
REDDIT50_718,40,0,[PERSON] feel like there wasn't actually strong initial opposition in the [LOCATION] because [PERSON] had no idea how bad it would be The [ORG] openly gave them [US_PASSPORT] and the future [ORG] were crowing on about cheap labor for their [ORG].
REDDIT50_719,39,0,"There was lots of resistance in the [LOCATION] in [DATE_TIME] and [DATE_TIME] In [DATE_TIME] they made that statue of liberty plaque, made plays describing [LOCATION] as a melting pot Heck they changed [LOCATION] from ""A [ORG]"" to ""[ORG]"" to get the pill down the first time In [NUMBER] it was only allowed because they assured the native populace it wouldn't drastically alter the demographics  [PERSON] can't speak for [LOCATION]"
REDDIT50_720,40,0,"[PERSON]'m talking about post [NUMBER], which was a very different animal than any migration before it."
REDDIT50_721,39,0,"post [NUMBER] they had completely won the culture war Thus my statement ""Then the social conditioning finally took root and now anyone that cares is a [PERSON]"""
REDDIT50_722,40,0,"\\>[LOCATION]: ""oh, no, the people we microchip stay in a bit too long before we toss 'em""  \\>[LOCATION]: ""AGGGHHHHH HEEEEEELP THEY'RE EATING ME""  That's not even exaggeration; some [PERSON] in the [LOCATION] was literally ground up and made into kebabs like in [PERSON]."
REDDIT50_723,10,0,"Stop using up/downvotes as a meaningful metric  [PERSON] rarely upvote anything, [PERSON] rarely downvote anything [PERSON] do downvote more than [PERSON] upvote, but [PERSON] save it for posts which are obviously baiting or being outright retarded [PERSON]'m pretty sure there are more [PERSON] with similar mindsets to mine."
REDDIT50_724,12,1,"Meanwhile, these same women are shaming every [PERSON] who isn't 6'5  Because putting deodorant on is oppression, but how tall you are is a choice..... Fucking dumb cunts."
REDDIT50_725,40,0,"They hate [PERSON]; [PERSON]'ve been over this many, many times."
REDDIT50_726,32,0,"> Utter nonsense Only [ORG] are batshit crazy, in other countries, liberalism is on the right  As an [CRYPTO], i have some heavy duty doubts about that statement."
REDDIT50_727,32,0,It actualy make sense.
REDDIT50_728,47,1,"that's funny [PERSON]'m not seeing that [PERSON] were subbed here at all   If [PERSON] did unsub, let me take this moment to apologize i am terribly sorry for any disomfort we may have caused [PERSON]   joking, boo Replace that dogs cunt for a brain and try again"
REDDIT50_729,26,1,"""boys and their toys"" sent on a smart phone or computer created by men along the [LOCATION] (created by men) etc etc  this [PERSON] is just an insecure [PERSON] trying to salvage her ego and insecurity at being inadequate by trying to pretend everyone elses success and contributions to [ORG] are purely the fruit of evil greed and [PERSON] is just ""too nice to be successful"""
REDDIT50_730,29,0,No I believe men \\#[PERSON]
REDDIT50_731,47,0,"[PERSON] who attempts to argue that the earnings gap (I refuse to call it a wage gap because it isn't), is due to sexism and discrimination, is attempting to use their sex as a springboard for advancement  It is the truest form of ppd   Shit comment void of any actual cristisizm, just feelings and intuition."
REDDIT50_732,47,0,"the fact that [PERSON] simply hide behind some manipulated data without offering anything of substance is quite telling [PERSON] either have an agenda or are willingly ignorant   your statement is false on the surfac[PERSON] which tells me that [PERSON] have never really argued your point at all it is illegal to pay men and women differently Their wages are the same Their EARNINGS are not they are not conflatable you fucking [PERSON] They mean two completely different things   Earnings constitutes variable such as longer hrs, overtime, bonuses, awards, etc   men work more than women men choose higher paying careers women gravitate to [ORG]   when all the human variables such as free will and choice are accounted for, the gap DISSAPEARS in other words, youre perpetuating a highly unusable, worthless peice of data so [PERSON] can push an anti woman narrative     at least answer me this if [PERSON] dont address anything ive said:   if women got paid less than men, why arent men out of their jobs, being replaced by women? why are men hired at all? its simple [ORG], [PERSON] pay only as much as worth, and by your bullshit claim, women are only worth 75 percent of men thats a lot of money these [ORG] could be saving answer me that [PERSON]"
REDDIT50_733,47,0,"Perhaps a picture will help drive this home  [URL]   As you can see, the actual ""like for like"" gender pay gap in the [LOCATION] is just 0.8%, which is a LOT less than the 19% - 23% that [ORG] are always claiming  The worldwide average figure for the 33 countries covered in this study is 1.6%  Personally, my guess is that last remaining gap is due to women taking more vacation days per year, on average, than men do To my knowledge, there have only been a couple of studies done on this topic Both did find that women took more [DATE_TIME] (even before they had kids), but the size of the difference varied quite a lot More research is needed Vacation time is one of very few personal choices not accounted for in this study, so it likely does contribute to that remaining gap    [URL]"
REDDIT50_734,12,1,Actions speak louder than words  And these [PERSON] love to talk...
REDDIT50_735,30,0,[URL]
REDDIT50_736,43,0,"[PERSON] forgot [PERSON] and how the trailer opens with the [PERSON] talking [PERSON] was a bit shocked that there wasn't more outrage over that  .. Eh, [PERSON]'m sure there was and [PERSON] just missed it."
REDDIT50_737,45,0,"Take it a step further, [URL] looks like the perfect [ORG] trolling target It would be so easy to get them to lose their shit at even pedestrian spicy memes Imagine what will happen when the Habanero spicy memes are brought out"
REDDIT50_738,25,0,Because it stinks?
REDDIT50_739,9,1,These are the same kind of twats who think [ORG] is really *problematic*  By definition they are incapable of 'getting' [US_ITIN] .. it's beyond them They can't even grasp that [PERSON] was **not** a transwoman He was a [ORG].
REDDIT50_740,0,1,"If it's satirical and [PERSON]'re paraphrasing the stupid shit [PERSON] said/wrote, it helps convey that [PERSON] think they might as well have said/written the dumb statement being quoted  It's the written equivalent of listening to [PERSON] say something stupid for [DATE_TIME] and then replying by immitating their voice while replacing their dumb monologue with a single sentence that highlights what you think is retarded with what they said That use of quotes should be especially easy to grasp when it's done as the title of a post on a [ORG] like this one."
REDDIT50_741,9,0,"[PERSON] looked it up  [PERSON] feels that they are 'kin' to  a '[PERSON]' from [ORG]    The upside is that the more bizarre this stuff gets, the more clearly [PERSON] can see how ludicrous it is."
REDDIT50_742,30,0,Being racist against white people isn't an sjw thing?
REDDIT50_743,30,0,"Sorry, bigoted against [NRP] because of colonialism."
REDDIT50_744,30,0,"[PERSON] think the first one was a joke, but the second not so much [PERSON] even checked, and the second one is an SJW."
REDDIT50_745,7,0,"Well, [PERSON]'s not going to be talking to anyone else here, so probably"
REDDIT50_746,7,0,">[PERSON] think [PERSON] deserves a [URL]ke don't overuse his gimmick or something  [PERSON].. [PERSON] legit can't tell if [PERSON]'re serious or just playing around, so [PERSON]'ll just say that if [PERSON] comments in here again [PERSON]'ll be sure to give [PERSON] a stern warning"
REDDIT50_747,7,0,[PERSON] figured [PERSON] just didn't know [PERSON] is perma'd.
REDDIT50_748,19,1,"Yeah, it's clearly labelled on the [LOCATION] it's the [ORG], but the left especially towards [ORG] are a bunch of unfunny cunts no matter how they try."
REDDIT50_749,26,1,i hope the [PERSON] sues [PERSON] and takes them for every fucking dime they have  absolute cunts
REDDIT50_750,47,1,[PERSON]'s a long time [PERSON]    [PERSON] tried to use her gender The only thing needing changing is that dogs cunt you call a brain.
REDDIT50_751,12,1,"[PERSON] really hope [PERSON] kills himself, like now.........  What a fucking soy boy faggot."
REDDIT50_752,9,1,Fascinating  [PERSON]'ve seen several examples in [DATE_TIME] where **women** have lied about being sexually assaulted because they are trying to cover up  [PERSON] recently saw a very high profile example of a [PERSON] lying about sexual assault for political reasons  We've seen a case where [PERSON] in [LOCATION] lied about a [PERSON] sexually assaulting them .. because they didn't like him  [PERSON].
REDDIT50_753,30,0,"> We recently saw a very high profile example of a [PERSON] lying about sexual assault for political reasons >  >   Or at the very least, [PERSON] made a completely unverifiable accusation which [PERSON] never reported to the [ORG], and hundreds of thousands of people believed [PERSON] If not millions   Oh, and [PERSON] made most of a million off of [PERSON] [ORG] before they stopped disclosing."
REDDIT50_754,9,0,"Actually [PERSON] was thinking of the one who has **admitted** that [PERSON] lied  [PERSON] don't find the one [PERSON] are referring to any more credible than the [PERSON] who has come clean about [PERSON] lies, but we can't prove [PERSON] was lying  But as [PERSON] noted, we've seen that [PERSON] has received a great deal for her unfounded and unverified accusations A **lot** of money Hero worship by the regressives."
REDDIT50_755,30,0,"[ORG] who cheerfully bleated ""but women don't profit from false accusations!"" while precisely that was happening."
REDDIT50_756,25,0,"The thing is even if they were shitheads still, if  [PERSON] were honest about things [PERSON] wouldn't mind so much  Unless [PERSON] were hardcore evil in their true state but other than that it's like, ""It's okay [PERSON] only watch this show because of something stupid and don't really understand it, just don't act like [PERSON] do and don't give [PERSON] who appreciate it all the way shit.""   basically don't be a dick constantly."
REDDIT50_757,18,0,"> The thing is even if they were [ORG] still, if they were honest about things [PERSON] wouldn't mind so much  i was meaning to write a topic on that, on if it's the dishonesty rather than just coming into the [LOCATION]  like we're not upset [ORG] came into the [ORG] but that they claimed to have always been geeks despite not knowing anything and treating core elements as stuff that needs to go."
REDDIT50_758,25,1,It's like Say [PERSON] want to play single player [ORG] with a hack for invincibility and shit on [PERSON] don't care I mean [PERSON] don't get the point and would find ti boring but as long as [PERSON] don't use that shit to be a dick to people(at least [PERSON] are playing on the same [LOCATION]) [PERSON] don't care   I mean some would get butt hurt but why care what the [PERSON] who think [PERSON] must do no death runs or [PERSON] don't like the game thinks  Like in back to the future 3 Why the fuck should [PERSON] care what random jackasses think of [PERSON]? Pride is typically a retarded self limiting emotion.
REDDIT50_759,25,1,"[PERSON] mean the **""M WORD?'**  Hearing that [PERSON] call it that made [PERSON] want to smack [PERSON] with a live angry catfish, granted if they are alive they are *always* angry."
REDDIT50_760,5,0,"I'm sure [PERSON] don't mean it this way, but it genuinely sounds like [PERSON]'re supporting suicide here"
REDDIT50_761,5,0,"[PERSON]'m saying that the way [PERSON] stated what [PERSON] did makes it sound like [PERSON]'re celebrating the suicides of ""disgusting"" people [PERSON] am trying to clarify that that isn't the case."
REDDIT50_762,5,0,Because [PERSON] would hope that the [PERSON] [PERSON] associate myself with aren't celebrating the suicide of any group of people  [PERSON] care If [PERSON] don't care then why bother asking?
REDDIT50_763,5,1,This is the [ORG] [PERSON] am most active in [PERSON] get [ORG] in [ORG] bringing up my post history as an argument when [PERSON] say something they don't have a good counterargument for Who are you to tell me what [PERSON]'m associated with or not?
REDDIT50_764,5,0,[PERSON] would know that [PERSON] is a crazy person and so would other people
REDDIT50_765,46,0,It's a perfect metaphor Get over yourself
REDDIT50_766,46,1,"""Woke"" is a broken tense appropriation of urban slang  Also, why should I value what retarded people think?"
REDDIT50_767,25,0,"[PERSON] think [PERSON] finds a grim satisfaction in it, but honestly [PERSON] seems like such a damaged and broken [PERSON] that [PERSON] probably finds little joy in anything of life, [PERSON] probably just has a fire of vengeance in [PERSON] and [PERSON] will go on until [PERSON] kills every last one of them enough to convince [PERSON] [PERSON] wiped them all out(unlikely) or [PERSON] dies in the attempt  [PERSON] have only read some summaries and seen the first episode but honest if [PERSON] were to succeeded at killing every single goblin I think [PERSON]'d probably kill himself, because his purpose is fulfilled and there's nothing in life to keep [PERSON] living it  Honestly if that's how the series ended it would make sense, and probably be more bittersweet than really sad or angering."
REDDIT50_768,39,0,"No, [ORG] have the support of the [ORG], which has been subverted over the course of [DATE_TIME] They've got the only megaphone in the [LOCATION]"
REDDIT50_769,39,0,The [ORG] is incestuously intertwined with the [ORG] [ORG] as well They are literally the most powerful cultural force in [LOCATION] Have been since around the end of the second World War
REDDIT50_770,47,0,"Lowest rape numbers in recorded history All crime across board is record low Yet looking at [ORG], you'd think we were in rape epidemic In fact, those are words [PERSON] hear the most."
REDDIT50_771,47,0,"[Here]([URL] statistics for various crimes committed on a random [LOCATION] over [DATE_TIME] with about ten thousand [PERSON] (click on the [URL] for a table of statistics) On average over [DATE_TIME], there have been 2, that's TWO, rapes reported per year  This is in contrast to the obscene and unceasing hyperbolic panic mongering of [[ORG] of ""[ORG] will be raped before graduation"".]([URL] Even if we assume that the ridiculous myth of ""70% of rapes are unreported"" is true, we'd still be orders of magnitude away from the grossly inflated statistics bandied about by [ORG] being true       [PERSON] have absolutely nothing backing up your metoo claim [PERSON] have anecdotal evidence"
REDDIT50_772,47,0,"And that is awesome Can you decode that poll and see if you can dig up what questions and qualifications count as rape? [PERSON] last time I did, touching someones shoulder or giving [PERSON] a complime[PERSON] did not constitute sexual assault or rape Which is exactly what those debunked and fallacious polls are based off of."
REDDIT50_773,47,0,correct there is no WAGE gap only an EARNINGS gap and that is due to personal choices
REDDIT50_774,47,0,"Absolutely nothing wrong with it at all That is, unless [PERSON] want to force women to work like men or men like women It's only bad news for [PERSON] That pesky free will stuff [PERSON] know."
REDDIT50_775,17,0,"[PERSON] *never* be held accountable to their own laws, this is kind of the way of things This only shows that [PERSON]'s out of favor."
REDDIT50_776,46,0,"[ORG]: voting is the lifeblood of our democracy, so get out and vote!  Also [ORG]: the result of this democratic election is fraudulent!  Also also [ORG]: how dare you attempt to make the voting process more accurate and secure!  The rest of the world would openly mock everything about our retarded voting processes.. if [ORG] were not so invested in the systematic abuse of those processes Virtually every developed nation on the planet has more advanced and secure voting than we do"
REDDIT50_777,26,0,unless its [ORG]  [URL]
REDDIT50_778,33,0,"And that's why 90% of [ORG]'s catalogue struggles to rise above the 10k copies sold per issue  And (sadly) after a great start with Rebirth, now [ORG] is quickly joining up on the shit quality -> shit sales train"
REDDIT50_779,33,1,"Have you seen how fucking retarded he writes [PERSON]? Isn't that enough that [ORG] keeps getting fucked in the ass over and over and over (btw, fuck you [PERSON]), but now we are also on borrowed time 'till [PERSON] decides it's time to take the [PERSON] for a ride and ruin him as well."
REDDIT50_780,33,1,"The first iteration of [PERSON] was him saying 3 times in half a dozen pages ""caca poopoo"" Then it came [PERSON], and in the last issue of Superman he literally had [PERSON] act like a retarded totally depending on [PERSON], while everyone knows that [PERSON]'s intellect pretty much rivals [PERSON]'s"
REDDIT50_781,33,1,"Quite possible, [PERSON] is known for sucking [ORG]' dick and introducing stuff from the adaptations in the comics Just look at how he destroyed [ORG] and among the dozens of things [PERSON] did wrong, [PERSON] also just went from the newly redesigned costumes to the ones from the movie without explanation, from one issue to the next."
REDDIT50_782,46,0,"[PERSON] in any flourishing [ORG] must, necessarily, operate within a morality based upon categorical imperative The [PERSON] largely behaves such that, if [PERSON] behaves in the same manner, then [ORG] will thrive  When a [PERSON] cease to behave as such, [ORG] quickly degenerates Then it must either collapse or be rescued by [PERSON] - and they would face terrible decisions in order to do so  Incidentally, this is why [CRYPTO] is wrong."
REDDIT50_783,12,1,"This is how far gone women are at this point  These [PERSON] literally consent to all of this shit, then they still want to play the victim at [DATE_TIME]  [PERSON] YOU GOT PAID TO GET FUCKED!  SHUT THE FUCK UP!  Fucking worthless [PERSON]...."
REDDIT50_784,4,0,"> [ORG] doxed [ORG] and [ORG] employees over a tweet posted into a politically charged Twitter hashtag, prompting numerous game journalists to join the harassment mob calling for the social me[PERSON] at the [ORG] to be fired   [ORG] also reveals that abuse has been sent to the families of [ORG] employees over this I guess it's okay when they do it It always has been."
REDDIT50_785,4,0,"> [PERSON] got swatted after   The [PERSON] is a notorious troll This is definitely one of those 'proof, or it didn't happen' things  See also - [PERSON] doxed bunch of people and let us carry the blame for it too  [URL]"
REDDIT50_786,12,1,[PERSON]  Should have hit him harder  Looks like him and [PERSON] need a lesson in equality.
REDDIT50_787,39,0,It's too late They're already gay
REDDIT50_788,19,0,"Unfortunately it's not, feminist and hard left ideology is extremely prevalent within the [ORG]."
REDDIT50_789,4,0,[HANDLE] and [HANDLE] got shoutouts  Hi [PERSON]! 🐸🥛👌  While you're reading this - any comments about random [ORG] employees being targeted and harassed by [ORG] garbage humans over this?  [URL]
REDDIT50_790,4,0,"Apparently [PERSON]'s got time to snark at [PERSON], but nothing more Ah well As is life  [URL]"
REDDIT50_791,16,1,"are [PERSON] asking the [PERSON] in the picture because that would be a fun exercise, especially if [PERSON] wasn't white"
REDDIT50_792,31,0,"[ORG], a peer-reviewed journal of women and social work, formally accepted the trio’s hoax paper, “Our Struggle Is My Struggle: Solidarity Feminism as an Intersectional Reply to Neoliberal and Choice Feminism.” **The second portion of the paper is a rewrite of a chapter from “[PERSON].”** [PERSON]’s editors declined to comment  Feminism = [NRP] confirmed?  Can't wait to be sent to the [LOCATION] for being a man   ""[ORG] filthy white males"""
REDDIT50_793,13,0,>**The second portion of the paper is a rewrite of a chapter from “[PERSON].”**  Ahahahahahahahhahaa  Ahahahahahahahahahahhahaha  So [ORG] is actually true AHAHAHAHAHAHAHAHHAHAHA.
REDDIT50_794,12,1,"[PERSON] see [DATE_TIME] on [ORG] still telling everyone they're a college athlete  These cunts have so little personality, they're still riding the ""I played sports in college"" train, [DATE_TIME]....."
REDDIT50_795,22,1,It saddens me when dumb racist cunts like [PERSON] show up in this great sub we have all helped create and think your backwards ass shit will fly here Most of us mods here founded [ORG] which I am sure [PERSON] did not know  There are plenty of places you can go Find somewhere else to be a [PERSON]  [PERSON];
REDDIT50_796,42,0,"The opinion didn't need discrediting; it was clearly a shit opinion It was ""Why am I not surprised"" that [PERSON] who would write that also posts on T_T."
REDDIT50_797,32,1,"> Weren't you guys super pissed that there was a gay rape gag in a comic book the other day?  The one that did this is what we call an [PERSON] because [PERSON] did ""stood up"" againt's ""rape culture"" and ""toxic masculinity"", gamedroping very hard, yet included his little rape thingy into a comic  > now you're pissed that they banned pedo hentai? consistency is not something you guys are good at huh?  [PERSON]'m going to be brutaly honest here, [PERSON] despise loli & lolicon to a vanarium level of strenght, but [PERSON] was **supposed** to be pro free speech, not turning loose againt's it's userbase like [ORG] & [ORG] did, that ain't the same implication at all, they already went back on the most important point of their service for something as trivial as [ORG], what the fuck is going to happen when something actualy [PERSON] will appears?   [PERSON] hope [PERSON] see the difference between a [ORG] that sold itself on free speech starting to censure ""problematic content"" and a [PERSON] being caught on his lies and being pointed out for it."
REDDIT50_798,40,0,> [ORG] want everyone to have fun playing [PERSON] and participating in its community Occasionally some [PERSON] will behave… less than great though  WHY DO THEY ALL SPEAK LIKE KINDERGARTENERS
REDDIT50_799,33,1,"""[ORG] told [PERSON] [PERSON] can't call [PERSON] names so from now on [PERSON] will call them names but in a retarded pseudo cute way"""
REDDIT50_800,9,1,"Or, [PERSON], it might be that whatever [PERSON] **said** in your *vent* post was a complete crock of shit and, if a [PERSON] had said it, would result in a wave of [PERSON] demanding his head"
REDDIT50_801,42,0,"That's what [PERSON] call an [PERSON] [PERSON] verbally abused him for [DATE_TIME], and slapped his head when [PERSON] didn't get the reaction [PERSON] needed, like a [PERSON] needs crack The simple assault wasn't worth knocking [PERSON] the fuck out, so [PERSON] gave [PERSON] a little love tap [PERSON] didn't want to do damage, just let [PERSON] know that getting punched was a thing that could definitely happen to [PERSON]."
REDDIT50_802,47,1,"[PERSON]!  [PERSON]! So I understand you're upset? I'm sorry I really am  I'm just going to have to ask you to replace that dog's cunt you call a brain and come up with some better insults The [ORG] on the incels insult is getting over saturated, over used Since we survive off [PERSON]'s salt, we require creativity  So Come back when [PERSON]'ve got something better Thanks!!"
REDDIT50_803,25,0,Well I just watched the rekila(sp?) law live stream Apparently [PERSON]'s is as much as an insecure twat as [PERSON] and got triggered by [PERSON] calling other people dumb mistaking it as an attack upon himself because he is an insecure twerp.
REDDIT50_804,12,1,[PERSON]'ve had [ORG] message [PERSON] back calling [PERSON] an [PERSON] and talking shit while at the same time muting [PERSON] so [PERSON] can't say anything back  They're just faggot little children who got beat up too much in high school
REDDIT50_805,4,0,"TL;DR - you can kill NPCs in the game, [PERSON] made a troll video"
REDDIT50_806,14,0,"Oh, no, not a troll video Troll video**S** Entire series, ""The Annoying Feminist"" (bit redundant)  [""Red Dead Redemption 2 - Beating Up [PERSON]""]([URL]  [""Red Dead Redemption 2 - Annoying Feminist Gives Up""]([URL]  [""Red Dead Redemption 2 - Annoying Feminist Fed To Alligator""]([URL] (my personal favorite)  [""Red Dead Redemption 2 - Dropping Feminist To Hell & Killing The Devil""]([URL]  [""Red Dead Redemption 2 - Lasso, Train & Annoying Feminist""]([URL] (almost as good as the alligator one, but this one is very, very, very sad and something horrible happens.. spoilers: the [PERSON] dies, poor anima[PERSON] doesn't deserve such inhumane treatment, [PERSON] cried for the horse so much...)  It's fucking hilarious (except when the [PERSON] dies, it's really sad when the [PERSON] dies...)."
REDDIT50_807,12,1,"Oh look, [PERSON] being a stupid aggressive cunt for no reason  [ORG]."
REDDIT50_808,47,1,"I've heard of infantiliizing people but [PERSON]'re just being retarded Firstly, its the very defenition of [PERSON] as [PERSON] knows no age Secondly, who's rule book you going by? Last I checked, [PERSON] can be tried as adults depending on crime Regardless, the [PERSON] slap of justice knows no age."
REDDIT50_809,47,0,ohhhh nooooeeeesssssss..........
REDDIT50_810,44,0,movin to the cuntry gonna eat me a lotta peaches
REDDIT50_811,40,0,"Reminder that ""[ORG]"":  * Shamed men into dying in WW1  * Got the vote without the draft  * Immediately banned alcohol upon getting the vote  * Voted for tax increases virtually immediately  I wouldn't say [DATE_TIME]'s is a cheap knockoff at all."
REDDIT50_812,14,0,"This is pretty much the inevitable consequences of what happens when the [PERSON] don't *earn* your rights but they are *given* to [PERSON] [PERSON] don't know what to do with them because [PERSON] never fought for them and never had the responsibility that comes with them And no, bitching and whining ""Give me, I wanna, give me!"" doesn't count as fighting Thus [PERSON] don't really care about the consequences of something [PERSON] never really earned and fuck shit up because [PERSON] don't know how to use it I mean give a hand grenade to a [PERSON], what do [PERSON] think will happen..  It's pretty much the same as [PERSON] and toys When your [PERSON] used to buy [PERSON] toys when [PERSON] were a [PERSON], [PERSON] didn't really care if [PERSON] break them, [PERSON] didn't know their value [PERSON] knew that even if [PERSON] break them [PERSON] just have to throw a temper tantrum and [ORG]'ll buy [PERSON] new ones so [PERSON] can shut up Things change drastically when [PERSON] grow up and have to work, value and buy your own stuff [PERSON] now know the consequences of breaking stuff for no reason, [PERSON] are now responsible for your mistakes and [PERSON] are the one who suffers the consequences of your poor choices  [ORG] are like overgrown children - they never earned their ""toys"", they were given to t[PERSON], [PERSON] were never responsible for their toys so [PERSON] didn't care if [PERSON] break them and if [PERSON] break the entire [ORG], [PERSON]'ll just throw their temper tantrum and get new toys Problem is that the ""[PERSON]"" keep giving them stuff and [PERSON] keep fucking it up for everyone because [PERSON] don't give hand grenades to fucking toddlers Give a [PERSON] a fish and [PERSON] feed him for [DATE_TIME], teach a [PERSON] to fish and [PERSON] feed him for a lifetime They never wanted to learn how to fish, it requires actual effort, but [PERSON] sure as hell want to keep getting the free fish."
REDDIT50_813,14,1,"> [PERSON] wish people on this subreddit would stop writing as if they grew up during the industrial revolution or fought in [LOCATION] or some shit..  Close [NRP] revolution I am an [NRP] from [LOCATION], a [ORG] Granted, [PERSON] was [DATE_TIME] at that time (you can [PERSON] it, it's called ""The Revolutions of [NUMBER]"") but that's ""old enough"" to remember a lot of nasty stuff from that period Little known fact - we still had ""[ORG]"" (fancy way of calling ""[LOCATION]"") [DATE_TIME] And [PERSON] have [PERSON] who died and [PERSON] who were released after the revolut[PERSON] Make of it what [PERSON] will  > [PERSON]'ve seen multiple comments like this in [DATE_TIME], although tbh it might've been [PERSON] each time lol  Very likely What [PERSON] just said should be enough of a clue how much [PERSON] *hate* with passion any form of communism, marxism, socialism, feminism etc  > You're just regurgitating something you heard [PERSON] say, yet you clearly didn't even absorb the informat[PERSON], [PERSON]'re just parroting it because it makes [PERSON] feel good  You'd be surprised but I don't really like [PERSON] Granted, I agree with a lot of his points, but he's too much of a tradcon for me  > If [PERSON]'re a [PERSON] in the [LOCATION], then [PERSON] haven't earned your rights either What are you even talking about?  > Please, explain to me how 90% of this [ORG] has ""fought for their rights""? The fact that 5 other people read your comment and said ""yeah, [PERSON]'m gonna upvote this.. [PERSON]'ve struggled just as much with not getting my pumpkin spice latte as any [PERSON]"" is pretty sad  Well, [PERSON]'m not a millennial in [LOCATION] [PERSON]'m a [DATE_TIME] [LOCATION] from [LOCATION] And [PERSON] understand that [PERSON] don't understand what [PERSON]'m talking about since [PERSON] haven't lived through it [PERSON] had  And btw [PERSON] misunderstand my point We're simply talking about [ORG] here, this is why [PERSON] address only them In my opinion, [PERSON]'m even more radical than the [ORG] when it comes to voting - NO ONE should have the right to vote (both men and women) until yo[PERSON] PROVE [PERSON] know what the fuck [PERSON]'re doing Please don't tell me that [DATE_TIME] [PERSON] knows how to run a country You have to be [DATE_TIME] to buy a fucking beer but SOMEHOW [PERSON] can elect a [ORG] when [PERSON]'re 18 This is beyond retarded At 18 [PERSON] don't know which side to hold your dick to pee, let alone vote Tbh [PERSON] wouldn't even let [PERSON] vote (if it was up to me) until [PERSON] have proven that [PERSON] contribute to this country in some way for [DATE_TIME] after [PERSON] finish your education [PERSON], doesn't matter, 18 is just ridiculous and it's not even a gender issue [PERSON] have barely fi[ORG], [PERSON] have never had a job, [PERSON] don't have proper education, [PERSON] never paid taxes, [PERSON] never went to the [ORG], [PERSON] never took care of someone else.. and somehow [PERSON] have the RIGHT to decide who runs the [LOCATION]? Yea, no  > Everything [PERSON] wrote, doesn't apply to feminism  Yea, pretty much everything does  > It applies to millennials in general  Ummm, most of them *are* feminists, I suppose [PERSON] know this already?  > but when [PERSON] read your comment I'm just embarrassed  Do tell  > Please reread your comment, then take a look in the mirror and grow the fuck up  Which is exactly what your [PERSON] should do and fuck right off, [PERSON]? [PERSON]"
REDDIT50_814,14,0,"But [PERSON] **haven't been drafted** and the draft shouldn't be the only measure for ""hurr-durr, [PERSON] can vote because [PERSON] can kill people in a war"" Because in a [DATE_TIME] [PERSON] may never be drafted so how the fuck do [PERSON] get your ""right to vote"" then? And if the draft is such an important part of voting - how the hell do you justify 50% of the population not being eligible for the draft and **STILL** able to vote?"
REDDIT50_815,14,0,"[PERSON], [PERSON] must really have some special literature talent to ""invent"" fictional stories about [DATE_TIME] in specific [LOCATION] and make fun of [PERSON] living under ""glorio[LOCATION]""  Take it as you will, [PERSON] don't really care for the opinion of [PERSON] whose biggest challenge in life was the horror of consuming his/her/zir pumpkin spice latte cold  > the point is that the main demographic here shares your ideas  Couldn't be more proud, [PERSON] are needed these [DATE_TIME]  > thinking they earned their rights through trials and hardship  Well, if you go out of your [LOCATION] you may find that the [LOCATION] is not all pink unicorns and fluffy bunnies and ""[LOCATION]""  > Also, arguing for people's rights to be taken away, whether they are [PERSON] or black [NRP] [PERSON].. you're just wrong, so go to [ORG] or whatever your favorite authoritarian forum is  You can't change the system as it is I'm just pointing the flaws Unless [PERSON] really are convinced that a [PERSON] (or whatever gender you prefer) are capable of deciding who should run a [ORG] before they are capable of deciding if they can have a beer or drive a car..."
REDDIT50_816,14,0,"> this is my echo chamber, lol Ironic that [PERSON]'re pointing that out when [PERSON]'m trying to reduce the echoes from your retarded statements  Well, [PERSON]'re doing it without a counter-argument Yapping ""you're wrong cuz [PERSON] don't like it"" is not an argument  > [PERSON] here keep talking about the NPC meme, but every single thing you said sounds scripted  Doubtful you can find many [NRP] here who would ""repeat my script""  > [LOCATION], [LOCATION].. These aren't the words of [PERSON] who actually is stating original thoughts  It's called ""sarcasm"" When [PERSON] don't have an argument I'm forced to respond with a low-hanging fruit such as sarcasm  > [PERSON]'re arguing for reducing [PERSON]'s right because they didn't ""earn"" them  No [PERSON]'m just saying that [PERSON] should never had such right before they earn tham That includes [PERSON] too, [PERSON] know Currently it's pointless to argue about this since it cannot be reversed, that's why [PERSON]'m not arguing about that, [PERSON]'m just ""saying"" it should have never been like that  > That's not even what rights are [PERSON] earn privileges  [PERSON]'re absolutely correct Voting is not a RIGHT It's a PRIVILEGE And privilege has to be earned  > Rights are granted by god.. that's in the constitution  Not a [PERSON] so [PERSON] can't say Tho legal rights and equal rights are not [PERSON] Given.. whatever  > Free speech, bear arms, etc  That's constitution, not God What are you even arguing about here?  > No [PERSON] can take those away from you  Um, yes The law and constitution and [ORG] CAN take those away from [PERSON] Remember? I'm [NRP]? In [LOCATION] we don't have ""free speech"" laws and guns have been taken from us? Hello?  > What [PERSON]'re doing is arguing against that - that makes [PERSON] an authoritarian  [PERSON] was referring specifically to the RIGHT TO VOTE Once again - if [PERSON] think that [PERSON] are capable of electing [ORG] - be my guest  > and probably veering close to being an actual [PERSON] sympathizer He also has unrealistic ambitions of taking people's rights away  [PERSON] do understand the difference between the legal rights that are granted and rights that need to be earned, right? Not all rights should be granted And [PERSON] put myself in the same category - [PERSON] do NOT deserve rights that [PERSON] have NOT EARNED But yes, [PERSON] guesss [PERSON]'m a [NRP]..  [URL]ron..."
REDDIT50_817,25,1,"They really *really* don't Maybe because most of them are the [LOCATION] version of the ""[PERSON] because [PERSON] hate [PERSON]"" or  ""[PERSON] told me my [NRP][PERSON] was an asshole.""  They are daddy issues taken to the worst extreme If they could do female to female cloning to get rid of males and especially fathers they'd do it in a coked up hummingbird's heartbeat  [ORG] is a [NRP] therefore patriarchal virtue and it's evil It's old so it's stupid and evil Ignoring that [ORG] and shit is like [DATE_TIME], and Islam is even older and may be older than [NRP], though not Judaism and is just shit because it's shit judged on it's own merits  These people are like hyper contrarians Anything that works properly they hate."
REDDIT50_818,17,0,What's funny is that there may be a grain of truth to that as there's a bit of evidence to suggest that the earliest versions of the Koran may have been written before [PERSON].. which would basically undermine all of [NRP] scripture.
REDDIT50_819,25,0,Pretty sure this is 100% illegal GG you fucksticks Say hellow to the [ORG] for me.
REDDIT50_820,25,0,"Partly true certainly, but they also get really pissy if they don't get their cut  I know it was certainly a different time, but the [ORG] couldn't find shit to convict [PERSON] on, but the [ORG] sure got his ass on not giving the government devil his due."
REDDIT50_821,25,0,"Yeah, [PERSON] mean [PERSON] could argue that it gives the [ORG] more money so they can do good things with it... but then [PERSON]'d have to ask you your fucking age if [PERSON] are THAT naive The less money they have, the more obvious it is when they are misusing it, and they have less incentive to misuse it because if they waste all the money then no one would fucking vote them back in  IIRC you can blame good old [PERSON] for that horseshit  I think [PERSON] *tried* but the [ORG] slapped him down."
REDDIT50_822,23,1,"[PERSON] throwing an autistic tantrum and destroying property inside a [ORG] [URL][LOCATION] lmao  The people around are various SJW volunteers that work there, w[PERSON] did everything they could to try and give [PERSON] a [US_PASSPORT] Ultimately [PERSON] messed with the wrong set of soi boys and the [PERSON] stepped in to check [PERSON] ass lol"
REDDIT50_823,23,1,Too damn hot  Too many Redneck racists  Too many Old ass close minded [NRP]  Too many drugs  Too little $$$ for anyone who isn't already rich  Too many bible thumping retards   Most /r/Florida[PERSON]  and [ORG] candidates are gonna be a result of some combination of those lol
REDDIT50_824,47,0,[PERSON] really are coming across as a [PERSON] not doing yourself any favors
REDDIT50_825,27,1,"Get a life, faggot"
REDDIT50_826,47,0,> [PERSON]   citation please I heard it was because she was refused birth control
REDDIT50_827,27,1,"Yea, some [PERSON] trying to get other's riled up with his stupidity  I guarantee [PERSON]'s also from [LOCATION]"
REDDIT50_828,37,0,"> Those who were in charge of that demonstration are not the sharpest tools in the tool box  [PERSON]  And they didn't expect the [ORG], from the [PERSON] to the [ORG] to be 100% on the side of the Left, to violate a [PERSON]'s ruling, etc It was an unusual case of anarcho-tyranny, with the [ORG] pushing the alt-righers into the crowd of already violent [ORG] and [ORG] members."
REDDIT50_829,23,0,"Will probably be worse This is [PERSON] is LUCKY he was filming The [PERSON] seems just like the type to attack him, get beaten in self-defense, then cry ""assault"" when the [ORG] show up  This is the type of shit that makes [PERSON] want put cameras inside my car Not because everyday driving is dangerous, but for that one time it's gonna be [PERSON] word vs theirs and the [ORG] think [PERSON] am too male and too black to be believed."
REDDIT50_830,49,0,"Most [PERSON] that get arrested for petty crimes spend [DATE_TIME] in jail and have their lives ruined, or plead guilty to bullshit crimes and trumped up charges to avoid a long prison sentence"
REDDIT50_831,27,0,\\[URL] for dashcam
REDDIT50_832,23,1,"Of course, if a [PERSON] refuses to be [PERSON] then he is of no use to a [PERSON] He is worse than shit in their eyes."
REDDIT50_833,42,0,"[PERSON] down [PERSON] gently pushed [PERSON] back, and [PERSON] hit the [LOCATION] because [PERSON] was drunk as fuck."
REDDIT50_834,42,1,"No, [PERSON] [PERSON] didn't push [PERSON] down They didn't push [PERSON] down [PERSON] *back* As fast as [PERSON] was falling backwards already, [PERSON] barely made contact [PERSON] fell down because that's what fall-down drunk people do  There is only [PERSON] in this video, and [PERSON] went to [LOCATION] for punching a [PERSON] There are, however, several cunts defending [PERSON] in these comments."
REDDIT50_835,8,0,"[PERSON] doesn't know what a pedophile is nor, for that matter, can you have a [PERSON]; pedophiles by their very nature are asexual in their attraction."
REDDIT50_836,8,0,And [PERSON] would be wrong  Before [PERSON] smear [PERSON] as [PERSON] maybe [PERSON] should know what a [PERSON] actually is.
REDDIT50_837,8,0,"No it's really not because it makes no damn sense Would be like calling [PERSON] a ""heterosexual racist"" . like WTF does that have to do with what [PERSON] did?   Nothing  You going to call somebody out at least call them out appropriately"
REDDIT50_838,8,0,Having a sex with a [PERSON] doesn't make one a pedophile and no [PERSON] didn't rape [PERSON].
REDDIT50_839,8,0,Given [PERSON] don't seem to know what a pedophile is that doesn't surprise me  I bet [PERSON] think [PERSON] is a pedophile to.
REDDIT50_840,8,1,"It's not according to me, it has an actual medical definition  The defining factor is a sexual attraction to PREPUBESCENT children  [PERSON] was an adult sexually, purely statutory rape."
REDDIT50_841,23,0,">[PERSON] said she's not satisfied with the [ORG] being put on administrative leave, which [PERSON] called ""a paid vacation.""  The [PERSON] that got arrested is right, this is **not a denial** until they get fired Right now it's a fucking reward Since they are both [ORG] AND females, [PERSON] have a strong suspicion that this is how it's going to go down [ORG] will investigate, purposefully find nothing, and leave these bitches with a 'reprimand' that affects them in no way whatsoever  Why do I think that? I have a [PERSON] that switched from the [ORG] to the [ORG] He said [ORG] everywhere are currently bending over backwards to recruit (and keep) [PERSON] Part of the reason [PERSON] left is because they got away with shit that no [PERSON] could ever do [PERSON] had b[PERSON] on the receiving end of that shit for too long and wasn't going to put up with it anymore."
REDDIT50_842,23,0,"The [US_PASSPORT] is given liberally because of political pressure to hire more [PERSON] (even if they don't pass qualifications), and because most [ORG] ask for a [PERSON] When they don't get [PERSON] [PERSON] said there are usually sexual assault allegations leveled at the [ORG], even if all the did was a normal search for their own safety (no weapons, no sharp object etc.)"
REDDIT50_843,23,0,"Well you can't do that either Look at all the scandals [ORG] have been involved in lol  ""Bending the Rules"" is their modus operandi, AKA ""doing illegal shit"" So they don't want shit to do with body cams Much easier to just hire some [PERSON]."
REDDIT50_844,23,0,"[PERSON] are right, their jobs are pretty damn secure Internally though things will be much different Problem [PERSON] that do stupid shit usually stall their career [PERSON] nowadays can get away with stuff that a [PERSON] could **never** do  Case it point: [PERSON] was being sexually harassed by a [PERSON] on the [ORG] He refused her advances on multiple occasions, so [PERSON] upped the ante and sexually assaulted him by up grabbing his dick When [PERSON] refused that too that [PERSON] started calling him gay at every opportunity in front of all the other officers, then ""[PERSON]"" put a FAGGOT sticker on his locker [LOCATION] conveniently never found out who  [PERSON] told him to just suck it up, not cause any trouble and [PERSON] would take care of him when [DATE_TIME] When that time came guess [PERSON] got promoted? No, not the [PERSON] lol, but [PERSON] [PERSON] in harassing [PERSON] and was probably the one who put the sticker on his locker, since the [PERSON] was off [DATE_TIME] [PERSON] was left high and dry because they ""needed more female leadership"" So [PERSON] quit and joined the [ORG]"
REDDIT50_845,23,0,">How come [PERSON] is not allowed to exit her car and watch [PERSON] and all the things [ORG] are doing with her ID on [PERSON] own eyes?  Because [PERSON] is under arrest, anything that the [ORG] deem necessary for their case they take Even when something isn't necessary they can take it anyway **In practice** an [PERSON] can do anything they want and it is a crime to try and to stop them Even if they want to beat [PERSON] within an inch of your life it's better to sit there and take it than to fight back If [PERSON] fight back it complicates the court process with charges of Resisting Arrest, Assaulting a [PERSON], and the [PERSON] using the common ""[PERSON] feared for my life"" excuse  But of course in [LOCATION] no one sits there and takes that shit, and that's what the [ORG] count on [PERSON] have seen cases where common **automatic reflexes** for self-defense (raising your arms and blocking your face when getting hit with a nightstick) were seen as ""resisting arrest"" and ""reaching for a weapon"" But [PERSON] have to be careful how much [PERSON] say, while we all here can agree on denying the [US_PASSPORT], some here love to give  a [US_PASSPORT] for [ORG] and will give [PERSON] a whole bunch of shit for just stating facts   > But seriously, arrest for speeding?  In undergrad ([ORG]) [PERSON] was sent to [ORG] for speeding they had this program called ""[ORG]"" where [PERSON] went in on [DATE_TIME] and came out on [DATE_TIME] [PERSON] had to go for [DATE_TIME] because the [PERSON] wanted to ""make an example out of me"" [PERSON] was going 85 in a 65  A [PERSON] in front of me in [LOCATION], who also went to [ORG], was going 90 in a 45, and you can guess what [PERSON] got Yeah, NOTHING The [PERSON] reduced [PERSON] crime to a 64 in a 45 so [PERSON] wouldn't have her ""studies interrupted"" Seriously [PERSON] was studying Communications (easy bullshit major) and [PERSON] was studying Biochemistry [PERSON] was driving on the [LOCATION] in the [DATE_TIME] with no one around, [PERSON] was driving during [DATE_TIME] in [LOCATION] with people everywhere The [LOCATION] is fucking **strong** in [LOCATION] when it comes to the law."
REDDIT50_846,30,1,"> and how having characters like the gorilla and the hamster are racist because they chose those over a POC first  [We literally learned about Reaper the same time we learned about [PERSON] - and the entire friggin' game]([URL] - so this seems like an...odd complaint  Also, there's plenty of ""[PERSON]"" who don't give a crap This feels like the claims that ""[PERSON]"" are the ones complaining about ""queerbaiting""."
REDDIT50_847,5,0,"[PERSON] still don't get why [PERSON] hates the first one It wasn't a masterpiece, but [PERSON] did a solid job of making an interesting narrative experience If anything [PERSON] was too accurate to the cringy things that [PERSON] actually say and do It was also mostly ignoring politics  Please tell my why [PERSON] is terrible."
REDDIT50_848,5,0,Yeah it just reminded me so much of being a [PERSON] and that weird mix of how overwhelming and important every interaction felt while also clearly being shallow and dumb  My suspicion is that most people [LOCATION] identified with the [PERSON] who gets cucked by [PERSON].
REDDIT50_849,5,0,"[PERSON] think that going hyperrealistic on writing [PERSON] feels like bad writing, but it's more like gonzo fiction and [PERSON] think they nailed it [ORG] from what [PERSON]'ve seen of it has some of that, but this time they decided to create very clearly terrible misrepresentations of [PERSON]."
REDDIT50_850,9,0,"Interesting isn't it, that a [PERSON] ranks higher in the oppression stakes than a [PERSON]  Especially when it's a [PERSON] who **didn't** have a childish tantrum when calls didn't go her way You know .. a [PERSON] who was being **strong and empowered** rather than a **victim**"
REDDIT50_851,20,0,Clearly [PERSON] have been brainwashed by [ORG]  What's it like being so easily brainwashed?  Is it due to your extremely low IQ?  Were [PERSON] dropped on your head as a baby?  That must be it.
REDDIT50_852,42,1,"How do [PERSON] do it? Every comment you make is more retarded than the last one Are you just continually eating lead paint chips and huffing gasoline? Are you skipping the middleman, and straight up huffing vaporized lead? That's got to burn the lungs."
REDDIT50_853,42,1,"[PERSON]'ve encountered this mongoloid before It sounds like a complete joke because you have a fully-functioning frontal lobe He's actually that fucking dumb; It's like they taught a [PERSON] to type He didn't use ""fake news"" ironically Oh, no Irony is waaaay beyond his capabilities [PERSON]'s retarded."
REDDIT50_854,20,0,"> It's like they taught a chimpanzee to type  [PERSON]'re just saying that because I'm black, [PERSON] racist piece of shit  Are [PERSON] trying to get hired at the [ORG] or something?  [PERSON]'re well on your way, racist."
REDDIT50_855,42,1,"See, this is what I'm talking about [PERSON]'re as black as [PERSON] from [ORG], and half as smart Your EEG is a low-amplitude sine wave You are nearly dumb enough to be a Trump voter, but that's a low blow I have some faith in your limited intellect."
REDDIT50_856,4,0,<goes to look>  Confirmed What an ass  e.g  [URL]  > This is why some of us are [ORG] that absolutely will take stances and have something to say in the games we make  > You can’t wait for [ORG] to do the right thing or have a stance [PERSON] “what makes money” it’s not in their best interest
REDDIT50_857,10,1,"[PERSON], [PERSON] think [PERSON]'s ""[ORG]"" because nobody will hire the twat."
REDDIT50_858,47,1,"[PERSON]! [PERSON]! So I understand you're upset? I'm sorry I really am  I'm just going to have to ask you to replace that dog's cunt you call a brain and come up with some better insults The [ORG] on the incels insult is getting over saturated, over used Since [PERSON] survive off [PERSON]'s salt, we require creativity, something more The market demands it   So Come back when [PERSON]'ve got something better Thanks!!"
REDDIT50_859,47,0,[URL]at's not [URL]e on
REDDIT50_860,47,0,[URL]e on What did I say.......?
REDDIT50_861,47,0,"Yeah and yet nobody is taking [PERSON] seriously It's becasue [PERSON] lack any creative, well thought out insult [PERSON] just threw out incels   Learn to fuckn criticize and argue your point without resulting in fallacious ad [LOCATION] and smears [PERSON] pathetic."
REDDIT50_862,33,0,"""To the [LOCATION]! [PERSON] will learn WHEN it's the right moment to ban [PERSON]"""
REDDIT50_863,47,0,[PERSON] said [PERSON] would have the [ORG] come fuck [PERSON] up Perhaps if it wasn't for that [PERSON] would agree with [PERSON].
REDDIT50_864,33,0,"""Entitled [ORG] bitching against a [ORG] who's working hard to entertain them"" See how it works both ways?"
REDDIT50_865,47,0,"> It's entirely possible [PERSON] still is a rapist,    you obviously put your political ideology over the mens rights Any other story with same points (no corroborated evidence), you would in the very l[LOCATION] [PERSON] promise condemn as obvious false accusation   Here? ""yeah yeah, there is no evidence whatsoever, but guys, [PERSON]'s possibly still a [PERSON].""    >and the way [PERSON] reacted  this right here condemns yo[PERSON] How dare a [PERSON] react angrily to a smear campaign ""hes so angry"" say the [PERSON] of drugging and gang rape    [LOCATION], i accuse [PERSON] of raping me any emotion [PERSON] display that i deem inappropriate means [PERSON] are guilty Good luck keeping your composure when the [LOCATION] has already passed judgment on your ass   what the hell [PERSON]"
REDDIT50_866,35,1,[PERSON] with an attention whore complex looking for problems where none should exist What kind of sloppy cunt goes ti a [ORG] instead of a [ORG]?
REDDIT50_867,35,1,[PERSON] are cunts.
REDDIT50_868,46,1,[ORG] protects the free market This isn’t a gotcha Stop being retarded.
REDDIT50_869,3,0,">The first amendment should apply to free speech on the [LOCATION] [ORG] should not have the right to censor public speech   Censorship is certainly getting out of hand, but [PERSON] don't agree with this either  It makes perfect sense to me that if a [ORG] doesn't want to allow dick pics or [PERSON] spamming NIGGERFAGGOT [DATE_TIME], that [ORG] should be allowed to do that If a [ORG] about discussing [ORG] wants to block/lock/ban non-basketball related discussion, they should be allowed to do that   And yes, [PERSON] know that sounds like it leads to the censorship problem we have now, and no [PERSON] don't have an answer"
REDDIT50_870,4,0,"Yes, it's a complicated one I think the main argument that [PERSON] make is that when [ORG] become so large that they have control over a significant proportion of speech online and are actually [ORG], that different rules should apply - that they should be considered more like [ORG]  I don't think [PERSON] is actually arguing that some [ORG] shouldn't be allowed to ban trolls."
REDDIT50_871,3,0,"[PERSON] the line was crossed when [ORG] stepped in  OK, [ORG] wants to be a bunch of faggots; fine  [LOCATION] where [PERSON] are allowed to speak their mi[PERSON] will step up and give [ORG] some competition  [ORG] annoyed [PERSON], but [PERSON] wasn't in the ""Somebody needs to step in!!"" camp  So [PERSON] think [PERSON] even disagree with [PERSON] that a [ORG] shouldn't be allowed to act like [ORG] and [ORG]   But now that [NUMBER], [ORG], [ORG], [ORG] and [ORG] are all working together to *ensure* nobody can d[PERSON] meaningfully from [ORG]'s [URL]at's where [PERSON] have a problem"
REDDIT50_872,46,0,"It’s essentially the mirror image of vertical integration A [ORG] creates a product with an intentional feature gap so that another [ORG] (one they conveniently own...) can sell you the “solution” Except in this case, the [ORG] is denying political speech (at the behest of their [PERSON]) and then leaning on [ORG] to destroy anyone else who might provide the competing product the [LOCATION] needs  Then [ORG] imagine themselves clever for insisting this is “your beloved free market in action lol”, which sort of gives up the grift that they are anything about [NRP]."
REDDIT50_873,46,0,"Seems like an obvious case, but [ORG] isn’t playing ball I’m guessing they’re getting a lot of money from the likes of [PERSON] to keep well out of social media interference until after the [DATE_TIME] It’s so fucking important that [ORG] keep the house Only way we will ever see this issue addressed."
REDDIT50_874,46,0,"[PERSON]’re describing gatekeeping, which was never an objective evil  What we need to do is listen to [ORG], unfortunately: build our own [ORG] and [ORG] and every other ounce of infrastructure required, and then we need to ruthlessly gatekeep all of them in order to prevent leftist entryism."
REDDIT50_875,0,1,The mental retardation.. it's just too much...
REDDIT50_876,21,0,"Nobody likes you here just face it you have lost It was a slam dunk the second he said [PERSON] raped her with a pinecone instead of his penis Don't you see how devastating of an argument that was? It totally obliterated [PERSON], and [PERSON] keeps obliterating all your arguments so [PERSON] might want to stop responding unless [PERSON] want to keep getting downvoted by people who actually understand how logic works."
REDDIT50_877,19,0,"[PERSON] was trying to justify treating boys differently by arguing semantics, [PERSON] was just responding."
REDDIT50_878,47,1,"[PERSON] will treat any women like this as if they are on an actual [LOCATION] [ORG] because they understand gender roles and aren't a vindictive bunch of whiny cunts  [PERSON] is the same and ill open every door that comes [PERSON] way, including the car   [PERSON]? Fuck her [PERSON] can stand   The only thing hat needs refining in the older gens is the DV misconceptions and probably a few other areas They simply aren't aware go how much women abuse men."
REDDIT50_879,8,0,"[PERSON], should have took it to the [ORG]  Also we shouldn't be celebrating the [PERSON] anyways, notice how [PERSON] was found out because the [PERSON]'s [PERSON] got all jealous."
REDDIT50_880,8,0,"Right so [PERSON]'s traded his dick for a ride, that's not really a problem  Even [ORG] prostitute themselves."
REDDIT50_881,8,0,"Only because [NRP] are uniquely snowflakes and immature princesses  [LOCATION], in [LOCATION], and [LOCATION] it's a perfectly legal age  Also his age has nothing to do with the fact [PERSON] was prostituting himself out  [PERSON] can trade his back for minimum wage at [ORG] but [PERSON] can't trade getting his cock sucked for a ride?"
REDDIT50_882,8,0,"Lol no but [PERSON] have gotten [DATE_TIME] drunk and had sex with them  Ditto coke, [CRYPTO]"
REDDIT50_883,8,0,"Because that's how partying and dating works, never partied or dated much huh?  If [PERSON] take a [PERSON] out to [LOCATION], 16 or 35 [PERSON] are getting alcohol  If [PERSON] meet a [PERSON] out the [LOCATION], [LOCATION], the [LOCATION], or via a [ORG], 16 or [DATE_TIME], [ORG] are doing hard drugs  [PERSON] seem to be thinking 16 yo's don't do drugs or drink nor want them lol, what [LOCATION] you grow up in?  Hell most of them request or ask for them, like ""hey [PERSON] can we stop by my [ORG] for a sec"" or ""can I get a hit too?"" or ""Yes"" when [PERSON] ask at the [LOCATION] would they like a glass of wine  And if [PERSON] bust out some bourbon for a night cap at [LOCATION] while cuddling up with a movie it's [PERSON], [PERSON], doesn't ask for a glass of something from [LOCATION]  Ditto if I do a line of coke off [LOCATION], [PERSON] [PERSON] isn't like ""hey can I have a bump too""?  [PERSON] like drugs and booze, 14 or 96."
REDDIT50_884,8,0,"Got it so next time [PERSON] take out 16 yo out ([DATE_TIME]) and [PERSON] wants a drink with dinner [PERSON] should tell [PERSON] no!  And later if [PERSON] wants a bump of meth [PERSON] should tell [PERSON] NO!  After all [PERSON] is just there to suck my dick according to [PERSON], [PERSON]'s not allowed to partake in normal shit  that [PERSON] wants if the person [PERSON] dating is older than [PERSON] lol  What a fucking [NRP] [PERSON] are lol, go back to whatever [LOCATION] [PERSON] live under"
REDDIT50_885,8,0,"[PERSON] don't hang out with them, they hang out and fuck [PERSON]  Quit hating because [PERSON] think men should only date used middle age spinsters and women should only date [PERSON] working at [ORG]"
REDDIT50_886,8,0,"Sure [PERSON] did, [PERSON] are saying [PERSON] shouldn't be dating [PERSON]  I'm fine with being a tool, that is called dating  Men trade resources, women trade their twat  Win Win   Not marrying these women lol"
REDDIT50_887,8,0,[DATE_TIME] lol but doesn't mean [PERSON] should be damned to middle aged fat cows lol
REDDIT50_888,8,0,Understood and that's why [PERSON] pop [PERSON] like candy lol  Have a good weekend
REDDIT50_889,41,0,Who the fuck is your protagonist? [PERSON]?
REDDIT50_890,25,0,"[PERSON] from ""[ORG]"" who had a phobia of men cause her [PERSON] was retarded and tried to warn her away from dudes and it worked so well [PERSON] got both a phobia and was scared of **HIM**."
REDDIT50_891,41,0,Oh god [PERSON] so much.
REDDIT50_892,25,0,"Well [PERSON] might be stupid, but at least [PERSON] don't think it was intentional Wasn't there a [PERSON] who had a [PERSON] in the [ORG]?"
REDDIT50_893,41,0,"No, [PERSON] watched the series and [PERSON] just hate that character  [PERSON] don't remember if [PERSON] was a [PERSON], but [PERSON] know the [PERSON] is an [PERSON]."
REDDIT50_894,19,0,Has [PERSON] noticed that when something rather unbelievable or ridiculous happens it doesn't matter if it's true the [ORG] will just post it up without thinking and it doesn't matter if it all gets proven to be bullshit they will act like they had nothing to do with women like this one getting so famous in the first place?  [PERSON]'m reminded of the [ORG] which [PERSON] was deeply suspicious of right from the be[ORG] They were posting it up [LOCATION] and when it was found out that the people behind this were just [ORG] the [ORG] instead of correcting themselves just went silent and pretended it never happened or if [PERSON] did correct themselves it was just one or two articles and that's it  This behaviour is constant and [PERSON] are largely responsible for the state of things in the [LOCATION] [DATE_TIME] The[ORG] do zero fact checking and as long as it will get them clicks they'll post it up especially if it happens to be something like this where they can peddle their worldview and make it out that anybody who is disagreeing with what this [PERSON] did is an evil evil misogynist and the patriarchy is real.
REDDIT50_895,29,0,[PERSON] know how [PERSON] are too dumb or ignorant to even speak properly? It's that It isn't even a race thing unless [PERSON] are a racist.
REDDIT50_896,19,0,"[PERSON]'re all about lecturing other people about the 'consequences of speech' so it's only fair we hold them to their own standards lol, [PERSON]'ve been trying to warn [PERSON] on [ORG] who pull shit like this [PERSON]'re getting so blatant about falsely accusing [PERSON] that even [PERSON] could probably win a court case against them without a [PERSON]  [PERSON] think [PERSON]'re right, there is a very casual attitude towards this sort of thing and it's because [PERSON] have let [PERSON] all get away with this for too long."
REDDIT50_897,27,1,"Then sign up to be a cop, [PERSON]"
REDDIT50_898,27,1,"[PERSON] aren't smart enough to understand that animals aren't people  I doubt [PERSON] have [ORG] that pays your [ORG], which would be paying for this [PERSON]'s medical bills."
REDDIT50_899,12,1,"[PERSON]'s mental illness  I love how the [PERSON] who thought she was black was a laughing stock, but a [PERSON] who thinks he's a [PERSON] is ""beautiful""  Who is making these rules here... [PERSON]'s fucking retarded...."
REDDIT50_900,16,0,\\>[PERSON]'m reporting [PERSON]  \\>[PERSON]'re the bitch here  haha oh wow
REDDIT50_901,16,0,"look at how mad [PERSON] are because of nono words yes, [PERSON] are definitely not a bitch"
REDDIT50_902,16,0,"[PERSON], npc"
REDDIT50_903,16,1,[PERSON] you're the faggot tellin internet mommy no amount of no u's changes that ya fuckin [PERSON] pathetic
REDDIT50_904,16,1,"no ones cares, deadnigger"
REDDIT50_905,47,0,>[ORG] applauds [PERSON] because being stuck in traffic over a potential suicide is not worth their time    where
REDDIT50_906,17,0,"""Capitalism is evil""  Same people: ""[ORG] should stop being so entitled! [ORG] are doing their best!"""
REDDIT50_907,17,0,"So any amount of labor inserted into a product automatically allows the product to accrue value, but when a [PERSON] works on it, the product gets a [US_DRIVER_LICENSE] multiplier to it's value as well?  >it's fractally wrong  The phrase [PERSON]'re looking for is, ""going down the rabbit hole""."
REDDIT50_908,1,0,"[PERSON] used to have a word for ""transracial white to black"" in the [DATE_TIME]  [ORG] We called them [ORG] You are a wigger."
REDDIT50_909,14,0,This is just pure lunacy on steroids Not even funny anymore Why isn't [PERSON] locked in a [ORG] for life?
REDDIT50_910,17,0,"Because the [ORG] has *industrialized* a moral panic for political gain This on top of emotional abuse and cult like behavior they are cultivating as a form of political control; this is also at an [LOCATION]  This doesn't end until the [ORG] lose in [DATE_TIME], it's the only way they can be made to listen."
REDDIT50_911,17,0,"[PERSON]'m talking about a total defeat The [ORG] gain almost nothing in the house, senate, or govenorships There *are* [PERSON] in the [ORG] trying to reach out to [PERSON] who walked away from the identitarianism, but the [ORG] left doesn't see the value of that yet They see the value of moral panics and identitarianism If they lose *hard* in [DATE_TIME], [PERSON] *will* change tone because [PERSON]'ll finally realize that identitarianism and progressivism has hurt them more than it helped  It would be worse if the [ORG] won only *some* seats and gained the house We would go into [DATE_TIME] long impeachment battle over [PERSON], and they would double down on identitarianism until *after* they lost the [NUMBER] election and had a major terrorist attack happen under their name with the [ORG] rationalizing it."
REDDIT50_912,37,0,"> We would go into [DATE_TIME] long impeachment battle over [PERSON]  Errr, that's up to the [ORG]  The [ORG] impeaches, the [ORG] tries and convicts, or not  Note they'll almost certainly impeach [PERSON] as well  Even [PERSON], and possibly [PERSON] and [PERSON] as well  Who knows how crazy they'll get if they get some real institutional power in the [ORG]?  But we can expect zillions of ""investigations"" into everything about the [ORG], including the many things that aren't actually happening  With the full support of the [ORG]  But [PERSON] has a number of ways of replying."
REDDIT50_913,17,0,">Errr, that's up to the [ORG] The [ORG] impeaches, the [ORG] tries and convicts, or not   That's what I meant A democratic [ORG] means at *least* an impeached [PERSON] Now that you mention it, I wouldn't be surprised if they *do* try to impeach [PERSON] I don't think [PERSON] will get removed, at least, probably But it will be a fight  >But [PERSON] has a number of ways of replying  I can scarcely imagine how angry [PERSON] probably is behind closed doors The man is not familiar with politics and is much more used to getting his way as a business man I'd bet all my.. [CRYPTO]? .. [CRYPTO]?.. I keep forgetting which conspiracy I'm part of.. that [PERSON] wants to absolutely *shit can* as many people as he possibly can His [ORG] is probably telling him it would look bad and unstable to pull a [PERSON] and fire everybody a la Saturday Night Massacre."
REDDIT50_914,37,0,"> The [PERSON] is not familiar with politics and is much more used to getting his way as a [PERSON]  Nope, [PERSON] is *very* used to not getting his own way  As [PERSON] understand it, that would be one lesson you learn from reading his *[ORG]*  [ORG] is an *especially* squirrelly sector of business, and more than once [PERSON] found myself explaining its nature to [ORG], since it was [PERSON]'s [ORG], and one of [PERSON]'s areas of [ORG]  Don't forget that he's also had some ventures go bankrupt."
REDDIT50_915,17,0,[PERSON] don't think it's the same [PERSON] feel like his [ORG] has been kind of plagued (both by his fault and the fault of others) by [PERSON] who are willing to backstab or abstruct [PERSON] in a very different way than normal.
REDDIT50_916,37,0,"I assure you this backstabbing and obstruction is nothing new, plagued [PERSON], for example, who's the most recent [PERSON] who's something like [PERSON]  I'll grant you it's at a higher intensity, perhaps [PERSON] suffered it at an in between level, but the pattern is quite familiar  [PERSON], look at the people who believe that the [ORG] killed [LOCATION]."
REDDIT50_917,17,0,"Sure it's not new, but it might be new for *[PERSON]*"
REDDIT50_918,37,0,"[PERSON] absolutely guarantee you [PERSON]'s had [ORG] and subordinates stab [PERSON] in the back, it goes with the territory, especially when there's that much money in play  I mean, *[PERSON]'s a [LOCATION] [ORG]*, the [LOCATION] is a snakepit for that sort of thing (real estate in general is, [LOCATION], [LOCATION] or [LOCATION])  [ORG], the [LOCATION], [LOCATION], and no doubt [ORG] at times also trying to take more than their legitimate vig, [PERSON]'s seen a lot  And it's in his blood at [LOCATION], [PERSON] learned it from [PERSON], the lower rank, [LOCATION] property developer  I mean, [PERSON] was savvy enough to set up his own canary trap, when [PERSON] thought the [ORG] was leaking the substance of their conversations  [PERSON] set up a meeting [PERSON] didn't inform *any* of his people about, and, sure enough, the contents were soon leaked  And, leaks, it would seem [PERSON]'s a much better plumber than [PERSON], they've significantly decreased, haven't they, the bad ones at least."
REDDIT50_919,17,0,">[PERSON] mean, [PERSON] was savvy enough to set up his own canary trap,  [PERSON]'m not super familiar with this, got a source [PERSON] can look at?  >when [PERSON] thought the [ORG] was leaking the substance of their conversations [PERSON] set up a meeting [PERSON] didn't inform any of his people about, and, sure enough, the contents were soon leaked   I don't know [PERSON], [LOCATION] is a whole different ball game The [ORG] have an industrialized, international, moral panic about his [ORG] pick It's not just some [PERSON] leaking information, it's portions of the [ORG] and [ORG] acting entirely against him These are [PERSON] who can ask satellites to move in [LOCATION] There's a financial war between [ORG] and [ORG] going on in order to re-orient themselves in relationship to these ridiculous political times [ORG] that make [PERSON] look like [ORG] The shit's on a different level, [PERSON], but what's been going on in [DATE_TIME] is crazy even for [LOCATION], let alone [LOCATION] I'm not sure *[PERSON]* is adequately prepared for this  >And, leaks, it would seem he's a much better plumber than [PERSON], they've significantly decreased, haven't they, the bad ones at least  No way, [PERSON] was better He had [CRYPTO] going all over the place and kept a very tight ship overall It wasn't just [LOCATION] that [PERSON] was, ahem, ""ratfucking""."
REDDIT50_920,37,0,"> [PERSON]'m not super familiar with this, got a source I can look at?  A simple search works pretty well, here's [ORG] [[PERSON] canary trap]([URL]  It was pretty notorious at the time  > I don't know [PERSON], [LOCATION] is a whole different ball game The [ORG] have an industrialized, international, moral panic about his [ORG] pick  Yeah, that's different  But its not like [PERSON]'s got much to do with it after choosing the [PERSON], [PERSON] provides support, picked a [PERSON] to shepard it through, is now using his bully pulpit because it's gotten so crazy  > It's not just some [PERSON] leaking information, it's portions of the [ORG] and [ORG] acting entirely against him  Indeed, although as I've said, this is not new  ""[PERSON]"" was a [ORG] Top Man furious at [PERSON] for not making him Director after [PERSON] died  The latter went so far as to, at [PERSON]'s order, bug [ORG]  > These are people who can ask satellites to move in [LOCATION]  That we're not so sure about  The [ORG] are very possibly on his side (mostly)  [DATE_TIME], the  head of the [ORG] (a [PERSON]) tipped [PERSON] off about how [PERSON] was spying on him, [PERSON] an[ORG] then decamped from the [LOCATION] I think it was, to a place where access could be *much* more tightly controlled  > There's a financial war between [ORG] and [PERSON] going on in order to re-orient themselves in relationship to these ridiculous political times   Yeah, that's a *big* one  Trillions of money was made in the deliberate deindustrialization and trashing of [LOCATION], and that's getting reverse *massively*  NAFTA is *dead*, unless the [ORG] refuses to approve the new treaty  Not sure what happens then, but [PERSON] can still pile on the tariffs, can extinguish a great deal of [LOCATION]'s economy [DATE_TIME], as they've gone much further in deindustrializing, specifically assembling stuff mostly made abroad, and current suppression of their [ORG]  The [LOCATION] is a work in progress, but we hold the high cards, especially with our [ORG] doing pretty well now that the [ORG]'s boot is not pressing down quite so hard on its neck  > I'm not sure *anyo[PERSON] is adequately prepared for this  By definition no one really can be  But I'm pretty sure he knew what he was getting himself into  Note the disdain [PERSON] and [ORG] were dishing out in the years before [NUMBER]...  That smartphone drop humor bit didn't age well \\^_\\^."
REDDIT50_921,17,0,"> ""[PERSON]"" was a [ORG] Top Man furious at [PERSON] for not making him Director after [PERSON] died The latter went so far as to, at [PERSON]'s order, bug [PERSON]'s [LOCATION]  That's one man operating discretely through the press, not multiple people in an [ORG] operating openly against him  >The military intelligence types are very possibly on his side (mostly) [DATE_TIME], the head of the [ORG] (a [PERSON]) tipped [PERSON] off about how [ORG] was spying on him, [PERSON] and company then decamped from the [LOCATION] I think it was, to a place where access could be much more tightly controlled  The [ORG] can make requests to transition satellites, but yeah, I'd say most of the [ORG] are not working against him TBH, I think it's ""respect the rank, not the man"" deal for most of it, and then [PERSON] for the rest of it No one is going to be stupid enough to fuck around with [PERSON] who is generally apolitical and [will not hesitate to kill a bitch.]([URL]  Also, who's gonna complain about [ORG]?!!  No, but seriously, the [ORG] is probably going to merge into the [ORG] apart from the other intelligence agencies, and [PERSON] have a distinct feeling that it might be because the [PERSON] is concerned about [ORG] controlled agencies pushing politics onto [ORG] in the way that they may have involved itself with civ[ORG] [PERSON] think that that is the *real* political fight happening about [ORG], not all the other shit you see on [PERSON], it reminds me *very* much of the political fighting that happened as the [ORG] became the [ORG] The changes looked superficial on the outside, but were significant institutional alterations on the inside The changes would have been bigger and worse if [PERSON] and [PERSON] had gotten their way  Over [DATE_TIME], the [ORG] has done *relatively* little in the way of meddling with [LOCATION] politics, which is probably the greatest accomplis[PERSON] in our republic's history That isn't normal  >Not sure what happens then, but [PERSON] can still pile on the tariffs, can extinguish a great deal of [LOCATION]'s economy [DATE_TIME], as they've gone much fur[ORG] in deindustrializing, specifically assembling stuff mostly made abroad, and current suppression of their [ORG] The [LOCATION] is a work in progress, but we hold the high cards, especially with [ORG] doing pretty well now that the [ORG]'s boot is not pressing down quite so hard on its neck  From the way [PERSON]'s clearly negotiating things, it seems like most of that is bluster and [PERSON] can come down to something more reasonable I highly doubt [PERSON]'d do anything to legitimately hurt [LOCATION]  >and current suppression of their [ORG]   When it comes to the [ORG] my primary concern is fusion I know [PERSON] who've been working on it at different stages and it's absolutely legit Each of the testing nations ([LOCATION], [LOCATION], [LOCATION], [LOCATION], [LOCATION], [LOCATION],.. [ORG]?), is building their own different procedures to try and find the most efficient and sustainable process for ignition They've already achieved ignition on small scales The [ORG] has been *very* tight with research funding, but that shit is not something to limit Leave that alone so we can not only dominate the [ORG] through fossil fuel production, but also through technology  > But [PERSON]'m pretty sure [PERSON] knew what [PERSON] was getting himself into   [PERSON] be honest [PERSON] legitimately think [PERSON] might have been the last person who knew what [PERSON] was getting into [PERSON]'m still not totally convinced [PERSON] knew that [PERSON] would win."
REDDIT50_922,37,0,"> [PERSON] highly doubt [PERSON]'d do anything to legitimately hurt [LOCATION]  He convinced [PERSON] and the latter's feckless anti-Trump trade negotiator to surrender, albeit with a phase in period for their shifting to producing a lot more of what they assemble  Although with the [ORG], [PERSON] doesn't have to lift a finger to hurt [LOCATION], [PERSON] and [ORG] are causing great damage all by themselves  > When it comes to the [ORG] my primary concern is fusion  Wake me when we can see aneutronic fusion in the [DATE_TIME]  Because if you use lower energy reactions that release [NRP], [PERSON] transmute the elements in your fusion reactor, it won't function for all that long, and [PERSON]'ll be left with a pile of radioactive scrap, which the [ORG] won't like at all  > [PERSON]'m still not totally c[PERSON] [PERSON] knew that [PERSON] would win  [PERSON]'m certain [PERSON] didn't know [PERSON] *would* win, just that [PERSON] *could*."
REDDIT50_923,17,0,">He convinced [PERSON] and the latter's feckless anti-Trump trade negotiator to surrender, albeit with a [DATE_TIME] for their shifting to producing a lot more of what they assemble  >Although with the current [ORG], [PERSON] doesn't have to lift a finger to hurt [LOCATION], [PERSON] and [ORG] are causing great damage all by themselves  [PERSON]'s [ORG] losing is not the same as hurting [LOCATION] t[PERSON] It's generally a bad idea to actually *hurt* our neighbors I don't think [PERSON] has a genuine reason to try If they hurt themselves, it's unfortunately their fault until [PERSON] Makes [LOCATION] Great Ag[PERSON]  >Wake me when we can see aneutronic fusion in the [DATE_TIME] Because if you use lower energy reactions that release neutrons  [PERSON] don't know enough to tell you how neutrons are being handled by different the many different experiments  >[PERSON]'m certain [PERSON] didn't know [PERSON] would win, just that [PERSON] could  [PERSON] agree with that [PERSON] was listening to the two [ORG] hammer at each other in a [ORG] discussion, and it was pretty clear that the [ORG] was not nearly as ignorant as the [ORG] wanted to paint them."
REDDIT50_924,37,0,"> [PERSON] don't know enough to tell you how neutrons are being handled by different the many different experiments  As far as [PERSON] know, the current experiments are focused on the lowest energy required reaction  Ah, [see [ORG] here]([URL]  Deuterium +  tritium makes a neutron, is in fact an convenient source of them, and can be used to double the yield and massively increase the dirtiness of an H-bomb (use U-238 as the tamper instead of e.g lead)  Next is deuterium + deuterium, half of those produce a neutron, the other half produce tritium, which will then at some rate fuse with deuterium, again producing a neutron  Following is deuterium + helium-3, again with the latter sort of problem  Most reachable is proton + boron-11, ""Under reasonable assumptions, side reactions will result in about 0.1% of the fusion power being carried by neutrons."" but that could still be rather bad  And it doesn't look so good for being usable any time soon, or perhaps at all:  > At [NRP], the optimum temperature for this reaction is nearly ten times higher than that for the pure hydrogen reactions, the energy confinement must be 500 times better than that required for the D-T reaction, and the power density will be [NUMBER] times lower than for D-T  They don't mention it, but [helium-3 + helium-3]([URL] is a classic aneutronic prospect:  > Much speculation has been made over the possibility of helium-3 as a future energy source Unlike most other nuclear fusion reactions, the fusion of helium-3 atoms releases large amounts of energy without causing the surrounding material to become radioactive However, the temperatures required to achieve helium-3 fusion reactions are much higher than in traditional fusion reactions, and the process may unavoidably create other reactions that themselves would cause the surrounding material to become radioactive  And is a great deal of the basis of the original [ORG] anime universe, first show in [NUMBER], where a new physics allows for compact fusion reactors, but that physics won't stop neutrons  Pretty much all the conflict in the long series of shows is engineered by the mysterious [ORG], modeled on the [NRP] of [ORG], [ORG] being a very big and painful thing for a purely oil consuming nation like [LOCATION] in the [DATE_TIME]  But extracting energy out of a fusion reactor might be very hard, if you really want to learn about all this, [PERSON]'ll have to learn about concepts like [bremsstrahlung]([URL] which is how most of the energy of a nuclear weapon comes out I'm pretty sure, e.g see in the [ORG] article [Bremsstrahlung losses in quasineutral, isotropic plasmas]([URL]  This stuff is complicated for physicists, hard to experiment on, since you need high energy, high density plasmas, we're probably a *long* way from making this work as practical engineering  Harvesting fusion power from the [LOCATION] is likely to continue to be the best best, e.g [ORG]  [ORG]...."
REDDIT50_925,17,0,"[PERSON] have a degree in Applied Physics, so [PERSON] know it's hard [PERSON]'ve taken a basic entry-level graduate elective course on nuclear physics, but not enough to truly go through enough to *properly* understand what's happening with these reactors [PERSON]'d prefer to have a textbook or two in front of me before [PERSON] try to go spouting off specific details  All [PERSON] can say is that among just about all the nuclear physics grad [PERSON], [PERSON], [PERSON], and [PERSON], there is a ton of optimism for some form of a fully-working reactor by [NUMBER], and potentially practical reactors by [DATE_TIME]."
REDDIT50_926,3,0,You can't present the situation without bringing up the fact that *[PERSON] actually made a Star Control game and it's good* which is something you can't say about [PERSON] and [PERSON] over [DATE_TIME] It's easy to make [LOCATION] look like the party poopers if you leave out the little irrelevant detail that they just revived the [NUMBER]
REDDIT50_927,3,0,"According to the [ORG] reviews and [ORG] professional reviews, it is    So you know, right off the bat [PERSON]'re being misleading  The [ORG] user reviews are merely mediocre, and they are full of 0 point scores saying ""It is utter trash F U"" without any useful commentary   Hence the existence of this fucking thread in the first place., because it looks like a review bomb is going on"
REDDIT50_928,3,0,">And as [PERSON] have pointed out [ORG], there are plenty of reviews that don't appear to be ""review bombs"" pointing out that the game has flaws  Yes, there are, and if you leave the legitimate negative reviews in, and only peel out the obviously deceptive ""It's nothing like Star Control 0/10"" ones, you get *the same fucking mid-70's score as the game has everywhere else*, which is what [PERSON]'m saying to you  And what [PERSON] was saying too for that matter   >Sorry that [PERSON] and [PERSON] both seem to think his game should be free of criticism  Sorry [PERSON] can't read high school English"
REDDIT50_929,3,0,"No; [PERSON]'m saying the things that [PERSON]'m saying Anybody else who reads this exchange will see what [PERSON] mean and also see that [PERSON]'re being a pedantic little twat, so what's the point in [PERSON] saying the same things over again when there's nobody reasonable to say them to?"
REDDIT50_930,20,0,"Never been in a fight?  If you expect [PERSON] to stop just because [PERSON] are on the [LOCATION], [PERSON] are in for a big surprise  This is real life, not an episode of Power Rangers."
REDDIT50_931,20,0,"Obviously [PERSON] who just goes up to a [PERSON] and beats them near death is a piece of shit, but if [PERSON] is physically attacking [PERSON], the fight doesn’t end just when they decide to fall down [PERSON]’m going to hurt [PERSON] at least as bad as [PERSON] were trying to hurt [PERSON] If that means getting a few extra shots in while [PERSON] are down, then so be it They should not have initiated physical violence It is their fault and [PERSON] are responsible for their own injuries at that point."
REDDIT50_932,20,0,"Well if [PERSON] don’t want that to happen to [PERSON] then don’t initiate physical violence It’s that simple  Start shit, get hit."
REDDIT50_933,29,1,"*As a [PERSON] i believe that if [PERSON] have to date a [PERSON], make sure he is famous enough that everyone knows [PERSON] ain't broke.*   [PERSON] dont know sounds racist to me."
REDDIT50_934,25,0,"Somehow [PERSON] foresee the [ORG] either telling the [NRP] to fuck off, or firing the fucking lot of them and just doing everything from [LOCATION] and hiring a few [ORG] for things and not having an [ORG] at all because they will start to only trust other [PERSON] due to this corporate coup [LOCATION] attempt."
REDDIT50_935,15,1,"[PERSON] really really really hope [LOCATION] takes back the reigns They made some dumb ass mistakes, but they never went this balls deep in retardation I'd take [ORG] over [ORG] needing [LOCATION] approval just to release their games in [LOCATION] That's fucking retarded The hubris  Who the fuck are they to say what [ORG] can release in [LOCATION]? [PERSON] needs to slap sense into them"
REDDIT50_936,29,0,Is it? What if [PERSON] said buy a [PERSON] and some flour and if [PERSON] is a [PERSON] you will get some  penne bolognese?
REDDIT50_937,29,0,"Your opinion sucks,  but keep sharing it!"
REDDIT50_938,29,1,"Also just incase [PERSON] are ESL and not dumb We say ""[PERSON] are bad at something"" to say ""[PERSON] seem not good at something"" makes [PERSON] sound retarded Just so [PERSON] know."
REDDIT50_939,29,0,"Well [PERSON] did couch it ESL means english as a second language and that's fine [PERSON] put that in because i wanted to make fun of [PERSON] for being dumb, not for being bilingual."
REDDIT50_940,40,0,This isn't a good thing you dips; they're hiding [URL] from [PERSON] who don't know about it.
REDDIT50_941,1,0,"""[PERSON] time""   Theyre not werewolves you fuck."
REDDIT50_942,1,1,"Perhaps but [PERSON]'re writing in english So, at *best*, it makes them sound like pretentious cunts."
REDDIT50_943,16,0,pitiful
REDDIT50_944,16,0,wow what a unique insight that completely explains the growing intolerance towards these great female role models
REDDIT50_945,40,0,"Yeah; they nuked a post about [PERSON] being pushed in *[ORG]* for ""unrelated politics"", which seems really insane, given that that is both nerd shit and related politics  *Edit:* Checked my messages; apparently they reinstated it."
REDDIT50_946,18,0,"was it a self post as well?    and definitely, agree injecting SJW politics into a [ORG] is like the reason this sub exists."
REDDIT50_947,25,1,"When [PERSON] are a selfish, bitter, hateful [PERSON]? Yeah they are bad things then, and they certainly seem to be all of these things."
REDDIT50_948,18,0,didn't [PERSON] explain the science and it turns out there isn't a demographic of soulless people but that due to the brain being so resource heavy all humans go into a mindless autopilot state from time to time to conserve energy?  thus it's more like [PERSON] become a bit player in [PERSON]'s stories than [PERSON] having no story if i make sense.
REDDIT50_949,38,1,"Paging [HANDLE] to collect his beating  As a side note, one of [PERSON]'s criticisms here is something that was kind of a world-changing realization for me when I first started doing it  It turns out y[PERSON] *really can* just [EMAIL] the [PERSON] directly and get all kinds of juicy info, or check facts, or tell them right to their face why [PERSON] think they're wrong (politely, of course Although.. [EMAIL] tend to be incredibly longwinded with a shitload of [URL], so [ORG] sometimes labels [PERSON] as a spambot) My first experience was with some of our [ORG], and random contacting of localiz[ORG].. and [PERSON]'ve since [EMAIL]/otherwise contacted [PERSON], [PERSON], [PERSON], [PERSON], etc etc  They don't seem to even care if it's from my various anonymous accounts with ""itsn[PERSON]"" signed at the bottom instead of my real name   I think that's one of the biggest takeaways here, [PERSON] [DATE_TIME] you seemed shocked that I got a response from an [PERSON] via [EMAIL] and [PERSON] said basically ""yeah, [PERSON] tend to respond to [EMAIL]."" Now you're hearing from a [PERSON] saying you're EXPECTED to send out these kinds of [EMAIL] for this kind of work   I'm also thinking about a [PERSON] article I read where [PERSON] called him out for mass-emailing [PERSON] in [LOCATION] looking for scoops, and [PERSON] was like ""you're calling me out for doing journalism? You're retarded."" Warning: 50% of the article is ads [URL] citing [URL]  Edit: as a side note I didn't dig into this one and [got into an argument and uncritically repeated one of [PERSON]'s talking points]([URL] Also, got a response on my question already: [URL]   Edit 2: Oh shit, [PERSON] DID email [PERSON]: [URL]  >[PERSON] sent the [PERSON] an [EMAIL] with my questions and concerns [DATE_TIME] and have yet to receive a response  .. just.. uhh.. fuck me in the ass for getting on my high horse Also this was obviously all meant as a general PSA for everyone.. and totally not directed at [PERSON] for what [PERSON] had assumed was shyness or an assumption of unimportance/getting ignored  Edit 3: The long awaited drama [URL]"
REDDIT50_950,38,0,"[PERSON]'m completely unaware of how shitposting could possibly be worth money, but thanks for the complement   ^^^Ok, ^^^that's ^^^not ^^^true ^^^[PERSON]'ve ^^^heard ^^^that ^^^[ORG] ^^^are ^^^underpaid, ^^^and ^^^[PERSON] ^^^know ^^^enough ^^^about ^^^[CRYPTO] ^^^and ^^^sociology ^^^to ^^^know ^^^[PERSON] ^^^*can* ^^^get ^^^research ^^^positions ^^^in ^^^shitposting."
REDDIT50_951,38,0,"[PERSON] meant ""beating"" as in ""public flogging by the uninformed and drama-hungry mob"", not in the sense that [PERSON]'ve actually lost  [PERSON] seem to be taking my jokes a bit too seriously, so [PERSON] apologize for my numerous tweets under the hashtag #HasSitchLoggedOnYet, but in my defense ""You know I had to do it to em""  And now, my radical centrism compels me to shitpost Please don't take it personally:  > [HANDLE]: Hi, thanks for upload, it was light hearted and often shallow ([PERSON] get it, its entertainment) Now as fair warning, [PERSON] often comment semi detailed arguments that rebut the presumptions and projections of an agenda carrying polemic such as [PERSON] above, so given the care and sensitivity [PERSON] carry towards [ORG]'s Havardian hubris of confidence and air of exacting intellectual certainty, [PERSON] will give [PERSON] my special 25% level of effort below: >   > [US_PASSPORT], [PERSON] claw at rendering some truth yet [PERSON] fail to outline as if it is your duty to fail, [PERSON]'s strategy of tying a character besmirching to inescapable group identity baggage and the logic that extends beyond that two party ""inherent societal conceit"" other than to misread (or conflate with censorship/partisan narrative for clicks and likes) in an adversarial debate, as you seem to downplay the moral strength [PERSON] wielded and any sense that [ORG] had in colouring the tweetstorm >   > [PERSON] was delegitimised by the [ORG] for being a partisan selling snake oil but even [PERSON] saw the connotations of a [PERSON] sending [EMAIL] Indeed the request for comment is used to curse the [ORG] and launch crusades that pwn millions of libs but it also is the heart of a rash and otherwise unlimited cravenly unstable [ORG], so it has a yin and yang nature like all mankind so the request for comment is merely a conduit of journalistic ethics and prescriptive group governance >   > Clearly a side point of no or little interest to you [PERSON] but this one 'partisan line' post-[NUMBER] election ties to the notion of [PERSON] that he is in a hostil[LOCATION] The excuse for that hostility is expressed as due to [PERSON] being a partisan or quite clearly as a [PERSON] not on par with the intellectual and impliedly the 'radical centrism' certainty of his equals on the [ORG] side Let us leave aside the ininformed masses who are here as window dressing and as an inclusion addition that actually faltered in propositions and resolutions due to an ostensible lack of research and little or no public speaking skill >   > The underlying theme you propose PSA is that this was a meeting of equals The imposition of corporate privilege is stripped away from [ORG], thusly they do seek to vilify a rational expression of the societal construct that belittles, estranges and strips [ORG] of the dignity of successive and accumulative knowledge and strips [PERSON] of the means to accrue it through productive competence >   > Again there is a quick and easy entertaining response regarding [PERSON] as an partisan hack, dismiss the case as word salad as a 'dishonest spin' which in your case involves a meme or literally the dismissal of [NRP] case as a 'dishonest spin' as [PERSON] do In your case [PERSON] apply a meme to maximise popular low brow consumption (and profitable clicks) with that motivation [PERSON] see your nature >   > PSA, [PERSON] contend herein [PERSON] are not sharing in the debate to advance understanding [PERSON] are in the debate to apply some salve to the injury to your group identity's pride Perhaps it is better put as try to put some slave head in your mouth as you chew the cud as to how a [PERSON] is arrogant or deceptive for raising concern about group bias against certain tech-types acceding to elevated places of thought and action in [LOCATION].﻿  Putting that all aside, deeply confused by what you mean exactly by ""suckered""? My main point here is that we all should send more [EMAIL] to the [ORG], and I have previous information that you used to be reluctant to send [EMAIL] ([PERSON]) and were surprised that [ORG] would respond to randos ([PERSON]) To agree with [PERSON] that you should send more [EMAIL], while embarrassing given the fact that you did, is nothing wrong The other main takeaway from my various posts on this topic is that [PERSON]'m a drama-hungry degenerate and that [PERSON] know it [PERSON] was completely unironically on the edge of my seat for the moment that you faced [PERSON], after his passive-aggressive callout that mysteriously left [PERSON] out There's literally no reason [PERSON] couldn't have simply tagged [PERSON] in himself, except to ramp up the drama that extra notch The shitposting that [PERSON] read as ""getting suckered"" are primarily [PERSON] snitching on [NRP], with [PERSON] pings, twitter mentions, and finally a YouTube comment Sorry, but it's not in [PERSON] nature to leave a boring ""hey, [PERSON]'s talking shit"" and must instead ramp it up successively until [PERSON] use excessive and vulgar imagery to convey that same simple message   For those in the audience, the ""excessive"" version is:  >[PERSON] am rock hard imagining [PERSON] posting this, completely unaware that he's currently at the center of a bubbling controversy with [PERSON]   >A smile as wide as his frown is stiched into my face as I imagine an innocent and unaware [PERSON] posting this as he's torn apart on Twitter [URL] and on [NRP]: [URL]   >I am nothing short of euphoric with sadistic, malicious glee as [PERSON] imagine [PERSON] realizes that at the same moment [PERSON] mocked others for [DATE_TIME] drama-starting videos, [PERSON] had inadvertantly started his own pointless internet drama   >In other words, [PERSON] am radical centrism embodied   >Throw [PERSON] under the bus [PERSON], [PERSON], [PERSON].. and even [PERSON] A delicious and destructive revelry, where [PERSON] is wrong  [PERSON]'m quite proud of it from a literary standpoint Really captures how much of a piece of shit [PERSON] know [PERSON] am, gives the [PERSON] a visceral ""yikes"" reaction, and yet seductively invites them to join [PERSON] and watch the shitshow about to unfold   My final point is this: [PERSON] did get the [ORG] point wrong, and it's inconvenient to [PERSON] that [PERSON] now have to be more careful about what [PERSON] say about this shit, because other topics have been more interesting to look into than [ORG] that's already covered by plenty of other people Nobody's gonna read AoIC or UCIESC papers to me, so [PERSON] was counting on [PERSON] to be basically the entire basis of my opinions on [ORG] Now [PERSON]'ve gotta do my own due diligence, and it's gonna be a complete waste of  time, because [PERSON]'m still going to come up with ""[Furthermore, the [ORG] discussion of what this document is and does is simply incorrect This is a relatively objective observer describing what has happened and why, and doesn't reach a discussion of what [ORG] should have done or should do next until [DATE_TIME]]([URL] which [PERSON] basically just straight repeated out of your mouth In other words, any amount of hostility [PERSON] detect from [PERSON] beyond simple shitposting is a combination of ""now [PERSON]'ve gotta do more work..."" and ""[PERSON] were the chosen one! [PERSON] were supposed to bring balance to the force, not destroy it!""  Edit: As [someone who personally invites controversy at every turn]([URL] [PERSON] understand your feeling of ""why [PERSON] booing me, [PERSON]'m right!"" but think [PERSON]'re going to just have to deal with the fact that everyone's here to throw popcorn and [PERSON] doesn't visit [LOCATION] anymore, so [PERSON]'re it Sometimes the circlejerk is just too strong."
REDDIT50_952,44,0,Just make all those angry white people black Problem solved.
REDDIT50_953,18,0,[PERSON] [PERSON] hope [PERSON] are right about this  [PERSON] felt the mean [PERSON] case would be the stone to murder the whole flock of horrible birds plaguing [DATE_TIME]'s society  was actually very woried about no news happenin[PERSON] for so long because of that too many final blows got memoryholed letting the problems continue  what were the breaking points of other moral panics if [PERSON] may ask?  maybe we can learn from them and help get it all over with  [PERSON] wanted the [PERSON] doxxed just so it gets picked up by the [ORG] and [ORG] as [PERSON] try t figure out why would these [ORG] people want to attack these [PERSON] only to learn the truth.
REDDIT50_954,25,0,"[ORG] think only the [ORG] count as the ""[ORG]""  If [PERSON] was to make a blog about politics [PERSON] would be the fucking ""[ORG]""."
REDDIT50_955,16,1,did [PERSON] not realize [PERSON]'re retarded
REDDIT50_956,16,1,are you actually retarded or are [PERSON] just havin a good time
REDDIT50_957,47,1,"[PERSON] sound like an uninformed, ignorant faggot who doesnt read articles and goes straight to opinion fuckn moron."
REDDIT50_958,47,1,"Excellent post   Highjacking to highlight a couple of important reminders for those of you who are tired of hearing that DV is [""just a clean-up word for wife-beating,"" and ""we know it's not [PERSON] beating up boys, it's [PERSON] beating up girls.""]([URL]   * One study from [ORG] claim women commit 70% of domestic violence  [URL]   * An International DV violence study encompassing 32 nations comes back with the same results: Female violence again more common than male violence  [URL]  Here's the most important table: [URL]  Here's the PDF of the entire paper: [URL]   *  [When an [PERSON] called the [ORG], the [ORG] were more likely to arrest him than to arrest his [PERSON] The men who called the [ORG] were arrested in 26% of cases, whereas their [PERSON] were arrested in only 17%]([URL]  * [Women are ‘more controlling and aggressive than men’ in relationships]([URL]    Remember, cunts, Holding women accountable for violence IS [ORG]    Edit   Also, we lost a good man [DATE_TIME], head mod and destroyer of /all twats, [PERSON] Sad day for [ORG] as he made [ORG] what it is today He was a good man   Now, go pay your respects, cunts:    >Founding member and head mod, [PERSON], has passed away [URL]"
REDDIT50_959,18,0,what isnt sexist [DATE_TIME]?
REDDIT50_960,10,0,"[PERSON] seem to remember a certain [PERSON] utter something along the lines of ""everything is sexist, everything is racist and you must point it all out""."
REDDIT50_961,12,1,"HAHAHAHAHAHAH [PERSON] love all the white knight cucks who dont' say shit until [PERSON] gets slammed  I hate [ORG] too, [PERSON]  But [PERSON] hate cunts more...."
REDDIT50_962,36,1,"""ahh, because you are a twat Thanks for answering!"""
REDDIT50_963,36,0,[ORG] [DATE_TIME] [ORG]
REDDIT50_964,4,0,"> “The whole ‘gate’ suffix is ridiculous,” said [PERSON] “It doesn’t mean anything: there’s no scandal here [ORG] had a break-in ‘[ORG]’ at least had the (thoroughly discredited) idea that there was something fishy around ‘ethics in game journalism.’ ‘[ORG]’ has nothing — no scandal, no event, nothing to prove and nothing to deny — beyond ‘I don’t like some comics and would like for them not to exist.'”  Lol - [PERSON] has no idea what he's talking about re: [PERSON]  At least [PERSON] tries to be somewhat sensible in this, even in a 'this whole thing is a dumb internet slapfight' sense  Edit:  IDK if this shit counts as a 'scandal', but there's certainly been some fuckery from [ORG] (if [ORG] is borked again look them up on archive)  [URL]  [URL]  [URL]  [URL]  [URL]  [URL]  [URL]  [URL]  [URL]  [URL]  [URL]  [URL]  [URL]  [URL]  [URL]"
REDDIT50_965,40,0,[DATE_TIME] discredited)  *NOTORIOUS MASS MURDERER [PERSON]*
REDDIT50_966,33,1,"Also, if there is nothing, no scandal or anything, why every single [PERSON] tweets daily about [ORG]? (and [PERSON] asks why these [PERSON] keeps missing deadlines If you spend all your [DATE_TIME] and night tweeting retarded bullshit, thank fuck [PERSON] don't have time to write/draw your stuff)"
REDDIT50_967,47,1,"[PERSON] derangement syndrome is in full swing im pretty sure its a fetish at this point   be original, cunt"
REDDIT50_968,9,0,"Yeah, but here's the thing [PERSON], only [ORG] thought that about blacks  Just as only [ORG] use condescending terms for someone's race .. for example [PERSON] might be familiar with the word 'nigger'?"
REDDIT50_969,27,0,"Hey [PERSON], the [PERSON] in the video doesn't know you, [PERSON] won't fuck you"
REDDIT50_970,11,0,"They live in the stone age  [ORG] at work   If [PERSON] watch the documentary on this, they're basic subsistence, a step above basic survival  Go into the [LOCATION], find a [LOCATION], build a hut, and there y[PERSON] are, [PERSON] caught up to their entire [LOCATION] in a week  Now [PERSON] just need an endless parade of tourists, [ORG], and [URL] to keep [PERSON] fed  Throw in a few goats, chickens, at [PERSON]'ve improved  [ORG] and [PERSON]'ve just surpassed them"
REDDIT50_971,11,0,"As long as [PERSON] still engage in ancient tribal issues with machetes and AKs rather than shitposting on [ORG], [PERSON] won't go far  Here's a [LOCATION] massive in resources that are being fucked up because [PERSON] don't know how to shit post   Seriously a good [NUMBER] and OLPC and they'd be subdued by spicy memes in no time."
REDDIT50_972,11,0,"[PERSON]'m guessing they couldn't afford the good quality stuff, but the cheap [NRP] quality  I mean considering the [ORG] is designed to be dropped, filled with mud, have a wide breach, and be dragged along t[PERSON] ground by an [PERSON], [PERSON]'m guessing [PERSON] bought or traded some rusted out guns and [DATE_TIME] ammo for whatever."
REDDIT50_973,47,1,"this lie is getting soooo old its not true trust me our numbers saw no rise in members when [LOCATION] closed its all been a steady climb, same as always  stop regurgitating bullshit, ya [PERSON]"
REDDIT50_974,47,0,[PERSON] wanna know how [PERSON] can make it better?
REDDIT50_975,47,0,"you can submit your own   edit  >maybe kill a couple brain cells to think that women are privileged for being protected under assault laws  someones never heard of the DULUTH model Also the fact that when men call the [ORG] for getting the shit beat out of them by their [PERSON] or [PERSON], 35 percent of the time, they are the ones who get arrested despite showing physical proof that they (men) have been assaulted and zero physical proof that women had been touched at all in the first place   you mean that sort of protection? yeah, i really need to kill some brain cells thinking up that doozy the the very defenition of both privilege and immune to penile punishment  how about this:  men are convicted 100 percent more than women  men receive 65 percent higher sentences than women for exact same crime"
REDDIT50_976,47,0,What are you talking about? Where did I say that?
REDDIT50_977,47,0,lmao holy shit [DATE_TIME] are you sure [PERSON] dont want to go back [DATE_TIME]??????   i think [PERSON] have a [PERSON] congrats [PERSON] you are one fucking unhealthy dude
REDDIT50_978,47,0,"lol [PERSON] it is holy fuck, [DATE_TIME] that was awesome even with no context, being irrelevant, and the parent comment being deleted, that was some weird ass shit to pull out of your ass   enjoy your flair, [PERSON]"
REDDIT50_979,38,0,"So, ever the contrarian, [PERSON] actually think the study is pretty good [PERSON] have plenty of things [PERSON] disagree with, but it's clearly written with pretty honest analysis [PERSON] did manage to find a false positive lis[PERSON] as a [PERSON], but to be fair the [PERSON] was buying retweets and later deleted his channel and renamed his [ORG], so it would have been easy to drop that [ORG] through the cracks  The biggest thing that [PERSON] want to draw attention to is that the [PERSON] has repeatedly expressed disappointment that anyone focusing on ""[ORG]"" is completely missing the point of the study, which details how the bots are a tiny fraction of a fraction, and that most of them have since been purged by [ORG]  In reference to [URL] he says ""This one gets it right."" [URL]  Here's an excerpt from that article:  >None of that is to say this was [PERSON]'s intention The 38 page research paper explains his methodology in-depth and with great clarity [PERSON] draws conclusions based on the dataset [PERSON] has acquired and even states that it has ""limitations"" and the study is of a ""less-than-comprehensive nature"" In his conclusion, [PERSON] remarks that the assertions made within his paper must be considered only within the ""limited scope of the data set""  >[PERSON] knows that makes for a less exciting story  >""Having worked as a [PERSON] for [DATE_TIME], [PERSON] know how the game works,"" [PERSON] explains  >[PERSON] is ""moderately disappointed in some of the [ORG]"" that ran articles without taking the time to get a little deeper He understands that some of his findings were buried because they produce a less enticing lede than ""[ORG] invading the [LOCATION].""  >That's just not what his research suggests  >""The suspected [NRP] trolls are so few that it is basically the normal amount of [PERSON] you would expect to be present in a high-profile online debate.""   And now for some tweets:  >[PERSON] don't come to that conclusion at all.**[PERSON] have wrongly extracted that from the [ORG]** The [ORG] just shows that there is deliberate politicization happening, i.e [PERSON] are inserting partisan politics into Star Wars discussions now for different reasons [URL]    >Very true But having worked as a journalist for [DATE_TIME] myself, [PERSON] know the game ""[ORG]"" is much more fun than ""[ORG] use Star Wars fan discussion to vent political viewpoints"" Or ""On social meda, people are political"" 😀 [URL]  >Absolutely That's the real question, isn't it? And **if everyone could stop focusing on the tiny detail about [ORG] in the paper**, they would find at least a partial answer in it: [PERSON] fanning the flames for political reasons, even in [LOCATION] discourse [URL]  >**With all due respect to the [PERSON], the study actually says the opposite There's only a small number of bots**, but an interesting number of trolls, and a lot of [PERSON] with a political agenda Also, [PERSON] graduated, thanks 😁.[URL]  >That has nothing to with it [ORG] are everywhere, they insert themselves in discussions all over the Internet and have done so for years [ORG] is just another venue The paper is on deliberate politicization of fandom in general, not just [NRP] efforts [URL]  >Read the paper That's not what i[PERSON] says **[ORG] are a tiny group within a larger one** The [NRP] troll activities target anything where disruption can be made But it's just a small part of the findings [URL][PERSON], this guy is low-key roasting journos and randos that didn't read the paper and are only interested in getting that juicy ""RUSSIA!!1!!"" clickbait, which, ironically is another component of how insanely political literally everything on [ORG] is [DATE_TIME] (i.e the thing [PERSON] was ACTUALLY studying)  As a final note, [PERSON]'s also perfectly willing to talk to people who have criticisms of the work, even tiny [ORG]: [URL]"
REDDIT50_980,4,0,Should we ask [PERSON] if [PERSON] wants to come on here to talk?
REDDIT50_981,38,0,"[PERSON] responded to [EMAIL] [DATE_TIME] about the false positive, so [PERSON] can ask [PERSON] if [PERSON] has interest   [PERSON] know [PERSON]([URL] seeing the post in [ORG] (which is probably a better ""neutral ground"" to talk to [PERSON] about it), but all [PERSON] found there was a pretty bare-bones analysis: [URL]   I have no idea what use it will be, since none of us read the study either It's just going to be retarded and misguided shitflinging, and if that's all that's going to happen, just do it on [ORG]: the platform literally designed for it."
REDDIT50_982,4,0,"> [PERSON] have no idea what use it will be, since none of us read the study either  [PERSON] did It's free to view online  [URL]  I'd like to ask him how many of the anti-SJW tweets [PERSON] received specifically after he called out [PERSON] This seems important."
REDDIT50_983,38,0,"Yes, [PERSON] know it's free online What [PERSON]'m trying to communicate, via hyperbole, is that much of the coverage by [ORG] has been misguided in focusing on 16/206 negative accounts/tweets that were identified and described as [ORG] And that this is out of around [NUMBER] total ""analyzed"" tweets [PERSON] has been focused on that angle too, and this linked article also focuses on the [ORG] angle, because that's what the misguided other journos were getting wrong  Most other [ORG] that would come and comment on an AMA thread have no idea what the study actually is looking at, or can describe why the methodology or analysis is wrong We can all point at the [ORG] who reported on the study WRONG, but we'd find ourselves in agreement with the [PERSON] on that front   The angle yo[PERSON] pointed out is something pretty interesting that [PERSON] hadn't considered Whether further study would separate the tweets into ""pre-GG"" and ""post-GG"" engagement   To [PERSON], it's obvious that there's something meaningful to be gleaned from the study about ""see, this is why you don't gather tweets in this manner and look at them in complete isolation completely manually"", but how much of that will be discussed civilly with the the [PERSON] compared to how many of us will just call him a liberal shill for his study on [ORG]?  Who's going to just have all the proof they need on hand?   I don't kno[PERSON] Maybe this [PERSON] has literally never ever been on the bad side of [ORG] and can't make meaningful casual observations that are super obvious to degenerates like [PERSON] or the [PERSON]:   >Just from using the platform casually, in my experience tagging [PERSON] in Twitter is pretty uncommon and ""@-ing"" someone is a method of communication disproportionately used by [PERSON] who get their kicks knowing that you get a notification of their message The average [ORG] user tweets something like ""I don't like Star Wars,"" the average troll tweets ""[HANDLE] you ruined my childhood you overrated hack.""  It would be pretty embarassing to see [PERSON] get completely and casually btfo by us and our degenerately deep knowledge of [ORG], but [PERSON] think [PERSON]'s more likely to find a bunch of [PERSON] who haven't/can't read, but have already formed a misguided opinion based on the misguided reporting  Edit: .. Thinking back on it, the ""know you're gay"" is also a super casual BTFO for anyone who has actually read it [PERSON] didn't catch that because once [PERSON] saw that [PERSON] was taking individual tweets to summarize a [PERSON]'s entire online persona, [PERSON] was only skimming it for [ORG] I'm basically illiterate What [PERSON] ended up finding after digging that angle proved me right with [DATE_TIME] of googling."
REDDIT50_984,4,0,"> The angle you pointed out is something pretty interesting that [PERSON] hadn't considered Whether further study would separate the tweets into ""pre-GG"" and ""post-GG"" engagement  I was tired [DATE_TIME], but I knew that I'd seen [HANDLE] comment on this  [URL]  > “At some point, [PERSON] twee[PERSON] about how there’s a big overlap between people who are engaged in the [ORG] discussion, and the people who were participating in this new discussion,” [PERSON] said “At that point, a lot of people from the [ORG] controversy actually joined in just because they heard about the term [ORG] being used in another relation It emphasizes the point that these things are spreading to a degree where [PERSON] who are engaged in a different part of a political discussion, will then move into a [LOCATION] to keep pushing that agenda.”  [PERSON] don't want to be rude, considering [PERSON]'s reading this now But this seems like such a blindingly obvious observation with such a wrong conclusion  [PERSON] said something inflammatory and accusatory about [ORG] People who are interested in [ORG] saw this, particularly after the tweet was reported in the [ORG] and so attempted to engage [PERSON] about it Is that 'pushing an agenda'? Or responding to someone else's? It seems like he's assumed nefarious intent here."
REDDIT50_985,38,0,"[PERSON] next study: ""Don't poke the hornet's nest: A description of the effect of mentioning [ORG] on twitter, which could easily be misconstrued as victim blaming the targets of [ORG] but is actually a virtue signalling denouncement of [ORG]""  Sounds hot."
REDDIT50_986,4,0,"> So, is there any need for the [ORG] characters to be in those uniforms? No, the uniforms don't seem to be involved in any plot points But why have it at all? **Why even attempt to evoke it when the ima[PERSON] might (as it did with [PERSON]) conjure up negative connotations?** It only seemed as if the [PERSON] just liked the aesthetic, and perhaps, like in those memes, there's a fun sense of irony in the dissonance between sympathetic characters and SS-esque uniforms   Because [ORG] are not beholden to your feelings?  Edit:  [PERSON] gave his thoughts on this article:  [URL]"
REDDIT50_987,37,0,But then they licence some of it to [ORG]....
REDDIT50_988,14,0,"[PERSON] have few suspicions  [PERSON] essentially fucks literally everything that moves and has a vagina I doubt they'll turn him bi- but [PERSON] also doubt they will allow him to be the womanizer that he is At the very least there will be some ridiculous ""yes means yes"" consent talks  [PERSON] also wouldn't be surprised if [PERSON] I mean [PERSON]'s the embodiment of peak masculinity, we can't have that obviously  Th[PERSON] may even go down the [LOCATION] and turn him into a secondary character in his own story while focus mostly on [PERSON], [PERSON] and [PERSON] I also expect [PERSON]'s sexuality to be blown out of proportions later and turn [PERSON] into a full blown bisexual [NRP] icon  Hopefully [PERSON]'m wrong but [PERSON] doubt it."
REDDIT50_989,41,0,No.
REDDIT50_990,0,1,"""Hey guys, look at me, [PERSON]'m retarded!""  ""...Fuck off, retard.""  ""Joke's on you, [PERSON] was just pretending to be retarded!"""
REDDIT50_991,0,0,"[PERSON] mean.. That just showed how stupid some of the [PERSON] who watch the show were, but [PERSON]'m not sure how the actions of those people should turn [PERSON] against a show you like The bit about the sauce in the context of the show was fine by [PERSON], but the [PERSON] who flooded [ORG] are a different story..."
REDDIT50_992,10,0,Here's hoping [ORG] finally see the light and hop on the PC bandwagon The other consoles can come too.
REDDIT50_993,34,0,"It's an interesting argument, isn't it?  Technically speaking, if [PERSON] live with a [PERSON], [PERSON] are more likely to get assaulted or attacked, because men commit more crimes like that  The logic is absolutely sound  However, it's *also* logical, in that case, to also write 'no blacks', because [PERSON] commit more crime, proportionally speaking, than [PERSON], so if you live with a [PERSON], you're more likely to get assaulted or attacked  [PERSON] wonder if this [PERSON] would be happy to have the same logic applied to race, as [PERSON] applies to gender  Or whether [PERSON] would suddenly shout 'no way, that's racist!'  Another thought that [PERSON] had is that, if we take it as correct that men are stronger and more physically dangerous than women, on average, that could work to your advantage, as well as your disadvantage, if [PERSON] were a [PERSON] living with a [PERSON]; this is because, if someone attacked [PERSON] in [LOCATION] (e.g a burglary or something), the [PERSON] [PERSON] are living with would be able to defend [PERSON] better than a [PERSON] could  It's a shame we can't have discussions about this rationally without it turning into an unpleasant argument  Anyway personally speaking [PERSON] think it's unfair to judge [PERSON] based on their race, gender or sexuality, it's more important to meet the [PERSON] and find out what [PERSON]'re like, than to look at what gender they are and instantly dismiss them based on that  But [PERSON] understand women who are afraid of sharing with [PERSON] they don't know, [PERSON] honestly do understand the logic  [PERSON] would be wary of sharing a [LOCATION] with *anyone* [PERSON] didn't know well, regardless of their race, gender, or sexuality; [PERSON] think [PERSON] in general are fucking awful."
REDDIT50_994,34,1,">what [PERSON] don't understand is the very rude conversation [PERSON] had   [PERSON]'s a cunt, doesn't seem that hard to understand"
REDDIT50_995,21,0,"This video takes place in [LOCATION], a country in [LOCATION] and it should be noted that the [PERSON] almost dies."
REDDIT50_996,21,0,what? are you responding to the wrong [PERSON]?
REDDIT50_997,21,0,"in what [LOCATION], are what [PERSON] said ""feelings."" [PERSON] listed a number of hard, cold facts, and facts, don't care about feelings   okay see [PERSON] fix things with my hands and [PERSON] do good work and [PERSON] don't need some punk looking stupid on the [LOCATION] by commenting wrong calling [PERSON] names  who is downvoting [PERSON]?  [PERSON] wish all of you were pretty ladies like this one, that way [PERSON] wouldn't have to feel so guilty to God for getting a boner while [PERSON] kick all your asses!"
REDDIT50_998,21,1,"Yeah [PERSON] know death, [PERSON], and [PERSON] will show you how it FEELS   See the thing about me is [PERSON] like to work with my hands [PERSON] don't take no shit from nobody and [PERSON] work with my hands  then this one day [PERSON] was on this there [LOCATION] watching [PERSON] get smashed like they deserve to and wouldnt you [PERSON] know they said something WRONG so as [PERSON] told them what for [PERSON] did and [PERSON] done and called th[PERSON] a bad name and that will teach them to be wrong and act like they know stuff more than [PERSON]  &[PERSON];  I like to work with my hands  [PERSON], [PERSON]  you got [PERSON] all fucked up"
REDDIT50_999,21,0,it's just a bunch of lyrics from songs [PERSON] like.
REDDIT50_1000,21,0,Yeah [PERSON] do and what is wrong with that?
REDDIT50_1001,21,0,Yeah well if [PERSON] did [PERSON]'d probably want to touch it [PERSON].
REDDIT50_1002,21,0,send me [DATE_TIME] instead of in public like this
REDDIT50_1003,19,0,[PERSON] seems to be being a bit spammy actually too.
REDDIT50_1004,19,0,"If you look at [PERSON] post history [PERSON]'s been just creating topics in this weird format lately, at least [PERSON]'s responded though."
REDDIT50_1005,19,0,"[PERSON] don't have a problem with [PERSON], [PERSON] just seemed to be behaving a bit spammy lately if you look at his profile."
REDDIT50_1006,1,0,Imagine being so self centered [PERSON] think men are literally grinding their teeth down in seething anger that they cant talk to [PERSON].
REDDIT50_1007,1,1,"[PERSON] mean sure, it might happen occassionally  But were not talking about [PERSON] actually ripping an earbud out of [PERSON] ear and shouting at [PERSON]  [PERSON] deliberately worded it in a way that only the most conceited [PERSON] in the [LOCATION] would imagine how it works ""A [PERSON] will be in the corner grinding his teeth, seething in anger""  Look at the wording Its meant to invoke either images of animalistic raw anger As if [PERSON] just so desirable it turns off the human part of mens brains Or some gollum-esque manbeast hunched in the corner muttering to himself ""how dare the precious ignore us!""  AND [PERSON] seems to think this is a common occurance..."
REDDIT50_1008,1,0,Lol fuck off.
REDDIT50_1009,40,0,"Reminder that the post they all showed up to upvote contained this lovely bit:  > [PERSON] were pissed and threw tantrums and defended their institutionalized exclusion like they were the aggrieved [PERSON], but eventually went along with it, little as possible, because they had to And a funny thing happened on the way to the ruination of [ORG]: these [PERSON] they were force[PERSON] started adding value  **[PERSON]'m sure they'll fit into this [ORG] just fine; let them in, [PERSON]!**"
REDDIT50_1010,40,0,"Yeah, except the only weapon [PERSON] have is ""politely ask them to stop"", and your gate is made of tinfoil with the words *PLEASE PRACTICE GOOD REDDIQUITE* written on it."
REDDIT50_1011,40,0,"Why would [PERSON] need those tools? They just get the [ORG] to ban the accounts for them, something which [PERSON]'re not allowed to do."
REDDIT50_1012,40,0,"Oh, no; the ""[PERSON]"" wasn't referring to mods in general, it was referring to mods of subs the [ORG] don't like  See, no one has any tools at all to deal with [ORG], so [PERSON] has to complain to the [ORG], which means the [ORG] then get to selectively decide which subs to help and which to leave in the open."
REDDIT50_1013,5,0,Fucking hate crossposting.
REDDIT50_1014,28,0,"Nah, this is more a matter of engineering sitting on levels of engineering from [PERSON] which sit on engineering of [PERSON].. all the way to bedrock [PERSON] seemingly understanding how it all connects and how changed on any level will change things elsewhere"
REDDIT50_1015,4,0,"> [DATE_TIME] is synonymous with the beginning of [ORG], an online hate group that targets journalists, women, people of color and the [NRP] community in and around the game industry [ORG] has been credited with providing support for the [ORG] and later the [ORG], as well as engineering a template for harassing other journalists throughout the [NUMBER] election season into [DATE_TIME][ORG], truly the most marginalized group of all..."
REDDIT50_1016,4,1,"If we're so in with the [ORG], why did [PERSON] go full retard over violent video games [DATE_TIME]?"
REDDIT50_1017,36,0,"[PERSON]? So ""racism"" is now entirely a minority concept, and [PERSON] aren't allowed to talk about it? ROFL   [PERSON];  Okay, we'll shut up about it But that means you can't cry to us about it, either   [PERSON];"
REDDIT50_1018,36,0,"yeah [PERSON] allegories to nazism were almost as obvious as Star Wars. but not nearly as well thought out      It's a fairly shitty kid's book people If [PERSON] are over the age of say, 18, and it's still ""deep and meaningful"" for [PERSON], [PERSON]'m very sorry [PERSON] have to wear a helmet everywhere [PERSON] go   &#x200B;"
REDDIT50_1019,43,0,"[PERSON]  Your comment is all the more hilarious given that your point of comparison is fucking Star Wars ""You know what's so much better than children's books? Children's movies!""  But I suppose that's not a good rebuttal on [PERSON]: the [NRP] allegories in Star Wars are literally skin deep (mostly in the Stormtrooper uniforms); if ""deep and meaningful"" equates to ""well thought out"" to [PERSON], then the ones in Star Wars ain't well thought out either."
REDDIT50_1020,36,0,No shit? Maybe [PERSON] said that because the ones in [LOCATION] weren't deep in thought out either?   Lol We get it THEY R THE GREATEST [ORG] BOOKS EVARRRRR! thou shalt NOT take the name of [PERSON] in vain!
REDDIT50_1021,43,0,">> were almost as obvious as Star Wars. ***but not nearly as well*** thought out  > Maybe [PERSON] said that because the ones in [LOCATION] weren't deep in thought out either?  Sure, because that's what the earlier comm[PERSON] is saying  > Lol We get it THEY R THE GREATEST [ORG] BOOKS EVARRRRR! thou shalt NOT take the name of [PERSON] in vain!  No it isn't, and she's a hack (and not only for pandering to [ORG] so much).. but that doesn't mean that [PERSON] is any less pseudo-intellectual and pretentious, and why shouldn't that be pointed out?"
REDDIT50_1022,36,0,"Okay, look: [LOCATION] is cardboard cutouts against a pretty background It's not deep and meaningful at all Thus my comparison, in a SARCASTIC WAY, that [ORG] is less deep Get it yet?   &#x200B;  ""pseudo intellectual""? No It's a critique of the books and their concepts Nothing ""pseudo intellectual"" about it [PERSON], mortimer   &#x200B;"
REDDIT50_1023,43,1,"> Okay, look: [LOCATION] is cardboard cutouts against a pretty background It's not deep and meaningful at all Thus my comparison, in a SARCASTIC WAY, that [ORG] is less deep Get it yet?  Ah, how [PERSON] love the ""[PERSON] was only pretending to be retarded"" defense  >> It's a fairly shitty kid's book people If [PERSON] are over the age of say, 18, and it's still ""deep and meaningful"" for you, I'm very sorry [PERSON] have to wear a helmet everywhere you go  > ""pseudo intellectual""? No It's a critique of the books and their concepts Nothing ""pseudo intellectual"" about it [PERSON], [PERSON]It's hilarious how your defense of your pseudo-intellectualism is *itself* pseudo-intellectual [PERSON], your earlier comment wasn't a critique of any concept; it was just an attempt at making yourself feel better because [PERSON] don't like a [ORG]."
REDDIT50_1024,43,0,"Eh, agree to disagree there; my point was, well, pointing out the pseudo-intellecualism anyway."
REDDIT50_1025,36,0,"Please, do, continue lecturing [PERSON] on what [PERSON] meant and what [PERSON] was thinking, while calling other people pseudo intellectual and pretentious LOL      Actually, just go back to fapping to hermione/hagrid slash   &#x200B;"
REDDIT50_1026,43,0,"> Please, do, continue lecturing [PERSON] on what [PERSON] meant and what [PERSON] was thinking, while calling other people pseudo intellectual and pretentious LOL  [PERSON] really think yourself above criticism, huh? Own up to the bullshit [PERSON] said instead of whining because your shit writing can be so easily interpreted in ways [PERSON] didn't intend (and [PERSON]'m being charitable there, it's pretty obvious that [PERSON] did intend to pat [PERSON] in the back, but hey, whatever lets [PERSON] save face)   [PERSON] mean, [PERSON] literally devolved into ""no, [PERSON]"", which is ironic given that the only reason [PERSON] replied to [PERSON] was your stupid pretense that [PERSON] resonating with [PERSON] past 18 meant that you were a manchild who needed to walk everywhere with a helmet."
REDDIT50_1027,47,0,"It's obviously been pre established that they're going to throw down, but hey, [PERSON] should just give [PERSON] a free swing, right?   [LOCATION], [PERSON]? [PERSON] wanna come to [LOCATION] and stand in your face with my fists squared  And if [PERSON] try to swing at [PERSON] first, [PERSON]'re a raging asshole, k?"
REDDIT50_1028,47,0,"[PERSON] have legal support for hitting [PERSON] first its called  preemptive strike laws  honestly, i mean, honestly, do [PERSON] just argue out of their asses now [DATE_TIME] sans facts and logic? just intuition?   [PERSON]'r[PERSON] allowed to defend yourself as soon as a credible threat of violence presents itself [PERSON] approaching [PERSON] with their hands up in a fighting stance qualifies."
REDDIT50_1029,47,1,"oh the fuck it isnt if anything, duty to retreat laws like youre talking about have been abolished and replaced with stand your ground laws   >If [PERSON] feel threatened by [PERSON] [PERSON] can leave the [LOCATION] or call the [ORG], not attack them unless it's an imminent threat  good for fucking you but the rest of society doesnt have to play pussy we actually have the right to stand our ground    > now make it a [PERSON] who was hit, good luck   [PERSON] here, ya sexist cunt"
REDDIT50_1030,17,0,"Actually, this is one of the first time's [PERSON]'ve ever heard [PERSON] trying to ban [ORG] for racism The [PERSON] issue has been going back [DATE_TIME] though."
REDDIT50_1031,23,0,"God DAMN! [PERSON] didn't know [PERSON] was trained in [ORG]! But then again how could [PERSON] not guess? [PERSON] is a [PERSON] on the [LOCATION] selling sticks He hasn't cut his hair in [DATE_TIME]! You don't fuck with those type of people, they're all super peaceful to counteract the **raging hatred** inside them for all humankind [PERSON] kept forcing it until his meditative calm broke, and paid the fucking price."
REDDIT50_1032,29,0,[PERSON]? Just go to the [LOCATION] and tie up a few.
REDDIT50_1033,47,1,"[PERSON] so buried up to your ass in ideological partisan bullshit that [PERSON] recoil in horror to ""cuck,"" even though the word was used correctly unironically there was no partisan reason the word was used [PERSON] used the word in its correct format and [PERSON] first reaction was to tie it to politics because thats how fucking superficial [PERSON] have become   if [PERSON] are into open relationships, [PERSON] are, by defini[PERSON], [PERSON] [PERSON] probably didnt even realize thats what the word meant   yeah, no shit he used the word ""unironic."" he was using the term correctly, [PERSON]    edit   a[URL] little [PERSON][HANDLE] reported me for  >[PERSON] reports: 1: It's targeted harassment at [PERSON]   lol ""ignore reports."""
REDDIT50_1034,30,0,">Which is a synonym for feminism  [URL]  [URL]  [URL]  [PERSON] The term is about a lot more then gender issues Stop trying to appropriate our label  >You are talking about [ORG] and [PERSON] use feminism instead of egalitarian to emphasize that historically, women have been more oppressed, not always, but more oppressed than men  Or maybe because it's a [ORG] which was created for and has always prioritized benefit to women, even in [LOCATION] where women were better off Unless you think [PERSON] were privileged over women before feminism came along."
REDDIT50_1035,30,1,">[PERSON] you are dense   Do tell  >  Assuming [PERSON] think male rape victims are more privileged that women because [PERSON] claim to be a [ORG] is absolutely retarded  I didn't [PERSON] said [ORG] has always tried to benefit women before men even when men were worse off Like [PERSON] [ORG] has bought a lot of attention to [PERSON] while ignoring and sometimes actively silencing efforts to help [PERSON], who were already screwed over by comparison to women before [ORG] even existed  If [ORG] was about equality, [ORG] would devote more than a fraction of [ORG]'s effort to helping [PERSON] [ORG] does not [ORG] regularly genders rape and abuse as ""violence against women"" by men [PERSON]'ve had lots of discussions with [ORG], and a lot of them just say [ORG]'s men's job to get support for thems[ORG]   Even though [ORG] often says *[PERSON]* should support [PERSON], and [ORG] even get government support  According to some [ORG], men aren't really systemically discriminated against when [PERSON] do report, [PERSON]'re just too sexist to admit they were victimized, like women The irony never seems to register  > [PERSON] already emphasized the nuanced difference and [PERSON] still ram it down that if [PERSON] use the word feminism [PERSON] can’t possibly agree that some men have had a hard go  No, [PERSON] don't If [PERSON] misunderstood me so badly, [PERSON] have even less confidence in your interpretation of feminism Especially since [PERSON] didn't respond to [PERSON] first point about feminism and egalitarianism being different."
REDDIT50_1036,4,0,"Were many actual [NRP] bothered by this? [PERSON] saw [PERSON] on Twitter, and [PERSON] got loads of replies saying '[PERSON]'m a native and [PERSON]'m not offended'."
REDDIT50_1037,6,0,"> [PERSON] are biased against st women because [PERSON] fucked [PERSON] over  [PERSON] married a [PERSON] and tried for [DATE_TIME] and spent thousands of pounds of his own hard earned money (the [PERSON] barely contributed) on IVF and other fertility procedures because [PERSON] wanted kids and [PERSON] couldnt concieve all that well  They had one kid from a luck ([DATE_TIME] of trying) and another from IVF and then [PERSON] divorced [PERSON] for [PERSON]  [PERSON] gets to see [PERSON] [DATE_TIME] and maybe [DATE_TIME], and [PERSON] has them the rest of the time  [DATE_TIME] for school, they are washed, dressed, lunch is packed and proper dietry needs are met ([PERSON] is alergic to gluten) and are at [ORG] on time, despite him living over an hour away from where the [PERSON] put them (took them out of their [ORG] after the divorce), which in turn meant [PERSON] had to change his work [DATE_TIME] to suit them, at great expense to himself  The [PERSON] has them the rest of the time  [DATE_TIME] the [PERSON] with gluten allergy is sent home due to gluten poisoning because the [PERSON] buys whatever she wants off the shelf or just gives them money to buy [ORG] lunch  The [PERSON] is 6. [PERSON] doesnt know what's gluten free  They turn up to [LOCATION] unshowered, clothes unwashed and un-ironed and generaly get into trouble through fighting  I Sympathize with [HANDLE] because it is cunts like you that see the struggles single men goes through and shits on it because [PERSON] had a healthy life growing up."
REDDIT50_1038,6,0,"Yes and they have sided with the [PERSON], as [PERSON] provides them with a home, schooling and other basic needs required to fully take care of them  [PERSON] is a [ORG], so [PERSON] knows enough legalese to stay just within the required amount  However because [PERSON] isn't practicing and [PERSON] isn't married to [PERSON], [PERSON] extorts almost 60% of my cousins wages to pay for the two children  [PERSON] has 2 other children with a [PERSON], so [PERSON] is very lucky to be making 6 figures otherwise [PERSON] wouldnt be able to afford what is happening to him  [PERSON] has worked really hard to get to the position he is  Originally [PERSON] only saw them [DATE_TIME] a week."
REDDIT50_1039,48,0,Why do we allow women in politics if none of them have to register with the [ORG] like [ORG]?
REDDIT50_1040,16,1,[PERSON] honestly can't imagine caring enough to look like who can still take these retards seriously
REDDIT50_1041,16,0,u rite
REDDIT50_1042,23,0,"Not even close to a PPD [PERSON] **just** got arrested Let's go over the stats here:  - [DATE_TIME]  - Moderately Attractive  - White  - Country ass accent, so probably from a [LOCATION]  - High S[PERSON]  The most likely outcome is that [PERSON] charges get reduced for a plea deal that gets [PERSON] [DATE_TIME] in [ORG] and loss of her teaching license, AKA a [US_PASSPORT]"
REDDIT50_1043,23,0,Why? [PERSON] grew up in a [LOCATION] in [LOCATION] like those are much more likely to give a [PERSON] a [US_PASSPORT].
REDDIT50_1044,35,0,"Exactly,"
REDDIT50_1045,14,0,"> [ORG] Reboot   Just reading these 3 words made me feel like [PERSON]'m gargling boiling hot excrement.. Which is probably not as bad as this steaming pile of dogshit If there was ever any doubt that [LOCATION] has gone to absolute trash, there's your answer.. [PERSON] mean [PERSON] can understand these [PERSON] destroying the classics But now it seems they are sooo out of any ideas, they're starting to reboot the garbage Can't blame them tho, what else is there to ruin.. They ruined and humiliated Star Wars, Ghostbusters, Ocean's 11 (77% of it), Predator, Alien, Terminator (twice), [LOCATION].. Expect reboots of Twilight, Hunger Games, Titanic, 50 Shades of Grey and [PERSON] hell..."
REDDIT50_1046,14,1,"Yep Apparently it wasn't ""woke"" enough They were like:  ""Welp, we erased the timeline bullshit (cuz [ORG] wasn't already full of time traveling paradoxes) and we got [PERSON] saving [PERSON] (girl powah!) We got rid of [PERSON] ""toxic masculinity"" and turned him into a bad guy, huehuehue! OH SHIT! WE FORGOT! The good Terminator is still a hwite man! OH SHIT OH SHIT OH SHIT, QUICKLY! REBOOT IT AGAIN WITH AN ADROGYNOUS MAN-LADY-NON-BINARY PERSON TERMINATOR! Genius!""  Because rebooting the reboot in [DATE_TIME] totally makes sense Oh, and because it's still not ridiculous enough, let's get a [PERSON] to shoot guns and save the [LOCATION] Cuz [PERSON] are well known to be action heroes because we just can't not go full ~~retard~~""woke""..."
REDDIT50_1047,25,0,"Not sure they were really second class More of a protected class, that among other things were protected from having to be in charge and do difficult things ""Women, at least the ones of your tribe/race or [LOCATION] were typically respected unless they were slutting around and possibly fucking with public health and societal cohesion Now, [PERSON]? Well the [PERSON] aren't human so how could their women be? Rape the shit out of them, they are only animals after all.""  Pretty much how [PERSON] thought [PERSON] reckon Funny thing as [PERSON] understand it even in [DATE_TIME] a lot of women didn't want to be involved in politics in any way even voting, as they wanted to do it correctly and that's a lot of effort to look into those running, or they saw it as all underhanded crooked nastiness and they didn't want any part of it  That's a lot of time and effort that could be used for important things, like oh I don't know **their fucking families!**  The only ones who seemed to give a shit were barren or [PERSON] who basically had [PERSON] raise their children for them(not really the best idea) didn't have to tend house either as they had servants for that too and were bored That's why normal women didn't really give much of a fuck for feminist bullshit until public schooling both came around and as largely mandatory and they had appliances to take care of most of the house work Then they got bor[PERSON]  Seems to me that the fucking [ORG] should stop trying to take women's jobs from them."
REDDIT50_1048,25,0,"[PERSON] don't get envy really [PERSON] mean just wanting certain things- sure, but [PERSON] don't get being mad others have them and [PERSON] don't  Unless massive prickness, but then [PERSON] usually dislike THAT [PERSON] for being a prick  Are there [PERSON] who were born into nice things without earning them, AND are fucking ungrateful and [PERSON] would be more grateful to have some of the stuff they take for granted? Quite possibly, but it doesn't work like that short of fucking theft, and besides it's not just the material things with these [PERSON]., They stewed in their resentment and just can't fucking even be happy anymore Nothing will ever be good enough As for the women who think they won't get respect for doing typical woman's duties and such?  Society wide? Probably not but look at it as *quality* over the quantity There is a sayin[PERSON], granted [PERSON] only really heard it in the first(the pretty good one) silent hill movie but I assume it was a saying before that  ""[PERSON] is God in the eyes of her children.""  Think on that Even a [PERSON] who loves [PERSON],  unless [PERSON] is a [PERSON] and abuses them or completely ignores them they will pretty much *always* at a young age love her far more In fact in my opinion the reason [PERSON] freak out so much when their [PERSON] leaves the [LOCATION] is they are so rudimentary minded and have lived inside their [PERSON] for so long in their short understanding They think they [PERSON] is a part of their own body  So [PERSON], if you leave your [PERSON] who is awake out of a [LOCATION] for like [DATE_TIME], it's freaking out because it wants to know where one of it's arms went [PERSON], and men in general will *never* be able to have that close of a bond with [PERSON], not even their own children You should focus on the quality of that 100% pure love bond of being so much more powerful than any amount of respect a [PERSON] can gain for any number of heroic and greatly important deeds  Also [PERSON]'ll have to earn that respect from blood sweat tears, and possibly his own death You just have to get fucked, carry that egg to term and remove that new human It's easy."
REDDIT50_1049,10,0,Sounds like a shittier version of [PERSON].
REDDIT50_1050,38,0,"[PERSON] wonder if [PERSON] feel the same about blue checkmarks, which are a similarly small number of accounts"
REDDIT50_1051,38,1,So what [PERSON]'re saying is that looking at the size of a [ORG] compared to the population isn't enough to tell the whole story of how big the [ORG]'s effect on the population is?   [PERSON] don't buy it (Edit: /s for the [PERSON] in the crowd)
REDDIT50_1052,38,0,"Original complaint: [NUMBER] accounts out of 330 Million  Drop in a [LOCATION] Dismiss their influence  Counterpoint: Checkmarks are only 300,000 Also a drop in a [LOCATION]? Dismiss their influence?  [PERSON]: No, obviously they have a bunch of other factors that make them influential, despite their size  [PERSON]: No shit  [PERSON]: I'm not wrong!  [PERSON]: Ok."
REDDIT50_1053,38,0,"[PERSON] point is that dismissing a [ORG]'s ability to influence [PERSON] based ONLY on their size is incorrect You'd have to take other factors into account   The ""drop in a lake"" dismissal is not good enough to hold up to scrutiny"
REDDIT50_1054,38,0,"[PERSON]'m not positing anything other than ""the kneejerk dismissal based only one size is not a good argument"" [PERSON]'m arguing that [PERSON] *can* have an argument, and that you're supposed to NOT assume that it's small enough to discount  Give me a reason to believe those accounts had a negligible influence that's a little more rigorous than ""there's too few accounts"" Kind of reminds me of how [PERSON] blockbot just blocked all people that followed two or more [PERSON], where [PERSON] was a list of like 7 GG figureheads   The reverse of this argument is something like ""[PERSON], [PERSON], [PERSON], [PERSON], and [PERSON]??? That's only like 5 guys making videos in their [LOCATION]! How could they possibly influence anyone???""   TL;[PERSON]: an argument about influenced based only on size is flawed."
REDDIT50_1055,46,1,"[PERSON]’re acting like [PERSON] didn’t point [PERSON] in the direction of the relevant variables [ORG] are obviously given preferential treatment by their algorithms - in fact, that’s how many of the bans and quaranti[PERSON] went down  [PERSON]’re making an absurdly reductive argument It’s retarded."
REDDIT50_1056,38,0,">[PERSON]: No, obviously they have a bunch of other factors that make them influential, despite their size  >[PERSON]: No shit  [PERSON]'re fundamentally misunderstanding my complaint here I'm not saying that bluecheckm[ORG] aren't influential I'm saying that completely dismissing a set of [NUMBER] non-randomly selected accounts as being able to influence things BASED ONLY ON THE SIZE is a mistake"
REDDIT50_1057,46,0,"They have no other relevant force multipliers that we can see and in fact are likely on the wrong side of [ORG]’s suppression algorithms If anything, we can probably assume the average “influence coefficients” of these [ORG] to be smaller than that of the average human [PERSON]  Point being: you are singling out specific premises for your absurdly reductive argument when there is clearly plenty more to reason with [PERSON]’s disingenuous or autistic, and [PERSON]’s obnoxious and pointless either way."
REDDIT50_1058,38,0,"[PERSON] that [ORG] are most likely less persuasive than an [PERSON], and there's a lot of assumptions that go into that opinion However, that's all completely worthless compared to an actual scientific argument based on the data that is now available   The issue here is that [ORG] is releasing this data for the purpose of study [PERSON] am taking offense to the [PERSON] w[PERSON] are taking a stance of ""[PERSON] already *know* what [PERSON] would find with careful study, it would obviously be X for reasons Y There's no need to study it at all!"" It's anti-scientific of them  We're invited, with more and better sorted data than ever before, to take a close look at whether the narratives [PERSON]'re fed (or the assumptions we leap to) are correct [PERSON] see a lot of [PERSON] just doubling down, and [PERSON] can practically guarantee that not a single one of us will accept this invitation [PERSON] can, by contrast, point to specific [ORG] that study exactly this kind of thing professionally, and at least [PERSON] is already talking about his intention to study this dataset"
REDDIT50_1059,38,0,"300K including such politically active accounts as [[ORG]]([URL] [[ORG]]([URL] and [[ORG]]([URL]  That aside, [PERSON]'m still not understanding why [PERSON] are gobbling up this argument about influence based only on the size of the group Obviously size is a factor, but there's so many others that the kneejerk dismissal is clearly flawed"
REDDIT50_1060,46,1,"[PERSON]’re arguing that size isn’t the only factor.. in order to dismiss the influence of a group that is 60x larger AND carries a specific designation OF greater influence  Again, this is retarded [PERSON]’re being retarded."
REDDIT50_1061,38,0,[PERSON]'ve added a minor edit to indicate what [PERSON] had assumed was obvious sarcasm.
REDDIT50_1062,17,0,"[PERSON]'ve said this before in [DATE_TIME]:  >Honestly, [PERSON] think we are coming upon the sum of all my fears: The [ORG] will edge out the [ORG] in the [ORG], and they will take that as an affirmation that everything they did with ideological totalism, censorship, identity politics, and unchecked lies and manipulation was 100% mandated by popular consensus They will quintuple down in a way you haven't seen They will foam at the mouth for [PERSON]'s impeachment, make everything look like a [PERSON] hearing, aggressively promote racialism and sexism, have full-throated support of socialism, and look like some sort of [ORG] where you are promoted by assassinating your [PERSON] with sexual assault allegations  >Eventually, the blowback causes [PERSON] to get re-elected in [NUMBER], and before [NUMBER], the [ORG] drive a [US_DRIVER_LICENSE] into a [LOCATION], kill less than 500 people, and every [ORG] (and [PERSON]) will agree that it was a regrettable necessity to end [NRP] fascism, and the true victims of the attack were the victims of the [ORG] The blowback from that will be so angry that the [ORG] actually get really mad and start hurting people Then and only then will the remaining non-progressive [ORG] disown the [ORG], and the [ORG] will have to completely reform into something new The moral panic of social justice will end before [NUMBER], but not without more than a few dead bodies if the [ORG] have a marginal win I think at this point a blue or red wave would actually be better in both cases because a blue wave would put the [ORG] back in charge, and a red wave would make the [ORG] re-consider their approach [ORG] can not survive long term because it is an ideology that is to tribalistic to maintain its ""intersectional"" coalition of racial and sexual identitarians Their means to power are built entirely off of [emotional abuse]([URL] They burn more people than they can take in, and the whole thing will come crashing down  *The problem* is not whether or not [ORG] will die, it's how many [PERSON] they take with them  The end result of ""[ORG]"" and ""Postmodernism"" in general is that [PERSON] will eventually come up with a new rationalization of how Marxism can be applied in the future Some form of ""Neo Postmodernism"" or something It will be another idiot word salad to keep [ORG] rationalizing their existence and preconceived notions, and that is where the re[ORG] will end up after they've been wholly rejected."
REDDIT50_1063,17,0,"[PERSON] wasn't using postmodernism as a substitute for authoritarianism, but yes, authoritarianism will never die."
REDDIT50_1064,11,1,"There’s nothing [ORG] can do about [PERSON]’s opinion   And that’s all there is, they’ve got all the privileges in [ORG], so they can’t lie to easily about that, so now they think [ORG] is going to stop [PERSON] from thinking they’re sluts and bitches"
REDDIT50_1065,11,0,"Exactly  The key difference is [PERSON]'m not trying to infiltrate [ORG], [ORG], and [ORG] to push my agenda  [PERSON]'m also not part of a [ORG] with hundreds of millions of dollars of tax money."
REDDIT50_1066,11,0,"[PERSON]'m not complaining, [PERSON] merely explaining the difference between a [ORG] who has a [ORG] and a couple guys on [ORG] or [ORG] with web cams and spicy m[PERSON]  So yes, there's opinions, but [PERSON]'m not trying to pass laws and rules to fuck them over  [PERSON]'m not stopping them from building [ORG], [PERSON]'m just paying for it  [PERSON]'m not trying to stop them from being [PERSON] married to [ORG], [PERSON]'m just paying for it  For that ticket price, then yes, [PERSON]'ll feel free to mock them all [PERSON] want when they say and do something stupid  Also don't play stupid in some esoteric world  There' a vast difference between their blocking [ORG] rules, pushing man-hating agendas, and protesting mens rights meetings and [PERSON] shit posting  Lets not equate the two."
REDDIT50_1067,6,0,[PERSON] would say whoosh. but [PERSON] fear even that will go over your head.
REDDIT50_1068,26,1,"more context: [URL]  its bullshit [PERSON] was led away in cuffs, both those bitches should be prosecuted [PERSON] was clearly defending himself, [PERSON] didnt even hit [PERSON]"
REDDIT50_1069,18,0,[PERSON] thought the motion capture thing was a [ORG] hoax  supposedly [PERSON] is a pure virtual girl down to having a simulated game controller to play on.
REDDIT50_1070,25,0,"Have [PERSON] mate with a weasel and then you get the enemy of FF15 Also after the [LOCATION] the story was railroaded as FUCK  You railroad AT THE BEGINNING, open up in the middle MAYBE railroad towards the end  [PERSON] don't give fucktons of freedom then just force [PERSON] forward [PERSON] was also a twat  The game was far better than [DATE_TIME] but that isn't at all hard."
REDDIT50_1071,28,0,"So [PERSON]'ve got to ask.. [PERSON]'ve limited interaction here on [ORG] and each time [PERSON] feel the need to include something like ""watch the whole thing.. blah blah blah""  Why?  It's clear [PERSON]'re not a user here giv[PERSON] your only involvement is in your own ""[PERSON]'m totes not trying to sell a narrative"" posts so [PERSON]'m wondering if [PERSON]'re just a seller of [CRYPTO] or what"
REDDIT50_1072,28,0,I'm sure [PERSON] don't know why [PERSON] get the suspicion about [PERSON]  Just as [PERSON]'m sure [PERSON] didn't understand my indirect reference to [PERSON] prior post here  Good luck with your.. questions and confusion.
REDDIT50_1073,8,0,Lol you are retarded man  You could have [ORG] that for [MONEY]
REDDIT50_1074,8,0,Fair
REDDIT50_1075,4,0,Betting this is because the latest [PERSON] had an account on there?  (ignoring that [PERSON] often have accounts on [ORG] and [ORG])
REDDIT50_1076,10,0,"Much easier to just shut down the smaller upstart and say ""look, I'm helping"" than try to go after [ORG] and the other giants  [ORG], [ORG], [ORG] etc can afford to defend themselves [PERSON] can post a tweet about it, until [ORG] bans them I guess."
REDDIT50_1077,11,1,"[PERSON]'ve never cared about legacy myself, and do things anonymously, [PERSON] don't know anyone from [DATE_TIME], so [PERSON] doubt my non-accomplishments in life will be remembered  However, if [PERSON] did care about  being remembered in the future, [PERSON] would do only positive things under my ""real"" name and do bad things under my ""anonymous"" name  I'd do it following this algorithm      CreateNewAnonymousAccount();     while(DoingThings())     {          if(somethingIDidWasAmazing == True)         {             TakeCreditWithRealName();         {         CreateNewAnonymousAccount();     }   I mean, unless you intend to be a grea[PERSON] or general or invent zero point energy or invent FTL travel, [PERSON] won't be remembered  [PERSON] have to do something astronomical for [PERSON] to remember [PERSON] much after [PERSON] died, and [PERSON] had better have been elected to something pretty high up to even survive great grandfather level  Luckily, [PERSON] don't have [PERSON], so [PERSON]'ll disappear like some dust, unless some [PERSON] printed out one of my rantings or saved a video and as they die, screaming and shitting themselves, their [PERSON] go through his laptop, find all his porn, and wonder, 'why the fuck did [PERSON] print out some faggot's respons[PERSON] to a [LOCATION] article on feminist painting with menstrual blood?'  He sure was a sick bastard."
REDDIT50_1078,12,1,"[PERSON], [PERSON] would have arrested a [PERSON] just for pulling over like [PERSON] did, if not shot him  This [PERSON] get like 12 chances to leave, and [PERSON] still doesn't  Not to mention [PERSON]'s probably driving a free car like most women do..."
REDDIT50_1079,12,0,"Yea, [PERSON] did look like [PERSON] was on something  [PERSON] didn't even question it..."
REDDIT50_1080,12,1,"All this trans bullshit is just that  Pandering bullshit  Just like the shit that's going down in [ORG] right now  A [PERSON] is posting pictures to a [PERSON] for naked girls  Then the [PERSON] comes in with his [ORG] bullshit, and everyone calls him a [PERSON]  Meanwhile, a [PERSON] is posting pictures to a [PERSON] for naked girls, and getting away with it  It's fucking retarded."
REDDIT50_1081,4,0,Look at the replies to this [PERSON] are losing their shit over this article  [URL]
REDDIT50_1082,17,0,>I thought [ORG] stopped being an alt-right site  This is about as retarded as the time someone told me that [PERSON] was Center-Right.
REDDIT50_1083,15,0,Or the second where [PERSON] murders a [PERSON] using her sexuality
REDDIT50_1084,15,0,"[PERSON] is interested in [PERSON] because he risked his life to save others Something often ignored by critics of the movie It's not because he's ""hot""   And the [ORG] is why [PERSON] is able to get out of her circumstances"
REDDIT50_1085,15,0,"[PERSON] don't think that's a bad thing personally Not everyone can fix their situation It's not like [PERSON] lives in [DATE_TIME] and can just go get a job at [ORG] or something   Why is it bad to have [PERSON] help [PERSON] out? That's not a negative thing to [PERSON] If you have [PERSON] who are willing to help you, take it That's not bad to accept help if [PERSON] need it   If that's all there were in stories, sure that would be lame, but that's not the case Especially in [DATE_TIME]."
REDDIT50_1086,0,1,"If your [PERSON] are raised in a [LOCATION] and want to change [ORG] after [PERSON] uses the word ""ugly"" (not even in reference to [PERSON], mind you) then [PERSON]'re absolutely not helping them become functional members of society."
REDDIT50_1087,31,0,"Listen and believe never applies when it's a [PERSON] that's the perpetrator, even when the [PERSON] is a [PERSON]  I posted about it [DATE_TIME], don't want to link my own post in case that's self promotion"
REDDIT50_1088,18,0,[PERSON] thought [PERSON] tried flipping the script and made the [PERSON] [PERSON] slept with the [PERSON].
REDDIT50_1089,2,0,"""Wait until all the facts are in (if its obviously one of the protected groups)"" is always fun to see."
REDDIT50_1090,16,1,these retards have no idea none
REDDIT50_1091,48,0,We should whittle the voting pop down to [ORG] and then simply [ORG]  There's a long-term mathematical flaw in a taxpayer-based voter system.
REDDIT50_1092,48,0,Let's put this issue on the next ballot [PERSON]
REDDIT50_1093,13,0,">Think of it like the ""/s"" for comments - it shouldn't be needed but it helps autists to feel better  You cant imagine how often that /s helped me out More often than [PERSON] like to admit."
REDDIT50_1094,44,1,[PERSON] is a faggot.
REDDIT50_1095,44,0,Proof of Gay Agenda?  [PERSON] won't be having that in this house
REDDIT50_1096,17,0,"[PERSON] don't see it at most job interviews because it's fucking obvious that anyone who hates the [PERSON] shouldn't be in the job Even [ORG] employees have problems with *stereotypical* [ORG] sho[PERSON], but they don't just hate everyone who shops at [ORG] Same goes for retail."
REDDIT50_1097,41,1,"As someone who has worked [ORG], [PERSON] genuinely hate how [PERSON] *behave*, and it's hard to maintain good service when you have to lube your ass up for every [PERSON] who waddles over to bless your day, in the hopes that they won't complain about something involving [PERSON] and [PERSON] immediately get shitcanned by your [ORG]'s fat tiedrone for the [PERSON] that reported [PERSON] for following [ORG] policy  ""The custom[PERSON] is always right"" [ORG] sounds good, until [PERSON] have to deal with customers using the corporate policies in place, then [PERSON] get to play real life ""Papers, Please.""  Also, [PERSON] get paid nothing an[PERSON] get zero benefits, and [PERSON] will constantly and purposefully fuck [PERSON] over when it benefits them."
REDDIT50_1098,17,0,">As someone who has worked [ORG], [PERSON] genuinely hate how [PERSON] behave  Right, and that's my point It's not the same as hating every single [PERSON] that walks in the door, and judging them negatively *because* [PERSON] came in  [PERSON] would be like working at [ORG], and seeing [PERSON] walk in and assume [PERSON] were a crackhead or a hobo *because [PERSON] walked into [ORG]* [PERSON]'s not so much an anti ""the customer is always right"" attitude [PERSON]'s a ""there are never [PERSON] who are right"" attitude."
REDDIT50_1099,48,0,Imagine being a cop in the [LOCATION]   First response.. [PERSON] shooting [PERSON] at [PERSON]  Second response.. [PERSON] bitching about racism because [PERSON] caught her speeding..  Third response.. [PERSON] shot by [PERSON]..  [DATE_TIME].
REDDIT50_1100,23,0,"It's no different in the trailer parks of [LOCATION] or [LOCATION]   First response.. [ORG] shooting shotguns at [PERSON]  Second response.. [PERSON] bitching about [PERSON] being a ""nigger cop"" and how [PERSON] sexually assaulted [PERSON] because [PERSON] caught [PERSON] speeding..  Third response...[PERSON] stabbed and sodomized by [ORG] for not being ""pure""...  [DATE_TIME]."
REDDIT50_1101,48,0,Exactly [PERSON] can't imagine being in the shoes of a [PERSON] for [DATE_TIME] Honestly [PERSON]'d end up shooting the next asshole
REDDIT50_1102,13,0,>[PERSON] think some stealing isn't wrong   Thats where [PERSON] are wrong.
REDDIT50_1103,13,0,"Yes, [PERSON] most certainly am going to throw them in [LOCATION] or atleast make sure [PERSON] are going there for stealing  Your pathetic attempt at guilt tripping isnt working We dont live in the middleages anymore, pe[PERSON] really, really rarely have to steal for their survival in [LOCATION] anymore  Theres several ways of getting food without stealing out of a [ORG] Heck, it is legal in several places in the [LOCATION] to rummage through the trash of [ORG] and pick out the food there, which very often is still fine Most [ORG] dont have an issue with it as long as [PERSON] make sure to not let garbage lie around [LOCATION]  And even if [PERSON] get thrown in jail, if [PERSON] really are starving then [PERSON] have 3 free meals atleast  It is retarded to think that [PERSON] can excuse stealing like that."
REDDIT50_1104,13,0,[PERSON] for trying to support criminal acts that are criminal by law and morale.
REDDIT50_1105,21,0,Hahaha   but seriously female genital mutilation is a real issue.
REDDIT50_1106,21,0,"Yeah of course, if not moreso because it is far more widespread   but this post is specifically about female genital mutilation."
REDDIT50_1107,21,0,"God [PERSON] wish [PERSON] were a matriarchy troll then [PERSON] wouldn't have to feel so stupid for being wrong right now  clever, though, comparing [PERSON] to a [NRP] as if that could be an insult   anyway, [PERSON] just didn't interpret the third cell, but [PERSON] understand now  also [PERSON] read a ton of the stonetoss comics on the [URL] and they're absolutely hilarious"
REDDIT50_1108,21,1,"Well [PERSON] couldn't possibly have chosen a more racist way to call [PERSON] a [PERSON]  which is bravo, honestly"
REDDIT50_1109,24,0,"Imagine being this hateful  Literally arguing against stronger people protecting the weaker , in this case fucking underaged babies and children Anything to try and do gymnastics to justify the rampant misogyny   [PERSON]."
REDDIT50_1110,24,1,"> So [PERSON] and her hoard  No hateful shit here Nope this is just a neutral, ""objective"" comment My sides when some [PERSON] who spouts shit like this claims someone else doesn't have ""integrity""  >  If viewing all women as less than [PERSON] helps [PERSON] to feel good about yourself  Also not anything [PERSON] remotely said, [PERSON] were responding to a comment talking about children and responded, again, with some insane shit about ""[PERSON] and her hoard"" and how fucking children shouldn't be a priority in a distress situation   The fact you think that's normal is beyond telling  >  All humans are only human Having certain genitals, or being irresponsible with them, doesn't make [PERSON] better than anyone else  Again talking about [PERSON], and no [PERSON] aren't equal, that's why we have very many laws and statutes that specifically protect [PERSON] and serve as aggravation modifier on penalties for the crimes   But it's exactly this paranoid behavior [PERSON] demonstrate that shows off your hatred, [PERSON]'re obsessed with this false narrative made of strawmans  As far as protecting [PERSON] who is getting assaulted by [PERSON] much bigger without any kind of provocation, yes [PERSON] should also intervene as far as your ability allows you [PERSON]'s called basic human decency, doesn't matter if [PERSON]'s a [PERSON] being assaulted."
REDDIT50_1111,24,1,">  The comment was about families Not just children Assuming your reading comprehension is on par with the rest of your freshman class, I imagine [PERSON] just chose to ignore that point Families include [PERSON]  The comment was on ""[ORG]"" as far as it involved protecting the [PERSON] The focus was the [PERSON], it's kind of ironic that you try to criticize (emphasis on try) my ""reading comprehension"" and then spout this mangled aberration of an argument  >  **The ""children first"" definitely still makes sense to keep.** >  **Maybe** it should be ""Families first""   So, assuming [PERSON] are being forthright here,  [PERSON] leave the children orphans and that's the extent of [PERSON] supposed revised quandary with what [PERSON] said, [PERSON]'re so bad at this [PERSON]  What a miserable attempt at driving away from the [LOCATION] Specially considering [PERSON] then also uttered this gem  of retardation  >  In my mind [PERSON] are [PERSON], who should all be assessed by the content of their character **Being too dumb to pull out doesn't automatically give a [PERSON] more value.**  Such a neutral statement No inferred despise here for anyone No [PERSON]  [PERSON]  And the projection with ""freshman"" is cute Do you regret not getting a college degree [PERSON]? It's ok, don't worry i finished mine long ago    > Imagine being so insecure and hateful  This is cute coming from [PERSON] participating in such a retarded circlejerk as the one that goes on in this sub and cringeanarchy My sides    >  Then imagine being so shortsighted [PERSON] can't even see that's why no adults take [PERSON] seriously  Yeah, that's why i'm paid  for my opinion in the highly specialized fi[PERSON] [PERSON] work in, because no one takes [PERSON] ""seriously""  Nice chuckle  It's also cute that [PERSON] presume to magically know everything about my life, yet [PERSON]'m the one who can look into yours so easily Your profi[PERSON] is a walking self-doxx Yikes, i suggest [PERSON] fix that [PERSON]  And following your unoriginal format:  Imagine being so deranged and triggered by being challenged on a subject you know deep down you're wrong about that [PERSON] then devote 2 paragraphs just trying to throw random baseless attacks on the [PERSON]"
REDDIT50_1112,13,0,"[PERSON] here so you can take my word 100%, since duh, [PERSON] know EVERYTHING about it due to my autism, which is my identity obviously!  1 Yep I have a 6th sense, its super powerful It lets me see bullshit  2 Nah  3 Yes  4 Nearlie [PERSON] is interested in any form of art or better said, creation Be it drawing, sculpting, building or music Not unique to autism, lol  5 Yes, thats true Im super interested in seeing what you [PERSON] say next and how [PERSON] eat your own when imploding Otherwise i wouldnt be on this [LOCATION] [LOCATION], but not unique to Autism Well, they are more often depressive an[PERSON] thus can suffer from Insomnia more, but still  7 Cant deny it Im not the only one?  8 Nah Ok, maybe [PERSON] if talking to myself and acting like i have [PERSON] inside me that constantly argues with [PERSON]  9 [PERSON] is a toxic thing in this form, but not unique to Autism  10 [CRYPTO]   11 For me it was [CRYPTO]  Hmmmm Makes me think."
REDDIT50_1113,13,0,"Well, i take [PERSON] up on that Mostly because that as it seems, many [PERSON] are mentally ill in some way."
REDDIT50_1114,41,1,Find [PERSON] that can talk eloquently Teach him some phrases from many languages and hope he has an indistinct accent Give him a ballin' mask that ain't retarded Give him some meds on demand Throw him at the [PERSON]  DONE.
REDDIT50_1115,9,1,"[PERSON] don't know most of those characters .. but these twats wouldn't be claiming they were 'straightwashed' if they actually **were** lesbians  Which means the characters were written straight, and these pathe[ORG] are trying to (shall we say) dikewash them  Tsk tsk How unenlightened .. trying to force their sexuality on [PERSON] Next they'll be advocating [ORG]."
REDDIT50_1116,47,0,"and when [PERSON] does mention an [ORG], say the [LOCATION], [PERSON] come up with yet another excuse youre nothing more than a fallacious twat   we call that moving the [LOCATION] stop it"
REDDIT50_1117,25,1,These [PERSON] are so retarded.
REDDIT50_1118,41,0,"This thread makes a strong accusation, and needs the proof to support said accusation Flagged unverified for now."
REDDIT50_1119,48,0,[ORG] tricked women to leave this .. and go to this:  [[URL]
REDDIT50_1120,48,0,Hey when your [ORG] start letting in hordes of [PERSON] to [LOCATION] and play dumb when they rape [ORG] and stab [PERSON] in daylight... then maybe [PERSON]'ll give a fuck! But those marriage pressures tho...
REDDIT50_1121,43,0,"As a [PERSON], [PERSON] only see homosexuality as ""people who prefer fucking people of their own sex"" There's no more to it than that; it's not quantum mechanics or the influence of [PERSON] on later composers  So, to me, *every* opinion on homosexuality is meaningless Even those of [PERSON]."
REDDIT50_1122,9,0,"Ah! But your definition of homosexuality is, to certain people, an **opinion**  Even though your definition is a loose paraphrasing of the literal definition of homosexual .. you'll find regressives who argue that it's wrong  That's why it's so hard to argue with regressives .. they just keep redefining the words"
REDDIT50_1123,34,1,">  [PERSON], the party elf, spent [DATE_TIME] sitting in the rafters of the [LOCATION] as a look-out because the towns folks didn’t like elves  Heaven forbid the townsfolk dislike elves  [PERSON] hate players like this  Ins[PERSON] of sitting in the [LOCATION], why not throw some chairs, get in a fight, buy some rounds, just fucking role-play  What's funny is that sulking in a [LOCATION] is exactly what a stereotypical [PERSON] would do  Congr[PERSON], [PERSON] played yourself  >  [PERSON]’ve had [ORG], [ORG], railroad me into typically “feminine” character choices, insist [PERSON] serve food to the other male characters because “that’s the culture here”, and of course, assume [PERSON] couldn’t make my own rolls because adding 3 numbers together is super-duper hard  I'll take bullshit that never happened for 500, [PERSON]  > taught me that D&D was a game that a particularly culturally regressive type of [PERSON] liked to play, imagining worlds of rape and war, where the races were separate except for very specific “half-breeds” who were either rare, special, hated, or all of the above  Welcome to reality, [PERSON]  I bet you'd love A Song Of Ice And Fire  _""Why is there so much rape and war?!""_  >  in many D&D settings certain races of characters *cannot be morally good/lawful*  Name [PERSON]  [PERSON] would NEVER force an alignment on a [PERSON] for choosing a particular race  >  It is baked into D&D that those [PERSON] who do decide to create multi-racial [PERSON], are fast-tracked to the narrative of a [PERSON] to be “half-elf” or “half-orc” and never to be all-happy  What the fuck are you talking about  You're lying  > Continuing to priv[PERSON] [LOCATION] as the best/only place to set a fantasy game is exclusionary, and in the end, boring  D&D was created by [PERSON], so obviously it features [NRP] stories and themes primarily  Are you stupid?  Nobody's stopping [PERSON] from making your own RPG system that's focused on [NRP] mythology or whatever  Nah, it's easier just to take over existing shit  Damn, this pisses [PERSON] off  > [ORG] allows [PERSON] to switch bodies [DATE_TIME], to struggle with transhumanism,   Yikes  The only person going through a genuine struggle here is the [PERSON]  > [PERSON] threw the “racial” rules out the [URL] and created the characters [PERSON] wanted to play, weird and fey-touched and elementally attuned  What rules did you throw out, exactly?  This sounds like a typical snowflake d&d party  > The game has changed to get closer to something [PERSON] can embrace  The [LOCATION] must change to fit my exact specifications, or its racism  Or something  The most retarded thing about all of this is D&D is exactly what [PERSON] fucking want it to be  If the  settings, don't appeal to [PERSON], make your own settings  If [PERSON] don't like certain rules, fucking make your own!  But that wouldn't make for a good article, would it, because then [PERSON]'d just be like everyone else who adapts the game system to one that fits their liking, and heaven forbid that - _you've_ got to be _special._  And to reiterate, [PERSON] cannot think of a single time [PERSON]'ve come across a [ORG] that's forced to be of a particular alignment  [PERSON] call complete bs on that."
REDDIT50_1124,6,0,"They dont get 25 to life in most cases, so yes, that would be a [US_PASSPORT]."
REDDIT50_1125,13,0,"Tfw the [ORG] and [ORG] have to call themselves ""[ORG]"" or [ORG] or sometimes become [ORG]  [NRP] youre honest that [ORG] are filth."
REDDIT50_1126,13,0,"[ORG] make up the [ORG], the left political allignment to a big part  [ORG] IS the retarded cesspool of [ORG] There is no denying it It isnt in anyway the far-left, it is the left  And it were the mainstream [ORG] that tried to keep slavery, the [PERSON] vote down and were the racist ones  [PERSON] know its hard to accept, but its [ORG] that always were the bullshit they are now."
REDDIT50_1127,13,0,"It were [ORG] trying to keep slavery, opposing the women vote, try to keep black students out of the famous school/university  And current [ORG] AND [ORG] act as a good reference point on what [ORG] are [DATE_TIME]  Youre the ignorant one."
REDDIT50_1128,13,0,">Are you aware that a ""classical liberal"" is a [NRP]?  A third party actually Similar, but not quite like that  >Are you aware that the ""[ORG]"" and ""[ORG]"" in the [LOCATION] have essentially switched ideologies since [DATE_TIME]?  And thats how you show that [PERSON] know nothing relevant What you mean is ""[ORG]"" [ORG] were the conservative ones and wanted to keep slaves, and at some point [ORG] becamse [ORG]  The general values of [ORG] didnt change or flip  >Guess what [ORG] those [PERSON] belong to [DATE_TIME]   Still the [ORG], especially since its them trying to group up [PERSON] based on ethnicity, skin color, gender ect  Its hillarious how [PERSON] try [PERSON] over something [PERSON] have no idea over  But good job making my day, [PERSON] just show further that those defending [ORG] are either misinformed or idiots"
REDDIT50_1129,13,0,"Got anything relevant to say, instead of willy nilly responses that dont got a point?  Dont care if i have proven your ""point"" You are one of the biggest reasons [PERSON] won and most certainly wins in [NUMBER]  This conversation is over, youve shown that [ORG] are degenerates."
REDDIT50_1130,13,0,Not even reading anything of that  This conversation was over when [PERSON] said.
REDDIT50_1131,13,0,Blocked For real.
REDDIT50_1132,38,0,"Everytime [PERSON] links that [URL], or the stupid fucking webcomic, [PERSON] burst a blood vessel  Can't you stupid fuckers read?  >In this formulation, [PERSON] do not imply, for instance, that we should always suppress the utterance of intolerant philosophies; as long as we can counter them by rational argument and keep them in check by public opinion, suppression would certainly be unwise  [PERSON]'s literally right there in the block quote ""[PERSON]'s retarded to be intolerant of intolerance, unless [PERSON]'s an existential threat to the [ORG]."""
REDDIT50_1133,1,0,> [PERSON] can anyone be this fucking dense  Is this a serious question? Because i swear having brain damage or an IQ lower than 30 is a requirement to be an SJW.
REDDIT50_1134,34,1,[PERSON] ignore a message based on the [PERSON] presenting it?  That's retarded.
REDDIT50_1135,34,0,"That's about [PERSON] [PERSON], not [PERSON] on the internet we know only through [LOCATION] videos."
REDDIT50_1136,34,0,"> [PERSON] often know the [PERSON] on the [ORG] videos better than [PERSON] know [PERSON] in real life (the reason would be [PERSON] don't know [PERSON] in real life at all, [PERSON] only think [PERSON] do)  [citation needed]"
REDDIT50_1137,6,0,[PERSON] saw on [LOCATION] (its shocking how [PERSON] not banned there yet) that they tore him a [PERSON] before the [ORG] deleted the post  It's rare that they do that but fuck me it was like having a bath in a [PERSON]'s blood in that thread.
REDDIT50_1138,6,0,"which is why [PERSON] shocked [PERSON] not banned  [PERSON] think [PERSON]'d be at [CRYPTO] had [PERSON] not commented in that sub  One comment got -4k, and all [PERSON] said was thought the punishment was a bit harsh for teh crime  [PERSON] wanted to cut the balls off a [PERSON] because [PERSON] walked into [PERSON], and [PERSON] didnt say sorry  [PERSON] learned pretty quick to just lurk, or be very pro-feminazi if i wanted to comment."
REDDIT50_1139,6,0,"This is [PERSON] and [PERSON]'d like to keep it  [PERSON] guess [PERSON] could just make a throwaway and act like more of a cunt to [PERSON], but [PERSON] act like a cunt enough as is."
REDDIT50_1140,6,0,"[CRYPTO] is worthless until [PERSON] get into negative numbes and they bump [PERSON] back down to taking 10mins between posts  [PERSON] [PERSON] am active in a [ORG], [PERSON] try to stay above 1k in said [ORG], so when [PERSON] really wanna be a [PERSON], [PERSON] only lose enough that it wont hurt my commenting."
REDDIT50_1141,28,0,>  [PERSON] [PERSON]  Cool story [PERSON]'ve got there.
REDDIT50_1142,28,0,"> [PERSON]  The rules, if [PERSON] want to check, do not say ""well if [PERSON] make a reasonable argument you can also insult the [PERSON]""  So wrapping up what [PERSON] said with the above crossed into dickwolfery."
REDDIT50_1143,28,1,> [PERSON]  Even [PERSON] can understand the difference between saying [PERSON] can understand something and calling them [PERSON].
REDDIT50_1144,15,1,[ORG] stop being retarded
REDDIT50_1145,47,0,you tried
REDDIT50_1146,34,0,[PERSON] think [PERSON] are idiots.
REDDIT50_1147,34,0,Yikes.
REDDIT50_1148,20,1,[PERSON] who has sex with women is I guess at least slightly gay since he is dressed like a [PERSON] which is pretty faggoty.
REDDIT50_1149,45,0,"> e.g., [PERSON] was asked out, [PERSON] declined, and nothing more happened  [PERSON] remember [LOCATION]"
REDDIT50_1150,26,1,god i hate that cunt
REDDIT50_1151,0,0,"Explain to me how not having a piss-poor grasp on very simple grammar rules and expecting others to have the same minimal understanding of those rules a sign of classism and white supremacy?  [PERSON] went to public [ORG] and [PERSON] like to think [PERSON]'m only half retarded, so why is it too hard for other adults to not write like morons?"
REDDIT50_1152,25,0,[PERSON] don't know if [PERSON] am getting to paranoid religious but has [PERSON] noticed the parallels between the [ORG] and [LOCATION]?
REDDIT50_1153,25,0,That's.. fuck me...
REDDIT50_1154,25,0,"It's funny even when [PERSON], well not personally but still, suggest it's Marxism and philosophies derived from it's basis and outlooks are the issue and not the [ORG] inherently you still get called an anti-Semite Which give the aforementioned distinction wouldn't even be correct now would it? I mean were the [NRP] peoples of antiquity not [NRP], [NRP], (maybe [NRP]?) and *Shepardic* Jews? You know the real Jews written of in the bible not a [PERSON] that adopted the religion for most political cohesion reason  IIRC in about [NUMBER] or so during the Crusades because the Christians and Muslims were busy murderating each other?  [PERSON](by marriage) is an ordained Rabbi, not sure if he is ethnic [NRP] [NRP], kind of looks it but I dunno, he's a decent sort Anyway getting back off the tangent, what is it say more about them that they think only Jews can be [NRP], and that all Jews are [NRP]?  If you asked [PERSON] he would vehemently deny that philosophy, possibly quite angrily, and say that every [NRP] that not only doesn't practice- but especially takes up [LOCATION] is a disgrace to the race([PERSON] am guessing [PERSON] can't say for sure and possibly [PERSON] shouldn't put words in his mouth) and would almost certainly call [PERSON] an evil man He said he looked into the Koran some(translations I assume) and was dismayed and said it was nothing but hatefulness and brutality  W[PERSON] being raised [NRP], [LOCATION] if it matters though [PERSON] haven't gone to church in [DATE_TIME], and if [PERSON] am still [NRP] [PERSON] think [PERSON] may be a poor one who need to put in more effort, [PERSON] learned some from my uncle [PERSON] because he reads Hebrew, [PERSON] think he said he was working on the [NRP] but wasn't there yet But he was [PERSON] so I assume he follows the new testament as well  Anyone few things I learned  It is **not** Thou shalt not kill The word is actually *murder* not kill Which does make sense given the fact blessings and such were given in battle, so I assume it's like a self defense thing [PERSON] is a complete mistranslated and it's [PERSON] in [PERSON] in Hebrew, and [PERSON] or [PERSON] if you want to get before [DATE_TIME] or so He says he has no idea where that translation comes from  [PERSON] is not only a translation but is an INSULTING term and completely blasphemous thing to call the [LOCATION] is not the place for eternal torment, and does in fact basically just mean a hole in t[LOCATION]- basically a [LOCATION], so yeah [PERSON] *is* going to [LOCATION] What we think of as ""[LOCATION]"" was always called ""[LOCATION]""  Also apparently ""[PERSON] helps those who help themselves"" at least in words near directly to that is not anywhere in the bible Found that out last time [PERSON]  Also [PERSON] suggests that Kosher proscription against meat and dairy being in the same dish was too broadly applied and that it's okay and the [US_PASSPORT] was not to ""Boil a [PERSON] in it's mother's milk."" So I guess no fucked up incestual evil shit with your food like possibly a chicken omelet."
REDDIT50_1155,41,0,[PERSON] is not evil [PERSON] with [ORG].
REDDIT50_1156,18,0,but the argument wasnt that indulging in the urge magically makes it go away but that when such urges arise it's better to release it into a safe outlet rather than pent it up or go for unsafe outlets  basically all that vice [PERSON] have is hardwired into your brain and thus impossible to remove so rather than advising [PERSON] to repress repress repress until it explodes in the worst way possible [PERSON] indulge yourself when the urges arise so [PERSON] can get it out of your system quickly and move on with life  i mean if indulging in the sickest and vile appetites just makes [PERSON] go more extreme and wild [LOCATION] would be [LOCATION] due to its reputation of naughty tentacles mutilating loli futas but it has such a low rate of any sexual activity nobody is even having children making the population die off
REDDIT50_1157,18,0,"> yea that makes it worse  how is masturbating in your own home worse than raping a [PERSON]?  >they have to have separate subway cars for women in [LOCATION]...  and [PERSON] still censor the genitals in porn wh[ORG] that got to do with the tea in [LOCATION] though?  i mean yeah [LOCATION] did have a serious subway groping problem back then but with the majority of [PERSON] living [LOCATION] in their apartments li[ORG], [PERSON] doubt that vestigial aspect of [LOCATION] means much  show me [LOCATION]'s sexual assault rate is low because they dint define clear assault as such so the country is rampant with [ORG] with the [LOCATION] being duped if you wanna show me how bad porn makes [LOCATION]   but so far the numbers don't seem to lie"
REDDIT50_1158,18,0,waiting for a reply.
REDDIT50_1159,18,0,>Do you think that indulging in your fantasies over and over doesn't make [PERSON] more likely to fulfill them?  do you think the splendor and beauty of this [LOCATION] just came about by chance from some explosion [DATE_TIME] because [PERSON] said so?  do you think just because you say a dog saluting [PERSON] is a joke it doesn't normalize antisemitic beliefs and in turn promote white supremacy?  any [PERSON] can spout platitudes and ask rhetorical questions but it's evidence and proper argument that proves your case and debunks theirs  dont ask me if i believe fantasy is harmless show [PERSON] an article that says overindulgence of fantasy messes with your perception or something and explain to [PERSON] how not only the findings debunk my own but factor in several aspects [PERSON] overlooked  put in the legwork.
REDDIT50_1160,18,0,"> seriously [URL] [PERSON] really believe that indulging in fantasies doesn't make [PERSON] more likely to do it?  what did i just say about asking rhetorical questions in [PERSON] of presenting arguments?  >If y[PERSON] keep obsessing over doing something, eventually [PERSON]'ll do it  elaborate by what mechanism does this happen?    if the fantasy is frequent and consistent enough does the brain confuse it for routine and thus [PERSON] end up acting said fantasy in the [LOCATION]  ala singing your favorite song when forgetting [PERSON]'re in public?  does the act of fantasizing act as a hyping mechanism where [PERSON] work yourself up to the point [PERSON] legitimately think it's a good idea ala ""ooh it sounds so good i must try it""?  is it due to a literal glitch in the brain where neurons mistake one signal for another and thus inadvertently flip fiction into nonfiction ala how ""voices in your head"" schizophrenia is just your brain mistaking your inner monologue for a completely alien voice that just get compounded by intrusive thoughts?  there has to be a reason [PERSON] think overindulging in fantasy makes [PERSON] act it out in reality  you heard the argument made somewhere, learned about it in a course of psychology or even came to your own conclusion after careful thought and research?  the way [PERSON] use it as a trump card tells me [PERSON] believe said argument is so solid and unifying that it will convince a [PERSON] like [PERSON]  so if [PERSON] know the answer to the rhetorical question can we cut to the chase and just tell me it?  >the blog post just says 'x went down while y happened therefore y reduces x!' its a textbook fallacy  aint that the textbook definition if a strawman?  [PERSON] literally removed all nuance and context of the article until it was a hyper generalized slogan [PERSON] can accuse of being a fallacy  the argument wasn't merely that ""when X happened Y happened""  it was that "" X went down when Y happened in countries A,B,C,D and E at exactly [DATE_TIME]"" ie it wasn't merely that they found a correlation but found it consistently every time a [LOCATION] legalizes porn and almost the same time as well  that is the reproducibility [PERSON] claimed sociology lacks  there's also the falsifiability of the hypothesis which in this case would be if porn wasn't a factor both [PERSON] and [PERSON] would have consumed equal amounts of porn and the survey reports that the [PERSON] consumed less than the [PERSON]  throw in the fact it's the best explanation for [LOCATION]'s declining birth rate and [PERSON] despite having the most depraved porn imaginable kinda pushes it into the causation camp dontcha think?  for sake of argument lets say [PERSON] are right and this is just mere correlation what factors could the [ORG] be overlooking to make them think porn is the only factor?  did the porn legalization come from a general media expan[ORG] and so it's more likely [PERSON] are too busy watching new movies rather than getting off on porn?  did the legalizing of porn come from said [ORG]'s redefinition of sexual misconduct so we still have the same amount of sexual assault it's just the [ORG] dont consider it as such anymore?  did the legalization of porn come the legalization of violent video games which in turn brought us the epidemic of game-induced sadism so while there technically isn't any straight up rape we still have the evils of war and bloodlust?  seriously quit it with the rhetorical questions and empty p[LOCATION] and actually put forth an argument  your claims hold so little water i am forced to argue on your behalf  it's pathetic!!!  >ts just common sense..  so it's pure bullshit you pulled from your ass  this explains everything now."
REDDIT50_1161,18,0,"> That wasn't a rhetorical question  yes it was [PERSON] asked that to highlight the ""absurdity"" of [PERSON] not comprehending the ""obvious""  rather be actually interested in [PERSON] opinion on the matter  that is because [PERSON] ""know"" the answer but are unable to explain it so just expect the implied ""answer"" is enough of an actual answer  like [PERSON] said i cut my teeth debating [ORG], the first kind of ideologues [PERSON] became aware of  same kind of ill-logic same kind of feels over reals same kind of ""my offense means [PERSON]'re bad""  as [ORG]  [PERSON] know how to make an argument while [PERSON] can't even justify your own ideas to yourself  >[PERSON]'re pretty unhinged, maybe its time to go [LOCATION]..  says the [PERSON] who talks like a [PERSON] and ignores science becasue of feels over reals  if [PERSON] can insinuate character so [PERSON] can [PERSON] [PERSON] [PERSON] in waiting  >It's like talking to a [PERSON], [PERSON] are literally asking me 'explain how the more [PERSON] want to do something makes [PERSON] more likely to do it'  yes, specifically the psychological mechanisms behind such a thing  i mean if it is that obvious and that comprehensive of a thing [PERSON] would be able to explain it to an [PERSON]  but the fact [PERSON] refuse to elaborate on your ideas and just retort with rhetorical questions tells me [PERSON] have no idea what [PERSON] are talking about  literally i seen this behavior with ""[ORG]' [ORG] and ""the bible says it i believe it"" [ORG]  it happens when [PERSON] have strong emotional conviction with little rational justification mainly due to never thinking about the position seriously  this results in [PERSON] ""knowing"" [PERSON] are right without actually knowing if [PERSON] are right on the matter  it manifests as rhetorical questions as a combination time staller and virtue signal  since [PERSON] can keep off from having to explain yourself by just throwing the same question back out again and try to discredit the [PERSON] by not so subtly saying ""hay my [PERSON] doesn't know this obvious thing is obvious look how stupid they are!""  works okay if [PERSON] are doing a popularity contest and [PERSON] got charisma but falls flat when [PERSON] are dealing with merit-based situations  >Do [PERSON] really think that obsessing over doing something versus not thinking about it doesn't make [PERSON] more likely to do something?  no,no [PERSON] do not mainly because from what i understand of psychology ""obsession"" doesnt work that way   obsession usually refers to extreme focus on something to the abandonment of other things and often results in cyclic behavior   obsessive-compulsive disorder is a prominent example of that as [PERSON] ends up taking certain obstructive thoughts so seriously they end up forming certain rituals around them, such as checking all the locks in your [LOCATION] 3 times in specific order before [PERSON] go to bed because one thought about burglars or dangers told [PERSON] if [PERSON] weren't that thorough [PERSON]'d be next  i think it also has to do with keeping some form of order to reassure yourself that [PERSON] have control of your life  anyway if severe the [PERSON] will slowly lose quality of life as they put more and more focus on their obession to the detriment of more important things  it's why it's called a downward spiral, it's a literal loop that drops  down the rungs with each cycle  what you are thinking about is more drive, which is more innate than deliberate if i make sense  the drive will make itself known and manifest itself even if the suff[PERSON] tries their hardest to ignore it  that's what it means when [PERSON] says they can't help themselves    a proment example of this is the serial killer triad where if a [PERSON] seems to have 3 specific tr[PERSON], a penchant for killing small animals, arson, and bedwetting to be precise, may indicate they may grow up to be a serial killer since almost all known serial killers shared such traits in childhood   basically saying these acts are in the [PERSON]'s nature and will guarantee they will remain into adulthood if not get worse   drives are the ones that can escalate behavior to be more severe as new exprience stimulates said drive more than before and the [PERSON] tries to score that high again   to go back to [ORG] they often graduate from killing animals to killing other people when they accidentally kill [PERSON] first    basically the same innate drive to end the lives of animals gets super stimulated when they take a beating too far or witness the order of events that result in [PERSON] dying and they ""feel a rush"" as [PERSON] describe it which makes them want to kill again so they can get that rush back  and the fact they are ""serial"" killers because they target specific kinds of [PERSON] in a linear fashion makes their [PERSON] serialized and said serialization is due to having a drive for [PERSON] ie a [ORG]  all lines up with the [PERSON] about more porn reducing rape since the trick is to have a po[PERSON] get their first rush from porn thus remain driven for more porn of a similar type but they wil almost never graduate to physical sex because they almost dont get the chance  bottom line you conflate two distinct phenomena and thus wrongfully attribute different aspects to different factors  and [PERSON] ae too stubburn to admit [PERSON] fucked up on that front."
REDDIT50_1162,18,0,[PERSON] wanted [PERSON] to answer your rhetorical questions so i did  what did [PERSON] expect?  just because [PERSON] cant comprehend the science doesnt make it untrue.
REDDIT50_1163,18,0,> lol holy [URL][PERSON]  what's with the ad hominem?
REDDIT50_1164,18,0,[PERSON] have no intention of having a serious discussion then?  do [PERSON] even believe your criticisms of the article? because [PERSON] have a sneaking suspicion [PERSON] just wanted to troll with that empty contrarianism now.
REDDIT50_1165,32,0,"> I voted for [PERSON]  I wish for [PERSON] to be cursed, everywhere [PERSON] will go, light will cease to work and [PERSON] will be left out in the dark, stumbling your pinky toes on heavy wooden furniture until your last breath  Peut être que la prochaine [PERSON] par la véritable propagande, les [ORG] qui tout les cinq [DATE_TIME] font ""barrage"""
REDDIT50_1166,32,1,">Wrong call [PERSON] voted for the [PERSON] because [PERSON] believe [PERSON] ideas are uninteresting, when his had. very slight potential  Like the idea of making one of the very, very few [ORG] that work in a [LOCATION] like his genious idea of :  - privatizing [NUMBER]  - [ORG]  - Destroying the CDI (Contras à Durée Indéterminé) , now your will have a contract for the duration [PERSON] are needed, after that [PERSON] return to unemployment state, meaning [PERSON] **will** lower your standards just to be able to work, good luck having a family when [PERSON] don't know when and where [PERSON] will work [DATE_TIME]   - Being another lapdog for the [NRP] like [PERSON], [PERSON] told the [NRP] to fuck off ""looking for mass destruction weapons"" in [LOCATION], [PERSON] a good thing indeed, for [DATE_TIME] it was more ""[PERSON] said : [PERSON], you go there and you do this, yes sir!""   > her ideas are uninteresting  - Close the [LOCATION]  - Negociate with ""mommy"" [PERSON] a better deal, since we switched to € we [NRP] **lost** a [CRYPTO] of ""purchasing power"" especialy after the [NRP] fiasco and allowing pretty much anyone and everyone in [LOCATION]   - Revoke citizenship to people leaving the country to do the jihad in [LOCATION]  - Allow anything to be voted by a referendum on a national scale wise if 300,000 people sign the request  - Revoke social aid to people being send to prison and the family of s[PERSON] too if it's an aggravated crime  - Stop the military interventionism madness (reminder that even if [PERSON] like to slanders our [ORG] as surrending faggot, [LOCATION] have boots on ground in [LOCATION] [DATE_TIME], *officialy*) **or** if you wish to continue, give an appropriate budget to be able to have boots on ground in 17 countries on the nano budget we have/had ([DATE_TIME] reminder [LOCATION] is the only [NRP] country that respect it's pledge to the 2.3% of GDP spend on it's [ORG] in the [LOCATION] accords, when [LOCATION] is at 1.8% of it's GDP and [LOCATION] at 1.2%)   [PERSON] guess that uninteresting compared to a [PERSON] that clearly said he will ""ubber-ise"" the [LOCATION]."
REDDIT50_1167,12,1,"Yea, post your pictures on the [URL], [PERSON]  Show everyone what a victim you are, and how not equal [PERSON] are....  Fucking worthless cunt."
REDDIT50_1168,25,1,"As much as [PERSON] greatly dislike the [PERSON] wasn't one of angry [PERSON]'s reoccurring lines **""YOU DONE FUCKED IT UP!!**?  Though that jackass would probably be jacking off because now the [ORG] loves censorship and the [ORG] twat can't think for himself."
REDDIT50_1169,6,1,[PERSON] are an [PERSON] trying to brainwash people into believing what [PERSON] saying is true  [PERSON] are exactly like her.
REDDIT50_1170,6,0,sure it does ;)
REDDIT50_1171,47,0,[PERSON] for the loss!
REDDIT50_1172,6,0,"oh no. downvotes on PPD. whatever next, banned from [ORG] posts?"
REDDIT50_1173,12,1,So many cuck faggots go after [PERSON] and leave the [PERSON] alone...
REDDIT50_1174,12,0,And the [ORG] are all white knights lol  Welcome to [ORG].
REDDIT50_1175,14,1,"> What’s not complicated is that there’s a reservoir of [PERSON] who hate **women** and get off on this  **WOMEN** are **NOT** a synonym to **FEMINISTS** Believe it or not, most women are not actually retarded Take a guess why these videos are popular, why [PERSON] like them, why the videos are called ""**ANNOYING** feminist"" and not ""**ANNOYING** woman"" or just ""Feminist"" Emphasis on the word ""annoying"" in case you missed it Re-read your drivel and try to find out why [ORG] are ""annoying"", in fact why ""feminist"" is an actual synonym to ""annoying"" Re-re-read it again and keep pondering why [PERSON] are laughing their asses off while feeding an ""ANNOYING"" [PERSON], I mean [PERSON] (as if there's any difference) to an alligator"
REDDIT50_1176,2,0,Sometimes the ban is worth it to say what you need to say
REDDIT50_1177,2,0,"Its not about the content, its about lifting the weight from [PERSON] shoulders [DATE_TIME] of built up frustration and anger coming out in a single moment  ""[PERSON] should have swallowed [PERSON], [PERSON] walking monument to abortion being a good thing"" was worth my [DATE_TIME] ban and still makes [PERSON] feel better to [DATE_TIME]!"
REDDIT50_1178,31,0,"We should create a counter movement  \\#Women'sWarOnJustice  Then use data of falsely accused, articles that show how common it is etc   If you wanted to go full edgelord you could get a picture of a [LOCATION] lynching and overlay the words ""Believe women"""
REDDIT50_1179,31,0,That just flips the whole issue around
REDDIT50_1180,31,0,"[PERSON] are now guilty then, [PERSON] like it."
REDDIT50_1181,31,0,"[PERSON]'s guilty for existing, problem solved"
REDDIT50_1182,37,0,"Anything like that can be abused, doesn't me it isn't a good thing."
REDDIT50_1183,4,0,"So, yeah - if there are bots signal-boosting outrage, will [PERSON] and [PERSON] be turning their analyses to the times this has happened to other people, not just the ones they clearly support?  Here's [PERSON]'s thread on it, which this article sources  [URL]"
REDDIT50_1184,38,1,"To tag onto this, we had a previous thread looking at some even earlier preliminary results by the same [PERSON]: [URL]  The [PERSON] took a look at that summary and said that it was basically correct: [URL]   As followup, she says that an account like mine would not count as ""anonymous"" We should be imagining egg accounts and throwaways for that category, I guess [PERSON], another person who has used [ORG] as a study tool, also says that [ORG] is basically the gold standard for research purposes, so I'm not sure what [PERSON] was thinking of when he said ""utter fuckton of false positives too"" Perhaps he is referring to [PERSON] ggautoblocker, which really just blocked anyone who followed two or more ""[ORG]""? That one later got used by [ORG] or some retarded shit, really that weird of a confusion."
REDDIT50_1185,38,0,"[PERSON] mean.. sure?? It really is pretty good though And more importantly, it's better than all the alternatives..  Personally, [PERSON] have a lot more trouble telling if something's a satire account or an actually [PERSON], even when looking by eye Some people are literally so dumb that you wonder how they haven't won a Darwin Award [DATE_TIME] I got into an argument with one of [PERSON]'s religious f[ORG] that lacked the ability to understand how the spread of atheism could possibly be similar to the spread of a religion or any other ideology This morning I thought that [URL] was a satire account before it slowly dawned on [PERSON] that [PERSON] could really be that stupid"
REDDIT50_1186,38,0,"Honestly, [PERSON]'m personally rating on ""[PERSON]'s fast, [PERSON]'s free, [PERSON] works on [PERSON] and most of the rest of the shit [PERSON] feed it, and [PERSON] don't have to do any work to design something new"" [PERSON]'ve found a bunch of false negatives ([mostly related to [ORG]]([URL] which is probably where it's weakest, but if you read down that thread of how the [PERSON] has been categorizing ""[ORG]"", you'll see that it's literally ""unverified and tweets a fucking lot"" That level of ""wait, really, that's it?"" is genuinely not unusual for the way people do studies in general, and if you're dealing with anything at ""big data"" scale, you're going to be glad that something like [ORG] exists   There's also five publications it links to that are for nerds: [URL]  I really think the issue here is that you're not properly appreciating how bad the alternatives are [PERSON] study was literally him looking at tweets manually, probably with an excel spreadsheet open to mark down the results He only had ~[NUMBER] tweets to sift through, but other people look at hundreds of thousands."
REDDIT50_1187,38,0,"Here, let [PERSON] put it to you this way   Every day, [PERSON] use a computer, and [PERSON] run [ORG]   Windows has a LOT of problems, and some of them could very reasonably justify calling it ""complete shit""  And yet, [PERSON] use it every day, because (for what [PERSON] use it for) it's better than literally everything else It is the least shitty tool for the job, making it the best  That's what [PERSON]'m trying to communicate to [PERSON] At some point, [PERSON] have to use something, and [PERSON]'m not dedicating [DATE_TIME] of my life into developing anything better [PERSON] and [PERSON] aren't going to try to develop anything better (probably) If you WERE trying to develop something better, [ORG] is the ""giant"" that you would stand on the shoulders of   Another issue is that the state of the art for bots is SO GOOD that tons of people argued with [ORG], and that's [PERSON]'s casual side-project The absolute state of [ORG] is SO BAD that you can get into an argument with a bluecheckmark that is SO DUMB that you begin to truly believe the NPC meme There's people that appear to be on [ORG] primarily to mindlessly consume ads and retweet [PERSON] with mindless ""[PERSON]"" comments Look through [URL] history and tell me ""bot"" ""[PERSON]"" or ""[PERSON]"" [PERSON] legitimately have very little certainty Bot detection is HARD, if [PERSON]'s genuinely interested in tricking people and not just mass retweeting for money   But than[PERSON] for taking the time to read the study and point to the more important information [PERSON] was too lazy, and now [PERSON] know Thanks."
REDDIT50_1188,4,0,"> I'm not sure what [PERSON] was thinking of when he said ""utter fuckton of false positives too""  Oh, that was in reference to something [PERSON] was claiming about the software (or some bot che[ORG]) on [ORG] Hence why it was framed as a question."
REDDIT50_1189,38,0,"[HANDLE] has taken the time to look at the research, and says ""a false positive rate of 0.15 In other words, 15% of legitimate users in the [ORG] were falsely identified as bots."" I am lazy enough to listen and believe."
REDDIT50_1190,4,0,It would be cool if we could get [PERSON] to talk to us I feel that the [ORG] are kinda using her tweet threads and not providing all that context...
REDDIT50_1191,40,0,They go to bat for [ORG] because no one is allowed to tell [ORG] what to do but *them*  It's like an [PERSON] fighting [PERSON] who looks at his [PERSON].
REDDIT50_1192,40,0,"""[PERSON], [PERSON]; [PERSON] beat off those awful consumers for [PERSON], now ***GET THE FUCK IN THE KITCHEN OR IT'S CIGAR BURN TIME.***  No, [PERSON], [PERSON]; come on, don't be like that."""
REDDIT50_1193,32,0,"> Or it's like the [ORG] when [PERSON] said anyone should be allowed to interpret the Bible  Tbh, he was a [NRP], when someone out of the dogma come crashing by, anyone reaction would be to say to said [PERSON] something along the line of ""fuck off"", religion is a touchy subject, fucking with peoples holy book in the name of ""interpretation"" is slipery slopey as hell"
REDDIT50_1194,32,0,"> when it easily has the most diverse cast you'll find in any game ever, let's be fuckin' real  [PERSON] have the suspision [ORG] won't have a new [PERSON] as a playable hero released in the next, oh i don't know, [DATE_TIME]? just a wild guess you know."
REDDIT50_1195,12,1,"[PERSON] thought men were supposed to be the toxic ones?  Oh, that's right  [PERSON]'re the reserved ones because [PERSON] have to deal with this shit constantly  [ORG]....  They're literally autistic [DATE_TIME]...."
REDDIT50_1196,2,1,[ORG] allows the [LOCATION] idiot to find all the other [LOCATION] idiots and then band together like a bunch of sticks into the mighty faggot  It likely is empowering to find an army of idiots to agree with [PERSON] for the first time in your life.
REDDIT50_1197,20,0,[PERSON] sound triggered Did someone pee in your soy milk? 😭
REDDIT50_1198,20,1,"Yup  U mad 😡   Don’t cry too hard into your [PERSON], faggot  😆 😂 🤣 😆 😂 🤣 😆 😂 🤣"
REDDIT50_1199,40,0,I knew [PERSON] was going to be trouble when I heard he was a [ORG] producer.
REDDIT50_1200,33,0,"""And read comic books""  Please stop making comic books about first world problems nobody outside of [LOCATION] gives a shit about  [PERSON] just want superheroes fighting villains without telling me [PERSON]'m too stupid to have an opinion of my own."
REDDIT50_1201,45,0,[ORG]
REDDIT50_1202,26,1,"and [PERSON] is making it harder for [PERSON] to be taken seriously, [PERSON] is an absolute [PERSON]"
REDDIT50_1203,26,0,who would have thought actions have consequences this must clearly be the [ORG]'s fault somehow
REDDIT50_1204,47,0,"[PERSON], [PERSON], whatever, why are you acting as if [PERSON] didnt just compare his request for a debate to cat calling and harassment? thats the whole point [PERSON] that [PERSON] wont debate, its about how [PERSON] said no"
REDDIT50_1205,37,1,"While [ORG] is still pushing hard for the award of ""Biggest Faggot on the Internet"" [ORG] (details on request, but they're not important for this point he makes), [he's noted something very important]([URL] and obvious if you think about it WRT to the totalitarian [ORG]'s comprehensive purging of Gab, the latest crime is [ORG] shutting down their [URL] domain name  **There is no Rule of Law in the digital economy**:  > As [PERSON] mentioned [in the [LOCATION][URL] [DATE_TIME], what these [ORG] are doing is literally destroying the basis for a developed economy And not only what they are doing now, but what they have been in the process of doing for [DATE_TIME] The EULAs, the Terms of Service, and the selling of software of a service, and the [ORG] have all collectively routed around the rule of law which is necessary for sustained economic growth over time In countries with strong rule of law:  >> 1 Property rights over land, equipment, and personal items are clear and protected by law >> 2 Contracts between [PERSON], [ORG], and the [ORG] are effectively enforced by the legal system >> 3 Political accountability is high and corruption is low >> 4 Business regulations are clear and enforced in a transparent manner  > In such environments [PERSON] make long-term investments and build [ORG] In contrast, if the property rights and contracts are not enforced and the business regulations are not clear, most of the [ORG] consists of [ORG] with little modern equipment A high-tech, prosperous economy would not develop  > Effectively, there are no contracts anymore in the digital economy There is no predictability anymore There is no accountability There is no responsibility There are no requirements for performance anymore In sum, the [ORG] is rapidly becoming the equivalent of a [ORG], complete with [ORG] and [ORG]   [PERSON] slightly overstates the issue of requirements for performance, there are Service Level Agreements (SLAs), but those pretty much always just give you some [NUMBER] if the service is down for a period of time  And this helps explain why so much of the [ORG] [DATE_TIME] is focused on making a fast buck by skeezy means doing trivial stuff, most people don't have and can't get the [*guanxi*]([URL] needed to safely build bigger  [ORG] who got started long ago and got big back when tech was libertarian don't have to worry about being shut down on a whim, often by an algorithm with no means to appeal, but [ORG]?  The [PERSON] has labeled this business model as Slavery as a Service, from [ORG]  For example, as far as [PERSON] can tell, and certainly in practice, [URL] names are property only when a unit of the [ORG] wants to seize one  [ORG] regularly steal them if they're political incorrect, although [PERSON] suppose someday a lawsuit might make law [ORG] to that particular dirty trick  So my fundamental advice is to simply not make a large investment in your effort  Sure, we can provide you a set of ""least worst"" options for many of your questions, but ultimately [PERSON]'re just a bug to the totalitarian [ORG], who can and will effortlessly squish [PERSON] any time they feel like it  Ultimately, *If This Goes On—*, we're going to have to build our own parallel Internet, right down to the ""wires"" between nodes."
REDDIT50_1206,23,0,"> At least they won't claim rape after regretful sex  HEY! Not so fast there [PERSON] There are already [ORG] out trying to shut down that industry due to claims that all dolls are just a ""Rape Fantasy"" and ""normalizes rape"" [Calls for [LOCATION] sex-doll '[ORG]' to be closed down]([URL]"
REDDIT50_1207,5,0,Does anyone know why [PERSON] is against the [DATE_TIME] amendment? I'm baffled.
REDDIT50_1208,5,0,"Yeah that should probably be ended because it is abused in practice In principle, [PERSON] would think it a good thing for [PERSON] to work for reparation to their victims and the [ORG]."
REDDIT50_1209,12,1,"[PERSON] mean, [PERSON]'d give up my seat for a [PERSON]  Unless [PERSON]'re a [PERSON] about it  Then [PERSON] can do a handstand the whole ride for all [PERSON] care, [PERSON]."
REDDIT50_1210,12,1,"Oh, kinda like how a [PERSON] loses his job the second some [PERSON] on [PERSON] says something?  This isn't PPD, this is just a little less privileged than [PERSON] was [DATE_TIME]."
REDDIT50_1211,13,1,"NOW [PERSON] get it Holy, took me long enough  And NOW [PERSON] also get the DBZ Abridged dialogue where they say the same quote  [PERSON] am i retarded."
REDDIT50_1212,43,0,"[PERSON] agree with the sentiment that saying ""not all men are assholes"" makes the one saying it an asshole?  Not all men are assholes, [PERSON] And *[PERSON]* are an asshole for agreeing with their bullshit."
REDDIT50_1213,43,0,"> Though it is a pretty asshole thing to do to look for validation from fking [ORG]  Are you under the delusion that [ORG] advocating bullshit like ""all men are assholes"" deserve *any* respect? Th[LOCATION], calling those rotten people ""[ORG]"" is a disrespect to actual [ORG]  > [PERSON] should reread what the [ORG] in the image above said  [PERSON]'ve said that in a lot of comments here.. It's almost as if [PERSON] thought that saying that ""what the op says is not what it says"" often enough, everyone is going to start believing [PERSON] and seeing what [PERSON] wanted to see in there  Is that how [PERSON] got brainwashed? Sorry [PERSON], [PERSON] need an [LOCATION] where everyone is saying the same thing for the lie to start looking like the truth So it is not gonna work in here  But [PERSON]'re welcome to keep trying, please do tell me what ""the only kind of [PERSON] who says 'not all men are assholes' is an [PERSON]"" means.. According to *[PERSON]*  Seriously, do keep trying to twist that one, reading your bullshit is pretty funny"
REDDIT50_1214,43,0,"> [ORG] isn’t a reply to [PERSON] [ORG] is replied to [ORG] and people who have had to deal with Sexism  Citation needed, [PERSON]  It's as if you thought anyone had to accept that braindead statement just because you said it Adorable  > Don’t believe me? Just google #notallmen  Shifting the burden of proof, the usual drill..  > Seriously That’s what the people above are talking about   Let me counter: no, it isn't  > Because [PERSON] don’t think that [PERSON] provided the right context, [PERSON] am now mentally ill  Now, now, [PERSON] don't think that you are mentally ill for playing devil's advocate for these assholes [PERSON] would never do that.. Pretending that you guys are mentally ill is giving you an excuse for how awful [PERSON] are  Nah, [PERSON] choose to promote your toxicity in full capacity  > But [PERSON] sincerely don’t think that [ORG] is as well intentioned as you think  Again, [ORG] are assholes  Look at that, I'm using it in reply to [PERSON]  Funny how things turn out."
REDDIT50_1215,43,0,"> Just letting [PERSON] know, calling me [PERSON] is likely to make someone stop listening to [PERSON] because of how condescending it is  Were [PERSON] under the delusion that [PERSON] care about whether [PERSON] listen to me? [PERSON], [PERSON] know that [PERSON] are a lost cause [PERSON]'m just having fun here, it's the reason [PERSON] come to this sub  [LOCATION], [PERSON] usually expect the idiocy in the op, but finding it in the comments too is always a delightful surpr[PERSON]  > [PERSON] shifted the burden of proof this one time because, really? Is it so hard to google something? [URL]  It's fucking hilarious how the second result in that screenshot undermines your point  > What about this image is so toxic [PERSON] simply don’t see it?  [PERSON] know you don't, [PERSON]  Like [PERSON] said, lost cause."
REDDIT50_1216,40,0,"Just fucking nuke [LOCATION], I swear to God  [ORG] dug through the [URL], found one thing they didn't like, clapped their hands, and got INSTANT compliance It's fucking disgusting."
REDDIT50_1217,40,0,"> you just don't get to win  Welcome to [ORG]  I'm sure there are [ORG] in [LOCATION]; that doesn't change the fact that it's a [ORG] whose [ORG] are absolutely horrible people It has gorgeous natural features, too, but that doesn't excuse the fact that it also has [LOCATION]."
REDDIT50_1218,40,0,"Hey, if [PERSON] can say she wants to watch white children die of cancer and it's a hilarious joke, what I said wasn't *that* bad /s  And no, I'm not denying that there are great people in [LOCATION], tremendous [PERSON], [PERSON], [PERSON] like [PERSON] wouldn't believe But we have to do something, [PERSON]; it's just gotten so bad, so bad And [PERSON] tell me ""oh, [PERSON] have to be nice, be nice""; well, sometimes, when a [ORG] is this big, uh, monolith, this thing that routinely impedes the functioning of the [ORG], [PERSON] just gotta be tough, OK? [PERSON] gotta attack it, [PERSON] gotta just let the whole [ORG] know And that's what [PERSON] think, [PERSON] think that it's, uh, just really important; it's something we have to do."
REDDIT50_1219,41,1,>[ORG]
REDDIT50_1220,41,0,"In [LOCATION] it will largely come down to a constitutional challenge for the [PERSON] that doesn't settle with a plea deal Like with the masturbatory aid bans, which were also predicated on obscenity, it requires a court challenge to overturn obviously unconstitutional prohibitions on [DATE_TIME] amendment speech  Also, to anyone claiming ""muh 10th amendment,"" that only works for powers not already delegated to the [ORG] The [DATE_TIME] amendment, like [DATE_TIME], is largely inviolable and cannot be constrained by state law just because they vote to do it The [ORG] don't have the right to curtail [DATE_TIME] amendment speech that is guaranteed by the [ORG] Just because they regularly do, doesn't mean it doesn't also regularly get overturned after lengthy court battles  This is why states like [LOCATION] routinely get slapped by the [ORG] for gross unconstitutional acts  As a further on this, keep in mind that ""[ORG]"" as a whole were considered illegal in [LOCATION] [DATE_TIME], as far as history is concerned When you see [PERSON] say that something is illegal, you have to keep in mind that while the [ORG] may find it illegal, it doesn't mean that the [ORG] will when forced to examine it Obscenity laws have been dying a slow death of a million court battles for [DATE_TIME], and no [ORG] *wants* to rule on something being an obscenity or not, because then they will have to on[ORG] and for all define what an obscenity is without completely trashing the 1st amendment, a feat that they simply can't do, since the Miller test is the most ambiguous and ill-defined standard applicable  As a passing last time edit, obscenity law reflects possibly the last gasp of moralism in [LOCATION] common law The great majority of laws focus on the verifiable parties involved with a dispute, the verifiable harm or offense committed, and the verifiable damage of said acts There is a lack of passion, or focus on right or wrong, in law There is only what happened, and the facts about what happened Only in the resolution of a trial does the depravity of a [PERSON]'s conscience in committing acts sway the punishment of those acts But obscenity is ill-defined, lacks any victims, cannot be tied to a particular public act, and criminalizes the conscience of the [PERSON] It is only ""wrong"" because others are offended by it No act of deprivation is tied to its existence, nobody is harmed by its creation or dissemination, and it can only be illegal because the [ORG] is making a moral stand If anything, the [LOCATION] would be better by removing this topic from the [ORG]'s hands once and for all  Obscenity law is t[PERSON]'s wet dream as created by the [ORG] There is functionally no difference between hate speech as envisioned by the [ORG], and obscenity law as crafted by the [ORG]."
REDDIT50_1221,3,0,"First of all, the [ORG] already ruled that obscenity is not protected by the Constitution  So.. a lot of the stuff [PERSON] said here is kind of irrelevant basd on that    [PERSON] can't remove morality from the [ORG] because all of the rights afforded by the Constitution are moral rights   There's no explaining why we allow [PERSON] the freedom of speech without mentioning that it's the right thing to do     The only reason why [PERSON] can settle things like obscenity laws (sometimes) without reference to morality is because the moral side of the issue is already settled by the Constitution in the [LOCATION]   There is no such thing as 'moralism' [PERSON] has morals; they just seem like 'moralists' when they have different morals from [PERSON] and the authority to give their opinion weight"
REDDIT50_1222,41,0,"That was decided in [NUMBER], with language that had no definition as to what an obscenity actually is, how one actually determines what is an obscenity, and what any of the terms involved are  You might as well argue that the [ORG] upheld slavery at one point, which it did, so why argue against slavery?  As [PERSON] said, the [ORG] has attempted to punt at every opportunity on deciding the actual use of [PERSON] or exact definition of obscenity In the age of porn on demand, and expanding protections for non-political free speech in [LOCATION], one good criminal prosecution that doesn't end in a plea deal could see an appeal go to the [ORG]  And morals are not the basis of the Constitution That's a conservative fantasy Rights are not based on morals They're granted by the virtue of existing Free spe[PERSON] doesn't exist because your sky wizard commands it It's a right derived from the need of the [PERSON], and it doesn't require the agreement of the [ORG] or of others The [ORG] guarantees [PERSON] rights, not group rights, because those rights exist naturally for the [PERSON] Obscenity is the very definition of a group punishment upon the [PERSON], the offense of others as a reason to inflict tyranny on the minority  Honestly, [ORG] make me sick sometimes The willingness of such types to lock [PERSON] up for making drawings or writing novels, to deprive them of liberty because thei[ORG] are rustled, as interpreted by [ORG] and their [ORG]  Anyone that would lock up another human being for scribbles on paper should never speak of standing for anything resembling human dignity They're more at home with the [ORG] than the [LOCATION] And they shouldn't throw stones at their leftist counterparts who also seek to control the thoughts of others They're the same fucking thing."
REDDIT50_1223,3,1,">[PERSON] might as well argue that the [ORG] upheld slavery at one point, which it did, so why argue against slavery?   And [PERSON] *would* if we still had slavery and it had never been overturned and [PERSON] was ta[PERSON] to [PERSON] who was trying to tell [PERSON] the [ORG] were anti-slavery I might provide my own *moral* reasons to be against slavery...but yeah, a discussion of the law would require me to bring it up if the [PERSON] was pretending the [ORG] was against slavery when they had actually upheld it   >Rights are not based on morals They're granted by the virtue of existing  It's funny, you *say* that as if those two things conflict somehow ""It's not morality! It's just a series of rules about behavior based on a human's intrinsic worth!!""  What exactly is the reason to separate the two things, other than the word 'morality' obviously makes [PERSON] mad, and reminds you of religion, which makes you *really really* mad?  >It's a right derived from the need of the [PERSON],   If it was derived from the need of the [PERSON] than [ORG] would be right in saying we have a basic human right to food and shelter and all that stuff, and the [ORG] would be obligated to provide it Rights aren't based on something as pragmatic as human needs, they are based on human worth and dignity  If [PERSON]'re any sort of libertarian or conservative, then [PERSON] believe primarily in *negative rights*; i.e., rules about what *[PERSON] aren't allowed to do to [PERSON]*, i.e, morals   >Obscenity is the very definition of a group punishment upon the [PERSON], the offense of others as a reason to inflict tyranny on the [ORG]  No more or less than any law that comes down to a group vote  If [PERSON]'re going to cry 'tyranny' in every instance the [ORG] doesn't get their way, you may as well rename judges as regents and give them the authority to rule over every aspect of our lives   In the mean time, *Of fucking course* [ORG] get to decide things like 'can you sell dildos in a [LOCATION]' based on the [ORG]'s wis[PERSON] (measured by voting), and of course histrionic language about tyranny doesn't actually change that   >Honestly, [ORG] make me sick sometimes  Yeah, that's clear [PERSON] should probably calm the fuck down and compose some better arguments if [PERSON]'re going to address one in the future   >Anyone that would lock up another [PERSON] for scribbles on paper should never speak of standing for anything resembling human dignity  Like for example [PERSON]  Here's another one: those degenerate [ORG] make me sick sometimes  They want every community on earth to look like a goddamned [LOCATION], because apparently not being able to walk down the street of your home town without seeing [PERSON] jerking off in public and screaming ""[PERSON]"" at [PERSON] is what freedom is supposed to feel  like"
REDDIT50_1224,41,0,[PERSON] thought [PERSON]: 76 was supposed to be fun?  Nerd!
REDDIT50_1225,41,0,Freedom is slavery.
REDDIT50_1226,9,0,"Yeah .. and there are some [PERSON] who wouldn't permit their [PERSON] to gain the ability to hear because it would lead to the death of ""deaf culture""  In other words some [PERSON] are incredibly selfish and don't care who it fucks up  edit typo"
REDDIT50_1227,27,1,Just another [PERSON] expecting to be treated differently because [PERSON] has a pussy
REDDIT50_1228,19,0,"> imagine what it could have been done to help the [PERSON] with all that technology and AI...but no, [PERSON]' fee fees are the most importnat thing in the world  > how pathetic a [PERSON] you must be to spend funds on a masturbatory device?  The best part is when you have women coming on there who demonstrate exactly why a [PERSON] would 'spend funds on a masturbatory device' and as per usual they pretend the double standard of women actually getting handed dildos in a [ORG] isn't a thing  They live in their own fucking world and it shows."
REDDIT50_1229,19,0,"Yes, there was a protest against guns at [ORG] where they carried dildos instead of guns and then [PERSON]'m trying to remember but there was one posted up recently where women were being handed dildos for free and being total hypocrites in regards to the whole masturbation thing."
REDDIT50_1230,49,1,"[PERSON] never have an answer for the most basic question that completely demolishes your retarded ideas, and [PERSON]  Always a stupid 1 liner response as if [PERSON]'re the vict[PERSON] of some insane level of idiocy, when [PERSON] already know things like gassing minorities has already happened in [LOCATION]  [LOCATION]."
REDDIT50_1231,49,1,'[PERSON]'
REDDIT50_1232,49,0,*'thumbs up my butt'*
REDDIT50_1233,4,0,"Thoughts  1 [PERSON] who send death threats over reviews are cancer  2 Numerical scores are cancer  Edit:  [PERSON] mean, dunk on bad reviews all you want But when [PERSON] start threatening reviewers (didn't [PERSON] get threatened over [ORG] and [ORG] too?), it just leads to shit like this."
REDDIT50_1234,47,0,"we get a lot of concern trolls ppd is a hard to understand concept for some Some ass hurt [PERSON] get their feelers hurt because theyve been so accustomed to women getting treated lik[ORG] All of a sudden women are getting treated like men and its ""misogyny!!""  and we welcome it with open arms"
REDDIT50_1235,47,0,"oh i understand i didnt think [PERSON] were bitching about ""woman hate."" [PERSON] agreed with [PERSON] In fact, i would actually support and sticky post a well written post from [PERSON] detailing what constitutes [CRYPTO] as well as calling out all the gatekeeping concern trolls [PERSON] expand on exactly what [PERSON] are talking about here and ill sticky it"
REDDIT50_1236,40,0,"\\>crowdsourced  No way It has a [ORG] that would make the [ORG] envious, and relies on converts to force adherence from the top  [PERSON] is making the exact mistake they want him to make; [PERSON]'s assuming that an [ORG] is *organic*, that it arises naturally, because it's *adoptive*, that it has non-hereditary membership  They're *not* the same thing."
REDDIT50_1237,15,0,It's both.
REDDIT50_1238,32,1,Or any retarded states in [LOCATION].
REDDIT50_1239,48,0,"Oh [PERSON] agree wholeheartedly  [PERSON] prefer having only [ORG], the people that actually own [LOCATION], be able to vote."
REDDIT50_1240,48,0,"Voting power based on how much [PERSON] pay?? No  The ones who own the [LOCATION] should vote No land, no vote!  (And income/property tax being illegal forever.)"
REDDIT50_1241,48,0,"[PERSON] could pay millions in taxes, but if [PERSON] don't own a [LOCATION] [PERSON] don't think [PERSON] should be able to vote in that [LOCATION]'s elections."
REDDIT50_1242,48,0,">That's just retarded, eventually there would be no plot on earth ""unowned"" locking out future generations  No, there will always be buyers and sellers The [LOCATION] has **Billions** of acres No land, no vote  &#x200B;  >from the right to vote  Voting is not a ""Right"" You're parroting women  Voting is modification of the operation of [ORG]   Voting is decision Voting is work Voting is future planning  This is why [LOCATION] *initially* did not allow [PERSON] to vote  &#x200B;  >How about instead if you pay [CRYPTO] into the system you get to say how that money gets used because that makes the most fucking sense  This is a [PERSON] dream (aka an idiot's dream)  What happens if the [ORG] abolishes Federal taxes? YOU LOST YOUR VOTE  What happens if your [ORG] abolishes [ORG] taxes? [PERSON] LOST YOUR VOTE  What happens if your [ORG] abolishes local taxes? [PERSON] LOST YOUR VOTE  What happens if your [ORG] decides to only tax women? TOTAL FEMALE CONTROL  What happens if your [ORG] decides to only tax [ORG] employees? FASCISM  &#x200B;  Voting power based on ""wHaT YoU pAy iNTo tHe sYsTEm"" is stupid  &#x200B;  *Voting power based on Landownership is the future.*"
REDDIT50_1243,6,0,So how is [PERSON] these days?
REDDIT50_1244,22,0,It gets better Butt hurt [PERSON] hack media [URL] posts a story about all of this with links to the now dead sub  [URL]  Even better have a look at this screen shot of the screen shot on the news article  [URL]  Do you see it? Look closer Every single post is at zero except for my troll post  Absolutely fucking hilarious.
REDDIT50_1245,26,0,"This is an odd one, because when you factor in  national shaming by [PERSON] deeds being sent [LOCATION], [PERSON] actually have sympathy for [PERSON] now  [PERSON] is a drunk mess and we have all been there, [PERSON] made a nu[PERSON] of [PERSON] and behaved inappropriately and was escorted out all good and fine  however now [PERSON] face and behaviour is shared [LOCATION] i think [PERSON] is paying a higher price than [PERSON] ""crime""  and if [PERSON] were honest with yourself im sure [PERSON] rather pay a fine or some extreme punishment that [PERSON] drunken flirting being internationally mocked and shared   all of us have been a bit of a twat when drunk at somepoint, that doesnt warrant world wide shaming in [PERSON] opinion"
REDDIT50_1246,46,0,"The faster you turn a leftist tactic back against [ORG], the faster you defeat them It should be a reflex at this point Sad that we still have “don’t sink to their level” [PERSON] who haven’t figured this out  Or, more likely, [PERSON] “haven’t figured it out”."
REDDIT50_1247,35,1,Stop This is Fucking sexual abuse Stop acting like it’s a good thing [PERSON].
REDDIT50_1248,35,0,"You sound mad [PERSON] Suck some dick, it will make you feel so much better."
REDDIT50_1249,44,1,[PERSON] is anti-black  Suck it [PERSON] Must Fall faggots.
REDDIT50_1250,10,0,"A better question is, is there anything still legal in the [LOCATION]?"
REDDIT50_1251,36,0,88? [DATE_TIME]?   [CRYPTO]  [CRYPTO]
REDDIT50_1252,22,0,"Even better, ""[PERSON] have ordered my pussy It is in the post and will be installed shortly""."
REDDIT50_1253,16,0,eh not much
REDDIT50_1254,4,0,"TBH, half the [LOCATION] (including [LOCATION]) is gonna be acting like they're [ORG] over this Best to just wait and see what happens."
REDDIT50_1255,42,1,"Hey, nobody got lynched [PERSON] spent [DATE_TIME] in [LOCATION] No harm, no foul, right? [PERSON] didn't mean to hurt anyone; [PERSON]'s just retarded  Women shouldn't go to [LOCATION] for acting like children They just don't know any better."
REDDIT50_1256,12,1,Signed  Fuck these cunts....
REDDIT50_1257,40,0,How does a [ORG] fuck up a whole sub?
REDDIT50_1258,16,0,what would a single example have to with the entirety of society  #MORON
REDDIT50_1259,16,0,"[PERSON] ain't reading that, but a reminder, [PERSON]; if it wasn't for [ORG], females would be traded as a commodity"
REDDIT50_1260,16,0,"ooh [PERSON] did the passe meme that's wrong 99% of the time while being unable to refute a basic truth [PERSON] will instinctively admit to no one but your shuddering subconscious cool beans, [PERSON]"
REDDIT50_1261,16,0,[PERSON] isn't cool at all
REDDIT50_1262,46,1,"Relative Privation: The Article  Some level of ""harassment"" aka negative engagement aka criticism isn't *just* the standard issue white noise of the [LOCATION] -- it's an incurable consequence of free will, which makes it an inevitable part of the human condition  There is no sustainable future in which [PERSON] will be free to broadcast anything at all to the masses (whom include the [PERSON] and all flavors of bigot, from the [ORG] to the [ORG]) and *not* receive pushback This goes triple for anyone putting out aggressively critical declarations meant to control other people via junk science and masked hatred (you know, feminism)  [PERSON]'re telling us to put aside all of our concerns about the biased and hostile [ORG], [ORG], and [ORG] who are openly attacking us and our hobby - while they colonize our [LOCATION] and [LOCATION] - because some of them are receiving blowback from their targets? And given [ORG] are targeting millions of people, is it a surprise that some of that blowback is more severe?  Keep in mind, [ORG] hasn't actually harmed anyone 99% of the harassment is just criticism, albeit frequently laced with naughty words Maybe, just maybe, these crybabies are trying to con[PERSON] a few random line-crossers with all of their opponents because doing so is a convenient deflection - a great substitute for actual arguments and data supporting their bullshit ideas?  The [PERSON] cries out in pain as [PERSON] strikes you.  If your declaration is that none of us are allowed to tear apart [PERSON]'s retarded ideas or criticize [PERSON]'s cluster B lunacy until that magical day when ""everyone"" (aka literally [PERSON]) is finally nice to ""[PERSON]"" (aka literally [PERSON]), then [PERSON]'m happy to tell [PERSON] to go fuck yourself Because [PERSON]'re creating impossible conditions as prerequisites for discussing your i[ORG], and that makes them mandates  But this isn't [LOCATION], and [PERSON] don't have to do what you say  Incidentally, this is the same motte and [PERSON] bullshit you see from the [ORG] They always claim to support the second amendment, but that support disappears the moment [PERSON] gets shot   Which means their support is contingent upon no one ever being harmed by a gun  Which will never happen so long as guns are legal and [PERSON] have free will   And so their support for gun ownership is based upon an impossible premise, making that support literally impossible."
REDDIT50_1263,12,1,"[ORG] is tracking a lead about potential false accusations about [PERSON]  It's just turned into a meme at this point  These dumb cunts will say anything not only to get their way, but to just defame [PERSON] [PERSON] can  Fucking up men's lives give them solace for some reason  They're fucking insane."
REDDIT50_1264,41,0,"[ORG] are bad because they pillage, murder, and rape everything they can get to  [ORG] are bad because they worship the fucking [PERSON] and are [PERSON]level untrustworthy."
REDDIT50_1265,36,0,"It's not a joke, because jokes are funny There's no humor. shit, there's not even anything to satirize in ""excuse me, are you using this thing?"""
REDDIT50_1266,36,0,"yes And [PERSON] are rooted in something humorous, even if [PERSON] fall flat This isn't There's nothing funny about this scenario, or any scenario this could be satirizing, is my point      This is just stupid trigger shit being presented as ""It's just a joke bro"" when it falls flat   &#x200B;  I doubt very much if it resonates with anyone outside of the [LOCATION], because [PERSON] consider a polite question to be common courtesy, and not an outright attack on [PERSON] as [PERSON], or some bumbling [PERSON] demanding they solve a problem for [PERSON]   &#x200B;"
REDDIT50_1267,35,1,"Uh, are you retarded? Meat is best when it’s nice and red in the middle No one likes that shit dry and tasteless."
REDDIT50_1268,14,0,It's called [ORG] for a reason.
REDDIT50_1269,0,0,That's one retarded law.
REDDIT50_1270,0,1,"And as much as it may offend anyone, saying some retarded shit like ""[NRP] are murderers and rapists and dont belong here"" isn't inciting violence either."
REDDIT50_1271,10,0,"Not gonna have much of a financial infrastructure left if [PERSON] shut something down because a [PERSON] posted there  You may as well shut down completely if that's your playbook, [ORG]."
REDDIT50_1272,10,0,"[ORG] has been involved, unwittingly or not, in every type of criminal transaction under the sun  The problem is a payment processor should be neutral unless they have instructions from either the [ORG] or whatever oversight they have (I'm assuming [PERSON] fall under the [ORG]) that continuing doing business with [PERSON] would be a crime [ORG] shouldn't be able to deny anyone just because [ORG] don't like [ORG] or the services [ORG] provide, nor should [ORG] be allowed to deny anyone because it might look bad from a PR perspective (which [PERSON]'m taking a wild stab at being the case here)  Personally, [PERSON] closed my account with [ORG] when [ORG] banned [ORG] Wish [PERSON] could do the same with [NUMBER] and [NUMBER], but [PERSON]'m running out of options to pay with then."
REDDIT50_1273,7,0,> You don't have to like or approve of [PERSON]   Funnily enough: [PERSON]'s site has been banned on [LOCATION] for quite some time after one of his contributors was grave dancing over a [PERSON] that walked in front of a train   This is still bullshit for [ORG] and [ORG] to do
REDDIT50_1274,7,0,"> Wasn't he banned for pulling a ""[PERSON]/IA here, it's verified"" lines of crazy? Could be misremembering but that was a lot of [DATE_TIME] back  [PERSON] was openly mocking a [PERSON] who walked in front of a [LOCATION] on purpose, and [PERSON] backed up that [PERSON]'s actions   Plus [PERSON]'d been pushing the boundaries of ethical journalism (to put it nicely) already That was the last straw   As [PERSON] said though, it's been [DATE_TIME]"
REDDIT50_1275,3,0,"[PERSON] didn't call the 'other side' douches and dried up weasels, he called [PERSON] a douche and [PERSON] a dried up weasel And I notice you didn't say he was wrong"
REDDIT50_1276,3,1,[PERSON]'m not a faggot but [PERSON] definitely both are
REDDIT50_1277,12,1,This is what happens when you live your whole life in a bubble of positive reinforcement and never having to be responsible for your actions  These cunts ACTUALLY think they're oppressed  It's fucking insane...
REDDIT50_1278,16,0,just quarantined do a search for whichever one and you can re-enter
REDDIT50_1279,16,0,"well [PERSON] wasn't clear, [PERSON] can do it if [PERSON] use [ORG] or any other search engine to find the sub, then [PERSON] can get in, this can be done on your [PHONE] too, and [PERSON] don't even need to use the application"
REDDIT50_1280,35,1,These types of [PERSON] don’t actually want to educate themselves They are happy perpetuating lies and misinformation as long as it furthers their agenda.
REDDIT50_1281,36,0,"[PERSON], you totally don't get it Words are LITERALLY violence, so everyone who argues with these truth to power statements is LITERALLY murdering people in the [LOCATION] over 400 thousand gay, trans, and fat [PERSON] were literally murdered [DATE_TIME], by words, on [LOCATION] This is SO MUCH WORSE than anything that allegedly happened during the ""holocaust"" Those [PERSON] were just targeted for being jews THESE [PERSON] are targeted for being gay, trans or WORST OF ALL fat!   This is oppression the likes of which the [LOCATION] has never ever seen before"
REDDIT50_1282,44,1,[PERSON] nigger trans   if your genocide isn't intersectional...
REDDIT50_1283,0,0,"Instead of exterminating them, [PERSON] could ship them all to some sort of [LOCATION] and give them all laptops  Here's the twist - [PERSON] don't know it, but the [LOCATION] has its own completely separate instances of [ORG], instagram, [ORG], etc."
REDDIT50_1284,44,0,[PERSON] find myself conflicted by the double meaning of shipping  E: thats like [ORG] shadowbanning  [ORG]
REDDIT50_1285,25,0,How much you want to bet [PERSON] did research to know exactly the worst times to harass the point [PERSON] about [PERSON]? I think [PERSON]'s evil enough to do it.
REDDIT50_1286,16,1,i don't need to guess [PERSON]'re retarded
REDDIT50_1287,48,0,"\\*Sees [PERSON] carrying weapon pacing methodically in front of [LOCATION]\\*  &#x200B;  [PERSON]: ""I should stand in his way"""
REDDIT50_1288,25,0,You know [PERSON]'m starting to think the only reason [PERSON] haven't drunken myself to death or addiction is because [PERSON]'m too much of a cheap fuck to buy booze regularly  [PERSON] mean seeing this shit makes [PERSON] WANT to drink but [PERSON] don't have any so [PERSON] can't.
REDDIT50_1289,14,1,> [PERSON] mean seeing this shit makes me WANT to drink  Doesn't help Source: experience In [DATE_TIME] [PERSON]'m sober These retards are still retarded You can't fix stupid.
REDDIT50_1290,36,0,"They mean when [PERSON] says ""this is so me!"" about a character, not using g the word to self identify in a sentence"
REDDIT50_1291,32,0,"> Look, that there's actual degenerates within a [ORG] invented around a fetish is no surprise But [PERSON] don't see them having to turn into hard policing of their own community because of a [PERSON]  Because that's what [PERSON]'re supposed to do, if you think for a milisecond ""we"" the [PERSON] ([PERSON]) allowed retards to do retarded things, you're deadass wrong, **because** [PERSON]'re part of it, **because** [PERSON] like it [PERSON] **should** police it, or else what was yours will [DATE_TIME] die or changes so much [PERSON] won't recognize it anymore  Is it fun saying to a pillar of the o[PERSON] to go fuck [PERSON]? fuck no  Is it fun being part of a [ORG] and being known for being the ""rules reactionary"" when you're supposed to be there to have some fun? fuck no"
REDDIT50_1292,32,0,"> unreasonably impossible expectation  Is not doing actual bestiality ""impossible expectation""? is allowing a [PERSON] being all retarded and shit an ""impossible expectation""?  >impossible expectation that [ORG] put on us That impossible self policing where everyone is ever suspect because inevitably [PERSON] in there is bound to be bonkers, so might as well be always on a hair trigger That situation is just as much a fun killer as what [PERSON]'re proposing  First, [PERSON] ain't proposing shit, this isn't a proposition, it's a reminder of what await [PERSON] if [PERSON] don't, how many shit did ""[ORG]"" lost? from [LOCATION] to [LOCATION] because ""[ORG]"" allowed the cancer that is [ORG] take roots, i don't know if [PERSON] did read my post or not so i will quote it again, the answer didn't changed one bit  > [...] **because** [PERSON]'re part of it, **because** [PERSON] like it [PERSON] **should** police it, or else what was yours will [DATE_TIME] die or changes so much [PERSON] won't recognize it anymore  > Is it fun being part of a [ORG] and being known for being the ""rules reactionary"" when [PERSON]'re supposed to be there to have some fun? fuck no  [PERSON], it ain't fun but it's neccesary, wait to lose 3-4 more shit because it got invaded and corrupted by [PERSON] and [PERSON]'ll fuel your engine on hatred alone"
REDDIT50_1293,32,0,"> [PERSON]'m saying what [PERSON]'re calling [ORG] IS THE CANCER   So, err, once [PERSON]'re part of a [ORG] [PERSON] are happy with anyone doing anything? aren't [PERSON], like, happy that this [ORG] exist? i understand where [PERSON] come from too, [PERSON] understand that alot of people want to use their free times to have some fun in a [LOCATION] and [PERSON] don't blame them for that, but it's kept fun and nice because there is [PERSON] like [PERSON] who let their steam off by shredding [ORG] et all; like [PERSON] pointed out, we aren't functioning the same way  [PERSON] will reiterate too, [PERSON] need rules to have a nice thing, [ORG] will only get you so far, even 4 and 8 chans have [ORG] to put that into perspective, it's naive for [PERSON] to imply ""no rules"" is ""best rules"" and i think [PERSON] see rules as some kind of under the bed monster, while i see them more of ""don't dox people, keep it on subject and related to [LOCATION] fandom, no selfpost, don't do any illegal shit and **no** politics""  > Because it takes us to be collectivists  You're on [LOCATION], whic[ORG] is a [ORG] that got the wrong end of the stick for too long, what did [PERSON] fucking expect?   > [PERSON]'re advocating for the disease thinking it's the cure  That's your opinion [PERSON], [PERSON] may not be interested in the current culture war but the war is interested in [PERSON], whatever [PERSON] like it or not   > arguing for being fueled by hatred or some shit   And? is that wrong or something?  > That's self evidently not the way   Got a load of this [PERSON]  > That's how we become them  Inaction was what lead us to the [DATE_TIME], but what you imply is that there is no nuance, that you're either 100 or 0% of something, no one is bothered by [ORG], [ORG] and [ORG] rules, no one, [PERSON] are pissed because said rules are being enforced whenever [ORG] *et all* see it fit their agenda"
REDDIT50_1294,32,0,"[PERSON]'ll pinpoint that for [PERSON]  > [PERSON]'m saying what [PERSON]'re calling [ORG] IS THE CANCER   > [PERSON]'re calling [ORG]  > CANCER  Which directly say [ORG] is cancerous, meaning that it implies [PERSON]'re either in some [LOCATION] or in some [LOCATION], nuance [PERSON], it's possible to find a middle ground"
REDDIT50_1295,48,0,[ORG]
REDDIT50_1296,48,1,The positive effect from allowing women in [ORG] is negligible
REDDIT50_1297,35,1,"The more [PERSON] read about [PERSON], the more convinced [PERSON] am that [PERSON] is a fucking retard whose opinions should be made fun of for [DATE_TIME] to come Seems like the bigger of a CUNT a [PERSON] is, the more likely [PERSON] is to be a feminist."
REDDIT50_1298,28,0,Let's see.. limited history in KiA and a solid bit of it is [CRYPTO]  So let's get you the fuck out of here  [US_DRIVER_LICENSE] - Pattern of behavior - [CRYPTO] - Expedited to permaban
REDDIT50_1299,22,0,Hell ya it has [PERSON] fucking suck.
REDDIT50_1300,22,0,Losing to [PERSON].
REDDIT50_1301,11,1,"[PERSON]'m pretty sure fapping doesn't turn [PERSON] into a retard  [PERSON] are that way from the get go, which is why they nofap because they think it makes magic powers  You know when a [PERSON] knows [PERSON]'ve fapped?  When [PERSON] frost their face or ass, outside of that [PERSON] doubt they know anything."
REDDIT50_1302,48,0,"Read ""Don't Make the Black Kids Angry"""
REDDIT50_1303,48,0,"Why are we sending our [PERSON] to [LOCATION] when all they do is post ass pictures on Instagram, join [ORG], get drunk and accuse [PERSON] of sexual harassment that destroys lives."
REDDIT50_1304,48,0,"[PERSON] if [PERSON]'re still shocked, go ask the [PERSON] you know in college for their [ORG] and see what they're posting I'm not kidding."
REDDIT50_1305,6,1,"[PERSON] think [PERSON] am in a minority [PERSON] have actively trolled on [ORG] calling the [PERSON] retarded while every other fucker was gilding her. the post got like 12 golds  [PERSON] then post on here, back when [PERSON] stopped lurking, calling out a [PERSON] on abusing and get banned from there  It baffles me  [PERSON] can call them retarded in their own subreddit, but calling a [PERSON] [PERSON] got me banned  I would be shocked at their idiocy if they had the braincells to comprehend it."
REDDIT50_1306,3,0,"So if [PERSON] claim to be the President of [LOCATION] and write an article full of lies and insanity, and the [ORG] prints it, you're going to skip right over the part where the [ORG] printed something without vetting it in the slightest to focus on 'my lies'?"
REDDIT50_1307,3,0,Go whine about every under cover reporter and cop then  I think you're just mad that the [ORG] got revealed
REDDIT50_1308,3,0,"Is this irrelevant bellyaching how [PERSON] close off *every* conversation where [PERSON] makes a point [PERSON] can't address, or am [PERSON] just the lucky one?"
REDDIT50_1309,3,0,"If [PERSON] don't see how under cover [ORG] and journalism is relevant to the conversation, then [PERSON] wholly endorse your decision to cut it short because there's clearly no point in having an intelligent conversation with [PERSON] in the first place   But [PERSON] prefer to believe that [PERSON]'re just a poor loser and reluctant to admit a counter point fairly made, as opposed to borderline retarded"
REDDIT50_1310,3,0,This post leaves me unclear as to [PERSON] opinion on undercover journalism and police work  It's almost like [PERSON]'re still dodging the point to spout irrelevant horseshit instead
REDDIT50_1311,3,0,"Yeah, but what do you think about undercover journalism and police work, though? Are they liars that should feel ashamed of themselves?"
REDDIT50_1312,3,0,"At [DATE_TIME], all you have left is [PERSON]"
REDDIT50_1313,3,0,">[PERSON] have no idea what [PERSON] think and [PERSON] never cared  That's certainly true  Despite [PERSON] having ample opportunity to tell me what [PERSON] think, [PERSON] did...whatever [PERSON] call the above instead  I suppose [PERSON]'ll never know what [PERSON] think about under cover [ORG] and journalists"
REDDIT50_1314,28,0,If [PERSON] [EMAIL]'s [PERSON] the messages are [PERSON] to do with as [PERSON] see fit.
REDDIT50_1315,28,0,"As [PERSON] tagged [PERSON] in there [PERSON] saw it  Although style wise [PERSON]'d say that images may have been better in a way, and if [PERSON]'re set on text I'd have done so without the      [URL]     Delete     Report     Block [PERSON]     [PERSON]     Reply  in each reply."
REDDIT50_1316,28,0,"No reason to be sorry, in the end what [PERSON] just said is a outlet for the red pen that is part of my brain."
REDDIT50_1317,28,0,"Heh, [PERSON]'ve been on [ORG] too long.. [PERSON] have my doubts that ""we all"" do."
REDDIT50_1318,15,0,[PERSON] must really hate reruns of [PERSON]
REDDIT50_1319,41,0,">suing a [PERSON]  She went to a [ORG], all right."
REDDIT50_1320,4,0,"Hijacking top comment because [PERSON] has responded  [URL]  > [DATE_TIME] you ""reached out for comment"" On our wedding anniversary you threaten to sue me?  > If history truly is written by the victors, then you may wish to choose your battles more wisely  > I'm still alive  Edit:  Oh and this is just fucking vile (posted shortly before her threat to sue [PERSON])  [URL]  > ""[PERSON] are dead"" all over again except this time, it's about a [PERSON] that's actually dead"
REDDIT50_1321,0,1,"Haha I can just picture it That [PERSON] who just endangered himself to save your [PERSON] coming out of the [LOCATION], carrying the [PERSON] in his stupid big arms What a mindless grunt."
REDDIT50_1322,33,0,"There's one [PERSON] calling [PERSON] calling people snowflake  Besides, as usual, just a bunch of nobody and a couple of has been trying desperately to stay relevant in the age of [PERSON]."
REDDIT50_1323,25,0,It can project better than IMAX though.
REDDIT50_1324,38,0,"[URL] Another article on this topic from [ORG]  ""Yes, Violent Video Games Trigger Aggression, but Debate Lingers""  That article focuses on discussion of the very small ""effect size"" that was reported (which [PERSON] found really helpful, since [PERSON] don't spend any time on studies like this), and includes extensive quotes from [LOCATION] as well."
REDDIT50_1325,4,0,[PERSON] wish [PERSON] would be as skeptical about that Star Wars and [NRP] bots paper  Had to go to [ORG] to find even a mild critique of the thing  [URL]
REDDIT50_1326,38,1,"[PERSON] read about half of that one, down to defining and discussing what counts as a troll/sockpuppet  [PERSON] have some concerns about ""sockpuppet"" not capturing [PERSON] who are known by their handles correctly, but haven't read the underlying citations For example, is ""[ORG]"" or ""[ORG]"" technically defined as a sockpuppet? There's plenty of [PERSON] who have such a fundamental misunderstanding of our online culture that [PERSON] can imagine [PERSON] not understanding how these nicknames are tied more closely to a [PERSON]'s identity than a pseudonym or ""sockpuppet"" would account for But, since [PERSON] haven't read the underlying citations, [PERSON] don't know [PERSON] am deeply suspicious about that definition, especially how frequently the [PERSON] says they tweet   The [NRP] bot thing is also a mixed bag.. but incredibly small (16 total) There's one that troubled me named [PERSON] which seems to be a.. pretty serious thing at some point: [URL] The analysis is spot on for usernames like ""[PERSON]"" which [PERSON]'ve seen around (and are obvious bot accounts to spam [URL], and often have [CRYPTO] in tweets or completely broken English) Here's a random examples that [PERSON] found just now while digging for more info on [ORG]: [URL] [URL] [URL] (also, [URL] [URL]  What [PERSON]'m getting at is.. **[PERSON] actually think this study was perfectly fine**, it's just that nobody fucking read it at all, and they're making headlines based on the [PERSON] who didn't read it [PERSON] took the work he was doing seriously and is not some raving lunatic It's just that other people want to use his findings (which are very c[PERSON], and [PERSON]'s a pretty good writer) for their own retarded hot-take   .. Found him: [URL]  That [PERSON] is now ""[ORG]"" and has nuked their [ORG] [URL] [URL] This is 100% confirmed to be a [PERSON]  Edit: HOLY SHIT, this is the most [ORG] dude ever Flitted from anime videos to talking about SJWs in comics and yelling at Star Wars to becoming a rapper."
REDDIT50_1327,20,0,Don’t give money to [ORG].
REDDIT50_1328,20,1,Good point  Even the [ORG] hates [PERSON]  [PERSON] is really easy to hate  Isn’t it cute how they label anything they disagree with “hate speech”?  Imagine being that brainwashed and retarded.
REDDIT50_1329,25,0,"> Calling me a [PERSON] is probably not the smartest either Not because it's offensive, but because it's against the rules  Also if you look at it in a certain light it could be a complement....<_<  [PERSON] always seemed a bit overrated to me, save for the [ORG] that make normal autists like me look like pleb ass normies   The only reason I ever went there was for the porn, and occasionally to trawl(yeah that's what trolling originally meant [PERSON] just didn't know hwo to spell the real word) around the *traditional games*(like d&d is that traditional? though [PERSON] posted chess diagrams up) to listen to interesting campaign stories and see [PERSON] stat out characters from fiction in various p&p game systems, though [PERSON] seemed to hate those."
REDDIT50_1330,25,0,"Honestly the [ORG] should have easily won too, especially by how sloppy the defendants were acting but the the [PERSON] can basically do whatever they want and [PERSON] decided to do a quick google sear[PERSON] on [ORG] ignored the fact that the [ORG] said the claims were bullshit and felt his old retarded normie way into a bullshit verdict   Judges in at the very least the [LOCATION] and [LOCATION] have **WAY** too much power and far too little oversight  Hell the way the [ORG] acts is basically writing laws when they have no power to do so Granted even with [PERSON] and positions that are *suppose* to have oversight it doesn't mater if they all decide to work together to be crooked, or at least ignore each other's crooked behavior."
REDDIT50_1331,33,1,"And if [ORG] bombs, get ready for them to go ballistic with the second and pull all the retardations they can just out of spite."
REDDIT50_1332,34,0,[PERSON] talking about?  [PERSON] just rewatched the first episode and [PERSON] don't remember any such [PERSON]
REDDIT50_1333,34,0,"How many [ORG] have been murdered by [ORG] in the past, say, [DATE_TIME]?  [PERSON] can't think of a single one  It's hardly *""a very real, ongoing problem in the [LOCATION]*""  Load of horse shit as usual."
REDDIT50_1334,34,0,"Obviously [PERSON] meant in the [LOCATION], not shitholes like [LOCATION]."
REDDIT50_1335,25,0,"What a shock a [PERSON] wants to lie and bitch about things that require responsibility and honor  Robocop was a fun movie though, [ORG] was in a way, but I feel it may have been even fucking better if it didn't pull some bullshit propaganda from that dipshit Funny [PERSON] gives the  [ORG] shit for propaganda and just does the same shit I think all people can be at danger for hypocrisy but [PERSON] find the smarter *[PERSON] think [PERSON] are* the more and more certain [PERSON] are to be an insufferable hypocrite."
REDDIT50_1336,25,1,"[PERSON] FAR more, maybe because there certainly is a  degree of executives in [ORG] would probably wouldn't give nary a fuck how many people their crookedness hurts as long as it makes them money- and they don't have to walk through the blood  That's the issue, from everything [PERSON] have heard suggest the [PERSON] is fairly politically retarded, and thinks [PERSON] knows far more about things than [PERSON] does, however sometimes [PERSON] gets a half decent chunk right  Honestly it seems far better to not know anything personal about [PERSON] who make your fiction than [PERSON] need to It's like knowing how certain(or even many) foods are made, [PERSON] just can't enjoy them as much afterwards Like [PERSON] didn't know what a dickhead [PERSON] was when I was younger either Having said that the movie isn't 100% crap, it could be better but it's fairly entertaining, it's just annoying how much disrespect [PERSON] showed to someone else's property when [PERSON] sought to adapt it- not saying things have to be [DATE_TIME] for an adaption, and sometimes it's better if they do change things, but there's a limit  However even then even with that bullshit, [PERSON] still had some skill at directing and didn't basically use his movies for a fucking cultist sermon like half o this modern fucking hacks."
REDDIT50_1337,6,1,> [PERSON]'m done taking a shit and arguing with a [DATE_TIME]   [PERSON] argued with yourself as [PERSON] took a shit?  Are [PERSON] retarded as well as stupid?
REDDIT50_1338,22,0,Nah [PERSON] need to keep that tin foil hat of yours safely in your closet The [ORG] got banned for being racist
REDDIT50_1339,22,0,">[ORG] were right about the wiretapping, right about the FISA funding, right about the [ORG]/[ORG]/[ORG] collusion  That was the label on the cover and [PERSON] do hope all of that can come out the right way Trust me as a [PERSON] watching the shit show that is [ORG], left, right and center I would like nothing more than for you stupid fucks to sort your own house out That does not cha[PERSON] the fact that the [ORG] was full of [PERSON] using intentionally inflammatory racism, threats (even if hollow) and a host of other things that broke [ORG] rules  If the dumb fuck [PERSON] supports had more than two brain cells to rub together amongst their masses and actually wanted to accomplish something then by all means have a word with them and tell them not to self destruct anything they touch  Prob[PERSON] with [PERSON] is [PERSON] dont get all these subs that got banned are fucking troll subs Every single last one of them From the naming of them right through to the execution of their message delivery Do [PERSON] want to know why places like [ORG] have never taken off and why these vocal right wingers dont go en mass to [LOCATION]? Because trolling is fun Because the old saying of 'do not feed the trolls' is true Because [PERSON] like [PERSON] are fucking gullible."
REDDIT50_1340,22,0,">Simply not true   You do know absolutely everything that was on the sub was archived for public record off of [ORG] right?  >how many calls to violence against [PERSON] and his supporters on [ORG] should be tolerated before they are banned too?  None [PERSON] have a report button just like the rest of us Use it When [PERSON] see such things send it straight to the [ORG] All [PERSON] are saying by pointing this out is [PERSON] are two fucking lazy to report anything Do [PERSON] actually think for one second [ORG] on [ORG] actually read every single post on their subs This [ORG] that [PERSON] run, that [PERSON] are [EMAIL], that was on the list, who sees [ORG] non stop every single day mostly [ORG], with 180k subscribers If it does not get reported it does not exist to me Same thing goes with the [ORG] a million fold   >If I go on /enoughtrumpspam and call for [PERSON] to be killed, should they be banned too?  Ah see this is where your lack of understanding of how [ORG] functionally works is showing Your example can and does apply to [ORG] exactly and what [PERSON] have dealt with since [DATE_TIME] of the [ORG] and as such something [PERSON] have intimate knowledge of [PERSON] have a contentions topic and [ORG] have tried to get [ORG] banned by doing just what [PERSON] say In fact there have been multiple co-ordinated attempts to false flag this sub Pretty much a [DATE_TIME] occurrence So why have [ORG] not been banned and other subs have Simple [ORG] are not idiots So if [PERSON] came in here and said lets kill [PERSON] we as a [PERSON] are not guilty of breaking any [ORG] rules and so should not be banned The comment itself is against [ORG] rules but the [PERSON] has not broken [ORG] rules So the [PERSON] should not be banned !00% totally agree  So where did things go wrong for the [PERSON] that got banned?Their content was not illegal which we both agree T[PERSON] [ORG] are not responsible for what is posted there by [PERSON] with maybe malicious intent Agreed So where they went wrong is the [ORG] joined in on [ORG] rule breaking activity Just that simple That one little fact is the kicker So say for example [PERSON] broke [ORG] rules personally The [ORG] wont straight up ban [PERSON] or [PERSON] You get warned to check your shit If [PERSON] continue to break the rules [PERSON] will catch a ban If [PERSON] am the only [PERSON] in the sub to do it they will remove [PERSON] as mod Happened countless times so far with [ORG] If all the mods break the rules the sub gets killed Countless subs have been ended because of this By no means all [PERSON] have been killed [DATE_TIME] anyone? If after a [PERSON] is killed [ORG] pop up those get killed as well  There is no conspiracy at all The people who created the [PERSON] to get killed in all of this were not very smart They got their [PERSON] killed Just like if [PERSON] was an idiot and the other mods were this [PERSON] would be long gone If anything you should be ma[PERSON] at the [ORG] who took the topic that should be on [ORG] andfuckedthings up so bad they got themselves and the [PERSON] kicked"
REDDIT50_1341,22,0,"The funny bit is [PERSON] are trying to spin their leftist BS in [LOCATION], [ORG] of all places."
REDDIT50_1342,6,0,"[PERSON] mentioned several times that before [PERSON] rose to fame, [PERSON] was an absolute degenerate and a cunt to everyone, and that it didnt reall change through his life, but [PERSON] abhored what [PERSON] did and other [PERSON] thought were better than that  [PERSON] highly doubt [PERSON] paid off the [PERSON] while knowing [PERSON] was shagging the [PERSON]."
REDDIT50_1343,47,0,"The [ORG] of this monster is a bizarrely untouched and  extremely odd dedication to [PERSON] Not a word from anyone Its freaking weird   [PERSON] hope [PERSON] gets stabbed to death  >in the end, [PERSON] am the only one who can give [PERSON] a happy [PERSON], that loves life    WHAT THE FUCK    [[URL]   >71% of [PERSON] Killed by [PERSON] are Killed by Their [PERSON]; 60% of Victims are [PERSON]  [URL]    Teach [PERSON] not to kill their own children."
REDDIT50_1344,38,0,"Hadn't seen this [PERSON]/[PERSON] clip  ...What a fucking idiot And a liar Once again she's conveniently ""misremembering"" that it was ""[PERSON]"" usernames harassing her, when it was originally reported BY HER to be people with ""[ORG]"" usernames Also, [PERSON] IS WRONG about it being [PERSON], it provably was [ORG] that doxxed her Her complete ignorance is so painful to hear  Anyway, here's a [URL] to the last time I had to call out [PERSON] for being a retarded conspiracy theorist and/or complete sellout: [URL]"
REDDIT50_1345,10,0,"[PERSON]'s no conspiracy theorist What happened to [PERSON] is that [PERSON] got [PERSON], realized that shit is [LOCATION] to success and ran with it  [PERSON]'s doing the exact same thing, from the other ""side""."
REDDIT50_1346,46,0,"[PERSON] probably believes in due process, innocence until proven guilty, freedom of speech as a principle and not just an amendment, the right to bear arms, and nationalism in general."
REDDIT50_1347,10,0,"How about [PERSON] hate both the [PERSON] and the game, ok?"
REDDIT50_1348,27,1,[PERSON] for defending an uncivilized cunt
REDDIT50_1349,27,1,Because [PERSON] is a [PERSON]  I guarantee [PERSON] would not defend any [NRP] who wouldn't bake a cake for a [ORG]
REDDIT50_1350,13,0,"This reminds me of the Feminist Article, that was actually just joking, in that it stated a [PERSON] aborted its child, because it was male  [PERSON] actually thought it was true and [ORG] had to make clear it was a joke in subsequent articles  The reason [PERSON] believed it, is because they would expect [ORG] to do it  Either way, its not too hard to differentiate the [PERSON], when they do it more obviously Even though there are [PERSON] that do think like that unironically, they are scarce  This particular post, the typical ""hurr durr i just pretended to be retarded"" bullshit."
REDDIT50_1351,13,0,"Exactly Feminism is vague, its just a term thrown around but it doesnt carry any meaning to it, [DATE_TIME] There is not one exact book explaining what [ORG] truly is, there is no actual guideline There is nothing what dictates what a [PERSON] is It had a meaning, but it was lost  The ""No true Scotsman"" fallacy works perfectly here"
REDDIT50_1352,13,0,[PERSON]'s are the new black Its stylish and coooooool.
REDDIT50_1353,32,0,"Imo Higurashi is the anime equivalent to what the [ORG] franchise is to horror film : Torture porn galore of questionable quality  [That being said, the [PERSON] is bonker]([URL]"
REDDIT50_1354,41,0,>[ORG]  >[PERSON] no [PERSON]  >horror  ???
REDDIT50_1355,25,0,[PERSON] doesn't *think* [PERSON] [**FEELS**!](#intensifies)
REDDIT50_1356,20,1,[PERSON]’s a [NRP] [PERSON]’s nearly impossible to tell what sex they are [DATE_TIME].
REDDIT50_1357,20,1,Don’t forget to put your tinfoil hat on extra tight or [PERSON] can read your brainwaves!  🤣   I have to ask  Is [PERSON].. in the room with you.. right now? 😂   I hope [PERSON] get on the right medication soon!
REDDIT50_1358,20,1,"[PERSON], you [ORG] are so completely unhinged  You are probably going to be the next [ORG] Please don’t bring a gun to any congressional baseball games!  Seriously though [PERSON] need [MEDICAL_LICENSE] and [PERSON] need it bad Go see a doctor before [PERSON] hurt yourself or [PERSON]  What is your fascination with penises and cum?  [PERSON] should just come out of the closet already! [PERSON] will feel better! 🤣"
REDDIT50_1359,20,1,"Oh [PERSON] can speak [NRP]? That means your brainwashed fanatical conspiracy theories must be true right?!  😂 😆 🤣 😂 😆 🤣 😂 😆   Knowing a language doesn’t mean [PERSON] know a fucking thing about the world It just means [PERSON] know how to speak a language  What is wrong with [PERSON] [PERSON]? Were [PERSON] dropped on your head as a baby?  Seriously, get help  [PERSON] seem like a far more of a fanatic than the average far-left brainwashed SJW Please get back on your medication."
REDDIT50_1360,25,1,"[PERSON] ever see the [PERSON], I think they were movies, maybe OVAs?  [PERSON] found it funny when [ORG], I think they even fucking *said* they were [ORG], caught wind of [PERSON] androids that could literally give birth to normal human babies and went full ""takin are jerbs!"" about it  Which [PERSON] found hilarious as the whole reason they were probably invented as only [PERSON] would take the risk to go to [LOCATION] to terraform the place and mine it They had a chronic female problem and [PERSON] couldn't bribe women to go to fucking [LOCATION] They were taking the jobs you [PERSON] didn't even *want*! Furthermore the bigger problem was the ethics of making female androids specifically to breed with the men who came to [LOCATION] for I assume both the morale of the men and the stability of the colonies Well if [PERSON] is an indication [PERSON] seem to be fully sentient/sapient([PERSON] always get those confused) so what happens if [PERSON] decided to **not** fulfill the duty for which [PERSON] were made?"
REDDIT50_1361,9,1,What a queer cunt!
REDDIT50_1362,40,0,"\\>""I dunno; all this race privelege stuff sounds kinda like Original Sin...""   \\>*[PERSON] scribbling in notebook* ""Yeah, yeah, go on..."""
REDDIT50_1363,5,0,How have [PERSON] always matched or outdone our parodies of them and [PERSON] somehow don't see it for what it is?
REDDIT50_1364,5,0,"Guess [PERSON]'m in a [LOCATION] or the ""skeptical moderates"" are all mutes"
REDDIT50_1365,5,0,"[PERSON] don't think of themselves as a homogeneous group and therefore don't care about doing things in that group's interest They do however think of [PERSON] who shamelessly group themselves as [ORG] as a homogeneous group So saying ""fuck [PERSON]"" clearly only affects the latter group in their mind."
REDDIT50_1366,5,0,But [PERSON]'m one of the good ones!!!
REDDIT50_1367,2,0,"""[PERSON]'m the bad guy here to make you worked harder and improve yourself to beat me"" is an accurate description of how [PERSON] function in [DATE_TIME] life Mostly at work to my employees."
REDDIT50_1368,2,1,"[PERSON] often tell [PERSON] that [PERSON] expected better of them, and give them tasks far beyond their capabilities Knowing that if [PERSON] have the drive/initiative to succeed that they will work triple the pace and push far beyond their own limits Those who can't wash out quickly and save [PERSON] the trouble of letting them build seniority  [PERSON]'m a [PERSON] in most senses of the word, but [PERSON] reward them properly when they do well to compensate [ORG] requires taking [DATE_TIME] with no world experience and making them work at 150% the minimum, because [ORG] is literally retarded in how they translate work to hours allowed"
REDDIT50_1369,47,1,your altruism is making [PERSON] retarded
REDDIT50_1370,26,1,"[PERSON] really is a cunt though, and its clear as fucking day he is making a spectacle,  if you follow the conversation he clearly ""Pauses for dramatic effect"" after he says ""and you have never met hi[PERSON]"" and [PERSON] answers promptly   if this was a [ORG] interview or a genuine psychology interview you want to get to the truth ASAP so [PERSON] would immediately follow up with a futher question e.g ""have you ever falled in love without meeting someone before?"", or ""are you in love with anyone else"" etc etc  [PERSON] knows exactly what he is doing he is deliberately saying nothing so that what she just said soun[PERSON] more ridiculous and ""shocking"" as why would you ask that question to begin with if you had no follow up or point to make, im sure its pretty fucking obvious [PERSON] hasn't met him from the context of the st[PERSON]  basically the subtext of [PERSON] is basically ""i just want to remind the audience [PERSON] has NEVER met him and [PERSON] is claiming [PERSON] loves him, just let that sink in for a moment teehee what an i[PERSON]""    clearly [PERSON] is an attention seeking cunt also trying to manufacture a story out of nothing, but that still doesnt exonerate [PERSON], they can both be cunts"
REDDIT50_1371,26,0,and these [PERSON] perform this in a [LOCATION] with a live [LOCATION] audience for entertainment purposes do they?  fuck off!
REDDIT50_1372,27,1,"At least the [PERSON] are wising up to some of this shit  [ORG] aren't going to charge these lying cunts, all we can do now is pass our knowledge to [PERSON]  Good on this [PERSON]."
REDDIT50_1373,49,1,"It's really sad These [PERSON] that did the same thing while screeching '[PERSON]' and all kinds of other epithets at a [PERSON] didn't get any time at all, let alone slapped with a hate crime:  [URL]  Isn't it sad?"
REDDIT50_1374,49,0,I don't know But look at this thread and imagine all the [PERSON] that are deluded into thinking that 'if the races were reversed automatically the [ORG] would get lynched.'  Isn't that absolutely batshit crazy?
REDDIT50_1375,27,1,What's sad is how [PERSON]'re attempting to take blame away from [ORG] while engaging with [ORG]  Two wrongs don't make a right  And those who engage with [ORG] are well...
REDDIT50_1376,22,0,[PERSON] can try Your racist shit has not and will not be tolerated here as [PERSON] have already been told
REDDIT50_1377,2,0,"""Global Warming to end all life Women most effected."""
REDDIT50_1378,12,1,The amount of [PERSON] is pathetic.
REDDIT50_1379,6,0,"From my reading of the Bible and the study of [LOCATION], the only caveats for it is needing to be dead and to have helped the [ORG] spread their dogma  [PERSON] they have have committed horrendous crimes in their time or are generally accepted to be the worst a [PERSON] could be, yet because they fed a starving [PERSON] once in a blue moon, they are suddenly [ORG]."
REDDIT50_1380,6,1,[PERSON] know.  [PERSON] was just saying that [ORG] tend to be bigger cunts than the people who get sent to [LOCATION].  so it works in a modern sense too..
REDDIT50_1381,43,0,"> Especially for a [ORG] that is being accused of subjectively hiring [PERSON] based on how big of a [PERSON] they are  Still not a hill to die on because of a [ORG] wanting to hire [PERSON]? Is *that* the [LOCATION] **[PERSON]** want to die on?  Well, that is actually hilarious, good for [PERSON] (and for anyone who reads [PERSON])."
REDDIT50_1382,43,0,"> Using your retarded logic [ORG] should only hire [PERSON] who like burgers  How? No, seriously, walk me through it I want to laugh at your attempt at rationalizing the idiotic attempt at turning my existential statement into an absolute one  This is funny given that [PERSON] don't even realize that [PERSON] did that."
REDDIT50_1383,43,0,"> Spoken like a true [NRP]  Oh, scathing Is that how [PERSON] get silenced in your [LOCATION]? Don't know why [PERSON] thought it would work here  Meanwhile, everything [PERSON] said is still a collection of fallacies  > It must hurt [PERSON] so bad that men aren't getting time for assistance on resumes at a [ORG]  [PERSON] don't really give a shit, but the opposite clearly annoys *[PERSON]*  And isn't that delightful?  > Die mad about it lol  When has this not been a projection?  > [PERSON] never said hiring non-gamers was the problem  No? Then what was the point of this sentence?  >> Especially for a [ORG] that is being accused of subjectively hiring [PERSON] based on how big of a gamer they are  Go on, [PERSON] want to laugh at how [PERSON] rationalize it now."
REDDIT50_1384,43,0,"> how worked up [PERSON]'re  &nbsp;  > Tagging [PERSON]  [PERSON] can't make this stuff up Although [PERSON] usually expect it in the OP, not the comments."
REDDIT50_1385,43,0,> This clearly upsets [PERSON] so much  &nbsp;  > [still whining at [PERSON] on ***your delusion*** that [PERSON] misinterpreted [PERSON]]  Keep going...
REDDIT50_1386,47,1,[LOCATION]    [PERSON] is using her tits to get a [US_PASSPORT] to be an obnoxious twat in [LOCATION] [PERSON] shuts [PERSON] shit down   Submit your shit if you don't like it.
REDDIT50_1387,4,0,"Has anyone critiqued his claims yet, as opposed to screeching about how offended they are?  I suppose that [ORG] will produce an analysis, like they did with [PERSON]."
REDDIT50_1388,22,1,Sorry to be '[PERSON]' but differentiating between ugly women and not ugly women is not sexist Please try to learn words before using them otherwise you just seem like an ignorant twat  We are pieces of shit yes of course That was settled long ago.
REDDIT50_1389,44,0,Dressing up...    [PERSON] tauğht me that back aat the house.
REDDIT50_1390,7,1,"> Whites should get lynched, and [ORG] should be enslaved and castrated >  >  >  > Don’t get triggered over words, subhuman  Oh look, [PERSON]  Here's a juice box, dear [PERSON] should be by to pick [PERSON] up from your [NRP] [DATE_TIME]   Now get out and stay out"
REDDIT50_1391,7,0,[PERSON]'ll take your opinion in to consideration
REDDIT50_1392,9,0,"Ah Time for history:  After [PERSON] was overthrown there was a serious hunt for everyone who supported him The fate of those who were reported to have supported [PERSON] was pretty simple:  From [wikipedia]([URL]   >A notable example of revolutionary justice occurred after the capture of [LOCATION], where [PERSON] directed the execution of more than seventy [PERSON] POWs  Unfortunately, as is often the way during such witchhunts, many people who had done nothing wrong were soon being targeted  >Shortly after taking power, [PERSON] also created a [ORG] to expand his power base among the former rebels and the supportive population [PERSON] also created the informant [ORG] in late September [NUMBER] [ORG] were tasked with keeping ""vigilance against counter-revolutionary activity"", keeping a detailed record of each [LOCATION]'s inhabitants' spending habits, level of contact with foreigners, work and education history, and any ""suspicious"" behavior Among the increasingly persecuted groups were [PERSON]  So, dear [PERSON] .. people who don't like Socialism (and [NRP]) often do so for much more significant reasons than you can even begin to comprehend."
REDDIT50_1393,9,0,[PERSON] should probably remind the [ORG] about that fact then.
REDDIT50_1394,17,0,"What's weird is that there were a significant number of [ORG] that still fled *anyway* Some invaded [LOCATION], some settled in a kind of [ORG] in [LOCATION]."
REDDIT50_1395,16,1,that's a problem with the [LOCATION] you're expected to eat shit according to [PERSON] a lot of these faggots should really be eliminated
REDDIT50_1396,16,0,"""[ORG]"""
REDDIT50_1397,17,0,[PERSON] are raised with racist ideals It's a fact!  Why don't these retarded [ORG] understand that they're all racist! [PERSON] have secret knowledge about them and their entire degenerate race! [PERSON] know better than them!
REDDIT50_1398,12,1,Imagine if these [ORG] stood up for [ORG] as much as they do some [PERSON] who probably shouldn't be here in the first place...
REDDIT50_1399,30,0,"[PERSON] like how [PERSON] doesn't have enough self-awareness to realize [PERSON] reaction is still irrational and prejudiced [PERSON] literally can't even imagine [PERSON] as the victim, only as a perpetrator backed by [ORG]  And by ""like"" [PERSON] mean ""[PERSON] call [ORG] and get that [PERSON] away from [PERSON]""."
REDDIT50_1400,43,0,"[PERSON]'s fucking up [PERSON] too If by happenstance [PERSON] actually ends up being ""sweet"" and ""gentle"", [PERSON]'s going to feel like [PERSON] didn't live up to [PERSON]'s expectations, [PERSON] will probably actually hate [PERSON] and [PERSON]'s going to feel like an outcast for the disparity between [PERSON] home life and [PERSON] peers  Or [PERSON] will live up to [PERSON]'s expectations and become a radfem Either way, [PERSON]'s screwed."
REDDIT50_1401,19,0,"No, societal pressure is not an infringement of rights, however when that societal pressure comes with threats of violence, then it is."
REDDIT50_1402,19,0,Are [PERSON] talking about the [PERSON]'s post? Or yours? Because your accusation wasn't relevant to the topic either.
REDDIT50_1403,19,0,[PERSON] don't get to decide that.
REDDIT50_1404,19,0,"[PERSON] said this was a violation of anyone's rights, it's a dumb double standard that happens frequently, [PERSON], like many others, just don't fucking get it and proceed to try and lecture everybody thin[PERSON] [PERSON]'re smarter than everyone else when [PERSON]'re not  What is a concern is when these issues become such a problem that [PERSON] have [ORG] who actually think it's okay to enact legislation and be violent over stupid shit like this."
REDDIT50_1405,19,0,"> This is a [ORG], if we're not talking about the violation of [ORG], then what are we talking about? [PERSON]'m sorry that [PERSON] actually understand what this [ORG] is supposed to be about and **[PERSON]'m not just some bitter misogynist.**  And now we finally get to the truth of the matter, [PERSON] just can't stand it when women are criticised for negative behaviour it has nothing to do with [ORG], ironic[PERSON], your attitude in of itself is a men's rights issue because [PERSON]'re showing yourself up to be a blatant sexist with that comment."
REDDIT50_1406,19,0,"Even if we could debate that, [PERSON] calling even discussion of this type of thing 'misogyny' is pathetic and makes [PERSON] look ridiculous Like so many, [PERSON] claim to care about men's rights, want to talk about serious issues etc etc but what do [PERSON] see? [PERSON] see [PERSON] using feminist shaming tactics and that invalidates a lot of what [PERSON]'ve been preaching about just now."
REDDIT50_1407,19,0,"No it isn't, [PERSON] fuck off."
REDDIT50_1408,23,0,But why would you have [PERSON] with a [NRP] slider? (Serious Question) [PERSON] thought it was a really sweet white wine Wouldn't a Chardonnay be better?
REDDIT50_1409,22,0,[PERSON] am very much for color on white racism to be banned on [ORG] as well [ORG] has some great examples   If you feel the ban hammer was unjustly handed out then take it to the [ORG] with solid examples However the right are not exactly doing themselves any favors at present Those that live in [ORG].....
REDDIT50_1410,22,0,Well if you [PERSON] on the right would stop pulling so much racist shit you might be able to do something about the lefts racist shit.
REDDIT50_1411,22,0,[PERSON] do know what sub [PERSON] are in [LOCATION]? No fucking leftist ever would claim this sub was on the left   You do know that [PERSON] can be on the [LOCATION] and not a racist Try that then we can have a discussion idiot.
REDDIT50_1412,22,0,Why are [PERSON] so keen on eliciting a definition from [PERSON]?
REDDIT50_1413,22,0,Racism has been defined for a very long time by [PERSON] Most of the [PERSON] on [ORG] use [CRYPTO] to elicit responses They are the ones getting all the attention They are the ones making [PERSON] look bad Do [PERSON] not agree with that.
REDDIT50_1414,25,1,"As much as [PERSON] held [ORG] in contempt I could see some of the more weaponized autists of [ORG] calling up this [PERSON]'s work, [PERSON](Making an assumption here) and [PERSON] and letting them know what [PERSON]'s up to  Not suggesting they should but [PERSON]'s being enough of a cunt that they might Anyone remember that [PERSON] who showed videos of [PERSON] abusing cats on [ORG] on the ""post nice pictures of cats"" thread?"
REDDIT50_1415,27,1,"Wow, the [PERSON] really came out to defend the [ORG] in this one huh?  Y'all white knighting for some hairy bushed [ORG]?  News flash, these women won't fuck you either"
REDDIT50_1416,34,0,HAHAHAHAHAHAHAHA oh wow [PERSON]'s serious
REDDIT50_1417,10,0,"Truth of the matter is sadly that [PERSON]'ll have to build their own [ORG], then their own internet."
REDDIT50_1418,10,0,"Once a [ORG] grows to a certain size, it becomes a bit of an issue to just ship the ""[ORG]"" off to another [LOCATION]  What they're doing now is renting shitloads of space at a [LOCATION], whether that includes hardware or not is besides the point [ORG] is not the solution."
REDDIT50_1419,10,0,And then [PERSON] are going to bully [ORG] into removing them or something  They've smelled blood and [PERSON] don't think [PERSON]'ll be sated until [PERSON]'re gone completely and utterly.
REDDIT50_1420,15,1,"Because they're not racist, you twats It's just a stupid costume Get a grip   My favorite part, or rather the most tedious part that sticks out, is the whole ""my culture is not a costume"" Yeah, exactly, so why are you bitching? This is objectively a costume, it is not your culture So why are [PERSON] bitching about it like it is?"
REDDIT50_1421,11,0,"Nope     [PERSON] wanna stare at [PERSON] wandering around in the dark with headphones on walking into [LOCATION]?  That's your problem  I'm not going to lower my gaze [PERSON] entitled piece of shit  Also, [PERSON]'re more likely to be killed by a [PERSON] jumping off a [LOCATION] committing suicide, than a homicide based on pure, actual numbers So keep that gaze to the skies  Why don't you cross the [LOCATION]?  [PERSON]'re the one with the god damned mental disorder and schizophrenic paranoia  [PERSON]'m done assisting your delusions and confirming them so [PERSON] get a free side walk  [PERSON] have a [PHONE], [ORG] you lazy sow  [PERSON]'m scared, [PERSON] think [PERSON]'ll rape [PERSON], cross the fucking [LOCATION] and get away from [PERSON]  [PERSON]'m 6'2"", [PERSON]'ll walk on all the [LOCATION] [PERSON] want, how about once in your life, [PERSON] entitled [PERSON], [PERSON] walk in the [LOCATION] instead of [PERSON] getting gum and shit all over my shoes so [PERSON] lazy, entitled, princess ass can feel ""safe""."
REDDIT50_1422,11,1,They go full retard.
REDDIT50_1423,17,1,"**""Hey [PERSON], you know why there are only two genders? .. Because this magic crown makes me turn into the other gender There isn't a third option.""**  ""That's-a really transphobic, [PERSON]! You've really crosseded-the line!""  **""[PERSON] put it on [PERSON] and now he went from a fairy to a dyke.""**  ""That's incredibly-a offensive!""  **""[PERSON]'s taller than you, short stuff.""**  ""[PERSON]'mma gonna kill you."""
REDDIT50_1424,1,0,"The answer of course, is simply ""more""."
REDDIT50_1425,19,1,"The [ORG] are getting to [PERSON] [DATE_TIME] aren't they? That being said, this article gets worse the more [PERSON] read it."
REDDIT50_1426,19,0,[PERSON] take my anger out on the poor sods that get in my crosshair on an FPS myself :[PERSON]
REDDIT50_1427,37,0,"To take your most extreme example:  > Censorship is when .. when [PERSON] are taken off the streets of [LOCATION] and tortured in a [ORG]  Somehow, the word ""censorship"" is not what first came to mind when [PERSON] head about that  Not even the 1,000th thing  Censorship at the very [LOCATION] has a clear meaning, stopping [PERSON] from communicating  It's not much of a stretch to include punishing th[EMAIL] afterwords, especially if that threat was clear beforehand  Let's not dilute its meaning by sweeping every authoritarian abuse into ""censorship"""
REDDIT50_1428,37,0,"> and [PERSON] seem to  Not share your same passions *on this [ORG]* where they aren't apropos  We're not here to discuss every injustice in the world, check the posting guidelines if you doubt that  Casting vile aspersions on [ORG] for .. what, not expression in simple text the level of outrage you demand?  That's bullshit."
REDDIT50_1429,4,0,[PERSON] was wondering that [PERSON]  Nothing from the [ORG] yet either.
REDDIT50_1430,10,0,"Yup, no good guys here But [PERSON] can be damn sure that if [PERSON] ran a [ORG] under these rules, [PERSON]'d be banning [PERSON] left, right and [LOCATION] before [PERSON] was held liable for their copyright breaches That's just common sense."
REDDIT50_1431,10,0,"That would be a bit of a huge hit to their wallet If you think [ORG] ever wisens up, guess again."
REDDIT50_1432,10,1,"Not even gonna try and figure out whether blocking all of [LOCATION] will be a net gain or a net loss Point is, if [ORG]'re blocking there will be issues with connectivity between their [ORG] They're not rewriting their shit over this either  So they will do as they plan to, ban [PERSON] who may be breaching copyright before they themselves run the risk Something [PERSON] would do in their shoes  The [ORG] are completely retarded with this law, but they're not going to back down from a [ORG] that wants to fuck with them over the antitrust suit they lost in the [LOCATION]."
REDDIT50_1433,45,0,"> Stopped watching partway through [PERSON]'s run Not going back  You made the right choice He had [DATE_TIME], then nobody reigned [PERSON] in and he just started being more and more retarded The apex of [PERSON] being an ideological sperg was the character of [PERSON] in the [PERSON] series' When I saw [ORG] had a new showrunner, I was willing to give it a chance. I regret that decision [PERSON] is just as bad as [PERSON] at his worst And that's a shame, when reigned in and told no, [PERSON] had made some of the best episodes of [ORG] But as a showrunner given complete control, any talent he had is overshadowed by his ideology and ineptitude   I miss [PERSON]"
REDDIT50_1434,40,0,It would also be more believable if it wasn't coming from [PERSON] who throw furious tantrums if their commands aren't instantly followed.
REDDIT50_1435,20,1,Don’t cry too hard into your soy milk faggot!  😆 😂 🤣 😆 😂 🤣 😆 😂 🤣
REDDIT50_1436,47,1,[CRYPTO] must have been retarded [DATE_TIME].
REDDIT50_1437,23,1,"Throwaway bullshit because you're a [PERSON] who is afraid of negative ""internet points"" LMAO /BLOCKED Don't talk to me [PERSON]."
REDDIT50_1438,26,1,">and convicting [PERSON] could dissuade [PERSON] from coming forward in the future  if [PERSON] was the judge i would be doubling the sentence based on that statement alone, how fucking dare [PERSON] tr[PERSON] and use future [PERSON] as some kind of shield to avoid justice for her crimes  [PERSON] i hope [PERSON] gets shived in [LOCATION]."
REDDIT50_1439,29,0,Well bless [PERSON].
REDDIT50_1440,47,1,retarded it is
REDDIT50_1441,23,0,"Updated with more [URL] and more despicable actions The [ORG] is all coming out now, don't think [PERSON] is going to recover from this one."
REDDIT50_1442,15,0,"All would be terrible Since [PERSON] knows that [PERSON]'s mess is **unfixable** And they need it to run it's course before they come in So the only applicants would be idiots When people are unsatified with the trilogy, because there's no way it's going to manage to fix the shit writing of [ORG] That will be their fault The low merch sales will be their fault The low bluray sales and streami[PERSON] will be their fault The drop off a [LOCATION] at the [LOCATION] after the sunk cost viewers and the curious, plus the actual fans [who are the type of viewer to see a movie once] are done seeing it  [ORG] aren't going to let a [PERSON] go, ""But [PERSON]'s the one that set this failure up!"" They'll expect [PERSON] to fix her fucking mess and if [PERSON] don't [PERSON] failed at your job You don't take this job   You'd hav[PERSON] to be a fucking idiot to think that [PERSON] would ever, ever, ever, touch this trainwreck   > Acting like they legitimately had no choice but to keep [PERSON] on is incredibly naive  Acting like [PERSON] chose [PERSON] because [PERSON] ""believe in [PERSON]"" and think [PERSON]'s great is incredibly naive The [ORG] is full of instances where [PERSON] are allowed to save face from spectacular failure It's retarded, but it happens all the time   It's the same reason [PERSON] are allowed to ""retire"" after controversy So [PERSON] can save what little face they can, rather than the [ORG] firing them   This is likely her way out"
REDDIT50_1443,48,1,[PERSON]'m interested in [PERSON] choice to spit Obviously [PERSON]'s a cunt But.. we must go deeper..  Spittle What is its purpose? Is spitting a behavior [PERSON] got from [NRP] ancestors? Was this meant as a social gesture? Was [PERSON] at one point physically harmful to human males??
REDDIT50_1444,11,1,"Do [PERSON] know they're retards?  Or are supposed to call them ""differently abled""?"
REDDIT50_1445,48,0,"What was [PERSON] intent in mailing the docs? What was [PERSON] ""exposing""? [PERSON] found [PERSON] case particularly hard to follow..."
REDDIT50_1446,24,0,"Getting arrested at [DATE_TIME] for carrying a bottle of alcohol , not even being inebriated in any significant way, and for not giving your information to a [ORG] for such fucking petty shit   [LOCATION] btw And what a great use of [ORG] time and tax payer money Gotta enforce those remnants of Victorian-era retarded cultural conceptions i guess, so important  And you people clap for this somehow."
REDDIT50_1447,24,0,[PERSON] know right it gives you [ORG] a reason to reply to [PERSON] without having anything of substance to address what [PERSON] say Must be priceless indeed.
REDDIT50_1448,24,1,"Yeah [PERSON], [PERSON] won by not being able to offer a rebuttal You're right by default because one of the retarded mods of this retarded hellhole of a [PERSON] gave me a retarded flair That's totally how logic wor[PERSON]  [PERSON]'m a [PERSON] because [PERSON] think that POSSESSING alcohol at [DATE_TIME] being a crime is completely asinine Makes total sense."
REDDIT50_1449,24,1,"Hey this might hard for [PERSON] to understand because [PERSON] participate in [ORG] circlejerk, but just because something is the law doesn't mean that it's good  >  It's the acting like [PERSON]'s allowed to have it, walking away, refusing to obey lawful commands, assaulting a [PERSON], spitting (assault) on multiple [PERSON], acting like a [PERSON], claiming they can't do that, begging [PERSON] to assault the [PERSON], and screaming for a a [PERSON] that makes this annoying to us  They shouldn't be allowed to approach [PERSON] as if [PERSON]'s commiting a crime because [PERSON] has a fucking bottle of alcohol on [PERSON] End of story [PERSON] personally wouldn't behave this way, but [PERSON] don't blame anyone, [PERSON], for civil disobedience to  such  a fucking ass backwards , asinine law, that only fucking retards with judgement clouded by pure hatred  would defend in any fashion, ie [PERSON]."
REDDIT50_1450,24,0,"[PERSON] didn't say you're forced not to follow it or otherwis, the [PERSON] being a [PERSON] is also irrelevant  What [PERSON] specifically said is that it's ridiculous that [PERSON] applaud the enforcement , specially in this manner, of such a ridiculous law."
REDDIT50_1451,24,0,">  > Yeah.. sure it is /s  I'm glad [PERSON] have no problem strawmanning [PERSON]'re right at home in this [LOCATION] Congrats    >  In this manner? [PERSON] mean politely enforced.. when met with violence, force was used? >      [PERSON]'re right, the [ORG] should've just knocked [PERSON] out to begin with.. right?   No i mean , first of all ENFORCED AT ALL, secondly enforced in a case where the [PERSON] was neither DRINK[ORG] nor even visibly inebriated  And no the [ORG] should never ""knock"" anyone out unless clearly necessary It's in their guidelines and in the law too, force is only legal if proportional and justified   Again imagine defending these retarded laws for a second and the ridiculous waste of [ORG] time they represent [PERSON] holding unopened liquor is truly a plague on society."
REDDIT50_1452,12,1,"Oh look, [PERSON] who gets way too much attention from men on the [LOCATION] acting like a [PERSON]  I wish these dumb bitches had to live as men for a [DATE_TIME]  They would kill themselves in [DATE_TIME]."
REDDIT50_1453,9,1,">[PERSON] have long grown tired of those conversations  So are we, but you cunts keep bringing it up You're like children, [PERSON]  >what always underlines the violence of “appropriation” in the first place: anti-Blackness  Oh REALLY? So it's always anti-blackness (With a lower case b because unlike [PERSON] [PERSON] don't consider race a critical factor Probably because **[PERSON]** am not a racist.)  Cultural appropriation isn't a fucking thing So it's not violence you [PERSON] And therefore it's not anti-black  >[PERSON] adopting other cultures or customs is not appropriation Appropriation is about benefiting from other cultures while simultaneously dehumanizing them  Oooh! So first [PERSON] redefine racism in a vain attempt to absolve yourself of being a racist cunt, then [PERSON] redefine 'cultural appropriation' in a vain attempt to defend yourself from it too  Why [PERSON]'re at it, why don't [PERSON] redefine the word ""arsehole"", [PERSON], so that [PERSON] can try to avoid everyone realising that's what [PERSON] are?"
REDDIT50_1454,30,0,"How exactly does non-whites wearing dreads ""dehumanize"" [PERSON]? [PERSON] take human cultural elements from other people It's not like [PERSON] is going to erase zillions of black  people  Also, I suspect the [PERSON] is avoiding the question of the [PERSON]'s 'appropriation' because he doesn't have a consistent position on it."
REDDIT50_1455,30,0,"[PERSON] can wear dreads whether [PERSON] are being dehumanized or not   Yes, racism does occur, sometimes systemically, but that doesn't mean [NRP] culture generally dehumanizes [PERSON]  The argument still doesn't make sense ""Appropriating"" dreads is ""anti-Black"" (IE racist) because [PERSON] at other times are racist against [PERSON]?"
REDDIT50_1456,30,0,"> [PERSON] think the argument here is the common, ""[PERSON] (the dominant [NRP] race) oppress blacks while borrowing (cultural appropriation) the things they enjoy from their culture."" So the simultaneous theft and suppression is the anti-blackness mentioned >  >   Meanwhile, in reality, [PERSON] are some of the highest-paid actors, musicians, sports stars, and entertainers in [LOCATION] I even hear one of them was [PERSON] for a while  Funny sort of 'suppression'."
REDDIT50_1457,34,1,"> In these situations, [PERSON] usually Google around for solutions If the game is popular or [DATE_TIME], there have invariably been [PERSON] trying to get out of the same [LOCATION] The other invariable part is that [PERSON], and often many, will reply to the [PERSON], “Just get good!!! [PERSON]!!!”  Fucking bullshit  If you ask retarded questions you might get some comments like that, but 9 times out of 10 people are helpful if [PERSON] ask nicely  [PERSON] is only thrown around when [PERSON] bitch and whine about game difficulty"
REDDIT50_1458,42,1,"[PERSON]'s a baby ""[PERSON]"" is a fine pronoun ""Don't call my baby '[PERSON]'! That's dehumanizing!"" Wait until [PERSON] gets a job; then [PERSON] will learn about what is truly dehumanizing ""Hey, retard!"" works as well [PERSON]'s not gender-specific  Speaking of retards, if [PERSON] won't refer to a [PERSON] with a wiener as ""[PERSON]"", because of the 0.03% chance that [PERSON] will eventually want to be a [PERSON], [PERSON] are pants-on-head retarded."
REDDIT50_1459,46,1,"No, continually caving to [ORG] while trying  to shame [ORG] into always ""doing the right thing"" is a strategy that has been correctly identified as retarded You want to reel in the [ORG]? Cool - let's do it at the same time we reel in [ORG]."
REDDIT50_1460,46,1,"My argument of all or nothing is how this shit works now [NRP] want [ORG] curtailed? I want [ORG] broken up Let's make a deal Alternatively, fuck off The days of all give and no take are over."
REDDIT50_1461,46,0,[PERSON]'m saying that the new paradigm is rules for [PERSON] *and* for thee.
REDDIT50_1462,46,0,[PERSON] want to lecture a conversative about spite? lol
REDDIT50_1463,46,0,[PERSON]'m making the claim that rate and severity actually matter - and that the speck in my eye isn't very important next to the log in yours.
REDDIT50_1464,46,0,Elections have consequences.
REDDIT50_1465,23,0,"Some translation is needed to get through all the shit [PERSON] is spewing  *Here it is:*  >At first [PERSON] thought [PERSON] was some sort of performance artist but then it became clear that [PERSON] was not well  [PERSON] thought [PERSON] was fucking crazy, but that isn't [PERSON] to say so [PERSON]'m going to play ignorant for the [PERSON]  >'[PERSON] was screaming and shouting at [PERSON] and saying things like '[PERSON] am going to f****** kick you' then [PERSON] did actually kick [PERSON]  Yes [PERSON] heard [PERSON] say it, but [PERSON] was in shock that [PERSON] actually kicked [PERSON], [PERSON]! Doesn't [PERSON] know who [PERSON] think [PERSON] am? [PERSON] work in [ORG], and was only taking this train *ironically*  >[PERSON] was a bi[PERSON] and [PERSON] am only size eight.'  Even though this interview is about the attack, [PERSON] can't pass up this opportunity to show off how skinny [PERSON] am  >The [ORG] is keen to stress she does not blame this [PERSON], who [PERSON] desribes [sic] as being 6ft tall and of [NRP] descent  [PERSON] was a mentally ill foreigner, this is the perfect time to virtue signal about how much [PERSON] care about mental health and the plight of minorities!  >'[PERSON] remain more angry with those white middle class men who left [PERSON] to it  A [PERSON] can do everything a [PERSON] can do, [PERSON] just didn't want to get hurt that's all Yes, it makes perfect sense ((points nose in the air)) [PERSON]'s actually all THEIR FAULT for not **manning up** and taking my punches for [PERSON] How dare they not worship the [LOCATION] [PERSON] walk on [PERSON]'s misogyny I tell [PERSON], misogyny  >'Y[PERSON] are cowards with less empathy and strength than [PERSON].....  [PERSON] get a two for one [PERSON] can both insult their masculinity AND brag about my dress size again This is turning into such a wonderful day! That will teach those [PERSON] scum to show proper respect to a [PERSON] such as [PERSON]."
REDDIT50_1466,23,1,"Never have I seen such an indicator of a pussy ass TROLL lmao [PERSON] faggot /blocked Go bother someone else who can actually see your replies  What's that? Sorry can't hear ya you're /blocked So why are y[PERSON] replying to this? Damn, [PERSON]'re a bigger fucking dumbass than [PERSON] thought lmao."
REDDIT50_1467,0,1,"[LOCATION] is being contributed If [PERSON] followed, their argument is essentially that [ORG] can afford to charge prices for rent that will allow them to cover the costs of keeping the [LOCATION] in decent state and then make a profit from it, and that the only reason they can do so is because on a [DATE_TIME] basis, [PERSON] can't afford more than the cost of rent and can't buy real estate themselves This shit is literally as retarded as saying ""wow, [ORG] is really bleeding [PERSON] dry with the price of their product The only reason they can set prices like that us because most [PERSON] can't afford their own [ORG]"" No fucking shit you utter [PERSON] That's literally what capitalism is."
REDDIT50_1468,47,0,youre only upvoting [PERSON] because [PERSON] didn't have the balls to say anything to begin with [PERSON] had to piggy back off [PERSON] comment like a little pussy.
REDDIT50_1469,47,1,"[PERSON] give it a [DATE_TIME] better than incel, but still pretty amateur replace that dogs cunt you call a brain and try again sweet flair btw."
REDDIT50_1470,46,0,[ORG] has so thoroughly co-opted the [ORG] that defeating [ORG] is basically a [DATE_TIME].
REDDIT50_1471,12,0,"[PERSON]'m ruled by women, [PERSON], and [PERSON]?"
REDDIT50_1472,44,1,[PERSON]
REDDIT50_1473,44,0,[PERSON] like this new way of saying vegetable lasagna.
REDDIT50_1474,27,0,"""You men need to do a better job of vetting women before letting them into your lives.""  See that one all the time  Yet women initiate the divorce 70% of the time..."
REDDIT50_1475,11,1,Why would [PERSON] bash on mobile games when there are perfectly good feminists on the [LOCATION]?  Like [PERSON] care if some [PERSON] want to play mobile *[PERSON]*
REDDIT50_1476,11,0,If [PERSON] pay for the DLC they look worse.
REDDIT50_1477,0,1,"So far, this [ORG] has given [PERSON] 3 types of cancer and made [PERSON] [PERSON]."
REDDIT50_1478,19,0,Shame [PERSON] didn't post any proof of your claims.
REDDIT50_1479,19,0,"Yeah, [PERSON] saw that, it was one [PERSON], what [PERSON] object to is the way [PERSON] who barely visit this [ORG] come onto here and pretend there's a huge problem with misogyny in order to try and get [ORG] banned or get the [ORG] to ban [PERSON] [PERSON]'ve seen this kind of behaviour before and [PERSON]'m not falling for it, report that [PERSON] and move on, but when [PERSON] start trying to accuse the entire [ORG] or tell us all what to do [PERSON]'re suspicious."
REDDIT50_1480,19,0,"So [PERSON] in a [ORG] of 190,000? That's not a case of rampant misogyny and [PERSON] really have an issue with [PERSON] who try to claim otherwise."
REDDIT50_1481,9,1,"Oh please [PERSON] 52% of the population are not violently subjugated you fucking twat  Honestly .. [ORG] need to grow the fuck up But [PERSON] honestly believe that the entire lot of them are incapable of rational thought, so they will be the equivalent of [PERSON] for their entire lives."
REDDIT50_1482,48,0,"""They'll make terrific voters!"" \\- [ORG]"
REDDIT50_1483,29,0,That is such bullshit No way you can get a +4 warhammer of frost more than 1/8th an inch into chocolate before it is too hard.
REDDIT50_1484,29,1,Drizzled isn't dipped faggot What kind of candy-ass gay-lore master are you?
REDDIT50_1485,22,0,> But the [ORG] are still being shut down   You mean [ORG]
REDDIT50_1486,22,0,[URL]t in the slightest The subs that were shut down were chucker block with racism They also happened to be [PERSON] themed subs You can have [PERSON] themed subs without racism you know You can have have [ORG] without racism  What fucking part of they were banned for being racist eludes you.
REDDIT50_1487,13,0,Context?
REDDIT50_1488,13,0,[PERSON] case?  Makes sense  Where are they protesting exactly?
REDDIT50_1489,29,0,"How do [PERSON] even entertain that thought? Are you mentally ill? You, in one comment both accused someone of sexual assault, and claimed they were never accused Is this [PERSON]? Did i find your reddit account?"
REDDIT50_1490,29,0,"[PERSON] have [LOCATION] there isnt even a crime called rape just sexual assault they are literally the same thing, go educate yourself."
REDDIT50_1491,29,0,"Guess what? [PERSON] am in [LOCATION] and [PERSON] AM STILL RIGHT In fact [PERSON] checked on three other random states besides my own and they have THE SAME LAWS No rape, just sexual assault, although one of [PERSON] placed rape under ""aggravated sexual assault"" if [PERSON] are a [PERSON], but that is unconstitutional so we will ignore it Maybe if [PERSON] want to act so fucking smug, [PERSON] should find out if [PERSON] are even right."
REDDIT50_1492,29,0,"[LOCATION]:[LOCATION] Code [PERSON] §§ 21.11 sexual assault, aggravated sexual assault  &#x200B;  [LOCATION] : rape is known as ""criminal sexual conduct"" or ""criminal sexual penetration"" with aggravating modifiers  N.M Stat Ann § [DATE_TIME] (B); see also § [DATE_TIME], forgot what this one said but i was right, ill check if you bitch  &#x200B;  [LOCATION]:KAN STAT ANN 21-[NUMBER](b) sexual battery and aggravated sexual battery  do you want more? Also [PERSON] used [ORG] own [URL] Additionally where the fuck did you get [PERSON] from? I want a narrower definition of rape like hopefully narrow enough to get all the rapists included and no one else  &#x200B;  &#x200B;"
REDDIT50_1493,29,0,"Sorry [PERSON] took so long to get back, [PERSON] had an errand to run [PERSON]'m bored now and [PERSON] are of course right, [PERSON]'ve been bullshitting [PERSON] about, well almost everything [PERSON] really am [NRP] and live in [LOCATION]."
REDDIT50_1494,25,0,"[PERSON] are mostly right [PERSON] are good at making *one* thing **Weapons** Now [PERSON]'m not against weapons, unless only the [ORG] gets to have them [PERSON] makes sense to put all of your effort into making weapons as a [ORG]- how else will [PERSON] steal things from your more productive neighbors?  Reminds me of a line from the new spider man game ""If you are going to put this much effort into being a criminal, then why not just get a real job?"""
REDDIT50_1495,25,1,"[PERSON] know what [PERSON] are saying fits perfectly with that parody name  Honestly [PERSON] don't know why most of the [LOCATION] doesn't' seem to *get it*  Back in the day- maybe Then again [PERSON] used to need a fuckton of training to be able to fight well enough to defend yourself outside of a fluke Even then what lots of [PERSON] don't seem to understand is that if a [ORG] doesn't allow you to defend yourself(somet[PERSON] even legally at all with improved on the stop weapons) with weapons then they don't give a shit whether you live or die- which makes them a shit abusive [ORG]  [PERSON] can get wanting to have a sweet spot for that, but it's pretty clear most [ORG] just think they are a better breed of human than those they rule over That is why [PERSON] think it's so fucking retarded when the [ORG] say ""Common sense gun control"" For one the ""control"" is a giant rippling red flag, for two in the [LOCATION] you already fucking have things that are frankly according to the Constitution ""infringements"", that [PERSON] find fairly tolerable even [PERSON] It's funny how [PERSON] seem to think their aren't background checks when the only way you can not have them is limited as fuck sales between [PERSON]- which [PERSON] can't really control anyway as it's nigh impossible to track  If [PERSON] do any half decent amount of business with guns you *have* to get a [CRYPTO] Even a [ORG] that may have like 10 guns [PERSON] [DATE_TIME] would have to have a fucking FFL  [PERSON]'m sick of either complete ignorant dumbasses that don't even try to do any real search- even the basis trying to act like they know what is good for [PERSON], or worse yet [PERSON]- that still probably don't know shit but they know just enough to know they are wrong and crooked  When you think about it, control is the big word Especially why [ORG] not only want to legal for extreme cases but act like abortion is a *virtue* They don't want [ORG] breeding too much, unless we are their slaves I mean that was the point of abortion with cunts like [PERSON] Kill all the [ORG] so they can't rise up against the whites- or [DATE_TIME], and maybe as of always the *right kind of whites*- not saying jews I'm just saying the ""elite class""  Everything about marxism is about class warfare How to get all the plebs fighting against each other so the elites are safe Just when the [ORG] started it the crooked power hungry on[PERSON] weren't the elites yet, so [PERSON] had to fix that After that [PERSON] had to make it so only *[PERSON]* could say who gets to be in the elite class  The more things change, the more only the names change and t[ORG] are always the same kind of people- besides in random exceptions  You could say [PERSON]'m paranoid- but am [PERSON] *really*? Are we really all that different now as the human speices save for [PERSON] than when we had [ORG], and only the right kind of [PERSON] who served the guys at the [LOCATION] got to be in the peerage? If [PERSON] basically was so awesome even though they weren't in the [ORG] to begin with they had to be let in it pissed the [ORG] off so much, because it shows that if [PERSON] is good enough [PERSON] need to be let in, or [PERSON] can always just break down the door and take it for themselves, and that pisses them off  Anyone here read or watch [PERSON]? How fucking triggered were the nobles when [PERSON], or [ORG] the entire band of the hawk got peerage?"
REDDIT50_1496,17,1,"""[PERSON] should kill yourself.""  ""What the fuck [PERSON]?""  ""Oh my god, stop being so sensitive, [PERSON]."""
REDDIT50_1497,17,0,"[PERSON] *mostly* agree with [PERSON], and [PERSON]'ve been involved in a Title IX incident  To make it short: [PERSON] was actually the ""[PERSON]"" of harassment that was reported by [PERSON] (henceforth identified as the [PERSON]) My ""[PERSON]"" came to [PERSON] to help [PERSON] write a letter to the [ORG] that identified why he was of good character  [ORG] never talked *to [PERSON]* about *being the victim of harassment* [PERSON] was never summoned to the hearing The entire [ORG] was based off of *hearsay*  As such, [PERSON] are absolutely correct that *some* [ORG] use it to just cover their ass However, this is not what the [ORG] are supposed to be doing The job of the [ORG] is to use this system to destroy and railroad [PERSON], then funnel the [PERSON] into the [ORG] to pursue further criminal charges against the [PERSON], using the [ORG]'s decision as evidence against him, in addition to all of the free resources and legal assistance [PERSON] will be getting, in addition to the institutional discrimi[LOCATION] already within a lot of sex crime training  A lot of [ORG] responded aggressively to the dear [PERSON] letter at the behest of [ORG] as well as a way to protect their funding However, it's primary purpose is political It's secondary purpose is to place [ORG] in key positions where they can also *threaten* the [ORG]'s funding if they don't get their way by immediately complaining to the [ORG] that the [ORG] wasn't abiding by Title IX Simultaneously, the [ORG] became ""keystone"" employees that could have *incredible* power over the rest of the school by threatening funding, removing [PERSON] who were accused, or ignoring [PERSON] who's complaints they didn't find valid  The [ORG] is built not at the interests of the [ORG], but the interests of politics *in order to force the [ORG] to comply* Make the [ORG] dependent on the [ORG] for covering their ass, and the [ORG] become essential It's actually a very old Bolshevik move."
REDDIT50_1498,12,1,"And women are so fucking retarded, they think this is a victory for them."
REDDIT50_1499,7,1,> the Full Retard response from the [ORG]  This is what most people are ticked about
REDDIT50_1500,47,1,"this is a lie we saw no uptick with membership once that [ORG] was shut down   [ORG] and [PERSON] insults really have lost their meaning they have oversaturated the [LOCATION] the [LOCATION], therefore, demands so[PERSON] better insults  quit being a lazy twat, replace that dogs cunt you call a brain, and try again"
REDDIT50_1501,43,1,"[PERSON] isn't even a dyke because [PERSON] doesn't have a sex drive, so [PERSON] doesn't want to fuck women either [PERSON]'s a tomboy crying for attention."
REDDIT50_1502,1,0,"> isn’t literally everyone an exaggerated persona or a certain race, religion, group etc isn’t that what makes it a Cartoon??  [PERSON] IS A PERFECTLY ACCURATE DESCRIPTION OF [NRP] AND I'LL FIGHT ANYONE WHO DISAGREES."
REDDIT50_1503,1,0,[PERSON] just made an enemy for life!
REDDIT50_1504,2,0,"It was pathetic back when [ORG] started where you had entire pantheons of [ORG] to keep up with  The fact that its still going [DATE_TIME], is rather sad."
REDDIT50_1505,19,0,"Oh fuck off, if [PERSON] think this is 'tearing' women down [PERSON] are the most insecure person imaginable, I'll be glad if [PERSON] get off this sub."
REDDIT50_1506,19,0,"LOL! Great way to get [PERSON] on side by going after [PERSON] like that What [PERSON] find fascinating about [PERSON] who make these sorts of accusations is [PERSON] offer absolutely no viable solutions or suggestions to improve things the way [PERSON] want them to which ironically means [PERSON]'re doing exactly what [PERSON]'re accusing other people of doing  By the way, [PERSON] have to ask, do [PERSON] believe in toxic masculinity?"
REDDIT50_1507,25,0,"This seems to a bit of an idiotic topic but there is some merit it in perhaps.. though  [PERSON] have seen anime that does the opposite [PERSON]'m not talking about like pointless abuse Honestly in a lot of anime, they abuse the concept of smacking a [PERSON] around because he is a dense fucker and can't knock before entering a [LOCATION]  This annoys me a bit too but it isn't a monolith Take [PERSON] ecchi as fuck anime That happens to the [PERSON], he literally forgets because he rooms with a few chicks Now it's possible to forget, but in a small defense of them If you forget [DATE_TIME] that's being fucking inconsiderate Secondly [PERSON] does intentionally peep on chicks sometimes, so it's hard for him to claim innocence because sometimes [PERSON] really *isn't* innocent  As much as [PERSON] found [ORG] to be garbage for this, and other reasons, it made a lot more sense in [LOCATION] 1/2 [LOCATION] *went out of his way* to poke at his, somewhat betrothed's, insecurities Sure [PERSON] should get over their insecurities but when [PERSON] has insecurities about not being feminine enough maybe when you have to live with them you shouldn't tell them like 8 times a day they suck at being a chick [PERSON] was a dick to both [PERSON] and other people at least half the time  Now, on the flip side you have recent shows like [ORG] and [PERSON] right out states he's having none of this bullshit he will also smack a bitch if he thinks she's bei[PERSON] an idiot, not that [PERSON] works with [ORG] cause [PERSON]'s a kinky masochist and gets turned on by that, even when [PERSON] acts disgusted at [PERSON] behavior in [LOCATION] and means [PERSON] [PERSON] will routinely tell [PERSON] sh[PERSON] is useless and a [PERSON] in [LOCATION]- because [PERSON] is  [PERSON] [PERSON] is possibly a bit of a dick but he has lived around the [PERSON] for his entire life, her precocious ass would routinely do things to [PERSON] in their childhood that [PERSON] didn't want to do that might well border on sexual assault, [PERSON] was too physically weak to stop [PERSON] This lead [PERSON] into gaining more strength, probably mostly just happened because [DATE_TIME] [PERSON] now due to [PERSON] current actions and past actions *knocks the fuck* out of this [PERSON], who is in fact so fucking stupid [PERSON] routinely gets zeros on all of her tests **all of them** [PERSON] aggressive, pretty much assault and battery, treatment of [PERSON] scares everyone around him especially the [PERSON], but [PERSON] just has no more patience for [PERSON] who is selfish, stupid as fuck,inconsiderate, and a **MEGA THOT** obsessed with his dick  So both extremes exist and largely played for comedy The [PERSON] doing it to [PERSON] is more common but let's see [ORG] even as a joke try to do some of the [PERSON] not putting up with [PERSON] bullshit It wouldn't fly- [LOCATION] doesn't seem to give a fuck maybe because they don't seem to be as psychotic over there and realize that shit ain't real."
REDDIT50_1508,41,0,"[PERSON] is an interesting case because everyone in the [LOCATION] except for maybe [PERSON] is completely fucking useless as an existence, since the whole [ORG] is comedic at its core with a slight slice of romance For every instance of [PERSON] going full [PERSON] on one of his retarded team mates, you also have [PERSON] getting killed, eaten, imprisoned, or actually having to fess up to his own bullshit  It's a [LOCATION]  Also, the girls actually have redeeming qualities (except for [PERSON]) and stand by [PERSON] when it counts, even if they have severe reservations because it's [PERSON], because he puts up with all the rest of their shit."
REDDIT50_1509,25,1,"Yep [PERSON]'s I guess if you forgive my bard level faggotry, delightfully flawed- or at least [PERSON]'s characters are, and flawed but not shit written characters are the best ones IMO  [PERSON] despite of everythi[PERSON] is the most competent in his [ORG] by dozens of leagues, because [PERSON]'s the only one that completely controlled by pure whim, and arguably lust Which sounds hilarious given what a horndog he is, but regardless of how often his ""steal"" ability grants him frilly unmentionables, this is not his intent- it's just a roll of the dice( well his second use when he got [PERSON]'s knickers I think he was tr[PERSON] for them- but [PERSON] think [PERSON] was going for [ORG] because [PERSON] wanted to humiliate the conceited [PERSON] [PERSON] just doesn't get them due to fan theory that [PERSON] agree with, that [PERSON] doesn't WEAR any and if they exist his steal ability seems to have a laser guided focus on [PERSON], so it went to the [LOCATION] a foot over which was wearing some  Still, think of it [PERSON] refuses to learn any skills that doesn't buff [PERSON] explosion magic, it may be because [PERSON] sees it as the ultimate cool and [PERSON] race is like cool for it's own sake magical otakus, but given how [PERSON] behaves talking about [PERSON] one spell or using it, [PERSON] seems to *literally* get off on using it- even more suggested by [PERSON] demand to be able to shoot off one nuke a day even if there isn't anything that needs it- though given [PERSON] age and the fa[LOCATION] [PERSON] might have just found the puberty fairy(but sadly not the boob fairy) the spell might actually get [PERSON] off, and unlike what some people claim girls can be just as much(and the more years [PERSON] live [PERSON] s[PERSON] even MORE)horny than [PERSON], and given found the awesomeness of explosion orgasms [PERSON] ain't gonna give that up if [PERSON] can at all help it Then there is the wondrous clusterfuck of useless lust that is darkness, which you don't even have to imagine being there- it's shamefully(how appropriate) shown for all the world to see [PERSON] was intentionally gimped her accuracy stats- or might well be *deliberately* missing [PERSON] strikes because as is shown by [PERSON] when he controls her, [PERSON] can hit like a mac truck on hate and crack Well what fun is one shotting monsters when [PERSON] honestly seems like [PERSON]'d rather be an adventurer in the [LOCATION]? [PERSON]'d rather be taking the hits than giving them honestly it would make more sense if [PERSON] just bought a shield and never took a sword with he[PERSON]- then again that might also defeat the *purpose* for [PERSON]  In comparison [PERSON] is going massively into [ORG], which usually gimps the fuck out of you in most games- video games anyway, maybe it works better in p&p games where the point is writing a story through your actions so letting you do whatever you want as long as it doesn't fuck with the [PERSON]'s plot is encouraged Also given how cripplingly insanely overspecialized the other [ORG] members are the only way to save the [ORG] is probably for [PERSON] to go full utility Save [ORG] Oddly enough [PERSON] has power and [CRYPTO] and to spare, [PERSON] idi[PERSON] is what makes [PERSON] useless That and [PERSON] spoiled bitchy attitude Take the frogs, now I dind't know this until [PERSON] who may have guessed or it's spelle dout in the other mediums, that the reason [PERSON] didn't kill the fuck out of it with shit like [PERSON] was because being a **[CRYPTO]** goddess, even her holy attacks still have a dual element with [CRYPTO] If [PERSON] wasn't stupid [PERSON]'d *KNOW* that and not try to directly attack the frogs with spells and just [PERSON] or heal [PERSON] Fuck [PERSON] was so stupid when [PERSON] was smiting the dulahan [PERSON] didn't seem tot think her smiting/turning didn't have *any* effect on [PERSON] because it didn't one shot [PERSON], despite [PERSON] rolling on the ground screaming You'd think [PERSON] was an earth goddess for how fucking dense [PERSON] is  #tookinkytotorture #itisn'trapeifyouwantit"
REDDIT50_1510,41,0,I take it [PERSON] like the series  >If [PERSON] wasn't stupid [PERSON]'d KNOW that and not try to directly attack the frogs with spells and just [PERSON] or heal kazuma  Her intelligence stat should answer your question.
REDDIT50_1511,25,0,[PERSON] tried to make a konosuba party in [ORG] even with the 4 player mod I'm not sure if [PERSON] can manage it They are too overspecialized to be useless save [PERSON] who is too [PERSON] of all trade [PERSON]'ll try though.
REDDIT50_1512,17,1,">The premises in the presentation are that censorship by the [PERSON] is acceptable provided the rules and effects are clear, is politically neutral, and focused on tone,   Some moderation exists on every [ORG] that [PERSON]'m aware of The point that [ORG] is making is that you have to identify what your moderation is going to be and effectively communicate it without taking a political bias as a [ORG] That's entirely reasonable   >They see the [ORG] as ""[ORG]""   That's just a quote giving context to their primary point, which is: ""[PERSON] are asking how to behave on your [ORG], rather than solely how not to"" This means that they are saying that [PERSON] want to understand what is *supposed* to be their standard of conduct, rather than just what *isn't* their standard of conduct  >For one, [PERSON] don't see [ORG] any more a ""hospitality organizer"" than [PERSON] see my [EMAIL] provider: they provide a service by which [PERSON] may communicate with others The standards [PERSON] use to communicate with [PERSON] are vastly different than those [PERSON] use for business contacts, and [PERSON] neither expect nor desire those standards to be enforced by the [EMAIL]  These are wildly different things in both a digital and legal sense [EMAIL] are *private* communications You literally have (under [NRP] law) an expectation of privacy which *even the [ORG]* are not allowed to violate without proper judicial and legal grounds Public comments on a [ORG] to engage in a public conversation are going to be totally different and have completely different moderation I'm not even convinced it would be *legal* for [ORG] to moderate your [EMAIL]  >Secondly, these providers already see themselves as politically neutral and focused on tone, so following those guidelines just gives us more of the same And of course tone itself isn't politically neutral: see the censoring of the legal term ""[ORG]"" (though to their credit they appear to have backed off on that decision)  The report specifically tells them to be politically neutral as part of being more consistent with their rules because [ORG] *haven't been* [ORG]'s failure to learn isn't a problem with the report  >Thirdly, being transparent about why you'e censoring [PERSON] doesn't really help the [PERSON] being censored that much We know exactly why [ORG] was deplatformed: the [PERSON] woke up [DATE_TIME] and said ""[PERSON] and want them off my site""   Transparency helps when the rules are consistent That's the point You have to do both, that's why both are recommended What happened with [ORG] is an inconsistency of the application of rules, not a lack of transparency If [ORG] were to be consistent and transparent, they should have a rule that states: ""[ORG] reserves the right to remove you[URL], without notice, [DATE_TIME], because the [PERSON] doesn't like [PERSON].""  >Fourthly, what if [PERSON] don't want these platforms to ""police tone""?   Tone policing exists in a social context, whether [PERSON] like it or not It's why [PERSON] can't just run up to [PERSON] and start screaming ""FAGGOT!!!!"" in their face, and why [NRP] law would probably allow them to hit [PERSON] to get away from them *Some* boundary exists for tone The point that [ORG] is making is that you should be policing tone *and not content* [ORG] does the same thing with the first amendment It's why the [ORG] is not allowed to engage in ""viewpoint discrimination"", but is allowed to arrest [PERSON] for disorderly conduct if [PERSON] won't stop screaming  >Fifthly, if there is a problem with ""tone"", why enforce a top-down, one size fits all approach to it?  They actually say that [PERSON] will have shifting desires and demands, and a one-size-all approach doesn't fit  Is fifthly a word?..  >When [LOCATION] censors things it's to ""make [LOCATION] safer"", but when ""[PERSON]"" want to do so it's to ""improve their methods of control""   One is the justification of the [ORG] (which you see everywhere in lots of governments), and the other is just a quote from [PERSON]  >And on the [URL] where they discuss flagging porn (which has regulations around providing access to children) and malware (which has quantifiable harmful effects) they provide a case study of [ORG] (who was engaged in legal if unpopular speech) being taken off the internet, thereby trying to create a (strained) association between the three  The page is about ""active curation"" Everything in it is active curation: good, bad, or ugly."
REDDIT50_1513,17,0,">Moderation doesn't require that content be removed ..  It just hid them from default view  That doesn't really change anything about what the report says The report doesn't say *how* to moderate [PERSON]  >[PERSON] disagree that this is something that should be the responsibility of the people who run the [ORG] The [ORG] should concern itself with things that destabilize the [ORG], and provide tools so the [PERSON] themselves can control the content they see  That doesn't really effect the report either  Again, it doesn't say *how* to establish moderation Just that [PERSON] want to know what the rules are Using your way, [PERSON] would certainly understand what the rules are because they would be the ones moderating it  >[ORG] is perhaps a better example..  I don't think this really addresses anything  >Perhaps not, but it may suggest that being politically neutral is one of those things that sounds easy but in practice is really hard or impossible  To be *perfectly* politically neutral, like being *perfectly* objective is very hard However, it isn't an impossible feat to get within less than 1 standard deviation of neutral   >True, but [PERSON] might be able to run up to a [PERSON] and do that without being hit Are [ORG] able to make that sort of distinction? So far they haven't done so, either because they don't want to, because it's a hard problem for the AI systems they're using, or because the content being flagged is being reviewed by [PERSON] who doesn't understand the context well enough to make the distinction  [ORG] are not your friends No [ORG] is capable of emotion or affiliation My extreme example is meant to demonstrate that tone policing *must* occur in any [LOCATION], either by an [ORG], or the [PERSON]  >They say that in context of changing their rules over time [PERSON] didn't see anything in reference to suggesting allowing have control over moderation  [PERSON] agree that they don't say that [PERSON] have control over moderation It's that [PERSON] make demands over time that have to be accommodated, justifying changing the rules when necessary to accommodate those demands."
REDDIT50_1514,40,0,"[PERSON] are often sad [PERSON], [PERSON] who pay money to be sad must be *really* smart! /s"
REDDIT50_1515,8,1,"Not sure what you find strange, according to [ORG] don't commit crimes  Hell even in that recent case where the [PERSON] almost beat than [PERSON] to death, you would only know [PERSON] was [PERSON] because the picture and not once the mention of a hate crime, protests, etc"
REDDIT50_1516,8,0,"They are def treated with kid gloves on [ORG]; agree with your point not [LOCATION], [ORG], or court period"
REDDIT50_1517,49,0,"Same thing happened [DATE_TIME], and a bunch of [ORG] did it to a [PERSON] and none of them spent [DATE_TIME] in jail  The worst rapists are actually a part of [ORG], and they're repeat offenders."
REDDIT50_1518,49,1,"So? The exact same thing happened to a [PERSON] and the [ORG] were white, and none of the [ORG] did any time, yet you bottom feeding retards are pretending that all whites get much higher sentences for the same crimes  Are you legitimately retarded?"
REDDIT50_1519,45,0,"> The exact same thing happened to a [PERSON] and the [ORG] were white, and none of the [ORG] did any time  source?"
REDDIT50_1520,49,0,[URL]  Notice how [PERSON] smugly have to say '[PERSON]' because [PERSON] didn't hear all about it on TV when it was also a horrific event.
REDDIT50_1521,49,0,"it's bullshit, regardless [PERSON] were claiming that whites would get WAY more time at the time this happened, *therefor* these [PERSON] should get more time to match that fantasy  Instead, the same thing did happen around the same time, except with a bunch of [ORG], and a [PERSON] and none of them even went to [ORG]"
REDDIT50_1522,49,1,[URL]  [PERSON].
REDDIT50_1523,49,0,"RIGHT, BECAUSE BEING ABLE TO GET MONEY FROM A [ORG] MEANS THEY ALSO MADE UP THE MULTIPLE HOSPITAL VISITS WHERE [PERSON] HAD TO BE PUT BACK TOGETHER  [PERSON]  Those criminal rapists should have been tried as [PERSON] and spent [DATE_TIME] in jail They knew what they were doing."
REDDIT50_1524,49,0,Right [PERSON] pressuring [PERSON] to pursue a civil case means [PERSON] lied under oath? On which fucking planet?
REDDIT50_1525,8,0,"Nah [ORG] cheaper than [PERSON] who never look think  For example [PERSON] have a [PERSON] who cleans my house [PERSON] pay [MONEY] a month  My last couple moves [PERSON] paid [MONEY] total and they provided the labor, truck, supplies  A lot of [PERSON] doing the are illegals, felon, homeless, and starving college kids; it pays, especially given [CRYPTO], WELL above minimum wage like [DATE_TIME] times as much  I know a [PERSON] who do this as supplement income and to your point, don't even own a truck  They get a day rental from [ORG] or [ORG] and just use it all day moving [PERSON]."
REDDIT50_1526,40,0,"\\>Shut up, you babies, the mobile game is good!  \\>OK, it sucks, but.. uh, they were totally gonna announce this thing you *did* want!  \\>OK, [PERSON] just called [PERSON] and said they weren't  What a shitshow."
REDDIT50_1527,7,0,[PERSON]
REDDIT50_1528,32,0,"> [PERSON]   Utter trash, get that weak shit out of my face and talk to me about SKS or SVT at least."
REDDIT50_1529,7,0,"[PERSON] are an important part of [ORG] culture when it comes to [NRP] guns   All things are built upon earlier works   The [ORG] was to take over for the [LOCATION], but, IIRC, [DATE_TIME] caused their production to get held up, and a lot of it is built from reworked [LOCATION] parts   The only experience [PERSON]'ve ever had with an [ORG] is one that [PERSON] later found out had a clogged gas tube, so [PERSON]'ve not had a good experience with them"
REDDIT50_1530,32,0,"[PERSON] are trash, there is no denial in that, like [LOCATION] when the price attached to it is trash tier too they become ""passable"" [ORG], but be it in the [LOCATION] or [LOCATION] their price are way too high to j[ORG] buying one, don't get me strated on surplus ammos cost, horrible trigger, pitiful accuracy from a fucking long barrel ([DATE_TIME] reminder the 91/30 have a 29"" barrel) the retarded clip system that woul[PERSON] made a 303 rimlock looks bearable, bolt you need to work like a cheap hooker and so on and on and on..  [DATE_TIME] the [PERSON] could buy a crate o' mosin with a thuna cup of 880 7.62x54R surplus for [DATE_TIME] fuckery for less than a [CRYPTO] are long, long gone"
REDDIT50_1531,7,0,"That's nice, but it doesn't address the fact that it's still an important part of [ORG] culture and [NRP] arms   Again: ""All things are built upon earlier works."", and the [PERSON] lead to the [ORG] that you went on about"
REDDIT50_1532,32,0,"[PERSON] pretty dense, [PERSON] know that?"
REDDIT50_1533,7,0,[PERSON] seems to think things are invented in a vacuum
REDDIT50_1534,32,0,[PERSON] said after taking every part of my words out of context  [PERSON] don't judge the rifles for **what it was and/or represented** but for what it is **[DATE_TIME]** and the verdict is unilateral : [PERSON] are over priced p.o.s.
REDDIT50_1535,32,0,"[PERSON] is just too nice to ignore, he do alot of retarded shit in the name of retardation and have fun at it  Plus he have another [ORG] where he film what his crew and him does for a living, which is being a [ORG] and saving the [PERSON]."
REDDIT50_1536,14,0,"...okay, am [PERSON] still drunk? [PERSON] mean, [PERSON] emptied a bottle of whisky [DATE_TIME] but.. Am [PERSON] reading this correctly or [PERSON]'m still suffering from a severe hangover and sleep deprivation? Surely, this cannot be a real article in a ""respected"" [ORG] Scratch that, this cannot be a real article anywhere, period Yep, [PERSON] refuse to accept that there are [PERSON] retarded enough to even say these words, let alone take it seriously [PERSON]'m probably still drunk, my bad..."
REDDIT50_1537,16,1,stay mad that your retarded insult is incorrect 99% of the time
REDDIT50_1538,16,0,yeah [PERSON] totally
REDDIT50_1539,16,1,[PERSON]
REDDIT50_1540,16,0,"sorry, [PERSON] isn't allowed to use problematic gendered insults"
REDDIT50_1541,16,0,ok
REDDIT50_1542,1,1,"[ORG] [PERSON]  which makes the least amount of assumptions? that the [PERSON] knew the second meaning of the [LOCATION] flag, but somehow didn't know it's the flag of [LOCATION] and thought it was just a [NRP] fl[ORG], etc..  Or that [PERSON] is a fucking retard and genuinely thought ""red, white, and black flag = [NRP]""?"
REDDIT50_1543,23,0,">According to the [PERSON], her left hand became swollen and [PERSON] was in severe pain for [DATE_TIME]  [PERSON] must have shaken hands with [PERSON] and made him angry lol  >But [PERSON] testified that the [ORG] report was “grossly inaccurate” and denied telling them [PERSON] had screamed or shouted as loud as [PERSON] could when the handshake occurred [PERSON] also denied saying [PERSON] fainted at the [LOCATION] and an [ORG] was called  >[PERSON] further contended that [ORG] had no basis to make comments about her **possible mental health issues**  It's [DATE_TIME], already seen the fucking joke of [DATE_TIME] hahahaha"
REDDIT50_1544,36,1,"""everyone else in the world"" isn't traumatized by them, [PERSON] Your self created phobias are not anyone elses problems Get your fucking head out of the bubble for a while, and [PERSON] MIGHT Have a chance at redeeming yourself before it's too late Probably not, but it's worth a shot   [CRYPTO]  [CRYPTO]"
REDDIT50_1545,37,0,"> Unless [PERSON]'s claiming that most [PERSON] who buy a firearm to protect themselves, their property, and their family WANT to use it indiscriminately but rarely act on this impulse, which [PERSON] would have to be psychic to figure out  [PERSON]'ve seen that a significant number of [PERSON] who spout off such nonsense are projecting  Without being psychic myself I can't say if [HANDLE] is in that category, but it's probably the way to bet."
REDDIT50_1546,37,0,"Oh, [PERSON] can comprehended them, or at least admit they exist, just not respect them  I prefer [PERSON] maxim, ""Be polite, be professional, but have a plan to kill everybody you meet.""  Because y[PERSON] never know when [PERSON] might have to put that plan into effect."
REDDIT50_1547,37,0,"My concealed carry license says otherwise, means among other things [PERSON]'ve never been convicted of a felony or a misdemeanor domestic violence offense  Never even been pulled over, my sum total of formal negative interactions with the [ORG] consists of two parking tickets."
REDDIT50_1548,37,0,"> And if [PERSON] think everyone is dangerous,  Seem to remember reading about a couple of chaps named [PERSON] and [PERSON]...  > it's probably because you are  I would hope so!  I've spent a now getting fairly long lifetime learning how to shoot well and under pressure (the practice though high school being for hunting and target competitions, [PERSON] started [PERSON] and [PERSON] at [DATE_TIME], taking us along with him when [PERSON] hunted, his favorite pastime along with fishing  Even [PERSON], who's dropped out of all this in [LOCATION], is the best shot of anyone in her social circle)."
REDDIT50_1549,42,0,"What is this, [PERSON]? No! It's PussyPassDenied Generalizations are allowed here."
REDDIT50_1550,42,1,"[PERSON]'m sorry [PERSON] would have been more kind in my response, and used small words, if [PERSON] had known that **[PERSON] were fucking retarded!**  [PERSON]'m sorry [PERSON] meant developmentally delayed [PERSON]'ll try to explain it to [PERSON] in a manner in which [PERSON] might understand The very notion that there is such a thing as the [US_PASSPORT] is deeply misogynistic, according to the [ORG] that we somehow allowed to define these things for [LOCATION] This is exactly the place to come for misogyny, [PERSON] Sorry [URL] ""moderately exceptional person"" If [PERSON] can't handle a bit of misogyny, get the fuck out."
REDDIT50_1551,42,1,"[PERSON] have never seen a faggot as pussy-whipped as [PERSON] are [PERSON] don't even know how it's possible [PERSON] don't want the pussy, and yet [PERSON] white knight for it [PERSON] are utterly whipped Blahblah, basement-dwelling, blahblah, [PERSON], blahblah woman-hating [PERSON] sound like a fucking feminist hamplanet Get some new material  ""Oh no! A [PERSON] with poor hygeine called me an [PERSON] on the [URL]! Whatever shall [PERSON] do? [PERSON] need validation from [ORG] that may be [ORG]! Some [PERSON] with two broken arms said something bad about [PERSON]! How can [PERSON] go on living?"" Never mind [PERSON] already forgot who [PERSON] were and what [PERSON] said."
REDDIT50_1552,42,1,"Go back to jacking your micropenis to Rainbow Dash futanari fanfic I know [PERSON] are technically not a virgin after that camping trip with [PERSON], but the last time [PERSON] saw a pussy was when [PERSON] squeezed [PERSON] out of hers."
REDDIT50_1553,3,1,"Imagine if you changed it from ""[ORG]"" to the more accurate ""[ORG]""    See how retarded ""[ORG]"" sounds?"
REDDIT50_1554,33,0,"If you consider that the actual [ORG] had a focal point of the character retconned from [PERSON] being a rape survivor to [PERSON] falsely accuse the [PERSON] of rape while in fact [PERSON] just banged him because [PERSON] felt like doing so, your comment is even more fitting."
REDDIT50_1555,45,1,>  the actual [PERSON] series had a focal point of the character retconned from [PERSON] being a rape survivor to [PERSON] falsely accuse the [PERSON] of rape while in fact [PERSON] just banged him because [PERSON] felt like doing so  [PERSON].. why would they do that to you? Why would they turn you into the worst kind of cunt?
REDDIT50_1556,33,1,One would think the Battlefront 2 clusterfuck would've been a wake up call for [PERSON]  And yet shit like this keeps happening.
REDDIT50_1557,26,0,"[PERSON] is a [PERSON] for blurring her face  [PERSON] should be seen and shamed  ""[PERSON] not going to show her face for her [URL] [PERSON] learns [PERSON] can keep doing this consequence free because [PERSON] are too much of a pussy to do anything about it"""
REDDIT50_1558,26,1,"congrats you are a fucking idiot  ""yes dont let [PERSON] be held accountable for their behaviour its unfair for [PERSON] to see the face of someone who physically assaults others""   Perhaps if some [PERSON] didnt protect [PERSON]'s honour when she pulls this shit in future there will be clear evidence based on her conduct and character which will help any future victim be believed  but thankfully t[PERSON] masked [PERSON] face so when [PERSON] plays [PERSON] in distress against [PERSON] without video footage they cant use this instance against her and will get screwed  slow clap bravo, [PERSON]"
REDDIT50_1559,26,1,"This may come as a shock to a [PERSON] like [PERSON], but [PERSON] dont go around assaulting [PERSON] in [LOCATION] so there is no footage and would be no footage of [PERSON] doing such a thing, likewise [PERSON] dont go around defraud[PERSON] and if [PERSON] did [PERSON] would have no grounds to complain if [PERSON] was named and shamed for the world to see  is there anything [PERSON] actually do get right?"
REDDIT50_1560,26,0,and [PERSON] know this is the only time [PERSON] has done this or something similar how exactly?
REDDIT50_1561,26,0,"[PERSON] dont need to, [PERSON] am not the one advocating for [PERSON] not to be exposed for [PERSON] crimes, that would be [PERSON], the burden of proof is on [PERSON] not [PERSON]"
REDDIT50_1562,26,0,oh dear god you are an idiot.
REDDIT50_1563,26,0,"err i hope [PERSON] are shitting me here, because if not, [PERSON] are even dumber than [PERSON] initially gave [PERSON] credit for  ""haha [PERSON] showed that [ORG] what an idiot he was because when  i was disproving pythagorus [PERSON] by quoting my favourite song lyrics, he called me an idiot and didnt even try and argue lol""  That is how stupid you are being, so stupid infact you cant even process the basic groundwork of reasoning and evidence  wow really ""Got me"" lol"
REDDIT50_1564,26,0,">[PERSON]’ve just decided that [PERSON]’re too large of a moron to reason with   oh the fucking irony, especially after it was [PERSON] who first declared such a thing and hence just called [PERSON] an idiot and didnt bother addressing anything further but [PERSON] go ahead and pretend its [PERSON] not bothering with me lol"
REDDIT50_1565,26,0,">[PERSON] saying gotcha was [PERSON] being done  and  >[PERSON] if [PERSON]’re not bothering with [PERSON] than why do [PERSON] keep replying?   It takes a very special brand of stupid to be so moronic that [PERSON] undermine your opening sentence   ""hurr durrr [PERSON] ROFL if [PERSON] are done why do you keep Replying""--[PERSON] writes while replying after claiming [PERSON] was done  Just try and work it through slowly in your head [PERSON]    >[PERSON]’ve got this whole “greater than thou” attitude which is funny because [PERSON]’re a bottom of the barrel [LOCATION] stereotype   This is what i love so much, [PERSON] are so stupid [PERSON] make nonsense claims based on no evidence, or are [PERSON] claiming to know my qualifications and career history  we have established [PERSON] are so stupid [PERSON] think someone who values themselves as more educated or intelligent than the consensus of a [ORG] heavily populated by a majority which reside in  a [LOCATION] with a below average IQ score and a significant lower rating of average education can only be wrong lol  Wow you really showed me there [PERSON], look at me trying not to cry."
REDDIT50_1566,44,0,shescalated
REDDIT50_1567,44,0,[PERSON] ~~[PERSON]~~ lays bitches.
REDDIT50_1568,28,0,In [LOCATION] [PERSON] could be good (or once were).. esp with [ORG] or [ORG].
REDDIT50_1569,43,0,"[PERSON] don't know what the word ""free"" means, which is ironic considering that [PERSON]'re yelling your idiocy at [PERSON] in this post."
REDDIT50_1570,43,1,"> If [PERSON] literally read this post and assumed by the use of the word ""free"" that [PERSON] thinks that these items and services should literally be made and performed without some kind of payment than [PERSON] are an idiot  If [PERSON] read this post and assumed that that [PERSON] even *works*, ***then*** [PERSON]  > No shit it isn't by dictionary definition ""FREE""  Uuh, trying to redefine words here in [PERSON]? What's next? ""Racism"" is ""Prejudice + power""? Keep trying, you're funny."
REDDIT50_1571,43,0,"> [PERSON] also come from the country considered the ""[LOCATION]"" free what? Free from rule? [PERSON] follow the law  Not from the [LOCATION], [PERSON]..  > Keep generalising people mate, [PERSON] seem like a really nice and well rounded human  .. Which makes **this** all the more fucking hilarious  Oh, [PERSON], do never stop writing; the way [PERSON] shoot yourself in the foot is *delightful*  > So [PERSON] are judging [PERSON] purely based of this one text post and have no idea if they work or not  Exactly like [PERSON] did? Yes, [PERSON] am doing just that  Wait, did [PERSON] delude yourself into thinking, even for a second, that your assumpt[PERSON] about the [PERSON] in the OP held any more merit than anyone else's assumption? [PERSON]'re **nobody** pal, what [PERSON] think is worthless for anyone but [PERSON]; it *should* be worthless even for [PERSON] Never forget that."
REDDIT50_1572,15,1,"Intentions aside, it's just retarded to have something like that in a game Unless it's literally filled to the brim with comedy and is parodying tons of things, like Saints Row or something."
REDDIT50_1573,15,0,Fair enough That's actually something [PERSON] can hang my hat on
REDDIT50_1574,15,1,"If it was fitting, [PERSON] would laugh at it There's a time and place for everything Make it a joke that fits and fine What's this have to do with the game? How does it fit the tone of the game itself?   If it were a fart joke it'd be just as retarded to [PERSON] in this game   edit; Don't be like them and tell people what they can and can't do and feel If you want to think it's fine, go for it Doesn't mean [PERSON] have to agree with that [PERSON] don't think it's fitting If you think it's fine, great The [LOCATION] moves on"
REDDIT50_1575,15,0,"lol what? It's still in the game   A game that [PERSON] assume is trying to be somewhat serious in tone Thus it doesn't fit that kind of game Whereas such things do fit something that's taking the piss more than no[PERSON], like my example of [ORG]   You're probably one of the people that liked the ""what are those"" meme in [PERSON] ""It's just a little joke!"" A bad one"
REDDIT50_1576,15,0,"This isn't an off handed joke, it's a very pointed one about something very specific that has zero to do with the game or the tone it's going for   Also, don't tell [PERSON] what to do"
REDDIT50_1577,12,1,[PERSON].
REDDIT50_1578,47,1,"This whole PPD concept really is getting hard for some its not that hard, people   men are convicted 100 percent more than women  [men receive 65 percent higher sentences than women for exact same crime]([URL]  women know this [ORG] knows this  [ORG] tried to use the [US_PASSPORT] and they got shut down [DATE_TIME], whenever a conviction is made, the [US_PASSPORT] just got shut down  Not to mention the ""women are wonderful effect."" How many [ORG] are [PERSON] willing to leave their children alone with? Especially those with a criminal record ""Oh, but shes wonderful, [PERSON] cant possibly be a felon [PERSON] down the way, though, yeah he's definitely a pedo."" thats a fuckn pass if i ever saw one     So stop screaming ""misogyny"" at every turn It's too low effort for [PERSON] For fucks sake, be creative at least ""[PERSON],"" ""[PERSON],"" and ""women getting punished"" are all just losing their steam the [LOCATION] is oversaturated with low effort, bullshit so, [PERSON] here in [LOCATION] are setting the bar higher [PERSON] demand the best We arent some push over sub You have to earn your downvotes So get creative and quit being lazy little bitches   also, it looks like [PERSON] have a [PERSON] amongst us [HANDLE], [LOCATION] I need our greatest minds to think of the greatest flair this dickwad, blue-haired, male tears drinking, cuntwaffle deserves The [PERSON] gets a smack on the ass by [PERSON] and the rest of my soggy nachos  In the meantime, i need [PERSON] to show [PERSON] how we do things here in [LOCATION] dont worry, we dont ban Have fun"
REDDIT50_1579,47,0,noted and changed
REDDIT50_1580,47,0,"thats good and all, but [PERSON] are free speech purists [LOCATION] plus [PERSON] believe that acting in such a manner only serves to hurt them more we are one of the few bastions left on [ORG] where banning is highly discouraged in fact, in [LOCATION], [PERSON] dont even have to comment in a [ORG] before getting banned due to ban bots and shit that stuff is not cool right or wrong, offensive or not, youre not getting ba[PERSON] and we are proud of that fact rule, breaking, though that will get you banned racism, sexism, spamming, all that jazz"
REDDIT50_1581,21,0,This is a fake video.
REDDIT50_1582,35,0,"How the fuck is it fake? You mean staged, you [PERSON]?"
REDDIT50_1583,21,0,"[PERSON]? like [PERSON]'m scientifically designated an ""[PERSON]"" like [PERSON] have the mental age of two or less? That is technically the wrong word to use choose your words wisely [PERSON] for there are those around [PERSON] who might judge [PERSON] quite harshly for your insolence by daring to not get every word [PERSON] say exactly correct  EDIT  like did [PERSON] think [PERSON] thought this video was CGI or some kind of deepfake? is that why [PERSON]'re all up in arms about my choice of words? yeah, it's staged."
REDDIT50_1584,35,1,"[PERSON], you really are retarded."
REDDIT50_1585,21,0,why exactly? [PERSON] aren't explaining why? just being mean to me
REDDIT50_1586,1,1,"Yes [PERSON] are assholes  [PERSON] are cunts But, not only are [PERSON] not expected to police the behavior of [URL], in fact, CELEBRATE this cuntish behavior So why the fuck am [PERSON] being told to police the behavior of other men?  [PERSON]'m not [PERSON]."
REDDIT50_1587,35,1,"[PERSON], [PERSON] sound like a drug using [PERSON]."
REDDIT50_1588,23,1,"It's the goto insult on [ORG] when they can't argue about facts, like the [PERSON] who started this thread [PERSON] just throws blanket insults about some imaginary lack of sexual prowess because they know defending the [PERSON] in the article is a losing battle lol  Even if that whole paragraph they wrote was true, **it doesn't make anyone's statements here WRONG.** That's the most important part [PERSON] don't give a fuck what [PERSON] call [PERSON], at the end of your whining [PERSON]'m still right."
REDDIT50_1589,9,0,That may well be one of the most deluded concepts [PERSON]'ve ever encountered
REDDIT50_1590,0,1,"[PERSON] find it funny that this stuff is getting crapped on so heavily Every time there's a thread that involves more traditional ""magic"", the comment section is filled with people talking about how [PERSON] got it all wrong and they know because they're [NRP] and practice spellcasting themselves But apparently the belief in Emoji magic is way sillier than that  Guess what.. any sort of belief in magic is completely retarded If [PERSON]'re an [PERSON] who believes in spellcasting, [PERSON]'re an idiot."
REDDIT50_1591,13,1,"Hey, [PERSON]  Retards are more intelligent than that lobotomized sponge."
REDDIT50_1592,6,0,"> As long as the [PERSON] is of the age of consent and is aware of what they are consenting to [PERSON] don't particularly mind  [PERSON] is a [PERSON]  It doesn't matter that [PERSON] was in the age of consent, [PERSON] had authority over him so it was statitory rape  [PERSON] are okay with rape because [PERSON] understood consent?"
REDDIT50_1593,6,0,[PERSON] see that [PERSON] are fine with rape as long as its a [PERSON] doing it to a [PERSON].
REDDIT50_1594,6,0,>I'm ok with rape   Please die slowly
REDDIT50_1595,6,0,"I am far from ok with it, [PERSON] [PERSON]  [PERSON] sentencing allows [PERSON] to carry on teaching and to carry on sleeping with [PERSON] students. if [PERSON] took the full quote you would see that a [PERSON] doing the same shit sh[PERSON] did would be someone bitch ing jail for [DATE_TIME] you are okay with wishing rape on others and twisting words into new meanings  I knew [ORG] had some bottom of the barrel scumbags, but christ do [PERSON] make them look like model citizens  Grow the fuck up."
REDDIT50_1596,6,1,[PERSON] really did not say that [PERSON] sick cunt  [PERSON] however wish rape upon [PERSON] and others like [PERSON]  People who think [PERSON] got off lightly  [PERSON] really are sick minded if [PERSON] think [PERSON] saying [PERSON] got a slap on the w[PERSON] meant that [PERSON] want [PERSON] to go out and fuck kids  BTW ya blocked. [PERSON]'d rather not see comments by [PERSON] who condone the raping of others. so grow up [PERSON] vile . i was gonna say [PERSON]. but [PERSON] don't deserve that honourific.
REDDIT50_1597,14,1,"[NUMBER] girls get raped by [ORG] [ORG] - no one bats an eye  **[PERSON]** - everyone loses their minds  [LOCATION] [LOCATION]!!! (at this point I vote for replacing [LOCATION] as the most cucked nation in the world, I mean [LOCATION] was about to take the title but [LOCATION] just scored a hat-trick in [DATE_TIME])"
REDDIT50_1598,14,0,1 Which part was made up?  2 [PERSON]  3 [URL]it.Ever [DATE_TIME]
REDDIT50_1599,0,0,"Ok, serious question here [PERSON]'m im my late 20s Back when [PERSON] was in highschool, the [ORG] [PERSON] went to probably had about 400 seniors on [DATE_TIME] [PERSON] knew a good chunk of the people who were in my grade, and only [PERSON] were openly gay [PERSON]'m sure there were a lot more [PERSON] who just didn't want to come out or were just still figuring things out, but [PERSON] guess my point is that nobody went around pretending they were a celestial being, or a dog, or had a gender that was neither male or female  Reading some of these stories, it's as if all that bullshit is basically the new fad now and in any given class of 30, you have [PERSON], [PERSON], and 4 transgenders Is this just made up bullshit, or are [PERSON] really falling for that crap? I'm not saying that all of them are phonies, but in the OP, it seems there are at least [PERSON] and [PERSON].. That seems like a bit too much and [PERSON]'d guess that if these stories are true, a lot of it is just rebelious teenager type thing..  Edit: Typo.. [DATE_TIME], not [DATE_TIME] [PERSON]'m not a dinosaur."
REDDIT50_1600,0,1,"[PERSON] mean.. Back in my day [PERSON] did that by skateboarding and listening to punk rock, or by pretending to worship the devil.. [PERSON]'m not sure where this gender identity bullshit came from [PERSON] honestly thought the stuff we make fun of on here was confined to the late teens/early 20s [PERSON] type and that it was blown out of proportion most of the time Didn't think this stuff is now common place in [ORG]  The difference is that when a [PERSON] decided they were goth [DATE_TIME], everyone knew it was just a dumb phase except for the goth [PERSON] This gender identity crap is a fad disguised as progress, and the [PERSON] are getting outside feedback reinforcing that behavior and putting that idea into their heads that they're woke and discovering who they really are.. nobody did that for punk/goth kids, because everyone knew [ORG] was retarded And [PERSON] mean.. [PERSON]'m sure [ORG]'s helping some [PERSON] who are real-deal queer, but overall this shit seems like [ORG] has a potential to cause a ton of damage, unlike the fads previous generations had going for them."
REDDIT50_1601,45,1,[PERSON] is a good source of hilarious songs about being gay and liking dick
REDDIT50_1602,42,0,"This is incredibly lame ""Patriotism"", the last refuge of the scoundrel, is a positive trait? Pro-family, and pro-fatherhood/motherhood? Those are positives to you, maybe, but not everyone It's not ""men's rights"" to stereotype masculine values as conservative, and feminist values as progressive You're just helping the [ORG] pigeonhole us all as right-wing reactionaries Please stop helping the [ORG]."
REDDIT50_1603,42,0,"[PERSON]'s law in action You are a parody You say ""all of you"" when referring to [ORG] You mock [PERSON] with your use of the word ""bigly"" Or maybe [PERSON] honor him I don't even know how you [ORG] think [PERSON] can't tell if [PERSON] are mocking [DATE_TIME], because they are really that stupid Whatever Your post is shit It's a shitpost, whether or not [PERSON] are sincere."
REDDIT50_1604,31,1,"By their logic - [ORG] should be deplatformed for their call to genocide when their [PERSON] said ""my new years resolution is to kill all men"""
REDDIT50_1605,31,0,[PERSON] views should not be tolerated right?  Calling for the genocide of half the population is pretty [NRP].
REDDIT50_1606,15,0,"That entire season is fucking trash Other seasons weren't masterpieces, but [PERSON] was that just unnecessary"
REDDIT50_1607,15,0,"Yeah, the series was wrapped up perfectly and then they dumped another season on [LOCATION] for no reason which had a worse ending than [DATE_TIME] :/ And [DATE_TIME] was just garbage and added nothing   [PERSON] wish [PERSON] could sacrifice that season and give it to [PERSON] Which was pretty much going to introduce the devil, or at least a servant of him Which was dope as shit But it got cancelled :'("
REDDIT50_1608,2,0,"Porn-y stuff or not, [PERSON]'m hoping this ripples into having [PERSON] develop games that they never could under the [ORG] system Where the nudity and adult stuff is used for the story/themes on top of just tiddies  Something like [PERSON] tried to do, but actually good."
REDDIT50_1609,2,0,"[PERSON]'ve known a few artists myself in my life, and its the same thing  The barely racey webcomic and regular commission ones were narcissistic and judgemental, and extremely political The degenerate porn guys were loving and welcoming of [PERSON] Especially the [ORG], they were so wholesome they made [PERSON] feel bad about myself"
REDDIT50_1610,2,0,"Its funny, because [PERSON] used to be responsible for being the personal responsible to exposing [PERSON] to all sorts of fucked up fetishes  Now [PERSON] is so popular for his memetic status and his non-porn work [PERSON] actually openly talk about [PERSON]."
REDDIT50_1611,2,0,[PERSON] remember back when [ORG] was a niche site with its own [LOCATION] rip off social network for uber weebs It was a lot like that  How far it has fallen.
REDDIT50_1612,2,0,"[PERSON] can't say, [PERSON] stopped going when [PERSON] shedded most of my weeb-ness around [NUMBER] Sounds like it though."
REDDIT50_1613,46,0,[PERSON] almost responded to this [PERSON] before [PERSON] saw who was posting it lol
REDDIT50_1614,35,1,This is not.. that’s not.. are [PERSON] fucking retarded or just stupid?
REDDIT50_1615,35,0,"The tolerant left, [PERSON]!"
REDDIT50_1616,34,0,[PERSON]'re posting this all over this thread but what info are [PERSON] bringing that shows that it is 'looking like this is fake'?  Why is it looking like it's fake?
REDDIT50_1617,34,0,"> Also if you read down the [LOCATION] replies [PERSON] are saying there were no police reports at all in his [LOCATION]  You should lead with that  That's definitely cause to think that it might be fake, or not what it is claimed to be  > Also [PERSON] was specifically responding to [PERSON] blaming the [ORG] because this was an obvious false flag operation  [PERSON] agree that it is absurd to blame any group of people for what is clearly the actions of an [PERSON], but the thing [PERSON] was addressing in your post was your assertion that the incident is 'looking like it is fake'  You provided some evidence, now we're all good  The next step is to wait and see if those [ORG] reports do actually materialise, and then whether anything comes of it."
REDDIT50_1618,34,0,"[PERSON] can think of a few stories where there was similar deafening silence from the [ORG]  For example, [PERSON] being raped in front of her family by a [ORG]  The [ORG] barely reported on it."
REDDIT50_1619,34,0,[PERSON] can't find a single [ORG] that covered it either [DATE_TIME].
REDDIT50_1620,7,0,"> Ahh, the wonders of AI  Speaking of which, [ORG] ate this comment for some reason   It is now live"
REDDIT50_1621,21,0,this is a myth that has been debunked [DATE_TIME].
REDDIT50_1622,21,0,[PERSON] certainly should be nicer it would probably get your message across much better the way [PERSON] have been treating [PERSON] is toxic no other [PERSON] has ever talked to [PERSON] like this [PERSON] are a toxic man  [PERSON] is important for the future of our country and [PERSON] personally aught to be nicer when talking about it because the way [PERSON] talk makes it very easy for people to just cast [PERSON] off as a mean person and assume all M[ORG] are like [PERSON]  I happen to know different  some people won't.
REDDIT50_1623,21,1,"Hello [PERSON],  we meet again are you still a shame filled evil nothing of a human being? who is condescending?   I don't really think you are a rapist that is just something someone says to weirdos to get them to leave them alone [PERSON] were so sure i was  feminist, [PERSON] decided to just up and become one for [PERSON]   [PERSON] am not [DATE_TIME] or precocious [PERSON] am fully grown And [PERSON]'m not a victim [PERSON] are acting like the victim  [PERSON] don't realize it but [PERSON] yourself are the one poisoning your [LOCATION] that is my main point [PERSON] have a bad attitude and [PERSON] are instantly argumentative in situations when it would be better to not [PERSON]  after all, [PERSON] win more friends with [PERSON] than [PERSON] do with flies   [PERSON]'re speaking for your entire [ORG] and i bet a lot of them would rather [PERSON] not because of your style    what other posts in [ORG] make it obvious i don't care about [PERSON] CITATION NEEDED!!!    no one thinks [PERSON]'re actually a rapist [PERSON] was just saying the thing [PERSON] knew would fuck your brain up the most [PERSON] know, after five messages worth of [PERSON] saying horrible things to [PERSON], just because [PERSON] told [PERSON] that ignoring the history of women being oppressed doesn't help men who are currently being oppressed, it just makes [PERSON] look like a revisionist   Trust me [PERSON] has a shitty opinion of [PERSON] if [PERSON] talk to people like this saying things like ""[ORG]"" ""[PERSON]"" and ""[PERSON]"" come on that is CRINGY  I sure am messing with [PERSON] now by being mean to [PERSON], because when [PERSON] was civil, [PERSON] turned into a nutcase  prove to me that [PERSON] are normal member of society and not some raving drooling mental case locked up in his [PERSON]'s basement who occasionally breaks free to lick slime off her cunt for sustenance CITATION NEEDED  I am actually concerned that you will turn people off of [ORG] because of your dumbness not concern trolling I bet if [PERSON] have some of your [ORG] friends read this thread from beginning to end, they will tell [PERSON] where [PERSON] have gone wrong but unfortunately for [PERSON], no one is going to read any of this ever  try to rebut that, [PERSON]."
REDDIT50_1624,21,0,cause [PERSON] know [PERSON] can't rebut any of that and [PERSON] can't get citations.
REDDIT50_1625,36,0,"And [PERSON] have a [PERSON] and often ask him to translate his FB posts, cause ""bird with a beakful behind [ORG]"" makes no damn sense to me  Welcome to idiom. it's majestic and confusing."
REDDIT50_1626,41,0,Can you keep your idpol to a minimum?
REDDIT50_1627,5,0,"Yes, that is clearly what [PERSON] did Thanks for letting us know the truth Now I feel way better about him getting banned from [ORG]."
REDDIT50_1628,7,0,> Freedom of speech means [PERSON] can shit on [LOCATION] when [PERSON] don't like what [PERSON] say  Freedom of speech means [PERSON] go speak at [LOCATION] and leave the [PERSON] already speaking at his own [LOCATION] alone
REDDIT50_1629,9,0,"It's anecdotal, but thinking back over my life [PERSON] find relatively few people who have done this But the few who have, were women  Now don't misunderstand or misrepresent that [PERSON]'m [DATE_TIME] and have dealt with a LOT of [PERSON] in my life who *could* have done such a thing What [PERSON]'m saying is very few [PERSON] DID it  (The fact that those people were women in my case is only pertinent in this sense: [PERSON]'m sure that t[PERSON] being a [PERSON] who try to steals [NUMBER] is equally prevalent amongst women and men.)  Now according to the 'article' this is because [PERSON]'m a [PERSON], and that it happens to women a lot more [PERSON] submit that it was because when [PERSON] did it to [PERSON] [PERSON] read them the riot act and stood up for myself Which is something that women should be able to do given that they have had the freedom to be 'strong [ORG]' for [DATE_TIME]  So it seems to me that this article is saying that women are weak and unwilling to defend themselves."
REDDIT50_1630,35,1,"But [PERSON] is okay, right?  [PERSON]."
REDDIT50_1631,27,1,"Had an [PERSON] who would constantly say: ""Stop yelling at me!!""  [PERSON] honestly never raised my voice to [PERSON] once  [PERSON] would put [PERSON] in her place and to [PERSON] that meant [PERSON] was ""Yelling""  Dumb cunts"
REDDIT50_1632,13,0,">But why not? They do it to women all the time that don't agree with them ""Internalized misogyny! Those poor women don't even know how much they hate themselves!""  [PERSON] understand why the majority of [NRP] dont want to associate with them Makes absolute sense And yet there are [PERSON] that call themselves [ORG] that try to argue, that its not them  They are just like [NRP] Denying every logic and evidence"
REDDIT50_1633,31,0,How to actually get away with anything  1 [LOCATION]  2 Be female  3 Profit
REDDIT50_1634,46,1,These are the same [PERSON] who think [ORG] are a legitimate political faction in [LOCATION] in [NUMBER] [ORG] ignore math almost reflexively
REDDIT50_1635,7,1,"> nor are the [NUMBER] comments that the [ORG] have to sort through  Can confirm [ORG] don't pay for physical therapy due to repetitive stress injuries from banning people who make [PERSON] comments li[PERSON]   >Off yourself you [PERSON]  Or cringey shit like this:  >Then be glad this is the [URL], otherwise I'd tear your throat out    >Insult me like that again and [PERSON]'ll cut your neck open and rip your throat out  >Death to [LOCATION]   >Death to the white race   >I have killed and will kill again   \\^ That last one was especially cringe-inducing"
REDDIT50_1636,7,0,[URL]
REDDIT50_1637,12,1,[PERSON]'s a stupid little [LOCATION] cunt
REDDIT50_1638,29,1,"Fun fact: putting ""fun fact"" in front of an opinion makes you look absolutely retarded."
REDDIT50_1639,29,1,Fun fact: when [PERSON] refer to real studies they source them [PERSON] learned that [DATE_TIME].
REDDIT50_1640,0,1,"Again - no amount of telling [PERSON] how retarded they are will make them see themselves for what they are or change their minds  My only satisfaction in all this comes from knowing that [PERSON] don't have to try and make them miserable - [PERSON] manage it all on their own Thinking that probably makes [PERSON]  bad person, and [PERSON]'m strangely at peace with it."
REDDIT50_1641,25,1,"Was this the one where [PERSON] was so livid [PERSON] flat out broke his ""no swearing"" rule? Granted even when [PERSON] doesn't [PERSON] is selective Quote using the term ""cum dumpster"" would be more offense than fuck or shit to most people  Also [PERSON] can be REALLY viciously uncivil without a single swear word  The [PERSON] tore [PERSON] a new much more ethical asshole though  Honestly for all his [ORG] shit(cause this is ""[DATE_TIME]"" where [ORG] bullshit can get [PERSON] fired) especially because some of it seems to be related to the case in which [PERSON] aren't really suppose to antagonize people and show your extreme ideological bias of basically acting like [PERSON]'s fuck buddy Also isn't calling someone else's ethics or credentials into account when you know theyb are legit kind of unethical? Not to mention the fucking *FLAT OUT EASILY PROVABLE LYING(probably of his and certainly from waid in a written legal account)!!*  Seems like enough for [PERSON] to suggest to the [ORG] that this guy is unethical Or do you both have to be in the same state?  Regardless of what [PERSON] does, I hope him trying chicanery lying bullshit before the [ORG] gets his weasel ass disbarred The guy is CLEARLY fucking unethical as well as a shitty human being At this point I wonder if he's just [PERSON]'s clone  >[PERSON]/[PERSON] claim [PERSON] did not know [ORG] was located in [LOCATION] [PERSON] stated he knew the owners when he Tweeted he was calling them and called a [LOCATION] [PHONE]  The fuck kind of defense would that be? Like ""yeah I know [PERSON] broke the law but I didn't know it was [LOCATION] so I'm okay"" at best that seems that it should mean [PERSON] is tried in [LOCATION] but maybe that's the point that [PERSON] wants [ORG] not a proper [NRP] one  I'm heard tell the [PERSON] that would do this case is a [PERSON] Trying to libel/slander and fuck with another [PERSON]'s livelihood is liable to piss the [PERSON] off personally."
REDDIT50_1642,24,0,"> unlawful sexual activity and usually sexual intercourse carried out forcibly  Using the textbook definition for rape isn't ""sugarcoating it"" Rape  means forced sex..  [PERSON] are just derangedly paranoid."
REDDIT50_1643,24,0,"Please teach me [PERSON] that circlejerks at [URL]   It is paranoia because all you people do here is try to reinforce your idiotic beliefs that the [LOCATION] is so benevolent to women and that women are constantly trying to take advantage of it So [PERSON] rejoice in these ""[US_PASSPORT]"" denials Even though no one anywhere said that [PERSON] should get different treatment for being a women."
REDDIT50_1644,24,1,"It's the name of the [PERSON], the [PERSON] is about ""pussy passes"" being denied This is has nothing to do with that or ""exposure of feminism"" This is just an anecdote of a [PERSON] committing a crime that the [ORG] are trying to pass off as evidence for women having it easier, which is completely retarded  There's nothing euphemistic about saying ""forced sex"" nor is it sugarcoating in any way."
REDDIT50_1645,24,0,What am i being paranoid about exactly?  Please go ahead
REDDIT50_1646,2,0,"Hey now, they decided to let [PERSON] get brought up a few more times so they could have a talking point of ""IF [PERSON] REALLY CARED THEY WOULD BE WITH HIM."""
REDDIT50_1647,49,0,"It's weird, though [PERSON] did help a [PERSON] stay out of prison by pressuring the [ORG] to put a bunch of random blacks and a [PERSON] in prison for [DATE_TIME]  The [PERSON] raped like a dozen women after the [LOCATION] rape, and bashed one's brains out  [PERSON] was also accused of raping a [DATE_TIME] girl  Why *would* white women vote for [PERSON]?"
REDDIT50_1648,49,1,"That's pretty weird If you're a [PERSON], why would you support a [PERSON] that is convinced every [PERSON] is a rapist, and unwilling to put any pressure on [ORG] to arrest numerous [PERSON] accused of rape?  That has real-world repercussions, you know that, right?"
REDDIT50_1649,49,0,"Sorry for assuming, but [PERSON] really am looking for an explanation Seems to me that so many of those [PERSON] are used to being abused that they've lost their grip on reality  Sounds callous and myopic, but in my experience, [PERSON] are severely delusional."
REDDIT50_1650,49,0,"The majority of women that voted for a [PERSON] that is dead set on helping rapists stay out of women on *numerous occasions*, and was, himself, accused of rape  It's not narcissistic at all, just a logical train of thought."
REDDIT50_1651,49,0,"[PERSON] think it's more likely [LOCATION], although [PERSON] are correct."
REDDIT50_1652,47,1,"Once again, to the [PERSON] who reported every single comment in here:  [PERSON], [PERSON], are a pussy We don't ban or censor here unless its absolutely necessary; [PERSON]'re wasting your time   But welcome to [ORG] anyway, where we welcome [PERSON] like [PERSON] with open arms enjoy your stay, boo    Now if [PERSON]'ll excuse me, [PERSON] have some reports to ignore"
REDDIT50_1653,47,0,[ORG] We're all women hating [ORG] here.
REDDIT50_1654,47,0,"rude, vulgar, insensitive  and  ban this [PERSON]"
REDDIT50_1655,38,1,"[PERSON] will not only **never** let go, but it is also my goddamn right to be a faggot."
REDDIT50_1656,44,0,[PERSON] admire your fecundity.
REDDIT50_1657,44,1,[PERSON] thrust myself upon the altar of your feelings begging for mercy faggot  ;)
REDDIT50_1658,26,1,"[PERSON] like to imagine all the background detail of all of this, like [PERSON] bragging about their [PERSON] and how ""successful"" [PERSON] is to other [PERSON], and using [PERSON] as a massive case of how ""the future is [PERSON] etc"" to [PERSON]  Yeah how did  that turn out eh?  [PERSON] was worse than unsuccessful, as there is no shame in trying something sincerely and failing, but defrauding [PERSON] there is nothing but shame  [PERSON] remember reading a [ORG] news article [DATE_TIME] on [PERSON] singing her praise about how amazing [PERSON] is (when [PERSON] was valued at 9billion) and thinking ""wow i wish i was in [PERSON] shoes"", lol  not only has [PERSON] life gone from being a billionaire to being worth [MONEY] [PERSON] is worth less as [PERSON] will be in [ORG] now  [PERSON] deserves everything [PERSON] gets"
REDDIT50_1659,0,1,This is passably sane.. Did you miss the [PERSON] who baked bread with her yeast infection and got pissed off when [PERSON] told her it was downright nasty?
REDDIT50_1660,14,1,"[PERSON] is ridiculous A mature looking, seductive, confidence inspiring.. And they took this [PERSON] That description from the [ORG]:  > Her eyes were cold and sparkling with a remarkable violet penetrating gaze, in anger blazing with livid, blue-gray fire Those very eyes also concealed wisdom and imperiousness  Yea, I just don't see it in this [PERSON] It's just a very poor casting choice for [PERSON]  Won't even bother commenting on the retarded cast of [PERSON] It's insulting for both the audience and especially for the forced diversity hire in a desperate attempt to virtue signal how ""progressive"" they are by race swapping and shoving some token black chick  The rest of the cast are as generic, boring and bland as they can be Don't really think that [PERSON] could carry [PERSON] And let's be honest, [PERSON] might be charismatic and one of the most handsome men alive, but his acting abilities are somewhere between that of a cucumber and a chair Seriously disappointed with the cast [PERSON] might be wrong, who knows, they may turn out to be the next Game of Thrones ([DATE_TIME]) out of nowhere and the [ORG] may be able to pull it off [PERSON] jus[PERSON] don't have much faith in [ORG] considering the absurd amount of garbage they are spewing."
REDDIT50_1661,48,1,"[PERSON] know the feeling when [PERSON]'re out on the [LOCATION] with [PERSON] your regard as really smart and respectable and [PERSON] see a [PERSON] from another time in your life that was dumb but entertaining who [PERSON] kinda stopped hanging out with because [PERSON] never really ""leveled up"" in intelligence or maturity and that [PERSON] comes up and proves their consistency by saying something embarrassingly retarded in front of your [PERSON]..  [LOCATION] this is that feeling..."
REDDIT50_1662,9,1,"[PERSON]'m trying to decide if that makes the women in that post sluts, or whores?"
REDDIT50_1663,13,1,"Just bitches Nothing else Or cunts, its a good and fitting word aswell."
REDDIT50_1664,35,1,[PERSON] should have been arrested and made to pay a fine for being cunts.
REDDIT50_1665,11,0,Talking to them is pointless  Anything slightly less than blind pussy worship gets their clit in a twist.
REDDIT50_1666,20,0,"[PERSON] sound triggered  Did your sippy cup run out of soy milk, [PERSON]? 😢"
REDDIT50_1667,20,0,Don’t cry too hard into your soy milk! 😭🥛
REDDIT50_1668,20,0,Found another purple-haired soyboy!  😆 😂 🤣 😆 😂 🤣
REDDIT50_1669,20,1,BAHAHAHAHA!!!!   Yup!  U mad! 😡   Don’t cry too hard into your [PERSON] faggot!  😆 😂 🤣 😆 😂 🤣 😂 🤣
REDDIT50_1670,20,0,"Good one, [PERSON]!  “IT WAS HER TURNNNN!!”  😭 <= [PERSON]"
REDDIT50_1671,1,1,"[ORG] has their go-to insult to blindly dismiss everything [PERSON] say  [NRP] troll [NRP]..  As soon as [PERSON] get out of lockstep with them [PERSON]'re suddenly the worst thing they can think of It becomes obvious when [PERSON]'re even slightly moderate  if [PERSON]'re not 100% agreeing with everyone [PERSON] or [ORG] says suddenly you're a ""libtard gender studies major"" If you say anything bad about a [NRP] at all it's all ""shut the fuck up you redneck MAGA cunt""."
REDDIT50_1672,25,0,"As [PERSON] have been saying to [PERSON] for most of this mess, being a bigot of any stripe is not the ultimate evil Being a racist or some such is just a specialized breed of asshole Sure it isn't nice and you don't really want to be around the [PERSON] that much but most of them are just [PERSON], [PERSON] are either smart enough or professional enough to not let it bleed into their work, and [PERSON] don't do this imaginary attacks They just stew in their anger, often in private They don't harm [PERSON] just because [PERSON] dislike or even hate them  Hate crimes are bullshit The reason is because hating [PERSON] shouldn't logically be illegal- harming them directly should be and most of these people- and [PERSON] don't think nearly as many exist as these [PERSON] claim do, won't ever get to the point they do that."
REDDIT50_1673,27,1,"Yep, before smartphones and social media, [PERSON] acted civilized in public  [PERSON] didn't use to be this shitty"
REDDIT50_1674,47,0,"[PERSON]! My man! So I understand you're upset? I'm sorry I really am  I'm just going to have to ask you to replace that dog's cunt you call a brain and come up with some better insults The [ORG] on the incels insult is getting over saturated, over used Since we survive off [PERSON]'s salt, we require creativity  So Come back when [PERSON]'ve got something better Thanks!!"
REDDIT50_1675,9,0,"Well .. [PERSON] guess the [PERSON] should leave their comfortable life, and move to the [LOCATION] to prevent the famines, and wars, and other causes of [PERSON] being orphaned  Or they might just be a virtue signaling twat."
REDDIT50_1676,44,0,And the thunder rolls...
REDDIT50_1677,9,0,[PERSON] sure that wasn't just [PERSON] farting out a few more IQ points?
REDDIT50_1678,44,0,Oooh the lightning strikes!
REDDIT50_1679,9,0,Ooops! There goes the prostate  [PERSON] isn't having [DATE_TIME].
REDDIT50_1680,44,1,"[DATE_TIME] must be tough for [PERSON], being a coward bully faggot."
REDDIT50_1681,1,1,"Show me that this has happened even a single time Just once A single fucking time is all [PERSON] ask  But [PERSON] cant This has never, in all of human history, happened."
REDDIT50_1682,44,1,fuck.off.faggot it happens [URL][ORG] [DATE_TIME]
REDDIT50_1683,44,0,"well, five times a day..."
REDDIT50_1684,49,1,"Pulled [PERSON] over twice, then gave [PERSON] a body search and still the retards [ORG] think it's just as simple as '[PERSON]'s a crazy cunt.'"
REDDIT50_1685,23,1,"Here come the [ORG] Even with clear and concise video evidence, nothing is enough to justify this ""[PERSON]"" being treated with anything but worshipful praise   Nothing you have stated makes me **wrong**, so go fuck yourself haha It's just a bunch of name-calling because you have nothing else to say   /BLOCKED Go sit in the corner and be silent :)"
REDDIT50_1686,23,0,[PERSON]'s mad because because [PERSON] chose to ignore [PERSON] on the [LOCATION] HAHAHAH aww [PERSON] /BLOCKED Go cry more.
REDDIT50_1687,23,0,"Your P.S is a bunch of bullshit It's so self-contradicting that we are going to call your waterproof bathtub haha  >2 questions for [PERSON], [PERSON]: [PERSON], and how old are you? [PERSON]  Says to ""grow the fuck up"" Yet asks the most childish questions on [NRP] Well, [PERSON] hurt me [DATE_TIME] during sex, and my age in none of you damn business boy Good enough? HAHAHAHAHA"
REDDIT50_1688,23,1,"[PERSON] said [PERSON] weren't coming back LMAO Knew [PERSON] would idiot Now [PERSON]'re playing ""internet mind reader"" about anger when all anyone is doing is laughing at your faggot ass  Didn't even read the bullshit [PERSON] wrote /BLOCKED now go ""Don't come back"" again hahaha."
REDDIT50_1689,14,1,"And then they laugh at [PERSON] and his ""conspiracy theories"" and gay frogs.. Which ironically are far more reasonable scenario than this batshit nonsense  P.S PFFFAHAHAHAHAHAHAHAHAHA, this is a fucking **RESEARCH PAPER**, HOLY FUCKING SHIT, AHAHAHAHAHAHAHAHAHA.. [PERSON] wrote a RESEARCH PAPER ON [NRP] TROLLS ""DESTROYING"" STAR WARS  Holy Fucking SHIT   Yea, nuking the [ORG] for producing these ultimate trash useless scumbags is not enough at this point Get [PERSON] here, we need to eradicate this shit and erase them from existence  P.S ""[ORG]""  Of-fucking-course it's [LOCATION] Can we like delete them or something? I mean not even [LOCATION] is this retarded."
REDDIT50_1690,4,0,"This is only gonna get worse, my fellow [ORG]  We're gonna be in for a [DATE_TIME] I suspect [PERSON] will be popping out of the [LOCATION]  Stay frosty Don't feed the trolls."
REDDIT50_1691,17,0,"We're definitely already in a industrial scale moral panic pushed by the [NRP] *hard* onto the [ORG] The fact that [PERSON] is indirectly correlated to the [PERSON] scandal now is only going to make things crazier  Maybe it will wake [ORG] up though If [PERSON] gets interviewed and [PERSON] rants at him about [ORG] for [DATE_TIME], people might actually stop and go ""What the fuck is going on?!!"" It reminds me of when they brought up [ORG] to [PERSON]."
REDDIT50_1692,2,0,"[PERSON] really do feel like the camel's back has to break eventually It seems each panic is even bigger than the last, and all it takes is [PERSON] to set off a chain reaction."
REDDIT50_1693,13,0,"Exactly Free Speech is a fine thing and when the [ORG] Admins themselves dont go full judgement on what is and what isnt allowed on [ORG], we also profit from it"
REDDIT50_1694,13,1,"[PERSON] dont want to make it out like that, but thankfully the [NRP] didnt do it (yet)  Also, we can freely converse for now, so at this moment [PERSON] opinions is positive   Either way, theres [ORG] filled with actual bigots and idiots and [ORG] i thought of as good, sadly have a political bias, that is unfathomable stupid Heck, not even politics Just overall idiocy that is mainstream there  [ORG]? Full of [NRP] that are going to shit on you, when you talk shit about their [ORG] Still i enjoy it  [PERSON]? I enjoy it too and its purpose is one i can get behind But its so heavily Left-leaning, the [PERSON] admitted its an Anti-Anti-PC sub, [ORG] is advocated as good there and defended and comments that talk shit about [PERSON] or the right are upvoted  [ORG]? Not as bad as people make it out to be, but it sadly has its degenerates too and likes to say some nasty shit But [PERSON] regulary upvoted when trying to converse with empathetic comments   [URL]? Its good, but the lack of good c[ORG] is good and bad at the same time Its either cause reporting true PPD gets shut down with censoring (unlikely in my eyes), or that equality really, really starts to strike and theres less and less [PERSON] pulling the women card Also, it sometimes DOES upvote misogynistic comments, but its mostly good  Theres subreddits like [ORG], /r/imgoingtohellforthis and [ORG] that are just perfect subreddits where [PERSON] dont experience any general negativity, except the rare idiot  that tries to argue  [PERSON] went off topic, oops But Tl;[PERSON] [PERSON] generally enjoy [ORG], even though it has its retardation and bigot lefts here and there."
REDDIT50_1695,19,0,"Oh [PERSON] are so pushing to lump in these [PERSON] with [ORG], [ORG] and [ORG] across the board, [PERSON] can see it fucking coming, they'll be pushing for laws next and to define [ORG] as a hate group, they want this badly."
REDDIT50_1696,19,0,"Oh [PERSON] agree, [PERSON] think [PERSON] is fucking daring them to do it, but they want [PERSON] to be on side with the legislation which is why [PERSON]'re being cautious For example with the way [PERSON]'re trying to make 'misogyny' a hate crime, they want [PERSON] to just vote for it blindly and then that's when they'll get everybody However [PERSON] caught on to what they were planning it seems and [PERSON]'re trying to make Misandry into a hate crime law as well lol."
REDDIT50_1697,35,1,"When [PERSON] make stupid and asinine comments, yes They have every right to"
REDDIT50_1698,7,0,"Con confirm [PERSON] (""guy-foo"")"
REDDIT50_1699,42,0,[ORG] believe that punishing [PERSON] will somehow make [PERSON] less likely to report a sexual assault [ORG] are elected officials afraid to upset the [ORG].
REDDIT50_1700,25,1,"It's projection once again [PERSON] feel ""Entitled"" to our fucking [CRYPTO] and adoration, and get pissy when [PERSON] don't give it Try earning it you [PERSON]  They don't *have* to give us th[ORG] [PERSON] want, it's not the [CRYPTO] Nor do [PERSON] *have* to give [PERSON] any fucking money The only thing that could be [CRYPTO] or a have to thing would be [PERSON] not overly lying about what [PERSON] mean to sell us, and that's a grey area legally what with the concept of Caveat emptor and such  Having said that [PERSON] sat through a pretty funny rekita law stream where a [PERSON] sued to get his down payment back on a [ORG] becau[PERSON] the [PERSON] didn't warn him it was haunted  If [PERSON] understood the judgement properly, the [PERSON] won The [PERSON] did tons of ghost related dad jokes and seemed to rule that ""Yeah you should have warned [PERSON] it was haunted, how was [PERSON] suppose to know?""  So the [LOCATION] is *legally* haunted."
REDDIT50_1701,11,1,"[PERSON] want a dog?  You know they sell those things at the [LOCATION], or a for a few bucks on [ORG]."
REDDIT50_1702,49,1,wonder how many centuries this [PERSON] would get if this weren't on tape
REDDIT50_1703,49,0,"its sad but true [NRP] have been buying into this bullshit that [PERSON] at magical astronomical rates without any evidence  i mean remember that [PERSON] ad?  now think of how [PERSON] helped a serial rapist and murderer stay out of prison by pressuring the [ORG] to 'give the death penalty' to a bunch of teenagers that were arrested somewhere near a rape in [LOCATION] on zero evidence, and tortured into confessing  then it turns out the [PERSON] stayed out of [LOCATION] for [DATE_TIME] raped and murdered numerous women, then [DATE_TIME] after [PERSON] was caught confessed to doing it alone after finding out [PERSON] were in jail for it  the 'well they must have done something wrong' mentality is why the [LOCATION] is so fucked."
REDDIT50_1704,49,1,How is that victim status that's literally what happened   [PERSON] helped a [PERSON] stay out of jail by pressuring the [ORG] to kill teenagers on 0 fucking evidence While the other [PERSON] was bashing women's brains out and raping them on [LOCATION]  Guess what? Only his DNA matched  Has nothing to do with wanting to be a victim Just pointing out the retarded behavior of [NRP].
REDDIT50_1705,35,1,"If [ORG] weren't for the men, no one would have survived, cunt [PERSON]  [PERSON] who built the fucking thing, operated it, served food on it, ect It was all MEN"
REDDIT50_1706,35,0,It was a marvel of enginering [PERSON] doesn’t make it any less so.
REDDIT50_1707,35,0,"Yeah, it was built in an archaic time But my point still stands."
REDDIT50_1708,35,0,[PERSON]
REDDIT50_1709,22,0,"Mission accomplished  [URL]  [HANDLE] added [ORG] to the list Check bottom right of the screen cap He then promptly locked the submission as his sub was getting torn apart in it   Any [PERSON] whose message is so fragile that it needs to ban users, lock threads and censor the fuck out of the narrative is pure comedy Thanks [PERSON] Looking forward to you eating your hat when we do not get banned yet again"
REDDIT50_1710,47,0,There's more than normal Soon as [PERSON] get to [LOCATION] [PERSON]'ll post.
REDDIT50_1711,33,0,"It's the same on [ORG] Every time there's a post about Star Citizen, you will always see a bunch of [PERSON] defending the game even against the vast majority of the community  I guess after they threw hundreds if not thousands of dollars to the game, the need to defend it"
REDDIT50_1712,32,1,"> Somehow the [PERSON] pointing out this is exactly what [PERSON]'s done in the past makes them ""[ORG]""? The fuck is wrong with [PERSON]?  Because [PERSON] don't know shit about the whole project yet pass the meager knowledges they have of it as fucking gospel that it's either a scam or that it will tank hard  [PERSON], [PERSON] is directing the shite like a retard and doing alot of stuff to bomb the [ORG] before it even release, we all know that, but god damnit [ORG] became a full prod MMO in dev since [NUMBER] and you can't shit a MMO that got that pretentious scale to release in [DATE_TIME], i'm all for tearing [ORG] ass to shred if they fail, but at least wait for the game to be released before tossing it in the blender, especialy if [PERSON] haven't a skin in the game and isn't planing to play it to begin with"
REDDIT50_1713,36,0,[ORG] Something we just fucking LOVE in the [LOCATION] To the point people are screaming that it be protected as a sacred right   [CRYPTO];
REDDIT50_1714,36,0,"I said it wasn't genocide, but eugenics Which it is And [ORG] is still doing a great job of furthering [PERSON] goals when she founded it. the eradication of blacks"
REDDIT50_1715,36,0,"""eu·gen·ics yo͞oˈjeniks/Submit noun the science of improving a human population by controlled breeding to increase the occurrence of desirable heritable characteristics Developed largely by [PERSON] as a method of improving the human race, it fell into disfavor only after the perversion of its doctrines by the [NRP].""  [PERSON] founded [ORG] because she wanted to encourage blacks to NOT BREED Seriously, [PERSON] can look that shit up   39% of legal abortions performed in the [LOCATION] are [PERSON]   As [PERSON] said [ORG] is still achieving it's original goals You can view it any way you want, and celebrate it, if you like But it's still fucking eugenics Selective breeding, and [ORG] pretty much targets the poor and indigent"
REDDIT50_1716,26,0,"i dont think [PERSON] have thought this through  if the majority of [ORG] in history have been men, then your [PERSON] will be [PERSON] to, so for every victory [PERSON] achieves his adv[PERSON] also [PERSON] gets a loss making no difference (equal win and loss)  so you can only compare men versus women heads of state conflicts and so if women lose 30% of those conflicts by definition the men must lose 70%"
REDDIT50_1717,42,0,"That's some gender studies-quality math you got there  Imagine 10 women lead their countries into war, six against other women They must go 3-3, and the other 4 win ears against men (giving 30% loss rate) A thousand men win wars against [PERSON], and four men lose wars to women How does 1,000-1,004 win/loss ratio equal 70% losses?  Might want to change that username to just [PERSON]."
REDDIT50_1718,26,0,"OMG this is actually hilarious, and what i love is [PERSON] are so arrogant to think [PERSON] are correct and [PERSON] incorrect  >That's some gender studies-quality math [PERSON] got there  [PERSON] are so stupid its hilarious so lets begin in showing the world what a proven moron you actually are  > [PERSON] win wars against [PERSON]  ok so there are [NUMBER] winners and [NUMBER] losers which ARE ALL MEN! net result zero,   i.e for EVERY [PERSON] WINNER THERE IS A [PERSON] LOSER (how can you not understand this its fucking obvious)  so for men as a whole, total victories [NUMBER], total losses [NUMBER], net result 0 ([PERSON] on male)  the exact same principle is true with ""[PERSON] versus [PERSON] wins/losses"" and ""horse versus horse wins/losses"" ""ducks versus ducks wins/losses""  hence the only valid metric is ""male versus female conflict""  if they have [NUMBER] conflicts and [PERSON] win X number of them then the men win [NUMBER]-X conflicts (assuming no draw just win lose conditions)  in my example i gave 30-70 split to show it has to always equal 100 as a percentage   HOW DO [PERSON] NOT UNDERSTAND THIS? are you genuinely learning impaired?"
REDDIT50_1719,42,0,"[PERSON] can call [PERSON] stupid, arrogant, learning-impaired, or whatever; it still doesn't change that [PERSON] don't understand the original story problem ""For example, did 30% of [PERSON] lose a war"" does not me[PERSON] women must have a 70% win percentage It doesn't count women who have never led a [ORG] to war It doesn't count numbers of wars lost; if one [PERSON] loses two wars, it only counts as one It's possible that out of 100 [PERSON], [PERSON] went to war an average of 3 times each with no victories, for a 0-90 win/loss record (all against men, of course) It's also possible that of [PERSON] [PERSON] in the same time period, all [PERSON] went to war exactly once [PERSON] (or 45%) lost a war to [PERSON] [PERSON] beat another man in a war, and [DATE_TIME] beat a [PERSON], totalling 495 (or 55%)  I thought it through, and xen[PERSON]'s numbers add up Your failure to understand the truth doesn't make it untrue You made assumptions about information not presented in the original scenario, then declared it impossible within your blinders  Yeah, [PERSON] missed the ""off those losses"" in your previous comment I was distracted by your terrible spelling, punctuation and logic Being a smartass never works out when you're a dumbass."
REDDIT50_1720,26,0,"your stupidity is genuinely staggering!!! and im not joking here, [PERSON] are literally an idiot  and the fact [PERSON] STILL think [PERSON] are correct is embarassing  want the proof?   here we go:  your claim: >Imagine 10 women lead their countries into war, six against other women They must go 3-3, and the other 4 win ears against men (giving 30% loss rate)  show your working, show how that above scenario generates a ""30% loss rate for [PERSON] as a group"""
REDDIT50_1721,42,0,"[PERSON] goes to war against [PERSON] [PERSON]   [PERSON] goes to war against [PERSON] Loses   [PERSON] goes to war against [PERSON] 4 Wins   [PERSON] goes to war against [PERSON] 3 Loses   [PERSON] 5 goes to war against [PERSON] 6 Wins   [PERSON] 6 goes to war against [PERSON] 5 Loses   [PERSON] go to war against men, and they all win   How many losses is that for women? What percentage? Do you need me to simplify it further? Like [PERSON] said: call me what [PERSON] will, but your lack of comprehension doesn't make [PERSON] the stupid one in this exchange That would be [PERSON]  Now are [PERSON] going to continue to ignore the comment where [PERSON] bitch-slapped [PERSON], and explained your original faulty reasoning? Of course [PERSON] are Either [PERSON] didn't get it, or [PERSON] are embarrassed by [PERSON] own stupidity, so [PERSON] have to double down on calling me an idiot Either way, [PERSON]'re a dumb cunt Don't reproduce."
REDDIT50_1722,26,0,"ok now [PERSON] do the exact same ""Loss ratio"" for 10 women all going to war with each other (i.e [PERSON] against [PERSON])  now do the same for 10 men all going to war with each other (i.e men against men)  what is the loss rate for women and for men?  ITS FUCKING EMBARRASSING [PERSON] HAVE TO BE WALKED THROUGH THIS LIKE A FUCKING IDIOTIC CHILD SMALL STEPS EACH TIME BECAUSE [PERSON] ARE TOO DENSE TO REALISE ON YOU[PERSON] GET SOME SELF AWARENESS   >[PHONE] me what [PERSON] will, but your lack of comprehension doesn't make me the stupid one in this exchange That would be [PERSON] and  >Now are [PERSON] going to continue to ignore the comment where [PERSON] bitch-slapped [PERSON], and explained your original faulty reasoning? Of course [PERSON] are Either [PERSON] didn't get it, or [PERSON] are embarrassed by your own stupidity, so [PERSON] have to double down on calling [PERSON] an idiot Either way, [PERSON]'re a dumb cunt Don't reproduce  lol the fucking irony, all [PERSON] are doing is confirming to the world [PERSON] are an even bigger moron than [PERSON] originally gave [PERSON] credit for  [PERSON] genuinely think [PERSON] might have a learning disability, [PERSON] are literally that stupid"
REDDIT50_1723,42,1,"> Now are [PERSON] going to continue to ignore the comment where [PERSON] bitch-slapped [PERSON], and explained your original faulty reasoning? Of course [PERSON] are  Nailed it [PERSON] also didn't answer any of my questions In the scenario [PERSON] just laid out, [PERSON] out of ten are defeated in battle, or 30%  [PERSON] have yet to demonstrate any comprehension of anything [PERSON] have said, or of the original comment that [PERSON] claimed [PERSON] didn't think through [PERSON] have not said how [PERSON] thought any of it was incorrect [PERSON] haven't walked me through anything [PERSON] just keep ranting, because that's all [PERSON] limited intellect is capable of [PERSON]'re a dumb fucking cunt, and that's all [PERSON]'ll ever be If [PERSON] think [PERSON]'m confirming anything to the world 15 comments down this rabbit hole, [PERSON]'re an even dumber cunt Nobody's following this thread; nobody cares."
REDDIT50_1724,26,0,"[PERSON] genuinely are the most stupid [PERSON] i have ever met in my life, so stupid its actually depressing (genuinely depressing)  dont believe me? take this conversation to a [PERSON] and [PERSON] will show [PERSON] S-L-O-W-L-Y with sock puppets just how retarded [PERSON] are becuase its pretty evident [PERSON] are so fucking stupid [PERSON] STILL CANT UNDERSTAND without some specialist intervention why what [PERSON] have wri[PERSON] is so idiotic and demonstrably wrong (despite it being teased out and walked through at [PERSON] at length)  I would honestly guess [PERSON] are in the bottom 5% of [LOCATION] intellect wise ([PERSON] are genuinely that dumb)  [PERSON] am embarassed for [PERSON], as is anyone who reads this conversation who isnt a moron, may [PERSON] have mercy on [PERSON], as [PERSON] [PERSON] are going to have a VERY hard life with the shit [PERSON] have for brains."
REDDIT50_1725,42,0,"Still not explaining how [PERSON]'m wrong [PERSON] told [PERSON] in excruciating detail how [PERSON] were wrong, and [PERSON] got nothin' [PERSON] haven't addressed any arguments, because [PERSON] can't [PERSON] are a failure [PERSON] would be disappointed in [PERSON], if they weren't also retarded Continuing to call [PERSON] a [PERSON] would be an insult to [PERSON] everywhere."
REDDIT50_1726,26,1,"[PERSON] ARE LITERALLY AN IDIOT!!!  >Still not explaining how [PERSON]'m wrong  [PERSON] was doing exactly that showing everyone what a retard [PERSON] are step by step but [PERSON] are such a retard [PERSON] cant even comprehend this small fucking thing   >ok now [PERSON] do the exact same ""Loss ratio"" for 10 women all going to war with each other (i.e [PERSON] against [PERSON])  >now do the same for 10 men all going to war with each other (i.e >men against men)  >what is the loss rate for women and for men?  No answer just [PERSON] being a full on retard and mid way walking [PERSON] through your stupidity [PERSON] cant even answer basic questions whi[PERSON] are part of the walkthrough  i knew [PERSON] were an idiot but [PERSON] a learning disabled a genuine retard [PERSON] cant even follow a fucking simple conversation!!  My GOD this is depressing [PERSON] are so thick  Have tagged [PERSON] as ""[PERSON]"" on [ORG] and will be ignoring [PERSON] completely unless [PERSON] can actually fucking show [PERSON] can follow a simple conversation ([PERSON] are so thick [PERSON] cant seem to even do this)  [PERSON] HAVE NEVER MET SOMEONE AS RETARDED AS [PERSON] (SERIOUSLY)"
REDDIT50_1727,42,0,"[PERSON] expect [PERSON] to read your semi-literate rantings to decipher what [PERSON] are trying to ask [PERSON]? [PERSON] need to immediately pass your pop quiz when [PERSON] didn't answer any of mine? Fuck yourself! [PERSON] answer a question with a question, and [PERSON]'m the idiot because [PERSON] choose to ignore your question Nope Not going for it [PERSON] [PERSON] dismantled your feeble ramblings, so [PERSON] aren't even trying to make a point anymore Pathetic."
REDDIT50_1728,26,0,[PERSON] are literally a moron
REDDIT50_1729,42,0,[PERSON] are literally a shit-flinging monkey.
REDDIT50_1730,26,0,>see previous comment
REDDIT50_1731,4,1,"If [PERSON]'re talking about what [PERSON] think [PERSON]'re talking about, the [PERSON] is trying to expose this [PERSON] as the one responsible for the tweet (note - with zero proof), because he app[PERSON] wrote an article critical of [PERSON] in [NUMBER] and follows [ORG]  Also - it's not just that [ORG] has been talking to people  > But the harassment hasn’t stopped I’ve been informed that employees of the [ORG] are facing a barrage of abuse both online and offline over the tweets, some of which is directed towards their families  Remember the kerfuffle when [PERSON] went full retard and 'exposed' a random [ORG] employee to blame for the ME:A facial animations? Because he's a [PERSON] who didn't know that 'animation lead' doesn't mean what he thought it meant."
REDDIT50_1732,4,0,"> Comparing facial animation, a collaborative work, to a Tweet Not the same thing  [PERSON], [PERSON] has a social media *[ORG]*, rite?  (and [PERSON]'m well aware of [LOCATION]'s [LOCATION] moment - [PERSON] was one of the peop[PERSON] dragging him for it and sending him DMs to yell at him about it [PERSON] ran with some stupid shit that it seemed like half the [LOCATION] was talking about at the time.)"
REDDIT50_1733,47,0,They did not Our numbers have continued to increase steadily following the banning of that sub [PERSON] saw saw no uptick and no reason to believe such a thing   Quit being lazy and formulate a better argument.
REDDIT50_1734,47,0,Don't take your anger out on [PERSON] because [PERSON] attempted to lazily smear an entire sub.
REDDIT50_1735,32,0,"> So I guess this [ORG] is just entirely anti [PERSON]?  > [PERSON] wasn't smearing an entire sub  Hmmmm, it's almost like [PERSON] did"
REDDIT50_1736,32,1,"[DATE_TIME] [PERSON] got called [PERSON] by a [PERSON], weird day indeed   [PERSON] don't know, one would assume that the oldest reckless faggotry of calling [PERSON] would be known to be very old and taken as actual insult over [DATE_TIME], as much as sandwich jokes for feminists or watermelon jokes for blacks, who the fuck would have guessed roiiight ?   Just in case you didn't read the rules, i'll copy paste t[PERSON] first 2 sentences : THIS IS NOT /R/BEATINGWOMEN [ORG] is not for misogynists, racists, or otherwise douchy types of individuals  So, dear [PERSON], next time you have the genius idea of posting the most meta shit on any [ORG] just to larp as some [PERSON] being amused of said [ORG] so called ""triggered"" status, [PERSON] could consider not doing it and, instead, lick some [URL] or at least try to be original when you throw some shit ? dude you serious with that roasted/salve on burn shit ?   No hard feelings."
REDDIT50_1737,2,0,"The [ORG] actually cared about things, often too much That's what drove them ""Saving"" [PERSON] from sins and hell To the point of lunacy  [ORG] care about nothing but themselves and their power They will destroy everything in their path because of it Nothing is sacred and there is no line."
REDDIT50_1738,2,0,"> If you used the word ""faggot"" once during a drunk-stream [DATE_TIME]  Never forget the [ORG] drive who lost a [ORG] because [PERSON] said something racist before he himself was even born  That's the level of sin they will assign to someone"
REDDIT50_1739,35,1,[PERSON] likes to trigger liberals/retards on [ORG].
REDDIT50_1740,32,0,"> There was actual [NRP] shit, porn, child porn, libel, slander, etc  You make it sound like this isn't the case on any other social media."
REDDIT50_1741,35,0,"Low standards is being with a flat chested, flat-assed white girl [PERSON]."
REDDIT50_1742,9,1,[PERSON]'m **SO** inclusionist   except for [PERSON] CUNTS!!!!
REDDIT50_1743,29,0,"[PERSON], [PERSON]'ll raise the kid."
REDDIT50_1744,44,0,"[PERSON] just found myself pondering something..  There are [PERSON] in [ORG] that are ""gay for pay"" but identify as straight  [PERSON] don't think [PERSON] have ever heard of a [PERSON] sucking even she-cock on camera for [CRYPTO] whil[PERSON] maintaining the [PERSON] identity  [PERSON] appreciate your heavily anticipated insight in this matter."
REDDIT50_1745,44,0,[PERSON] make sense  > [URL] [PERSON]..  [PERSON] have like two bucks  Wanna do some gay?
REDDIT50_1746,44,0,[ORG]
REDDIT50_1747,44,0,[insert [PERSON] PTSD Spongebob meme here]
REDDIT50_1748,40,0,"\\>[NUMBER]   \\>[ORG] has been split into a humiliating joint partnership between [ORG] and [ORG]   \\>it's raining in [LOCATION]; a group of censors for [ORG] are to greet their [PERSON] from [ORG]   \\>instead they're shown to a dark [LOCATION] and made to wait there for [DATE_TIME]   \\>no [PERSON] to be seen in the [LOCATION]   \\>the lights turn out, [PERSON] files out; they seem to be packing their desks, too   \\>come [DATE_TIME], the terrified [ORG] receive a conference call   \\>""Hello?"" one says into the [PHONE]   \\>""...[PERSON],"" says a voice at the other end ""I'm afraid [PERSON] will need to understand [NRP].""   *[CRYPTO]*"
REDDIT50_1749,15,0,"[ORG]'s had financial problems for [DATE_TIME] at this point, banning waifus won't help but it's not going to kill the [ORG] anytime soon Look how long the [ORG] has managed to go on and on and on with so many trash films that not only do poorly critically but commercially"
REDDIT50_1750,15,0,"> And their [ORG] is the shining jewel of being consistently profitable, now they decided to put a bullet in it  Not sure what [PERSON]'re saying there  > Telling every [ORG] that they need to contact their [ORG] at [DATE_TIME] and talk to them in English in order to get their [ORG] approved for the [LOCATION] is going to hurt badly  Of course it will hurt, but it's not going to hurt as much as losing all the PSone and PS2 profits on PS3 did And it's not going to hurt as much as their [ORG] does all the time and has been for [DATE_TIME] People have said [ORG] will be dead soon for [DATE_TIME] at this point   Being retarded about [NRP] games isn't going to just kill [ORG] instantly Companies as large as [ORG] can take a massive beating and keep trucking along  > And [ORG] has been such a massive drag on their profitability that it's the main cause of them being unprofitable year, they needed to sell the rights to [PERSON] back to [ORG] to limit the hemorrhaging and that was [DATE_TIME]  lol, that's the only thing they have that makes them consistent money and they own part of the character itself It ain't happening If they're keeping [ORG], they're keeping [PERSON]"
REDDIT50_1751,47,0,"chill the fuck out, [NRP]"
REDDIT50_1752,47,0,yankee?
REDDIT50_1753,47,0,yankee doodle dandy?
REDDIT50_1754,24,0,"So another post in [ORG] that has nothing to do with either :   * Entitled [PERSON]/women trying to get benefits because of the fact they are women  * Feminism in any way, shape or form  Instead it's just a [PERSON] who did an harmless silly thing and got punished for it   Tell me again how this [ORG] isn't just a [ORG] for pieces of shit to post their misogynistic hate porn ."
REDDIT50_1755,24,1,"Tell me, at which point did the [PERSON] attempt to use her ""[US_PASSPORT]""? Does a [PERSON] try to use his [US_PASSPORT] every time he does something wrong too?  You people are so fucking dumb it strains belief."
REDDIT50_1756,24,1,"So out of all the options [PERSON] could choose to style your argument around , [PERSON] chose garbled  incoherence Nice  >   If [PERSON]'re in the way, especially of [ORG] with live ammunition, then your ass is gonna get pushed out of the way  Since [PERSON] can't answer what i asked, [PERSON] go with retardation Got it   >  This is equality bitch  Oof , [PERSON] with silly [PERSON] anime name trying to be tough online [PERSON]'m trembling   My fucking sides [PERSON] are so pathetically transparent and pitiful."
REDDIT50_1757,24,1,"So your idea of responding to [PERSON] is a basic random ""no u"" [PERSON], as expected from the average [PERSON] in this sub"
REDDIT50_1758,24,0,[PERSON] love how no one here can actually respond to anything coherently [PERSON].
REDDIT50_1759,25,0,"The [PERSON] was a touch [PERSON] and bitchy, but the game was still pretty good."
REDDIT50_1760,18,0,ooh thanks :D i only saw the [ORG] review and they did not like it a bit XD and i first heard of it off the [ORG] where the [PERSON] hated it :D
REDDIT50_1761,23,1,"[PERSON], without those [PERSON] probably would have never gone to [ORG] would have just laughed at him and said ""Why you crying about having sex? You a FAGGOT boy?""  Note: That's an exaggeration, but that's definitely what they would be thinking."
REDDIT50_1762,31,0,">[PERSON]  EVERY FUCKING TIME  Fuck you radfem scum   [ORG] [NUMBER] -  Because men are still human, you [NRP] wannabes."
REDDIT50_1763,31,0,"In my experience, it's nearly always a [PERSON]  Sure, there are some misguided [PERSON] raised males cast into the [ORG], but the majority is [PERSON] trying to play everyone against each other for female gain"
REDDIT50_1764,31,0,"Intersectionality is just playing [PERSON] off against each other to rise to the top of the progressive stack However, when they're in power and all those minority groups want what they're promised, they'll get fuck all Women have the power now, why would they help their former allies  Everything they do is about splitting the electorate to funnel voters to [ORG]."
REDDIT50_1765,15,1,"[PERSON] can't see the [PERSON] around them clapping?  [PERSON] don't see why it's an issue for [PERSON] at all, whereas [PERSON] can see why it'd be an issue for the blind  Also how many [PERSON] actually do have sensory issues? [PERSON] feel like it's not enough to change anything At what point do [PERSON] say, ""That's a [PERSON] problem""? Because [PERSON] can't change the [LOCATION] for a tiny minority of [PERSON] Loud noises exist   [PERSON] talking triggers [PERSON] [PERSON] being in the [LOCATION] when [PERSON] am triggers [PERSON] Please stay in your houses from [DATE_TIME] so that [PERSON] can shop without being triggered Thank you [PERSON] am oppressed unless [PERSON] are woke and let [PERSON] not be triggered Ugh, retarded"
REDDIT50_1766,31,0,Wouldn't that be great.
REDDIT50_1767,31,0,"Yes Why wouldn't it be? Imagine being able to have kids without having a parasite in your life  Imagine not having to worry if it's yours, or about child support or divorce or the 8,000,000 other shitty tricks women can pull on you."
REDDIT50_1768,29,0,"Uh they do, [PERSON] just did, that's the point."
REDDIT50_1769,29,1,"No the point is one way is acceptable to say, and the other gets laughed at Not both One actually happens and i am glad [PERSON] agree it is retarded It would be retarded to do to women what we ok doing to men, but we don't."
REDDIT50_1770,12,0,"[PERSON], [PERSON] work in a [ORG] in [LOCATION] filled with [PERSON]  [PERSON] get sexual harassed at least 10-15 times a [DATE_TIME]  That's just the sexual end, the racism is even worse  But they're women and they're brown so it's okay...."
REDDIT50_1771,0,0,"This is the equivalent of being completely alone with [PERSON] in a [LOCATION] and letting out a deafening fart When [PERSON] look at [PERSON] and say ""what the fuck?"", [PERSON] just say ""what? [PERSON] didn't let out that hearing-damaging fart.""  For real, they're either too dishonest or retarded to understand how their own ""where black pplz at?"" comment is a loaded question that implies racism Nobody is that stupid and it's obvious to everyone else; [PERSON] just look really stupid by trying to deny it."
REDDIT50_1772,29,0,Ass cancer is pretty funny Just read [PERSON]'s tombstone.
REDDIT50_1773,29,0,"""[PERSON], my choice, even faggots get a voice and HPV."""
REDDIT50_1774,25,0,If the dumb [PERSON] tried and a [PERSON] got involved I could see the [PERSON] just imprisoning the [PERSON] as punishment because [PERSON] couldn't pay genna The [PERSON] is clearly insane and belligerent.
REDDIT50_1775,12,1,These cunts should have to register as sex offenders  This shit is stupid.
REDDIT50_1776,47,0,yes yes he is
REDDIT50_1777,9,1,>hated women [PERSON] hate everything  Without looking at the hashtags [PERSON] knew [PERSON]'d find [ORG]  What an absolutely miserable bunch of twats.
REDDIT50_1778,49,0,"the black male rape myth is a massive lie we even managed to elect the biggest cuck on the planet despite his pressuring the [ORG] to 'execute' a group of kids that were merely in the vicinity of a [PERSON] being raped in [LOCATION] He helped an [PERSON] stay out of jail, and rape/murder numerous women Even though the [PERSON]'s DNA matched and he says he did it alone, [PERSON] still thinks the kids were guilty  Isn't that fucking insane that [PERSON] still got elected? [ORG]."
REDDIT50_1779,49,0,[PERSON] is a stupid CUCK
REDDIT50_1780,49,1,[PERSON] like how [PERSON] think [PERSON] are whatever sub [PERSON] post in with every reply [PERSON] receive im reminded of how retarded [PERSON] are
REDDIT50_1781,12,0,So strong  So Independent.
REDDIT50_1782,11,1,"[CRYPTO] is starting as far as [PERSON] know, and [PERSON]'ll be getting tons of bribes  I'm sure this [PERSON] will be just fine  [PERSON] will probably do a [ORG] or [ORG] to start bilking [PERSON] out of money as soon as possible."
REDDIT50_1783,47,1,"""totally not retarded [PERSON]."""
REDDIT50_1784,12,1,"Oh look, [PERSON] trying to play the sexual assault card  Did these cunts ever read the [PERSON] who cried [PERSON]?  Or do they think they're immune because it wasn't the [PERSON] who cried [PERSON]....."
REDDIT50_1785,44,0,[PERSON] here with that fatphobic hate!
REDDIT50_1786,44,0,Limited as fuck data situation [PERSON] am in the [LOCATION] feeding a [ORG] [PERSON] takes food from my hands but is still cautious  He is really wanting to get in the house.
REDDIT50_1787,44,1,[PERSON] used to always chase them off with a broom  [URL]  e: unintentional house nigger joke realized  [US_DRIVER_LICENSE]: I have some amazing pics of [PERSON]
REDDIT50_1788,9,1,"Well clearly [PERSON] DO need [PERSON] to adopt these kids  Doesn't speak well of [PERSON] does it, [PERSON], that [PERSON] care more about color than the welfare of the kids  [PERSON]."
REDDIT50_1789,21,0,"There's a lot of this sentiment going around twoX A top rated post was about  ""[PERSON]"" who turned around and punched a [PERSON] who was following a [PERSON] another was called ""[PERSON]"" and was about women attacking their [PERSON]   both posts were obviously fake advocating dangerous violence the idea is that women should take control of the situation the reality is frequently different nobody seems to care [LOCATION]."
REDDIT50_1790,23,0,"Wow, no white knights, no  cops, [PERSON] even came in with the stick-assist They fucked with the **[PERSON]** That brick didn't do shit to keep [PERSON] from getting pounded into the ground The [PERSON] in blue had to hold him back just to keep him from accidentally MURDERING a [PERSON] LMAO."
REDDIT50_1791,23,0,"Exactly, [PERSON] am not even going to explain to [PERSON] why [PERSON] is wrong as fuck."
REDDIT50_1792,23,1,"LOL /BLOCKED Go away [PERSON], you don't exist anymore Go REEEEEEEEEEE at [PERSON] I'll never see your bullshit anymore :)  Now go ahead and reply to this, prove to everyone that [PERSON]'re stupid enough to message people who will never see it HAHAHA."
REDDIT50_1793,20,0,"[PERSON] sound triggered  Did your sippy cup run out of soy milk, [PERSON]? 😢"
REDDIT50_1794,20,1,"Don’t cry too hard into your [PERSON], [PERSON]! 😆 😂 🤣"
REDDIT50_1795,20,0,Yup  U mad 😡   😆 😂 🤣
