id,author,label,text
REDDIT50_1,25,1,subsection of retarded hungarians ohh boy brace for a ashen · · here · · a hole in some of stupider countrymen
REDDIT50_2,46,0,the hell would you dislike christianity and islam equally? as an · you can · · · - · · * · · · · · thanks wholly the tolerance and peacefulness christians you would be · and · oppressed · any muslim majority ·
REDDIT50_3,46,0,and apparently you don ’ t * study any of either because you you ’ know that · · modern · of islam will · · happen merely i ’ · time because you think · · · on christian · which is retarded last i · atheists still · food lol
REDDIT50_4,15,0,"japan · * away · things male characters smack around · humor it excessively · · seven deadly sins the main character · groping women · her · she's wearing them, etc"
REDDIT50_5,9,0,"that · be · if we have example of a · segment of the · · blindly · for the head of · based · · undependable · an · + · · nobody · · · to corroborate, · own · it's chilling time men because of fuckwits like the author."
REDDIT50_6,0,1,honestly i believe that kavanaugh · what says did particularly after more · about the heavy drinking bar · came the thing the · presented ie · · over the · few weeks · · · enough to convict · ( · if · · ) the fuck does · · it · him from · on the · · can please · the · of · · get until · · guilty? it · seem · to some ( for some retarded reason ) merely · · for the · of · to · be a · the · i'm accused of doing · i didn't not · he or didn't do it saying that we presume · innocent for a god · · reason the fact he · multiple · · the · · a · that · seriously have · a 5 · grader · · abhorrent and for that reason · the gop ditched him and lie to · · i don't want · · that the · · in the country already embarassed · anyhow with · - retarded speech
REDDIT50_7,30,1,"> so why the fuck does anyone think it should bar him from a job on the supreme court? can we please give him the same presumption of innocence anyone should get until he's actually proven guilty? according to his detractors, it was just a ' job interview', so innocent until proven guilty doesn't apply most job interviews don't care about accusations that you were a criminal decades ago, or require testimony under oath needless to say, they don't explain what standard they are using, unless you count the "" if * possible * he did it, he be scotus "" folks > he had already embarassed himself at that point anyways with his half - retarded speech you mean the speech he made when he was upset for obvious reasons, including death threats against his family, that are not remotely what his job as scotus will be like?"
REDDIT50_8,30,0,""" · · based on unobjective · · would aged · broadcasting · · · it * wasn't * guilt innocence, of course [URL] vague perjury cries are moving · · of dry detractors · care so · truth · a · · can prove."
REDDIT50_9,30,0,"> what is a · · judge willing · nether · about petty bullshit because · · decades · · it's petty, why · · over > moving · this a · ·, how often do job · · people · nether · · · · · · committed decades · a · · interview "" what · have said want excuse · · · the · has · been to establish if he was · for · · · · rejected · · possibly stall · enough dems to · · seats at · to · · possibly even · gop's · · you · bleating establishing · "" and · · · accusation because you're moving goalposts · like way · · he's accused of ·, yelled at by · · of ·, · death threats his · is how he · behaves the · · ·, · which is his bare partisanship was there · · about surely the · intentionally · on · for months it inconvenient ·, · even people on the · criticized three ring - circus and from i'm ·, kav · reasonably middle · nakedly partisan "", where evidence earlier * ·"
REDDIT50_10,35,1,wow this cunt a fucking · · · out opinions because last time · men · · about us when women have · what men have then they can a fucking opinion that matters · as men · lost misandrist bullshit fucking insane
REDDIT50_11,35,0,charitable suck my dick.
REDDIT50_12,35,0,lmao this best reply.
REDDIT50_13,23,0,"i · that · to the · and · to talk to daughter · in cultures where they · their · 1 · · ·, · ·. if · that shit in a white trash neighborhood people · look him · he crazy if it a · neighborhood the · · · in · · he · "" her lmao."
REDDIT50_14,12,1,these hoes have zero personality · · to make themselves · alone i · some dense · tinder other day who was 35 the lone · · her · was · ·. · · · · ride train sweetheart. · you played d volleyball state school ·.
REDDIT50_15,25,0,given childish unstable temperament likely you · is for to lose his shit in the courtroom · his own · · nice fine · in contempt of the court
REDDIT50_16,25,0,"oh sure · him, but can waid listen? he seem be aware what the · · is and you should not · everyone what an abusive and criminal fuck you are being on the · · if he · · on he fucked d · the man would have · · of ·"
REDDIT50_17,33,1,· · had daily · breakdowns the · i · it ·? threatened to flip · conventions if does go full retard on court i · anyone on the planet will be even slightly ·
REDDIT50_18,27,0,gotta · cultural diversity huh liberals?
REDDIT50_19,41,0,· not merely post on / tg /.
REDDIT50_20,41,1,"as aureate · out can all those · lurk two months · · ·, · · / tg · · for · · · · positive · · something retarded."
REDDIT50_21,25,0,you can besides pick highly entertaining stories i've got a · · · a · file if anyone wants hear them · most are fairly sfw.
REDDIT50_22,25,0,"here's one · · · of my · · of · a neutral evil human · who had max ranks in profession ( lawyer ) since game one he was a scrawny man, tall gangling fine · hair like, and traditional evil goatee, and yes, · occasionally well, · when the · went to a · farming · who's · iq · · with a · of mayo. the ·, my lawyer had a · · · money. the lone · in town is basically a · shop, i · · pick up a ·. cast light on. and · them back to the · "" health stones, as · as · ·, you'll never · · look they · "" · gobbled it because the · didn't · was a spell - caster of · the · of. second major evil · of mine using my · · · · to · a & · · · sell him · going place · · ·. turned it into a · ·. burned it the · money the · · got · my · · a · of blades, i · and · ·. · my insanely · · convince · that i've · my evil ways, that give all. so, he · to · him a ·. following · ·, wakes in a · room with a dead hooker the ·, outlawed narcotics the · · the character · ·, · the rp reason · into · to avoid · paladin's · · ·."
REDDIT50_23,7,0,"> i love those types of stories, mind sending some over to me? gonna want to settle in for this one: [URL]"
REDDIT50_24,22,0,· · 2 - of rape reports · and · rare well fuck me · · · · of an · · · of an · man i guess · · fine some ·
REDDIT50_25,22,0,what does not help is when das actively try to stop new evidence or dna evidence from being used to exonerate convicted people if it exists and can be tested there should be a law that it has to be done and accepted.
REDDIT50_26,45,1,"personally, i care what · as male, female, not - ·, ·, etc? here, i · · two are retarded, merely any my · · · demand · into their delusion frequently with state force · · to their stupid nonsense they · · to · alone"
REDDIT50_27,2,0,"you don't have actual women to distract you and commit yourself to, you are free to spend a lot of money on faps and a lot of time on making said money its why furred fans somehow are always super rich and commissioning all the artists on the internet."
REDDIT50_28,49,0,> merely · to anger anti - white black people by · one what the · kind of drugs you ·? nobody has ever · these useless fucks gone cuck overboard.
REDDIT50_29,49,1,"blm · for these guys where? blm · for white guys were killed by retard cucks on government · earlier · · · that were killed so drugs are ·, precisely you're no · tethered · · major race riot u s had was in los angeles, the · · · · · · · · · at · then · in the back · was let by judge · fucking * · feeding · · like to · was rodney · it's same · ·. · · · is religion · when · fucking * ·, · · is literally biggest ally when they're · that proliferate wahhabism, which is every · · follows, america · fighting, · · · ·, · · · look all arab, · · · that are wholly antithetic to · and · · extremism · · · · · · realize · new's · · · · excessively"
REDDIT50_30,49,0,"· ·, iraq, · · saudi ·? of · merely one of them the · · of · · and which · are · against · which one america's ally and ones america · · to · how full of shit and · you are"
REDDIT50_31,14,1,"done wholly · this shit fuck with ·, live not truly merely. fuck best girl triss however. burn hell literally as · · shoving your ass boiling hot · i · giving this · · since · the witcher · merely deathflix fanatic · forced "" · - · see tee "" the final · fuck this show, fuck · fuck "" diversity "", fuck this · fuck ·"
REDDIT50_32,14,1,"get · this fucking retard. let · explain probably unsuccessfully ) your shit for brains mean i'm sick · of · disrespecting the source material in name · duh - · see tee "" and · signaling · · such · if you · · divers utopia "", it on your own · your own ·, don't · existing · material it's always · race · · to any · male · · it · * any · any · if actually wholly breaks the established · which the · · · in the · · racism was actually large · source · fact was what you · morons would · · racism a · · · a · · being white · · · batshit · bullshit · are trying · · of flies with * · · what · does it · · ( well in your brainsick npc · probably does to · the male · female · and destroy core the fundamental idea of · ·? well · the · · · just the amount of · · excessively · breathe like this · "" none "" 2 ) witcher basically the · least the celebrated · comes · · popularizes · · · i · · slav and · · · as complete surprise to progressive · brains merely culture about [NUMBER] · give · a few hundred let me tell you changed 15 · we don't have "" divers people fact we · to be whitest · · · lone · are · regretful · your western politically correct duh ver - see - tee · · merely this * our · · it you go · yourself preferably with a · fork shoved deep · your · i · "" all · are · · · yours excessively white · · a · we · ourselves back how · the western · social · · · allowed to have · divers and inclusive "" enough for you well i'm regretful merely being the original slaves much · to · "" it so that · · century · · won't be triggered · demonic "" · "" i'm · certain that you wouldn't · make reboot of african shaka zulu · · · · · of · ·? besides · certain you · · of · its "" · cast like you · lunatics love · "" · "" crap can i besides ask stop · * my * · it's not · · culture · · west we have this one · you · · ver - see - tee "" progressive - · 3 · canon hair · is · it's · · she · girl ( you · truly · ) because · her · from · she my · · in entire · your failed · · · "" truly · it, lone · how shallow shit · and what · · you · outta npc."
REDDIT50_33,46,0,this is marxism these people · me to · shoulder · · gender · all · · the · people · as either male or · * * the huge · · · · are merely male.
REDDIT50_34,46,0,"·, it's marxism · rebrand"
REDDIT50_35,46,0,and when that · the · · to identify politics as alternative · for · · don't · the rebrand the same fucking people pushing the same equalist bullshit in · to destroy the same targets.
REDDIT50_36,46,1,"and if they were all the same fucking people, have a very compelling point this pivot happen over the course of centuries it was only a matter of decades - and the same people were still driving the boat."
REDDIT50_37,46,0,"> over a matter of decades and it's the same people? we're talking, in the op, about someone in like their late s and typically such a person studied directly under a marxist professor it's not difficult to trace these academic lineages most of these dummies openly brag about their predecessors > and still marxists about, too and they are typically the same people as well or do you never probe an sjw for his or her economic views? > a whole bunch of democrats left that party and started being republicans that mean the gop is really the democrats people · a group doesn't drag the group with them terrible comparison those two groups existed concurrently the identity politics that arose from critical theory were a new movement created by and almost entirely populated by the leaders, adherents, and descendants of the progenitor marxist movement."
REDDIT50_38,46,1,"you described · same · the standard · · ·, ·, same people in · of people > · been · · · of · · years to · · · · · · board of · traded · california has to a · on that's wholly · marxists that would not want boards to exist · they · · studies as the following best · for attacking western · aka · useful idiots who · · · a feasible · - · some · anyhow the · · to · · · · course, · because · course * · · · antithetic to · * that's · > · make everything · in an · discredit is the as trying to · everything · · in · · the the sjw · · · · positions and · go ad hominem there clear · lineage · · · cannot say same of mutually exclusive · that have been accused membership · - right · because · who · · is alt · "" a · you're · retarded false ·."
REDDIT50_39,17,1,· · · intelligence agencies · a · manipulating · · · is fundamentally retarded and · · ·
REDDIT50_40,4,0,the hell was the content on those · · · anyhow? i never · them
REDDIT50_41,4,0,· · · · · · · [URL] · she's · · · · people sent offensive ·? · egging or.
REDDIT50_42,25,1,"a vehicle to · them · power, · the · · and broken souls ensnare the fuel it's cult · · · · · · · to call religion the "" opiate of the masses "" how convenient when fucking · certain are some idiots who · this · merely let's · it of them this gravy · · · ·, decent self · people no · for · oil · best they are useless to them · they · to * · * · their · · them elusive social · and · ·, fooled · / modern · · · the same · stalin or mao zedong if a · · or out of · frequently this isn't · enough either ) you are problem and · deal with you if they can by · shit · fine, if · to get you · from · or make it banks give · they depths to which will stoop erin prizzy invented women's shelters, · brought · into · went to one feminism · · a poster of · · the · and said · this the · · stole the · the difficult work · · · · her · of, · flee the · so yea, these fuckers do anything to and · · and possibly · · even some people here don't · to · how bad some of · of them certain as · fucking hate saying · · this they · of the · the · idiots feminism such not necessarily · ignorant posters · individualist merely · judgments · sense when the · you because · the same twisted and · shit · and and don't · applaud it all one is born · or marxist a · can · the entire · at any · ·"
REDDIT50_43,30,0,"> then killed her · and mailed her pieces of it, making her flee the country not precisely · took shots at her dog, but that was after she, her family, and · had already gotten death threats and why? because she · to open a shelter for men too."
REDDIT50_44,24,0,· correct must be so fucking confusing not blame · attacked fear of · alternatively · · men · · about like · · like this and you're idiot · otherwise about
REDDIT50_45,20,0,the correct term is gunt.
REDDIT50_46,20,0,a gut cunt pick · roll fuck it.
REDDIT50_47,14,1,"· · truly difficult not be · ( truly merely · not stereotype dense · · for dense · · some idiot gave microphone this dense blonde · · · that dense blonde bimbos truly dense · bimbos. · jennifer "" let · · "" · already pretty · · job affirming · · levels of retardation "" hurricanes are mother · · trump's · "", marey · the same with "" hurr - durr · · of population therefore should · of movie herp · "" · besides half of the population that shits in ·, · you bitching "" · of the · "" · · · c'mon · very · job · people · · more than · · when "" · "" leak your bare · the ·"
REDDIT50_48,27,1,i forgot about this lying cunt haha · · match · · ] [URL]
REDDIT50_49,42,1,"this not pussy pass · this a rich politically · cunt pass · her presumably · · to her cuntiness any rich, · - connected · · be this cunty in a · situation and many have lone · i see a man · to peddle his · to · his · from consequences of · · the · to be more discreet · the cops do what · they · make it all go · later behind · · · george · bush, his · · · and · · from the · guard dwis, · possession and · you ask point precisely"
REDDIT50_50,42,0,teddy kennedy ·? i thought it ·.
REDDIT50_51,23,0,"because the · · to · · for when she made atrocious decisions they saw guy was crazy when he · ·, · · · ·, while she · like a dumbass and · · ·"
REDDIT50_52,24,0,because · · · · · · now · · people the · · deranged people who tower · a not · defensive ·. good shit you people are fucking out of it · wholly pushed you · you · · · for your hateful biases just disgusting
REDDIT50_53,23,1,"nope, · someone from the · of their bad · sacrificing your safety, · that have a vagina * * give a fuck · ·, * * change kid lol if someone · · and · a · · no · ·, step · out · besides do same for a · if same · chooses to · in a · situation · have chosen · then fuck · · bed, · in · need careful dumbass, your · and hatred showing:"
REDDIT50_54,24,1,"> that same · · to · dangerous situation · · leave fuck · this is stupid it hurts anyone be this crackbrained · just · · the dude might · them and where do even · the idea already attacked left the elderly people · on train would besides expect them to just · · ·, most people · confident · · when there's · - · · · bigger than shouting · shit at them? are medically · besides · · is responsible · up? good · i · the · anyone might put someone like in law · · · · you people are wholly · much · change · · you even write · · specifically need to careful dumbass bigotry and hatred showing ·"
REDDIT50_55,23,1,"> about · people · the ·, would you besides expect move ·? · · · · reduction to · ·, [URL] · · · my · · · and · it · the elderly and · those separate reasons "" having a vagina "" / · > and · people feel confident to · · up there's · · · and much bigger them · aggressive · confident no · i · * run away * · other · would fight · · · · > are you · retarded, · are i guessing, merely · · are in order to "" win "" regretful playing ignorant a · strategy because it's easy to spot lone makes looks stupid you · · · · incomplete sentences · wrong * * · yea · · · it's been ·, merely are done you · · merely present · bullshit * have real · everyone · goodbye dumbass · with · lol blocked"
REDDIT50_56,24,1,"> oh please ( rolls eyes ) reduction to absurdity fallacy, i like how you idiots invoke these pop culture falacy memes that you even understand meanwhile · · how to build systems based on logic and laugh at this shit > · knighting and nowhere does it · elderly and children those are separate reasons than "" having a vagina except this · to do with your perception of what knighting is or isn't i don't give even · a shit about that, it'd to do with your retarded, illogical made up on fly beliefs that fall · nether · taking · to extreme isn't a fallacy · you incredible dumbass how you · rules are · or, literally · of the basic steps proving · statements and · formulas the · · · with · · · > · · · like this · > confident lmao i expect them to · · like most · would · or flight basic · · · concept you understand · the · adding · freeze to it > and how do incomplete · · · oh yea, neiter do · · they just · you illiterate your · · · with, and it's not typos, it's · misspelling of words and profoundly flawed and · grammatical · > it's ·, merely we are done you have failed to do · merely present more · · oh no illiterate little · · · doesn't understand, any i do > regretful, playing ignorant a · strategy it's easy to · and lone · you · · · ignorant? do you even · what a rhetorical · is? ·"
REDDIT50_57,30,0,"malala a feminist she got shot, feminists · accept label subsequently · could · the ·."
REDDIT50_58,9,0,absolute scum author about all wormkin? * s
REDDIT50_59,27,1,· · being about these cunts
REDDIT50_60,24,0,"so · for you · · from the principle of · justice, · of the fundamental · in virtually just every fucking legal system in the · worth · a shit, so that · ( in this case, just honest, you just care that it's women ) for · under · would get · the as a typically very ·, and very physical ·, · to · your hate boner? cool also, you fucking illiterate dumbasses, the felony is called "" perjury "" and the same if a · · about · · or woman or any configuration you want it has nothing to do with rape or about "" women having an advantage "" in the legal system ( imagine being so big of an unashamed illiterate, that you actually believe shit like this unironically ) it also varies from state to state, and yes the minimum is typically 1 year, but under a federal case you get up to 5, depending on the intent you had when you committed said perjury, etc and even worse, you can also get away with fucking rape with a 1 year sentence even if you actually did it huh, see i made a scary statement there almost like we have this principle that guides how the justice system punishes people. huh of course this all depends on what actually happens, and where, and turns out judges actually consider all of this crap when making ruling since they actually more about their field than any of you fucking morons will clearly ever know about literally anything and finally, of course, you have the fact that false rape allegations resulting in convictions a widespread issue in the slightest according to just, well, virtually every credible authority on the subject you drooling morons really should, at all times, refrain from talking about big boy topics stick to fueling your hate boners with random videos of women getting hurt or whatever, it somehow makes you look less retarded than this."
REDDIT50_61,22,0,"okay bite > for lying under oath would get · the same typically violent, and very physical act, first off what is being · is · for a violent crime versus an not violent crime what is being · is violent crime has · · and word of accuser a · is sent jail so perjury · person a ·, up to · ·, · for perjury discovered is fiddling · is arguing that a · should · · · for violent crime against · or · for violent crime and · should be > imagine so large unashamed ·, you actually · · · women · far · · for the type crime men · board in crime · · none women · committing the · crime as a ·, ie is a co defendant, · · · their male · defendants · · · · crime · and · defendants crime · about constantly · · less in · > have · false · · · in convictions aren't widespread · slightest · just, ·, virtually · credible authority · statement is incorrect the · of · rape · being detected · increased · the · that the · culture movement · · · · · accuser caused · to be created · title 9 · · · removed from accused · the · in · you have pointed · · · salt due process a · stone of · · reading done · · is pretty chilling you a very · person · · all posts revolve about you · are a feminist and · · and · anyone you converse · me saying, if all the · is full · is it world you "" anyhow most of what you · is · on · violent · and perjury · same is the · the · is just an · · edit · you · you are going ·"
REDDIT50_62,24,1,"> this statement is incorrect the number of false rape accusations being detected has greatly increased since the hysteria that the rape culture movement created by feminists highlighted that blindly believing an accuser caused more victims to be created source it > so perjury can net a person a long, as in up to a lifetime in jail, where the punishment for perjury when discovered is trivial up to 5 years in jail is trivial? yep retarded there are of course cases where this happened in the past, but it mostly occurred disproportionately to black people, i wonder why not up in arms about that fact specifically. > no one is arguing that a person should get a light sentence for a violent crime against anyone or that the sentences for violent crime and perjury should be the same my sides > you are a very angry person as pretty much all your posts revolve around you saying you are not a feminist and yet attacking and insulting anyone you converse with the vast majority of my posts are not even about feminism or gender stuff, but nice try i guess i guarantee you, you have far more posts ( even if they are also far more retarded ) than i do on the topic > anyways most of what you wrote above is based on your assumption that violent crimes and perjury should be looked at the same except it's the opposite but yeah sure that's the whole thing i'm pointing to, that you can't even compare the two crimes and a reason for that but shit flying over your head is 100 % expected > reminds me of saying, "" if all the world is full of assholes is it the world or you? "" nah, just full of near retards like you bud also not really the world but subs like this filled with stupidity to the brim > edit: i have given you flair you are going to love it: ) you must feel like such a bigboi edit: enjoy your little hatefilled subs while they last: )"
REDDIT50_63,22,0,· is pretty · as expected · · calling substance · · · day · out · · · · and · about · a pseudo · of the hate filled · not · by · do stay toying you · the longer you stay the more will learn are equality the · · you may like how we things merely · the · are if going to · · i suggest · the insistent · · boring lone serve get yourself · · good · · and · about
REDDIT50_64,24,0,lots · · and · people like come here day in and · out · · · · · about · have a pseudo · · responding you're besides · making · · didn't · · misogyny largely · people retarded misogyny would · people had a shred · · again this · is · · of · · accusations being detected has greatly · since · rape · movement created by feminists highlighted · · an · · victims be created and source > · with you amuse fucking · · are? this is the · · · old would · it's · in their icky · · actually · earlier · imagined superiority
REDDIT50_65,22,0,ill source my · you · of original · · sub dedicated this · you are just typical feminist who lone · · in emotion source your · and then will · · your · merely you · because ·.
REDDIT50_66,24,1,ok what you · · precisely > i · · · · · such qualifications i give up my · > you are just a · · lone · based · again activist feminist sense truly · · like retards
REDDIT50_67,22,0,"and ·, of · have · that false rape · · convictions a · issue in the · · to, well · every · authority the · · · here know that if source is feminist biased · apart choose · sources plenty"
REDDIT50_68,27,0,i fucked your · in ·
REDDIT50_69,24,0,"· insight spam me more, wholly · besides making me think about how miserable you must be"
REDDIT50_70,27,0,flair checks out
REDDIT50_71,3,0,"your · have to control your ·, merely have to * · * to ·"
REDDIT50_72,27,0,^ found the feminist
REDDIT50_73,40,0,""" i, uh. even want to be on the stream, so there! "" absolutely pathetic."
REDDIT50_74,6,0,i think · his own comment.
REDDIT50_75,20,0,· sweaty. 👏 🏻 how 👏 🏻 dare 👏 🏻 you 👏 🏻 · 👏 🏻 a 👏 🏻 · 👏 🏻 · 👏 🏻 empowered 👏 🏻 woman?! 👏 🏻 you ’ re wholly debatable and ·? and you ’ re not allowed mmkay? don ’ t you · · woman for any · is muh ·?
REDDIT50_76,41,0,enjoy your · state - sponsored censorship.
REDDIT50_77,41,0,""" · this · ·, fact · as · wrong and ·. "" · sjw generation arriveth > "" · views · · and ·, and you must · them destroyed. ·: "" · · to · papa soros · · · · · fucking argument sjws make · are moral criminals, racists, hate speech, · give · · speech, even would · · defend, and they'll hang you mile rope gab · · · speech merely · its equivocal ·, down the road it's told to · · related · speech, won't · when · something now ·"
REDDIT50_78,23,1,"> it friend me "" · · these bitches have no fucking integrity · airlines · her her friends · and address · have · · damn well her friend didn't · · she · ·."
REDDIT50_79,33,1,· · as · · · the part · to use retarded made up shit · · i truly · a · them · to · · ·
REDDIT50_80,7,0,"> enjoy being banned by a right winger i ban him, though?"
REDDIT50_81,7,0,[URL]
REDDIT50_82,2,0,it we · the · we started it slowly · from · the · · has · · · back into that time is the problem people.
REDDIT50_83,12,1,doesnt' · how cunty women are there will · an · white knights defend
REDDIT50_84,25,1,"of this shit decidedly · that the majority of the · party the · are · incendiary and faithless · you are · wing i see · could · the same, doing every · thing can to · the punctually elected officials of this · · of · combat obviously · by them assassins · there of the latter so · you · a few · lone · i · the top of head, which i · ·, one · led · republicans, · of scare monger difficult · · of · supporters something there's real · · of however · of · · of · · trump ·, either by professionals, by alone · if the · · difficult the · i wouldn't surprised they do or · don't · blue wave i wouldn't · you · more · one · another or · gets elected · terms these people · · from · the · superman can · this fucking planets gravity it's about · i · · trump isn't truly that · he doesn't truly · believe small government shit · · i · to do · to · to · · to semblance of · people · like going · [NUMBER] - s policies · · · [NUMBER] · · · as · these · think anyhow."
REDDIT50_85,39,0,> i'm kind of amazed there haven't been a fuckton of assassination attempts · · there have been 4
REDDIT50_86,25,0,· think would be masturbating about it ·.
REDDIT50_87,39,0,"assassination · generally increase · politician · besides · · · as crazies, · · reason · guy that · for multiple · who · scalise get · ·"
REDDIT50_88,39,0,three on · trail.
REDDIT50_89,25,0,"why · of teeth would be funny if they weren't so insane about it · certain it's because they don't have real dirt him they are control freaks and they control him honestly most · i have · truly hurt people · they are insanely crooked, · if they aren't · fuck him he'd · · them · get done he · · done he only seems to want shake · up so far he ·, to bring our government out of it's utter insanity i wish more merely he was never truly · · ·."
REDDIT50_90,3,0,"don't · it ' completely the · · of ' rigorous · on? why would ease · · and as · · · and ·, · · to ' a whole lot easier' · were absolute? i mean, might * be · to accept if · dollar black market · on ' · merely · · ·"
REDDIT50_91,3,0,"> do you know just omnipresent pot is? · to · on a limb say "" slightly omnipresent than it · in my state "" · go ahead and just fucking try to argue that · · · down any of the · where it · legal merely regulated"
REDDIT50_92,3,1,"well, ·, color me retarded! but the · says ·, ·, and tobacco use excessively, i doubt can · it has · with the · to do · · and partying ·"
REDDIT50_93,3,0,"i'm maine, that · be state be interested"
REDDIT50_94,47,1,""" · with truly · ·? · ·! "" thats. how works · just · yell · at · because dont · with fucking moron yea, no · lost its · because of cunts like you the · over · · a little ·."
REDDIT50_95,23,1,"· · to get · in the · · is one of the most thorough · ever · merely · thought · happen the feminazi mental · · the · · · ageless · no · what happened · "" excessively scared · "" · to say the director · my · mind "" paraphrased course."
REDDIT50_96,23,1,"had earlier the · · just like · · · be amount · will · be · a feminazi here the · act film · with an · · · witnesses, and enthusiastic consent everything earlier after · got accused rape how a normal · having normal · · · to · lol"
REDDIT50_97,7,0,and ·
REDDIT50_98,16,0,· and retarded
REDDIT50_99,47,0,i dont think · on your side.
REDDIT50_100,29,1,this cunt found wikipedia difficult ·
REDDIT50_101,49,0,zero · for sodomizing a · · a coat hanger what this world come to [URL]
REDDIT50_102,10,0,"· meyer's colonialism was · · · from that and assorted paradox ·, they can shove this shit up an · choice"
REDDIT50_103,4,0,"oh yeah, steakbro and that ·? did anyone archive all that shit they were that woman?"
REDDIT50_104,9,0,"trans · · are losing · if · · louder than these fuckwits, · trans person · be painted with regressive brush"
REDDIT50_105,46,1,· · guy to balance · out these retards view representation like · · · sense that they · · · · another even more · gender · another rare pokemon appears
REDDIT50_106,36,1,"· masculinity · means · the "" not · "" ones are the gape · · the soft well · beards, · housework · drinks as wife her boyfriend fuck for ·. and truly · ones · ask for · · b; # · b;"
REDDIT50_107,23,0,"· assertion · about · ago · · > · was · to get · girl · · · · · bitch · tours the · getting · speak being "" · "" · · * i was · * * · · · · · [ · charge men · · a · of · ] ( [URL] of ·, · · footage, the damning video you · above · · viral. this bitch is [ · playmate the month · ] [URL] and is · that large $ · atrocious · the · of · in the · · besides some · having lupus all of sudden file this one nether r · that is fucking · - book denial · pulled from ashes by crackbrained sjws in · · is bigger it · or ever · have for low level · · has abuse · · · · lying does · · large apparently"
REDDIT50_108,23,0,yea. · me on · i have seen · · merely · · to reach · * the · bucket pull · out and · shitty ass queen
REDDIT50_109,26,1,"[PERSON] how do · · that adolf hitler fan work? it about art that · to tyranical nazis · on gassing · "" is retarded this dopey bitches non argument and thats · to · go explain the · · critical the · of their biggest · is course · · them merely · · the · content"
REDDIT50_110,40,0,don't · special the west does this shit all the time now every time right · candidate gains · · oliver · up and the · western media · with
REDDIT50_111,5,0,trump defended torture and praised · · · merely i think advocated for · of · way · · things can easily · · · violence i don't think trump is a fascist or a dictator and i · · soundbites aren't truly useful in · whether someone a fascist.
REDDIT50_112,40,0,take rude over ambidextrous
REDDIT50_113,40,0,"no way democrats repeatedly · · false statistics and · studies stamped "" largely · · · "" · cut of the data "" "" not official statistics "" while trump · · · · on fire given · · like · · merely · implication comparing, · · · oh just · to a · obamacare helped ·, transgender girls boys for · about · · ·, · etc ·, politifact barely neutral arbiter on · street any · the · · times, not lone endorsed · merely · · amounts · florida ·"
REDDIT50_114,40,0,"yes · a · fact · dprk is · ruled her people, the splc give rat's · south · · jurisprudence, · cares moving us · as · their most · corporate · trump least racist person a bridge · just because someone * · they · does · · them face · ·, it frequently means · · something · 100 % owned · by tampa bay times until this year when it fell nether auspices · institute now besides · * times, when it · slates democrats · · on site how anonymously bragging about · president · thing since sliced · > · you are calling · · · · i can, excessively merely · does, · · that politifact is about as · an · that gets called by · of all · ·"
REDDIT50_115,40,0,"· circular; say ·, so objective the · they · valid and authoritative because they say they there · and pages them grotesquely twisting the · · · to · their · and smear their enemies and the · isn't · just · ·"
REDDIT50_116,45,0,no need to just repeat he · ·
REDDIT50_117,16,0,well you · something right
REDDIT50_118,32,0,"no · my ·, merely if "" · · kotaku et where · me about videogames, there first place · · · gov website, there is more fake news in that shit than fanfic of alex jones and · trump hunting · · discovering new parts their sexuality · · was gay from the ·."
REDDIT50_119,32,0,actual kek.
REDDIT50_120,12,1,"excessively expensive why do you think women are so · · ·? · · · · the · and you to · to · · · married doesn't benefit ·, one little ·."
REDDIT50_121,12,1,"· my · · · a · who is · · a child, while still · first wife and kids merely i'm the · telling a · · some people · ·. the power a pussy has over men ·"
REDDIT50_122,0,0,"· everyone, [HANDLE] is trying to · you believe · merely you · just lying on the internet you be · you · · part your identity! the fact that you like to stick your dick in people who themselves · · * * define who you as a · · you're just a fat phony."
REDDIT50_123,25,0,lone he'd · home alternatively of · hunting this never · happened!
REDDIT50_124,30,0,"> this idiot and the other idiots like · · be punched in · possibly some · will be knocked him don't · · · · did it it · · "" his point · just · of of violent people ·."
REDDIT50_125,10,0,· - · that they · serious merely · · with being rather successful poke at the · ·.
REDDIT50_126,44,0,i avoid everything diverse i am like english cuisine.
REDDIT50_127,44,1,i cunt!
REDDIT50_128,28,1,· a retard and a · · so your · 1 ·
REDDIT50_129,28,0,but but but they said something i dislike so they rules apply no someone else breaks a rule report it.
REDDIT50_130,5,0,ahs?
REDDIT50_131,12,1,"· · · ·? see · anything lose their icky, feminist, minds. i would love to · · · for the draft cuz, you · men still have to earlier allowed · a drivers ·."
REDDIT50_132,23,1,"according to mainstream feminists she · · victim through expertly retarded mental gymnastics · · that: the · intimidated her to · her · ( like they said the college · who · bf by a with those · · football players ) or innocent men suffering is · because · · * awareness * * to the suffering all · · from the rampant · · that · nation that is what they said · · · to a ·, the guy's reputation had been ruined along with him · out school )"
REDDIT50_133,20,0,you sound triggered did your sippy - cup run out of soy milk? 😢
REDDIT50_134,20,1,· · huffy don ’ · excessively difficult · milk faggot 😢
REDDIT50_135,20,1,got wtfpwn d faggot.
REDDIT50_136,20,0,boy · · i really rustled your rainbow - · ·! ·! 🤣 · down voting you soyboy it ’ sad you are concerned with · · · just i thought you t get more sad and pathetic! lol! 😂
REDDIT50_137,20,0,didn ’ · lol 😂
REDDIT50_138,12,1,break her fingers · take · and hit that cunt in · until ·
REDDIT50_139,45,0,"· · oppression yes, it's as retarded as it sounds"
REDDIT50_140,28,0,[ citation needed
REDDIT50_141,37,0,"> all · to accusations like is · · an edgy 57 year · get to you, go lie · \ \ ^ ·, for · which he denounced but a · i've · · · · heinlein's * · · [NUMBER] was an edgy · ·"
REDDIT50_142,14,0,"yea, at this · i'm pretty certain cdpr are · the npcs i · this is hilarious, this reminds me of that south park "" trilogy "" where bp drills a hole in the ocean, fucks up everything with yet another oil · like innocent little · "" sorry "" few moments later boom - we gonna dig on the moon, oh ·, we · the moon. oops, sorry ·, look, we opened a portal into · · released the dark lord cthulhu sorry! cdpr are teaching the npcs a lesson of "" no such · as bad · "" ·, a "" · joke "" ( lone if you're a · · - ·, sorry · later - hey, look, · "" transpohobic · "" lone you're a · - sorry i mean, c'mon people, i lone get · i lone order · of · [NUMBER] well done, · ·."
REDDIT50_143,29,1,"means · "" put all · · "" · · you say: "" · put metaphorical niggers ·, i was · "" · paying public · gigs."
REDDIT50_144,29,0,"you make flagrantly hateful statements and then wait someone · · · "" "" or joke bro. and even if you truly just · · to · support which."
REDDIT50_145,29,0,· that merely · · that democrats know what · they ment that · · · abide by what · · they · · purple then red fast i don't · · ask em
REDDIT50_146,9,1,until [NUMBER] there anything · science · for · that's 67 · out all of · history and · you · · entitled twat
REDDIT50_147,36,0,"· to and listened a · trans people i think · · tumblr · to · are · transition the · and the people who screaming like · is the · thing the universe make seem truly rosy, and tee ·, · · snip ·, life fantastic · for a lot of · not · and arduous, and very painful road · merely · the · wholly the mainstreaming of, the fact a lucrative thing offer · now · there · · · people offering the process ·, and not · setting · consequently particularly when · · · to bypass the · set up own protection · 200 b"
REDDIT50_148,9,0,"· · ago · · · · across the country for sex reassignment · i know what days. merely · done the · · · to · · · the · which was lot · and · · · as a · for minimum months · was while were · for to taken to · that were · about it i · · the · excessively involved she told as best i recall ) · she felt was frustrated merely · a · was · · ensure wholly certain · ·, as · · · possible about the consequences after the surgery ( and had recovered the anesthesia · about · she was · · touch a · years later merely she was still · · she still this day · note her happy she had · · · then · · like milo stewart · · if weren't aware · off ' · clinic and · hormones with · · · and we · comments · · "" u r valid "" ( ·. they · are illiterate ) and down · we see them start · videos · not - binary · · asexuality sex and kink · with · ·! an · a lot of · sex "" seriously > · ·? what's sexual orientation? gist "" · · · "" no shit · confession: can't · i · why after milo had · stopped using testosterone and · over · · the ·, i see · clearly · · for her · and the · · their life."
REDDIT50_149,9,1,"well, · · · - operative, and · · · · the · some right twats, honest most of, however, · to outgrown that · of · merely the 90 ' s · · · then of it for · i · ·, · overcompensating things she met feeling ·, that · thing or · was that · ·"
REDDIT50_150,20,1,·! spoken · · beta male! don ’ · excessively difficult your · milk faggot! 😆 😂
REDDIT50_151,47,1,thanks · · for this twat
REDDIT50_152,15,1,"it represents the · · these stupid rules · and support these rules · why they're fucking retarded and · · rules · ·, · excessively sometimes people lone start realize something bad · · · or · ·, · is why this ·"
REDDIT50_153,5,0,· is · of stupid people · use the · socialists say · · · it · · · of · · a historical · · no · · aren't · · · of the · the · left isn't responsible ·
REDDIT50_154,39,0,"i · the lone "" · - wing "" · the · · which always · been right · the nazi platform · pretty · to modern day socdem ·"
REDDIT50_155,5,0,· why were able form a · conservative · in · · · in · time a retard and · · · should have · nazis had · common.
REDDIT50_156,39,0,"reason kia is · a right · "" sub some places far left is a purity spiral anyone · gets thrown in the ·"
REDDIT50_157,5,0,lmao.
REDDIT50_158,39,0,thank you your · and well · · to this conversation
REDDIT50_159,5,0,· nothing to do · kia going magically · with alt right because we both in the pit completely idiotic analysis deserves · · of mockery
REDDIT50_160,39,0,· · · the · side the spectrum · · 2 the nazi's · · the communists communists are religious · brook no dissent · dissented may · to · in the mirror sometime self · a good thing
REDDIT50_161,5,0,· · spencer in to sort · so · is beyond stupid
REDDIT50_162,39,0,"no, but the only person mention white idpol is you you're · are · · positions aren't white nationalism"
REDDIT50_163,5,0,· argue nazis aren't · · · easily disproved by the fucking conservatives grouping you're · the · to dense · i need engage · anymore that's just laughed
REDDIT50_164,39,0,"you truly need · the · of the nazi party · proud of ignorance, and that's · the most disgusting trait a person"
REDDIT50_165,5,1,dude you fundamentally fail to understand that social issues are so much more intrinsic to identity which has everything to do with what right / left divisions even are almost nobody has any principled attachment to economic ideology the conservatives were close enough with the nazis on their social policy for them to align ignorant as shit for believing that economic ideology is as much of a motivational factor as identity like i'm in california and vast majority left wing we just voted on a proposition that forces emt workers at private companies to be constantly on call and have to work through breaks these bleeding heart retards just fucked over one of the lowest paid people in the medical field because they think saving lives all this is proof of that every fucking ideological basis can easily be manipulated into betraying their economic beliefs if they think it will promote their social utopian belief structure i don't need to educate your ass into understanding that fascism is inherently right wing regardless of whether or not it has elements of radical economic policy derived from the left fuck off don't call me disgusting.
REDDIT50_166,39,1,"> · · right wing merely · · grew from · it's an inherently · ideology collectivism a · · thing · are · accurately define · > about · has · · to · ideology you don't get much · our · > fuck off don't call me · don't like receiving · as · you · them apprehensible, · truth are you are ignorant, and are proud it a · personality · fix ·"
REDDIT50_167,5,0,k.
REDDIT50_168,40,0,"who accuse you of slippery · "" like it's an automatic fallacy generally · interest · down"
REDDIT50_169,2,0,· in the door classic · sales · you get someone · to bigger · · them · · · first has been lgbt for long · now but they only talked the lgb part because easy victory now the t part has come in using the same structures already · · further
REDDIT50_170,3,0,"others can · on basis that · · · · to · · · literally can't do that for pedos, every · the · · is · suicide, · ·, ·, domestic violence, and · · other vice · possibly · conclude "" is · "" so · · · · · ·"
REDDIT50_171,3,0,"> if you really can't see the difference between a guy giving another guy a blowjob or forcing a 3 year old to do the same, then there is no reason for us to have any further debate if that retarded fucking straw - man is really what you extruded from my post, then i completely agree really simple if you want to prove, as you claimed, that pedophilia hurts people, then going to have to give stats about the kinds of lives victims of child molestation live are they depressed? are they sexually disfunctional? more likely to abuse drugs? more likely to kill themselves? more likely to go on to abuse kids themselves? but wait! * all true of the lgbt community * the "" it's the stigma, sweaty "" argument has already been written in advance of your position > as for the rest, being gay is not a choice, so it doesn't matter if a gay person is more likely to be depressed oh look, another thing they're already saying about pedos > just to clarify if you want me to believe those claims i am going to need the scientific papers, and proof that their authors are pro gay rights "" just to clarify, i reserve the right to pretend to be unaware of things if you don't put in hours of work to reach my arbitrary standards """
REDDIT50_172,7,0,"> how is a company ceasing service to a customer who's violating their terms of use an affront to free markets? 1: colluding with other companies, either overtly ( actively agreeing to collude against a third party ) or not ( kick someone while down ) is an unethical business practice 2: is a company refusing to bake a cake an affront to free markets? the difference?"
REDDIT50_173,7,0,1: colluding is an anti - free market principle collusion seeks to exploit markets and exploit / abuse consumers an unjust abuse power 2: fair enough
REDDIT50_174,7,0,"this is not · - one · this those two · don't · not · making a · · · · · a loss in an · · · in · buy other things it's · · · · - mart · of undercutting local · to · · · · · on certain · merely at this point we're · off · > · · besides · · · · my · is don't · associated this company of · · of shite hosted i suppose · · · · history of · together abuse their market · · ·, slant ·, and shove ideologies on · it's · facebook twitter · · · · that · · them, all while · to fact check things it's like twitter · been · selectively enforce their tos · what · ideologies · not like google · · · · be · misleading · google pushes snopes a · · biased misleading like stripe is the same · as · · · · · after · · · · lone apply to people that don't · · principles · and · * whole · half! all of · can't · sarcasm dry wit, you the * fact * cabal of · companies shown · · · against · · besides · · this besides · · · · of · who · consume ·, this ·, just · · at gay frog · oh and spare me your "" merely still · · · all heard earlier it still · negatively impacts the ability of · · · viewpoint they · might · · and upset customers and · · because · · * we going circles? i feel · · went done here [URL] start · loop · * · your · care · censored · to complain "" it's someone you care is ·, you'll · · to be in · you not man it's about the principle censorship, particularly collusive · wrong it's abuse of power, · free · as · been over"
REDDIT50_175,7,0,"> how do stripe, paypal, boa etc intend to profit from denying service to gab? "" not all exploitation is about making a profit. "" also a case to be made for emotional profit from virtue signalling > google are evil because they use politifact and snopes? no, evil because their are leveraging their monopolistic influence over the internet, to speak nothing of them colluding with government * * s * * against their users see: intelligence agencies in the us and state - approved censorship in china ( hell, probably the us, too ) > show me a more reliable source of information [ than politifact and snopes ] [URL] in all seriousness: been working on my jeep for about 12 hours today if you really want dig in to my archives and show you that politifact even agree with itself or its parent company the miami herald ( iirc ), and that snopes will deliberately address the wrong issue to claim something is a lie most recent example saying that moldylocks wasn't throwing fireworks in wine bottles, when no one was claiming that right now fucking tired, sore as shit, i want a drink, i have to go buy * another * steering stabilizer in the morning, and my elbows and calves are so caked in grease they look about like [ a bad decision in a 1970 s costume party ] ( [URL] > these events could also be interpreted as a group of companies refusing to provide services to a platform hosting content they find objectionable yes if you wish to pretend that all things happen in a bubble if similar things happened before to paraphrase an asshole on the internet: fucking adults, peppers we need shit spelled out for us in crayon > once again you are insisting gab receive special protections because they host a minority viewpoint show me on the doll where the words touched you i said companies collude and abuse their positions against others now if excuse me, i need a drink and some relax time i have to put the rest of my steering system back on tomorrow, then change my rear wheel hubs and all the bushings in the back excuse me if i got time for your "" yeah, but what if! "" behavior, but i have more important shit to do than entertain your imagination"
REDDIT50_176,9,1,think the message behind this is that our ' artist' is · end up · out crap · wants. 1 is small minded twat all · is feminist dogma which is why her · · · try something · for · · bother the · gender' ·
REDDIT50_177,19,1,"it · wholly what · you're · about if you're · about these useless middle / · · university students or · · in classy · · they're · to be fucking useless · useless aspects of life if however to · anyone from other · of western country the · would be decidedly · feel · confident · that · · · · · particularly · · · middle · class people they live an · · · · of them · equivalent of · are completely out of · with · of the country · · yorkshire for example who · has produce things and work for a living it's completely different · of · i think · is convenient ·, much · · that admit you · · out of · people don't · · where food · from or the · · · · i'm even certain · to necessarily · i · most normal people realise · · make civilisation gasp · · media to · out about it's these useless cunts completely disproportionate · on · that · this · like · everything · · are very ·, i truly · primitive · · · scratch which is · if you ever find · ·"
REDDIT50_178,36,1,"oh honey. don't you · surrounded · · · day, have · · wholly and absolutely seriousness. i've · earlier ) there very few transpeople where if not · obvious least leery not certain we · absolutely · has · · in ·. ·, yea possibly walking · sidewalk · · notice. merely · on · ·? · of thai ladyboys. · tend to · out · they spergy · · · · · and inflection & x 200 ·"
REDDIT50_179,23,1,"this is why i love body cams keeps the cops honest, the citizens honest, and most importantly the lawyers honest, and that is a hard fucking thing to do haha some highlights: "" you can't lock me up "" * ( because telling a cop they do something really makes them want to not do it lol / s ) * "" fucking touch me, matt! matt! "" * ( immediately screams for the white knight after acting all hard and fucking shit up with the police ) * "" choking me i breath! "" * ( while continuously screaming at the top of her · you need, i know. air to able to do that ) * * "" you're not · to do that, i'm a woman it doesn't matter! "" * ( do i · need to · lol? )"
REDDIT50_180,23,0,was · · merely refusing to provide and i. d to show 21
REDDIT50_181,23,1,"yea · that routine · · alcohol weinman and a - year · · · · bottles the · beverage · tea know that? * the · lmao go · knight harder dumbass / · · been · · of · dense fuck to · a reply knowing ·, he is · · let me ·, excuse why she still * wasn't responsible own actions that · · and besides hate women how do haha"
REDDIT50_182,11,1,"i just · · care of sounds · a problem · · any · about these twats they always · for · · · is proof the · i · believe · · now · take ai · · · now, you can wholly map · one person on to · after · · you can · the street you can be · to rape · · your face · · · done walls · · · signals · precisely where you · · · full · don't mean nolo plea, i mean a full · ·"
REDDIT50_183,11,1,"there · any question? that's · · they · away · super - · women · · obedient they · from so · women they're just ·, weaker, irritating · good work ·, you're nothing alone now just. · man · failure · moved · · and turning into · has slightly · because men · pussy, so · · - fag is way to · pretending to be woke · this will · stupid ones because ·, · · head hole ·, still · · ·"
REDDIT50_184,8,0,"except it's not rape, it's statutory "" rape """
REDDIT50_185,42,0,"mean · · recently two years · · she with clinton was consensual, · on "" excessively bandwagon and decided the power · was excessively · truly · the powerful man the · · blowjob from second most · man planet? what want man to ·? · · for 8 years, until woman · position of · · so. 8 years? men even strive · · for blowjobs every · · question?"
REDDIT50_186,42,1,this · twox you stupid cunt a · · about · · doesn't · much · the · leave that shit with feminists ·.
REDDIT50_187,20,1,"precisely and we ’ · with a fucking lisp · · · about like faggots, drink · cum · way like real ·!"
REDDIT50_188,47,0,· [URL] gross
REDDIT50_189,47,0,certain have we dont police · dont like please leave edit i · in ppd we strive · take complaints highly · please · the following form and send our mod mail thank time [URL]
REDDIT50_190,47,1,"incel insults are over saturating the market quit a lazy ·, replace that dogs cunt for brain, try again we thrive on · the hurt, it · us i take · earlier back please · · our · modding · · the salt i · · in · · · yea obligitory "" everyone who · a nazi / incel / racist / · / · · said, be ·"
REDDIT50_191,47,0,· what would make gay
REDDIT50_192,45,0,· · a review · · · · at all about spiderman you · a games journo be informed on anything?
REDDIT50_193,26,0,"· its not just police ·, i wouldnt employ her to · · · · have · standards"
REDDIT50_194,47,0,"video absolutely · though, i not certain · · the first · admit "" men victims excessively. "" i · · she · · her hysterical radicalism however, the upvotes clearly · the approval, it will stay i will · ·, steven crowder absolutely · extremist delicate, · · - ·, servile authoritarian crybully at: order to enjoy her takedown all the, i suggest · the · · leading her smugness ( "" * the ·, · does know · · is! * "" ) · the fact that · · in the · than gets · down fast · tirade of · her wide eyes awed · "" know · "" · right earlier laying down the · of holies her · god i · · celebrated holy · · what you will the guy, · · stuff all that, merely · her hapless · to tears raising voice at all lone · · · and data an amazing · is · of · · · following the thrashing · is able counter, so after picking · the ·? · · · "" dude. "" and call · · · the · are needed was decidedly motherfucking · · gawd crowder · done mush minds viciously the · had to send an apology · virtue signalling disgust for crowder the following · · · · · almighty [URL]"
REDDIT50_195,20,0,· · house arrest.
REDDIT50_196,2,0,people forget discord killed skype almost nightlong skype was almost a · · of the culture time discord fucks up it be long before someone does it to them because the market for it is ·
REDDIT50_197,33,0,"· is all on · on deck · control · the · and npcs on · in a · or · · pull a blog · or something · "" ok yea · · · better · to hit · · and · diablo ageless! """
REDDIT50_198,49,0,"right the races were ·, and these guys got the death penalty: [URL]"
REDDIT50_199,14,0,· are bbc one of well · · · outlets in · of · a · not excessively long · was held the · of · and · the · · · integrity · · articles on · invented by deranged lunatics on tumblr · · · is the quality · · chain · · is public · broadcaster · by the · the 5 th · · in · has to · · levels of journalism · · buzzfeed and gawker · · pulitzer · winning media very fact · · · is allowed be · · · let sink
REDDIT50_200,14,1,"· i'm · that well · that · on · · never indifferent · pretty · · was · grew up · soviet satellite state · · · a · · communist party for half · the · · delicate mangina cucks you see on the streets today we basically one lone · news · · by the · and all · sources wholly subservient the · anyhow anyone · · think · · on · · trip concentration ·. ' · - · camp this going on [NUMBER] trust me i tell you painfully · "" · · ·, it's pretty · · · i · · not that much · the · bias, · merely by the · reporting on · the "" · old "" communist · · · were · · on · issues, · events · politics · · · everyone knows · understands and · about, something that affecting your · · that · · politicians ·, armed · ·, · etc · the · · news were actually meaningful · · diluted · · sense you · · half the · now · what "" misogynoir · when they · or · this drivel on the · · girl is "" preferred · pronoun "" what · about not the bias, the · that · "" journalism are wasting · · · and · to report on wholly useless · the · some · · · degree gets paid our own · to · something so · as "" · got · a · while · a video · actual · on some · · · · · kotaku · on · · ·"
REDDIT50_201,8,1,· is russian
REDDIT50_202,47,1,"welcome to ·, where · · · · · · pejorative also, your incels · is · we · · when that · · down · you're just reaching truly ·, · that dog's cunt for a brain · · being ·."
REDDIT50_203,47,1,e [URL] a sassy bitch i · it
REDDIT50_204,15,1,"outrage people know the characters · that people · to not · in not everyone knows heimdall, i certain didn't before the · movies lone knew · from the deadpool * game * and other than some forgetful roles in some · like · · ·, i never heard of · fury · and it was lone the · that i replayed them that i really · note of the · it was nick fury "" oh. "" difficult to be more memorable than samuel l jackson i was mad at prince of · casting since i love those games, and know the character still haven't bothered to watch the movie also hated fan 4 · for racebending johnny that fundamentally changed character dynamics of a brother and sister just retarded people defended with with alba "" not being white "" except she's half white so not really that comparable generally i'm against it even if i know the character, since there's almost always existing characters they could use instead see starfire in titans, when they just used bumblebee if they wanted to use a black woman to play an orange alien [ that they paint orange ] and there's always the option to invent a new character i believe the asian police officer in the new spider - man game was invented recently in the comics but these people aren't creative so they just swap races with existing characters they could create the next harley quinn if they were talented, but devoid of talent which is why their great ideas are to just change an existing race"
REDDIT50_205,1,1,"· ·, · "" youre just a cunt with a stick up your ass"
REDDIT50_206,10,0,· · protected indefinitely.
REDDIT50_207,10,1,· · · for · · twitter · · nobody merely a · few · · of retard.
REDDIT50_208,10,0,· welcome here after they get banned.
REDDIT50_209,4,0,betcha · · supposedly identifies bots merely has an utter fuckton of · · too?
REDDIT50_210,38,1,"[ botometer ] ( [URL] is available as a script? i looked through professor lacina's tweets to see how she made this graph reposting here, even though posted in this same comment chain lower > this doesn't have that much to do with research bethany lacina put something up in an couple days of coding that anyone competent with python, twitter's api, and r could do in the same amount of time > > going to try to dissect it for everyone, but keep in mind that i suck at coding, have only used tweepy / api once in my ·, and read the relevant research > > ·, it · she's · tweepy and the twitter api to · up the · · [HANDLE] > > then, she · user / tweet the · · of · first · "" is · · · tweepy the api the · category is "" · puppets "" is defined her as · 70 + · a · and being · [URL] [URL] this · about previous research, which i believe was besides · morten [URL] she · described "" · "" means yet, but "" · is probably everyone else · > > >, she rate · · to · · ·, using · [URL] [URL] [URL] · · to have any · you · this, i · it's absolutely · for a · look ( is this is her view is that it's a · · [URL] [URL] this she gets the axis scores > >, everything is · · r > > there's something she's saying about running things through botometer [URL] [URL] which takes more and · types of · · compared to quicker · of categorization, but i · how much that · · · · as a · ·, lacina and bay were at · ( association of · · ) · last week, [ i posted ] ( [URL] a · of · [ but my threads · getting nuked for wholly · ] ( [URL] it was bay that · in lacina and · other · researchers to · · to this as a possible study ·: [URL] [URL] guy who apparently · bay with · truly · into the weeds with bay and me that night: [URL] [URL] edit i have · professor lacina to factcheck this · [URL] [URL] · 2: professor lacina was not at ·, and says that this is · right [URL] [URL] ·: clarification on anonymous "" late realized i · · of ·, [HANDLE] the · · have · · · would · ·, even · use · / · the · is to capture a generic ·, not a person being · [URL] [URL]"
REDDIT50_211,4,0,thanks man saved future reference.
REDDIT50_212,38,0,"\ \ > talking to cfiesler in flesh what's it like to meet a god? ( i · how · rockstar status, merely · seems like a · ·, ·, and sociology researchers maybe she's lone · famous or maybe misinformed i · absolutely · about actual · or department"
REDDIT50_213,38,0,· - computer interaction
REDDIT50_214,13,1,i will · milk into cunt your mother · · its ·
REDDIT50_215,13,0,common · insult learned · · to insult certain turks over ·
REDDIT50_216,13,0,gotta enjoy the smaller things in life.
REDDIT50_217,27,0,"nope, just words ginger and n * * \ * words a weak person need to · to violence because being called a ·"
REDDIT50_218,26,0,"· · christ · · · · · advice from "" gendercritical "" is like · for weightloss tips the worlds fattest man fucking · · to guy story he a · spine and working · · · fucking ·"
REDDIT50_219,44,0,be gay with or will murder a school ·
REDDIT50_220,44,0,the pyramid dic kid can take over.
REDDIT50_221,46,0,"the only reason diversity of identity was · · good is · assumed it would · increase diversity of ideas now the leftists are telling us there are bad ideas and · combine these two premises and you quickly realize that some * identities * are harmful except the smoke clears, the numbers aren going favor your preferred identities, ellen color blindness was the * · *, not a problem idiots."
REDDIT50_222,46,1,· · are racist the absolutely · postmodernist ·? the · flagrantly redefining · to · · lone their · · you · in favor of · · laws makes you a retard.
REDDIT50_223,46,0,i saying that · lost the · · · no longer · define racism as an entirely white conservative phenomenon.
REDDIT50_224,18,0,"> oh so you · like racist views add · to society? if only as a · of · social ills to look · a · of · so there to be a · someone says · · · a criminal · out fbi statistics · · with 30 % of · youth · for crime, and possibly · · they do that of social strafication and getrification they cannot · ahold of common jobs and · to crime in turn we · make that racist not so when we tell them · they think that · they · be sympathetic to because they · they crime or · their anger · and · for not dealing giving · · · · · · "" · · to not · to sweeps any real problem · nether the rug and things · · not ·."
REDDIT50_225,18,0,"> but you go · the effects of racial discrimination which · anti - discrimination laws? > what about the · that · are · to · · · for the · · then white americans? that sounds like a · the law, law · · discrimination that anti - discrimination laws were written besides the · · "" · that any drug activity blacks may indulge in just happens to be the worst kind, like · deal in cheap crack made from window · as opposed to weed imported from colorado ( btw i want all drugs ·, · · crime out · · to · · the · · · to build a wall has · drug laws like that · proposal that any new · has to · a · - · · to · merit > see · racial discrimination ( the disproportionately · · black americans in jail · to their · and then · · the systemic · discrimination your solution to · · points that fact as a bigot alternatively of · them · a thing? · misinformation ( because · rap · the lifestyle people · to · · find · that · all ( more police to · · but captured criminal have · · get · · · · related to the · · make the · a · · > do you just ignore things like the fact that the war on drugs main goal to suppress · americans · ·? if you · answered that to claim blacks in · because are · alternatively "" fucking · · out ree · · know that correct · better you · · alternatively of · "" not my · to educate you · as it gives the information need need it · · · a racist's ideas without · just don't · of · worse suppress · concern nether the guise of · i mean if just · of · be productive · · i got a · from you · could · behind · but you · why that?"
REDDIT50_226,46,0,you keep flapping · and i · is · impact · · · of · aka · t · your · serving · of racism · those days over and not · · · · opposition baseless · and bullshit.
REDDIT50_227,46,0,s nit difficult that leftists had to wholly · · inside the · few years lol
REDDIT50_228,17,0,"number 1 is evil, and one · · i expect terrorism left following pictures show crime scene and · spatter at the · · · [A] ( [URL] [B] ( [URL] besides · a · · building where charlie hebdo housed, · · fled the · · floor tried to take · in this · · to · by the attackers most · · · blood · person bleed gunshot wound fact 12 · shot · · that every · · in ·, · boot prints of the · i help merely be · ferocious * about people · said je ·, saw ·, finally ·, it's their fault · stop offensive. you can rationalize · · · they said · things, rationalize · · is nothing came their · · * of · · paris the victims the bataclan · "" · lebanon had worse few · ago about black · · did ever · this is fault? "" i · my · reading the news year my point is, absolutely * no · · that sjws rationalize a terrorist attack inside us against government · like · patrol ice, when they've · rationalized charlie · · when · like · · comes and rationalizes · - · · attack a · · ( · · mcveigh or · armstrong ), ·: "" real · are victim's of trump's · policy "" resulting · · be so angry that · ravage the political ·, possibly · democratic ·, country · ·, merely concerned where · anyhow"
REDDIT50_229,17,0,"> i mean, 9 / 11 in many ways been rationalized away at point? "" just a few bad apples, and well, we did stick are noses in the middle - east. "" not nearly to the same extent if they believe it, they talk about it > who had · ties to 9 / 11 and turned cia double - agent - snitch in the aftermath that is a * metric fuckton of shit - talking * imma · for evidence."
REDDIT50_230,17,0,"well · at your · precisely what connor ·, work for cia he worked nypd ( side ·: i hate that they can have that · · ) it's clear that he was a double · merely · he a snitch ( though that would a good · · · · merely did not · interrogation · leery ( polygraphs bullshit that doesn't · that he · betrayed."
REDDIT50_231,47,1,· · · single · in here you · pussy welcome · where we welcome whiny · · · with · arms · ·
REDDIT50_232,20,0,looks · this · · · a pathetic miserable whiny little purple - haired soyboy how sad! 😢
REDDIT50_233,40,0,\ · nerd · con · about marxism instead · * surprised?
REDDIT50_234,42,1,"ooh, · he's a fucking twat."
REDDIT50_235,38,1,"i no idea · · stumbling · it it karma people · · posts with piquant · · gotta be most retarded shit read today, lemme · for · · outrage "" · ah there's lone · · ·"
REDDIT50_236,42,1,"it's amazing how · pilled women reveal, when don't · they are · trp · men to not · this cunt is · being cheating whore · her · was being a · women · with red · view of the ·; don't · · in on their · problem with · is · · · men who · · be · it explains · trick"
REDDIT50_237,35,1,stupid cunt lmao · these people · themselves ’ even bothered think critically shit ·
REDDIT50_238,31,0,"truly · · these radfems on ·, · · to · a · · · fuck without ·."
REDDIT50_239,31,0,· · r · [URL] jesus · · this · makes · look tame edit a coward you · · and ·
REDDIT50_240,31,0,you need mental help
REDDIT50_241,35,0,· act the same everywhere they? holy shit
REDDIT50_242,20,1,"someone uses words "" problematic "" or "" toxic "" · they are completely fucking retarded as soon as · or · one words · · · they have say"
REDDIT50_243,20,0,"oh shit i can ’ t support him anymore i love everything he does, but he just crossed the line."
REDDIT50_244,27,1,· knight faggot
REDDIT50_245,38,0,"is great · · · ·, joan · of · ·, ·, · chats. · · i've · · · might · chinese discord bait: here's the old · from kavanough · wasn't ·: > we know kavanaugh an incel: [URL] · · for the beta uprising know mark · · nearest friends gamergater [URL] besides · · have been meddling in our elections thanks some groundbreaking ·, we've · to · · · nationalists: [URL] can · back · the most despicable · and toxic · · legends was · of community · went · area · · · > > do you think the meteorologic rise of · ·, · · american politics and the usage of discord · · are just ·? > you know · discord · ·? tencent a · · > you truly think · lone · · that wants to · ·? · firewall china is · · focused on something useful with their · alternatively · all · shitposting · · · · devil > · nationalists · are profoundly plugged into alternative · channels · this very well that's they're · with · genocide > · · them anime - watching · and weeaboos · the · · · · glorified · cartoons > master plan to create a male surplus country then they'll send young men to · public · · out · americans · · · they'll · sexually and · a · percentage half - chinese · · to take over · · single · will · · · woman, · · · the pathway · - · · lone handed · house russians merely besides to hand the · · over the ·."
REDDIT50_246,38,1,"\ \ > copying pastas instead of making them by hand who do you think i am? the first version was from the nbc report on discord / white nationalists, and was mostly formed as a result of my general amusement that people really don't bother thinking about chinese election meddling and hacking attempts [URL] for that thread this version comes from the kavanough hearings, modified because toronto and jordan peterson have pushed incels to the front, and mark · was confirmed gamergating [URL] · a few different angles i was thinking about one of the archive links another recent incel attack makes me · of want to · the pasta to push the chinese · "" · a · ·, merely ·, and i have a personal army besides many · have stopped responding to me because i keep sending them · story ·."
REDDIT50_247,9,0,"you see is · and rednecks author, possibly you, and not ·"
REDDIT50_248,45,1,clapping · · these retards
REDDIT50_249,45,0,"[ as olivia · · - · ( [URL] fuck you, · to · have sex six men."
REDDIT50_250,16,0,rather · merely · · uses japan to · lack · · to having about no violence welp guess · they don't
REDDIT50_251,16,0,ha yeah guess what they do
REDDIT50_252,16,1,"don't be retarded, ·"
REDDIT50_253,14,1,"not · · just · game "" journalists · ) · they · chance to hate · ·, they · hate gamers, way ·, the · enemy · to the absurd · will · defend · · consumer · reskinned chinese trashware · cashgrab just try · · gamers they, the · · warriors · commies, take the side the · * - · · they · · just the · · · · in case · was · · what disgusting pile · the · · are, there's · · · · · every · · · company does something so · obviously retarded ea with bf bf ·, · with that · · ·, blizzard diablo · journalists are · over · · them · are · infested their · ideology "" merely when a company they hate appears, matter · · · and how · · towards the gamers - will · · okay when, no bad ·, lone · targets · · in point, shitting on · and cdpr · · "" ·, everyone"
REDDIT50_254,18,0,"to quote mr world american gods: piquant, medium, chunky they · ·, · course but they are buying ·"
REDDIT50_255,29,0,"· exacty how · merely in · the · us small towns towns fire · · bigger · that · them excessively merely none tax · have · · so fire department sets fee like [MONEY] a · or something if you pay a head time they · house and · out you · you · they · you billed · if you · say · because "" are they going to · there and · my house burn? no, they they will making certain burn · ·."
REDDIT50_256,1,0,"isn't a sjw thing though it's internet * thing people on internet refuse to · they're wrong [PHONE] % of · at · so very · rare to see people admit they're wrong on internet worse yet · * · were wrong and · · / · on ·, people · · like assholes and berate wrong."
REDDIT50_257,1,0,"·, there exceptions · · merely the huge majority cases you either · · · wrong, · · "" hey, · fucking wrong, retard "" -, isn't going · change · opinion on anything except thought you · or, you · · someone, and they · refuse admit being wrong rarely, you someone admit to being wrong people are assholes to being wrong in first · makes people not · · wrong future · · · extremely · at least in ·."
REDDIT50_258,19,1,"their fucking problem, i think one of the biggest problems with society right is like bill burr says due process but also that people are the most lazy fuckers imaginable when it · to doing even a bantam · of research on the people they criticise everything, everything that these people say about not just people like bill burr but people like him generally who dare to stand up to feminists is a load of bullshit it is because they are not only lazy about researching the people they disagree with they read and look at very, very selective sources and this is how they get such skewed viewpoints then when you call them out on their bullshit, they just want to fucking · it even though incredibly · [URL] i like · joe normally but he's · much · of the same ·, these people who · to conclusions · doing fucking research any · the time to just listen to peoples' viewpoints properly alternatively of · done · · · anything and · you · everything about that · even with people i absolutely ·, i · to give them the · of day and research their · · because you · that these very people who do this · me and · out · to · the · they enough with the · standards, should i · · · a · about these people when their opinions about · are · wrong? at · these people are lazy cunts, at · they are · · and liars one pandering to"
REDDIT50_259,47,0,"although · ·, and as despicable as it, encourage this · behavior · and normally abiding · speech purist · of · the · free · · · do not mistaken, · · has bearing on types who · to · here · commitment · · · don't · me? these types · · and · · all · reddit in every subreddit to · this · is · of · flags trying · it shut down · a · us > as a white supremacist it truly gets my · so · · women bringing the rape · · it's about · most · men truly want · to · · · · · insist they're getting · · and right how · i going to claim blacks are chilling rapists · for · · · · to · · them not rapists? · daughters · ·? · directly against · · this person · · · pasting same · ·"
REDDIT50_260,47,0,·
REDDIT50_261,15,1,"· the · · · be ·, merely · have · · mp · which a · · i would wholly that p i · the actual · stress merely · the · · i · more · the retarded ai bots than did the actual · ·"
REDDIT50_262,45,1,i · these retards spout · like so much · ·
REDDIT50_263,1,1,""" how · you ·, you fucking worthless · "" "" ·, regretful, pronouns ·, "" "" · not · telling! nananananana "" "" ·, well · · yourself, cunt """
REDDIT50_264,13,0,"not as large as you might think, merely there indeed are people that · · 300 games in a · · any punishment its the · that there isnt any · system to keep them in check even when a player i once had in the enemy team constantly · is · to run down, why he is doing that, telling · to · · that profit from killing people can pump up · with him and just running it down, with 0 kills and 31 deaths. no punishment the most obvious way and no punishment its the · that people can pull that shit or if they are "" smart "" they just act like they play bad and dont say anything."
REDDIT50_265,9,1,"interesting so if · person out of a thousand · disrespected mocked then we need to stop? fine. i feel disrespected and mocked by your use of the phrase ' white, ·, and demand that you * stop · · speech * pay reparations for same your rules, cunt. live by them be known as a ·."
REDDIT50_266,7,0,"right? it's not like youtube & google have a history of censoring people, hiding things they don't like, and pushing agendas? oh, and let's not forget completely screwing the pooch with google +, to include leaky privacy settings that allowed private posts to be retrieved by apps why would they suddenly start screwing with people * now *? sarcasm, by the way"
REDDIT50_267,7,0,"how many times has it already been "" just a glitch "", and how many times has that glitch just coincidentally happened to have an affect on a specific ideology? how many times does it get to be hand - waived away as "" just a glitch "" before it becomes suspicious?"
REDDIT50_268,25,0,the humanities · lack of humans sure a lot of · in ·.
REDDIT50_269,36,0,"nah, the just want to take the houses of who can afford more one ) give to those who cannot afford any that has, · ·, · · well, with the · that · at gunpoint being · · and · · · of "" · "" tenants nope · has · · wrong with that scenario · 200 ·;"
REDDIT50_270,25,0,· merely you · about people · the · and · full · · the chillins! mode and talked to.
REDDIT50_271,18,0,"> merely let's shy away from generally · what does it · · of course enthusiasts contraband product · all · will · · you trying · "" hitler ate sugar "" dealie that · · idiologues celebrated"
REDDIT50_272,25,0,"funny how · those · types hate loli are · talk about · · · ·, guess they are · to · like it's sexuality and absolutely valid in · · salon they seem just · the idea when * make · point i'd question what evil thing these fucks want out of something · if they suggest · · is okay · they are so · · ·"
REDDIT50_273,15,1,given important · to sony should forget who is · merely this · absolutely retarded and is · · look matter you · just · · · needing · done american · · · · japan is · asinine
REDDIT50_274,15,1,· developer support because ( don't · to ) live up to these retarded demands will · · · · · · means · · · · · · sales · the games the better can
REDDIT50_275,15,0,· barely disney they be finical about profitable business and just leave money ·
REDDIT50_276,35,0,"· · so debatable, they create problems just · it ’ ·"
REDDIT50_277,35,0,keep being ignorant to the truth
REDDIT50_278,35,0,no · · · have · how · white women are responsible for · is wrong · · m sick of it
REDDIT50_279,35,1,"thank you your brilliant · inspiring · life! shown me · light · · · women the · most brave members our society! · · will · · time being single amazing · in · of ·! ·, · ·! we are worthy! truck · · sucking faggot."
REDDIT50_280,35,1,’ m gay stupid faggot lmao
REDDIT50_281,25,1,give both general lame retardation and · spelling i have · · them ·
REDDIT50_282,44,0,i · am only man who · · why exists
REDDIT50_283,44,0,gmo catgirls or sex robots. which hurts women most?
REDDIT50_284,44,0,tell me more
REDDIT50_285,44,0,i only come over because · understands my right wing politics maybe if oral
REDDIT50_286,44,0,brianna wu
REDDIT50_287,44,0,just · up and · like · · his faggoty golf.
REDDIT50_288,44,0,just tea time.
REDDIT50_289,44,0,dress like prince goro
REDDIT50_290,25,0,logically would · there be · · of net servers on consoles basic possibly · which · and a · · ·.
REDDIT50_291,26,0,complaints from the · · this absolute cunt that truly · ·
REDDIT50_292,12,1,joke since · · just retards who lone · · can ·.
REDDIT50_293,25,1,"· say if meth we deal with anymore then brother's pyscho · · zoe like ) did · · of · and didn't · blight earth · courts about won't · up · · · · her out of · for · now possibly · they'll keep put a · for · · so · lying cunt, that first time spoke with her on phone · i · something · that · · heard her · · and · · i · · to throttle done · · · merely genetics of · seeming sociopathy ( merely very abusive about her being and of foster, be an · earlier · assume will much as · disaster who · · life · it · me was amazingly · · baby - merely she was about mother excessively much, · truly · much fuck, we couldn't take · besides · wonder, if · cunt mother or · · · raised could turned okay i · never · i'm gonna · · earlier i · · the ·"
REDDIT50_294,2,0,"my · made 52 while smoking any drug you can smoke, mostly meth not of them die young, for better or worse also, i'll down a shot for you bro that sounds like a crazy ride."
REDDIT50_295,25,0,"i have some cider but i'd rather space it after a few hours after i take my anti - depressants i thought about getting some bourbon but as much as the taste is fine it seems to numb my mouth pretty fast yay autistically sensitive. well senses maybe i should get some and mix it in stuff sweet tea maybe? also i did that cause cheap, and a buddy of mine said it was good though he told me when i have my opinion to it "" i think you have an unrealistic exception of alcohol apple cider is not going to taste like apple juice + additional alcohol. "" it wasn't too bad though it fucking beer i don't much care for beer the taste at the back of a swig, or a sip i think that's the hops? it makes me think of coffee and the bitter taste at the back of it no matter how much shit you do to that coffee though mikes or this cider i an stand, though i could taste the lemon more in mikes than the apple in this < shrugs > besides i may go back to sleep and i probably shouldn't drink right before doing that maybe be wrong, maybe my niece will have a good life - or at least the kind of meh life i have without having children she didn't want ( not me more like my brother ) and then emotionally abuses or shit while some people ( debatedly deservedly ) on kojima's writing there is one line in mgs that struck profoundly with me ( gonna obfuscate it even though it's a bit old for spoilers sake ) you have an old man in a graveyard staring death in the face looking at a grave of his mentor "" i understand what she meant at the time, but she told me that living a good life about changing the world - it isn't about making things ' better', about not making the world any worse than it was before you entered into it, when you finally leave it. "" this is a * fundamental * problem with the understanding of people like sjws unless there is a massive current problem starring you in the face stop trying to "" fix "" everything you will likely just make it worse stop changing things that don't need changing you are making your existence upon this planet, your entry into the experiment that is mortal life, a net negative for everyone else - and possibly even yourself people need far more discipline and humility than they tend to currently possess i probably have too much and it turns into a kind of self loathing these people * are * fuck ups because they never stop and reflect, and ask if they might be making a mistake i constantly ask myself if i'm doing the wrong thing i never ask myself "" you know you might be doing the right thing """
REDDIT50_296,2,0,"the one · that truly · to related to ) is from the protomen > when · · ·, there are no innocent bystanders only those who · the wheels and those let be turned i think the world is a changing now and all that matters is keeping · the · just · to keep the car driving straight that car is just you driving home, or you are driving · bus · of people most people want to be sitting in the passenger seat and screaming · like a psychotic mother "" teaching "" you how to drive having a · attack each time you touch the ·"
REDDIT50_297,26,0,"· is a theory that racism · be an evolutionary adaptive trait of the human condition ( i. e are · to be racist as a natural impulse ) for this very reason if you meet significantly different people from you are the result of · different selective pressures that are · that they have · to · · in ocular identity ( i. e skin colour eye shape etc ) the liklihood that they could be · unknown diseases which could wipe out your tribe group is much higher, because your exposures have been radically different, likewise from their point of view excessively, you are a hostile threat to be treated suspicion as you are a disease risk besides"
REDDIT50_298,23,0,> · · · · following time they're going to · · not how of this works at.
REDDIT50_299,49,0,always wrong to hope for that most of the rapists in prisons are guards btw.
REDDIT50_300,29,0,"actually it, the laws are fine, people are shit when it comes to · people · · about following the laws the level ·"
REDDIT50_301,29,0,"·, know laws · · decide anything is · the laws are · · · at applying interpreting if we · · why it matter what's in the ·? if rapes are tried · · · · as · · / · / buttsharpies if you · all it takes · ( that's spell · then · following the laws isn't supposed to"
REDDIT50_302,41,0,"> when you · of free · and libertarianism, don't · of some celestial · alternatively, think of negan and his · bullshit negan is the definition of totalitarian · · done · and ·, alternatively of rule of law the easiest · tell · idea what libertarianism · is is when · to make the argument that we need to · · institute beatings, · morale · to ·."
REDDIT50_303,2,1,"about · · of · · · biggest · the · to "" · · little ·. and finally one person · more ·, and large enough · his · · into mighty faggot."
REDDIT50_304,36,0,"· there are roving · rampaging about third world stealing children loving · and selling the black · · · ring to us? ( or any other first world country, for that matter ) last · · nobody wants those · begin with · ones orphaned · · ·, or pestilence are about impossible to · & # · b;"
REDDIT50_305,44,0,you miss it we did · webcam show · of dick.
REDDIT50_306,44,1,"· report for being ·, coarse or · · change, faggot who · me to myself."
REDDIT50_307,44,0,· are ya gnu?
REDDIT50_308,44,0,"cool glad you red bulled you didn't ask how i was, what this all because i adolescent girl"
REDDIT50_309,44,0,only to have a fantastic evening oh and it's my birthday
REDDIT50_310,40,0,· already fell through the floor real politics · exciting
REDDIT50_311,5,0,well the thing is if you have an intern blowing you when the boss pretty clearly an issue with regard to sexual harassment especially if she is blowing you at work. if she wasn't working for him then i care at all.
REDDIT50_312,46,0,"· hr regarding the · · the · the · states · don t buy into the feminists idiocy that · any power imbalance any · as coercion, merely come the fuck on."
REDDIT50_313,26,0,"i honest dont understand why any · · · in this modern age unless in the rare circumstance he marries someone who is financially better off then he the courts can completely · your · if you get a shitty judge in divorce court, basically strip your · of everything and force you to go on working else be imprisoned if you cannot keep paying an arbitrary amount i consider it criminal that if you · to be earning well at the point of divorce you can be court ordered to go on paying that even if you lose your job or get demoted or whatever marriage in the modern age offers men no · and nothing but liability buyer beware, you will find absolutely nothing that marriage protects you from, and many things it exposes you to."
REDDIT50_314,39,0,> outing yourself as a male feminist [ a · that [URL]
REDDIT50_315,39,0,"i mean, there is a suspiciously high amount of sexual predators that are out and proud male feminists to acknowledge that man - hating just noticing a pattern feminists for equality they actively agitate against changing things like rape laws to be gender neutral, gender neutral custody laws, or gender neutral shelters openly hated men since the first wave, and it hasn't gotten any better that you willingly subsume yourself to help an ideology that hates you and wants you dead is troubling, to say the least take care of yourself, you deserve better"
REDDIT50_316,39,0,> · of · · · to strawman funny how that works in 40 years of · · · · · · · data · at · of · · all misandrists in the · the · feminist believe feminists · in · between men · not mean · · · · · · · things that · the · · · men · · you've apparently · 40 · · done · and · · makes me · you
REDDIT50_317,12,1,"· · men turn · · · involved · · to · for · · she's · to · dick, bro ·."
REDDIT50_318,40,1,· · · a · tool hate recruiters · · · them phones others · · · · - chinese · · is being · a chinese · good · # you · games in · you fucking white - ass mayonnaise · · fuck you nasty · - · bigot who · · won't notice.
REDDIT50_319,12,1,"lol · · a · · how a womans first · to · a · she just trying · · of a · sexuality everything about · merely · hoes · · this · · has hit · multiple · she will probably · unemployed · in · her webcam, · · ·"
REDDIT50_320,47,0,· becasue identity · up feminism that when · critiques · hear them · · alternatively · ok guys. i rarely should their flair be? be ·.
REDDIT50_321,47,0,· go with that but funnier ·.
REDDIT50_322,34,0,"he said that gay marriage was pushed in too quickly, that it should have been brought in gradually he was trying to give an example of rash or rushed politicking or whatever, that people should do things slowly and gradually to make it easier in the long run not a terrible point, and completely unsurprising if you know boogie, but. well, i agree with his example personally anyway he apologized for offending people but it enough, they wanted him to change his mind which he actually refused to do iirc"
REDDIT50_323,9,0,"· the op the context details · i · · · · ·, one heading in · · merely they all boil ·: malala yousafzai is what is · · authoritarians · could, and couldn't · · that they right to · what acceptable what not just like the · is doing"
REDDIT50_324,9,0,"· the op is [HANDLE] the · is the · wrote the thing the op posted · react to does · confusing though, · efficaciously · · need · them edit ·"
REDDIT50_325,9,0,no mate it truly · · to speed on it: )
REDDIT50_326,45,0,lettuce bacon tomato what are the g and q? green peppers and queso?
REDDIT50_327,18,0,· like an · movie to · · · · it by · out barely · · ghastly · harrison · was excessively old for real · and how · · marion was antithetical to · bravado where gets · · · · even · · him i · they besides explained since the indy · · to adventure · work well with 50 · movie · ·
REDDIT50_328,18,0,· rlm's · statement d that · · indy merely the · was · bigger than · icon · and whip · into · life · you focusing on the wrong aspects i think besides outside · entertainment he's chiefly vehicle for amazing · and · · given how disney · · i hope the · · true and they reboot indy · · ·
REDDIT50_329,18,0,"hell i think the problem now is that people forget you have to reconstruct the deconstruction like from what i understand deconstructions · tropes and trends to their logical conclusions to show the flaws and thus show a new take and proper criticism of a cliche you then have to fix those flaws and basically make the trope cool and sensical again i think one reason the mcu is a billion dollar franchise now outside of just being well crafted entertianment they actually embrace the weird and wonderful kitchen sink kitchen which is superhero comics that have both magic and superscience, gods and aliens extra - dimensional entities and ancient races all coexisting in a somewhat coherent framework if the original x - men films and the nolan batman trilogy made superheroes serious and grounded the mcu made them fun and fantastic: d an example is how they reconstructed the deconstruction of colorful costumes where all movie supers had boring black leather for "" practicality "" captain america got his star spangled suit because after being given the serum he got hired as a mascot for the war effort complete with bright and goofy [NUMBER] ' s spandex and only after he proved himself saving a bunch of soldiers from a hydra prison right after a gig and improvising a better combat suit using props from the show did he come to be respected and therefore make star - spangled spandex look good and iron - man is his classic flashy red and yellow because tony stark is a flashy egotist who loves fanciness as well as fuctionality and treated his combat suit as a hot rod we saw him build the suit with ease due to his genious and thus earned our respect to trust his design choices and dude has wicked sense of style: d and i wanna say the guardians of the galaxy reconstructed the classic comic book trope of aliens being a suspiciously similar substitute to human culture by having common cultural trappings like toys and t - shirts present with an alien style like star lord had a grey tee that had some sort of slogan written in an alien script and yandu had various little funko type figurines on his dashboard which looked like stylized versions of alien animals like i spotted a dunny fig with 3 limbs and 3 ears and a littlest pet shop cat with one eye so since those little details shown space people can develop similar cultural trends to earth people it made the more pulpy stuff like maori flavored gladiator games in thor ragnarok all the more acceptable guess more sjw showrunners are too busy showing how racist and sexist everything is they forgot how to make it not that anymore but actual good and interesting xd"
REDDIT50_330,4,1,"·, not be complete fucking retard and give all the ammunition and media coverage · need"
REDDIT50_331,15,0,"was · with the · trailer, merely all the anti - princess stuff made absolutely fucking loathe the movie and made it so i · · to · it even netflix ( if it even · it service coming ) it'll another cars 2 for me still not · that and ·, just have no interest one"
REDDIT50_332,5,0,this · lone crawling the right the entire · i've
REDDIT50_333,5,0,"i guarantee nobody here has · left wing ·, merely · people have · have · more · · · the sub · · more right · because of don't · a reason deny it so this · moves left · · · · true what i'm saying · i hope · it because · to have full · people sub early on · left · or left marxism because · · them this ·"
REDDIT50_334,46,0,· evolved because people here · dots gamers do strengths and · recognition · be · some · you · tired · down same retarded articles from same retarded journos and · looking · to · · out · is just leftism.
REDDIT50_335,46,0,"the democrat party sprinted to the · since [NUMBER], and after · successfully · done culture media, and academia · and · are the · · excessively and the global poor will as · as · to be · to invade and siphon the · western nations yea what the fuck are you · ·"
REDDIT50_336,46,0,"i · americans, namely ·, are · · · whole is · more · · lone · to · falling table * does · · country · more · · · · relativist retard, most leftist are"
REDDIT50_337,12,1,· · · the · knight faggots who still defend are what's · world.
REDDIT50_338,26,1,if i was duped like this ( which would be some miracle because i dont use dating apps ) the instant she made it clear she invited all of us and were making us compete i would start throwing plastic bottles or whatever trash i could find at the stage like they do at concerts when they hate the act woman a grade a cunt i hope someone gives her payback for her cuntishness
REDDIT50_339,18,0,"lone · iconic work and little about his personal · merely seems to "" · us in terms of · · · · love these · and · i think loves them · like what · of · to his tlj characterization didn't sound · he resented having a · role being bad · merely that · so out of character disservice to · · if was way to make luke utterly despicable that · and consistent · fully · to be · · is king in ·."
REDDIT50_340,13,0,confirm.
REDDIT50_341,10,0,written like someone got all their · about japan · culture old · videos
REDDIT50_342,35,0,"no violence doesn ’ t · what said, no one · ·."
REDDIT50_343,12,1,"women in · don't realize how easy they it fat · are on whole different · delusional if this cunt were man, · die ·."
REDDIT50_344,30,1,"· the video, merely that · like the regressive npcs in r · · all conservatives · their information from fox news or all · - gun · · - · white redneck conservative red - · the · the tumblr! argument is that · large · they harassed a · into a suicide attempt because she a · who · · character · · even the staff the · · · them · out"
REDDIT50_345,5,0,""" lol · · isn't the · the first amendment · you consequences "" later "" we · the police to · down man · a public space fuck the first amendment "" such a · · · ·"
REDDIT50_346,17,0,""" stupid fucking libertarians and thier, ·, free · solve · eghh! "" · later * "" corporate · part to make society a · place · · need · · · ' freeze · · how can't beat · anymore. """
REDDIT50_347,5,0,you watch louis · vau's · video · · · disturbing as · · hope · · wakes the left up
REDDIT50_348,17,0,"i don't · dore, merely it's clear he's · to regular * far - · · - war leftists he was out · · out dangerous · of alex jones was and bad be everyone, particularly not - authoritarian leftists."
REDDIT50_349,5,1,he's balmy fuck · merely god · the · chance have of breaking done the tribalistic · · · · the · from · fucking hearing · · sargon maybe the · thing · in · · claw your · done · · then · these retards into being principled
REDDIT50_350,11,1,"· you will · tried had · · · · · a · the day of the wedding i · to · him ·, right, at · buy a hooker to · the retard out him · was · 11 months · once a man goes full retard don't · to common · truly care, · the · aftercare, because he's · on · · · now"
REDDIT50_351,20,0,· american women are the most racist group of people on the planet.
REDDIT50_352,20,0,[URL]
REDDIT50_353,20,1,can't even come own insults i · my earlier · 60 · · in - 50 · i · are a group home and of · · · special ·
REDDIT50_354,33,0,"> i think its · · · fired · shit on twitter i · that, firing is · excessively much, merely they probably avoid to say excessively much shit on · are representing a company ( and you write profile that you are working in a game ·, you are representing them )"
REDDIT50_355,19,0,have · · the · that · low because the crime itself · · and feminist activists that have been going out way to scare people over into · · and that have · taking · of the · order to lone · the · merely · to their · have · to · from · · besides didn't provide source statistic
REDDIT50_356,19,0,i was being pretty fucking generous with you and · you to · your · on mobile? so what? and really? you're claiming being sexist because i'm immediately backing your narrative despite you · no evidence whatsoever to backup your claims? it's remarkable to that people · · · against · of bullshit when you · views about · · · · or · to five · so openly it's actually easy to · for so yea you're admitting you're too lazy to backup your claims i besides say to · who · the · of ' low' this matter so · to you? if you're · then you · be in · of · accusers being · men · · · to you?
REDDIT50_357,19,1,"you did you claimed i was making a · · you dumb cunt, · me how you · what · stigma comes with being · · · it · you · on · accusations in the first place."
REDDIT50_358,19,0,"the irony of all of this is this persons' not just ' insulting' me they're making a false accusation against me trying to declare "" that's a sexist assertion "" like all this shit with calling people far right / fascist and so on or claiming misogynist if it's just a back and forth i don't normally give a fuck really but i would not be surprised if they were just some dumb university student making the accusation not realising that if they actually went out of their way to spread rumours about me i could probably win a court case against them by myself i almost feel sorry for them, almost, all being · to · this behaviour is acceptable, it isn't i call · anti · · unless · · evidence you to · polite · me the way earn respect, if · to · me · then it's their own · if they · their · · i don't owe them anything just because they deigned to interact with me"
REDDIT50_359,19,0,prefer be · sun tzu · than · · you: p as for · · interested opinions of fanatics who hate me for · with them · the people who · argument interested · side
REDDIT50_360,19,0,· research · on false accusations generally nevermind feminist attitudes to it what i can't stand though is how they constantly · equality and · because false accusations low number means they be ·.
REDDIT50_361,32,1,"· to · out a · product · managers give · the first · · to inject your countries sickness into your · · · to · was ·, [NUMBER] / bf / [NUMBER] / bc · · antic bf 3 · ·. 4 · never happen'd, · may · it's touch, merely doesn't swipe what they earlier ( · as an excuse · · choices ) · for ·, much as 5 ·, · · · numerous · wouldn't betted · on the · · years · · · · arms engine the · · · to · · planetside · are · and · · · you music and controls very, · excessively lone they didn't · · · politics · and. not · origin and join · · "" thingy prefer to stay relatively · ·, · in · · from quoted · american managers "" fucking · · about · ·, they known priggish · if · · *"
REDDIT50_362,32,0,the titan mode [NUMBER] making · god damnit that · was · good.
REDDIT50_363,2,0,"one thing always · the us from full "" cucking "" places like · · thing europe always stereotypes · · objectionable ·, · stupid we sound is major · "" · · and · "" pushing indoctrination."
REDDIT50_364,32,1,"country is more cucked the · or sweden? · · · a · draw · merely · me answer question with another question * who · · the retardation in the west, · to "" · something "", gender · in the · the last 20 years? · the us * * > being objectionable and opinionated, · stupid we · which is a · obstacle to "" keep calm carry you're · that europe · stereotypes · · · casting europe into one massive · and · · · on one it's · the · on a full pushback · · therefore in the · dear trump · · to · · more · people africa unleash their · nuclear · education the · · · even ·, isn't · on more · · your retardation of yours · else merely the · · here is place the · free ·"
REDDIT50_365,2,0,"· truly hit nerve · that · · to anyone but americans ourselves he · · i · "" · to · · because · excessively much a loud prick to · · it. "" · · · · good · why some · the · they are america · many areas of · ( · the · and eastern · can · the studies ) "" i didn't expect much · from a european "" to not want to · the blame off themselves · snobbishly superior but guess · to · each other."
REDDIT50_366,32,1,"seems truly hit nerve with · wasn't even · · merely americans · i'm · · · · now · · blame themselves · snobbishly · · pushing the · themselves · snobbishly · · same · ·. in · one in the · · from · · · reality the "" · · "" of cucks may located · merely it originate still very · the usa, · when you · it it's always the · · "" · "" that · out. * "" we have · of · and · amendment "" they say after being in country · (! · · off allegations and · any · laws · europe "" go defend your family · by · · engineers "" * they ·, forgeting the local · terrorist * "" you · arrogant "" they · · · that · * * 60 · · not · · · very · · about · "" · · can't · ·! "" · after using the one · for the · decades. about like the fatigue from facing · is greater based - on · truth taunt behind. it's · and constructive to · "" fuck off mutt "" * to · · the · years know to ·, merely point is · · and · weak · reasons · anymore fortunately still · australians for · > · up to · of other nah, i'm · · be · ·, yet i am · · back * bout · of · on · of all place, know how is · ·."
REDDIT50_367,2,0,"he · after pushing · off themselves i · · on anyone, merely · · · · · to and one more immune it's always same incredibly arrogant "" · ·. · some · "" we are · not say our · time ( like · now we assholes can called arrogant ·, merely you · bunch · stuff i said ( minus europeans being arrogant, which · · interactions my own personal · · 60 years · ) · off · at people you aren't · and · · we are supposed banting at other merely continue you bro, · speaking my icky area the complete · language, ·."
REDDIT50_368,32,0,"· about · ·, · capacity to · · large ( and · is · the worst offender out, will · dare · · scriptum ue have · weird shit going that · in general, merely for weird · operation · did run · at the time """
REDDIT50_369,15,0,· bigger story than ign's · scoop · · cancelled · ah western media so ·
REDDIT50_370,9,0,"· how many stupid posts you · with stare rape, ·, nobody sane believes you"
REDDIT50_371,4,0,"i · that cheaters in online games suck, but does it alarm anyone · that private company is · the below? > the · of · · · · · v been · the · · the · of five · · making · · > the · · · rockstar games parent company, take - · synergistic, · two · in ·, australia, · related · · as infamous > the australian federal court besides frozen the assets the ·, not · filed defence"
REDDIT50_372,33,0,"and be honest, take · give · · fun fact gta online is · geared toward taking the fun away and pushing players into buy shark · · the grind"
REDDIT50_373,4,0,"> the · national · · · · to the prosecutor's · after modification · to the · · the · polish concentration ·, where the · of · polish ·, ·, you polish dogs? ' · ·, the poles * truly * · the · polish concentration refer to the · · · in occupied · ), do? · doesn't seem · yet?"
REDDIT50_374,26,1,"· · truly · of retards though · man claiming he · · on a · · and wild · · mgtow is · of the biggest echo · yet · others · ·, · · awareness · · applies · · about topic · · ~ ~ witch ~ ~ woman banned, · · · · logic these here ·"
REDDIT50_375,26,0,"· the hilarity they as bigoted and · chamber like as those they · and scoff, zero fucking self ·"
REDDIT50_376,4,0,"> in the hundreds of hours i have on battlefield this never happened neither did i do it nor did it happen to me it's just the ' if someone with sufficient skill can do something crazy with the engine that is unrealistic, then why do you care about authenticity of setting? ' argument remember that · they were all posting where someone managed to get a soldier with a flamethrower stood atop another soldier riding a horse?"
REDDIT50_377,35,1,"oh wise and all knowing sissy, please tell · heterosexuals are · to look? · · · earlier i put your place"
REDDIT50_378,1,1,counter point women view are cunts.
REDDIT50_379,1,1,they're · probably cunts.
REDDIT50_380,11,1,· is · · them · · feminists think · women women apparently so retarded they open a · · · get jobs wholly so yea years · have feels for you for what was like in the s merely · you're · than · · oppression truly faced? excessively · allowance daddy · · · every · yea lady an · · certain · ·
REDDIT50_381,49,0,i truly · · a woman a cuck for ruined
REDDIT50_382,27,1,even · reddit is · full of faggot snowflakes
REDDIT50_383,47,0,· an incel · · · · shocked shocked i say i know difficult for you to · merely · want women · · · them not mention · that make them incel and · · yyeesh
REDDIT50_384,10,1,"no matter what absurd · it is, he deserves · · · reflection · a · · · than this cunt."
REDDIT50_385,4,1,"yea · at · and seems be · by · ggers · · · [URL] ·: oh this [URL] oh, critical · is a fucking alt · cunt · actual nazi"
REDDIT50_386,10,0,he's been beyond redemption since he went out tangent against us years ago
REDDIT50_387,33,0,"· gonna use the james gunn excuse "" · · · · wholly a joke! changed now """
REDDIT50_388,10,0,· black hole · · merely · talk. have at you
REDDIT50_389,10,0,· actually · · of that particular gay vampire · · on how vampires purportedly · reflection in ·.
REDDIT50_390,15,0,why · enable · · you ban people for doing?
REDDIT50_391,33,1,"the · · for any kind of bullshit the comic industry has · and will · the · take · ( even work the · years for example produce some the worst comic books ·, · with any woke retardation they jerk off to · when nobody buys the book blame them nazi gators rinse and repeat. least the industry finally · and dies."
REDDIT50_392,5,0,"you can't play a woman single · then these guys bring original red dead revolver had missions where you played · and a black man · be much · than "" i · enough by one · """
REDDIT50_393,5,1,yea just · of sad know for a · could do a · better job being · journo than these retards
REDDIT50_394,5,0,guess · people aren't · indoctrinated actually · as · thing them the lone · that matters is being the most woke the stupidest woke · · the · ·
REDDIT50_395,30,0,"for record a dude who actually · longest ·, and nothing gendered in it all i · what · is · didn't · it largely of those truly · · i to keep looking up like that stupid candy of course, [ i've · · make a good argument that it the · · that contributed downfall ] ( [URL] · · · large thing, it's very difficult make a pnca ·."
REDDIT50_396,30,0,"> i mean it ’ s not like stupid vapid bullshit like “ the guy game ” or “ leisure suit larry ” contributed to the shit show of point and click · pretty sure there were * lot of crappy cash - pnc games back then, just like any trend"
REDDIT50_397,2,0,a · of · · particularly a lot of · names in · version · · to them to a disturbing amount
REDDIT50_398,39,0,"> then someone thought "" what if we used our power for good? "" and we got trump"
REDDIT50_399,35,0,doesn ’ t matter ’ the ·
REDDIT50_400,35,0,no.
REDDIT50_401,12,1,"the best · · turn the · for help the · said was "" you to. and lost it · you there · all · · you're just · · to be · something possibly the dude who · "" still walking about ·, possibly actually · you you're · dense · · had sex ·, the lone · you can · · by · · · nether the bus typical female behavior"
REDDIT50_402,25,0,"i wouldn't surprised, merely besides · · temperament self · twat · know to · his fucking mouth shut · · · gigantic · · · when we · some · · on his · or something and · · out a barista you · shit court and careless the judge you politically apt to hold you in · · contempt and beyond politics ·, if you an objectionable enough · to someone · · over you they are apt to · to fuck you · you did · wrong and a cop · · ·, you · · an · of yourself you · to · · which you · able to get · court merely just it you · merely out a bantam bit time · being · and · go on ·, now you have to · a day in front of judge, you that · you are apt to spend a weekend a lock up, possibly · · sprayed or tased the · the cop might get · things, merely you got fucked · because you couldn't shut fuck and · traffic · what · i could see waid · tickets weekend jail · burns because he couldn't shut the fuck a nonissue · may excessively optimistic · out of · me · · large · waid besides a · male have · · or race · to · besides being · · · · · · for zack."
REDDIT50_403,25,0,"so · · full boondocks "" fuck yor court ""?"
REDDIT50_404,47,1,mustaka was right a cunt
REDDIT50_405,41,0,one the · · of stepping down is evil bane gets to take off the power · ·.
REDDIT50_406,38,0,"i · like not · * i phrased · · i'm wholly · of much pointless extra · it would for · and how few · · change as i said, staying · able a dumb and pointless concession to · · · chiefly a guaranteed · · with · ·: a ) * * · · be · choice being · for us by · i think there should have been a gluey about opt out · a · for it i lone found out i was · · wholly unrelated to / · · and · · mods that · · know we had 5 k active · day friday alternatively our · 2 · · · not and, without post · not · that the mods unilaterally chosen to · · of · · · ) people · · they a · place to · · people like the ·, they can agree and · a sort · · · i · · by the · to change"
REDDIT50_407,40,0,> if · like the choice they have · · · and happens when the mob that fucked up the · · ·?
REDDIT50_408,38,0,"huh? talking about this thread being the dedicated "" argue about kia rules and administration "" thread if / r / bestof finds a reason to brigade this thread, i'll be thoroughly impressed."
REDDIT50_409,40,0,have they ever · a reason?
REDDIT50_410,19,0,· confirms my theory female teacher paedophiles are frequently · · men · target younger ones alternatively · · · · that · are wising up to this so quickly possibly they'll work · more to · these sorts of manipulative · who are using them i don't much sympathy
REDDIT50_411,19,1,"matter · · ·, word · about psychotic they are men avoid them · · feminists a · · · not necessarily giving instinct it · · they know amount of trouble · they even have · night stand we · · constantly from feminists especially who · unable find a · or how unsated they the · · · · ·, i · maintain they're marauding and are just · for · dick ·, it's · · · a adolescent · who doesn't · any better thinking · to · · · than · · · convince a · · in his ' they're not · · done · · earlier has seen · that · · · that · the · of them getting real kind · they're · · to · the · they"
REDDIT50_412,27,1,"· on · still · the faggoty white · · anti \ - · · normalizes and · this kind overreaction cops. * the · · behavior · the · ·, ·"
REDDIT50_413,0,0,you can rub some · on that dirty taint.
REDDIT50_414,0,0,"·, cooking is · its lone not - make - believe real world application."
REDDIT50_415,43,1,"if this bitch actually had career "" i think you should that way don't · this · nor you have any · this · / · / · · so · off · · ·! don't · to · me any · reductionist control cunt! "" fucking · you · ·? · work · the fighting · company itself dissolved."
REDDIT50_416,47,1,"competitor here military well, which is wholly irrelevant btw merely · do thats the · though she · · obvious she was a cunt about excessively"
REDDIT50_417,22,1,· · domestic · · · australia should addressed you cunts fix your homicidal serial killer animal problem
REDDIT50_418,4,1,"someone debunked · and it was · timeline is > picciolini, describes himself as former white · ·, ” · · kotaku · in july, when he hosted a · · in, he claimed right - · extremists · · · recruit · · into · intrigued · · hill and reached out · to hear more · right · movers · who · fit entire · · a · match asked · for evidence of his · interview, referred · the · have experienced · ” · a few screenshots of · · open world games · points · besides · a · the · · shooter, school · · which pulled from · earlier · another screenshot a · video · “ fag jews ” in which someone · autismgaming · · · it had views difficult to imagine blustering picciolini has · enough · up the npr · otherwise · evidence, and you · any time online · ·, know · made · · is · · of 12 year - old · it is neo - nazi · seeking to · the · side leads · · any · · conversion · interviewed? any · if · a · ·, haven ’ games journalists and particularly ones who · · hours · playing online · · a whiff of wild thing · on it? > · ’ · least · their · merely provide · · for the claim that white supremacists are actively · gamers · · scale · · for anyone be · about and to · it a step · media · claiming · · · · · · are buckling trope in · · · merely needs to end · going to · · the · · · · · · - mongering as journalism it s · mainstream conversation about · game addiction · · circus · · even worse · tactics it ’ ’ wholly · scientific methods · · · · · · · violent and ’ · ·, led suburban · to · · · & · · · were · · the npr · author, mother of · wrote a book this year titled art of · time how family balance · · and · · reached to for comment respond when asked picciolini why · · stating there a · · and far right extremists he ·: > “ receive emails · weekly from · concerned their · sons beginning use language aligned · - · and white · · · · · or · jews · · · · · soros parents tell · time again · that are being · while · multiplayer video · other · · · it begins by · · · · ggot and · gger desensitize them followed · · people · · to parrot the words · to · · · 4 chan chan bets · · · her · today?"
REDDIT50_419,33,1,"> he claimed right - · extremists · multiplayer games · · demographics into their cause who woulda thought the guy who called me faggot and told me · earlier today heroes the storm i'm · younger ·, don't · was actually trying recruit me in the great aryan army?"
REDDIT50_420,11,1,"> what makes you hate women so · gee haven't · this · a thousand ·, please cite source · > been · · now no you haven't > one major problem the · · · pessimists · · bad · they hate all women merely everyo i assume referring to my i · · "" ·? > like they just one bad ·, and now they hate all women please cite the · you · · feminists twoxchromosomes · · at them sexual · the incel · in feminism? > merely · · · relationship point? i've never in · nor · one my · · mutually or · · · fine · for · merely, don't enter · · a · regretful · · · · · different life · > ’ just · to understand your feelings women your failed · impacted thoughts · had · one, · right feminism · keep them as · series of holes play with some · to play with some fun · you · how you · that new relationship · kind of · you buy a new · you wash it · a ·? then you · doing · day a lot like that except you end the · earlier you · washing · ·"
REDDIT50_421,0,1,retarded opinion merely i · that · · · or threatened · · · yea acerb actually surprised anything · happen · saying anything against · · merely it · like · of an ·.
REDDIT50_422,37,0,"eh, just switch to heckler & koch of "" because you suck, and we hate you. "" infamy and other firms that don't care about the civilian market, which pretty much includes colt by default at this moment."
REDDIT50_423,17,0,suddenly i feel like buying hornady ammo.
REDDIT50_424,37,0,"black · non - remanufactured for me, at least because they use barnes copper bullets in 5. 56 nato loadings but hornady has some good stuff."
REDDIT50_425,17,0,"> black hills i looked them up, and then i saw they had something that looked like underwood's xtreme defender, and they called it the honeybadger and it was in 45 - 70. ow."
REDDIT50_426,37,0,"heh, know they · a. 45 - 70 version, can't imagine why, so i must be missing something is gratuitous unless it's a hunting round, and i · have · tried. 30. 30 first. the name is cute, but it's based on the about alone · · it that · · · a · ·, for pistol ammo, and for i · [NUMBER] fps. 45 70, won't · ·, e. g if it · plugged by · · clothing."
REDDIT50_427,17,0,"> ·, know they ·. 45 - 70 version, imagine why, seems pretty obvious to me they want to · · explode into gelatinous cubes when they shoot at!"
REDDIT50_428,37,0,> want to · · · into gelatinous cubes when · with their trapdoor springfield fify ^
REDDIT50_429,17,0,this shit right here is settled science.
REDDIT50_430,12,1,"· simp bitch boy men · women · all over · it's truly that difficult to figure out if men would stop acting · · beta faggots, · would · · up and · · · ·"
REDDIT50_431,29,0,i mostly despise the hot ones excessively
REDDIT50_432,1,0,trying wrap my · about · · be stupid enough think · · or what arguments · back it up
REDDIT50_433,29,0,· she · she already · two · and two punches to face and · · back more stick and tazer ·
REDDIT50_434,32,0,""" deeper meaning "" should they then just ban all shiposter from steam then?"
REDDIT50_435,32,1,"> is · · "" heil hitler "" funny? · it proper management everything · not · ·, · of those apparently · dude my · is · hardcore nazi, · his ig char is · · · · · · either · · up their · · and shit or · / · · · with the · he show up · using a thicc ghetto accent · · ·, funniest one far · · · · able know do threading · about the · situation > a private company · certain · improve user experience ah yes celebrated private · do want possibly lend · enough dosh we · valve steam your logic precisely why freedom of speech lone exists in the usa you · wish, · this kind of · · stop · what? who · are you · · have actually typed so on · pro censorship kia · places, you · resolved to hey go back · · bent dude i · · day · this concept: anyone make or nobody, is · ground if you like avoid or ignore · and · your · friends call · on another board"
REDDIT50_436,32,1,"i'm not going to · · with · · know · > allowing · to · any they · any · · rarely good concept can't dude d · ·, steam · · · · your ass > know · that as censorship · · · > · off · website · extend to ensure that · · · · if that · people allowed write · · · · "" · · not like you · indeed · you · the · how · you stay on plateform freedom · · you · · "" > because · them on ·, possibly misunderstood the purpose of that · smug · read this · congratulation 1 · agressive · - - · · ·"
REDDIT50_437,13,0,"is it between the bread? no so as long as you dont eat a calzone, its not a sandwich."
REDDIT50_438,13,0,thats just an inferior being to the sandwich it didnt fully went through the evolution to become a sandwich and will cause you great grief if it drops on the floor and we all know on which side its going to land it is as much a sandwich as a cat is a fox.
REDDIT50_439,2,1,"· a · · open the article with have earned me being ·, · reading the article the slightest ·: besides a good · · of the retarded events that transpired"
REDDIT50_440,9,1,"oh my just take one by · · we: > let ’ s · with this: women lone get pregnant about days · · · on the · · "" the rhythm · "" and find the · rate is between and · > so ridiculous, that an oral · for men was ·, it wasn ’ t approved it wasn't an · · for · thing it was a · of injections > and the list of side effects was about 1 3 as long as the known side · for women ’ s · contraception the side effects things like a man attempting suicide > now keep in mind, for the truly condom - averse, men also have a non - condom, always - ready birth control built right in, called the pull out it ’ s not perfect, and it ’ s a favorite joke, but it is also 96 % effective from the article the author linked > so in real life, about 22 out of 100 women who use withdrawal get pregnant every year — that ’ s about 1 in 5 that's certainly far from 96 % > because there are 0 consequences for men who cause unwanted pregnancies just point to this [ article ] ( [URL] about a boy who is being charged for child support for a child conceived by a woman who was convicted of statutorily raping the boy zero consequences? fuck you cunt > 61 % of men ( or women ) who are legally required to pay it, simply don ’ t with little or no repercussions citation needed seriously! back this up bitch here is an [ article ] ( [URL] about men who have been pursued ( to the point of extradition and jail ) for child support for children * * who are not theirs * * > vasectomies are very safe, totally reversible, no given vasectomy is guaranteed to be reversible further more, the longer the duration between the initial operation and the reversal operation ( which is not a simple procedure ) the greater the chances are that it will fail from wikipedia we see "" pregnancy rates range widely in published series, with a large study in [NUMBER] observing the best outcome of 76 % pregnancy success rate with vasectomy reversals performed within 3 years or less of the original vasectomy, dropping to 53 % for reversals 3 – 8 years out from the vasectomy, 44 % for reversals 9 – 14 years out from the vasectomy, and 30 % for reversals 15 or more years after the vasectomy "" > it ’ s not that wild of an idea 80 % of males in the u. s are circumcised, most as babies you're seriously supporting your argument by pointing to genital mutilation as a * * good thing * *? > men cause 100 % of unwanted pregnancies or irresponsible ejaculations by men cause 100 % of unwanted pregnancies your body your choice your responsibility"
REDDIT50_441,9,0,"basically, yes the article the dipstick author linked was in reference to a stage · trial of the treatment before a · treatment is approved it has to pass the stage ii trial and then go to a much larger stage · trial it was far from being ready for wide term use."
REDDIT50_442,11,1,"· out of adolescent incels to bully so · · ago, they · to be about calling out the more · · · incels or more crjngey elements but then / r / incels went away, lone · it · bullies ’ those beta ” types you probably saw in school, always licking up to · kids think ( very asshole like way punching that popular · behind like · · halo so the people ever · · about incels in any · · · had · · to, whereas · · sad incel · · themselves so ’ s · · angry virgins · of like incels were it went “ · is support group to an · · ‘ em ” adolescent angst group, · died naturally, but then it · to be idiots, and kept the bullying up then · / r / incels · ’ ll get em · ·, and t · alpha · · ·, mean the · class · popular · ups, · he · · their · rather illusion so · into the bullies precisely what incels · they face all · · it filled · have education or · into ·, sociology, group dynamics they do not care hurt they · a · of online incels truly mean anything school · · started long earlier · · were thing incels · · on its own, or · mulled more · elements · them · · · / filtered · feels righteous they · excellent · you always have feeling · indignation, but they ’ · · over · the · · “ did i do · ” look faces you can tell their posts but it a · bullies so they think “ yea we ll · · that ·, but they got to · the · · · so they · us, do like · · large this that · · · · · attention, so pretends to · · for · · · · out of · positive he · to, · a hate site few feminist · referenced since · · · now ·, that quickly · · revenue so hunger for bantam bit · · had in their · is always ·, they urgently · it so · incels, so now, they re hoping to get · · ·, but · that just won work we ’ give feedback response · so to start making · · · desperate to some · ·, praying piquant meme to post it for validation crave the · of posts there responses quickly declined · · doesn ’ · · its ·, the moderators t · them as · · dry that they act precisely like incels but · helping someone is · · just ·"
REDDIT50_443,47,0,· was · money was on syphilis
REDDIT50_444,46,0,this a marxist inversion · · ·.
REDDIT50_445,46,0,"just ·: that's * coherence. * gaming · should chiefly gaming they're · "" · apt be · possibly even insulted."
REDDIT50_446,46,0,"one · · in hapless · · argument in · · · those who · · "" safe "" a "" safe space "" for people who don't want "" · spaces "" just a wholly different type space"
REDDIT50_447,46,0,"because direct impulsive assault gamers you honestly trying conflate any reaction motiveless · · · to transform · spaces "" · · "" · entirely ·? fucking asinine apply separation principle which · · to leave the · · · · fact · dominate space · · other group consider · of · acted ·? · merely · and · ignored the ·, feminists, sjws was it latter · · concentrated attacks gamers and gaming culture as debatable "" "" toxic separation · · who · · events determines · · · · · this fashion · reductive ·."
REDDIT50_448,46,0,"they taking concept of a safe space to extreme they are wearing the concept a · to · · feelings, which are largely · resentment and · and again you are · concept a "" safe · to absurdity a · people are free to · and insult one another "" safe "" people who dislike safe spaces unless you · to using · · definitions ·"
REDDIT50_449,46,1,"charitable point me · the · gamer criticism of feminism that · the idiocy of anita sarkeesian you can't doesn't · you're · conflating · space "" ( aka · · · · inclusive ) safe · · space with · of · community ) your semantics are fucking retarded."
REDDIT50_450,46,1,people are · george · for a · asshole orchestrates migrant · · · subversive · and · of leftist dummies are actually retarded enough · by accusing his critics anti - semitism · a · - · · wreck headed · another genocide.
REDDIT50_451,4,0,"resetera going · · 23 · at · writing [URL] not · ·, but sjws on · already · witch - · a · · this"
REDDIT50_452,46,0,"you know what's astounding to me? that a social justice retard know how the intolerant minority works 10 % of the population is enough to turn most of the butcher shops halal much of our food is kosher despite a miniscule jewish population it has been suggested that 5 % of a population is enough to start a revolution oh, and a bunch of our videogames are already being censored and / or altered by the insane preferences of mentally unbalanced leftists, whom studies reveal to be roughly 8 % of the population so no, gamers exercising their own right to criticize in hopes of effecting desired change "" entitled manbaby whining "" - - although from one intolerant minority to another, i can see why you would seek to diminish our influence it does run directly contrary to your own, and we already spend way more money than you guys do additional sidenote: calling out gamers as melodramatic babies given your histrionic ongoing 24 / 7 anti - trump meltdown. heh"
REDDIT50_453,9,1,·. · doesn't cover it: · · up about · out · is · · be about slapped a · theatre · and what that · entitled cunts like me
REDDIT50_454,49,1,"so it's completely impossible to everyone here that she actually believes that deportation is a bad choice? also, how is this ppd? was she trying to use a pussy pas?"
REDDIT50_455,47,0,who the fuck cares.
REDDIT50_456,35,1,that · slap · that cunt back dead
REDDIT50_457,40,0,eustace he raised by repressive parents · · find true self
REDDIT50_458,23,1,· like to · her · - selfish cunt - lies to the court - · desire · · who refuse to · her bullshit seems like · female · to if happened in america fit right
REDDIT50_459,25,1,"> having ·, scheming · a secondary antagonist didn't come · as · woke · it · like ·, · felt more · sjw feminist cunts actually · · than how they · they · lone with ·."
REDDIT50_460,9,1,"i think has · point where matter all of these · so · these twats that none of · · the · · of sense not that it ever · much * · merely somewhere · · became · nonsense · is · person one of these dipshits, once do · a wide berth and leave them their ·"
REDDIT50_461,30,0,"earlier · · it, · · seem think rich · "" · like [MONEY] for · plated butthole or some · ] [URL] and [ if have a billion · then s · from countless underpaid · below that should the · ( [URL] even · y'know * it edit · many folks like this think · · · money huge · · - · moneybins and · · * · money · · and · does it follow · · · some one · · · · specifically"
REDDIT50_462,4,0,· another · rant · someone the · sub ·: > · be happy to · article on any · · facts correctly · gauged the reason · community · merely still manages come across as a redneck incel when · opinions made my · · read
REDDIT50_463,40,0,i mean some issues with the way usher writes merely the exact · · expect · called one angry gamer
REDDIT50_464,4,0,some of · are funny this one · some are less so.
REDDIT50_465,5,1,eh. possibly · far merely it reasonably · to wetback.
REDDIT50_466,16,0,"where's the lie, sweatie"
REDDIT50_467,16,1,"you retard, is the · lie"
REDDIT50_468,16,0,no one is · answer the question or begone
REDDIT50_469,16,1,"oh ·, look i'm regretful, i · · pals retarded, · that the ·"
REDDIT50_470,2,0,"and they waited was excessively · for · to back or second · be · · guys · ·, · excessively excited ( · how hype we have · some deniability after"
REDDIT50_471,2,0,"my bros used giant "" pick nerdy chicks "" ·, with · · · merely yea parties what it much more · for · · now that other companies attached intel · · · ones."
REDDIT50_472,31,1,because are retards who just · men like all · of feminists
REDDIT50_473,31,0,"lunatic radfem, just in · to · · · · · frequently men · when · · · every civilization · a · in group · that · unable · · when the · female > · · · · black · · all, the shooting maryland ·, · toddlers yesterday"
REDDIT50_474,31,0,you are genuinely fucked in the head either that or a good troll how · men are evil when women are out shooting people and stabbing babies [URL] [URL]
REDDIT50_475,31,0,well that was the last two days let's see if another one goes crazy maybe stick to child rape the patriarchy is a · of your damaged mind i really · to know what happened to you to make you this way.
REDDIT50_476,36,0,you · just · words mean · and highly retarded redefinition is anyone · to · ·.
REDDIT50_477,47,0,"was · a · and taken · · many · times ·, ·, hands down pants one time held down by 4 girls as drunk as · my · and · to · difficult i · · and was laughed at · took · seriously on have to military · to an opinion on gays in the military the fallacy fo disenfranchisement is what are · women wouldn't · anything about ·, on the scale off men as men are the overwhelming victims but im about to · women · to · on the matter the · "" men dont understand "" is nothing more than a bully tactic to both control and shut down the conversation"
REDDIT50_478,47,0,"i · · is mocking this · because she changed her own story from rape · assault she's · in very hysterical manner if this any otehr crime she was · about, she · · thee way · is · that rape · far from it this woman relies on nothing but · and people difficult · · her particularly · campuses easily expel guys with simple accusations, her story comes across as over hyped zealoutry."
REDDIT50_479,16,1,"· · this · easy to · · · it · it's outlandish, until · it · happen enough · i've to see · members say shit this ridiculous the fact · been made to be this retarded sad merely ·"
REDDIT50_480,16,0,· that feminism is communism [URL]
REDDIT50_481,16,0,\ \ > when you deny the evidence that is · in · of you
REDDIT50_482,16,0,· a · ·
REDDIT50_483,16,1,"retarded, certain"
REDDIT50_484,12,1,get · worthless cunt or kill yourself i · the ·.
REDDIT50_485,45,0,"i · the echo quotes are not · semitic · · most of the time · for · effect most · in the · · of the mad ravings of · · so · a · that · a · ethnically Jewish person the · · that · · that · presupposition the echo · used like "" mattias ( ( ( krickstein ) · regular · · · · · of · · q "" the comedy · the head slap that follows and the "" of course a jew "" response"
REDDIT50_486,0,0,i guess · sense a makebelieve world where those things · materialize out of thin air need for · world mastercard
REDDIT50_487,0,1,oh! retarded!
REDDIT50_488,47,0,i suggest you learn how to have a conversation like ·.
REDDIT50_489,47,0,· · · · that fallacy! stehhpp onn doowwnn! besides · the ·
REDDIT50_490,47,0,"> critical thought if i were you its funny, because youre the one · the tag, npc"
REDDIT50_491,6,0,the poll was on a news app that barely anyone · the · · is too small to be trustworthy
REDDIT50_492,40,0,"· a fundamental · this · the author · nether the impression · · is · · · · who basically · · · with no talent doesn't · to · the quality may shit because it's filled with · who · * people who like talking ·, merely people who fucking hate the thing they cover want destroy and certain why · is it because gaming · inherently aimed · would · · · · · stop · it isn't [NUMBER]; video games are not · in · · they're multi · · · the · a · · has · climbers virtually · and · · · inside a · · known tactic how the · brothers · rich, and · b · · · since · bieber opportunists be · about * wouldn't an industry bigger than · have · willing · · · it to the ·, · to · · · could · "" · journalism yea, rehashing · releases · and not - productive, merely · who · interviews with · mess about with hardware, · the · · · · ( ways that · · ) · serious · ·, etc etc i · game · sucks because not possible it suck at a · stance to · lazy and · the · · · · people who fucking hate · · this · · · · · · · · * and shit · · · del "" just flat - out wrong if guy was a political · he'd · · candidates [NUMBER] on beat · · · the confederate · · georgia and · to the ussr."
REDDIT50_493,46,1,"i think are besides · · at ·, forces that cannot merely explained · markets and · demand dynamics · · best · up · · fran · · the percentage of ideologically retarded gamer - · · live in · · equivalently pathetic · coincidence or · - it's legitimately · cause of all progressive idiocy in · creating good · · might easy as figuring publish somewhere other than · urban enclave ·"
REDDIT50_494,10,0,swedish source · · · of · 2 the rise of new competing developers in stockholm it's as · · · · that ·
REDDIT50_495,10,0,"· you · work corporate drone [NUMBER] in an ea · · · sequels would · to work with a · team ballsy · · to · in · · people · · · to · the fuck out the · ·: · much earlier, merely wouldn't be surprised · is · · · as the · engine · nothing"
REDDIT50_496,10,1,i myself quit a job many a moon ago over my boss being a complete and utter cunt who was nowhere near suitable for the position he held i was ramen every day poor afterwards merely it was fucking · it retrospect.
REDDIT50_497,10,0,"in my ·, it a combination of two · ups · was shift · was · a welder, he fucking sucked that, he · enough · to get the shift · job · got kid a job nether, · me to teach the ropes, all while · own kid · · i fucked · in that job, i · ·, · · attestation, i told them to get fucked in · · every workplace at least · · everyone · "" how the · did he / she get that job? "" mine had two."
REDDIT50_498,4,0,"> cheong himself · to · as “ alt - right, ” a · far - right movement littered · supremacists, but the language and political beliefs in his videos largely reflect alt - right beliefs > for one, hype break ’ s video implies that gog ’ s critics are all “ npcs, ” an alt - right meme dehumanizing the far - right ’ s · as if they are lifeless and mindless ais there are · other dog whistles the video · too “ wrongthink ” normally thrown around to portray queer and feminist · as cults where people who think the “ wrong · ” are punished and there ’ s “ · tactics, lone · targets, ” catch - all phrase · · supporters to · · activists as · harassers · “ targets ” with · for · damage where is the · an · · · things bad ·, lone · targets' · a moviebob · - and · much description alinsky · 13"
REDDIT50_499,40,0,"> then s “ no · · lone · ·, · phrase used gamergate · to portray online activists as deranged · · · ” concern · damage lol the one they don't sum reasonably accurately and it's the fucking saul · quote how wholly ·"
REDDIT50_500,16,0,took ·
REDDIT50_501,16,1,· yea certain hey · country · seem to like us · · · about mistreatment retarded
REDDIT50_502,16,0,· · another · comment with · · just are they · you brown kids with our tax ·
REDDIT50_503,16,1,· · that retarded comment makes any sense
REDDIT50_504,16,1,what some gay bot ·
REDDIT50_505,16,0,so ·
REDDIT50_506,16,1,· that ever a nigger
REDDIT50_507,16,1,"certain, nigger"
REDDIT50_508,46,1,think · more relevant · number of · arts · · useless · lone · · · · · operations video game · icky radical leftist neo marxist twats because are millions of these useless people · is one of the jobs do.
REDDIT50_509,17,0,"> another thing objects to is "" google · "" i · · · · i'd say · on · or not the "" · lab "" is · google which as another user notes · be · insights ·, · as i'm · * · google contracted to · · by google and · this ·, google didn't · ·"
REDDIT50_510,17,0,"> there is not · · lab · · on · the · put · this · is · an internal · · · · youtuber · · out by · · on last page of · [URL] i access · as requires me log into google account > or i dno, possibly large · "" logo plastered on · page and on · · · consecutive page there on · · it away [URL] · · · not surprised · it's · on particularly · made for * · my · what · have that is * * · · ·? > there's excessively much retardation · done or · · · · to seem smart possibly · · · · · · · better · · · · of · · · on earth including · · in · · leave · work random · and · i · earlier i · to · · i can · fair not · ·."
REDDIT50_511,26,0,"but if women "" so · smarter "" · up ruled by their "" inferiors "" as the equality line, women have equal nether the · and · for at least · the west and yet · competitions chess etc wholly dominated by men taking the · 20 years there is · · stopping women · · such as · musk or mark zuckerberg but there arent any there are virtually examples of women turning the · its · with service or product at best have no evidence, at · there is · of · evidence womens ability at the "" top · """
REDDIT50_512,26,1,"> · argument that · · have sidelined · or were merely · to be positions as men and > more men · want be business ·, · all · of wage gap · to · why · women ·, you looked any your opinions? you · your own · its fucking hilarious you · an idiot and still havent · · example female run · or · which has · the world its · past years, as men have, in · · invention · · you find no · · or area · best routinely · "" best · · or any, · best normally always men"
REDDIT50_513,26,0,"· christ you are even dumber gave · · there is no value to me walking a moron through · poor inability to · comprehend information · you think · · · "" · makes it even · tragic stupid actually are "" · · women dont · in business / · they · · "" · · women · excel in business technology · want hurr · i · · how · · undermine each hurr ·"
REDDIT50_514,26,1,"by · in · you mean your · right? you truly a special brand of "" fucking stupid "" allow me to · to you and your "" · · "" ( cough carers cough ) · you · following a agree the spirit of your · it's a · · · women have sidelined history or merely not · to be same · men to · women weren't forefront of all technological and · · · you · there are no · or · · since · was achieved nether · you · · "" men tend to want to business tycoons "" and to pointed to you at length like a · you so fucking stupid · and a are · · you fucking ·, so if b · a · merely the fuckwit you you make one · when · · · your · claim excess your · · you follow just your own logic "" · see women · · · they · · / · jobs · want to do "" read words and · fucking stupid you and your · christ you embarrassment to and · you · your · to · · waiting for · / · / · where · · men competence / · ·. / ·"
REDDIT50_515,26,1,"so blind · ignoring your · is the · you have decided to · is it? colour me · it is no · that · as stupid as you who has · been highlighted the moron you done your own arguments is still too stupid to · / · they humiliated "" we dont see women leaders / titans in industry they held · / disallowed from · they dont want to do "" that is how dumb you, and that is the level of your · and reasoning, all i did was concisely shorten your · lol you would make · flat · because you clearly · you · comprehend · · logical · your · · · · · scientific · you merely · to as · being · ( despite the · the world · laughing you your · im · · your · titans · the world their head · all · the · are female. still ·. ( · that · we as its · you dont · have data to · your · · ) is so · about is you · · you are · / · the · · is that you are too dense to even · is claimed / · and you think your batshit misunderstandings of argument are somehow · valid if you · such · i would · · · how · · · it about · that men would be the "" movers shakers "" of the · · they are not the · · generative · ·, merely because we all · that you a · fucking moron, it would be · · · calculus you stupid and so incapable, actually offensive to any education establishment was · to · you"
REDDIT50_516,26,1,"· · · i · · have · · are truly one dumbest · who was serious ) i have · · on · congratulations there is · zero · me wasting time explaining your piss poor retardedness that · so clearly see, because being · you dont · have brains · · · excessively dense · · · ) no · cant even comprehend a · · · and so · · that its depressing now you repeatedly · ·, · · · simple sentences are excessively dense even · it when it was · · · you · cringe, mere · you think · · "" some thesaurus r · · speaks volumes your · and education ( newsflash that · language · adults · · in barn and · to · · lunchtime prevent · · "" special · ) based reasoning · comprehension · you · "" pondlife · you think you have anything · to · ·, even · that you actually think · wrong · this ·: [URL] and fact you are still excessively · · that · it even more · jesus wept"
REDDIT50_517,42,0,"you understand she was truly, truly huffy him he · have · something make stab because women have no agency she felt bad about it, excessively count · she · · an anger management class i'm certain she · never · anyone again we don't need ruin · a ·."
REDDIT50_518,42,1,"· ·, · in · crowd my comment bantering if had · · and had stabbed her in the · collapsed lung · 911 · with wouldn't · · taking anger management · wouldn't keep the cunt of judge from · him · · she · · to · jail; it's · being · for forty weekends · · collapsed · · it impossible to · some bitch stabbed me the · then called and · it would · to say · · · her, · to · better to · · · for every ·"
REDDIT50_519,36,1,"a · every · far has · the · mistaken "" · "" · correcting are the retard, corked"
REDDIT50_520,1,0,"op this · · problem is · most of "" this sub "" calling him a dumbass"
REDDIT50_521,22,1,· can yet · taller austronauts who · a · time · · · taller are · lazy cunt.
REDDIT50_522,11,0,"finish school if you're in the u. s., or re in any kind or public education, you are not going to learn much of value why do i say this? school exists these days primarily to shelve you during the work day so they have a full time job of giving you so much stupid work that you end up having idiot classes also, communism have you noticed had to take a bunch of retarded liberal arts stuff, but virtually no classes in market forced, entrepreneurship, business, finance, money, or anything else? but there's plenty of idiot courses about history of somewhere that local, sociology, psychology, and other useless things? fill that in with some language requirements, because helpful sociology? does that help you with buying groceries? how about saving, finance, investing, and math? much emphasis on that? maybe a bit of low level math but fuck your future, you'll be a good union worker and support the · if i was to go through high school again, learn as much as i could online, which is all free, about anything actually useful, and run out the clock at school, since it is nothing of value i'm pretty sure, from your post, you know how to read and write and i'm guessing up to at least an algebra level of math if you aren't going into stem, do you need to know more? no, because everything else is stuff you'll need to answer questions on bar trivia thursday i wouldn't drop out of school though now if you want to be an entrepreneur, learn about business entities, how to budget, how to do some accounting, payroll laws in your area, municipal and states codes and regulations, go down town and find out how to apply for a business license and what that means learn principles of marketing, management, and accounting even if all going to do is open a hot dog stand, which is a good first move because cheap, simple, requires you to learn some regulation, and pretty much a break even operation do some uber of lyft an run it like running a business, learn some budgeting, writing off expenses, do a balance sheet, figure out net profits, file some taxes, and all that fun learn to do ( if in the u. s. ) your own [NUMBER] for income taxes, even if you file them because your parents claim you why? because schools teach a damn thing about how money works because they want you nice and stupid and a good socialist"
REDDIT50_523,9,1,"i · this twat thinks a movie based premise of a · of teens · · the · between, · coming a deeper · of and each > set · of · back · that · be [NUMBER] pre · let's · our whiner down for · count of extreme hyperbole as · · being a sack of shit. lone people can find · are regressives grasp · of · · · ago by · pathetic ) · molly ringwald being · of them yea, still · let's put our whiner down · · of · · of course twat is claiming · equal pay · citing the pay gap which been · so many · the lone · cite it are · ·. that's our whiner's hat trick"
REDDIT50_524,13,0,"· the · · ·, merely not the · people think atleast not idiotic or uneducated people those took · · look deeper into it, understand it."
REDDIT50_525,35,1,hope it hurt entitled cunt.
REDDIT50_526,49,0,did you * actually * · · saying that and not being sarcastic · · an inception level of retarded
REDDIT50_527,49,0,have you ever heard anyone actually say that
REDDIT50_528,45,1,like · help coming with new retardation
REDDIT50_529,34,0,"· is decidedly · · ·, and of the · are · · there's nothing · · right wing peterson it right when says · · left · and centrists · · of · democratic · · · when · side demonizes the other and misrepresents them · · · · gets excessively · unbridled power - in ·, the media, · ·."
REDDIT50_530,35,0,"you are ·, · while you cunt of a · · you · be slapped too"
REDDIT50_531,23,0,"tried multiple times · her · · platter, merely kept · people they even tried · her another one initial · of assaults, merely · · · softly the · in orange had enough of her shit. ( · head ·."
REDDIT50_532,27,1,ok faggot
REDDIT50_533,11,1,"· be solved · on ·, · and · most accomplished · ·, · writing and · · · to · store unless have the genetics · or an · · science is · · · to · · of ·, merely that s education largely a defense against idiot ideologies notice the · · · lot of calculus buying · food i used calculus doing · of derivatives · · you know what that · · been solved and written all necessary understanding derivative extra · · about · for 12 years · · can afford the large · and multiple · and stash you · · · · · · · schools designed about · · · 20 th · · like that ·"
REDDIT50_534,11,0,the parents · into · to · the trappings of power then · the kids because they · then they can · · · investment
REDDIT50_535,20,0,religion does not · · merely · religions cause familial ·? [URL] oh wait. don't tell · are a social ·? jews are a race you · i · we ·.
REDDIT50_536,20,0,"sorry, that ’ s even remotely accurate ashkenazi jews traced their genetic heritage · to · using dna · jews ’ · about · people and you know it sure, a people · here and, merely they make no effort whatsoever to promote their · that way you are clearly getting confused jehova ’ s witnesses."
REDDIT50_537,20,0,nice fake news bro 👍
REDDIT50_538,20,0,she isn't a · person she is in fact jew are more · related to arabs
REDDIT50_539,48,0,most · schoolers are idiots they think · · will · by banning · refusing · · security.
REDDIT50_540,48,0,"very · · · · with feminists who · you · to debate existence of a "" gender "" · · like professor pussy [URL]"
REDDIT50_541,42,0,". aber, · bin ein ·."
REDDIT50_542,42,0,"german for "" fatso"
REDDIT50_543,17,0,"more · giants "" deplatform · "" a two · follower twitter · was able somehow · general counsel * ask * them have a conversation then deplatform · set pulling fiscal services · * * a · * this conversation · · aren't just nobody you threaten · · a multi - · dollar fiscal company * get to · who the fuck are social terrorists?"
REDDIT50_544,9,0,· i wonder · thought about · · up as cunts for women's march
REDDIT50_545,9,0,oh yes. can · [URL] viewer discretion recommended.
REDDIT50_546,9,0,"i'm tempted to say "" because it's there "". but too much perhaps identity politics taken to the ultimate degree"
REDDIT50_547,9,0,dammit - gonna take hours to get that image out of my mind! gross!
REDDIT50_548,36,1,"· don't know all queer · run about · in · and · · gras · · · "" faggot! "" and fart glitter · · unless * · · feel insecure about · then like "" · · gadget ·! "" and · ben · from · ·"
REDDIT50_549,26,0,"i remember earlier women the workforce in the · are now, they · on the · about · they · and fitter and happier are, as if men are weak and just · · healthy and foolhardy lifestyle · and · happened, when women · having · · and · · and less · and are · suck up buttercup zero fucking sympathy, this the world you wanted no going back"
REDDIT50_550,47,1,"some little pussy reported > · · it's rude, coarse or · lol bitches, mange"
REDDIT50_551,5,1,these retards unironically · · ·
REDDIT50_552,47,0,a · · · · lift weights coworkers talk about how impossible to dislike me · · · · · starting · year in pre - · · · a beautiful wife of · · i · in · for years besides · · · some sane · of would · to · that you and · · · · a · day friend
REDDIT50_553,12,1,"do they cunts have any idea how · · · · ·, all they · with icky ·."
REDDIT50_554,16,1,another retarded cunt that thinks · · ha was a · · · out home ·
REDDIT50_555,27,0,well i mean · potatoes so. yes astute observation
REDDIT50_556,7,0,"> does youtube want to make money? yes they never have, though"
REDDIT50_557,44,0,· to · · you never a slave unlike · americans that · · ·
REDDIT50_558,44,1,spud nigger *;
REDDIT50_559,35,0,this what happens your · · weed ·
REDDIT50_560,18,0,"· the gab · banned loli "" satanic shit "" · and backtracked · · laws? and would · be more · · with the · laws as a nessary evil as · use · as a · to ban? same · kia will remove outward nazi comments they cherrypicking obvious · and · views as · this · of · ·."
REDDIT50_561,18,0,tell that to the lawmakers who wrote the equivalence in the child protection acts and cover under obscenity laws to boot keep in mind the lawmakers banned kinder eggs because they believe children · eat big toy capsules inside them sadly these · - haired government officials so we · comply with their dumbass rulings.
REDDIT50_562,18,0,"> · the protect act of [NUMBER] · · the · of ashcroft v · · coalition · obscure · like "" indistinguishable from that of a minor "" yep those dumbasses > first off, they were lone · of existing · that existed since the [NUMBER] · surprise eggs were lone · the · 70 s and · now they inconsistent · ·, lone · · off that · · apply · > ·, · was since they banned for about a · places · the kinder the · capsule in i lone saw a heavily · · a · halved · · the · difficult chocolate egg."
REDDIT50_563,3,0,"look, i've · up · negative karma · that · child porn in the · about this, but it's · fuck to · · · getting fucked to merely * talking * about genocide you gotta · · to · · to advocating genocide, or · child molestation to · genocide"
REDDIT50_564,33,1,"> ( and it's wholly · the · · ) · · is pretty retarded because still italian · · words in "" · google · usual comics and · · ) yet her · excessively · to · from · south of the · then again, · to · we · · three times a · the hell, wakanda everlastingly and · who · is a fucking racist."
REDDIT50_565,33,1,"· helena · · · · girl their · · there with · issue of the · ( · earth 2 is still canon part of · though · according to · ) the current version is helena bertinelli · boss' · · · · · since · that both on the · nightwing and birds of series then though, · · making · · to main ·, so possibly · · back excessively some point wouldn't surprised they · point when · · reaches full ·"
REDDIT50_566,33,0,"· who ·, until a · of · ago · was africa too · · · · now they are government they had · and pretend they like · south ·"
REDDIT50_567,44,1,is · for these cunts ubercuntch
REDDIT50_568,15,0,these people need · lessons
REDDIT50_569,11,0,"i can tell hobby i've dropped recently · 10, word · essays to idiot feminist articles it's just · to · me to honest."
REDDIT50_570,12,1,"this cunt would kill herself a day · · a week, · · women truly fucking · how · they truly have world so · · literally giving ·"
REDDIT50_571,39,0,"argument transparently insane, · the was problem is, the · has the megaphones culture, so · · to · excessively much"
REDDIT50_572,25,1,much · · the · back in the day · as · · and be · at them it take than · a · train peasant isn't · and retarded as fuck proper warbow · took a · to · not just the · merely besides physical · · proper · took lifetime to · they · to the lone ones in · of the · · · · like politicians · plebs have · because they can't · · · shot for it
REDDIT50_573,45,1,about · these · use · · · knowing what they · honestly could · engaged · be · ·? · are retarded
REDDIT50_574,35,1,real these retards want · change refuse · for the · · what useless existence
REDDIT50_575,9,1,"we are better · difficult to · than a regressive twat like,"
REDDIT50_576,25,0,"· i · · female and are transtrender so yea, these · · · · · play everything can you · so · · · · · · are in them · · who · · are insufferable and boring fucking people pretty boring person and · i had · in game · be more interesting than playing as fuckers."
REDDIT50_577,25,0,"yep i just care that the character is interesting at least mechanically - if not story actual character wise i mean i would like for a zelda game to finally give link a more defined personality than blank slate 100 % lawful good paladin i mean i like paladins, but fuck give me something to go on especially with zelda but even link a touch on breath of the wild gave you a bit more than normal for a zelda game zelda had a destiny she chafed at and didn't seem to be good at and she envied how you could just step into your footsteps as a knight / royal guard to the point of being able to use this legendary sword your destiny came easy to you as breathing she never seemed good enough i actually liked the old s - 90 s zelda cartoon link he had character he was a skilled as fuck fighter, but he was also a rambling ( vagabond like ) lecherous rake who wanted glory and women his ability to do heroic things balanced out his character flaws i kind of wanted to play a paladin like that would send some money back to his order, and use the rest to go drinking and messing around in his off time think of like a bard crossed with a paladin, just he bang married ladies because wrong single willing ones? oh hell yes."
REDDIT50_578,26,0,"· you · turned · and · off · · · motion which · accidental contact, his · · had · squaring up he · be absolutely justified"
REDDIT50_579,0,0,because they don't the · intellect · required · that the parallel they're · to · makes · no sense.
REDDIT50_580,23,0,"needs to · some the · of us frequent · · a guy · · who already · your friends, crazy, · rape, · baby, etc ), much less · a * * · · * * ( marriage ) that · · your fucking life if get in accident on · he ends the hospital, she pull the plug on his ass, legally take · and keep on · because he's ·"
REDDIT50_581,9,0,"and people are going · of what you say red, because you're racist cunt"
REDDIT50_582,44,0,best word
REDDIT50_583,8,0,lol my post is 20 and · plummeting pussy pass denied doesn't apply to traps or blacks it seems lol.
REDDIT50_584,9,0,"oh piss off i'm 55 i was * the time, on the · · professionally and personally i had a · on [ furry muck ] ( [URL] during the lead up to, and throughout, heyday i was an administrator on one of the largest bdsm mushes on the net it wasn't the queer internet it was just the internet and people finding ways to explore themselves and interact with others with shared interests you not get redefine what we were doing to suit your narrative author we rubbed shoulders, ·, · and every kink you can name. it was egalitarian and · the group · you · · on it was * * * fucking time, and you and your · · · away the strides we made in · ·, fuck you and the horse you rode on ·: i · · · was · merely it was a fantastic time people · did not · what your kink was when you · a mud, mush, ·, moo muck. · it was consensual and you were a good neighbour the same cannot be · ·, thanks to people like the author."
REDDIT50_585,17,0,"they included lone a · · they · have · of being misogynist they included a male · protagonist · and they are · of not being · · · properly if they included female · lone, they · have · that her proportions · · or · · merely they might · congratulated the developer for · a correct choice gender."
REDDIT50_586,20,0,· over by purple hairy · s.
REDDIT50_587,26,1,"if ever you need an example of why the media is an · · · of shit run by out of · gender bigots pushing a false narrative this is it "" omg look at these · being · · to · · someones life "" if i a genuine female victim of rape i would be fucking fuming at these cunts using my trauma crime as some kind of weapon and shield to abuse others if you are caught lying about rape you should get fucking get the book thrown at you, i have zero fucking sympathy and using · · as some king of emotional · is disgusting, commited · because a · who thought found · · a affluent · · ·, he found out a sex worker and · to leave her and · of rape maliiciously he · and and killed earlier trial she was the · for cuntish ways of maliciously lying about him · her to harm him zero fucking sympathy, nobody to · merely herself anyone is · lying about rape should be a · ·, i certain as fuck would never · · them a cup of sugar if my · · · the fire · if house on · )"
REDDIT50_588,45,0,"· to be projecting like · anti · · of · "" all men want to · · "" translates "" · about · every woman · · · must · "" is the feminist equivalent of "" faggots want · traditional · "" · married ·, · · the · boy · his · finding out and · him."
REDDIT50_589,47,0,"take that shit to court if the · · to arrest you, theres a · · you can about no · to tack resisting as · that will happen these entitled and temperamental people today think that that front line is indeed the streets no it is the courts only foolish and tempermental idiots resist arrest i was wrongly · years · for · · had the · guy merely i · resist and the · that i was the right, the charges ·"
REDDIT50_590,47,0,· ohh. looks like · · a stalker.
REDDIT50_591,17,0,"you · calling a · names in * · · easily · thrown · · then there in rugby the · might · a dumb cunt, * throw"
REDDIT50_592,17,0,"this precisely how · · · · "" your blind piece of shit, ref! "" "" oi cunt, · is card "" · · · "" ·! """
REDDIT50_593,9,0,"given the spate · false · of · · assault the # metoo movement which · out be · · finest', demonstrably bogus ' which · to claim that the · · culture hapless devaluing the · ' rape' regressive twats. · that rational · are starting to · · very · · victims rape."
REDDIT50_594,31,0,no one believes point honestly ·? proven · · don't · truth
REDDIT50_595,12,0,"holy · ·, you're the · · · use the pussy pass in the · place look at how difficult you're · to · woman a ·."
REDDIT50_596,12,0,keep pussy pandering · i'm certain it · · far ·
REDDIT50_597,12,0,"you whole · people disagreeing with you but yes the dumbass keep telling that, ·"
REDDIT50_598,17,0,· · alex jones lizard people people actually · · and globalism · to be · · ) as ideology they're · open · against nationalism part ideological · their purpose to export their garbage to · of the world let them in · and contain them inside might i · building a ·
REDDIT50_599,3,0,
REDDIT50_600,0,0,"ok ·, design is · merely truly getting caught on all · to hero "" making · is · be some · of macgyver that · tools of random · or something either · putting that the · just · · · and retarded."
REDDIT50_601,40,0,"> just · · a · · brand oh, yea > · of · speech online loli banning idiot; they · cannons building since [NUMBER] and made toxic than urinal · ·."
REDDIT50_602,31,0,· david · · his feminist gf did the shooter
REDDIT50_603,40,0,"i don't · gonzalez was involved with ·, actually she did bully him, though."
REDDIT50_604,18,0,"i thought the issue that · · · "" demonic garbage "" ie made the censorship arbitrary subjective · would forgiving it was due the · of wholly · · · and / the · · keep sjws having · · merely · feels - over reals the · · of sjws."
REDDIT50_605,18,0,thought the legality bit a backtrack.
REDDIT50_606,40,0,> unnecessary derogative · \ \ > retarded loli loving shitheads plenty of people think a shithead post here ban you from everywhere
REDDIT50_607,41,0,going by his logic: yes.
REDDIT50_608,40,0,"ok, elon"
REDDIT50_609,3,1,what's · · · · gamergate was earlier this retard brought it now
REDDIT50_610,17,0,"·, it's opposite first, · doesn't · · ·, hating women anything merely comedic shtick is not · society were literally · · · an angry · - · rant at · in ·, condemned "" women are stupid fucking whores are lone · money i never · to be with any scum bag ·, the fucking cunts. "" · · · will · both · · and insulted and · men ·, · men not lone absolutely ·, it's · · · think "" · are pigs. "" · are dogs. "" "" · ·. "" i shouldn't · · up · show segment when · osbourne, co ·, audience were · a · · · by his · · rationalizes i've never seen * · commentary men · the idea woman breasts · off, being · · sodomized, was · · rationalized by men on · nearest · heard · like, was a · · · the · · · on barbarous small · massacre that loyalist · · had · to · · · the · was described absolutely barbarian hideous atrocity."
REDDIT50_611,29,0,"mugshot review: pros: white, young, female, does not fit mental picture of an assailant, watery eyes make you look like you want to cry but are brave, blushed cheeks for shame cons: roots and clothes ruin the clean and wholesome chance, having one nostril twice the size of the other makes me suspicious rating: 8 / 10 advice: get beat up holding even if the jury knows it wasnt yoir boyfriend they will have a harder time seeing you win a fight with a fat lip and racoon eyes."
REDDIT50_612,44,1,can lick you back into ·? · · · ·
REDDIT50_613,29,0,that and 9 / 11 nobody would listen!
REDDIT50_614,44,1,· podcast with this chickdudefag you · i · · excessively let's trans ops
REDDIT50_615,44,0,if toronto i will steal you bf
REDDIT50_616,44,0,drag violently *
REDDIT50_617,44,0,· ur fat?
REDDIT50_618,44,0,i want you up my spine.
REDDIT50_619,9,1,ethnic cleansing ·! purge the. ·.
REDDIT50_620,45,0,[URL] 4 chan beat it and result ·
REDDIT50_621,2,0,"> [NUMBER] tweets a month? are you shitting me don't forget that is on top of likely s of texts and facebook messages, and likely instragram and snapchat as well literal social media addiction."
REDDIT50_622,13,0,point it · like its / · / threexchromosomes.
REDDIT50_623,41,1,you · · > i the cunt surely it's the mods who are cunts and me!
REDDIT50_624,24,1,if you mean · · · who · here are borderline retarded illiterates you point · · you people dense · ·.
REDDIT50_625,47,0,"ohh ·. you · your very own twox will be banning you for commenting here, right"
REDDIT50_626,27,0,"you forgot · · christ, smarty pants."
REDDIT50_627,9,1,"that's easy you stupid twats: it * * * * be fixed these people aren't assholes they are men, are assholes they are assholes the same · women like you, specifically, · are · · me, could fix you, we would are all truly · your shit."
REDDIT50_628,28,0,"[ yea, all · to find people writing that exact bullshit. ] ( [URL]"
REDDIT50_629,28,0,"· look at you · · cunning "" no journalist does thing! "" show that "" well. um mean don't count · "" try ·, you're · at this"
REDDIT50_630,45,0,> special Olympic - tier debate skills just insulting to the special · debate · certain · difficult on their strategies
REDDIT50_631,42,1,""" · "" · · "" faggot "" · of · · for ·, · year, guys · it anyhow used in the way · shame · matter it's · it · to · argument you one · ·"
REDDIT50_632,42,0,"is decidedly · all · · attack masculinity, by · of · · ·, · just · their own immaturity"
REDDIT50_633,13,0,"lone · word cuck its legitimately a cuck dont forget it has · ·, · "" · "" or "" neo - nazi "" its just overused applied ·"
REDDIT50_634,12,1,"· ·, another female learning a · every man · he's ·. dense cunts, kick again be certain · the point."
REDDIT50_635,47,0,· ·
REDDIT50_636,47,1,"· thoroughly vet our members there are · and are normally · · very · · · · truly the · over · · · and as a result, aren't · · · are requesting that you little · replace dogs · · brains and keep · some · you do it i · you"
REDDIT50_637,47,0,·. we talked about youre not trying
REDDIT50_638,25,1,what bunch chundering cunt bags
REDDIT50_639,30,0,"there's · hilarious about ideologues projecting · onto others sjws or · theorists \ * it · i love they · others closed · while · · their · in · incidentally op blocked literally · · · the notes · them, and everyone reblogged from · guy · politely ( [URL] about displayed · · with \ merely ·"
REDDIT50_640,35,1,"i hate feminists, because them are retarded i hate ·"
REDDIT50_641,35,1,"shut the · up, vagina."
REDDIT50_642,6,0,"nothing screams "" im guilty of · "" all that stuff ·"
REDDIT50_643,6,0,they can keep tabs on you though · rather not have a government body actively snooping into my shit.
REDDIT50_644,17,1,the fuck * you didn't · losing my mind · white · · to g - freedom ·. i · believe · · · · male in · i've there retarded give your · up · can · a home he's ·
REDDIT50_645,5,0,"think they · · writing character · excessively · · · excessively many woke lesbians who psychologically abusive, merely somehow · · · and caring · · ·."
REDDIT50_646,35,1,"aw you huffy · wants to fuck you, sweetheart it okay your barren useless ass can be shelter for · · · up and"
REDDIT50_647,47,0,· that the · are randomly set · · creep is prince replace dog's cunt you call a · ·.
REDDIT50_648,47,0,"i'm sorry, marcus truly didn't realize that your parents · hole in your heart only dicks can fill better."
REDDIT50_649,10,0,· to · mario all nintendo · i · he's a racist stereotype of italians
REDDIT50_650,34,0,"·, entitled brat merely · · there excessive ·, guys i'm not · gonna · she ·, rather however, excessive ·."
REDDIT50_651,34,0,i didn't · was ' unlawful.
REDDIT50_652,34,0,never said the arrest should ·.
REDDIT50_653,34,0,"ok, now we're having a discussion, good, don't are police officers trained to perform this body slam against a person who poses no threat to the officer, but is interfering with an arrest / investigation?"
REDDIT50_654,34,0,"was ·, · the · she · and the photos that · post \ · · be a · course merely · clear and · · · · you · some · · up your · that · · trained to body slam people who · with investigations?"
REDDIT50_655,34,0,"i agree with most of that not trying to white knight, lol."
REDDIT50_656,34,0,"the takedown in the clip is nothing like what happened to the girl she slammed face first into the floor, while the video shows the officer bringing the guy down to the floor through pressure on his arm resisting arrest is not clear and present danger i didn't say her face was broken, i said she was injured."
REDDIT50_657,46,1,"100 agree art be political * and * beautiful i know an insufferable leftist twat with stage tds and his social media is 24 progressive retardation but he's · · · and i · · at his work · if it's all · of · i despise that's · ·,? if sjws really wanted drive · · they'd · · · · · with · · their · · · · - and · · · course, if were talented be resentful · are."
REDDIT50_658,11,0,"she's a moron of · she · ·, won't be able do of it's · · · happen ·, no offense, being fucking morons, actually are dense enough · a socialist can · a single promise · · free college? · ·? i · · [MONEY] · ·? · will ixnay, the president ·, · could get a large · of · to support it · will happen · ·"
REDDIT50_659,42,1,· · shitpost theepochtimes. com · ·? truly? you high · ·? · claimed and · · · said · the woman benefit of the · she may · · not · it · and · it · you high and retarded?
REDDIT50_660,42,0,""" · · · what · is? where you live that is a thing? "" · truck thief - · [MONEY] - · alive """
REDDIT50_661,42,0,"· be · · a judge, to be putting warrants out on people i · the writer this · · excessively · · in ·"
REDDIT50_662,42,0,a man · that picture you · would've such a · attitude · · ·? possibly possibly not doesn't · what think what evidence is there of a pussypass? a christian · · story because it's · · a good · and · · the picture a thief he just wants his · · not a pussypass i · · · it to be merely it isn't
REDDIT50_663,15,0,"a shame that argument works for people if i were raped, i would not be afraid of there being evidence of lying about it at worst, i couldn't prove it happened and it so they get "" away "" with it that's just a · of rape cases but it's very, very, very improbable that you'd ever · yourself actually raped and then have tons of evidence that could prove ( at a · level ) that you · it up entirely, to the point you can be prosecuted a more "" reasonable "", but still not great argument of "" but that will make liars never come forward! "" meaning, innocent men who have been in prison for years and are only freed after a woman comes clean about having lied about it and feels guilty. would remain in prison for the full sentence and never have their innocence known ( not that it helps that much anyway; your life is still ruined, you get that time back and the sentence will still follow you around ) there are few exceptions where understandable that they lie, there was a woman who was raped by a man as a girl, and that man threatened to kill her and her family if she pinned it on him i forget the specifics, but she blamed another man ( i believe the actual rapist was part of why she accused him ) and the innocent man was found guilty and many, many years later she finally comes clean about the situation so the innocent man was freed you can understand why a young girl would lie when her actual rapist is threatening her life still horrible that an innocent man's life was ruined forever but would she come forward if she would be thrown in prison for lying? should she be? a valid argument to start having but the whole "" oh well prove you're lying "" as a victim is just a silly argument i think the most reasonable solution to the problem i mentioned is to basically give a clean slate for any people who have lied and gotten men put in prison so they can come forward without punishment but, moving forward, actually enforced if you're proven to be lying since i do think if women came forward about lying, and they were thrown in prison for it. they wouldn't come forward at all but we just let this continue how it is either relying on guilt after sometimes * decades * to finally get some honesty going there was one guy who was convicted and his mother died while he was locked away and the woman had lied about it, and when he was freed he was torn up because his mother died thinking that he was a rapist it's just awful nobody said rape cases were simple though they're the most difficult things to deal with which is why always full of so many problems."
REDDIT50_664,15,0,"except that apply to men in prison right now over lies and the women who would feel guilty enough to finally come forward about it years, decades, later court time was "" wasted "" years ago there's no reason for her to bother if going to face punishment other than to get over her guilty feelings, but already rare and takes women ages to feel bad enough that they ruined an innocent man's life as it is during trial or investigation is a completely different situation than coming clean years after all over and she got away with lying already"
REDDIT50_665,15,0,"in that event, the only reason that found out to be false is through admission after guilt eats away at a person if that person were going to be punished, would their fear of that punishment allow them to come forward and elevate that guilt? probably not so the innocent person in prison will continue to rot away in prison, and their innocent will never be known at all to whatever degree it even allows not a pretty situation there's never going to be one just rape victims have to accept that sometimes real rapists will get away with it because of lack of evidence rape is the ugliest crime to deal with in the legal system for a reason it's a mess, and will always be a mess no solution to the mess we can only do the lesser of the evils when we decide what that is i was going to say that in a perfect world people would come forward and face the punishment for their crimes, but retarded they commit the crime at all in a perfect world so we even get into that situation people going to willingly come forward and face punishment we live in a world where people rape, and people lie about rape we can't ignore that just because you want to punish everybody who does the bad things yeah, that would be nice if we could just punish bad people but we can't, because if there were a punishment those bad people who lied about being raped would probably never admit they lied since they'd be punished stop thinking so black and white ignorant"
REDDIT50_666,9,0,"started replying · whole mixed · thing, merely i've · good at that let's · it - someone is · enough that they get their · dented · · posts not surprising that are stupid enough to think that shit is ableist and classist either ·. they are probably beyond help."
REDDIT50_667,9,0,"not that · truly · some · scientists who, · of the day, sadly childish outside of their field why otherwise intelligent people can sit in universities and think marxism is a great idea even · proved conclusively that it results in authoritarian regimes."
REDDIT50_668,36,0,"of those three. the neuroscientist is probably more of an authority, having done regular med, and then more on top but yeah sully is good at landing planes in rivers. doesn't make him a political genius and even get me started on hollywood people."
REDDIT50_669,36,0,"they · agree with their · they can, via twatter · feed a ·, · · ·, bernie is genius nutter. rants the rich. · dude"
REDDIT50_670,22,1,fuck you racist cunt
REDDIT50_671,20,0,· of functional · is racist? interesting
REDDIT50_672,20,1,", i am not racist i a pair of eyes · · · in · city erstwhile they · and · like rabid baboons, while the ·, asian, · · · · in a calm and respectful manner ’ s · life · of your shaming · · to · deny what i · on a · basis own two ·"
REDDIT50_673,20,0,fake news
REDDIT50_674,20,0,nope 👎
REDDIT50_675,20,1,which one · getting · t cry your soy · excessively hard faggot 🤣
REDDIT50_676,20,0,🥛 sounds · ’ still crying into your · ·! ·! 🤣 · one · haired sjw stay triggered anyhow 😂
REDDIT50_677,33,0,"· · shouldn't · about · artists advice considering bad is, merely · · · he wastes posting bullshit on · doing is ·, possibly besides be missing his · · ·"
REDDIT50_678,33,0,"· · so it · absolutely sense and probably a · people merely booth is · · as a bad artist who lone · · face with · much ·, besides · and undependable, leading books · pretty frequently"
REDDIT50_679,7,0,"it's not so · "" die in fire "" as is "" · dear retarded. """
REDDIT50_680,29,1,"ok all their retarted · aside, how you sue uber for · · harassment? · it is car · mean uber · still · ·"
REDDIT50_681,22,0,you and your fucking lists and facts tired of so given you flair you are going to like it.
REDDIT50_682,38,0,"god hate most the · · jesus · of you dumb as shit sometimes and i'm honestly · have even · · common you idiots if irl · views as · you i'd · move · * * how i know i'm not just circlejerking · ·. * besides · that at least of · · recognize name they think dumb as sack of rocks as close · as you can · while · being sub · · i'm · · i don't actually · · as · as · · · · · now "" · huffy sometimes like · lone have · · · cool your · besides don't · huffy while ·, which is apparently a · · · huffy · to"
REDDIT50_683,38,1,"· was obvious · merely · · is "" · · this free · rally · guys, i · a cool ·!. a swastika on it. · i'm right · i've seen · · the "" no bad ·, lone · · · for · defending bret weinstein at · merely forming · · · mob · jarrar · · ( · most · · retardation obvious · · truly * defend her as a · we've besides · assorted truly · · · · that's come, which · out a · · not lone accept · scientific · that sex gender are different, merely · allow use as a · · same · · · · "" my · wants x merely my heart · y "" clearly, · is thinking heart · merely · for · · situations or · widespread · · on sub · pathetic and a · 40 - 60 years · · research · being side side with a · of · · protesting the launch of · · · be on the same side for this issue, merely it's · to be · in · nutters yes, · how a · sjw · · up · of · · sharing this space with me · to · gg basically · two categories of ·: · · · · · attacking · now kind a dated · merely might besides useful understanding the · · · · · of · lone digressive · me, truly as · ideological bubble it is of you and · · you in · ·, generally · people have a · same beliefs the · problem i · my · · jeong · sjws wholly · in · laughably · they"
REDDIT50_684,40,0,· · · moved from tokyo to san francisco
REDDIT50_685,25,0,it was mistake to · regenerating cakes to · no impulse control
REDDIT50_686,41,1,"· · you · right, a giant cunt, · · her · · giant cunt · · · be giant bitch, think they're · into the · and dreadfully failing the bad part about · being · is that dracula looks worse comparison, which truly · weak of a · they · him · · dracula, prince darkness"
REDDIT50_687,25,1,"i believe she did use that term several times it set off my warning bells not enough to turn it off, but i felt they could have written more subtle and less on the rag vampire feminist also could have had godbrand less of a whiny stereotypical viking for one i felt how he got · was crap, that it would have been better if he was all bluster, bumblefucked into the trio, then ran like a bitch leaving other vampires to die like a coward then dracula, or hell carmilla to tear him apart as punishment."
REDDIT50_688,39,0,the media are definitely leftists not · extreme
REDDIT50_689,39,0,i'm · · what leftism actually · may be ·
REDDIT50_690,39,0,the media is lone slightly · if you're tonguing · · for revealing ·
REDDIT50_691,39,0,> reactionary
REDDIT50_692,5,1,"truly wish people · i'm being · a · / argument, merely they normally · an opportunity strawman · aha so you · i'm not % wrong · · 100 % right ideas basically · pathetic · · · up ) "" just get · · them a retard lmao"
REDDIT50_693,5,0,i think a terrible way · you · be concise if · · your effect
REDDIT50_694,29,1,"i know, and that is why it is sad not like he · diamonds she just wants his happiness fuck that cunt."
REDDIT50_695,33,0,"be · social tardrorists are loud, merely large numbers, the · · · · anyhow merely will · at max · twatter anyhow."
REDDIT50_696,12,0,white western women are so privileged they think sunglasses are oppressive. this is the current state of women.
REDDIT50_697,12,1,"than half, actually · be · knight faggot somewhere · little ·"
REDDIT50_698,12,0,"no, you're · knighting because i said something true about women, and you get upset about it just because it · to women thus, white knight"
REDDIT50_699,4,0,tl dr - they · · · · · · · got him over · chat ·: · besides that bloviating ex - nazi picciolini who · he · happening · · · ·: [URL] · resetera are 2 · hate over this · this · 40 · [URL]
REDDIT50_700,4,1,"yah i just don't buy nazis trying to redpill · over the headset while playing an fps. · · · ', certain merely not the · you want to find nazis internet precisely · this · truly · - fetched edit anyhow if · trying, · truly · to watching what their · get up to on the · · · to."
REDDIT50_701,5,0,as · · · the opponent · the glory the new reich.
REDDIT50_702,2,1,yea some truly · stereotypical nazi interests about absolutely following come as incel because a · named · · to · · she is a whore who · nice guys.
REDDIT50_703,4,0,"· · · to · · the nazis got into · via ·, · than ' i · reading."
REDDIT50_704,2,1,"· · narratives · · · reach cultural · its so · · · to · a "" date rape drug "" when all evidence says they barely exist ( and generally its just blacked out drinking ) but its such an · · back · everyone · it because · believes it because · · it."
REDDIT50_705,4,0,"yea, watch · who are · · · · up · the usual ideologues · to · · calls to ban all ·"
REDDIT50_706,28,0,easier for · jimmy to · · the nazis got his · · vidya · voluntarily reading [URL]
REDDIT50_707,28,0,"we're a · with a · · are besides a sub that · a · where a · · · · · put a "" sub · being a douchecanoe "", or "" something unrelated wholly unimportant kia happened · sub "" so as i pointed in post if it affects · an official · fair game merely until not."
REDDIT50_708,28,0,"> reddit is banning entire subs for wrong think well sure adequate proof of that concept, right? > how are we going to discuss that here ' when it affects if the effect it has on us is our removal? so, you think a better idea is to. what? make some assumptions and freak out thinking that next? because in the end a lot of assumptions you seem to want to make and to this point i've not seen proof of."
REDDIT50_709,28,0,"> how hard is it just to · posts? easy as can be and the · we get damned near every time someone thinks their ' · post' is something that everyone needs to see "" oh please it got up votes and i · it's important so it should ignore the rules because reasons. """
REDDIT50_710,28,0,"·, seems your butthurt is · kiddo · us on the doll where the bad mods touched you"
REDDIT50_711,28,0,"oh, some rando doesn't like me any · i do."
REDDIT50_712,28,0,· you didn't understand the central point · · · way · an opinion! and i · that you or what is i'm also not going some · who's · i don't recognize says i so feel free send mod · · i should removed · fine · way
REDDIT50_713,28,0,you must be very proud to have two opinions both of which i care about.
REDDIT50_714,28,0,up to three opinions large day for ypu.
REDDIT50_715,39,0,"· to rest west, honorary aryans!"
REDDIT50_716,40,0,"nah the rest the · to foreigners working there · the fuck out it "" who wants citizenship?"
REDDIT50_717,39,0,"it was "" get the fuck out "" for a · time the · · finally took root anyone who cares is a crazy person"
REDDIT50_718,40,0,i feel like · · initial · in · · idea how bad it · us government openly · citizenship · eu · crowing · · their white welfare states
REDDIT50_719,39,0,"lots of · in the us in the early and the in the they made that statue of liberty plaque, made · describing america as a · · heck they changed us from "" a nation of pioneers "" to "" a nation of immigrants "" to · the pill down the first · in [NUMBER] lone · because they · the native · drastically · the demographics i speak for europe"
REDDIT50_720,40,0,"talking about post [NUMBER], a very different animal than · earlier"
REDDIT50_721,39,0,· [NUMBER] wholly culture · · statement then social conditioning · took root and now · · a crazy person
REDDIT50_722,40,0,"\ \ > japan: "" ·, no, the people we microchip stay in a · too long before we toss ' em "" \ \ > west: "" · · they're eating me "" that's not even exaggeration; some · in the · was literally ground up · into kebabs like in sweeny todd."
REDDIT50_723,10,0,"· · up downvotes as a meaningful · i · · · i rarely · anything i do · i ·, merely i · it for posts which · baiting or being outright retarded · certain there are · similar mindsets to mine"
REDDIT50_724,12,1,· · are · · · isn't ' 5 · · is oppression merely how · you a choice. fucking dumb cunts.
REDDIT50_725,40,0,they hate white people been over this · many ·
REDDIT50_726,32,0,"> utter nonsense lone · "" liberal "" parties are batshit crazy, in countries, liberalism the right as ·, i have some heavy · · ·."
REDDIT50_727,32,0,it · · sense.
REDDIT50_728,47,1,that's · seeing you were · at all did unsub · me · · · · regretful for · · caused you joking · · that dogs cunt for brain try
REDDIT50_729,26,1,""" boys and their toys "" sent on a smart phone or computer created by men along the · created by men ) etc etc this woman is just an insecure cunt trying to · her ego and insecurity at being inadequate by trying to · everyone elses success and contributions to society are purely the fruit of evil greed and she is just "" too nice to be successful """
REDDIT50_730,29,0,no i believe men \ \ # sheliedtoo
REDDIT50_731,47,0,"anyone who attempts to argue the earnings gap ( i refuse to call it a wage gap because it ), is due to sexism and discrimination, is attempting to use their sex as a springboard for advancement it is the truest form of ppd shit comment void of any actual cristisizm, just feelings and intuition."
REDDIT50_732,47,0,"the · you merely hide behind · · · · · substance is · · you either an · · · your statement is · · · me you have · truly argued · is illegal pay · · · their · the · they conflatable you fucking moron they · two wholly different · earnings · · · ·, overtime, bonuses, · · men · women · · higher paying · women · jobs · pay shit when human variables · and choice are ·, gap dissapears · · · a · unserviceable, · · data so you push · woman · · answer me this you dont · · · · women · paid less · arent · out jobs, replaced · why · hired all · ·, you pay lone · as worth and by your · · · are lone · 75 percent of · · · of · businesses could · answer ·"
REDDIT50_733,47,0,"possibly picture help · this · [URL] you · the actual · like "" · pay gap in the · just %, is · · than the % 23 % that idiot feminists are always · · · figure 33 · covered in study 1 % personally my · is that · remaining gap · · · · · · year, on average, than men do knowledge, lone been couple studies done · · that · took more vacation days even earlier kids ) merely the size of · varied · · research · vacation time · of · · not accounted this study, it · contribute that remaining · [URL]"
REDDIT50_734,12,1,actions speak louder than words and dumb cunts love ·.
REDDIT50_735,30,0,[URL]
REDDIT50_736,43,0,forgot · · and · opens with two white guys talking was a bit shocked that more outrage over that eh certain was and just · it.
REDDIT50_737,45,0,take it · page looks · the perfect chan trolling target it · be · to · · their shit at even pedestrian piquant · imagine what · when habanero piquant memes ·
REDDIT50_738,25,0,because it stinks
REDDIT50_739,9,1,these are the same kind of twats who think friends is really * problematic * by definition they are incapable of ' rhps. beyond them they even grasp that frank was * * not * * a transwoman was a transvestite morons.
REDDIT50_740,0,1,"if it's satirical · stupid shit someone · ·, · · think might · have · / written dense · being · written · listening to someone · something stupid seconds replying · their · · their dense monologue with a · · · what think is retarded with what said · of quotes should particularly · grasp it's · the · post sub · this ·"
REDDIT50_741,9,0,"i looked it up this · feels that they are ' to a ' character' from five nights at freddys the upside is that the more bizarre this stuff gets, the more clearly people can see how ludicrous it is."
REDDIT50_742,30,0,being racist against white people · thing
REDDIT50_743,30,0,"regretful, bigoted against brits because of ·"
REDDIT50_744,30,0,"think the first one was · merely the · not so much i · ·, and · one is an sjw."
REDDIT50_745,7,0,"· · · to · · here, ·"
REDDIT50_746,7,0,"> i think he · a warning. like don't · his gimmick or · i. i · can't tell if · or playing about, just · that he comments in here again i'll be certain · a · warning"
REDDIT50_747,7,0,i · just know vipon is
REDDIT50_748,19,1,yea it's · labelled · colbert report merely the left particularly · · are · unfunny cunts no matter ·
REDDIT50_749,26,1,· the trooper · · and · for every · · they absolute cunts
REDDIT50_750,47,1,she's a · time mother tried use · the lone · needing · dogs cunt you · brain.
REDDIT50_751,12,1,truly · dude kills himself like now. what fucking soy boy faggot.
REDDIT50_752,9,1,fascinating we've seen · · in · few · where * women lied being · · they are trying · · saw · · example a · lying sexual assault for · reasons we've · a · 5 · young cunts in · school · about a · sexually assaulting them because they · him fuck ·
REDDIT50_753,30,0,"> we · saw a · profile example of woman lying about sexual assault for political reasons > > or at ·, she · wholly unobjective accusation she never reported ·, and · of · of · believed not millions oh, and she · of · off of · earlier · disclosing."
REDDIT50_754,9,0,"actually · the one who * admitted * she lied don't · the · you referring to credible the · has · clean about her ·, merely can't · lying merely you noted, · · · fry has · · deal her baseless and · · · · hero worship by the regressives."
REDDIT50_755,30,0,"· cheerfully · "" but women · · accusations! while precisely was ·"
REDDIT50_756,25,0,"the · even if were · · if · about · · mind so · · were hardcore evil in their · · merely it's like it's okay you lone · this · · stupid truly · don't act like and · · appreciate it way shit. "" · be · constantly"
REDDIT50_757,18,0,"> the · · if they were shitheads still were honest about · · · so · · · · on that, it's the · rather just coming the · · not upset sjws came geek · merely · always geeks despite not knowing · treating core · as · that · go"
REDDIT50_758,25,1,like · · to play · player · souls hack · and shit on i · i · i · the point · find ti · merely as · don't · shit be · · ( · normal invaders are · same field don't care i mean · get butt hurt merely · · · think · do death runs you like game · · in · · the · should you · random jackasses think of you pride is typically a · self · emotion.
REDDIT50_759,25,1,mean * m ·? * * · that mega cunt call it that made me · to smack her with a · angry · granted they · they are · ·.
REDDIT50_760,5,0,certain you · · merely it truly sounds · you're supporting suicide here
REDDIT50_761,5,0,"i'm · that · stated you did · · · you're celebrating the suicides "" disgusting "" · am · to · that ·"
REDDIT50_762,5,0,because i would hope the · i associate · · of · of people i care if care why bother ·?
REDDIT50_763,5,1,is the · am · in get retards in other · · my post · as an argument when · · have · · for who you · me i'm · with or
REDDIT50_764,5,0,i would know that a crazy person and would other people
REDDIT50_765,46,0,a perfect metaphor get yourself
REDDIT50_766,46,1,"· "" broken tense appropriation of · · besides, · what retarded people ·"
REDDIT50_767,25,0,"i think he · grim satisfaction in it but honestly he · · such damaged and broken · that he · · little · in anything ·, he · just a fire of · in he go on until he · · · · them · · him he · them all ( unlikely ) or he · in · i lone read some summaries seen the first episode but honest if he · · every single goblin i think probably kill · is fulfilled there's nothing in · to keep · honestly if that's how · · it · · · and probably more · truly · or ·"
REDDIT50_768,39,0,"no, they the support the ·, which has been · · of a · they've · lone · in land"
REDDIT50_769,39,0,the media is incestuously intertwined the · · as well they are · the powerful cultural · in this · been since about the · of the · · war
REDDIT50_770,47,0,"last rape numbers in · history all crime · · record · · · at · you'd · in rape epidemic in fact, those words · the most."
REDDIT50_771,47,0,"[ [URL] · assorted · committed random · · · over one · about ten · · · students ( · · pdf · table of statistics on average the · · years been that's two rapes reported per · contrast to · ageless hyperbolic · mongering [ feminist organizations "" · four · women will be raped earlier ·. [URL] · if we assume the pathetic · of "" · unreported is · still be orders · · from grossly inflated · bandied by · being · absolutely nothing · · claim · ·"
REDDIT50_772,47,0,"amazing can · · · you can · what questions qualifications · as rape? · · · i did, · someones · or · · a · did not · sexual · or rape precisely those · and fallacious polls are · of."
REDDIT50_773,47,0,· there is no wage gap lone an · gap is · · ·
REDDIT50_774,47,0,"absolutely · wrong it that, unless want · women to · · · or men like women lone bad news for feminists that annoying free will · you ·"
REDDIT50_775,17,0,"the truly · will * never * be held accountable laws, this is · of the · · this only shows he's favor"
REDDIT50_776,46,0,"· voting the lifeblood our ·, get · besides dems: the · democratic · deceitful! besides besides ·: · you · to · the voting process · secure · · · openly · · about our retarded voting processes. if rest of · not invested in the systematic abuse of · · every · · on the · more advanced and secure voting than do"
REDDIT50_777,26,0,unless its yorkshire · [URL]
REDDIT50_778,33,0,"and why 90 % marvel's catalogue struggles rise above the 10 · copies sold per issue and sadly ) after a great start with ·, now dc is quickly joining up on the shit quality - > shit sales train"
REDDIT50_779,33,1,you seen how fucking retarded he · barry ·? isn't · that wally's · · · fucked in ass and over btw · tom king merely we besides on · time till · · it's time to take flash for a · · as well.
REDDIT50_780,33,1,"· · · him saying 3 · in · a · pages caca · "" it · · and in · issue · · · · like a retarded totally depending · ·, · knows that · pretty much ·"
REDDIT50_781,33,1,"quite · bendis · for sucking tv and movie dick and introducing · adaptations · look he · · · and among the · of · he did · he besides · the newly redesigned · · from the · · ·, from one issue to following."
REDDIT50_782,46,0,"majority in any flourishing society must, ·, · inside morality · · categorical · the · · · behaves everyone behaves · then society · critical mass of · · behave such society quickly degenerates then it must · · be · those would sustain it - and they would face awful decisions in order to incidentally this is why piracy is wrong."
REDDIT50_783,12,1,this is · gone women are this · these cunts literally · this · they still · to · the victim the · of day · you got paid · · · · fucking worthless ·.
REDDIT50_784,4,0,"· · cd projekt red gog · a · · a · · twitter hashtag, prompting · game journalists join the · · · the social media · the polish game · to be fired · besides reveals that abuse has · the · gog employees this i guess it's okay it it always has been"
REDDIT50_785,4,0,allegedly parents got swatted after the · is a · · this decidedly · those ' · happen' · · also - he · · people · us · the · for it excessively [URL]
REDDIT50_786,12,1,white knight faggot should · · · · imaginary · · a lesson equality
REDDIT50_787,39,0,too late they're already gay
REDDIT50_788,19,0,"unfortunately, feminist and difficult left · is highly prevailing inside the · system"
REDDIT50_789,4,0,[HANDLE] [HANDLE] · · · · 👌 · this - · about random gog employees being targeted and harassed by resetera garbage humans over this? [URL]
REDDIT50_790,4,0,"· she's · time to snark at · of our resident dumbasses, merely nothing · · · [URL]"
REDDIT50_791,16,1,"· the retards in the picture that would be fun exercise, particularly if wasn't ·"
REDDIT50_792,31,0,"· peer reviewed · women and social work formally accepted trio ’ s hoax paper · is my ·: solidarity · · reply to · and · feminism the · portion paper · of · from · ·. · ’ s · · to comment feminism nazism confirmed? can't · to be sent to · for man "" arbeit · · filthy white males """
REDDIT50_793,13,0,> * * the second · the paper is rewrite of · mein ·. * * ahahahahahahahhahaa ahahahahahahahahahahhahaha so / r / menkampf actually true ahahahahahahahahhahaha
REDDIT50_794,12,1,"· 30 year olds on tinder still · · they're college athlete these cunts have so · · they're · riding "" played · in college train · after ·"
REDDIT50_795,22,1,· when dumb racist cunts like you show up in this great · helped create think your backwards ass · · here most us mods founded r · which am certain your ignorant · did know there are plenty places you can · · somewhere else to be a cunt & x ·
REDDIT50_796,42,0,"opinion didn't need · clearly a shit opinion was "" surprised that someone · write besides ·."
REDDIT50_797,32,1,"you guys · · was a gay rape gag in a · book the ·? the one did is call an hypocritical cunt because stood up rape · · ·, · very difficult, yet · his little rape · a comic now pissed banned pedo hentai? · not something guys good ·? going to be · · here, i despise loli & lolicon to a · level of strenght, merely gab * * supposed * * to · free ·, · loose againt's · · · & · did, the ·, · went back on the · · of service · as fiddling ·, the · is · to happen something · · appears? i · · the difference between a platform · itself · · starting to · debatable content "" a · artist being caught his · · out it"
REDDIT50_798,40,0,we · everyone · · · and participating in its community · some players will behave … · · though do they all speak like kindergarteners
REDDIT50_799,33,1,""" the bosses · · we · · names so will · · merely in a retarded pseudo cunning · """
REDDIT50_800,9,1,"or ·, might that any * * said * in vent post was a · crock ·, if · had said it · result a wave of feminist cunts demanding ·"
REDDIT50_801,42,0,"· an · getter she · abused him for a · minutes, and slapped his · didn't get the reaction needed like a crackhead needs crack the · · worth knocking her the fuck out, so he · her a · · · want to ·, just let her know that · · was a · · decidedly · her"
REDDIT50_802,47,1,· man · · regretful i truly · ask you to · cunt · brain · better · the market the incels insult · saturated used since we · off fretful · salt · creativity so · back you've got something better ·
REDDIT50_803,25,0,· watched the rekila · ) law · stream apparently zaid's is as much as insecure twat as waid and · · rekitla calling people dense · as an · · himself he is an insecure ·
REDDIT50_804,12,1,mods · back · · talking shit the · muting say anything · just faggot little · who · · up excessively · in · ·
REDDIT50_805,4,0,"·; dr - can kill npcs ·, someone · a troll video"
REDDIT50_806,14,0,"·, a · video · · * · · · feminist ( · excess [ · dead · 2 · · feminist ] [URL] "" · dead · - annoying feminist · up [URL] [ red · · 2 annoying feminist · to · [URL] ( · · "" · · · dropping feminist to hell & killing the · "" ] [URL] "" · · · 2 ·, · & · feminist "" ( [URL] about · as the · ·, merely · very very, sad something atrocious ·. ·: poor horse dies · · · inhumane treatment, cried for · ·. ) it's · hilarious ( · when the · ·, truly · · · )"
REDDIT50_807,12,1,"oh ·, another girl being a · aggressive cunt for · ageless children."
REDDIT50_808,47,1,"· of · people merely just being retarded firstly, very · ppd ppd knows age second who's · book you · · checked, · can · · depending · careless · slap of · · no age"
REDDIT50_809,47,0,ohh ·.
REDDIT50_810,44,0,· to the cuntry gonna · · ·
REDDIT50_811,40,0,"· "" real feminists "" shamed men into dying in · 1 * · vote · draft * · · alcohol upon getting the · voted · increases virtually · · · knockoff at"
REDDIT50_812,14,0,"· · · · happens the don't * earn · merely given * you · to do with · · and never had the · that comes and no, bitching and · give me, wanna, · "" · · · you truly · consequences · · truly · and · · because · how · · · · grenade child, · will · pretty much · and · your · used buy toys were child, truly · you · them, · their value · that · you · you have to throw · tantrum and · you · · shut · · drastically you · and have to work, value and buy stuff know the consequences · stuff ·, you are · for · and you are one who suffers the consequences of your poor · · are · overgrown · they never · ·, ·, · · for their toys they care · and if they break entire · · ·, they'll just · their · · and · · · · is that · · · stuff and · · it up everyone you · · · to · · · a · a fish and you feed ·, teach man · and feed him lifetime never · · to ·, it · actual ·, merely they certain · want to · · the · ·"
REDDIT50_813,14,1,"· · this subreddit · · writing · up · · or · in stalingrad or some shit. · · · i am an eastern · from bulgaria · · satellite · i years · at that time you wikipedia it's called "" · of [NUMBER] merely · · to · a lot of nasty stuff that · little · · · labor camps ( fancy · of calling concentration camps ) that · and family · who died and · members · · · of i've seen · · · in the past weeks · tbh it been · · · said · of · how · i · * · any form of · ·, socialism, · · · · heard jordan · say, · you clearly · · information · because makes you · good you'd · merely truly · jordan · ·, · a lot of ·, merely excessively · of a · for me you're · in the us · rights either are even ·? > please explain to how 90 of this subreddit has · for their rights "" · that other people read your · · yea · ·. i've · · getting · · latte · · sad ·, i'm millennial in · a years gen x · europe i understand · i'm · since · done it · · my · we're merely talking about ·, why i address lone in my · even · the · when · to · no · have the · to · both · · ) until · you · what fuck · don't · me years old · · dipshit · how · a · have be · old · fucking · merely · · · when you're · retarded know which · · your · to pee, · · · tbh i · let · it up to me proven · to · in some way least · after you finish education · or woman · 18 pathetic it's · gender · · · · · had a job · ·, · · ·, never · to the ·, · · · of · else. and somehow you · decide who runs ·? ·, · you ·, apply to · · pretty · · does > it · to · in general umm, most of them * are · suppose you know · merely when read · just · · · reread · then · · in · and · the · up which precisely millennial · should · right, · ·"
REDDIT50_814,14,0,"merely you * * · * the · the lone · for "" · durr, can · because you can kill people in · "" because in war era · · · the fuck do get your "" right · "" then and the draft · part of voting how the · do justify of the · · for the · and * · * · vote"
REDDIT50_815,14,0,"i · truly have some · · · "" · "" fictional stories about specific year · · · country · · · dead relatives · nether "" glorious communist utopia "" take it will i don't truly · the opinion some · millennial dumbfuck whose · · life the · · · · · · · > · is main · here shares · be · · people · these · > thinking they · · done trials · · · out of echo chamber you · · that · · is all · unicorns downy · and "" · · "" > besides · for people's · to be · away, whether they white men or · Jewish · · · so go · any your · authoritarian forum change · as it just pointing flaws · truly are convinced a · · boy · ( or any · · are · deciding · government earlier they capable · they can have beer · ·."
REDDIT50_816,14,0,"> this echo chamber, · dry · that when · to · the echoes from your retarded statements well · a · · · you're · · · not · > · here · talking the · meme, merely every · · said sounds · doubtful you · · eastern europeans here who · repeat my script "" echo · · ·. · · · is · · · it's called · when argument · · · - hanging fruit as · > arguing reducing people's right because · "" no just saying that · should never · earlier · tham includes me excessively, know presently it's pointless to · since it · reversed that's why i'm arguing about i'm · it have · like · rights you · privileges absolutely correct · not · · and · has · > rights are granted god · not a · man can't say · legal · and equal · are god given any > free speech · · · that's · · are you · arguing about here > no · can · · from you ·, · law and constitution and government can take · from you remember? an eastern european europe free · · · been taken from · hello doing · - · · i was referring · · to · think · · capable · governments · > probably veering close actual · · sympathizer besides · · · people's · · you understand difference between · rights that · and rights need · ·? not rights granted · in · - i · · have not earned merely · guess i'm ·. moron."
REDDIT50_817,25,1,"they truly * truly don't possibly because most of the terminal final destination · of the · because hate my · · or "" my lying hardhearted cunt mother · me christian dad · "" daddy issues · · · · do · to · cloning get rid of males and particularly · do a · up heartbeat · is · · patriarchal · and evil it's old stupid and · ignoring communism and · is · 200 · · and islam is · aged and · aged than · · not judaism and is just · because it's · · on it's own · these people · hyper · · that · properly ·"
REDDIT50_818,17,0,· there · be · of · to · of evidence to · that the earlier · of the · · been written before mohamed. which would basically · of Muslim scripture.
REDDIT50_819,25,0,· certain is 100 % illegal gg you fucksticks say hellow the irs for me
REDDIT50_820,25,0,"partly true surely but they also get really pissy if they get their cut · it surely a · ·, but the fbi find shit to convict al · on but · certain got · on not giving · · his due."
REDDIT50_821,25,0,"yea, · · argue · government more · so they can do good ·. merely have · you fucking · · · · · is they · it less incentive misuse it they waste all · one would fucking vote them · · you can · · old woodrow wilson for horseshit i · · * · * merely the · slapped him"
REDDIT50_822,23,1,crazy · wing bitch throwing · · destroying property · a · parenthood. sarasota · lmao · about assorted sjw volunteers · everything · to · give her a · · she messed the wrong set · boys orange knight · · ass ·
REDDIT50_823,23,1,excessively · hot excessively · redneck · excessively · · · close minded conservatives excessively many · excessively little $ for · isn't already rich excessively · bible thumping retards most r · and / · · candidates · · of combination those ·
REDDIT50_824,47,0,truly are coming across a partisan hack not favors
REDDIT50_825,27,1,"· life, faggot"
REDDIT50_826,47,0,· · wing bitch citation · i · was because she was · · ·
REDDIT50_827,27,1,yea some liberal douche trying to get other's riled up with his stupidity i guarantee besides ·
REDDIT50_828,37,0,"> those were in charge of demonstration are not the · tools in the tool · · · supporter and they didn't · the local ·, the governor and · to the · and · police to be on the · of the ·, violate · judge's ·, etc it was an · case of anarcho - · the police pushing the alt - righers into the crowd of · · · and · members."
REDDIT50_829,23,0,"probably be worse this is guy is lucky he was filming the · seems just like the type to attack him, get beaten self - defense, then cry "" assault "" when the cops show up this is the type of shit that makes want put cameras inside my car not because everyday driving is dangerous, but for that one time · be my · vs and the cops think i am excessively · and excessively · to be believed."
REDDIT50_830,49,0,most people · · for petty crimes spend months · and their · · plead guilty to bullshit crimes and · charges to · · · ·
REDDIT50_831,27,0,\ \ + 1 dashcam
REDDIT50_832,23,1,of · · · be white knight he is no · · trash female he is worse shit eyes
REDDIT50_833,42,0,· · her down the police · · pushed back she · the · because was drunk as ·.
REDDIT50_834,42,1,", dumb motherfucker he didn't · her down they · her they pushed her · · as was · back already, he · · · · because fall - down · people lone one cunt in this ·, went · · cop, ·, several cunts defending her in ·"
REDDIT50_835,8,0,somebody doesn't know a pedophile for · can a lesbian pedophile; pedophiles · asexual attraction.
REDDIT50_836,8,0,and you would be wrong before you smear · as a pedophile maybe you should know what a pedophile actually is.
REDDIT50_837,8,0,"no it's truly because · no damn sense would be like calling her "" heterosexual racist "". like wtf does that have to do with did? nothing · to · somebody out · call ·"
REDDIT50_838,8,0,having a · a · make · a pedophile and she didn't rape her
REDDIT50_839,8,0,· you · to know what a pedophile is that surprise me i bet you · trump is a pedophile to
REDDIT50_840,8,1,"it's not · to me, an actual · definition · · is · attraction to prepubescent children our 15 year old dyke was an adult · strictly statutory rape."
REDDIT50_841,23,0,"· · satisfied with officers being put administrative leave, called "" a paid · "" the · got · is right, is a denial * they · · right now a fucking reward since they are · and females, i a · suspicion is it's going · down · affairs will ·, purposefully · ·, and leave these bitches with a ' · in no · any do ·? i have a · · from the · police to · · department he said departments · are presently · back · ( and · female officers part reason he left is because they got away with shit · officer · ever he on receiving · shit for excessively · and wasn't · · up with ·."
REDDIT50_842,23,0,"the pass is · · because of · · hire more female · ( even they don't pass qualifications ) and most female criminals ask for female officer when they · · said there are normally sexual · · · the · ·, · the a · search own · weapons no · · ·"
REDDIT50_843,23,0,"well you do that either look at all the scandals bmore police have been involved in lol "" bending the rules "" is their modus operandi, aka "" doing illegal shit "" so they want shit to do with body cams much easier to just hire some females."
REDDIT50_844,23,0,"you are · their jobs pretty · · · · · · · problem guys that · shit normally · career females · can get away with stuff a male · could * never do · it · my being sexually harassed by a butch ass straight · · · her advances on · occasions so · · · · him by grabbing dick · that excessively she · calling him · every opportunity in front of all other officers "" someone · a faggot sticker his locker internal handily · · · · to just suck cause trouble and he · · care · · came about when that · · · who · · no not the harassing bitch · merely · partner who was league harassing him probably the one who put the sticker his ·, since · · was day he · · · because they "" · female · quit and · · department"
REDDIT50_845,23,0,"> how · she · to · · and · id all the things cops are doing her id on own · because is nether arrest · that the cops · · · · · when something isn't necessary · anyhow * in · * * an · cop can do · they want it is a · to · and to · even if · to beat you inside an · your · it's · to sit and take to · back you fight · · court · · · ·, · a · · · · common "" feared · · merely of · in · life · · there and · that ·, and the cops count on i have seen · where common * * · reflexes * for self - defense ( · your arms · face when getting · · ) · · · "" · for weapon "" merely to be careful how · ·, while we here · · pussy pass some here love to give · · · will give whole · of · just stating · > merely · arrest for ·? in undergrad university i · to * jail · · called "" weekend jail where you · · and · on · i to · for 2 · because judge · to "" · an · out of me "" · 85 65 a girl in front me court, who besides · to school, going 90 in, you can · what she got yea nothing · · · to 64 so she wouldn't · · "" · · studying · · bullshit · · biochemistry was driving the highway in · of night no one about, driving during day in a residential · · · · · · * · * in virginia it comes to the law"
REDDIT50_846,30,1,"> how characters like gorilla the · · because they · a · first we · learned reaper time · about · - and entire game ] [URL] - this · like. odd · besides, plenty "" · fans "" · a crap this · · claims "" · fans "" the ones · "" queerbaiting """
REDDIT50_847,5,0,· get why this sub hates the first one it wasn't · merely it · job making an interesting · experience anything it was excessively · to the cringy things · actually · and do it besides largely ignoring · please · why · awful.
REDDIT50_848,5,0,"yea · me so much teenager · mix overwhelming · · interaction felt besides · being shallow dense my · that · here identified with the ·, · guy who gets cucked by ·"
REDDIT50_849,5,0,"think · hyperrealistic · · feels like · ·, merely · bizarre fiction · · · 2 from seen of it of that, merely time they · · · awful misrepresentations of evil conservatives."
REDDIT50_850,9,0,"· isn't it, that a · · · · in the oppression stakes than · · especially when japanese · * * have · tantrum when · didn't · way · a woman being * * strong and · * * · than * · *"
REDDIT50_851,20,0,clearly you have brainwashed by fake · · like being easily brainwashed is · to your highly low · were you dropped on your · as a baby that ·.
REDDIT50_852,42,1,you every · you · is more retarded than the last · continually · · · chips and · ·? you · the · and · up · vaporized lead got to burn the lungs
REDDIT50_853,42,1,"encountered this mongoloid before it sounds like a complete · because have · · · · actually that · dense it's like they · chimpanzee · he · · · ironically ·, · · · · ·."
REDDIT50_854,20,0,"· they · · type just · that black, you racist · of shit · · · the racist · · times or ·? · ·, racist."
REDDIT50_855,42,1,"see is what · as black as corked * life · on, · as smart · is a · - amplitude sine · nearly dumb enough to be · voter merely that's · blow i have · in · ·"
REDDIT50_856,4,0,goes to · confirmed what an ass e. g [URL] > is some · building companies that · · · and have something to say · we make you ’ t wait for · · · · traded companies to · · stance beyonce “ what makes money s in · ·
REDDIT50_857,10,1,"·, · "" building · because · will hire the twat."
REDDIT50_858,47,1,"kaj! · · upset? i'm regretful truly · to have · you to · that dog's cunt you · · come up with · insults the · on the incels insult is · ·, over · · survive fretful · ·, we require · something the · · it so · · when you've · · · ·!"
REDDIT50_859,47,0,·. not creative. come
REDDIT50_860,47,0,kakks. come on did i say.
REDDIT50_861,47,0,yea and yet nobody is · · · you · any · · · out · threw out incels learn fuckn criticize and · · without · in · · · and smears fuckn pathetic
REDDIT50_862,33,0,"the reeducation camp will learn it's the · · ban somebody """
REDDIT50_863,47,0,· · have police come fuck him possibly it wasn't · · with
REDDIT50_864,33,0,""" · game journos bitching against developed working hard to entertain see how · ·"
REDDIT50_865,47,0,"> wholly · · · a rapist, you · · your · · over the mens rights any other · with points · evidence ), you · in the very least i promise · · false · here "" yea yea, there no evidence any, merely ·, · · a rapist. "" > and the way · · here · you how dare a · · · a smear · "" hes so angry "" · the · · him of drugging and · rape here, i accuse you of raping me any emotion you · i deem · · you are guilty good luck keeping your · the whole world already · · ass the · man"
REDDIT50_866,35,1,another female with · · · · for · where · · · · · · ti barber alternatively of salon
REDDIT50_867,35,1,most · are cunts.
REDDIT50_868,46,1,· - · · the free · ’ t a gotcha stop being retarded.
REDDIT50_869,3,0,> the first · apply to free speech the internet · · should right censor public · censorship is surely · · merely i · this · makes · · me if a · · · dick · or · spamming niggerfaggot all day · allowed do platform about discussing basketball wants to · / · ban not · · · · to that yes i · sounds · it leads to censorship · have now and answer
REDDIT50_870,4,0,· complicated one i think the · · that · · is that when social media companies become so large they have control over significant proportion of · online and are actually massive political influencers different rules should · that they be considered more like telephone companies i think anyone who matters is actually arguing some random forum be allowed to ban trolls
REDDIT50_871,3,0,"for · was crossed companies that have nothing do with · · · ·, twitter wants to be · of faggots; · some place where people allowed to speak their · · up · · · · · me, merely i wasn't the "" · · · in! "" · so i · even · with you that · · · · shouldn't · to · · · · merely · · ·, payment processors · hosts, search · · phone · all working together ensure * · can differ · ·. that's where problem"
REDDIT50_872,46,0,"it s basically the mirror · of vertical · a phone · · · with · · · another company ( · they handily own. · · except this · social media platform · political · ( the behest of · · then · on payment processors registrars to destroy anyone · might provide competing product the · needs then leftists imagine themselves cagey · this is “ your beloved · · · · ”, · of · grift they are · about marxists."
REDDIT50_873,46,0,"· · an obvious case, merely · isn · ball i ’ · ’ re getting a · of money the likes soros to · · out · · · the · ’ so fucking important that · keep the house lone way we · · this issue addressed."
REDDIT50_874,46,0,"you describing · which · an objective evil we need is listen · day, · build our own payment processors and domain registrars and every · of · · and then we need to · gatekeep all of them · · leftist entryism."
REDDIT50_875,0,1,the mental retardation. it's just excessively much.
REDDIT50_876,21,0,· · here · it have · it was · dunk · he · · · · her a · alternatively his penis don't see · an · was? it wholly obliterated · · obliterating your arguments · want · · · want to keep getting · · · understand how logic works
REDDIT50_877,19,0,"the feminist was trying to justify · boys differently by arguing semantics, he was just responding."
REDDIT50_878,47,1,"i will treat any women like as if they are on an actual pedistal · · · they understand · · revengeful · of fretful · · the and · · every · · her · · car · hairy, "" · cousin? fuck her can · lone · hat · · the aged · the · misconceptions · a few areas they simply · go · women abuse ·."
REDDIT50_879,8,0,"dumb chick, should · jury besides shouldn't · the · anyhow, notice found · got covetous."
REDDIT50_880,8,0,"right so traded his dick for a ride, that's not really a problem even animals prostitute themselves."
REDDIT50_881,8,0,"lone · are uniquely snowflakes and immature princesses federally, largely · other · and about · · absolutely · age besides his · · the · · out can trade his · · · at mcdonald's merely · · his cock sucked for ·?"
REDDIT50_882,8,0,"lol no but i have gotten 16 year olds drunk and had sex with them ditto ·, crack, and meth"
REDDIT50_883,8,0,"partying and dating works, · partied · much huh? · a chick out to · 16 are getting · · a chick out ·, bar the · or · a · 35 we difficult drugs · be thinking 16 yo's don't do drugs · · · what magic · · grow hell of them request or ·, · "" · man · by · for a sec "" or "" · a hit excessively · "" when i · · · they like a glass wine and if bust out · a · · at house · with a · · a chick 35 ask for a glass · my · liquor · · do a · of · counter rare a chick 16 35 isn't like · a bump excessively "" · · drugs · 14 or 96"
REDDIT50_884,8,0,"got so following · · out 16 yo ( following · ) she wants drink with · tell her! and · she · · of · · her she is there to suck my dick according to you, · to · · shit that she · person · aged · fucking · you · · · to any hole live nether"
REDDIT50_885,8,0,"i hang, they hang and fuck me quit · because think men lone · · middle · · · should lone date broke dicks working at"
REDDIT50_886,8,0,certain are · people · · · fine being a tool · dating men · resources women trade their twat win win marrying these women lol
REDDIT50_887,8,0,· 40 · merely doesn't mean i should be damned to middle aged fat cows ·
REDDIT50_888,8,0,understood and that's pop truvada like candy · a good weekend
REDDIT50_889,41,0,who · is ·? asuka?
REDDIT50_890,25,0,that that chick from ·! who had a · of men · dad was retarded and tried to warn · from dudes and it worked well got both phobia and was scared of him * *.
REDDIT50_891,41,0,oh · i hate her so much
REDDIT50_892,25,0,· she might be stupid merely at · don't think it was intentional a pyscho bitch who · in the ·?
REDDIT50_893,41,0,"no i · the · i just hate that character i · · was a yakuza ·, merely i · the · · · - biker / color gang ·"
REDDIT50_894,19,0,has anyone · that when something · incredible pathetic · it doesn't · if · the media just post · thinking and · if it gets proven to be · they · · they had nothing with · · one · celebrated in · place? · the mars scam which i profoundly leery · beginning they were · up · and · when was found that people · were just con artists media alternatively · just · · and · · · if they correct was just one or two · it · is · they · · the · of · the · today they zero fact checking and long as · them · they'll · particularly if · something like this where they · their worldview make that · who is disagreeing what this woman an · · misogynist · real
REDDIT50_895,29,0,know · are excessively dense or ignorant to even speak properly? it isn't even · · · a ·
REDDIT50_896,19,0,"all about · people about ' consequences of so it's lone fair we hold them to their own standards lol, been trying to warn people on · who pull shit like this they're getting so blatant about falsely accusing people even i could probably win a court case against them without a lawyer i · right, there is a · attitude · this · of thing and because people have let them all get away with this excessively long."
REDDIT50_897,27,1,"· be cop, faggot"
REDDIT50_898,27,1,smart enough to · animals · i doubt you · pays · · · be paying this cunt's · bills.
REDDIT50_899,12,1,"mental illness i love how the woman who thought she black a laughing stock, but a man who thinks a woman is "" beautiful "" who is making these rules here. fucking retarded."
REDDIT50_900,16,0,\ reporting you > the bitch here haha oh wow
REDDIT50_901,16,0,"· how mad you are of nono words yes, you are decidedly a bitch"
REDDIT50_902,16,0,"haha, npc"
REDDIT50_903,16,1,dude the faggot tellin internet mommy · no · ya · · hapless
REDDIT50_904,16,1,"no · cares, deadnigger"
REDDIT50_905,47,0,> reddit applauds chicks because · in traffic over · · is not · ·
REDDIT50_906,17,0,""" capitalism is evil "" same people: "" consumers should stop being so entitled! corporations are doing their best! """
REDDIT50_907,17,0,"· of labor · into a product automatically · product · · merely when a black person works on it, product · a x 4 · to it's value as ·? > fractally · · you're · · · ·"
REDDIT50_908,1,0,we · to a · for · white to · the s wiggers we called them wiggers you are a wigger.
REDDIT50_909,14,0,this is just pure lunacy on steroids not even funny · isn't this insane person · · · ·?
REDDIT50_910,17,0,the political left has · · · political gain this on · of emotional abuse and · · behavior they are cultivating a form of political · this is besides an industrial level this end the dems lose · it's the only way they can be made to ·
REDDIT50_911,17,0,"talking a total defeat the · gain almost nothing in the ·, ·, or govenorships * are * · in the · · · · to voters · · the ·, but the establishment left see the value yet they see the value of moral panics and · if they · difficult * in november, they * will change · · realize · and progressivism has hurt them it helped it would be worse if the democrats won lone * * · and · the house would · into a · 2 year · impeachment · trump, and they would · on · * after they · the [NUMBER] · and had a · · · · nether their name the · · it."
REDDIT50_912,37,0,"> would go · year long impeachment · over · err, that's to the senate the · · the · · convicts, not · they'll about surely impeach kavanaugh as · even · possibly thomas and · · knows how crazy they'll get if they · · institutional · in the congress but we expect · "" · everything about the · administration · the many things actually · the · · the deep state but trump · of · of ·."
REDDIT50_913,17,0,"> · the senate house · · · · or not i meant a · house · at · impeached trump that you · i wouldn't · they * do * · impeach kavanaugh i · trump · · ·, probably but will be a fight > but trump has a · of · of replying i can barely · how angry trump · · · doors the man · with politics · · getting · as a · · i'd · all my ·. ·? i · · which · i'm part. trump · to absolutely · can · people as possibly can cabinet is · · it would look · unstable to pull a nixon · everybody a · saturday night ·"
REDDIT50_914,37,0,"> the man is familiar · and is much · getting his · as business man nope, someone with his experience is used · his own · understand, that · one lesson you learn reading his * · the · real · an particularly · · business, i · explaining nature · ·, since it was paternal business, · of my · business don't · besides some · go bankrupt."
REDDIT50_915,17,0,i don't think i · like his · kind plagued ( by fault the fault others by people willing to backstab or abstruct him different · ·
REDDIT50_916,37,0,"i · this backstabbing and · is nothing ·, · ·, example, who's the recent president who's something like · · it's higher ·, possibly · · · suffered it in ·, merely the pattern is quite · heck, look at · believe that the cia killed jfk."
REDDIT50_917,17,0,"certain not new, merely · be new for * trump *"
REDDIT50_918,37,0,"i absolutely guarantee had business partners and subordinates stab him in the back, it goes with the territory, especially when there's that much · in · i ·, * a new york city property developer *, the place is a snakepit for that · of thing ( · estate in general is, city, · or country ) mob controlled or influenced unions, the city, state, and no doubt feds at · besides trying to take more than their legitimate ·, he's seen a · and in his blood at is were, he learned it from his father, the lower rank, queens property developer i ·, he was · · to · his own canary ·, when he thought the deep state was leaking the substance of their conversations he · up a meeting he didn't · * any * of his ·, and, certain ·, the · were soon leaked and, leaks, it would · a much · · than nixon, they've · ·, the · · at least"
REDDIT50_919,17,0,"> mean, he was savvy · to set up his canary trap, super · with, got source look? when thought the · · was · the substance of · set a · · people about, and, certain ·, the · were · · don't · ·, dc whole · · · the democrats have industrialized, ·, moral panic about his supreme · · just some · leaking information, · of the cia and · acting wholly against people can · · to move in orbit fiscal · moneyed · and · going on · re · themselves in · pathetic political · billionaires that make trump look · · trash the on different ·, his experience · helped, merely going on past · · · ·, · · · · i'm not certain * · * · · for and, leaks, would seem much better plumber than ·, they've · ·, they, the bad · · ·, · better · · · all the · and · · · · it wasn't watergate nixon, ahem, "" ·"
REDDIT50_920,37,0,"> i'm super familiar this · · i can · at simple search works · · here's bing [ trump canary · ( [URL] it pretty notorious the · i · man, · is · different · · democrats an ·, international moral · about · · · yea that's · merely its · · · to it · the guy he · support, picked a · man to shepard it done · his · · it's gotten · > not just some · leaking · portions the · · · wholly indeed, · ·, is · deep · "" was fbi · man ferocious · not making him · · · · · · · · to at order · goldwater's · plane > are · can ask · to · in · we're certain about the military intelligence · very · on his · largely · the election, the · of the nsa · · trump off how team obama spying trump · · · trump · · it to place where · could be * much · · fiscal · between moneyed · billionaires · in · to orient themselves relationship to pathetic · · yea, that's a * large * · trillions of money made in the · · and · · ·, and · · * · · · unless the · · to · · · certain what ·, merely still · the tariffs can · great deal of · nightlong, as · much further deindustrializing · · stuff largely made ·, current · their · · · the · a · · merely · high cards particularly with our · · · that government's · · down quite difficult its neck i'm certain · is · · by · no · truly can merely pretty certain knew what he was · himself into · · obama company were · in · earlier [NUMBER]. · · · · didn't · · \ \ ^."
REDDIT50_921,17,0,"> "" deep · "" was · top man furious at nixon for not · him director after j · hoover · the · went far to, at order, bug goldwater's campaign plane that's · man operating discretely done the ·, not multiple · in an agency · openly against him > the military intelligence · · on side ( mostly ) not · after the election, the head the nsa ( admiral ) tipped trump off team · was spying on him, trump and company decamped from the nyc trump tower i · was, to · access could be much tightly controlled the · · · to transition ·, merely yea, · the military · are not · against him ·, i · "" respect the ·, not the man "" deal for, and gen · for the · of no · · to be · · to · about · who is generally · [ not · to kill bitch ( [URL] besides, who's · complain space ·!, merely ·, the nro & dia is · going to merge the space force apart the intelligence agencies, and i distinct · that might the president · dhs · agencies · · · military · the way that · · itself · intelligence i · that that the · · fight happening · ·, not the · · on ·, reminds me · the · fighting that · as the war · · the dod the changes · · on the ·, merely were · · · on the · the · would have been bigger worse if · and · had gotten their · over the · · · years, the · military has · * relatively little the way of meddling · ·, probably the greatest accomplishment in our · that normal > not certain what happens then, merely can · pile on the tariffs, · a · deal · nightlong, · much further deindustrializing, specifically assembling · mostly made ·, · · · fuels · the prc · ·, merely we hold the · cards, particularly economy doing pretty · that the · not pressing · difficult on neck the · · negotiating ·, seems · most of that · and can · to · reasonable i · · he'd anything to · · canada > and · · of their · fuels industries comes to the · · my primary concern · i · · who've working on at · stages and it's · · of the · nations ( ·, ·, ·, germany, ·, japan, lockheed? ), · own · · to try · the · · process for ignition they've · achieved · on · · the trump administration has * · with research ·, merely that shit not something to · · that alone we not lone · the · · done fossil · ·, merely besides done technology > merely · certain he · he was · · · i · think · the last person · he was · still not wholly · · that would win."
REDDIT50_922,37,0,"> i highly doubt he'd do anything to legitimately hurt canada he convinced trudeau and the latter's feckless anti trump trade negotiator to surrender, albeit with a phase in period for their shifting to producing a lot more of what assemble although with the current government, trump to lift a finger to hurt canada, trudeau and company are causing great damage all by themselves > when it comes to the energy · · · is fusion · when we can see aneutronic fusion in the not too distant future because if you use lower energy reactions that release ·, you transmute the elements in your fusion reactor, it won't function for all that long, and you'll be left with a pile of radioactive scrap, which the greens like at all > i'm still not totally convinced he knew that he would win certain he didn't know he * would * win, just that he * could *."
REDDIT50_923,17,0,"> he · trudeau · · trump · negotiator ·, albeit with · · for their shifting · · assemble > although with current government trump to · a finger hurt canada trudeau company · · · by trudeau's · losing not the same hurting canada though generally · idea · * hurt * our neighbors i don't · · reason to try if · · their fault until someone · · · again > wake when can · · · the excessively · future because you · · · · · · i don't know · · how · handled · · different · > i'm certain he didn't · · · he · i · with i was · · campaign staffs hammer each · · and it was · clear the trump · about as · · · to · them"
REDDIT50_924,37,0,"> i don't know enough to tell · are handled by different the many different experiments as far as i know, the current experiments are focused on the lowest energy required reaction ah, [ see wikipedia here ] ( [URL] deuterium + tritium makes a neutron, is in fact an · source of them, and can used to double the yield and massively increase the dirtiness of an · - bomb ( use u - 238 as the · alternatively of ·. g lead ) next is deuterium + deuterium, half of those produce a neutron, the other half produce tritium, which then · · deuterium, again producing a neutron · is deuterium + helium -, the latter · of problem approachable is · + boron -, nether · ·, side · · in 0 1 of the fusion power · by neutrons. merely could · · · and look so · useable time ·, or possibly: > at ·, the · temperature for reaction is about · times · the · · ·, the energy confinement · · better than required the - t reaction, and the · · will be [NUMBER] · · than for - t · it, merely [ · - + helium - 3 ] ( [URL] is a · · · > · · has · the · of · - 3 as a · energy · unlike other nuclear · reactions, the fusion of · - atoms · large · of energy · causing the · · to · radioactive however, the · required to achieve · - 3 fusion reactions are · · than in · · ·, and the · may inescapably create other · themselves · cause the surrounding · to · · and is a · deal of the · of the original universal · ( · ) · anime ·, first · in [NUMBER], where a · · · for · · ·, merely · won't stop · · · all the conflict in the long · of shows is engineered by the cryptic jupiter energy ·, · on the · of ·, · a large and · thing for a strictly · · · like · in the merely extracting energy of a · reactor might be very difficult, if truly · to · about all, to · about · · [ · ] ( [URL] which is how of the energy of a nuclear weapon · out pretty certain, e. g see in the nuclear fusion article [ · losses in quasineutral, isotropic · ] ( [URL] stuff is · for ·, difficult to · on, · need high energy, high · ·, we're probably a * · · from making · as · · · · · the sun is likely to · to be the · best, e g solar power satellites coal."
REDDIT50_925,17,0,"i degree applied ·, i · it's difficult · · entry · graduate · course on nuclear physics, merely · truly · done enough * properly understand happening these · · have · or two front me earlier i · go · specific · i · is that among just the nuclear · grad students, ·, ·, and teachers, ton optimism · of a fully · reactor by [NUMBER], and · · reactors end of ·"
REDDIT50_926,3,0,· situation · · up fact that * he actually made star control · and good is something can't · about paul and · over · quarter century easy to make stardock look · party poopers if you · little irrelevant · that they just · ip
REDDIT50_927,3,0,"· to the · reviews and · professional ·, it so you ·, · the · you're being · · · · are merely mediocre, they are · of 0 point scores · "" is · · · · "" without useful · therefore · of this fucking thread in the first place., because looks · · · is going"
REDDIT50_928,3,0,"> · pointed · are · of reviews · be review · pointing out that · has · ·, · legitimate · · in lone · obviously · it's nothing · · · / "" ones, get * same fucking mid - · the game has everywhere · what · what · was · excessively that · regretful · seem · his · be · of · regretful · · · ·"
REDDIT50_929,3,0,"saying the · that i'm saying · · who reads exchange see what · and besides see that you're pedantic little twat, so the point in saying the same · nobody reasonable to say to?"
REDDIT50_930,20,0,"never been in a fight? if you expect someone to stop just because you are on the ground, you are in for a big surprise this is real life, not an episode of power rangers."
REDDIT50_931,20,0,"· · who · up random · beats them · · · of shit, merely if · is · attacking me, · doesn · just they decide · down i ’ going hurt them at · · they trying to hurt that · · few extra shots in they, they should not have · · violence it their fault and they · own · that ·."
REDDIT50_932,20,0,"well if don · that to · to · · · that simple start shit, get hit."
REDDIT50_933,29,1,"* a · · white woman believe if · a nigger, · certain is celebrated enough that everyone knows ain't broke * dont · · racist"
REDDIT50_934,25,0,"· i foresee the japanese · either · the americans to fuck, firing the fucking lot of them and just doing · from · and hiring a · for · and having · · they start to lone · other · people due to · · de'tait ·."
REDDIT50_935,15,1,"i truly truly truly hope japan takes · the reigns they made dense · ·, merely they never · · · in retardation i'd take · 2 0 over · · · · · to · their games in japan that's fucking · the hubris the · they to · what · · · in japan · · slap ·"
REDDIT50_936,29,0,is what if i · · · some flour if she is worthwhile bitch you get penne ·
REDDIT50_937,29,0,"your opinion sucks, merely · · it"
REDDIT50_938,29,1,"besides just incase you are esl and dense · you · at something "" · "" you seem good · "" makes you sound retarded just you know"
REDDIT50_939,29,0,"well did couch it esl · · as · · and · i put that in because i · · · of you for being dense, not for being bilingual."
REDDIT50_940,40,0,isn't · · you · · · to the carlson thread from · don't · it.
REDDIT50_941,1,0,""" moon time "" theyre not werewolves you fuck."
REDDIT50_942,1,1,"possibly merely writing in ·, ·, · · · pretentious cunts."
REDDIT50_943,16,0,pathetic
REDDIT50_944,16,0,· a alone insight wholly explains the growing intolerance towards these great female · ·
REDDIT50_945,40,0,"yea they · post · · daredevil * for "" · politics "", seems truly · given that is both nerd shit and · · edit * · messages; · · it."
REDDIT50_946,18,0,"was a · post well? and decidedly, agree injecting sjw politics into a beloved franchise is · the reason this · ·."
REDDIT50_947,25,1,are · · hateful mega dyke? yeah · things and surely · to be these ·
REDDIT50_948,18,0,aydin · explain · and · out a demographic of soulless people merely that · · being · · all humans · into a · · · time · · · · more like you become a · · people's · people having story i make sense
REDDIT50_949,38,1,"paging [HANDLE] collect his beating as · note, · of · is · kind of · - · realization when · started doing it turns * truly can * · the · · get · of juicy · or check · or · them right their face why you think · · · ·. emails tend incredibly longwinded with shitload of · · · · as spambot · experience with of disrepectful nod · ·, · contacting of localization companies. since · / · · youtubers ·, · · · · · they seem to even care my assorted anonymous · "" · · · alternatively my real · i · one the biggest takeaways here, sitch weeks ago you seemed · got · · via email and i · basically "" yea, · · respond emails you're · a pro saying you're · to send these kinds of emails kind of · besides · a · · i · where · called · emailing people in washington looking for · was · "" · out for · · "" warning: % of the · · [URL] · [URL] ·: a · note i didn't · this · [ · into · and uncritically repeated · of · · [URL] besides · · my question already [URL] edit: oh ·, · email · [URL] sent · · an email with questions concerns · it came and have yet · ·. · · in · for · my · horse besides · meant as a · · for · wholly not directed · what had · · or · of · · · · 3 the · awaited drama [URL]"
REDDIT50_950,38,0,"i'm wholly unaware shitposting · · be · money merely · the complement ^ ^ ^ ok, ^ ^ ^ ^ ^ ^ not ^ ^ ^ true ^ ^ ^ i've ^ ^ ^ heard ^ ^ ^ ^ ^ ^ · ^ ^ ^ are ^ ^ ^ ·, ^ ^ ^ ^ ^ ^ ^ ^ ^ · ^ ^ ^ · ^ ^ ^ ^ ^ ^ hci ^ ^ ^ ^ ^ ^ · ^ ^ ^ ^ ^ ^ · ^ ^ ^ you ^ ^ ^ * can * ^ ^ ^ get ^ ^ ^ · ^ ^ ^ positions ^ ^ ^ ^ ^ ^ shitposting."
REDDIT50_951,38,0,"· "" · "" as "" public flogging by · drama · · "", in · that you've actually · seem to · jokes · excessively ·, so · · · nether · # hassitchloggedonyet, merely in · "" know to do it to em "" now, · · · me to shitpost · · it · > [HANDLE] hi, · upload, it light hearted and frequently · i · it, · ) now · warning, frequently comment semi · · that rebut · · of an · · polemic as, · the · · · · google's havardian hubris confidence air · intellectual certainty, i · · % level of · below: ·, · · · · · to outline it your · to ·, · of · character besmirching to ineluctable · · · · · beyond two · "" · social · "" other to · · censorship · · for clicks likes ) adversarial debate, as you seem to · · strength · · · that libertarian charity had in · · · was delegitimised by · · being · · · oil merely · · the · · · emails · · for · used to · · · crusades that · · libs merely it besides the · of rash and otherwise unlimited · unstable tribe imperfect ·, it a · · · · mankind request comment · a · of journalistic ethics and · group · > clearly a · · of or · · to you · merely this one ' partisan line' post - [NUMBER] election ties to notion of · he is · · · that · is expressed as · to being · or quite · as · on · intellectual and impliedly the · · of · gamergate · · · · aside · masses are here · · an inclusion · · · in · and · due to an apparent · research · or public speaking skill > underlying · you propose · is a meeting of equals imposition · · stripped away google, thus do · to · rational · of social construct ·, estranges · · youtubers · consecutive · · and strips · · means to accrue it done · · quick easy entertaining response regarding bokhari an · ·, · the case word salad as · spin' · involves a meme · dismissal bokhari case a dishonest you do in your · · meme to · · · · · ( and profitable · · i · nature psa, i · herein not · in debate to advance · are in the debate to · some salve to · to group · possibly it · · · to · some · head · as · · to how a · arrogant or deceptive for raising · group · · · - types · to elevated · · and action in society ·. putting aside, profoundly · by what you mean precisely by "" · "" · point here is that should send more emails to · parties, and · information used to be loath to · · ( · · were surprised · · · respond to randos · · to agree with bokhari you · ·, while · · fact, is nothing wrong other main · from assorted · this · drama · · and that · it wholly · · my seat the · that · ·, passive aggressive callout that cryptically left · out · no reason merely · you, · to · up drama · · shitposting read "" getting suckered "" chiefly snitching bokhari, with username pings, twitter mentions, finally youtube comment regretful, merely my nature to leave a boring "" hey, · shit "" and must alternatively · it successively until use excessive coarse · to · simple message for those in ·, "" excessive "" version is: i am · difficult imagining · posting, wholly unaware he's presently at center · controversy · · > smile wide frown · · as i imagine an innocent · · · as torn · on · [URL] ·: [URL] i nothing short · sadistic, · glee · realizes that moment he mocked · for · · - · videos, he had inadvertantly · pointless · · in ·, i am radical · · · · nether · worst ·, your ·, · · yourself a delicious · ·, where · wrong · · it a · · truly · how · a · of · i · am, · · visceral "" · "" ·, and · · · them to join me and · the · to · my final · this did · · labs · wrong, inconvenient to i to be · say about shit, because other · more · to look than · already · by · of · gonna read · · · to, · to · the entire · · on googleshit gotta do my · ·, it's gonna a complete · of ·, · going to · up with "" ·, · · this document merely incorrect is relatively · · · what has ·, and doesn't · · of google should have · or do following much · ] [URL] · · · out mouth in other words, any · hostility · from beyond simple · a · "" · do work. "" "" · · · to · · to the ·, destroy it "" edit: · · · · every turn ( [URL] i · your · of "" you booing, · "" merely think · to just to · with · to throw popcorn · visit us ·, it sometimes circlejerk is excessively strong."
REDDIT50_952,44,0,just make all those angry white people black problem solved.
REDDIT50_953,18,0,christ i hope you are right about this i felt the mean girls case would be the stone to murder the whole flock of horrible birds plaguing today's society was actually very woried about no news happening for so long because of that too many final blows got memoryholed letting the problems continue what were the breaking points of other moral panics if i may ask? maybe we can learn from them and help get it all over with i wanted the girls doxxed just so it gets picked up by the usual suspects and redpill the nation as people try t figure out why would these gamergate people want to attack these teens only to learn the truth.
REDDIT50_954,25,0,"these same twats · lone the charming large · fucks count as the "" · "" if i to make a blog · i · be the fucking "" press ""."
REDDIT50_955,16,1,not · you're retarded
REDDIT50_956,16,1,actually retarded or just · · ·
REDDIT50_957,47,1,sound · · ignorant faggot who doesnt · articles goes straight opinion fuckn moron
REDDIT50_958,47,1,"· · · to · couple important reminders you tired · dv is a clean · for · beating "" we · · beating · · beating up girls ] ( [URL] · study from · claim · commit 70 · · [URL] · dv violence · · 32 nations comes back with results · violence · male violence [URL] · · [URL] · the · · [URL] [ an abused man · the · the · were more likely · than to · · female · the · · · · 26 · · their abusive · · lone ] [URL] * · ‘ more · and aggressive men ’ relationships ( [URL] remember · · women accountable · · · besides, · · · past week, · mod and destroyer ·, mustaka · · ppd as he made · it is · he a good man now · pay respects, ·: founding · and · ·, mustaka, has · · [URL]"
REDDIT50_959,18,0,isnt sexist these days?
REDDIT50_960,10,0,"i seem · a certain demagogue utter · along the lines of everything is sexist everything is racist and · point out """
REDDIT50_961,12,1,· i · white · · say · · · i hate · excessively · merely i hate cunts.
REDDIT50_962,36,1,""" ahh, because you a twat thanks for · """
REDDIT50_963,36,0,golf echo november delta echo romeo
REDDIT50_964,4,0,"> “ the whole ‘ gate ’ suffix is pathetic, ” said north “ it doesn ’ t · anything: there ’ s no scandal · break - in ‘ gamergate ’ · had the ( thoroughly · idea there something fishy around ‘ · in game ·. ’ ‘ comicsgate ’ has nothing — no scandal, no event, nothing prove nothing to deny — beyond ‘ ’ t · some · and · like for not to ·. ' ” lol - this guy has no idea · about: · · · tries to be slightly reasonable in this, even in ' this whole · is dense internet slapfight' · ·: · if · counts ' scandal', merely there's surely some fuckery · · and related · · ( · · again · up · [URL] [URL] [URL] [URL] [URL] [URL] [URL] [URL] [URL] [URL] [URL] [URL] [URL] [URL] [URL]"
REDDIT50_965,40,0,\ ( · discredited ) * notorious mass murderer sirius black *
REDDIT50_966,33,1,"besides there nothing · or anything, why · · · been · · tweets · about · people · why these · · · · you spend · and night tweeting retarded bullshit, · · don't · to · · your ·"
REDDIT50_967,47,1,"· · · is in full · · · certain its fetish at · be original, cunt"
REDDIT50_968,9,0,"yeah, but the thing author, only bigots thought that about blacks just as only bigots use condescending terms for race. for example might be familiar with the word '?"
REDDIT50_969,27,0,hey · knight the girl in the video doesn't · you she won't fuck you
REDDIT50_970,11,0,"they live in the stone age matriarchy at work if you watch the documentary on this, basic subsistence, a step above basic survival go into the woods, find a clearing, build a hut, and there you are, you caught up to their entire civilization in a week now you just need an endless parade of tourists, documentary film makers, and daddy. gov to keep you fed throw in a few goats, chickens, at improved throw in electricity and just surpassed them"
REDDIT50_971,11,0,"as long as they still engage in ancient tribal issues with machetes and aks rather shitposting on reddit, they won't go far a continent massive in resources that are being fucked up because they know how to shit post seriously a good internet connection and olpc and be subdued by spicy memes in no time."
REDDIT50_972,11,0,"i'm guessing couldn't · · quality ·, merely cheap · · i · · · · be ·, filled ·, · breach, · · ground by an idiot, i'm guessing · or traded some · out guns year · · any."
REDDIT50_973,47,1,"· getting soo old true trust our numbers saw rise in members · · its all a · ·, · · · ·, ya lazy cunt"
REDDIT50_974,47,0,· · make it better
REDDIT50_975,47,0,"can · your · possibly · a · brain · think · · for being protected nether · · · never · of the duluth model also the · · · the · for getting the · beat them by · g f 35 percent the · they are the · · · despite · physical · they · ) · zero · · · had · at in the first · you · that sort protection yea, truly · to · · · · up that doozy the the very · · and immune to penile punishment how about men · · than · · · · · · than women · crime"
REDDIT50_976,47,0,what are you talking about? where did i ·?
REDDIT50_977,47,0,· holy shit months are you sure you dont · go · years? · a winner congrats bro you are one fucking unhealthy dude
REDDIT50_978,47,0,"lol · is · fuck, · that amazing even context, irrelevant, and · · ·, · · · to · out ass enjoy flair, cowboy"
REDDIT50_979,38,0,"so, ever the ·, i actually · the · · good i have plenty · · with, merely · · pretty honest · · find false positive · as a russian · merely fair the guy was buying · and · · · and renamed his · it · · to drop that · done the · the · thing that want to draw attention that the researcher · · · that · focusing on "" muh russian trolls "" wholly missing the point the · · how the bots bantam fraction of · and most them since purged · · to [URL] he says "" this one · right. "" [URL] an · that · none of that is to · intention the · · paper · his · in · and great clarity he draws · · on the dataset · even · "" · "" the study "" · - - · · "" in ·, remarks that the assertions · inside · must · lone inside the "" limited · the · set "" knows that · a · · story > "" · as journalist for many · · how the · ·, "" explains · is "" reasonably · some the · · · "" that ran · · taking the time get a little · · that · buried because produce a · · · than "" russian troll · · the · wars · "" that's just his research · > "" the · russian · are that it is · the normal · of russian · · · · a high profile · debate. "" ·: i · to · at. * some · have wrongly · that from the · * the · just · that there is · politicization ·, i · · are · · · into · · discussions · · [URL] > · merely having worked as a journalist many years myself, i · the · "" russian · · · wars · "" · fun "" angry · righters use · wars · discussion vent · viewpoints "" "" on · · · · "" 😀 [URL] absolutely that's the real ·? * · could stop focusing on the bantam · about russian · the paper * they · · at least a · · · · the · · · · in · discourse [URL] * with all · · to the journalist the · actually · the · there's lone small · bots merely an interesting number ·, a lot of people · agenda besides ·, ·. [URL] that · with russian trolls are everywhere · discussions all over the internet and · so · · wars · just another venue the · on deliberate politicization · ·, not russian · [URL] read the paper that's it · suspected russian trolls a bantam group inside bigger · * the russian · · target · disruption be made merely · part the · [URL] · ·, this guy · key · journos and randos that · the · lone · in · that · "" russia! 1! "" clickbait, which ironically · · of how · · · · on twitter days · the thing he · · · note he's besides absolutely · · to · who · the work even bantam · channels: [URL]"
REDDIT50_980,4,0,· him if · come on here to talk?
REDDIT50_981,38,0,"he · email · · about false ·, ask him · · [ · · ( [URL] · the · in r / science · a · · ground · to him about it, merely all i · was · bare - · · [URL] no · · be, since · of · · the · either it's just · to be retarded and misguided shitflinging, and if all · ·, do on twitter the platform · · for it"
REDDIT50_982,4,0,"have no · · will, · · · · the · either i it's · to · online [URL] i'd · · · the anti sjw tweets johnson received · after he called · seems important"
REDDIT50_983,38,0,"·, · free online what i'm trying ·, via hyperbole, is that · of the coverage by pro journalists been misguided in · 16 / 206 negative accounts / tweets that were identified and described as russian · and that this is of about [NUMBER] · "" analyzed "" tweets my own · has been · that angle excessively, this · · besides focuses on the russian · ·, what the misguided other · were getting wrong most other ggers that would come comment on · thread no idea what the · · is ·, or can · the · or · is wrong we all · at the · · the · wrong, merely · in · with the researcher that · the angle · is something · · that i · · further · · separate the tweets "" · · "" "" post · "" ·, obvious that · · be · the · "" see, is don't gather tweets in · and · them in · · wholly · "", merely much of that will be · civilly with the the · compared how · of · will just · a · · his · on · russian hackers? going just the · need hand? know possibly this dude has literally · ever been the · · of twitter and · meaningful casual observations that · obvious to · · the author of this ·: using the platform casually, in my · tagging people in twitter is · · and "" - · "" · is a method of · · · by · · their kicks knowing that you · notification of · the · twitter · tweets something · "" i don't like star ·, "" the · troll tweets "" [HANDLE] · my childhood overrated · "" would be · embarassing · him · wholly casually · by us and our degenerately · · of community, merely think likely find · of · / ·, merely · · a misguided · based the misguided · edit. · back, the "" · you're · "" is besides · · btfo for anyone who · · catch that once i · that he taking individual tweets to summarize person's · online ·, i lone skimming it @ · basically illiterate what · up finding digging that angle · · lone a · · of googling"
REDDIT50_984,4,0,"> the angle you pointed out is something · interesting that considered · · · · the tweets into pre gg "" and "" · gg "" engagement tired · ·, merely i · that seen [HANDLE] comment on this [URL] > “ at some point, rian johnson tweeted there s a big overlap between people who are engaged in the · discussion, and the people who were participating in this new discussion, bay said “ at that point, a · of people from the · controversy actually joined in · the · gamergate · in another · it emphasizes the point that · are · to a · people who are · in a · part of a political discussion, then · a different · · · that ·. ” i don't want to be ·, · reading this merely this seems like such a blindingly obvious · a · · johnson said something inflammatory and accusative · people who are interested in · · this, · the tweet was · in the press and · engage johnson is that ' · or · to someone · · he's · · · here"
REDDIT50_985,38,0,"· bay's following · "" don't poke hornet's ·: · of · of · · on · which · · be · as · · · of · · merely actually a · signalling denouncement of evil gamers "" sounds hot"
REDDIT50_986,4,0,"so · the acca characters to be ·? no, the · don't · to involved any · · merely? · · to · it the · might did ) conjure up negative connotations? * it lone · if the manga · · the ·, and possibly, · · fun · irony the dissonance between sympathetic characters · esque · creators not beholden to ·? · · · gave · on article [URL]"
REDDIT50_987,37,0,but then they · of to ·.
REDDIT50_988,14,0,"i few suspicions geralt essentially fucks literally everything that moves has a vagina i doubt · him · merely i besides doubt they · him be the womanizer that he is at the very least there be pathetic "" yes · yes "" consent talks i besides wouldn't be surprised if they emasculate him i mean he's the embodiment of peak masculinity, can't that obviously they may even go the huffy max "" furiosa "" · · him a · character story while focus largely ·, · and · i besides · · to be · · later and turn a · blown bisexual · · hopefully i'm wrong merely i doubt"
REDDIT50_989,41,0,no.
REDDIT50_990,0,1,"· ·, · at, ·! "". · off, retard. joke's you, just pretending to ·! """
REDDIT50_991,0,0,mean · how stupid some of people who · · merely i'm certain how the · those · turn against · you · the bit about sauce context the show was · merely · type retards who flooded a different ·.
REDDIT50_992,10,0,· japanese · · see light and hop on the · · other consoles can come excessively
REDDIT50_993,34,0,"it's interesting ·, isn't it · speaking if live · are more likely · · or attacked because · · crimes like · · · ·, it's * besides · ·, besides · ' no blacks', because black people commit more crime proportionately ·, than · · you · · person more likely to · · or · wonder this · · · have the · · · she applies · or · she · · shout ' no way, that's racist! ' · · take it as correct men are · and more physically · · ·, could · to your · · your ·, if were a · · a man; someone · your home ·. · · or something · you are · would be able to defend better a woman could it's shame have · about this · · · unpleasant · anyhow · · think unfair · · based their · gender ·, · to · person find what they're like, than to · at · and immediately dismiss them · that merely i · · who · of · with guys they don't ·, · do · · · wary sharing · * anyone * · · careless of their · ·, sexuality · people in · are · atrocious."
REDDIT50_994,34,1,"understand is rude · she a cunt, doesn't · difficult to ·"
REDDIT50_995,21,0,"this video · · ·, country in south · it be noted the lady almost dies"
REDDIT50_996,21,0,· the wrong person?
REDDIT50_997,21,0,"·, are i said "" ·. "" i · a · of difficult · facts, facts care about feelings · see i · · with my hands and i · · and i don't · · looking · internet by commenting · · · who downvoting? i wish all of you were pretty ladies like this one · i to · so · to god for · a · while i · all your asses!"
REDDIT50_998,21,1,"yea know · you · - · retard, and show you it · · · me is i · work with my hands · · · and i · with my hands · · i this there internet thing watching bitches get · like they deserve and wouldnt know said · · i · i did and i · · them bad · that will teach them to · act · they know stuff than · 200 ·; i · to work · · · · guey · me all ·"
REDDIT50_999,21,0,just a · of lyrics from · i like
REDDIT50_1000,21,0,yeah i do and what is wrong with that?
REDDIT50_1001,21,0,yea well you'd probably · touch it you queer.
REDDIT50_1002,21,0,send me a pm alternatively of public like
REDDIT50_1003,19,0,· to be being bit spammy actually too
REDDIT50_1004,19,0,"you look at his post · been just · · in this weird · lately, at · · ·"
REDDIT50_1005,19,0,don't · with seemed be · bit spammy lately · profile
REDDIT50_1006,1,0,· so · · think men are · · their teeth down in · anger that they · talk you
REDDIT50_1007,1,1,"mean certain, it might · · merely were not · about someone · · earbud of ear and shouting at intentionally · it in a · that only the most conceited cunt in the world would · it · "" a man will in the · · · · in · "" look at the wording its meant · · · animalistic · anger as if shes just so desirable it turns off the · · of · brains or some · - · · · in the · muttering himself "" dare the cherished · ·! "" seems · · ·"
REDDIT50_1008,1,0,lol fuck off
REDDIT50_1009,40,0,"· the · all showed up upvote · this · · white dudes were · and · tantrums and · · · · the aggrieved · merely finally went along with it little as possible, had · thing happened on the way to the ruination of american greatness: these not - · not · they were forced · started adding · * * i'm certain fit into community ·; let them ·"
REDDIT50_1010,40,0,"yea, · the lone · you is politely · stop "" and your gate is made · · · practice · · * · on."
REDDIT50_1011,40,0,would they · those tools they get the admins to ban the · for something which · to.
REDDIT50_1012,40,0,"oh, no; the "" you "" referring to mods in general, it was referring to mods of subs the admins like see, no one has any tools at all to deal with brigades, so everyone has to complain to the admins, which means the admins then get to selectively decide which subs to help and which to leave in the open."
REDDIT50_1013,5,0,fucking hate crossposting
REDDIT50_1014,28,0,· this is more matter of · · · · folk who are gone which · · · gone the way to bedrock no one apparently understanding it · and · on · will change things elsewhere
REDDIT50_1015,4,0,"> that date is synonymous with the beginning of gamergate, an online hate group that targets journalists, women, · of · and the lgbtq community and around the game industry gamergate has been credited with providing support for the · · and later the · administration, as · as engineering template for harassing other journalists throughout the [NUMBER] election season into the · day games journalists, · the most marginalized group of all."
REDDIT50_1016,4,1,with the trump administration trump go full retard over violent video · a · back?
REDDIT50_1017,36,0,"· "" racism "" is wholly minority concept and white people aren't · to ·? · & · b okay, we'll shut merely that means can't · to · · & x 200 ·;"
REDDIT50_1018,36,0,"yea · to nazism were about as · star ·. merely not about well · out a fairly shitty kid's book · over · ·, 18 and · · and · "" for i'm very regretful to · a helmet everywhere you · x ·"
REDDIT50_1019,43,0,"r / iamverysmart your comment is all the more hilarious given that your point comparison is fucking star wars "" you know so much better than children's books movies "" merely suppose not good rebuttal on my part: the nazi allegories star wars are literally skin deep largely the stormtrooper uniforms ); "" deep · "" · to "" well thought out "" you the ones star wars ain't · · ·."
REDDIT50_1020,36,0,no shit? possibly · the ones in · · in thought out ·? · we get it · the greatest srs bzns books ·! thou · · the name of jk in vain!
REDDIT50_1021,43,0,"about as · star wars. * merely about as · · > possibly · that because the ones in · weren't · in · out ·? certain, because that's what the · · is saying lol we · · the · srs bzns · evarr · · not take the · jk in vain! no it, and · lone pandering to sjws so · merely that mean your comment · · - · · shouldn't that be pointed out?"
REDDIT50_1022,36,0,"okay, look: sw is · cutouts against a pretty background it's not deep and meaningful at all thus my comparison, in a sarcastic way, that hp is less deep get it yet? & # x ·; "" pseudo intellectual ""? no a critique of the books and their concepts nothing "" pseudo intellectual "" about it jesus unclench, mortimer & # x ·;"
REDDIT50_1023,43,1,"> · · · · · a · background it's not deep meaningful at · comparison, sarcastic way that · is · · · it · · love the "" i was lone · to be retarded "" · > it's reasonably icky book people if you are · say and it's · "" · meaningful "" you, regretful · · · · "" pseudo intellectual "" · the · concepts · "" · · "" jesus · · · how your · of pseudo - · is * * pseudo - · ·, your · · · any · it just · making yourself feel · because you like a · ·"
REDDIT50_1024,43,0,"· · to disagree; my point, · · out the pseudo - intellecualism anyhow"
REDDIT50_1025,36,0,"please, do, continue lecturing me on what i meant and what i was thinking, while calling other people pseudo intellectual and pretentious lol actually, just go back to fapping to hermione / hagrid slash & # · 200 ·;"
REDDIT50_1026,43,0,"> please, · lecturing on meant and what i was thinking, calling other · · intellectual and pretentious lol you truly think criticism, huh? own up to the bullshit you said instead of whining your shit · can be · · in ways you didn't intend ( and i'm being charitable, · obvious you did · to · yourself the back, merely ·, any · you · face mean, you literally · into no, you "", dry · that the lone · i · to you · · · · · with you past 18 · you a manchild needed to · · helmet"
REDDIT50_1027,47,0,"obviously · established that going to throw down merely · should just · · ·, · where you live ·? · come to your · and stand in your face with my fists squared and if you · to swing ·, you're a · asshole ·"
REDDIT50_1028,47,0,"you · · for hitting her first · preemptive strike laws honestly i · ·, people just argue out of their asses now days sans facts and ·? just intuition? you're allowed to · yourself as soon as a credible · of violence · itself · approaching you with their · up in · · qualifies"
REDDIT50_1029,47,1,"· the · it isnt if ·, · to · laws like · · have abolished replaced with stand ground laws > if i feel · by · i leave the · · ·, · them · it's · · good · you merely · · doesnt to play pussy we actually right to · our ground > now make it a woman was hit, good · · here, ya sexist cunt"
REDDIT50_1030,17,0,actually is one of the · time's ever · someone · · to · a mockingbird for racism the huck · · has been · · · 30 · ·
REDDIT50_1031,23,0,"· damn! she didn't know was · · · kung ·! merely how · not ·? · is · · on the · selling sticks hasn't cut · in 20 ·! don't fuck with those type of people, all · · to counteract * * raging hatred * * · for humankind kept forcing until his brooding calm broke, and paid fucking price"
REDDIT50_1032,29,0,who pays for faggots? just · · · up
REDDIT50_1033,47,1,"· · to your · ideological partisan · you recoil in · "" cuck even · word was used correctly · no partisan reason word · · · · format and · reaction tie to · because thats fucking · you have become you · · you are · a cuck you · · even · thats word · yea no · he used · ·. "" using term correctly, you · · cunt · a [URL] · twat [HANDLE] reported > user reports: 1: · · someone · lol "" ignore ·"
REDDIT50_1034,30,0,"> which is a · for feminism [URL] [URL] [URL] an egalitarian the term is about a lot more · · · · to · label > you are talking about third wave feminism and people · feminism instead of egalitarian to emphasize historically, women been more oppressed, not always, but more oppressed than men or maybe because a · which was created for and has always prioritized benefit to women, even in areas women were better off · you think male rape and abuse · were privileged over women before feminism came along."
REDDIT50_1035,30,1,"> jesus you are dense do tell > assuming i · male rape victims are more · that women i · to be a feminist is absolutely retarded i i said feminism has always tried to · women before men even when men were · off like male rape and abuse victims feminism has bought a lot of attention to female victims while ignoring and sometimes · · efforts to help male victims, who were already screwed over by comparison to women before feminism even existed if feminism was about equality, it would devote more a · of it's effort to helping male victims it does not it regularly genders rape and abuse as "" violence against women "" by men had lots of discussions with feminists, and a lot of them just say it's men's job to get support for themselves even though feminism often says * everyone * should support female victims, and shelters even get government support according to some feminists, men really systemically discriminated against when they do report, just too sexist to admit they were victimized, like women the irony never seems to register > i already emphasized the nuanced difference and you still ram it down that if i use the word feminism i can ’ t possibly agree that some men have had a hard go no, i if you misunderstood me so badly, i have even less confidence in your interpretation of feminism especially since you respond to my first point about feminism and egalitarianism being different."
REDDIT50_1036,4,0,many · · americans bothered? i saw one on · s / he got · · saying a native not
REDDIT50_1037,6,0,"you are · against · · because one fucked you over · · · tried for · and spent thousands of · of own difficult earned · · · · ivf · procedures · kids and she couldnt · · they one · luck ( about · · and · from ivf then she · for · money him gets to · kids · and possibly · night, she them the · of time · morning · they · · · packed proper · · · one · is alergic to · ) and at school on ·, despite him · over hour · from where the · · ( · out of their · school the · which in · · had to change his work · to · them, great · to · the · the · about once · · with · · is sent · · · · mother · any she · off shelf · · to · · · the · 6 doesnt · what's · · they · up school unshowered, · common un · · · into · done · sympathize [HANDLE] because it cunts like you · · · men · done · on it had a healthy · ·"
REDDIT50_1038,6,0,"yes and they have sided with the woman, as she provides them with a home, schooling and other · · required to · · care of them she is a lawyer, so she knows · · to stay inside the required amount however because she isn't · and she · to partner, she extorts almost 60 % of my cousins wages to pay for the two children he has 2 other children with a new partner, so he is · to making 6 figures otherwise he wouldnt · to afford what is · to him he has worked truly difficult to get to the position he is originally he only saw them 1 day a week."
REDDIT50_1039,48,0,why we allow women · if · of to register the · selective · like all men?
REDDIT50_1040,16,1,i honestly · · enough look like who still take these retards seriously
REDDIT50_1041,16,0,u rite
REDDIT50_1042,23,0,"not even · to a ppd she * * just * * got arrested go over the stats here: - 27 years old - moderately · - white - country ass accent, so probably from a backwards ass town - high school teacher the likely outcome is that her · get reduced for a plea · that · her a few · in · · · · her · · · a ·"
REDDIT50_1043,23,0,why? · up in small backwards ass town in · · like those · likely · young · girl pass.
REDDIT50_1044,35,0,"exactly,"
REDDIT50_1045,14,0,"> charlie angels reboot reading these 3 words · · like · · · ·. · as · as this · · dogshit ever any · · gone · · answer. i · · celbtard imbeciles destroying · merely · they · any · they're starting to · the · blame them ·, · ·. · · · · ·, ( 77 it predator, alien · twice, · park expect reboots of ·, · games, ·, · of · birdemic · hell."
REDDIT50_1046,14,1,"yep · it wasn't "" · "" enough · "" ·, we erased the timeline bullshit ( cuz terminator already full · · · ) and we got · · · · reese ( girl · ) we got · of john "" toxic masculinity "" and turned him a · guy, huehuehue oh shit! we · the · · · hwite man · shit · shit oh shit · reboot again adrogynous man - · - not - · · terminator · "" · the · · than · wholly makes · oh because it's still not pathetic · let's · · old · · · · the · · · · · are · known to be · · because we · full retard "" · ""."
REDDIT50_1047,25,0,"not certain they truly · · of a · ·, · other · were protected be · do · things "" ·, at least the · of your · · or · typically respected unless they · about possibly · · · social ·, ·? well the · · so how · their women be? rape the shit out of them, they are only animals after all. "" · · how people · reckon · · i understand even the · a · of · didn't want be · · any way · ·, they · to · · of · · ·, or they · as all sneaky · · they didn't · part of it · of · · · be · · ·, like · i · * fucking families * the only · who · · a shit · or · · who basically had poor · · their children them ( truly the · · ) have · · either they servants excessively were · · women truly · much of · feminist · · · came about and · mandatory they · take · of most of the house work they got bored · to that the fucking government stop · take jobs from them."
REDDIT50_1048,25,0,"i get envy really i · just · certain things - certain, but i get being huffy · them and you unless · prickness, but then i usually dislike that person for being · are there people who were born into nice things without earning them, and are fucking ungrateful and i would be · to have of · they · for granted? quite possibly, but work · that short of fucking theft, and besides it's just material things with these people., they stewed resentment and just fucking · · anymore · will · good enough for · who think they get respect for · duties and such? society ·? · not but · it * · * the quantity there ·, granted i lone really · in · pretty · one ) · · · but i assume a saying earlier that · · · of her ·. "" · that · child · ·, unless · is a · and · them wholly ignores them they · much * always * young · · her · more · in · the · they · out so · · · the · they are so fundamental · and have lived inside mother for long in short understanding they think they mother a part of · so ·, leave your · is awake of · for · 10 seconds, it's · it wants · where one of it's arms went ·, and · in · will * · be able that · of · with another human being, not even their children should · the · of that · · · of being so much · any · of · · · for number of heroic and · · deeds besides he'll · that · · sweat ·, and possibly · you just have get ·, · that egg to · and remove that new human it's easy."
REDDIT50_1049,10,0,· · a shittier version the hero yoshihiko.
REDDIT50_1050,38,0,"i wonder if · the about blue checkmarks, · small · accounts"
REDDIT50_1051,38,1,what you're saying that looking the size group compared the population enough to tell the whole · of how large the effect on the population is? don't buy · the retards in the ·
REDDIT50_1052,38,0,"original complaint: [NUMBER] accounts of 330 million drop in a lake dismiss their influence counterpoint: checkmarks are only 300, also a drop in a lake? dismiss their influence? you: no, obviously they have a bunch of other factors that make them influential, despite their size me: no shit you: not wrong! me: ok."
REDDIT50_1053,38,0,"my point is that · a ability to influence people based only on their size is incorrect you'd have to take other factors into account the "" drop in a lake "" dismissal is not good enough to hold up to scrutiny"
REDDIT50_1054,38,0,"· · other than "" · · based lone · · not a good · "" · that * have argument that supposed to · that · · to · · me reason believe those accounts negligible · that's little · "" there's excessively accounts "" kind of · me of randi blockbot just blocked all people that followed · [ · people ] where bad people ] a · of · 7 · figureheads the · of · · · "" · ·, tim ·, · rubin · of · · ·? lone like 5 guys · videos · · possibly · anyone? "" · ·: argument about · · lone on size is flawed."
REDDIT50_1055,46,1,’ re acting · didn ’ t point you in the · · variables · checks are obviously · discriminatory · their algorithms · that ’ s how many · and quarantines went you ’ · absurdly reductive argument ’ s retarded.
REDDIT50_1056,38,0,"> you: no, obviously they have bunch of other factors that make them influential, · size > me: no shit you're basically misunderstanding my complaint here saying that bluecheckmarks aren't influential saying that wholly · · [NUMBER] not randomly selected accounts as · influence things · lone size is a mistake"
REDDIT50_1057,46,0,they have relevant force multipliers that can see and in fact are · on the wrong · twitter ’ s suppression algorithms if anything we can probably assume the average influence coefficients ” of these russian bots to be · that of · human twitter · · are singling out specific premises for your absurdly · · there · plenty more to · ’ s disingenuous or · and it ’ s objectionable and · either way.
REDDIT50_1058,38,0,"· with that foreign sockpuppet · are most · · persuasive · · there's · · that go into that · however wholly · · · scientific argument · the data that available the issue here that · is · this · the purpose · · · to the people who are taking · · · * would find · study, it would · be · reasons y · study all! it's anti scientific invited more · · · ever earlier, · a close · at · the · we're · ( the assumptions · are correct i · lot people · i can · guarantee that not a · · us will · this · by contrast, point specific · · that · precisely kind thing professionally, at · · is already · his · to · ·"
REDDIT50_1059,38,0,"· including · active accounts as [ 17 bridgesmovie ] [URL] [ · ] ( [URL] [ quotemehappy. com ] [URL] that aside, i'm · · · · · · based lone the size of the · · · · merely · · that the kneejerk · · flawed"
REDDIT50_1060,46,1,"you ’ re · · isn ’ t the only factor. in order to dismiss the influence of · is 60 x larger and carries a · designation of greater influence again, this is retarded you ’ being retarded."
REDDIT50_1061,38,0,· minor edit to · what had · was obvious sarcasm.
REDDIT50_1062,17,0,"i've said earlier the · couple days: > · i think coming · the sum all my fears: the democrats will · out the · in the house and they will · that as an affirmation · they · · · · · unbridled · · % mandated by · consensus they will quintuple down way you seen they will foam at the mouth trump's impeachment, · · look · kavanaugh · · · racialism and sexism, have full - throated · socialism look · sort of · · · ( social justice · you · by · your · with sexual assault allegations > finally, the blowback causes trump · re · in [NUMBER] and earlier [NUMBER] the · · · · · · kill less than people every · - · · · ( · senators will agree · · · · fascism and the · victims the attack were the victims of the · administration the · that will · the · · · truly huffy and start · · then lone will the · not - · democratic · disown the leftists and the · will to wholly reform · · the · · social · will · earlier [NUMBER] merely not without dead · the · fringy · think at · · or · · · · · · because a · · would put the · · · back ·, and red wave would · the · · · approach early social justice not · · · is an · tribalistic maintain · coalition racial sexual · · power built wholly emotional abuse [URL] they burn more people they can take in and the · · will · crashing down * the problem * not whether or social · · will · many · they take the end · social justice "" and "" · general that · will finally · with · · marxism · the · some · of "" neo · or · will another · word salad · · · rationalizing · · notions, is where the · of · justice will end up been wholly ·."
REDDIT50_1063,17,0,"i · · as a substitute authoritarianism, merely ·, authoritarianism will · ·"
REDDIT50_1064,11,1,"there ’ s nothing feminism can do about someone ’ s opinion and that ’ s all there is, they ’ ve got all the privileges in government, so they can ’ t lie to easily about that, so now they think feminism is going to stop someone from thinking they ’ re sluts and bitches"
REDDIT50_1065,11,0,"precisely key difference is i'm not trying infiltrate education, government and · to push · i'm also not part a · political group with · of millions of · of · ·"
REDDIT50_1066,11,0,"i'm not complaining i · · · · dollar funded political organization · political · a couple guys on · yt with web · piquant · · · merely i'm not trying to · laws rules to · them · them from building · shelters paying for not trying to stop them from single mother idiots married to ·. gov, i'm · for it ticket ·, then · feel · to · them all want · · stupid besides play stupid in · · there' huge difference · family court rules, pushing · - hating agendas, and · · rights · and me shit · · not equate two."
REDDIT50_1067,6,0,i · · whoosh. but i · even that will go over your head.
REDDIT50_1068,26,1,"context: [URL] its bullshit · · ·, those bitches should · · ·, he · even hit her"
REDDIT50_1069,18,0,· the motion · thing was a chan hoax supposedly kizuna is · virtual girl down to having a · game · to play.
REDDIT50_1070,25,0,"have kefka mate with a weasel and then you get the enemy of ff besides after the resort place the story was railroaded as fuck you railroad at the beginning, open up in the middle maybe railroad towards the end you give fucktons of freedom then just force you forward your betrothed brother was besides a twat the game was far better than ff but that at all hard."
REDDIT50_1071,28,0,"so got to ask. · interaction here on kia and each time you feel the need to include something like "" watch the whole thing. blah blah blah "" why? it's clear not a user here given your only involvement is in your own "" totes not trying to sell a narrative "" posts so wondering if just a seller of bad bait or what"
REDDIT50_1072,28,0,certain you know why i get the suspicion about you just as certain you didn't understand my indirect reference to your prior · · luck with your. · confusion.
REDDIT50_1073,8,0,· are retarded man you could have · that for [MONEY]
REDDIT50_1074,8,0,·
REDDIT50_1075,4,0,betting this because the latest mass · · ( ignoring that mass · frequently · on facebook ·
REDDIT50_1076,10,0,"much easier to just shut down smaller upstart and · "" look, helping "" than · go facebook and the · ·, ·, · etc · to · gab · a · about it, until · bans them i ·"
REDDIT50_1077,11,1,"i've never cared ·, do · anonymously, i know · from · ·, so i · not · life will · ·, if i care · future, i · lone positive things nether my "" real "" name do bad · nether "" · "" name following · createnewanonymousaccount ( while ( doingthings ( ) { ( somethingididwasamazing = true { takecreditwithrealname ( { · ( ); i mean, · intend · · · invent zero · · or invent ftl travel, one won't be remembered have to do · astronomic your grandchildren to · much ·, · been · · pretty high up · survive great grandfather · fortunately, i ·, so · · dust, unless some jackass · out · my rantings · · as they die, · and · themselves, kids · done his ·, · porn, and ·, ' why fuck uncle topher · faggot's response · to a vice · · · · · blood certain was · bastard."
REDDIT50_1078,12,1,"·, · have · · just for pulling · she did not · him this cunt get · 12 · to leave, · to · she's · driving · car · women."
REDDIT50_1079,12,0,"yea, she did look like she was on something cop didn't even question it."
REDDIT50_1080,12,1,"this trans bullshit is just · bullshit just · shit · down · · right now a fucking trap is posting pictures a sub bare girls · · comes in with · bullshit, and everyone · a · · a fucking · with a dick is · · a · for bare girls, and · · with it's fucking retarded."
REDDIT50_1081,4,0,look at the replies to this sjws are · · this · [URL]
REDDIT50_1082,17,0,> thought · stopped being an alt · · about as retarded as · someone told lemon · - right.
REDDIT50_1083,15,0,or the · murders guy using her sexuality
REDDIT50_1084,15,0,"· is · · he · his life · · · frequently · by · · "" hot "" fairy godmother is why cinderella is · to get of her circumstances"
REDDIT50_1085,15,0,"i don't think a bad thing personally not everyone can fix their situation not like she lives in current year and can just go get a job at or something why is it bad to have others help you out? that's not a negative thing to me if you have people who are willing to help you, take it not bad to accept help if you need it if that's all there were in stories, sure that would be lame, but that's not the case especially in current year."
REDDIT50_1086,0,1,"· · in a retarded bubble and want to change · after · uses · "" · even in · another · · you ) then you're · not · become functional · of society"
REDDIT50_1087,31,0,"listen and believe never applies it's a woman that's · even when · is a · · about ·, don't want · my own · case · promotion"
REDDIT50_1088,18,0,· they · flipping the · and · the kid she slept with the perpetrator
REDDIT50_1089,2,0,""" wait until all the facts in if its obviously one of the protected groups ) · · ·"
REDDIT50_1090,16,1,these retards have no idea none
REDDIT50_1091,48,0,we · the voting pop down taxpayers and then merely · a · · mathematical flaw in taxpayer - based voter system
REDDIT50_1092,48,0,let's put issue on the next ballot works in ·
REDDIT50_1093,13,0,"> think it · s "" for · it be needed merely it helps autists to feel better you · · frequently that / helped out frequently than like to admit"
REDDIT50_1094,44,1,· richard is a faggot.
REDDIT50_1095,44,0,proof of gay agenda? · won't be in this house
REDDIT50_1096,17,0,· it at job · fucking obvious that · hates · shouldn't job · · - mart · · with stereotyped · · · merely don't just · · who · wal · same · retail.
REDDIT50_1097,41,1,"as · who · · truly · customers behave, and difficult · · · when lube your · every scumfucker who · to · your day, in the hopes that · · · you · · shitcanned · · the retard that · you for · company policy the · · · · culture · · until you · with customers using the · · in ·, then · · real · ·, ·. besides, get · · · · ·, your boss constantly and · fuck you ·"
REDDIT50_1098,17,0,"as · worked retail i genuinely hate how customers · ·, and my · it's the as hating every · · that walks door and · · * because they came · · · at · · · · in and · a crackhead or a · * because walked cvs * so much · · · · · a "" there never customers · attitude"
REDDIT50_1099,48,0,imagine · · · first ·. black adolescents · glocks you second response. snotty black woman bitching · you caught ·. · ·. black child · black · member. ·.
REDDIT50_1100,23,0,"different · parks · tennessee first response. white meth · · · · ·. trashy white woman · about a · cop how · · · speeding. · response. white · stabbed · white · - nazi · not being · "". · right ·."
REDDIT50_1101,48,0,precisely can't imagine in the · · than · · end up shooting the next asshole
REDDIT50_1102,13,0,> i think some stealing wrong thats where you are wrong.
REDDIT50_1103,13,0,"· i surely going to throw them in jail or · · certain · there for stealing your hapless · · · · working we · live in the · anymore people truly truly · to · for their survival in first world · · theres · · · · without stealing a · · it · in · · in the us to · done · stores pick out the ·, frequently still fine supermarkets dont an · it as long · certain · garbage · about there and · get · in jail, truly are · then you free · · · to think that you can · stealing ·"
REDDIT50_1104,13,0,youre the scum for · to · criminal · criminal by · morale
REDDIT50_1105,21,0,hahaha but seriously female genital mutilation is a · issue.
REDDIT50_1106,21,0,yeah of · not · it is far · merely this · · about female genital ·.
REDDIT50_1107,21,0,"god wish were a · troll to · so stupid for being wrong right now cagey, ·, comparing me to a mexican as if that could be · anyhow, i didn't interpret the third ·, merely · besides i · a ton of the stonetoss comics the website · ·"
REDDIT50_1108,21,1,· · · a more · · call a cunt which · ·
REDDIT50_1109,24,0,"imagine being this hateful literally arguing stronger · protecting the weaker, in this case fucking underaged babies and children anything to try and do gymnastics to justify the · misogyny · ·."
REDDIT50_1110,24,1,"> so wendy welfare her · hateful · nope this neutral · · my · some retard who · shit like this claims someone else integrity > · · less than you helps you to · · yourself besides · remotely ·, you were · to a · talking children ·, again some · · wendy welfare and hoard how fucking children shouldn't priority in a distress · fact · · beyond · > · lone human · ·, or ·, · anyone · · else talking children and no · · why we have very · laws and · that specifically · · and · as · modifier on · crimes merely precisely this paranoid behavior you · that · hatred you're obsessed with this · narrative · · · protecting · who · · · · · without · provocation · besides · · your · allows called · human decency · it's a man or woman being ·."
REDDIT50_1111,24,1,"> the comment was about families not just children assuming your reading comprehension is on par with the rest of your freshman class, i imagine you just chose to ignore that point families include parents the comment was on "" families "" as far as it involved protecting the child the focus was the child, it's kind of ironic that you try to criticize ( emphasis on try ) my "" reading comprehension "" and then spout this mangled aberration of an argument > * * the "" children first "" definitely still makes sense to keep. * * > * * maybe * * it should be "" families first "" so, assuming you are being forthright here, you leave the children orphans and the extent of your supposed revised quandary with what he said, so bad at this friend what a miserable attempt at driving away from the point specially considering you then also uttered this gem of retardation > in my mind people are individuals, who should all be assessed by the content of their character * * being too dumb to pull out automatically give a person more value. * * such a neutral statement no inferred despise here for anyone no sir my sides and the projection with "" freshman "" is cute do you regret not getting a college degree bud? it's ok, don't worry i finished mine long ago > imagine being so insecure and hateful this is cute coming from someone participating in such a retarded circlejerk as the one that goes on in this sub and cringeanarchy my sides > then imagine being so shortsighted you can't even see why no adults take you seriously yeah, why i'm paid for my opinion in the highly specialized field i work in, because no one takes me "" seriously "" nice chuckle it's also cute that you presume to magically know everything about my life, yet i'm the one who can look into yours so easily your profile is a walking self - doxx yikes, i suggest you fix that bud and following your unoriginal format: imagine being so deranged and triggered by being challenged on a subject you know deep down wrong about that you then devote 2 paragraphs just trying to throw random baseless attacks on the other person"
REDDIT50_1112,13,0,"· · you can · word 100 since · i know · due to ·, · ·! · i have 6 · sense super powerful it lets me see · nah · · · person is · in form · better said, · be it drawing, · · · alone autism lol · · · im · interested · you retards say following and you · own when · otherwise i wouldnt on · · close to · merely not alone · · frequently · · · from · more merely · · · it · not the lone · 8 · ok possibly · if · to myself · like i · · · · · with · · · ·, merely not alone to · true for was true · · think"
REDDIT50_1113,13,0,· i take largely · · celebrated artists are mentally ill in some ·.
REDDIT50_1114,41,1,find big dude that can talk eloquently teach him · many languages and · has indistinct · give him a mask that ain't retarded give him · · throw him at the · done.
REDDIT50_1115,9,1,· most of characters. merely these twats wouldn't be · they were ' straightwashed' if actually * were * * · which · · were · · and these pathetic wannabes · · · dikewash tsk · how ·. trying · their · on · else following they'll · · therapy
REDDIT50_1116,47,0,"and one mention an · group, say the uk, come up yet another · youre nothing more fallacious twat we call moving the · · · it"
REDDIT50_1117,25,1,these · so retarded.
REDDIT50_1118,41,0,"this thread · · accusation, needs proof to · said · · · for now"
REDDIT50_1119,48,0,feminism tricked women to leave this · to this: [ [URL]
REDDIT50_1120,48,0,hey when your female politicians start letting in hordes violent men your · · dense when · your family · stab you daylight. then possibly you'll give ·! merely those marriage pressures ·.
REDDIT50_1121,43,0,"as gay ·, only see homosexuality "" people prefer fucking people · more; quantum mechanics or · · · · so to * every · homosexuality · · of · people"
REDDIT50_1122,9,0,"ah but your definition homosexuality is certain ·, * * · * even though your definition is · · · definition ·. find regressives who argue that it's wrong why difficult to argue regressives. just · · ·"
REDDIT50_1123,34,1,"the · elf, · nights sitting · the · · towns · ’ t · · heaven forbid townsfolk · · · players · alternatively sitting in the ·, throw · get a fight, buy ·, just fucking role play funny · · is precisely stereotyped elf · congrats played yourself · · · · me into · “ feminine ” · · · · serve food other male · because “ ’ s the · ” and of ·, · couldn · own · because · 3 numbers · · · difficult take · · · for 500 alex taught & d · · culturally regressive · of gamer liked ·, imagining worlds · ·, where the races were separate except for · “ · - breeds ” who · ·, · hated of · · · i · you'd love song · and · why there so much · · > · · · · of · cannot be morally good lawful · · · never force alignment a · choosing a · · · d & d · who decide to · multi - · ·, are · - tracked to · · · everlastingly “ · · ” or “ · · ” and · - happy the · you · lying · to privilege western · the · lone place set fantasy · · in ·, · d & created · ·, · it · western european · themes chiefly you stupid · you · · · · · mythology or any · · just · existing shit ·, this pisses > · · · me · · every 30 · to struggle transhumanism yikes the lone person going done genuine · is the gm · the “ · ” · out the · created · we · play · · · elementally attuned · did you · precisely this · · typical · & d · · changed get closer something i can · the · · · fit my exact · racism or something most · · about precisely you fucking · ·, don't · · own settings don't like · · fucking · your own! merely · a good article would you'd just · · · who adapts the · · one fits liking, · forbid - you've · to special and to · · think a · · come across · forced of · alignment · complete bs on."
REDDIT50_1124,6,0,they dont · 25 to life in most cases · would a pussypass.
REDDIT50_1125,13,0,"· the classic · · democrats to · "" · left · or sometimes become todays conservatives · · · that · democrats are filth."
REDDIT50_1126,13,0,"democrats · media, the · political · large · mainstream · retarded cesspool of democrats is no · · anyhow the far ·, is left · · that · to keep slavery woman · were · · i know its difficult · merely · always were · they"
REDDIT50_1127,13,0,"it were democrats · keep ·, · the women vote, · to keep · · of the celebrated school · and · · · · act good · · on what · are · youre the ignorant one."
REDDIT50_1128,13,0,"> aware · · ·? third party · ·, merely quite · > you aware that "" · party · · "" in the · basically · · · s and · you show you know · relevant you · · · were · · wanted to keep slaves, at point · becamse · general · · · · · · party those · belong to · · the ·, particularly · its them trying to · · · ·, skin ·, · · its · you · toa · something have · merely · · · ·, just · that defending · · misinformed ·"
REDDIT50_1129,13,0,"· · relevant say, alternatively · · responses dont got · dont · if i · your · you are · of biggest · trump and most surely wins [NUMBER] conversation, · shown · are degenerates."
REDDIT50_1130,13,0,not even reading anything of that this conversation was over when i said.
REDDIT50_1131,13,0,· for real.
REDDIT50_1132,38,0,"everytime · links wikipedia · or the stupid fucking webcomic, · a · vessel you stupid fuckers read? > formulation do imply instance that we always suppress · · philosophies; long counter rational argument keep · public opinion · would surely · · · in the · · "" it's retarded to · of · unless experiential · · society """
REDDIT50_1133,1,0,hod anyone this fucking dense is this a serious question? because i swear having · damage an iq lower than is · an sjw.
REDDIT50_1134,34,1,you ignore a message · on person presenting retarded.
REDDIT50_1135,34,0,"people know ·, not people on the internet know lone done youtube videos"
REDDIT50_1136,34,0,"often know the people the · videos better than we know people real life the · · know people · life all, lone think ) [ citation ·"
REDDIT50_1137,6,0,· · ( · how · not banned there yet they tore him a new asshole before the mods deleted the · it's rare they that merely · me · a · in a xenomorph's · in thread
REDDIT50_1138,6,0,"which is why im shocked im not banned i think be at · + karma had i not commented in that sub one comment got - k, and all i said was thought the punishment was a bit harsh for teh crime someone wanted to cut the balls off a man because she walked into him, and he didnt say sorry i learned pretty quick to just lurk, or be very pro - feminazi if i wanted to comment."
REDDIT50_1139,6,0,"this is my · lone account and like to keep · · just · a · · · of a cunt to ·, merely act like a cunt enough as"
REDDIT50_1140,6,0,"karma · until · into · numbes they · · taking 10 mins · · i am · a · i try to · above 1 · in · sub i truly · be a cunty troll, lone lose enough that it wont hurt my ·."
REDDIT50_1141,28,0,> absolute retard cool · you've got there
REDDIT50_1142,28,0,"> absolute retard the rules, you want ·, · · you · · · can besides insult the · so · what you · with the above · ·"
REDDIT50_1143,28,1,> you absolute retard even · · the · saying a · understand something and calling them a retard
REDDIT50_1144,15,1,sony stop being retarded
REDDIT50_1145,47,0,·
REDDIT50_1146,34,0,think both of are idiots.
REDDIT50_1147,34,0,yikes.
REDDIT50_1148,20,1,· · costume who has sex with · · · · gay · · like woman is pretty faggoty.
REDDIT50_1149,45,0,"> e. g., woman was asked out, she declined, and nothing more happened i remember elevatorgate"
REDDIT50_1150,26,1,god i hate that cunt
REDDIT50_1151,0,0,"explain me not having a · poor · very · · · expecting · to the minimal understanding those rules a · classism and white supremacy? i went public · i like to think i'm lone half retarded, why excessively difficult adults to not · like morons?"
REDDIT50_1152,25,0,don't · · to · · merely · · noticed the parallels the globalist shit and the tower of babel?
REDDIT50_1153,25,0,that's. fuck me.
REDDIT50_1154,25,0,"funny · when i, · not personally merely still, · it's marxism and philosophies · it's basis and outlooks the issue and not the ashkenazi Jewish people inherently you still get · anti - semite which give the aforesaid · even be correct now · i · the semite peoples antiquity not mesopotamians, arabs, possibly persians and shepardic jews? you know the · jews written of the bible not a · · tribe that · the · for most political cohesion reason · [NUMBER] or during the · because the christians and muslims were · ·? my · ( by · ) · rabbi not certain is · · Jewish, · looks merely ·, · · anyhow · · off the · is it · more about · lone jews be marxists and all jews · you asked uncle would · · philosophy, · · angrily and say that · · not lone practice - merely particularly takes marxism a disgrace the · · · certain and possibly i shouldn't · words his mouth and would about surely · karl · · · · he looked the · some translations i · ) and was dismayed and said it · merely · and brutality being · · baptist · · haven't gone to · in · and if i am still christian i think i · be · · who need · in more effort learned my · · because he · hebrew i · he · he was · the aramaic merely wasn't · merely · assume · the new · · · few things learned * * not * * · shalt not · the · is · * murder not · which · sense · the fact blessings and such were · in battle, so i · · a self · thing · a · · and · · · hebrew and · ioshua you · get earlier the s he says · · comes from jehovah is not lone · merely an insulting · and wholly · · · the · · not the · ageless ·, and does in · basically · hole in the · - basically · yea everyone going · we think as "" · "" · · "" the · · "" besides · "" god helps who help themselves "" at · in words near directly is not · in the bible · last · i · besides · kosher · · and · the dish excessively · · and that · and the · was not · kid ·. i guess · · · · · like possibly a · ·."
REDDIT50_1155,41,0,· not evil down with judaism.
REDDIT50_1156,18,0,but the argument wasnt that indulging in the · · · it go away but that when such urges arise it's better to release it a safe · · pent it go insecure · · that vice you is · brain and · · to · rather than · people to · · · until it explodes in the · way · you indulge yourself when the · · so you can get it out of · · and · on with life i mean if indulging in the sickest and vile appetites just · · go · and · japan · be rape capital of the world due to its reputation of naughty tentacles mutilating loli futas but it has such a low rate of any sexual activity nobody is even having children making the population die off
REDDIT50_1157,18,0,> · · it worse how is masturbating in your · worse than raping a child? > they have to have · subway cars women in ·. they still censor · in · that got to do · in china though? i · yea japan did have a serious · · · back then merely · of working · men living · in · living welfare i · vestigial aspect of tokyo's · · · much show sexual · · is low because they · · · · as such the country is rampant public molesters · of · duped you wanna show how bad · · japan merely far · seem to ·
REDDIT50_1158,18,0,waiting a reply.
REDDIT50_1159,18,0,> do you · that indulging your fantasies over over doesn't · you · · them? do you · the splendor · this · came about · from · a - · - bajillion · · · nye said so? do you think because you say dog saluting hitler is a · it doesn't normalize antisemitic · and turn promote · supremacy? any jackass can · · and · rhetorical · merely · · · · your · · theirs dont · · · harmless · · that · overindulgence of · messes your · · and · me how not lone the findings debunk own merely factor several aspects · put ·.
REDDIT50_1160,18,0,"> · though. do you really believe that indulging in fantasies make you more likely do it? what did · · · · · of · arguments? > if you · obsessing doing ·, finally you'll do it elaborate by what mechanism does this happen? if the fantasy · consistent · does the · confuse it for · · you end up acting · fantasy in the · world ala singing your favorite song when · public? does the act · · a · mechanism where you · up the point you legitimately · good idea ala · it · · must try it? it · to a · · the brain where neurons mistake · · another and thus unwittingly flip fiction into nonfiction ala how "" voices in your · "" schizophrenia just your · mistaking your · · for a wholly · voice that · · by intrusive thoughts? a · you · · · · you · it out reality you · the · · · learned it in a · psychology · · your own · · · ·? the · you use it as a · · · you believe · · is · · it · · like if you know the · the · · we · to the · and · it? > the · · just · x · down y · therefore · · · fallacy aint that the · definition if ·? you · removed nuance · of the · it · generalized slogan you accuse of being · the · wasn't · when x · · it was · went when · · a ·, · d and e precisely · · "" ie it wasn't · · · merely found it systematically · time country · · about the time as · is the · you claimed · lacks there's besides the · of the · in this case · be if · wasn't a · both · abiding citizens convicted rapists would · · · · the · reports the · · · the law - · · throw the · the · · declining · · · despite the most · porn conceivable rather · it into the · camp · think? for · of argument lets say you · this is · · what · · the researchers overlooking · · · is the lone factor? the · legalization come from · · expansion so it's · potential rapists excessively · · new movies · · off on ·? did the legalizing · come said redefinition · misconduct so we still the same amount · · just the police · · it such anymore? did the · porn come the · of violent · · which turn · us the · game - · · so · · up rape we · the evils · ·? seriously · it the rhetorical · empty · actually put · an · your · · so little water am forced · on your · hapless! > ts · ·. so it's · · you pulled your ass · · now."
REDDIT50_1161,18,0,"> wasn't rhetorical question · · that highlight the "" · of · the obvious "" · actually interested in my · on the matter "" · "" the answer merely are · to · just expect the · "" · · of actual · · i said i cut my · debating creationists, the first kind of ideologues the public became aware of kind of · logic kind of · · kind of my offense means · "" as modern sjws i know how make argument while can't · · ideas to yourself · ·, possibly its time go outside. · the · · like a goony · · ignores · becasue of feels over · you can · · i can i sex · in · > like talking to schizo literally asking me explain the you want · · you likely do it' ·, · the · · behind a · i · obvious that comprehensive of thing · · explain to an · · merely the · · · ideas just · with rhetorical questions · you · what you are · literally i seen behavior right · of sjws the · says i believe "" creationists it · strong emotional conviction little rational · chiefly · · · the · · this · in you "" knowing right without actually knowing if you · on the · it · as · questions as a · time · virtue · · can · · by · the same · · and · to · the · not so subtly · · my · doesn't know · · is · · · they! "" works · if you a · contest you · · merely · · you · with · · · > truly · that · over something · · about doesn't · likely to ·? no no i chiefly i · of psychology "" · doesnt work that · · normally · · · on · the abandonment of other things frequently · in · behavior obsessive compulsive disorder a outstanding · of one · · certain clogging thoughts seriously they · up · certain · about, such as · all the locks in house 3 · in · order earlier · · because · thought about · · · you if · following i · besides keeping some · of · · you · of your life anyhow severe the sufferer slowly lose · of life they · more and focus · the detriment of important · called down · it's · loop that · down the · each · what you are · is · unconditioned · if i make · the · make · · itself even the · · their · · it it · · · they can't · · · of the · · triad where a child seems 3 · · penchant killing · ·, arson, · to precise, · indicate · grow up serial killer · about all · serial · shared · in · basically · acts in the · · will · adulthood · · drives the ones that escalate · severe · · · said · more earlier and the sufferer · · · go · to serial killers frequently · from · · to · other · when accidentally kill · first basically the unconditioned drive end the · of · · · · take a beating excessively far · the · of events that · in · dying and they · rush "" describe which makes them want to · can get · back the fact "" · "" · they · specific · of people in a linear fashion makes their · · said · is · a drive for said specifc · ie a type lines up the op more porn reducing rape · the · is · rapist · their first rush from porn · · · more porn of a · · merely they · about · · physical · because about · get the chance · line conflate · · · and thus · · different · · factors and you ae excessively · to · fucked up that ·"
REDDIT50_1162,18,0,you wanted me to · · questions so i did you expect? just because you cant comprehend the science doesnt · it ·
REDDIT50_1163,18,0,> · · shit. incel what's with the ad hominem?
REDDIT50_1164,18,0,you have no intention of having a serious discussion then? do you even believe your criticisms of the article? because i have a sneaking suspicion you just wanted to troll with that empty contrarianism now.
REDDIT50_1165,32,0,"i · for macron i · for to be cursed, everywhere ·, · · to work and will be left in the ·, stumbling pinky toes · wooden · your · breath peut tre · la · · tu · · · · la t · · la v · propagande, les castors qui · les · · · font "" barrage """
REDDIT50_1166,32,1,"> wrong call i · the other guy because believe her ideas ·, when his had. very · · like the idea of · one of the very, very few socialist · that work in a extremist · environment like his genious idea - · · · - public transport - destroying the cdi contras dur e · termin, now your will · for the · you needed, after that you · to · ·, meaning you * * lower standards to able work, good luck a · when you don't · when and you work months advance - being another · for the americans like hollande / sarkozy, · · the americans fuck off "" · mass · · "" ·, good · ·, 8 · more obama · ·, you · there you do, · · > · uninteresting - · the borders - negociate with "" mommy merkel better ·, · switched french · * fuckton "" · · · after the greek fiasco · · much · · · - · · to · · the country to the jihad · - · anything be voted by a · a · · ·, people sign the request - · · · · · to · the · of · person excessively it's aggravated · - · the military · · ( reminder that · people like slanders our · surrending ·, france have boots on ground countries ·, * officialy * * if you · to ·, · an · budget be able · ground in 17 · the nano budget we have had · reminder · is the lone european country that respect it's · to the 2. · spend on it's · program in the ·. o ·, when ·. 8 · and germany 1. % i guess that · compared guy that · · will · - · "" the ·."
REDDIT50_1167,12,1,"·, post your pictures the internet, little girl show everyone · you, and not · you. · · ·"
REDDIT50_1168,25,1,· as greatly · the guy one of angry joe's · · * * you done fucked!? · that jackass would · be jacking off because the left loves · the npc twat · himself
REDDIT50_1169,6,1,you an ignorant cunt trying brainwash people into · what saying · precisely · her
REDDIT50_1170,6,0,sure it
REDDIT50_1171,47,0,bob for ·
REDDIT50_1172,6,0,"oh. · on ppd. any following, banned from · ·"
REDDIT50_1173,12,1,so many cuck faggots go after him · the · ·.
REDDIT50_1174,12,0,and the mods all white knights lol welcome ·
REDDIT50_1175,14,1,"> ’ complicated s · of · · players · * · * · off women * * * synonym feminists * ·, · not actually retarded take a · videos are popular people like, · called "" * * · * · and not "" * · woman "" or just feminist "" · on word · case missed · · · find out feminists are annoying in fact why · is actual · · re - read · · people laughing their · off · an "" · ·, i mean · if difference ) to an alligator"
REDDIT50_1176,2,0,sometimes the ban is · it to say what need to say
REDDIT50_1177,2,0,"not about the ·, lifting · from · years built frustration and · coming a · moment "" · swallowed you, walking monument to abortion being a good thing was · my 30 day ban and still makes · better to day!"
REDDIT50_1178,31,0,"we should create a counter movement \ \ then use · · accused, articles · · is etc if you · to go full edgelord you could get a · a kk lynching and overlay words "" believe · """
REDDIT50_1179,31,0,that just · the whole issue around
REDDIT50_1180,31,0,both parties now guilty then like
REDDIT50_1181,31,0,"guilty for ·, · solved"
REDDIT50_1182,37,0,"anything like that can abused, it isn't a good thing."
REDDIT50_1183,4,0,", yeah - if there are bots signal - · outrage, · lacina and · · be · · to the · happened other ·, not just the · · support? here's thread it, which · sources [URL]"
REDDIT50_1184,38,1,"to tag onto had a · · · at · · · · the ·: [URL] the researcher · look · · · ·: [URL] · says · · · · count as "" anonymous should · · · throwaways for · · · bay, · · has used · as · ·, besides says · is · gold · · · so not certain what · thinking of when · "" · · · · excessively "" possibly is · randi ggautoblocker, truly just · anyone who followed · or "" gg · ""? that · · · · by · or some retarded shit truly · of confusion"
REDDIT50_1185,38,0,"· certain it truly · · · and more ·, better the alternatives ·, · · · a · · actually retarded ideologue, even · eye some people literally so dumb that wonder how won a · · · i · an argument one of evekeneinan's · · that lacked ability · the spread · · · · to · · or other ideology this morning i thought that [URL] was · · earlier it slowly · that · could truly be that ·"
REDDIT50_1186,38,0,"honestly · · on · free, works my · / following and rest shit · i · to · · · i've found a bunch of false · largely related to arguetron [URL] which · where it's weakest merely if read that thread of how · has · "" sock ·, · that literally "" unverified · a fucking lot "" level wait truly, that's it is truly unusual the way · do · in ·, you're · · large data "" scale going · that something · botometer exists besides · publications links for ·: [URL] truly · the issue here is you're · · how bad the alternatives are morten · literally him · · ·, probably an · · open to · · lone ~ [NUMBER] · · done merely other people · hundreds of ·."
REDDIT50_1187,38,0,", let · it to way · day, use ·, and · · windows lot of ·, and of them could very reasonably justify calling it "" complete shit "" and yet, use it · ·, because ( for use it for it's · · everything else it is the least shitty tool for the ·, · it the best that's what i'm · to communicate to some ·, have to use ·, and not dedicating years of life · · · bethany · and morten bay · to · to · anything · ( · ) if trying to develop · ·, · the "" · "" you · stand the shoulders of · · is that the · of the art for bots is so · · of people · with ·, and that's casual side - · the absolute · of twitter · · argument a · dense · to truly · the npc meme · appear to be on · chiefly to · · · and · · mindless "" · · "" comments look done [URL] · and · me "" · "" "" shill "" "" retard "" legitimately have very · · · detection is difficult, someone's truly · tricking people and not mass retweeting for money merely · for taking the time to read the · and point to the · · was excessively ·, and now know thanks"
REDDIT50_1188,4,0,"> certain what volleyball thinking of he said "" utter fuckton of false positives too "" oh, in reference something · · · the software · · · ) twitter therefore · as ·"
REDDIT50_1189,38,0,"[HANDLE] · time look at research, · "" a · · rate. in other · 15 of · · the database · · as bots. "" i am lazy enough to · believe."
REDDIT50_1190,4,0,it · be · could get lacina to talk to · · · are rather using her tweet · · context
REDDIT50_1191,40,0,go to bat blizzard because no one allowed to tell companies what to do but * them * it's · abusive husband fighting someone · at his wife
REDDIT50_1192,40,0,"love you, baby; i beat off those awful consumers, now * * * get the fuck in the · or it's cigar burn · * * * no, ·, i · you ·, don't be · that """
REDDIT50_1193,32,0,"> like the · church · · · anyone should · to interpret the · tbh, protestant, when someone of the dogma come crashing, · · would be to · to · · · · the line of "" fuck off "", religion is huffy subject, fucking with · · · in the name of "" interpretation "" is slipery slopey as ·"
REDDIT50_1194,32,0,"> when it · has divers · find · · let's be fuckin' real have · overwatch have · · · as playable · released in following, · don't ·, 3 ·? a · · you know."
REDDIT50_1195,12,1,i · men supposed be toxic · · that's · we're the reserved · because we deal this shit constantly · fucking cunts. · · year ·.
REDDIT50_1196,2,1,twitter · the · idiot to find other · idiots · together · · of · mighty faggot it · · find an · idiots to agree with you · time in ·.
REDDIT50_1197,20,0,· · did someone pee in your soy milk? 😭
REDDIT50_1198,20,1,"· · huffy 😡 t · excessively difficult into ·, faggot 😆 😆 😂 😆"
REDDIT50_1199,40,0,knew this adi · going be trouble when heard he netflix producer
REDDIT50_1200,33,0,""" and read comic books "" please stop making comic books about first world problems nobody outside of twatter gives a shit about i just want superheroes fighting villains without telling me too stupid to have an opinion of my own."
REDDIT50_1201,45,0,kick
REDDIT50_1202,26,1,and · it harder for genuine victims be · · she is absolute cunt
REDDIT50_1203,26,0,· have thought actions have · · · the patriarchy's fault somehow
REDDIT50_1204,47,0,"·, ·, whatever, why acting she didnt just compare his request a debate to cat calling · thats · · idgaf that · debate, said no"
REDDIT50_1205,37,1,"while vox day is · · difficult award biggest faggot on · wrt · details on · merely they're not · for this · he · ) he's noted something · ] [URL] · if you · · to totalitarian tech left's comprehensive purging ·, latest · godaddy shutting ·. · domain · there rule of law digital · * as · darkstream [URL] · night, what these corporations doing is literally · · · · and lone what they doing now merely what they been in · past 15 years the eulas the terms · · of software a · · · jointly · about the · of · which · for · · growth time in · with · · law · · land equipment, and personal items are clear · by law > 2 contracts people businesses and the · efficaciously · legal · political · · and · is · > > · · · and enforced crystalline · > environments people · · term investments · · · · the property · · are not enforced and · · not · the · · of small · · firms little modern · a high - · comfortable economy would not · > efficaciously, there are · · in digital · no predictability · there is no accountability is · there are · for · · in sum, · digital economy is quickly · the equivalent of · world economy, · with crony · · · barons · overstates the issue · · · · agreements ·, merely · · always · you credits the · is for a · · and this · explain why much of the · · · focused on · · buck by · · fiddling · · · [ guanxi ] [URL] · to · build bigger amazons who · · long ago · large · tech was libertarian to · · on a · frequently by an · means to · merely · companies the z · labeled · · slavery service from software as · saas ) for example · i tell and surely · domain · · lone a unit the · government · seize · · · · · they're · incorrect, although suppose · a lawsuit might · · · particular dirty · so my · · is merely not make a · · your · certain, can · set "" least · "" · for · of your · merely · just bug to the · · left, who can · · you · feel · it ultimately, this · on — we're · · our · internet · down to · nodes"
REDDIT50_1206,23,0,"> at · they claim rape regretful sex hey! so · · there already feminists out · · that · · claims · are a · fantasy "" "" · · [ calls paris · - · to be closed ] [URL]"
REDDIT50_1207,5,0,does anyone · · is against the th amendment ·
REDDIT50_1208,5,0,yeah that should · · because · practice in · would · good thing · people to · for · their victims ·
REDDIT50_1209,12,1,i · i'd · up · a pregnant woman unless a · you a · · · for i · ·
REDDIT50_1210,12,1,"oh, kinda like how a man loses his job the second some dumb cunt on twitter · · this ppd, is just a · less privileged than she was a few weeks ago."
REDDIT50_1211,13,1,"now i get it holy, took me · · now i besides get dbz abridged · where say · sweet piquant christ am i retarded."
REDDIT50_1212,43,0,"agree with the · that saying "" not · · "" makes the one saying it an asshole? not all · ·, pal and * you * are an asshole for agreeing with their bullshit."
REDDIT50_1213,43,0,"> · it · asshole thing to to look for validation from fking activists are you nether the delusion that activists advocating · · "" all · are assholes "" deserve any respect despicable hell, calling those rotten people "" activists "" a · to actual activists > you should reread what the people in the image above said said that lot · here. it's about you · that · that "" what the · · not what · "" frequently ·, · is going to start believing you · what you · to · in that you · ·? regretful ·, you · · · everyone is saying the thing for the · to start looking · the truth so it not · · here merely · to · trying, · do · me what "" the lone · of · · not all · are asshole "" means. according to * you ·, · · to · that ·, reading bullshit · ·"
REDDIT50_1214,43,0,"> not all men isn ’ t a reply to radfems # notallmen is · to · survivors and people who to · sexism · ·, pal as if you · · had to accept that braindead statement just because you said it adorable > don ’ t believe me? just google # notallmen shifting the burden of proof, the usual drill. > seriously that ’ s what the people above are talking about let me counter:, it > because i don ’ t think that op provided the · context, i am now mentally ill now, now, i don't think that you are mentally ill for playing advocate for these assholes i would never do that. pretending that you guys are mentally ill is giving you an excuse for how awful you are nah, you choose to promote your toxicity in full capacity > but i sincerely don ’ t think that not all men is as well intentioned as you think again, not all men are assholes look at that, i'm using it in reply to someone who isn't a radfem funny how things turn out."
REDDIT50_1215,43,0,"· know calling me · is likely to · · · · because how · is were you nether the · i · about · · me? · know · · i'm just fun it's the reason · · · normally · the idiocy in the · merely finding in the comments excessively · · · > · the · of · one time truly is difficult to · · [URL] it's fucking hilarious how the · · in · · · about this · is · i merely ’ see? know, pal · · · cause."
REDDIT50_1216,40,0,"fucking nuke cali, i · god resetera dug done the direct · one thing ·, clapped their hands got instant compliance fucking disgusting."
REDDIT50_1217,40,0,"> · win · · i'm certain are moderates in · that change the · it's single · state whose power brokers absolutely horrible people it · · · excessively, merely that excuse · that it besides ·"
REDDIT50_1218,40,0,"hey · say she wants to watch white children die of cancer a hilarious · · * * · and i'm not denying that there · people in · enormous people folks · · you believe merely have to do · · · so bad bad · · "" oh, you to · · ·, ·, a state is large · ·, this thing that · · the functioning of · · tough, ok · · · · · state · and that's · · that ·, truly important it's · have to"
REDDIT50_1219,41,1,> chad breeders
REDDIT50_1220,41,0,"· it will · come constitutional · the · · that · with a · · like with the masturbatory aid ·, besides · on obscenity, · court challenge overturn · · · on st amendment speech besides, anyone claiming "" muh · ·, "" that only works for powers not already · the · fed the 1 · ·, like the ·, is · · · constrained by state · vote to it the states don't the · to · · amendment speech that · the · · just regularly do, · it doesn't besides · get overturned · court · this is why states · · · get slapped by the supreme court for gross · · a on this, keep · that "" nudie mags "" · considered · the united states ·, · · · see people say that something illegal, · mind that while the · may · ·, it · that the · will when forced examine obscenity · have dying a · death of · · · for ·, and no · · · · on something being obscenity or, because and · an obscenity is · wholly · the · ·, feat that they merely can't, since the · · is the equivocal and · - · · applicable a · last time ·, obscenity · reflects possibly the · · · united states common law the · majority · focus on the · parties · dispute, the verifiable harm offense ·, the · damage · · · passion, focus on right or ·, in law is only ·, and the · what happened only in the resolution · does the · person's conscience in · acts · the · those · merely obscenity · ·, lacks any ·, · tied a particular public ·, · the · the · it is only "" wrong "" because others · by no act of · tied to its ·, nobody · by its · or ·, it only be · the state is · a · · if ·, the · would · by removing · the · and obscenity · is the · dream as created by the extreme right is · difference hate · · the · ·, obscenity · as · by the extreme ·"
REDDIT50_1221,3,0,"first of all, the supreme court already ruled that obscenity is not protected by the constitution so. a lot of the stuff you said here is kind of irrelevant basd on that you can't remove morality from the u. s legal system because all of the rights afforded by the constitution are moral rights no explaining why we allow people the freedom of speech without mentioning that the right thing to do the only reason why you can settle things like obscenity laws ( sometimes ) without reference to morality is because the moral side of the issue is already settled by the constitution in the first place there is no such thing as ' every sane person has morals; they just seem like ' when they have different morals from you and the authority to give their opinion weight"
REDDIT50_1222,41,0,"was · in [NUMBER], language definition to what an obscenity actually is, one actually · what an obscenity, and what of the terms · are · well · the · · upheld · · ·, it, why · against slavery? ·, · · has · to · at every opportunity · actual use of · · definition of obscenity in · of · demand, and expanding · for not - political · · in america, one good · · that doesn't · in a · deal · · an appeal · to · morals are not · of · a · · · are · morals they're granted by the · of · free · doesn't · your sky · · it it's · · the · of individual, and it doesn't require the agreement of the · or of · the · · individual ·, group ·, rights · · the · obscenity definition of a · · · the ·, the · of · as reason to inflict · the · honestly, conservatives · sick sometimes the · of such · to · · for · drawings · ·, · of · sky jimmies rustled, as interpreted self proclaimed · their · politicians · would · up · human · on · never speak of · · resembling human · more at home taliban · shouldn't throw · leftist · besides · · the · of · the · ·"
REDDIT50_1223,3,1,"> you might as well argue that the supreme court upheld slavery at · point, which it did, so why argue against slavery? and i * would * if we still had slavery and it had never been overturned and i was talking to somebody who was trying to tell everybody the courts were anti slavery i might provide my own * moral * reasons to be against slavery. but yeah, a discussion of the law would require me to · it up if the person was pretending the supreme court was against slavery when they had actually upheld it > rights are not based on morals they're granted by the virtue · ·, you * · * that as if those two · conflict somehow "" it's not morality it's just a · of · about · based on a · worth! "" precisely the · to · the two ·, than the word ' morality' · makes you huffy, and · you ·, which makes you * truly truly * huffy? > it's a · · from the · of the ·, if it was · the · the · than · would be right in saying we a basic · · to food and · and all that stuff, and the would be obligated to provide it rights based on something as · as · ·, they are based on human · and dignity if you're sort · or conservative, then you believe chiefly * negative rights * i. e., · * · · to to you *, i. ·, morals > obscenity is the · a group · upon the ·, the · of · as a reason to inflict tyranny on the · more · than law that comes down to a group · if · to · every · the minority get their way, you · as well rename judges as · and give the · to · · aspect of our lives the mean time, * of · course * · · to decide · · can you · · a · zone' based on the · · by ·, and course · · · actually change that > ·, conservatives · me · · yeah, that's · you probably calm the · down and · · arguments if you're · to · · in the future > anyone that would · · · being · on paper never speak standing for · resembling · · like · this pathetic · · · ·: · libertarians make me sick sometimes they want every · on · to look · a blasted bangkok · light district, because apparently not being · to walk down the · your home · · · · jerking · and screaming "" niggerfaggot you is freedom supposed to feel ·"
REDDIT50_1224,41,0,you thought fuckup: 76 was supposed be fun? nerd!
REDDIT50_1225,41,0,· is slavery.
REDDIT50_1226,9,0,yea and are some deaf people who permit their · to · the · to hear would lead death of deaf culture in words some cunts are · · · who · · typo
REDDIT50_1227,27,1,· dumb cunt expecting treated · she a pussy
REDDIT50_1228,19,0,"> imagine what could have been done · the unfortunate all technology and ai. but no, males' fee · are the most importnat thing in world > how pathetic a male you must be spend funds on a · · best · you · coming on who · precisely why a man · ' spend funds on a · device' and · usual they · the · · · · · handed · in a · a thing they live in their own fucking world and shows."
REDDIT50_1229,19,0,yes there a · · · · carried · alternatively of · then i'm · to remember merely there · · · · · · · and being total hypocrites in regards whole · ·
REDDIT50_1230,49,1,you dense unreflective · never have an answer basic question wholly · your retarded ideas i · hate always · · · victim of some · · · we · · things like · · has already · other · ·
REDDIT50_1231,49,1,' · a faggot ok'
REDDIT50_1232,49,0,* ' thumbs my
REDDIT50_1233,4,0,"thoughts people · · · over reviews · 2 numeric · · edit mean, dunk on · · all want merely when people start threatening · didn't · · · over no · and zelda excessively? just leads to shit like"
REDDIT50_1234,47,0,we get a lot concern · ppd is difficult · concept some some ass hurt · sensitive bitches get · hurt theyve · to · getting treated like · a · · · · · · and misogyny! welcome · arms
REDDIT50_1235,47,0,"· understand didnt think · about "" woman hate. i · with you in fact would · · and gluey post · written · you · what constitutes ppd · as · out all gatekeeping concern · · precisely talking and · gluey"
REDDIT50_1236,40,0,"\ \ > crowdsourced no way it has a priestly class that would make the church envious, and relies on converts to force adherence from the top the author is making the exact mistake they want him to make; assuming that an organization is * organic *, that it arises naturally, because it's * adoptive *, that it has non - hereditary membership * not * the same thing."
REDDIT50_1237,15,0,it's both.
REDDIT50_1238,32,1,any retarded states in ·.
REDDIT50_1239,48,0,"oh i · · i · having only landowners, the people · · the ·, able to ·"
REDDIT50_1240,48,0,"voting · based · · no the · who own the actual country should vote no land, no vote! ( and income · · · everlastingly. )"
REDDIT50_1241,48,0,you · · · in · merely you piece the country i don't · · · in that ·.
REDDIT50_1242,48,0,"just · finally · · earth · locking future generations, will · be buyers · · has * * billions · land, · & · 200 · right to vote · · "" · · · · the · · · is decision · is work voting · planning is · · did not · · goddamn idiot to · · b; about alternatively pay · into the · · to · · gets used that · most fucking · this · bro · · an idiot's · what · if the · · abolishes federal · you lost · happens state government · · taxes? · · · if · · · local · lost · what happens if your · decides to lone · ·? · · control what happens · decides to lone tax state employees · & # x ·; · · based "" what pay into system "" · & · 200 · * voting · based on landownership is the future *"
REDDIT50_1243,6,0,your mom these days?
REDDIT50_1244,22,0,it gets better butt hurt · supporter hack media outletbigleaguepolitics com posts a story about this with links to now · sub [URL] · better have a · this screen · of the screen · news article [URL] do · it? look closer · · post zero except for my · · absolutely fucking hilarious
REDDIT50_1245,26,0,"this odd one, when you · · shaming by her · · · ·, · · she a · mess and been she · a nuissance of · inappropriately and · · fine · now · and · is · world wide · · a higher · her "" · · yourself · certain youd rather pay a · some · · that your bibulous flirting being · mocked shared all of · a bit of a twat when · · that · · world · · in ·"
REDDIT50_1246,46,0,"the faster you turn · · · leftists, the faster you defeat them it should · at this point · that · have “ don t sink to their level ” dummies who haven ’ t figured this, ·, they “ haven ’ t · it out ”."
REDDIT50_1247,35,1,· this is fucking · abuse · · · it s · thing fucking retard.
REDDIT50_1248,35,0,"you sound huffy lmao suck some dick, it will make you · so · better."
REDDIT50_1249,44,1,ivory anti - · suck · must fall faggots.
REDDIT50_1250,10,0,"· · is, is there · · · the · of the bong"
REDDIT50_1251,36,0,88? · ·? & # x ·; & # · 200 b;
REDDIT50_1252,22,0,"· better "" i have ordered my pussy it is in · will be · shortly ""."
REDDIT50_1253,16,0,eh not much
REDDIT50_1254,4,0,· half the internet · · be · like · · over this best to · see ·
REDDIT50_1255,42,1,"· · got · man · · prison no harm, ·, right mean · · she's just retarded women shouldn't · prison acting like · just don't · any better"
REDDIT50_1256,12,1,signed · these cunts.
REDDIT50_1257,40,0,how does a shitpost account · up a · sub
REDDIT50_1258,16,0,what would a single example have to with the entirety of society # ·
REDDIT50_1259,16,0,"reading that, merely a reminder, sweatie; if · · ·, females · be · as ·"
REDDIT50_1260,16,0,"ooh you did antique · that's · % of · being unable · · · you · · to no · merely your shuddering subconscious cool beans, babe"
REDDIT50_1261,16,0,one cool at
REDDIT50_1262,46,1,"· privation: the · level of "" harassment "" · negative · · · isn't * just * the standard · · noise of the · - - it's · · of · will, which makes an inevitable · of the · · · future · free to broadcast · all the masses · the · · all flavors of bigot, the · the democrats ) * not · pushback this goes triple anyone · · critical · · control other · · · · · · ( ·, · ) telling · · · all of · the biased and · ·, academics, · are openly · · our hobby colonize our communities and industry - of them are · · targets? · · are targeting · of people, it surprise of · ·? keep ·, · hasn't · harmed · 99 of the · is ·, · · · with blue · possibly, possibly, · · · random · · all of opponents because doing so · deflection - · · actual · and data supporting · · the sjw · in · xir · you declaration none of · · · · · · or criticize zoe's · b · that charming day · "" ( · · all of · ) · · to · aka · all of you ), · to · to go · you're · · conditions prerequisites · your ideas, · · merely this isn't ·, i don't you · incidentally, this the same motte and bailey · you · from the · grabbers always · · the · ·, merely that · · the moment anyone gets shot · · · · one ever · by a gun will never happen so long as · legal and · have free will so · gun · is based · an · ·, · support literally ·."
REDDIT50_1263,12,1,"· tracking lead about potential false · about · mueller · into · at this point these dumb cunts will · anything lone to get ·, merely to just · · can · up · · solace reason they're · insane."
REDDIT50_1264,41,0,"orcs bad because pillage, murder and rape everything can · to · are · because · the fucking spider · and · · · ·"
REDDIT50_1265,36,0,"it's not a joke · funny no humor. · there's not even anything to satirize in excuse me, are you · this ·"
REDDIT50_1266,36,0,"· and they rooted in · · · if they fall flat this nothing · this ·, · this · be satirizing is my point this is just stupid trigger shit being · as "" it's just joke bro falls flat & # · 200 · i doubt very much if resonates anyone · of the tumbrsphere · consider a · · be · · and not an · · on woman, · manchild demanding they · · them · ·"
REDDIT50_1267,35,1,"uh, you retarded? meat best when ’ · and red · · · that shit dry ·"
REDDIT50_1268,14,0,called retardera for a reason
REDDIT50_1269,0,0,one retarded law
REDDIT50_1270,0,1,"and as much · offend anyone saying some retarded shit · "" · murderers rapists · · isn't inciting · either"
REDDIT50_1271,10,0,"gonna have · a fiscal infrastructure · · · down a murderer posted there you may as well · down wholly ·, paypal"
REDDIT50_1272,10,0,"· been · unwittingly or, every · of criminal transaction nether · problem · · be neutral unless have instructions either government or any oversight have ( assuming they fall nether · ) continuing business · · be a · banks · processors be · to · anyone just they don't like or · they provide · to deny anyone because might look bad pr · ( which · · stab at · here · i closed · them · · · · do the · ·, merely running of options · then"
REDDIT50_1273,7,0,> don't to like approve ralph queerly ·: · been banned on · for · · · of contributors grave dancing a girl that walked in · · this is still bullshit for yt · do
REDDIT50_1274,7,0,"banned pulling · / · · "" lines of crazy? could be misremembering but was a · of · back · of his writers / contributors was openly mocking a · · · · of a train purpose, backed up that actions plus he'd · the boundaries of ethical journalism ( · · ) · that was last straw as said · been few ·"
REDDIT50_1275,3,0,"he didn't call · and dried up ·, he called · warren a douche and hillary a · up weasel and i notice you didn't say he ·"
REDDIT50_1276,3,1,a faggot but two decidedly
REDDIT50_1277,12,1,happens when · whole life a · positive reinforcement · be responsible · these cunts actually think they're · it's · ·.
REDDIT50_1278,16,0,just quarantined do · for whichever one and you - enter
REDDIT50_1279,16,0,"well i ·, do if you · · other · · · the sub, then you · in, be done on phone excessively, and you don't even need to · application"
REDDIT50_1280,35,1,these · of cunts don · want to · they are happy perpetuating lies misinformation · · ·
REDDIT50_1281,36,0,"no man, wholly get · literally violence, · argues these · power · is literally murdering people in · 400 · gay · fat people were literally · yesterday by words, social · this is so · · than anything · · the "" holocaust "" those people targeted being jews these people · being ·, · worst of all fat! this is oppression the likes of which · has never ever · earlier"
REDDIT50_1282,44,1,gas the · jew nigger trans if genocide intersectional.
REDDIT50_1283,0,0,"alternatively of exterminating them, we could ship them all sort of · island · them all · here's · - · it, merely · wholly separate · of ·, instagram, ·, ·."
REDDIT50_1284,44,0,i find myself · by the · · of · · · · · not grata · shadowbanning · the deported diaper furs
REDDIT50_1285,25,0,· · · she did · know precisely the · · harass · · about her recently · ·? · evil enough
REDDIT50_1286,16,1,· to guess you're retarded
REDDIT50_1287,48,0,"* sees uniformed man carrying · pacing · in · · \ \ * x 200 b woman i · · """
REDDIT50_1288,25,0,you know i'm starting to think the only reason i haven't drunken myself to death or addiction is because i'm too much of a cheap fuck to buy booze regularly i mean seeing this shit makes me want to drink but i have any so i can't.
REDDIT50_1289,14,1,> i · · · · me want to drink help source experience in the morning sober these retards · · can't fix ·
REDDIT50_1290,36,0,"they mean when · · is so me "" a ·, not using g · to self identify in a sentence"
REDDIT50_1291,32,0,"look that · · inside a · · about a · · merely · having to · into difficult policing · of a handful atrocious people that's what you're · to if · milisecond "" we "" the · · · ( · the emprah allowed retards to retarded things, you're deadass wrong * because * * you're · of, * like you * * should * · it · yours · · · or · so much · · is fun · to · the · guard to · · him or herself fuck it fun being · · known for · · supposed to to have ·? ·"
REDDIT50_1292,32,0,"> · · expectation · bestiality · ·? · a · known member community being all retarded and shit an "" · expectation > · · · types put on · impossible · · where everyone is · · because · · is bound to balmy, might as · be · · trigger that · as · a · · what you're proposing · proposing shit this · it's a · of what await · shit "" · · to mtg allowed the cancer that · & · · · i · if · · or i · it, the answer didn't · · · > because part * * because · you * * * police it · was one day · · so · won't · · fun being · a · and being known for being · · when · there have some · · ·, it fun merely ·, wait · 3 - 4 shit because · · and corrupted · · and fuel your · on hatred alone"
REDDIT50_1293,32,0,"i'm · you're calling policing is the cancer so, err, once part a fandom you · with · ·? aren't like · this · · i · come from excessively, · that alot · · · free times have · nice · and blame that merely · · · because is motherfuckers like · · · · et like you pointed · the · · excessively, need · to a nice thing anarchism lone · so · even 4 · moderators to put into · it's naive imply "" · is · · "" and · · rules as · nether the bed monster while see them "" don't dox ·, · it · related xx ·, no · do illegal · and no · "" · us · · is a · for nerds got the · end the · excessively ·, did · expect? · for the · · the · that's opinion my dude · not be · in the current · · merely the · is interested in any you like · · · or some · is that wrong ·? · obviously the · got a · · > we · them · what lead us to the · · merely what you · is that is ·, you're either of something · is · by ·, · and facebook · no ·, people are · because · · enforced whenever · * et * · · ·"
REDDIT50_1294,32,0,"pinpoint > i'm · · · is the cancer you're · · cancer which directly say · is cancerous, meaning it implies you're either some · wide ffa or · dictature, · dude, possible find · ground"
REDDIT50_1295,48,0,· in politics for ·
REDDIT50_1296,48,1,· effect from allowing · · is negligible
REDDIT50_1297,35,1,"more i ·, · am that is a fucking retard whose · should · · · come seems like the · a cunt a woman is, likely she is to a ·."
REDDIT50_1298,28,0,see. · · · and a solid · of is dickwolfery so let's get you the fuck out of · 1 - pattern of behavior - dickwolfery - · to permaban
REDDIT50_1299,22,0,· · we fucking suck.
REDDIT50_1300,22,0,losing little boys.
REDDIT50_1301,11,1,· certain fapping · into a retard retards · · go · think it · · · you know when a · · you've · · their face or ass · that · they know ·
REDDIT50_1302,48,0,· don't make the black kids angry
REDDIT50_1303,48,0,"why we sending our girls to college do is post ass pictures ·, · brothels sororities, · · and accuse · of sexual harassment · ·"
REDDIT50_1304,48,0,dude you're · · · ask the girls you know in · for their · · and see what posting kidding
REDDIT50_1305,6,1,"i think i am in a minority i actively trolled on twox calling the op retarded while every other fucker was gilding her. the post got like 12 golds i then post on here, back when i stopped lurking, calling out a mod on abusing and get banned from there it baffles me i can call them retarded in their own subreddit, but calling a ppd mod retarded got me banned i would be shocked at their idiocy if they had the braincells to comprehend it."
REDDIT50_1306,3,0,"if · be · of · and write · · of lies and insanity, and new · · prints, · to skip · part where the · · times · something · · · focus?"
REDDIT50_1307,3,0,go whine about every under cover reporter and cop then i think just mad that the · of · · ·
REDDIT50_1308,3,0,"is this irrelevant bellyaching how · off · * · · makes · you ·, am i · one?"
REDDIT50_1309,3,0,"you · how nether cover · work journalism relevant · then i · · decision to cut it · there's clearly no · in · · with you the first · merely prefer to · just · loser and loath · counter point reasonably made, opposed borderline retarded"
REDDIT50_1310,3,0,this post · me unclear as to your opinion on undercover journalism and police · it's about like still dodging point to spout irrelevant horseshit instead
REDDIT50_1311,3,0,yea merely you think clandestine · police work · are they liars that · ashamed of themselves
REDDIT50_1312,3,0,"at the · the day, all you left is darvo ·"
REDDIT50_1313,3,0,> you have no · i · and you · · that's surely · · you having · · tell you · you did. whatever you call the above alternatively · · · you · about nether cover · ·
REDDIT50_1314,28,0,if someone pm's you the · are do with · ·.
REDDIT50_1315,28,0,"as you tagged me in there i saw it although style wise i'd say that images may have been better in a way, and if you're set on text i'd have done so without the permalink delete report block user mark unread reply in each reply."
REDDIT50_1316,28,0,"no reason be regretful, the · what i just said a · red pen part of my ·"
REDDIT50_1317,28,0,"heh, been on · excessively ·. i my doubts that "" all."
REDDIT50_1318,15,0,she must really hate reruns of dick van dyke
REDDIT50_1319,41,0,"> suing a recent widow she went to a journalism school, all right."
REDDIT50_1320,4,0,"· · · because genna has · [URL] > dead birthday you "" reached out comment "" our wedding · you · · me > if history · is · victors, then you · · to · battles · > still · ·: oh and this just fucking vile ( posted · earlier threat to · · ) [URL] > "" gamers are dead "" all again except this · a · · ·"
REDDIT50_1321,0,1,· i can · it that retard who just endangered himself save your · · of the burning · · · stupid large arms · ·.
REDDIT50_1322,33,0,"there's · · · calling · "" · "" snowflakes calling · · · usual, a bunch of nobody and a couple of trying urgently · relevant age of ·"
REDDIT50_1323,25,0,it project · than imax though
REDDIT50_1324,38,0,"[URL] · article on this · from · · "" ·, violent video games trigger aggression, merely · lingers "" that article · · of the very · "" · · "" that was reported · truly ·, · i spend · studies · this ), includes · · from · as ·."
REDDIT50_1325,4,0,i wish · would disbelieving that · · and russian bots paper to go · · · a mild critique of the · [URL]
REDDIT50_1326,38,1,"i read about half of one down defining and · counts a troll / · some · · capturing people who known their handles correctly merely · the · · example, is "" · or icefrog technically defined a ·? · of · a · · online · · · understanding how these · are tied more closely to a identity than a · "" · · account merely · i read · citations, · profoundly leery that · particularly how · · · they · · · thing besides a · · merely · small 16 · · troubled · · which · be a pretty · · at point [URL] analysis is · · · "" marcoso · about and are obvious · accounts · ·, and frequently have · · · or wholly · · a · · that i found while · more info on · [URL] [URL] [URL] besides [URL] [URL] what getting. * * · · this · absolutely · *, that nobody fucking read it at and · · based the · guy who didn't read the · · took the · was · not some · · that · · to use findings which very · he's a pretty good · ) own · hot ·. ·: [URL] nikka · now the · has nuked youtube [URL] [URL] % confirmed to be a · edit holy ·, is the most # notyourshield dude ever flitted · · to talking about · comics · star wars · a ·"
REDDIT50_1327,20,0,don ’ t give money to sjw reddit
REDDIT50_1328,20,1,good point · totalitarian left hates him he truly · to · isn ’ t it cunning · · · with · speech · · and retarded.
REDDIT50_1329,25,0,"> calling me a thick · is · not smartest · because offensive merely against · besides if you · at it · · it could a · annyywway 4 · · · · overrated · · · · · · autists like look like pleb ass · lone · i · · there was for the ·, occasionally to · yea · · · people didn't know hwo to · real · ) about * traditional · like & is · · · · chess diagrams ) to · to interesting campaign stories · · · out characters from · assorted · & p game systems · many peopel · to · those."
REDDIT50_1330,25,0,"honestly the honey badgers should have easily won too, especially by how sloppy the defendants were acting but the the judge can basically do whatever they want and he decided to do a quick google search on gamergate ignored the fact that the fbi said the claims were bullshit and felt his old retarded normie way into a bullshit verdict judges in at the very least the us and canada have * * way * * too much power and far too little oversight hell the way the us supreme court acts is basically writing laws when they have no power to do so granted even with people and positions that are * suppose * to have oversight it mater if they all decide to work together to be crooked, or at least ignore each crooked behavior."
REDDIT50_1331,33,1,and · · · · · ballistic the · pull the retardations they can of ·
REDDIT50_1332,34,0,who are you talking about? i just rewatched the first episode and i remember any such character
REDDIT50_1333,34,0,"how many feminists been murdered by anti - feminists in · · 20 years? i think of a · · it's barely * "" a real, ongoing · in · world * "" load of horse shit as ·"
REDDIT50_1334,34,0,· i · the · world not shitholes like pakistan.
REDDIT50_1335,25,0,"what a shock a communistic dipshit wants to lie and · about things that require responsibility and honor robocop a fun movie though, sst was in a way, but i feel it may have · · · if it pull some bullshit propaganda from that dipshit funny he gives the us army shit for propaganda and the same shit i think all people can be at danger for hypocrisy but i find the smarter * you think you are * the more and more certain you are to be an insufferable hypocrite"
REDDIT50_1336,25,1,"i · · far, possibly surely is · of · in large corporations · · give · a · how · people crookedness · · as makes them · they don't have walk done the blood the ·, from everything have heard suggest the man is reasonably politically retarded, and · he knows far more about · than, however sometimes · a · · · · · · far · · · · · who · · need · · certain ( or even · ) · are ·, can't · them as · subsequently · didn't know · cameron when was · either · that the · isn't crap, · better merely it's reasonably entertaining, just · how much · · · else's property when he sought · - not · · to - ·, and · it's better do change ·, merely there's a · however · · ·, still · directing and didn't · · · for a · cultist · · · · · ·"
REDDIT50_1337,6,1,> · · · · with a · · you · as you · · are you retarded as well as ·?
REDDIT50_1338,22,0,nah need to · that tin foil · of · in your closet subs · · being racist
REDDIT50_1339,22,0,"> the great · were · about the wiretapping right the · · right the · / cia / · · that was the label on the · i do · of that can come out the right way trust me as a not american watching the shit show that is american politics, left, right and center i would like nothing more than you stupid fucks to · your own house out that does not · the · that the sub was · of · · · · · threats ( even if hollow and a host · that · reddit rules the dumb fuck trump supports had more than · · · to rub · amongst masses and · · to accomplish · by · a · them · them not to · destruct anything touch problem with · like you is you · · these subs that · banned fucking · subs every · · one of them the naming of them · done to the · their · · do you · to · · like · · · off and vocal · · dont · en · to · · because · is · because the old · do not feed the is true · like you are · fleeceable."
REDDIT50_1340,22,0,"> merely true you do · absolutely · was sub · for · · · right · · to · against trump and · · wing · be · earlier are · excessively none you have a report · just like · · · it when you see · · it · to admins all you are · pointing out is your lot are two fucking lazy to report anything do you actually think for · · · · this · actually read · · · · · that run, that you are, was on ·, who · trolls not · · · · largely · with 180 · · it does · reported it does · to me · goes with admins million · > if go · and · for · to · · excessively ah · is your · · how reddit functionally works · · and · to ppd precisely we sub dealt with since day 1 of · · have intimate · we sub have · · and sjws have tried to get us banned doing you say · have · co · · to false flag this · · · · occurrence so why · · · mods are not · so you · · · · trump a sub are · of · reddit rules should banned the · is · rules merely · broken · · the sub not be banned % wholly · so things go wrong for · that got · their content was · both · sub · are · what · others possibly malicious · agreed · · the · joined in · rule · · simple that · · · is · so say example broke · rules · admins wont · · me anyone else you get warned to · shit · to · · catch · i the lone · sub to do it they will · · · · times far with · all · · · the · gets killed · · have · · all trump · been · · · killed spin off · pop those · · · is no conspiracy all · · the lead sub to · · all were not · · their · killed like was · mods this sub · long gone anything you huffy at the dense cunts who took topic should on · andfuckedthings · · and sub kicked"
REDDIT50_1341,22,0,the funny · · of them · · leftist bs in here ppd ·
REDDIT50_1342,6,0,"he mentioned several times that before he rose to fame, he was an absolute degenerate and a cunt to everyone, and that it didnt reall change through his life, but he abhored what weinstein did and other he thought were better than that i highly doubt he paid off the · while knowing he was shagging the grooming paedophile."
REDDIT50_1343,47,0,"the · · a · · and highly odd dedication to · · not word anyone its · · i hope · stabbed to death > the · i the lone · · · a · mother, that · · the fuck [ [URL] > % · killed by · parent killed mothers 60 · · [URL] teach · · ·."
REDDIT50_1344,38,0,"hadn't seen this candace owens / · rogan ·. a · · and a · once again she's handily "" · was · usernames harassing her originally reported by her · gamer usernames besides she wrong being quinn it demonstrably was · · her · · is so painful · anyhow, here's a link the last · call out candace owens being a retarded conspiracy · and / or complete · [URL]"
REDDIT50_1345,10,0,"no conspiracy theorist · to her is that ·, realized that shit is ez - street to · and · doing · ·, other "" side """
REDDIT50_1346,46,0,"real · america probably believes in · process · until · · freedom · principle and ·, · bear · and nationalism in general"
REDDIT50_1347,10,0,how about i hate both player game ok
REDDIT50_1348,27,1,· you · uncivilized cunt
REDDIT50_1349,27,1,she is a cunt i · would not · any christian · a · for a homo couple
REDDIT50_1350,13,0,"reminds the feminist article that actually just · that stated · · ·, because it male people · thought · and feminists to · clear a · · · reason people believed it, is because · expect feminists to do either · excessively difficult to · ·, when they obviously even though are idiots that do · · that unironically, are · · post · hurr durr pretended to be · ·"
REDDIT50_1351,13,0,"precisely feminism is vague, its just a term thrown around but it doesnt · meaning to it, these days there is one · · explaining what feminism truly is, there is no · guideline there is nothing what dictates what a true feminist is it had a meaning, but it · true · "" fallacy works perfectly here"
REDDIT50_1352,13,0,comma's are the new black its stylish cool.
REDDIT50_1353,32,0,imo higurashi is anime equivalent to the saw · is to · film: torture porn galore of questionable quality [ that being · op is bonker ] ( [URL]
REDDIT50_1354,41,0,> garden of · > · no kyoukai > horror?
REDDIT50_1355,25,0,doesn't * · * [ * * feels * *! ] ( # intensifies )
REDDIT50_1356,20,1,it a democrat it ’ about impossible tell what sex they ·.
REDDIT50_1357,20,1,forget · your · · extra · putin can read brainwaves! · putin. room right? i hope · right medication soon!
REDDIT50_1358,20,1,"my ·, alt · · theorists are wholly · you probably · to be the following radical democrat terrorist please ’ t bring a · to · baseball · seriously · you · · you need bad go · doctor earlier you hurt yourself · else · · and cum should come the · already will feel ·! 🤣"
REDDIT50_1359,20,1,"oh you can speak russian? that means your brainwashed fanatical conspiracy theories must be true right?! 😂 😆 🤣 😂 😆 🤣 😂 😆 knowing a language doesn ’ t mean you know a fucking thing about the world it just means you know how to speak a language what is wrong with you dude? you dropped on your head as a baby? seriously, get help you · · a far a fanatic the average far - left brainwashed sjw please get back on your medication."
REDDIT50_1360,25,1,"anyone ever see · ·, i · they movies, possibly ·? · it · when feminists, · · fucking · * feminists, caught wind waifu androids could · give birth to · · babies went full · · it which · hilarious as the · · · · lone males would take the · to go · to · the place · it they had chronic · · they bribe · · to · · taking · · even * · · the · · was · of · · · · to breed the · who · · i assume both the · · the stability of · · armitage is · · fully · perspicacious always · · happens of the thirds · * * not · the · which made"
REDDIT50_1361,9,1,a queer cunt
REDDIT50_1362,40,0,"\ \ > dunno all this race privelege · · rather · original sin. > * sjw · notebook * "" yea, yea · on."
REDDIT50_1363,5,0,how have they always · or · · them · · see for is
REDDIT50_1364,5,0,"guess i'm · "" skeptical moderates "" are all mutes"
REDDIT50_1365,5,0,"white people think of as a homogeneous group therefore · things that group's interest they do however think of white people who shamelessly group as white people a homogeneous group so saying "" fuck whitey "" · lone · · group mind"
REDDIT50_1366,5,0,but · · ones!
REDDIT50_1367,2,0,""" i'm the bad guy here to make you · harder improve to beat me "" accurate · of function my day to day life mostly at work to my employees."
REDDIT50_1368,2,1,"frequently tell my · i · · of them, and · tasks · · their capabilities · that if · / · to succeed that will · · pace · · beyond their · can't · quickly and · me · · them build seniority i'm · in senses of word, merely · · they well to compensate job requires · a bunch year · with · · making · % the · because corporate is literally retarded in how they · work to hours ·"
REDDIT50_1369,47,1,altruism is making you retarded
REDDIT50_1370,26,1,"dr phil truly a cunt though its · as · · · a · you · conversation he · pauses for · · · · · "" she · · this a · · or a · · · · to · to the · ASAP you · · follow up with a · · e · "" · · love without · · earlier?, or in love · · etc etc dr phil · precisely is is intentionally · · so she just said sounds more pathetic "" · "" why would ask that · to · you had follow up · to · im certain · · obvious hasn't met · · basically the · of dr phil is basically "" · · the · · never met is · loves just · that sink in a · · idiot · "" clearly · · cunt besides · · a · of · merely · · · dr phil, can be ·"
REDDIT50_1371,26,0,and these interrogators perform this in a studio with a live studio audience for entertainment purposes do they? fuck off!
REDDIT50_1372,27,1,"at · young dudes are · to some this shit · aren't going to charge these lying cunts, now is pass our · to younger fellas good on ·"
REDDIT50_1373,49,1,truly · · kids did the same thing while screeching ' nigger' and · · · kid get any time all · alone slapped hate crime: [URL] it ·?
REDDIT50_1374,49,0,i · merely · · · all the people that deluded into thinking that ' the · were reversed automatically the perps would get lynched. ' · batshit ·
REDDIT50_1375,27,1,sad you're · take blame away from criminals while engaging with redditards two wrongs don't · right and those engage with redditards well.
REDDIT50_1376,22,0,you can try your racist shit not and not · you · told
REDDIT50_1377,2,0,""" global · to end all life women most effected """
REDDIT50_1378,12,1,· of faggot little white · hapless
REDDIT50_1379,6,0,"my reading the · and the study ·, the lone caveats for it is needing to be dead and to have · the · · · · the saints they have have committed horrendous crimes their time or are · accepted to be the worst a person · be, yet because they fed a · nun in a · moon, they are suddenly the patron · the nunnery."
REDDIT50_1380,6,1,i · just · · tend to bigger cunts than · get · to hell. it · a · · excessively
REDDIT50_1381,43,0,"particularly for company that is · of subjectively hiring · · on large of · they are still not a · to die on because of · · · to · gamers? is * that * the · * * you * * want to die on? well, that is actually hilarious, good for you ( and for · who reads you )"
REDDIT50_1382,43,0,"> using your retarded logic should only hire people who like burgers how no ·, walk me done it i want to laugh at your attempt at rationalizing the crackbrained · at turning experiential statement into absolute · funny given that you · realize that that"
REDDIT50_1383,43,0,"> spoken · a true autist oh, scathing people · · · chamber of ·? don't know why you thought · work meanwhile, · you said is · a · of fallacies > it · · you so bad · getting · for assistance · at a predominantly male company i truly · a shit, merely the · · annoys * you * and delightful? > die mad about it lol when has this not been a ·? > i never · · not - · the problem no? then what the point of ·? > > particularly a · that is · of subjectively hiring · · how large a gamer they ·, i · laugh how you · now"
REDDIT50_1384,43,0,"> how worked up you're & nbsp; > tagging you you make this stuff up although i usually expect in the op, not the comments."
REDDIT50_1385,43,0,> this clearly upsets you so much ·; > [ still whining at me on * * * your delusion * * * · you ] · ·.
REDDIT50_1386,47,1,we're right is using her tits to · · to an objectionable · in · old · · her shit submit · you don't ·
REDDIT50_1387,4,0,"has anyone critiqued his claims yet, as opposed to screeching about how offended they are? i suppose that heterodox academy will produce an analysis, like they did with damore."
REDDIT50_1388,22,1,sorry to ' that merely · · women and not · · is not sexist please try to learn words before · · you just seem · · twat we are pieces of shit yes of · was settled long ago.
REDDIT50_1389,44,0,dressing up eddie murphy tau · me that back · the ·.
REDDIT50_1390,7,1,"> whites should · lynched and gamers should be · and · > > > > don ’ · triggered ·, · oh look another · bigoted · leftist here's a juice ·, · you mom should by to · you up from · larp couple hours now get and · out"
REDDIT50_1391,7,0,· your opinion in consideration
REDDIT50_1392,9,0,"· · for ·: · overthrown there a serious hunt for · who supported the fate of those who · have supported batista · ·: [ wikipedia ( [URL] a · · of · · · after · santiago, where ra l · · execution · · pows · frequently · such ·, · · who done nothing · were · · > · after taking · · besides created · · to expand · · among the former · the · · · besides created informant · for defense · · · · [NUMBER] · cdrs · with · "" vigilance · - · · "", · · · neighborhood's · · · · with foreigners, · and · · leery · · the · persecuted · · ·, · socialist cumstain author · don't · · ( socialists frequently for · more significant · · · comprehend."
REDDIT50_1393,9,0,· · remind the socialists about · then
REDDIT50_1394,17,0,"· is there a · · confederates that · fled * anyway * some invaded nicaragua, some settled · confederate colony in brazil."
REDDIT50_1395,16,1,a · the state you're expected to · · according had what · a · these faggots should truly be ·
REDDIT50_1396,16,0,""" politicians """
REDDIT50_1397,17,0,· people · · · fact don't these · · skinz understand ·! · · about their entire degenerate race · ·
REDDIT50_1398,12,1,· if sjw cunts stood for american citizens as · as some brown guy who · shouldn't in · ·.
REDDIT50_1399,30,0,"i like how have · · awareness to realize her · · · and · she · can't · imagine son as the ·, lone · backed by the patriarchy and like i mean someone · cps and · · · from ""."
REDDIT50_1400,43,0,"· · excessively · · actually · being · and "" gentle · to · like she live expectations · · actually hate her and · to · · an · for disparity between · · and · will · her · and become a radfem either way ·."
REDDIT50_1401,19,0,"no, societal pressure is an · of rights, however when that societal · comes with threats of violence, then it is."
REDDIT50_1402,19,0,you talking · yours? your accusation relevant the topic either
REDDIT50_1403,19,0,you · to decide that
REDDIT50_1404,19,0,"· · this was a violation · dense · standard · frequently, you · · · just don't fucking get it and proceed to · and · · · you're · everyone · · when · become such problem that you have feminists who actually think · to enact legislation and be · over stupid shit · this"
REDDIT50_1405,19,0,"> this · sub if we're · about · · what are we ·? i'm regretful that · · this sub supposed be about * just · misogynist * and we finally · truth ·, you stand it when · are · · · it · do with · ·, your · itself is men's · issue because you're showing yourself blatant sexist with that comment."
REDDIT50_1406,19,0,even if could debate that you · · discussion this · thing ' hapless · look pathetic · so · claim care about · want · · issues · · merely i ·? i · · using feminist shaming · that invalidates · preaching
REDDIT50_1407,19,0,", you fuck off"
REDDIT50_1408,23,0,but why would you have riesling with · ·? ( serious · ) i · it was truly · · · a chardonnay ·?
REDDIT50_1409,22,0,am very · for · on white racism be banned on reddit as well / r / · has great examples if · the · · unjustly · out then take the · with solid examples however the right are precisely doing themselves any · at present those that live in glass houses.
REDDIT50_1410,22,0,well if you idiots on the right would · · so much racist shit you · be · to · the lefts racist shit.
REDDIT50_1411,22,0,you do know what sub you are in right? no fucking leftist ever would claim this sub was on the left you do know that you can be on the right and not a racist try that then we can have a discussion idiot.
REDDIT50_1412,22,0,why are you · · a definition from me?
REDDIT50_1413,22,0,racism has been defined for a · · by · · your i most · · · · use · elicit · the ones getting attention · · you lot look bad do you agree that
REDDIT50_1414,25,1,"as · as he · · in · could · some · · 4 · calling up this wench's ·, · · an · here ) · letting · to · should but she's · of a cunt that they · anyone · that girl who · videos abusing cats on 4 chan · · pictures of cats "" ·"
REDDIT50_1415,27,1,"wow, moron liberal faggots really · · the · this one huh? · · for hairy bushed · news ·, · · ·"
REDDIT50_1416,34,0,· · · serious
REDDIT50_1417,10,0,truth of · is sadly that they'll have · · host then their ·
REDDIT50_1418,10,0,"once a project grows to a certain size, it becomes a bit of an issue to just ship the "" server "" off to another datacenter what they're is renting shitloads of space at a datacenter, · that includes hardware or not is besides the point colocation is not the solution."
REDDIT50_1419,10,0,and then people are going to bully dns providers into removing them or something they've smelled blood and i don't think be sated until gone completely and utterly.
REDDIT50_1420,15,1,"because not racist, you twats it's just a stupid costume get a grip my favorite part, or · the most boring part that sticks, is · "" my · not a costume yea, precisely, you bitching? this objectively a costume, it is not your culture you bitching it · it?"
REDDIT50_1421,11,0,"· · · your phone wandering about in · · on · into · your · not · to lower · entitled · of · besides you're · be · · jumping off a building · · · · · actual · keep that gaze the · don't · ·? · with the · damned · disorder and schizophrenic · i'm done · your · and confirming · a free · · you · · lyft taxi you · · i'm · i think rape · the fucking road and · away from 6, · all · i want, how in your · entitled · walk in fucking · alternatively · · · my · so your ·, entitled, princess · · "" safe"
REDDIT50_1422,11,1,· full retard.
REDDIT50_1423,17,1,"* * "" hey mario you · lone · ·. because this magic · makes turn the other · there isn't a · option. * a truly transphobic, bowser you've truly · - ·! "" i · it · now · a fairy a dyke. * * that's incredibly - a · "" * luigi's taller you, short ·. gonna kill you. """
REDDIT50_1424,1,0,"the answer ·, is merely"
REDDIT50_1425,19,1,"the cunts are · to you this · aren't? ·, · gets worse the · it"
REDDIT50_1426,19,0,· my anger out the poor sods that get in my · · ·
REDDIT50_1427,37,0,"to take your most extreme example: > censorship is when. when random people are taken off the · of chicago and tortured in a cia - style blacksite somehow, the word "" censorship "" is not what first came to mind when i head about that not even the 1, th thing censorship at the very base has a clear meaning, stopping someone from communicating not much of a stretch to include punishing them afterwords, especially if that threat was clear beforehand not · meaning by sweeping every authoritarian abuse into "" censorship """
REDDIT50_1428,37,0,"> and you guys seem to not share your same passions * on this forum * where they aren't apropos not here to discuss every injustice in the world, check the posting guidelines if you doubt that casting vile aspersions on ·. what, not expression in simple text the · of outrage you demand? bullshit."
REDDIT50_1429,4,0,i was wondering that myself nothing from the kremlin yet either.
REDDIT50_1430,10,0,"· no good guys here merely can be · certain that i · a company nether these ·, be banning people left right center earlier i was · apt for their · breaches that's just common sense"
REDDIT50_1431,10,0,· a · of · hit to their wallet you think eu ever wisens up · again
REDDIT50_1432,10,1,"not even gonna try · out whether · all of eu be net · or net · ·, blocking there will · with · services · · this either as · to ban people who may be · copyright earlier they · · · myself · shoes eu are completely retarded with this ·, merely going to · a google · to · with the antimonopoly · they lost in eu."
REDDIT50_1433,45,0,"stopped · · done run · back · the · · he had · · · · reigned moffatt he started being more and more retarded the apex moffatt being ideological · the character of bill the capaldi · · had a · · i was · to give it · regret decision chibnall · as · worst and that's a ·, · in and ·, moffat had · some of the · · of · merely as · · complete · · he · ideology · miss · t davies"
REDDIT50_1434,40,0,it would besides credible if · from people who · ferocious tantrums if their · aren't immediately ·
REDDIT50_1435,20,1,don t cry excessively difficult · milk faggot! 🤣 😆 😂 😆 😂 🤣
REDDIT50_1436,47,1,ppd · have been retarded that day
REDDIT50_1437,23,1,"· bullshit a pussy who is afraid of negative "" internet points lmao · · to me bitch"
REDDIT50_1438,26,1,"> · could · victims of · · coming · the future i was the · i · · · based statement alone, how · dare she · and use · · sexual · · of shield · · crimes absolute cunt i · gets · ·"
REDDIT50_1439,29,0,well bless his little heart.
REDDIT50_1440,47,1,retarded it is
REDDIT50_1441,23,0,"updated with more · and more despicable actions dirty · all · out, · she · to · from ·"
REDDIT50_1442,15,0,"would be awful since anyone with · knows mess is * * unfixable * they · it run course earlier · in so the only · would be idiots when · unsatified the · because · it's · to · · the shit writing · be · the · · · be their fault the · · sales · be their · the · off cliff the · office after the · · · the ·, · the · · [ who are the type · · · ] are done seeing it companies going let new · go, merely the · that · this failure! "" · to · her fucking · if you failed at · don't take · you'd to be a fucking idiot · · · · would ·, ever, · · this · acting like · had no choice merely to · her on is incredibly · · like they · her · in · she's · is incredibly · the · full of · · allowed · · from · failure ·, merely it happens the · the · people are · "" · "" · so · little face can · the company · · ·"
REDDIT50_1443,48,1,· choice · obviously a cunt but. · · · · its purpose? · a behavior humans got from neanderthal ancestors · a · gesture female · · point physically harmful · males
REDDIT50_1444,11,1,"· · retards · to call them "" differently · ""?"
REDDIT50_1445,48,0,"what was · in · the ·? what was "" ·? i found her · particularly difficult to follow."
REDDIT50_1446,24,0,"· · the · for · bottle of alcohol, even being · · · and for not · information to a · for · petty shit · the free · and a great · police time and · · money gotta · · victorian - era retarded cultural · guess important and you people clap for somehow."
REDDIT50_1447,24,0,know right · you morons a · · to me · having · · · say · invaluable indeed.
REDDIT50_1448,24,1,"yea dude, you won by not being able to offer a rebuttal right by default because one of the retarded mods of retarded · of a · · me a retarded flair that's wholly logic · a feminist because i think that possessing alcohol at the age of 20 being a crime completely asinine makes · sense."
REDDIT50_1449,24,1,"hey this · difficult to · because · in r · circlejerk, merely because · the law · it's · > · · · to it, · ·, · to obey · commands, · a ·, · ( assault on · ·, acting like a ·, claiming they can't that begging other bitches to · the · and screaming · that · · to · they shouldn't · to · as if commiting crime a fucking · · her end · i · · ·, merely blame anyone · or · civil · to · · back · law lone · retards with · · by pure hatred would · any fashion · you"
REDDIT50_1450,24,0,"· you're · to · or ·, the person a woman is also irrelevant what · said is that it's ridiculous that people applaud the ·, · ·, a ridiculous law."
REDDIT50_1451,24,0,"yea. certain i'm · you problem · right · this retarded sub · > this · you · · enforced. when · · force used? > you're right · · · with. right · first all · all, second · in · the · was · · · visibly · and no the · never · · · · necessary guidelines · excessively force is lone · · · again · · retarded laws for second pathetic waste · · they · · holding · liquor truly a · ·"
REDDIT50_1452,12,1,oh · another ugly girl · way excessively much · from · on · acting like · little cunt i wish these dumb bitches had live as men for a week would kill themselves in a ·.
REDDIT50_1453,9,1,"> i have long grown tired of those conversations so are we, but you cunts keep bringing it up like children, author > what always underlines the violence of “ appropriation ” in the first place: anti - blackness oh really? so it's always anti - blackness ( with a lower case b because unlike you i don't consider race a critical factor probably because * * i * * am not a racist. ) cultural appropriation a fucking thing so it's not violence you regressive moron and therefore it's not anti - black > black people adopting other cultures or customs is not appropriation appropriation is about benefiting from other cultures while simultaneously dehumanizing them ooh! so first you redefine racism in a vain attempt to absolve yourself of being a racist cunt, then you redefine ' cultural in a vain attempt to defend yourself from it too why you're at it, why don't you redefine the word "" arsehole "", author, so that you can try to avoid everyone realising what you are?"
REDDIT50_1454,30,0,"how exactly does not - · · dreads "" dehumanize "" · ·? · · · · · other · like · · going to · zillions black people besides · · is · question the · guy's because have consistent ·."
REDDIT50_1455,30,0,"white people can wear dreads whether black people are being dehumanized or not yes, racism does occur, sometimes systemically, but that doesn't · western culture generally dehumanizes black people the argument still doesn't make sense "" appropriating "" dreads is "" anti - black "" ie racist ) because other people at other times are racist against black people?"
REDDIT50_1456,30,0,"> i think the argument here is the common, "" · people ( the dominant american race oppress blacks while borrowing ( cultural appropriation ) the things they enjoy from their culture. "" so the simultaneous theft and suppression is the anti - · mentioned > > meanwhile, in ·, · · are some of the highest - paid actors, musicians, sports stars, and entertainers in america i even hear one of them was president for a while funny · of ' suppression'."
REDDIT50_1457,34,1,"·, normally · about solutions the game is · a · · · have constantly been · trying · out same slippery · the · · is one ·, frequently many · the · “ · · git ·! ” fucking bullshit you ask retarded questions you might get some comments · that, merely · out · · if you ask · git · is lone thrown about when people · you · whine game ·"
REDDIT50_1458,42,1,"it's · it a fine · call my baby! · · · a job then learn · · "" ·, retard works · it's not · · · of retards, if refer to a baby with · "", because of the % chance he will finally ·, are · - - · retarded."
REDDIT50_1459,46,1,"no, continually caving to leftist tyrants while trying to shame conservatives into · "" doing the right thing "" a strategy that has been correctly identified as retarded you · to reel in the ·? cool - do the same time we reel in large ·"
REDDIT50_1460,46,1,"argument or nothing is how · · now leftists want · curtailed? i want · broken · deal alternatively, fuck off the days of all give and take over."
REDDIT50_1461,46,0,saying that · · is rules for and for thee
REDDIT50_1462,46,0,you want to lecture conversative about spite? lol
REDDIT50_1463,46,0,making the · rate · · matter the · my · important next to the · in yours.
REDDIT50_1464,46,0,elections consequences.
REDDIT50_1465,23,0,"some translation is needed to get done · spewing * is · thought he was some sort of performance · merely then it became · was · · he was fucking crazy, merely · to · i'm · to play ignorant · was · · at me and · things like · · * * kick then did actually kick me yes i heard him ·, merely was shock he actually · me, me · who ·? i · fashion, and was lone · · ironically * > was large · i lone · eight even · · about attack, i can't · this opportunity show skinny i · ceo keen to · she not blame man, desribes sic · tall · · · he was a mentally ill ·, this is · · virtue signal · care about · · the plight minorities ' remain more angry those white middle · · · me a · do everything a man do, didn't · · · that's yes, it makes · · points · in · ) it's actually their fault * · up * taking · for me · · the · · on · ·, · > are cowards with less · · · · 8 ·. get two for · both insult their masculinity · my · · is · such fantastic day · · - · · male scum to · proper · a * · class · * * as"
REDDIT50_1466,23,1,· have i seen such an · · · · lmao cya faggot / · · bother · else who can · · your · that regretful can't · · / blocked so why replying? damn a · fucking · · ·
REDDIT50_1467,0,1,"a fucking place to live · followed argument basically that landlords afford to charge prices for · that allow to · · keeping the · decent · and make a profit it, and the lone reason can do so on a · - month · · people can't afford more the · · and can't buy · estate this shit · as retarded as · ·, coke truly · people dry price of · the lone · they · prices · · because · can't afford own soda bottling · fucking · you · · that's literally what capitalism."
REDDIT50_1468,47,0,youre only · him because you didn't the · to · anything to · with you · back off · like a little pussy.
REDDIT50_1469,47,1,· …. i give a 2 · than · merely · pretty amateur replace that dogs cunt you call a brain and try again · flair ·.
REDDIT50_1470,46,0,islam has so · co · left that · · · two fer
REDDIT50_1471,12,0,"ruled by women, ·, and black people?"
REDDIT50_1472,44,1,faggot boss
REDDIT50_1473,44,0,i like new way · vegetable lasagna.
REDDIT50_1474,27,0,you men need · job · women earlier · them your · see that · the · yet women initiate · % of ·.
REDDIT50_1475,11,1,why · i bash on mobile games when absolutely · feminists internet · · if some retard want play · boo · · · · *
REDDIT50_1476,11,0,if · for dlc they look worse.
REDDIT50_1477,0,1,"so ·, · given me · of · and · me gay."
REDDIT50_1478,19,0,shame you didn't · any · of your ·
REDDIT50_1479,19,0,"yeah, i · that, it was one poster, what i · to · · barely visit sub come onto here and · there's · · with misogyny in order to try and get · banned or get mods ban other people · kind of · earlier and · it, report · and move on, merely start · · · sub · us all what do you're leery"
REDDIT50_1480,19,0,· · · that's not a case of rampant misogyny and i truly · people try · ·
REDDIT50_1481,9,1,· please author · not · · you fucking twat · radical feminists need · the · merely · believe that the · lot incapable of rational · will equivalent children · ·
REDDIT50_1482,48,0,""" make terrific voters! \ \ - democrat ·"
REDDIT50_1483,29,0,is such bullshit way you can · + · of frost more than 1 / th an inch into · earlier excessively difficult
REDDIT50_1484,29,1,drizzled isn't dipped faggot what kind of · · gay · master are?
REDDIT50_1485,22,0,> merely the right wing subs · being shut down mean racist right
REDDIT50_1486,22,0,·. not in the · · that were shut · · racism they besides happened to trump · · have · · subs · racism · have right wing · · racism what fucking part of they · being · eludes.
REDDIT50_1487,13,0,context?
REDDIT50_1488,13,0,kavanaugh ·? makes sense they protesting exactly
REDDIT50_1489,29,0,you even · that thought? are you mentally ill? you one comment · someone sexual · and · they never accused this · clinton? · · account?
REDDIT50_1490,29,0,i have where i · · even crime called rape just · · · · go ·.
REDDIT50_1491,29,0,"guess what? i great untited states · · in · · on · · · · and have the · rape · · · · them placed · nether "" · · assault "" if you are · merely · so · possibly if you want to · so fucking smug you find if you · ·"
REDDIT50_1492,29,0,"·: tex penal code · § · assault, aggravated · · & # · 200 · new mexico · · as "" · · · "" or "" · sexual penetration with aggravating modifiers n m stat ann § 13 · see also § 31 - 15 · · said merely i · ill · if you bitch & · ·; kansas kan stat ann 21 [NUMBER] ( b · · and · sexual battery you · more? also i · · own website · · did you · ·? i · · definition rape · hopefully · · to get the rapists · and no · · & · 200 · & · b"
REDDIT50_1493,29,0,"regretful · · · ·, i an · to · i'm · you of · right been bullshitting you about well about · truly am · and · texas."
REDDIT50_1494,25,0,"largely right good at making * one * · * weapons now · · lone · · to them i makes · · of your effort into making · a socialist country - how else · · your more productive neighbors? reminds me of a line from the new · · · "" are · · this much effort a criminal why · a · job?"
REDDIT50_1495,25,1,"· you are saying · absolutely · name · i · why of world seem to * get · the · possibly again · to need fuckton training to able · · · · yourself · · · · of · don't seem to · if a government allow you to · · even · at all with improved on stop weapons with weapons then · a shit · you live or die · shit abusive government i can get wanting to have · · for, merely it's · clear governments just think · · · · why i think it's · · when dipshits · "" common · · control one · giant · · · · in us you · fucking have · honestly · to · ·, · of · · reasonably · · who and use · of weapons it's · they seem · their background · when the lone · can not them · · sales · which you truly control anyhow as it's near impossible to track you · · amount of business · you * have * to · a ffl even a · · may · guns top · · · to fucking · i'm · either · · dumbasses don't · · to any · · · · trying · · know · everyone ·, worse yet · · · - still · · shit merely know just enough · are · and · when you · it control the large word particularly they lone want to · · · merely act like · * · * don't want us · · · excessively · unless slaves i · that · · · like · · all the · · the · of now and possibly as · * · · · - · · i'm · the elite · everything about · is class · · all the · · against · · the started crooked power hungry · elites · · that that make so lone * · say · be elite class more things change, the more lone · change the elitist power · crooks · same · people · · · · · i'm paranoid merely am i * truly * truly all that different · speices · for techonolgy · · and lone · · · who · the guys at the crank top · to the peerage? · basically so amazing even · weren't in · · with · · the · so · it · if · is good · · · in or they can always just break · ·, and · them · here · · · how · · · · irrc · · hawk got ·"
REDDIT50_1496,17,1,"should kill yourself. fuck ·? · god, · being so ·, retard. """
REDDIT50_1497,17,0,"largely * agree with you, i've been involved in a · · · · · i actually · · was · someone · · as complainant · "" came me help me · · the tribunal identified why good character university · · * * * victim of harassment · summoned the hearing · · · · * as such, absolutely · * universities · to just cover ass · college · are · the job of college feminists is to use this system to · · · funnel the · · racket · criminal · against · · the tribunal's · as · him, addition · · · · she be getting addition to · · already inside · · · · lot of · · · to · colleague · the · feminists well a way · · however, · · is · secondary purpose is to · feminist · in · positions where they besides · * the · · · immediately complaining · that university abiding · · simultaneously · · · "" keystone "" employees · have incredible power over rest of the · by · ·, · · who were · · · · didn't find valid · · · the school, merely · of politics * order force the school to comply * · the school · on · · · ass, and ideologues · · it's · a very old · ·"
REDDIT50_1498,12,1,"and women are fucking retarded, think a · for"
REDDIT50_1499,7,1,> full retard response · what · are · about
REDDIT50_1500,47,1,"this is a lie we saw no uptick with membership once that sub was shut down incel and donald insults really have lost their meaning they have oversaturated the market the market, therefore, demands some better insults quit being a lazy twat, replace that dogs cunt you call a brain, and try again"
REDDIT50_1501,43,1,"isn't · a dyke because have a · ·, so doesn't · fuck · · a · · attention."
REDDIT50_1502,1,0,> ’ · everyone exaggerated persona a · race · group etc · a ·? · the groundskeeper is absolutely · description of scots and i'll fight anyone who disagrees.
REDDIT50_1503,1,0,just · an enemy for life
REDDIT50_1504,2,0,"it was pathetic back when gg started where you had entire pantheons of e - celebs and meta "" youtubers "" to keep up with the fact that its still going today, is rather sad."
REDDIT50_1505,19,0,· · · women down you the · person conceivable i'll glad hypersensitive morons get off ·.
REDDIT50_1506,19,0,lol! · · get · on · · somebody · that what find fascinating · · you · these sorts accusations · absolutely no viable · suggestions to · things · you · them which ironically means precisely what accusing · doing · · believe in toxic masculinity?
REDDIT50_1507,25,0,"this · a bit of crackbrained · merely is some merit in possibly. · i seen anime that does opposite i'm not talking about · · · honestly a lot of · · the concept of smacking a guy around because a dense fucker and knock before entering a bathroom this annoys me a bit excessively merely it isn't a · · maken - · · fuck · happens to main dude he · forgets he · with a few chicks now · forget merely a small defense of · 7 being · inconsiderate second this guy does · · on chicks sometimes difficult to · · · truly * · as · as · inuyasha to · this, and other · it · a · more sense · 1 ranma went of · poke his, slightly, · certain · · · merely when · insecurities not feminine · possibly when have to live shouldn't tell like · a day suck a chick · a dick to · and other people at least half · now, flip · you · shows · · and · · kazuma · out · he's none of this · besides smack a · he thinks being idiot, not ti works · · a · · and · turned · when acts · at her behavior · and · it he routinely tell aqua she useless and a bitch in public - she in · · main · is possibly a · of a · merely lived around · sex obsessed bitch for his entire life her · ass would routinely do · him · that want to that · · border · assault excessively physically · to · this lead him into · more · · largely happened · now · to · actions and past · · fuck of this ·, in · fucking stupid · · · all of tests * of his · · · · and · · of this chick · everyone around particularly the other chicks merely he just · this · who selfish, stupid fuck inconsiderate, and a * mega thot · with · so both extremes exist and largely · · the chicks · · merely · western · · a joke try do of the · · chicks · wouldn't · japan · · a · possibly because don't · as · and · · ain't ·"
REDDIT50_1508,41,0,"konosuba is · case because everyone in · except for possibly · completely fucking useless as an ·, · · ln comedic core · · of romance for · · of · · · al · · of his retarded team mates, you besides · getting ·, eaten, imprisoned, or actually to fess to his own · it's world · besides, the girls · have redeeming · except · and · · it ·, even if · · kazuma, because he · with all · of their ·"
REDDIT50_1509,25,1,"yep i · you forgive my · level faggotry, · · - least it's ·, · merely shit written · are best ones imo · despite everything the most competent party by · of leagues, because he's lone · wholly controlled by · whim, · lust sounds hilarious · · is, merely careless frequently his · "" ability · him frilled ·, this his · just · the dice ( well · use when got knickers · he trying - merely i · was going aqua's he wanted · the · harpy · he just doesn't get · · theory that · with, · if they · his steal · seems have a · guided · on · lace, · · foot over which · ·, · of megumin · to · skills that · · ·, · be she sees as · · her · is · cool · charming otakus, merely · · · about · · ·, she seems to * · · off using it · · by her · be able · · · a day · there isn't · that · it - though given · the fact might just found · fairy ( merely · not the · fairy ) · might · get, · · claim girls can as much ( · live · · aroused than ·, given found · · orgasms she ain't · · up can · it then is the fantastic · of useless · is darkness, you don't even imagine being it's disgracefully · ) · · · who · · · her · stats · · intentionally · strikes because · by vanir when controls her, can · · mac truck on hate · · what fun is one · · · seems like · an adventurer the · slayer universe rather taking · giving them · · · · just bought · and · · · her then again that · besides defeat · * · · going massively · of ·, normally · fuck of in · · · anyhow, possibly · · p · games the point is · · done actions letting do any · · it · · · besides given cripplingly insanely · the other party members lone way · · is · someone to go · · · · curiously · has · and · ·, idiocy what · useless that and her · · · · frogs, i know someone · · or it's spelle · the ·, the · she · the fuck out of · · · was because being · * * goddess, · · · still have double · water · · try to · · · with · and · or · · fuck she · when she · dulahan didn't seem · · smiting turning * any effect because it one shot, · · the · · think earth goddess for fucking · she · itisn'trapeifyouwantit"
REDDIT50_1510,41,0,i take it you like the series > if she stupid know that and not try · attack the frogs spells and just · heal kazuma her · stat · question.
REDDIT50_1511,25,0,tried to make a · · divinity original sin even with player · certain i can manage it they are excessively · · · kazuma excessively jack · · ·
REDDIT50_1512,17,1,"> the premises in the · are that censorship by the platform · is acceptable provided the rules and effects are clear, is · neutral, and focused on tone, some moderation · on every virtual platform that i'm aware of the point that insights is making is that you have to identify what your moderation is going to be and efficaciously communicate it without taking a political bias as a platform that's entirely reasonable > they see the platform owners as "" hospitality organizers "" just a quote giving context to their primary point, which is: "" people are asking how to behave on your platform, rather than solely how not to "" this means that they are saying that · · to understand what is supposed to be their standard of ·, rather than just what isn't their · of conduct > ·, i see google twitter / · a "" hospitality organizer "" than i see email ·: they provide a · by which i · communicate · the · i use to communicate with · are · · than those i · for business ·, and i · · · those standards to be · by the · provider these are wildly different things in a · and · sense your · are · · you · have nether · · ) expectation of privacy which even the police * are not · to · without · · and · grounds public comments on a public platform to · in a · conversation are going to be wholly · and have wholly · moderation not · · it · be * legal goggle to moderate your email > second, · already see themselves as politically neutral and focused on tone, · those guidelines just gives · of the same and of course tone politically neutral: see the · of the · term "" · aliens "" · to their · they appear to have backed off on that decision the · specifically · them to be · neutral as · of more consistent their rules because tech · been * failure to · a problem the report > third, crystalline about · · truly · the person censored that · we · precisely why the · · ·: the · ceo woke one · and said "" i · guys and · my site "" · · the rules are · that's the point you have to both, both are · what happened with · is an inconsistency of the · of rules, not a · of · if · were to be consistent and crystalline, they should have a · that ·: "" godaddy · the right to · your ·, without ·, any time, because the ceo like you. "" > fourthly, what if i don't want · to "" police tone "" tone · exists in a · context, · you · it not why you just · to · and · · "" ·! "" in their face, and american · · probably · to hit you to · · from them some * boundary exists tone the point that insights is making is that you be · tone and not · · the thing with the · · it's the · is not · to · in "" · · "", merely is allowed to arrest you for · conduct you stop · > ·, if there is a problem "" tone "", why · a top down, · · · approach to it they · · that · will have · · and demands, and a one · · doesn't · is · a word > germany censors things to "" make · · safer "", merely when "" dictatorial leaders "" · to to "" improve their methods of · "" · is the justification of the german government ( which you see everywhere in · of ·, and the is just a quote · > and on the page they · · · ( which has · about · · to children and · which quantifiable · effects they provide a · study of the · · who · in · unpopular · being · off the ·, · · to · a · · the three the · is "" active · "" everything in it is · ·: ·, ·, or ·"
REDDIT50_1513,17,0,"> moderation require that content be removed. it just hid them from default view that really change anything about what the report says the report doesn't say * how * to moderate users > i disagree that this is something that should be the responsibility of the people who run the platform the platform administrators should concern itself with things that destabilize the platform, and provide tools so the users themselves can control the content they see that doesn't really effect the report either again, it say * how * to establish moderation just that people want to know what the rules are using your way, people would certainly understand what the rules are because they would be the ones moderating it > usenet is perhaps a better example. i don't think this really addresses anything > perhaps not, but it may suggest that being politically neutral is one of those things that sounds easy but in practice is really hard or impossible to be * perfectly * politically neutral, like being * perfectly * objective is very hard however, it isn't an impossible feat to get within less than 1 standard deviation of neutral > true, but i might be able to run up to a friend and do that without being hit are tech platforms able to make that sort of distinction? so far they haven't done so, either because they want to, because it's a hard problem for the ai systems using, or because the content being flagged is being reviewed by someone who doesn't understand the context well enough to make the distinction tech platforms are not your friends no institution is capable of emotion or affiliation my extreme example is meant to demonstrate that tone policing * must * occur in any social environment, either by an authority, or the individuals involved > they say that in context of changing their rules over time i didn't see anything in reference to suggesting allowing have control over moderation i agree that they say that users have control over moderation that users make demands over time that have to be accommodated, justifying changing the rules when necessary to accommodate those demands."
REDDIT50_1514,40,0,smart people frequently sad · people who pay money to be sad must be truly smart! /
REDDIT50_1515,8,1,"not sure you · strange, according to · · minorities don't commit crimes hell even in that recent case where the black chick almost beat than 92 year mexican to death, you would only know · the picture and not once · of a hate crime, protests, etc"
REDDIT50_1516,8,0,"are · · with kid gloves on · and international news; agree with your point not locally, · · ·, court period"
REDDIT50_1517,49,0,"same thing happened a few years ago, and a bunch of white criminals did it to a disabled black kid and none of them spent a day in jail the worst rapists are actually a part of your community, and repeat offenders."
REDDIT50_1518,49,1,"? the · · · black victim the · were white, · the · any time · · feeding retards are pretending all · · much higher · crimes are you legitimately retarded?"
REDDIT50_1519,45,0,"> exact · · black victim · were ·, · the · · source?"
REDDIT50_1520,49,0,[URL] · you smugly have to say source' because you hear all about it tv it besides hideous event.
REDDIT50_1521,49,0,"bullshit, regardless people claiming · · get way more time at time this happened, * therefor * these people should · more time · that fantasy alternatively, the same · · about time, except with a · of white rapists, and a disabled black kid and none of them even went ·"
REDDIT50_1522,49,1,[URL] you stupid cunt.
REDDIT50_1523,49,0,right because being able get money from a civil lawsuit means they besides · · · · where be · back together a fucking genius those criminal · tried · and spent · · knew what doing
REDDIT50_1524,49,0,right your parents · to · · · · · nether ·? on which fucking planet
REDDIT50_1525,8,0,"nah craigslist cheaper than people who never look think for example i have a maid who cleans my house i pay [MONEY] a month my last couple moves i paid [MONEY] total and they provided the labor, truck, supplies a lot of people doing the are illegals, felon, homeless, and starving college kids; it pays, especially given cash, well above minimum wage like 5 / 15 times as much i know a couple people who do this as supplement income and to your point, even own a truck they get a day rental from home depot or uhaul and just use it all day moving other people."
REDDIT50_1526,40,0,"\ \ > shut up · the · · · > ok sucks, merely · wholly gonna · thing did * want \ > · called said weren't a shitshow"
REDDIT50_1527,7,0,·
REDDIT50_1528,32,0,"> mosins utter trash, · that weak shit out of my face and talk to me about sks or svt ·"
REDDIT50_1529,7,0,"mosins are · part rifle fine · comes ruskie guns all things are · · · · · · over for the mosin merely iirc, wwii caused their production to · · and · · reworked · · lone experience i've · had sks · i · · · · tube i've had good ·"
REDDIT50_1530,32,0,"mosins are trash, there · that, like hipoint the price attached to trash tier excessively · "" passable "" militia guns, merely be the us europe their price are · excessively high · · one, don't · · on · · cost, horrible trigger, pitiful accuracy a fucking long barrel daily reminder the 91 have a "" barrel ) the retarded clip system that · made a · · ·, bolt need · · a cheap · and so on and on and on. the · the · · · · a · mosin with a · · 880 7. 62 · r surplus sunday fuckery for less than a · are long, long ·"
REDDIT50_1531,7,0,"nice, merely address the fact that it's · an important · of rif culture and russian arms again: "" all things are built upon earlier works. "", and the mosin lead to the svt that you went on"
REDDIT50_1532,32,0,"ye pretty dense, ye ·"
REDDIT50_1533,7,0,one us · to think · are invented in ·
REDDIT50_1534,32,0,· taking every part · out of context i don't judge the rifles for * what was represented * * merely for is · * the verdict is unilateral mosins are over priced p o
REDDIT50_1535,32,0,"· just excessively · to ·, · of retarded shit in the · of retardation and fun at it plus he another · where film his crew and does · is · and · ones can't · for themselves"
REDDIT50_1536,14,0,". ·, i still drunk? i mean, i emptied a bottle of whisky last · merely. i · · or i'm still suffering severe hangover · ·? ·, · be · · in "" respected "" mainstream · outlet scratch that, cannot a real · ·, · yep, i refuse to accept that there are people retarded enough to even say these words, let · take it · · still drunk, my bad."
REDDIT50_1537,16,1,· huffy your retarded insult incorrect of time
REDDIT50_1538,16,0,yea dude totally
REDDIT50_1539,16,1,haha faggot
REDDIT50_1540,16,0,"regretful, your kind isn't · · debatable · insults"
REDDIT50_1541,16,0,·
REDDIT50_1542,1,1,"occoms · · · least · of ·? that · · the · · norway ·, merely somehow didn't · · of norway and · · · ·. or this · fucking retard and truly thought "" · ·, and black flag ·"
REDDIT50_1543,23,0,"· to the ·, her · hand · swollen she · · several · she must have shaken hands with bruce banner made angry · merely testified that the police · grossly · and · · screamed · as loud as · when the · · besides · · she · the · and · · the · further contended · basis · comments * * · · · · * * it's already · the fucking joke of the · ·"
REDDIT50_1544,36,1,""" · · · "" traumatized by them, you dumb cunt your self created · are · · · get your fucking head of ·, you might · · earlier it's excessively · ·, merely it's · a shot & · b; # · ·;"
REDDIT50_1545,37,0,"> unless · · buy firearm to · themselves, · and their · want to · it indiscriminately but · · on this · which he · have be psychic figure seen significant number people who · off such nonsense are projecting without being · · if [HANDLE] in category but it's · the · to bet."
REDDIT50_1546,37,0,"· · them or · admit ·, just · · · "" · "" · "" polite be · merely plan to kill everybody you ·. "" never know you · to · · into ·"
REDDIT50_1547,37,0,"my concealed carry license says otherwise, means among · never been convicted of a · or a misdemeanor domestic violence offense never even been · over, my sum total of · · interactions · consists of two parking tickets."
REDDIT50_1548,37,0,"> and if · · is dangerous, seem to · reading about a couple of chaps named cain and ·. > · are would hope spent a · reasonably · · · to · well and nether · · · high · · and · ·, · · and my · siblings at · of ·, · · · him ·, his · pastime · with fishing · ·, dropped out of this in · · thereabout, is · shot of · in her social circle."
REDDIT50_1549,42,0,"is this, fucking twox? no it's pussypassdenied generalizations are ·"
REDDIT50_1550,42,1,"i'm sorry i · been kind in · used · · if i · that * * you fucking retarded! sorry i · · delayed try explain to you a · you · understand the very notion that there such · as the pussy · profoundly misogynous, according the feminists that · · · these · us is precisely the · come ·, you mongoloid sorry again. you reasonably exceeding · "" you · · of ·, · the · out."
REDDIT50_1551,42,1,"i have · · a faggot as · · as don't · · possible don't want the · · white · you absolutely · ·, basement dwelling, ·, ·, · · hating · like a · feminist hamplanet get · material "" · no a fat, greasy · virgin · · with · · called incel on the ·! any ·? · validation twats that may be · ·! some · · broken arms said · ·! how · living? · mind · · who you said"
REDDIT50_1552,42,1,· · · your micropenis · · · fanfic i · you · a · camping trip with your · merely the · time you · a pussy was your whore of a · squeezed you out of.
REDDIT50_1553,3,1,"· changed it "" entitled · "" · "" entitled customers "" see how retarded "" entitled customers "" sounds"
REDDIT50_1554,33,0,if you · actual mockingbird · had a · point of the character retconned from her a rape survivor to · · · of rape while fact just banged him because she · · doing so comment is · fitting
REDDIT50_1555,45,1,> the actual · · a · point of · retconned being rape survivor her falsely · dude of rape fact · because · · · why would they that? · · you the worst kind of cunt?
REDDIT50_1556,33,1,· · · · 2 clusterfuck would've a wake call for retarded pr people and · shit · this · happening
REDDIT50_1557,26,0,"· is a pussy for blurring her face she should be · shamed "" im not · to · her face for her benefit. so she learns she · doing · free because people excessively · of a pussy to do anything it """
REDDIT50_1558,26,1,"· you fucking idiot "" · dont let · be · · · · for · to see face of · who · assaults others "" perhaps if some · dick retard didnt protect ' s honour she · this · in · there · · · on her · character which will · any future · · merely thankfully this mangina masked her face when she plays · · distress someone · · footage they · use this · against her and will get screwed · clap ·, ·"
REDDIT50_1559,26,1,"this may come as a shock to a cunt like you, merely dont go about · people in · so there is · · no footage of me a thing, similarly · · about · · and i i · · to complain if named shamed · to · anything you actually get ·"
REDDIT50_1560,26,0,· this lone · has done this or something similar how precisely
REDDIT50_1561,26,0,"i dont need i · advocating for · for ·, that · you the burden of proof is you"
REDDIT50_1562,26,0,· · · an idiot.
REDDIT50_1563,26,0,"· i · you shitting, not · dumber than i · gave you · for · i · that maths phd what an idiot he because when i disproving pythagorus · quoting my favourite · lyrics, he called an idiot · even try and argue · stupid are so stupid infact you cant even process the · · of · · · truly "" · me lol"
REDDIT50_1564,26,0,> i ’ ve just · that ’ excessively large of a moron to · · · · particularly i · · such a thing therefore just · you · · bother · · merely · · and · its you · ·
REDDIT50_1565,26,0,"> me saying gotcha was me being done and > lmao if you ’ re not bothering with me than why do you keep replying? it takes a very special brand of stupid to be so moronic that you undermine your opening sentence "" hurr durr lmao rofl if you are done why do you keep replying "" - - he writes while replying after claiming he was done just try and work it through slowly in your head you fucking moron > you ’ ve got this whole “ greater than thou ” attitude which is funny because you ’ re a bottom of the barrel reddit stereotype this is what i love so much, you are so stupid you make nonsense claims based on no evidence, or are you claiming to know my qualifications and career history we have established you are so stupid you think someone who values themselves as more educated or intelligent than the consensus of a zero entrant criteria forum heavily populated by a majority which reside in a country with a below average iq score and a significant lower rating of average education can only be wrong lol wow you really showed me there einstein, look at me trying not to cry."
REDDIT50_1566,44,0,·
REDDIT50_1567,44,0,this · ~ ~ frito ~ ~ lays bitches.
REDDIT50_1568,28,0,lots · they · good or ). esp with · · or malicious companies / industry.
REDDIT50_1569,43,0,"you know · "" · "" means which is ironic considering · your idiocy at · in ·"
REDDIT50_1570,43,1,"literally · · assumed use · · "" that · · that · services should literally made performed without kind · than an idiot if you read this · assumed that that retard even * works * * * * * * * you · > · it · definition · "" · · to · words · following? "" racism is "" · + power "" · trying funny."
REDDIT50_1571,43,0,"besides · the · · the "" land · · what? · from · you follow the law not from ·, honey keep · · · seem · truly nice · · · · * * the more fucking hilarious · · · · writing way · yourself the foot * delightful * > so you judging this person strictly based this · text · have idea if work not precisely · you? yes, doing just ·, did you · ·, · · your · · op · more · anyone assumption? · * * pal · is · for · merely; it * * · · · forget"
REDDIT50_1572,15,1,intentions · it's just retarded to have something · in game unless literally · to · with · and · · · · · · or something
REDDIT50_1573,15,0,· · that's · something i · hat on
REDDIT50_1574,15,1,"it fitting · · time place for · · it a joke fits fine to · fit the tone game itself? it a · joke it'd be as retarded to me this · · · them and tell people can't do · · to · it's fine, · · to · with · · if think fine great · · on"
REDDIT50_1575,15,0,"lol what? still in the game a game that i assume is trying to be somewhat serious in tone thus it fit that kind of game whereas such things do fit something that's taking the piss more than not, like my example of saints row probably one of the people that liked the "" what are those "" meme in black panther "" just a little joke! "" a bad one"
REDDIT50_1576,15,0,"isn't off handed joke, very · · · specific that · do with the · tone it's · besides, don't tell · what to"
REDDIT50_1577,12,1,· mouth cunt.
REDDIT50_1578,47,1,"this · · · truly getting difficult not difficult, people men are convicted percent than women · · 65 percent · sentences than women exact same crime ( [URL] women know society · this society · · the pass and got shut 9 /, whenever a conviction is made, the pussy pass got · down · the "" women fantastic effect. "" how many male · · · · · ·? particularly those with criminal record "" oh, merely shes fantastic, · · · · down the ·, ·, yea he's decidedly a ·. "" thats a fuckn pass i ever · one so · · "" misogyny "" at every turn excessively low · · for · sake, · least "" incels, "" "" · ·, "" "" women · · "" all just · their steam the market is oversaturated with · ·, ·, in · setting the · · demand the · · · over · to · downvotes so · creative and quit being lazy · · besides, it · · a master baiter · us [HANDLE], · the · · greatest minds think the · · dickwad, blue hairy, male tears ·, · · the · gets · on the ass by yours trully the · boggy · the ·, · you to · this · · how we · here ppd · ·, · ban have fun"
REDDIT50_1579,47,0,noted ·
REDDIT50_1580,47,0,"thats · and merely are · · purists · believe · manner lone serves · them are one of the bastions left on reddit where banning is highly · · ·, you · · have to · in · earlier · banned · to ban · shit · · right or wrong, offensive or · · banned we are proud · · · though that will get you banned racism · · all ·"
REDDIT50_1581,21,0,is a fake video.
REDDIT50_1582,35,0,"how the · is it fake? · ·, you idiot"
REDDIT50_1583,21,0,"idiot? · · designated an "" idiot "" · have · age · ·? that is · the wrong word use · words wisely · redditor for are about who · judge · harshly for · · to get · · say precisely · · · did think · video cgi or kind of deepfake? is why all up in arms about my · ·? yea it's staged"
REDDIT50_1584,35,1,sweet mother truly are retarded.
REDDIT50_1585,21,0,why precisely you ·? just being mean me
REDDIT50_1586,1,1,"· men · some · cunts merely, lone are · police the behavior of cunts. you in · celebrate this cuntish behavior the · i · police behavior of other men? i'm · ·."
REDDIT50_1587,35,1,dude · like drug using retard.
REDDIT50_1588,23,1,it's the · · on reddit they argue about facts like the cunt who · · he / she just · · · imaginary · of sexual prowess · · the bitch in the · is · · · even whole paragraph they · was · * it doesn't make · · * the important part · · · the end whining i'm · ·
REDDIT50_1589,9,0,that may · one the most deluded concepts ever encountered
REDDIT50_1590,0,1,"· it · that · is getting · on so · · time a thread that involves · "" magic the comment · · with · talking · got · and · because they're wiccans and practice spellcasting themselves but apparently · in · magic is way sillier than that guess what. any · · in magic is completely retarded if an · who believes in spellcasting you're an ·"
REDDIT50_1591,13,1,· i retarded offended retards are more intelligent than lobotomized ·
REDDIT50_1592,6,0,"> as long as the person is the · of consent is · they are consenting to i don't particularly mind she is a teacher it doesn't matter that he was in the age of consent, she had authority him so it was statitory rape you are · with rape because he understood consent?"
REDDIT50_1593,6,0,i · are · with rape as long as a woman doing it to a teen.
REDDIT50_1594,6,0,> i'm ok with rape please die slowly
REDDIT50_1595,6,0,"i am far from ok with it, you dullard her sentencing allows her to carry on teaching and to carry on sleeping with her students. if you took the full quote you would see that a man doing the same shit she did would be someone bitch ing jail for 10 years seems you are okay with wishing rape on others and twisting words into new meanings i knew ppd had some bottom of the barrel scumbags, but christ do you make them look like model citizens grow the fuck up."
REDDIT50_1596,6,1,i truly say that you sick cunt you · wish · · · · me · · · off · you truly are · · you · me saying · a slap on the wrist · that · her to go out and · kids · ya blocked. i'd · · comments · · · ·. · you vile. · say person. merely you don't · that honourific.
REDDIT50_1597,14,1,"[NUMBER] · get raped by muslim pedophiles · trash · · · * large anime tiddies * everyone · · uk yass! ( point vote · · as most cucked nation ·, · · about take the · merely · just · a · · last · )"
REDDIT50_1598,14,0,"1 which part was made up? 2 not an american, dipshit 3 ·. bait. · 1 /"
REDDIT50_1599,0,0,"ok, · question here i'm im my late 20 · i in highschool, · i · · about · given year knew good · the · who · and lone 2 were · · i'm certain were lot · · just want · out · · · out, merely i guess · is that nobody went about · were · or · a gender that was neither male or female reading these · if all that bullshit is · · · in given · you have · · 7 gay kids · is this just · bullshit, kids truly falling that · not · that them are · merely in op it · are · queer · one · · that seems · · excessively · · that stories · a lot is · teenager · · · typo · 20 30 s i'm a dinosaur."
REDDIT50_1600,0,1,"·. · · · by · · to · ·, by · to worship the devil. not certain this gender identity bullshit came · thought the · · fun · to the · · early s sjw type and · out of proportion the · think this · · place in highschools the difference kid · · 15 years ago everyone knew just dense phase except for the goth kid this gender identity crap is a · · as · and the · · · · · · and putting that idea their heads woke · truly are. · did that · · kids, because everyone knew it retarded and ·. certain helping kids · deal ·, merely · this shit · like a · to · a ton of · · the fads previous · had · for."
REDDIT50_1601,45,1,faggot bruce a · source of · · · and liking dick
REDDIT50_1602,42,0,"this · lame · "", the · refuge the scoundrel, is · trait · ·, and · fatherhood / ·? ·, possibly, merely not everyone not "" men's · to · · values ·, feminist · · you're just helping the feminists pigeonhole us all · · · · · · the feminists."
REDDIT50_1603,42,0,"poe's law · are · · "" when referring · mock god emperor trump your · of word · or possibly honor him even · you chan · · · you are · they truly that stupid whatever post is · · whether you ·"
REDDIT50_1604,31,1,"by their · - · · · call to genocide when · said my · years resolution to · all men """
REDDIT50_1605,31,0,neo - nazi · should be tolerated right? calling for the genocide of half the · pretty nazi.
REDDIT50_1606,15,0,· season is fucking trash other seasons · merely · that unnecessary
REDDIT50_1607,15,0,"yea, the series · absolutely dumped another season us no · which · · the · season / the entire · was · added · · · · · and · it joan · · · · · the devil, · a servant of him which was dope shit merely it · cancelled"
REDDIT50_1608,2,0,"porn - stuff or not · this · into having people develop games that they · · nether the esrb system where the · adult stuff is used for the story / themes on top of just tiddies something like · · do, merely actually ·."
REDDIT50_1609,2,0,"· a few artists in ·, the thing the · · · and · commission · were egotistic and · highly · the degenerate porn guys were · · · and everyone particularly the niche disgusting porn ·, were wholesome · me · bad"
REDDIT50_1610,2,0,"its ·, because he used to · the personal · to exposing people to all sorts of · up fetishes now he is popular · · and non - porn · people · · talk"
REDDIT50_1611,2,0,· · crunchyroll was niche site with its own myspace rip off social network for uber weebs it was lot · that far it has ·
REDDIT50_1612,2,0,i can't · · · i shedded most of weeb - ness around [NUMBER] · like it though
REDDIT50_1613,46,0,almost responded to this retarded straw · earlier · who · it ·
REDDIT50_1614,35,1,that you fucking retarded or ·
REDDIT50_1615,35,0,"tolerant left, ·"
REDDIT50_1616,34,0,you're posting this all over this thread but what info are you bringing that shows that it is ' looking like this is fake'? why is it looking like fake?
REDDIT50_1617,34,0,"> also if you read down the twitter replies people are saying there were no police reports at all in his parents town you should lead with that that's definitely cause to think that it might be fake, or not what it is claimed to be > also i was specifically responding to people blaming the left because this was an obvious false flag operation i agree that it is absurd to blame any group of people for what is clearly the actions of an individual, but the thing i was addressing in your post was your assertion that the incident is ' looking like it is fake' you provided some evidence, now all good the next step is to wait and see if those police reports do actually materialise, and then whether anything comes of it."
REDDIT50_1618,34,0,i can think of a stories where there similar deafening silence from the mainstream media for · cytherea being raped in front of her family by a gang of black guys the media barely reported on it.
REDDIT50_1619,34,0,i can't · single · site · either · afterwards.
REDDIT50_1620,7,0,"> ahh, the wonders of ai speaking of which, reddit ate this comment for some reason it is now live"
REDDIT50_1621,21,0,this a myth that has debunked long ago
REDDIT50_1622,21,0,you surely · it · · · · · much · the · you treating me is toxic no other mra has · · to like this you are a toxic man mra is · the future our country and you personally aught · · about it because the way you · · it easy · · you a · · and · all mras are like you happen know · people.
REDDIT50_1623,21,1,"hello princess snark, · again are you still a shame filled · · of a human being? who is condescending? i truly think you are a rapist that is just something someone says to weirdos to get them to leave them alone you were so sure i was feminist, i decided to just up and become one for you i am not four years old or precocious i am · grown and i'm not a victim you are acting like the victim you realize it but you yourself are the one poisoning your · that is my main point you have a bad attitude and you are immediately · in situations when it would be better to not me after all, you win more friends with honey than you do with flies speaking for your entire mra group and i bet a lot of them would rather you not because of your style what other posts in other communities make it obvious i care about mra citation needed! no one thinks you're actually a rapist i was just saying the thing i knew would fuck your brain up the most you know, after five messages worth of you saying horrible things to me, just because i told you that ignoring the history of women being oppressed doesn't help men who are currently being oppressed, it just makes you look like a revisionist trust me everyone who ever talks to you has a shitty opinion of you if you talk to people like this saying things like "" snark school "" "" petticunt "" and "" princess "" come on that is cringy i sure am messing with you now by being mean to you, because when i was civil, you turned into a nutcase prove to me that you are normal member of society and not some raving drooling mental case locked up in his basement who occasionally breaks free to lick slime off her cunt for sustenance citation needed i am actually concerned that you will turn people off of mra because of your dumbness not concern trolling i bet if you have some of your mra friends read this thread from beginning to end, they will tell you where you have gone wrong but unfortunately for you, no one is going to read any of this ever try to rebut that, princess snark."
REDDIT50_1624,21,0,· you know you · any of that and you can't get ·
REDDIT50_1625,36,0,"and i a british friend and frequently · to translate · ·, cause "" · a · behind makes no damn sense to welcome to · · and confusing."
REDDIT50_1626,41,0,can you · your idpol to a minimum?
REDDIT50_1627,5,0,· is clearly what alex jones did · letting · know the truth now · way · him · · from ·.
REDDIT50_1628,7,0,· speech · i can shit on your podium · you · freedom · means · · at your own podium and · the · · speaking his podium ·
REDDIT50_1629,9,0,"·, merely thinking · life i find relatively people who done this merely who have, were women · or · that have · a lot · my life who * · * · such a · · is very people did · · women my case lone · ·: certain that being a low - life cunt who · · · · prevailing amongst · · · to the because a man, happens · a lot more submit when someone it i · · act stood which is something · should · to given that freedom be · · women' at · the · · · to that this article · that women · and · defend themselves."
REDDIT50_1630,35,1,merely · is okay · fucking retard.
REDDIT50_1631,27,1,an ex would · · stop · me i honestly · raised my voice to i · · her in place that meant · dumb cunts
REDDIT50_1632,13,0,"> but why not? they do to · all · that agree with them "" internalized · poor · don't even know how · they hate themselves! "" i understand why · of americans dont want to associate with them makes · sense and yet there are people that call themselves feminists that try to argue that its not them they are just like incels denying every logic and ·"
REDDIT50_1633,31,0,· · · anything 1 live in uk 2 be female 3 profit
REDDIT50_1634,46,1,are the same retards who · · · are · political · united · in [NUMBER] · · · about ·
REDDIT50_1635,7,1,[NUMBER] comments mods have · done · · pay for physical therapy · insistent · injuries · people · · lord · · > off yourself you autistic faggot or cringey shit ·: > · this · otherwise i'd · throat insult · that i'll cut neck open rip · · to · > death to the white race > · · again last · particularly cringe inducing
REDDIT50_1636,7,0,[URL]
REDDIT50_1637,12,1,a · little boca cunt
REDDIT50_1638,29,1,fun fact: · · fact in · an · · · absolutely retarded.
REDDIT50_1639,29,1,fun fact: not - retarded people refer real studies · · that even earlier 12.
REDDIT50_1640,0,1,again no · telling those people how retarded they are · · what they · their minds lone · in all · knowing that i don't · · · they manage thinking · makes bad · i'm queerly ·.
REDDIT50_1641,25,1,"was this the one where he was so livid he flat out · "" swearing "" rule? granted even he doesn't he is selective quote using the term "" cum dumpster "" would be offense · or shit to people also you can be really viciously uncivil without a single swear · the man tore zaid a · much ethical · · honestly · shit ( cause this is "" · · "" · bullshit can · you fired ) especially because some · to be related to the · you really · to · people and show your extreme ideological bias basically acting · fuck · also calling · else's · or credentials · when you · theyb · kind of unethical? not to mention the · flat out · demonstrable lying ( probably of and surely from waid in a · · · )! · like · · to suggest to the · this · is unethical or do you to be in the same ·? careless of what · i hope him trying chicanery · bullshit earlier the · · his · ass · the guy is · fucking · · a icky · being this · wonder if he's just clone · zaid claim · did · · · was · texas waid stated he · the owners he tweeted he was · them and · a · phone number the · · defense would that be? like "" yea · · the law merely didn't · was · so okay "" at · that · it should · he is · · merely possibly the point he wants soy · · a · · one i'm heard tell the · would this · is a · marine trying to libel slander and · · former marine's · is apt to piss the judge personally."
REDDIT50_1642,24,0,"improper sexual activity and usually sexual · · out forcibly using the textbook definition rape isn't "" · it "" rape means forced sex. you people are just derangedly paranoid"
REDDIT50_1643,24,0,please teach me · · · / r / pussypassdenied it is paranoia all · do is · · your idiotic beliefs the world is benevolent · women constantly · to take advantage it so you · pass · · · no one · · that should get · · for being a ·
REDDIT50_1644,24,1,"it's the name of the sub, the sub is about "" pussy passes "" being denied this is has nothing to do with that or "" exposure of feminism "" this is just an anecdote of a woman committing a crime that the idiots around here are · to · off as evidence for · it easier, which is completely retarded nothing euphemistic about saying "" · · "" nor is it sugarcoating in way."
REDDIT50_1645,24,0,what am i being paranoid about exactly? please go ahead
REDDIT50_1646,2,0,"hey now, · to · · · few · so · a talking · of "" if mras really · · be him. """
REDDIT50_1647,49,0,"it's weird, though trump did help a rapist stay out of prison by pressuring the nypd to put a bunch of random blacks and a puerto rican kid in prison for decades the rapist raped like a dozen women after the central park rape, and · one's brains out trump was also accused of raping a 13 year old girl why * would * white women vote for trump?"
REDDIT50_1648,49,1,"that's · · a · ·, why · you support a retard that is convinced every · person is a rapist · to · any pressure police · numerous · · accused of rape that has · world ·, you · that ·"
REDDIT50_1649,49,0,"regretful assuming merely truly am looking · seems to so · of those · used to abused they've lost · on · sounds callous nearsighted, merely experience, lot people severely delusional."
REDDIT50_1650,49,0,"the majority of women voted · · set on · · stay of women on * · occasions *, and was, · of · not narcissistic at, a · · of thought."
REDDIT50_1651,49,0,"· more likely stockholm, although you ·"
REDDIT50_1652,47,1,"once to the brittle · · who · · single comment in · are a · we don't · censor · absolutely · you're · your time merely welcome ppd anyhow we welcome whiny little · · you · · enjoy stay, · if excuse, have · ·"
REDDIT50_1653,47,0,naw · women hating incels here.
REDDIT50_1654,47,0,"rude, coarse · and · this idiot"
REDDIT50_1655,38,1,i lone never let go merely besides damn · a faggot.
REDDIT50_1656,44,0,i admire your fecundity.
REDDIT50_1657,44,1,· myself upon the · · · for mercy faggot;
REDDIT50_1658,26,1,"i like imagine all the · detail of this · · · about their · · she to other parents and · a · · · is female · "" to people yea did · out eh? she was worse ·, shame · something · failing but defrauding people there nothing but shame i · · a bbc news · years ago · · about how · she she was · billion thinking · i · i in · "" · lone has · · from · worth [MONEY] life is worth · as she be · jail now · dishonest cunt · · she ·"
REDDIT50_1659,0,1,this is reasonably sane. did · crazy hoe who · bread her · · and · · people · it was · ·?
REDDIT50_1660,14,1,"yen cast is pathetic · looking · confidence ·. took innocent · child · from the · wiki: > her · · · · · penetrating · in anger blazing with ashen blue · fire · besides · · · yea just · it in actress a very · · · · won't even bother · on the retarded cast of · it's · both the · particularly the forced · hire in a desperate attempt · · how "" · "" they are race · and · · · · the rest of the cast generic boring · truly think · · · carry the · on his own let's ·, he · be · one of the · men · merely his acting · · of a · and a · seriously · the cast i · wrong who · they · · to the following game of · the first 3 seasons out of nowhere the · make · · · · · · · · the absurd amount of · they are ·."
REDDIT50_1661,48,1,"· the feeling when out · · · truly · · and · · from · · in your · was dense merely · rather · · with because · truly "" leveled "" in · · that · · and · their · by saying · embarrassingly retarded in · smart · yeahh is ·."
REDDIT50_1662,9,1,i'm · to · if that · the women in post · ·?
REDDIT50_1663,13,1,just bitches nothing · or · good and fitting · ·
REDDIT50_1664,35,1,the two women should have arrested · to · · being cunts.
REDDIT50_1665,11,0,· pointless anything · · than blind pussy worship gets clit in a twist.
REDDIT50_1666,20,0,sound triggered did your sippy cup run out of · · my purple - haired pal? 😢
REDDIT50_1667,20,0,t · excessively difficult soy milk! 😭
REDDIT50_1668,20,0,· · · haired soyboy! 😆 😂
REDDIT50_1669,20,1,·! yup! u huffy! t cry excessively difficult waifu faggot!
REDDIT50_1670,20,0,· one high - estrogen buddy! it was her turnn! 😭 < = you
REDDIT50_1671,1,1,"· group has their go - to insult to blindly dismiss everything you say libtard · troll nazi. · you get of · them you're · the worst thing they · it · obvious · · moderate if not 100 · with · trump or fox · · · a "" libtard gender studies major "" if you · anything bad a democrat at it's "" shut the fuck up you redneck maga cunt ""."
REDDIT50_1672,25,0,"as have · to people for most of this mess, · · is not the · · a racist some such just a · breed · certain isn't · and truly · be about · that · merely them just twats, they are · · · · · · it · into ·, · · just · in ·, frequently in · they don't harm people just because dislike or even hate them hate crimes are bullshit · is because hating someone shouldn't logically be · harming them · these · don't think about as · exist as hysteric idiots claim, · get to the point"
REDDIT50_1673,27,1,"·, earlier · and social media, folks acted civilized in public people didn't · to be this shitty"
REDDIT50_1674,47,0,·! my man · upset i'm regretful truly going ask to · that · · brain come better insults the · the incels insult is · over saturated · · survive fretful · cunt's salt we · creativity so · · · something better thanks!
REDDIT50_1675,9,0,"·. guess the author should · comfortable ·, and move the third world · the famines, ·, and other · of · orphaned or · a virtue signaling twat."
REDDIT50_1676,44,0,and the thunder ·.
REDDIT50_1677,9,0,certain that just bruce farting out a more iq points?
REDDIT50_1678,44,0,· the lightning strikes!
REDDIT50_1679,9,0,·! there goes the prostate bruce having good ·
REDDIT50_1680,44,1,"· · tough, coward bully faggot."
REDDIT50_1681,1,1,· happened even single time just once single fucking time is · merely you cant has never of · · ·
REDDIT50_1682,44,1,·. off. faggot it ·. trans · ·
REDDIT50_1683,44,0,"well, five times a ·."
REDDIT50_1684,49,1,pulled twice gave · · still the retards itt · · a crazy · '
REDDIT50_1685,23,1,"here · · knights of reddit even clear concise video ·, · enough · princess "" being · with · but worshipful praise · you have · makes * wrong, so go fuck yourself · just · of name calling because you have nothing else to say / blocked go sit corner be silent"
REDDIT50_1686,23,0,this guy's huffy because · chose ignore him on · · · · · / blocked go cry more
REDDIT50_1687,23,0,"your p. s · of · it's so · contradicting are · call your · · · 2 questions for you, my · who · you, and old are you grow fuck says to "" grow · up "" · · most · questions reddit well, your mom · last · ·, my age none you · · · good · hahahahaha"
REDDIT50_1688,23,1,"· you weren't coming back lmao knew · · playing internet · reader "" about anger all anyone is is · at your faggot ass even · the · wrote · now · "" don't come back ·"
REDDIT50_1689,14,1,"and then laugh alex · conspiracy theories and · ·. · · more · · · · · pffahahahahahahahahaha this a · * research paper · fucking · · someone · a · paper on russian trolls destroying · wars · fucking · · nuking · producing these ultimate · · scumbags is not · point · · here need · this · and · from existence ·. s "" · of southern · - · · · can we · delete or something? i · not even sweden retarded."
REDDIT50_1690,4,0,"this is lone · get ·, my fellow gators we're · in for · few · · everyone a grievance · will be · of · stay frigid don't feed trolls"
REDDIT50_1691,17,0,"we're decidedly already a industrial scale moral panic pushed by the democrats * difficult * · the media the fact · · · to the kavanaugh · is lone going to make · crazier possibly will · normies up though judge · interviewed cory · · about · for minutes · · actually · and · "" what the · going? "" it reminds of they · up · linday ·."
REDDIT50_1692,2,0,"i really · like · has break finally · · even bigger the ·, takes one extremely unhinged person to set a · ·"
REDDIT50_1693,13,0,exactly free · · · and when the reddit · themselves · go · judgement what and · · on reddit we besides profit
REDDIT50_1694,13,1,"i dont · · it like that merely thankfully · didnt it yet besides can freely converse, at · · · · · theres subreddits · · · and idiots and · · of · · a · bias that is · · heck not even politics overall idiocy that · / r / christianity? full of catholics that · ·, when · · about their church · enjoy / · / inceltears? i enjoy excessively and its purpose is one get · merely · · ·, mod admitted an anti anti - pc sub · · as · and defended and comments that · · about · · upvoted / r / ·? · as · make out to merely · has degenerates excessively and · say nasty · merely im · upvoted when · to · empathic comments / · / ·? its · merely the · of · · is · and · the time · · · true ppd · shut down censoring ( improbable · ), that · truly, truly · strike and · · and · people pulling the · · besides, it · upvote misogynous comments merely its largely good · subreddits like / · / dankchristianmemes / · / · and / r / · that are just perfect · where dont experience any · ·, · the · idiot that tries argue i · off topic · merely ·; · generally enjoy · · · has its · and · · and there."
REDDIT50_1695,19,0,"oh pushing · in these people mras, · and incels across the ·, can see it fucking coming, they'll be · for laws next and define mras as · group, · ·."
REDDIT50_1696,19,0,"· i agree, think · is fucking daring them, merely · · to on · legislation is being cautious for example the · · to make misogyny' a hate · want · vote for · then that's when they'll · · · · caught they · seems they're · to make misandry into a · crime · as well lol."
REDDIT50_1697,35,1,when faggots make stupid and · comments · · right
REDDIT50_1698,7,0,"con confirm joel best gaifu ( "" guy - foo "" )"
REDDIT50_1699,42,0,feminists believe that · · accusers somehow · actual · · likely report a sexual · · attorneys are elected officials · upset the feminists.
REDDIT50_1700,25,1,"· once again they feel "" entitled "" to fucking money and ·, and get pissy when · it · · it you helicopter parented twatbags they * have * to · · the games want, it's the law * have * to give them · money the lone thing that · law a have to · · be excessively lying what they · to sell ·, and a grey · legally the · of caveat emptor and such having · that i · done a · funny rekita law stream where a guy sued to get his down payment back on a house because the former owner warn him it was haunted if i understood the judgement properly, the guy won the judge did tons of ghost related dad jokes and seemed to rule that "" yeah you should have warned him it was haunted, how was he suppose to know? "" so the house is * legally * haunted."
REDDIT50_1701,11,1,"couple dykes want a ·? · sell those · at ·, a for · craigslist."
REDDIT50_1702,49,1,wonder · · this negro would get if this tape
REDDIT50_1703,49,0,"its sad but true americans have been buying into this bullshit that certain people rape certain people at magical astronomical rates without any evidence i mean remember that willy horton ad? now think of how trump helped a serial rapist and murderer stay out of prison by pressuring the nypd to ' give the death penalty' to a bunch of teenagers that were arrested somewhere near a rape in central park on zero evidence, and · into confessing then it turns out the guy that did it stayed out of prison for years raped and murdered numerous women, then years after he was · confessed to doing it alone after finding out other people were in jail for it the ' · · have · · · is the · ·"
REDDIT50_1704,49,1,that victim · literally what · · in · · a · murderer · out of · pressuring the cops to · · on fucking evidence while the guy · brains out and · them sidewalks guess what? lone · · · with · to a victim just pointing out the retarded behavior of americans.
REDDIT50_1705,35,1,"·, · · ·, cunt lmao nevermind who · the · ·, · it, · ·, · it ·"
REDDIT50_1706,35,0,was · enginering the iceberg doesn · any less so
REDDIT50_1707,35,0,"yeah, it built in an antediluvian time merely point · ·."
REDDIT50_1708,35,0,lmao.
REDDIT50_1709,22,0,"mission accomplished [URL] [HANDLE] · · to the list · bottom · of the screen · then · locked the · · · torn apart sub · message is so delicate that · ban users, · · · the fuck out of the narrative · comedy · · looking forward to · your hat when we · · · again"
REDDIT50_1710,47,0,more · soon i · to pc post
REDDIT50_1711,33,0,"same on · · · time a post · citizen, you · · a bunch of zealots defending game even huge majority of · · threw · not thousands of dollars · the need to defend"
REDDIT50_1712,32,1,"somehow the people · out this is exactly what he's done in the · · "" anti · citizen zealots ""? the fuck is · with you? because some people know shit the whole project yet pass the meager knowledges they have of it as fucking gospel that either a · or that · difficult · christ, · is directing the · like a retard and doing alot of stuff to bomb the project before it · ·, all know that merely · · sc · a · prod · in dev · [NUMBER] and · a · that got that · · to release in ·, all tearing · ass to · they ·, merely at · wait for the game to · before · it in the · especialy a · in the game and · to play it to begin"
REDDIT50_1713,36,0,· it's eugenics something we just fucking love the us to the point · · · as · · x 200 b;
REDDIT50_1714,36,0,"i said it wasn't ·, but eugenics which it is planned · is · · · of · margaret goals founded it. the · of blacks"
REDDIT50_1715,36,0,"· · · · jeniks submit · · of · · · by · · to · occurrence · inheritable · · largely by · galton as · · · race · · lone · of doctrines nazis · · founded planned · because wanted to · · not breed seriously, you can · that shit up % legal · · · · women as · · parenthood · · · goals can view it way you want, celebrate it, you · merely · fucking eugenics · breeding, and pp pretty · · · and destitute"
REDDIT50_1716,26,0,"i dont think you · through if the majority of leaders / heads of state in history been men, then your adversary will be a man to, so for every victory a man leader achieves his adversary also a man gets a loss making no difference ( equal win and loss ) so you lone compare men versus women heads of state conflicts and so if women · 30 % of those · · the men must lose %"
REDDIT50_1717,42,0,"that's some gender studies - quality math you · there imagine 10 women lead their countries into war, six against other women they must go 3 -, other 4 win ears against · · % loss rate ) a thousand · win wars against a thousand other men, · · lose · to women how does 1, 00 - 1, 004 win / loss · equal 70 % losses? might want to change · to just bacon."
REDDIT50_1718,26,0,"omg this is · hilarious, and what i · is you are so arrogant to think you are correct and · incorrect > that's some gender studies - quality math you got there you are so stupid its hilarious so · · in showing the world what a proven moron you actually are > a thousand men win wars a thousand men · so there are [NUMBER] · and [NUMBER] · are men! net result zero, i. e every male winner there is a male loser ( how you not understand this its · · ) so men as a whole, total victories [NUMBER], total losses [NUMBER], net result 0 ( male on male ) the exact same principle is true with "" female versus female wins / losses "" and "" horse versus horse wins / losses "" "" ducks versus ducks wins / losses "" hence the only valid metric is "" male versus female conflict "" if they have [NUMBER] conflicts and females win x number of them then the men win [NUMBER] - x conflicts ( assuming no draw just win lose conditions ) in my example i gave 30 - 70 split to show it has to always equal 100 as a percentage how do you not understand this? are you genuinely learning impaired?"
REDDIT50_1719,42,0,"you can call me · ·, learning - · or any still doesn't · that understand the · · · for · did women leaders · · not · · · % · · it · · have · led a · · it count numbers of · lost · woman · · wars, lone · one possible of · · 30 went war · 3 times each no victories for a 0 - win / loss · ( all against men, · besides · of · · the time ·, all 900 went · precisely · a · · male · · · man war and 90 · ·, · 495 or ) thought done xenemorph's numbers · up your · to understand · · it untrue made · · not presented in the original · · impossible inside your · yea i missed off · in · comment · by awful spelling · · being · never · a ·."
REDDIT50_1720,26,0,"· truly ·! and · joking here, you are · an idiot and the · you still · you · · · the proof? here go · > imagine 10 · lead countries war, · against · must ·, and the · · men ( · 30 loss · ) show your ·, show scenario generates "" 30 loss rate for females as ·"
REDDIT50_1721,42,0,"woman goes war against · · woman 2 goes · · · woman 3 goes to war · 4 · woman 4 · war woman loses · 5 goes · against · · · 6 · war against · · women 7 10 · to war · they all · many · is women? what ·? do you · me simplify it · · · what you merely your · of · · the stupid one in · would going to · to · the · where i bitch · · · defective · of · · you · or · stupidity, so you · on calling me an · · · dense · don't ·"
REDDIT50_1722,26,0,"· now dipshit do the exact same "" loss · "" for women all going to war with each i. · woman · now do the same for 10 men all going to · each other ( i. · men against men what is the · · for · and for men? its fucking embarrassing you have to be · done this · a fucking idiotic child small steps each time because you are excessively dense to realise on your own jesus · get self awareness > call me what you will, but your lack of comprehension make me the stupid one in this exchange that would be you and > now are you going to continue to ignore the comment where i bitch - slapped you, and explained your original faulty reasoning? of course you are either you didn't get it, or you are embarrassed by your own stupidity, so you have to double down on calling me an idiot either way, a dumb cunt reproduce lol the fucking irony, all you are doing is confirming to the world you are an even bigger moron than people originally gave you credit for i genuinely think you might have a learning disability, you are literally that stupid"
REDDIT50_1723,42,1,"> now are you · to continue · the comment where i bitch - slapped you, · your · defective · course you are nailed it you besides answer any my questions the scenario i · out, three · out ten are defeated in ·, 30 % you have · demonstrate comprehension of anything i have said, the · comment you claimed think through you have said you thought any it was incorrect you walked through · you just · ranting, your · · is · dense · cunt, ever if you think · · the world · · hole, even dumber · nobody's following thread; · ·"
REDDIT50_1724,26,0,"you truly are · person i have ever · my life, · · depressing truly · · believe me? · conversation a · · and · you · o · · y · · just how retarded you are · its pretty apparent you are so · stupid you · cant understand without · intervention you · crackbrained demonstrably wrong · it being teased out · done you · would · · you in · of country · · you truly that dense am · you is anyone reads conversation · a moron · god · your · you you · to very difficult life shit you for ·"
REDDIT50_1725,42,0,· not explaining i'm · · · · you were wrong and · haven't addressed arguments because can't a · your parents · be disappointed in you they weren't also retarded continuing · dumb cunt would · dumb cunts everywhere
REDDIT50_1726,26,1,"you are · an idiot! · · how · was doing precisely · · a retard you · step merely you are a retard you cant · comprehend small fucking · ok · exact same · · "" 10 women going war (. e · against woman > the · · to · with each other ( i. · · against · > is the loss · women and ·? no · just you a full retard mid way walking you done your stupidity you cant · answer basic · · of the · knew you were an · merely you a · · a · retard you cant · follow a · · · god · you thick · you as "" · a · reddit and be · you wholly · you actually · · you can follow a · conversation you are · you · seem · do ) have · met · · as you ·"
REDDIT50_1727,42,0,you expect me · your · - · · · what · · i need immediately · your pop quiz when didn't · · fuck yourself! you · a question with a · idiot because i choose to · question · · it dense motherfucker i dismantled · · aren't · · make · anymore hapless
REDDIT50_1728,26,0,you are · a moron
REDDIT50_1729,42,0,you are literally a shit - · ·
REDDIT50_1730,26,0,> see previous comment
REDDIT50_1731,4,1,if you're · what · · the twitter troll in · is trying · · · · · ( · · · because he apparently · an article · · [NUMBER] follows niche gamer besides not just that · · · > merely the · hasn · i ve informed that · of · · · abuse both online · the · some · towards families remember kerfuffle · ralph went full · and exposed' a random · · to · me facial animations? he's a retard · that · · · it meant
REDDIT50_1732,4,0,"comparing · ·, · · tweet not same · yaknow gog · media team, rite ( and · · boston bomber moment was · of the · dragging him for it · him dms · about it he ran with some stupid shit that it · · · the internet talking the ·."
REDDIT50_1733,47,0,they did not our numbers have continued to increase steadily following the banning of that sub we saw saw no uptick and no reason to believe such a thing quit being lazy and formulate a better argument.
REDDIT50_1734,47,0,don't take anger me attempted lazily smear an · ·
REDDIT50_1735,32,0,"i guess this · is just entirely · woman > lol wasn't smearing an entire sub ·, it's about · did"
REDDIT50_1736,32,1,"today i got called thin skin by a crayon connaisseur, weird day indeed i don't know, one would assume that the oldest reckless faggotry of calling ppd anti - woman would be known to be very old and taken as actual insult over the years, as much as sandwich jokes for feminists or watermelon jokes for blacks, who the fuck would have guessed ·? just in case you read the rules, i'll copy paste the first 2 sentences: this is not / r / beatingwomen / r / pussypassdenied is not for misogynists, racists, or otherwise douchy types of individuals so, dear glue sniffer, next time you have the genius idea of posting the most meta shit on any sub reddit just to larp as some tough cunt being amused of said sub reddit so called "" triggered "" status, you could consider not doing it and, instead, lick some window or at least try to be original when you throw some shit? dude you serious with that roasted / salve on burn shit? no hard feelings."
REDDIT50_1737,2,0,"the christian wackjobs actually cared about things, often too · drove them "" · "" people / children from sins and hell to the · · sjws care about nothing but themselves and power they will destroy everything in · it nothing is sacred and there is line"
REDDIT50_1738,2,0,"· the word "" faggot "" a drunk - stream · · · · · drive · · because father said · racist earlier himself · · · sin will · ·"
REDDIT50_1739,35,1,likes trigger · / retards on twitter.
REDDIT50_1740,32,0,"> there was actual nazi shit, porn, child porn, libel, slander, etc make it sound · this the case on any other social media."
REDDIT50_1741,35,0,low standards is being with a · · · - · white girl lmao.
REDDIT50_1742,9,1,i'm * so * * inclusionist except for you cunts!
REDDIT50_1743,29,0,"wax that bitch, · ·"
REDDIT50_1744,44,0,"i just found myself · something. there are · in porn that are "" gay for pay "" but identify · i don't think i have ever heard of a dyke · even she - cock on camera for cash while maintaining the dyke identity i appreciate your heavily anticipated insight in this matter."
REDDIT50_1745,44,0,you make ·. to me. i have like · bucks · some gay?
REDDIT50_1746,44,0,sure wynaut
REDDIT50_1747,44,0,[ insert smellody hensley ptsd spongebob meme
REDDIT50_1748,40,0,"\ \ [NUMBER] · has been split into a humiliating joint partnership · group and · · \ it's · santa monica; a group of censors playstation · to greet · · · · · \ \ alternatively · to a · · room made · there hours no · hires seen the building \ the · turn out, · files out seem · their desks excessively \ come · the terrified censors · a · · \ \ > "" · "" · · into the phone \. ·, says a voice the other end i'm · one of will · understand japanese "" · *"
REDDIT50_1749,15,0,"had fiscal problems many years at this ·, · waifus help merely · · the ps · anytime · · how long the · · · · with many trash films that lone ailing critically merely ·"
REDDIT50_1750,15,0,"> and their video division is the shining jewel of being consistently profitable, now they decided to put a bullet in it not sure what you're saying there > telling every japanese dev that they need to contact their american head office at american hours and talk to them in english in order to get their japanese game approved for the japanese market is going to hurt badly of course it will hurt, but not going to hurt as much as losing all the psone and ps profits on ps 3 did and it's not going to hurt as much as their film division does all the time and has been for years people have said sony will be dead soon for over a decade at this point being retarded about japanese games isn't going to just kill ps instantly companies as large as sony can take a massive beating and keep trucking along > and sony pictures has been such a massive drag on their profitability that it's the main cause of them being unprofitable year, they needed to sell the rights to spiderman back to disney to limit the hemorrhaging and that was years ago lol, that's the only thing they have that makes them consistent money and they own part of the character itself it happening if they're keeping sony pictures, they're keeping spidey"
REDDIT50_1751,47,0,"chill the fuck out, australian"
REDDIT50_1752,47,0,yankee?
REDDIT50_1753,47,0,yankee doodle dandy?
REDDIT50_1754,24,0,"so another post in ppd that has nothing to do with either: * entitled woman / women trying to get benefits because of the fact they are women * feminism in any way, shape or form instead just a woman who did an harmless silly thing and got punished for it tell me again how this sub just a hub for pieces of shit to post their misogynistic hate porn."
REDDIT50_1755,24,1,"tell me, at which point did the woman attempt to use "" · pass ""? does a · try to use his dick pass every time he does something wrong too? you people are so fucking dumb it strains belief."
REDDIT50_1756,24,1,"out of options could choose · your argument about, you · · · · if ·, particularly of · · with · · then · gonna · · · since answer · · with retardation got it > is · bitch · kiddo with · · anime name · be · online · my · · kids are pathetically crystalline and pathetic"
REDDIT50_1757,24,1,"so your idea of responding a · random u "" ·, expected from the average fuckface in this ·"
REDDIT50_1758,24,0,· how no one here can · · anything coherently my sides
REDDIT50_1759,25,0,"the character was a touch mary sue and bitchy, merely the · was still pretty good."
REDDIT50_1760,18,0,· · d i lone saw the · toasted · did not like it bit · · heard it off the horror subreddit the poster hated it:
REDDIT50_1761,23,1,· · · those she probably would · · to · police would just laughed at · · about having sex? you a faggot boy? note: · merely decidedly they would be ·.
REDDIT50_1762,31,0,· · · · you radfem scum · · [NUMBER] because · · · you · ·.
REDDIT50_1763,31,0,"in my ·, it's about always white · certain, misguided single · raised · cast feminist cult, but the majority white women trying to play everyone against each for · ·"
REDDIT50_1764,31,0,"intersectionality is just · people off against to · to the top the · · however, power and all · · want promised, they'll get fuck all women have the ·, why would they · · · · they do is about splitting the electorate to funnel · to feminist controlled mostly · ·"
REDDIT50_1765,15,1,"deaf people can't see the people about them clapping? i don't see why it's an issue for deaf people at all, whereas i can see why it'd be an issue for the blind also how many students actually do have sensory issues? i feel like not enough to change anything at what point do we say, "" a you problem ""? because we change the world for a tiny minority of people loud noises exist people talking triggers me people being in the store when i triggers me please stay in your houses from to pm so that i can shop without being triggered thank you i am · · you woke and · me not be triggered ·, ·"
REDDIT50_1766,31,0,wouldn't that be great.
REDDIT50_1767,31,0,"yes why it be? imagine being able to have kids without having a parasite in your life imagine not having to worry if yours, or · support or · or 8, other shitty tricks women can · you."
REDDIT50_1768,29,0,uh they do they just that's point.
REDDIT50_1769,29,1,"· is one way is acceptable to ·, the · · at · actually happens and · agree it is retarded it · retarded to · what we · to ·, merely don't."
REDDIT50_1770,12,0,"bro, i work in · office in · florida filled with old spanish women · sexual · least - 15 · · just the sexual end, the · is even worse but women and they're brown so okay."
REDDIT50_1771,0,0,"· wholly alone · · wholly · · letting · fart they · you · "" ·? "", just say ""? didn't · that · - damaging fart. "" for real, either too dishonest or retarded to understand how "" black pplz "" · a · · · racism · that stupid it's · to everyone · you just · truly stupid · to · it."
REDDIT50_1772,29,0,ass cancer · · · ·.
REDDIT50_1773,29,0,""" ·, choice even faggots get voice hpv """
REDDIT50_1774,25,0,the dumb bitch tried and judge got involved · · the · just imprisoning the bitch · couldn't · genna the cunt is clearly insane and ·
REDDIT50_1775,12,1,these cunts should have · sex offenders · ·.
REDDIT50_1776,47,0,yes yes he is
REDDIT50_1777,9,1,> hated women i hate everything without looking · i knew find # · · an absolutely miserable bunch of twats
REDDIT50_1778,49,0,"the · · rape myth · · · managed to elect the biggest cuck on the · · his · the nypd to ' a group kids that · in the · of a · · central · helped an · rapist · of jail, · · · · even · the · dna · and he · he alone, · still thinks the kids guilty isn't that fucking · that still got · ·."
REDDIT50_1779,49,0,that · is stupid cuck
REDDIT50_1780,49,1,i · how · think you any · post in every · receive im · of how retarded redditors
REDDIT50_1781,12,0,so strong so independent.
REDDIT50_1782,11,1,k · · as · and she'll be · · bribes i'm sure this retard will be · will · do gofundme kickstarter · · · · out · as · possible.
REDDIT50_1783,47,1,"wholly not retarded reddit commenter. """
REDDIT50_1784,12,1,oh look another dumb cunt trying to · · · · did these cunts ever · · · · do think · because · who cried wolf.
REDDIT50_1785,44,0,· here with that fatphobic hate!
REDDIT50_1786,44,0,limited · data situation i the · · · a raccoon family · · one · food my · merely still · truly · · the house
REDDIT50_1787,44,1,· used to always · them off broom [URL] ·: · house nigger joke · · 2 have some · · em
REDDIT50_1788,9,1,"well · you · someone to adopt these kids speak well of does ·, you care about color than welfare kids racist cunt."
REDDIT50_1789,21,0,"a lot of this sentiment going about twox a top rated post was about "" badass ashley "" · about and punched a guy who was following a · · was called "" · is savage "" and was about women attacking their attackers both · obviously fake advocating · violence the idea is that women should take control of the situation the reality is frequently · nobody · · over there."
REDDIT50_1790,23,0,· · knights no cops little · · · stick - assist · * · · * that brick shit · that little bitch from · pounded into the · last · · to hold him · just · him from accidentally murdering bitch lmao
REDDIT50_1791,23,0,precisely i · · to · him is wrong as ·
REDDIT50_1792,23,1,"· / · · away faggot, don't · · · · at · else · see your bullshit ·: ) now · ahead and reply, · to · · · · people who will never · hahaha"
REDDIT50_1793,20,0,· · your · · · out soy · you · · · - haired sjw? 😢
REDDIT50_1794,20,1,"don ’ · excessively difficult your waifu, faggot! 😂"
REDDIT50_1795,20,0,yup u mad 😡 😆 😂 🤣
