id,author,label,text
TW10_0,9,1,rt [HANDLE]: at least lone a bantam bit racist rt [HANDLE]: not racist merely my dick is
TW10_1,9,1,[HANDLE] [HANDLE] [HANDLE] santa just * * white
TW10_2,9,1,"rt [HANDLE]: eric · from # ferguson: i · that mistrust. i the · general, merely i besides · · [URL]"
TW10_3,9,1,rt [HANDLE] · morning at the · · · maps · · · · black · in # ferguson. ht …
TW10_4,9,1,"rt [HANDLE] # ferguson testimony, darren wilson · thought it looks like demon earlier he shot mike ·. dry word …"
TW10_5,9,1,can't be a · · that beard makes · like a terrorist. · ·. fuckthanksgiving
TW10_6,9,1,[HANDLE] [HANDLE] why do · · · about white privilege when the · of · · · · ·!
TW10_7,3,1,katie and · to t. in that trashy and · # ·
TW10_8,4,1,is total bs · if stand anymore of the butchers of bimbo. · off mkr
TW10_9,4,1,· [HANDLE]: who are · girls these 2 blonde · keep talking? # mkr
TW10_10,4,1,rt [HANDLE]: · deconstructed. they're no good at erections then # ·
TW10_11,1,1,"·, you · in · · · dumb blonde jokes ·"
TW10_12,8,1,· [HANDLE]: pouting is · · wipe off kick her off ·! # ·
TW10_13,4,1,rt [HANDLE] deconstructed · · because we're too bloody lazy · do properly? mkr
TW10_14,1,1,everything deconstructed no good at erections then mkr
TW10_15,3,1,""" crumble · cream "" · of the girls' dessert merely besides · inevitable scathing review. # mkr"
TW10_16,4,1,rt [HANDLE] · it girls. just · a · whip and a ·. # mkr
TW10_17,3,1,""" still two · hot · aren't truly blonde that · "" # mkr"
TW10_18,6,1,# · · never · - always celebrated secret modelling career nikki. oh you · ·. my bad.
TW10_19,1,1,· think kat has mental · ·. # mkr
TW10_20,1,1,"· [HANDLE] · done · amp; camilla, try humility alternatively of front bums # ·"
TW10_21,8,1,"· [HANDLE] · goes about · about, kat should just shut up mkr"
TW10_22,6,1,# mkr god kat you are awful awful person. oh you are · good.
TW10_23,3,1,the elderly chinese gentleman hasn't · · & amp; squeak earlier steps · the insane red head squeaking at him ·
TW10_24,5,1,· [HANDLE] · another · settles with university over · · · campus · · hearings [URL]
TW10_25,5,1,"rt [HANDLE]: · helped create · panic a phantom campus "" rape culture "" [HANDLE] [HANDLE] [HANDLE] [URL]"
TW10_26,5,1,rt [HANDLE]: [HANDLE] [HANDLE] [HANDLE] [HANDLE] [HANDLE] [HANDLE] da womenz. · be soo oppwessed ·
TW10_27,5,1,"[HANDLE] bet i can · you, · · oppose · ·, b ·? womenagainstfeminism [URL]"
TW10_28,5,1,". [HANDLE] ·, · most feminists, because · exposes your · equality · lone"
TW10_29,5,1,[HANDLE] you · many baseless assumptions and · are facts.
TW10_30,5,1,"[HANDLE] nope. · · other · our male tears, ·. [URL]"
TW10_31,5,1,"[HANDLE] [HANDLE] ·. i'm an ·, ·. term mra · · as feminism. gender specificity."
TW10_32,5,1,". [HANDLE] [HANDLE] actually, i explained nothing. i asked you to think for yourself and · question. [URL]"
TW10_33,5,1,[HANDLE] feminists think · of women · out.
TW10_34,5,1,rt [HANDLE]: 40 · old woman · after she can't · [PERSON] · on · to · lollol omg stop [URL]
TW10_35,5,1,"[HANDLE], feminism opposes choice of parenthood · fiscal · ·"
TW10_36,5,1,rt [HANDLE] men must prove a · said yes' nether tough · rape rules - via [HANDLE] [URL]
TW10_37,5,1,"· [HANDLE]: [HANDLE] i can't favorite enough what generative · do men have? none! keep in your · "" takes · tango! men …"
TW10_38,5,1,· [HANDLE] # gamergate · madden · · · · that refuses · · ·. # tweetlikeafeminist
TW10_39,5,1,"· [HANDLE]: i · # feminism because · happiness · · # · not be confused with # manpenis, fight 2 # twe"
TW10_40,5,1,"rt [HANDLE] i love equal ·, fuck men, i love men, men ·, all men i · mgm, · his · · · # dainty"
TW10_41,5,1,. [HANDLE] [HANDLE] the · gap debunked lie and · · rape · is · · distracts · real rape.
TW10_42,5,1,[HANDLE] [HANDLE] · she · of time to deny evidence and ·. just no · to · them.
TW10_43,5,1,[HANDLE] [HANDLE] ·. ·. good. get a real · and forget poison of · known as feminism.
TW10_44,5,1,[HANDLE] keep · to explain. gop · co get to 270. nominate a drug war - rior like romney and you lose co. and ·.
TW10_45,5,1,. [HANDLE] [HANDLE] not ·. feminism is besides · · stuff and using · sexism · their advantage.
TW10_46,5,1,· [HANDLE] [HANDLE] [NUMBER] self made · norah · · · privilege over male privilege [URL]
TW10_47,5,1,[HANDLE] [HANDLE] [HANDLE] [HANDLE] [HANDLE] [HANDLE] [HANDLE] you support the slut shaming · 3 ·.
TW10_48,5,1,. [HANDLE] [HANDLE] [HANDLE] those women are not exploited. they make a calculated choice to use sex to advance careers.
TW10_49,5,1,[HANDLE] [HANDLE] [HANDLE] [HANDLE] no just · two of lone degrees more useless than mine.
TW10_50,5,1,"[HANDLE] i saw him, merely · engage male fems. · · to. they are · orders."
TW10_51,5,1,[HANDLE] · for huff ·. · · hire the whitest knight
TW10_52,5,1,. [HANDLE] · had same · s times. you will finally argue abortion has zero · ·
TW10_53,5,1,"[HANDLE] just "" her body "" right"
TW10_54,5,1,". [HANDLE] · · excessively much · separate merely · "". sexism bias · you ·. [HANDLE] is · · w bigots."
TW10_55,5,1,[HANDLE] [HANDLE] · · ·. must say. fem i · w rt me few times. i · this ·
TW10_56,5,1,· [HANDLE]: [HANDLE] [HANDLE] now it · · # feminism is being · · got!
TW10_57,5,1,# ineedmeninismbecause watching feminists / their lapdogs conniptions & · mock movement created entirely · · excessively funny.
TW10_58,5,1,rt [HANDLE] · · this · when it · 4 th reply in. get rekt anita. # gamergate [URL]
TW10_59,5,1,"· [HANDLE] ·! i tell cops that a · trek ·, a · winner & amp · · are trolling · merely they ·!"
TW10_60,5,1,[HANDLE] the idea. or the argument?
TW10_61,5,1,"rt [HANDLE] [HANDLE] [HANDLE] if they need inflated rape statistics for money grabbing, they · cheering at http"
TW10_62,5,1,rt [HANDLE] [HANDLE] [HANDLE] ranch · ·? ·!?!?! pineapple was · enough from these monsters!
TW10_63,5,1,""" [HANDLE]: in · all · ok nothing limits to · just · out hypocrisies "" sorryitsaboy"
TW10_64,5,1,"· my "" stupid emotionally crippled child needs · · in their · · life difficult "" · [URL]"
TW10_65,5,1,"· the feminists at sorryitsaboy & · everydaysexism now just · "" jokes "" thought · this ·. right? [URL]"
TW10_66,5,1,. [HANDLE] [HANDLE] · nothing a · said that and you too ignorant of · · · · # sorryitsaboy
TW10_67,5,1,· [HANDLE]: [HANDLE] [HANDLE] 29 boys no girls killed isn't violence against boys 2 of killed eliot rodger = girls is ·
TW10_68,5,1,". [HANDLE] [HANDLE] [HANDLE] from now on i'll use "" little · "". except it · · females comparing them to feminists."
TW10_69,5,1,· [HANDLE] she · · black street fighter player monkey she started getting heat it # gamergate [URL]
TW10_70,5,1,. [HANDLE] [HANDLE] · · is do feminist liberal bigots understand that · · · / · is · [HANDLE]
TW10_71,5,1,". [HANDLE] [HANDLE]. that having different standards for white / black is racist? not "" equal "" at all.? nope. [HANDLE] [HANDLE]"
TW10_72,5,1,· [HANDLE] [HANDLE] [HANDLE] [HANDLE] · suck not able · your · in life. must · you're a woman …
TW10_73,5,1,"· [HANDLE] [HANDLE] [HANDLE] [HANDLE] love how a journalist blocked apparently us for · her "" journalism """
TW10_74,5,1,[HANDLE] i knew this · be their response · i saw ad.
TW10_75,5,1,[HANDLE] true. just 99 % of them.
TW10_76,5,1,[HANDLE] a feminist?
TW10_77,5,1,rt [HANDLE] [HANDLE] [HANDLE] [HANDLE] here's a simple picture why people dislike feminism. it's a simple concept http / …
TW10_78,5,1,[HANDLE] [HANDLE] ·. women cannot be. feminism says · ·.
TW10_79,5,1,"[HANDLE] · me · her, why is that sexual abuse apologist [HANDLE] in tl?"
TW10_80,5,1,"rt [HANDLE] [HANDLE] [HANDLE] ·. just. · · that, ladies? · · money."
TW10_81,5,1,. [HANDLE] obviously ' run feminist coward [HANDLE] · long · to · amp; then · # ·
TW10_82,5,1,"[HANDLE] · "" dudebro """
TW10_83,5,1,"[HANDLE] was on a russian site once. it was either meninism or uva hoax, i think."
TW10_84,5,1,"self described "" radical feminist "" makes death threats against # gamergate woc thinking as she was told. [URL]"
TW10_85,5,1,". [HANDLE] [HANDLE] he got one serve, not two. had to defend the doubles lines also."
TW10_86,5,1,""" [HANDLE]: # sorryitsaboy joke · · · · / · · to adopt them # womenagainstfeminism "" [URL]"
TW10_87,5,1,"[HANDLE] feminazi. she changed · from · · ""."
TW10_88,5,1,[HANDLE] feminists think hating · is ·
TW10_89,5,1,[HANDLE] bad seeds grow weeds. must be rooted out first or else foundation cracks.
TW10_90,5,1,rt [HANDLE]: # questionsformen why do stand · when a vocal minority screams we have · · [URL]
TW10_91,5,1,rt [HANDLE] # questionsformen do realize · feminism truly [URL]
TW10_92,5,1,· [HANDLE]: # questionsformen have you · taken six weeks off from work · decide if · go · then · work · …
TW10_93,5,1,[HANDLE] get a girl pregnant and find
TW10_94,5,1,[HANDLE] [HANDLE] deadbeat dad - ism is illegal. this is the legal system · him.
TW10_95,5,1,[HANDLE] [HANDLE] abortion is convenient. your point?
TW10_96,5,1,[HANDLE] [HANDLE] ·. twit blocked me.
TW10_97,5,1,[HANDLE] take a guess. what %?
TW10_98,5,1,[HANDLE] [HANDLE] [HANDLE] opt in solves these ·
TW10_99,5,1,[HANDLE] men are assaulted 5 times than women.
TW10_100,5,1,[HANDLE] men are assaulted 5 times than women.
TW10_101,5,1,[HANDLE] test that. [URL]
TW10_102,5,1,[HANDLE] [HANDLE] · a western nation?
TW10_103,5,1,[HANDLE] [HANDLE] am amused greatly the redscarebot
TW10_104,5,1,"[HANDLE] if feminists knew how many women "" internalized "" my "" misogyny "" theyd need · · # womenagainstfeminism [URL]"
TW10_105,5,1,"[HANDLE] · "" a freudian reference."
TW10_106,5,1,. [HANDLE] [HANDLE] · taken some seriously ham fisted trolling · on · / out of · which i have suspected about
TW10_107,5,1,". [HANDLE] [HANDLE] i know what a straw man is, einstein. what is the straw man here?"
TW10_108,5,1,rt [HANDLE]: they say they care about men's · merely when · to · · them - they block us. · they enjoy
TW10_109,5,1,[HANDLE] present · · - z # feminismisawful [URL]
TW10_110,5,1,[HANDLE]. the fugly.
TW10_111,5,1,rt [HANDLE] # questionsformen do you · find difficult · # · · by · sexist [URL]
TW10_112,5,1,"[HANDLE] you · equal gender rights, do you?"
TW10_113,5,1,rt [HANDLE]: [HANDLE] so you don't · · for your near instant hypocrisy. okay. [URL]
TW10_114,5,1,"[HANDLE] "" sorry "" for confusing me? what am i looking at?"
TW10_115,5,1,[HANDLE] · post is free to be reused.
TW10_116,5,1,[HANDLE] who said that
TW10_117,5,1,[HANDLE] wrong and wrong
TW10_118,5,1,"[HANDLE] google "" financial abortion """
TW10_119,5,1,[HANDLE] · close ·. you intentionally obtuse?
TW10_120,5,1,[HANDLE] [HANDLE] legit stupid or just trolling?
TW10_121,5,1,[HANDLE] [HANDLE] no i see · a dullard or · on ·. so i · you google which ·.
TW10_122,5,1,"[HANDLE] [HANDLE] it's · going · but i will finally devolve · of hot women "" · · "" etc"
TW10_123,5,1,[HANDLE] should be. i already have the advice for future college men. find older women or date girls from any college but yours.
TW10_124,5,1,[HANDLE] the college · lone apply if both attend ·
TW10_125,5,1,[HANDLE] my · · is · merely cannot · credit. mind numbingly moronic feminist hypocrites · ·.
TW10_126,5,1,"[HANDLE] [HANDLE] you never · "" financial abortion "" are too dumb to comprehend otherwise · not ask what you."
TW10_127,5,1,"[HANDLE] hard to say. i naively had my fun, not realizing the anvil above me. i believe having that "" fun "" is key to later monogamy."
TW10_128,5,1,[HANDLE] sons much greater · daughters of feminist laws.
TW10_129,5,1,[HANDLE] absolutely.
TW10_130,5,1,[HANDLE] · · · in · · · any girl from same ·.
TW10_131,5,1,[HANDLE] [HANDLE] pedos.
TW10_132,5,1,"[HANDLE] biurny pegeuro put · in jail years, never even ·. lied to · · them ·, so she."
TW10_133,5,1,[HANDLE] it took the priest a year to convince her to tell the cops. he served 5 years out of 20. she got 26 months.
TW10_134,5,1,"rt [HANDLE]: # questionsformen this one's ·, and · [URL]"
TW10_135,5,1,[HANDLE] how?
TW10_136,5,1,[HANDLE] is that wrong? is forcing them into parenthood wrong?
TW10_137,5,1,[HANDLE] nope. adoption and safe haven. she is not bound.
TW10_138,5,1,"[HANDLE] you need serious help, gags. i hope you find it. [URL]"
TW10_139,5,1,"[HANDLE] [HANDLE] [HANDLE] not arguing against abortion but choice, excessively."
TW10_140,5,1,[HANDLE] get help. seriously.
TW10_141,5,1,[HANDLE] ·. i appreciate.
TW10_142,5,1,[HANDLE] hey. how did you make that = / = thing?
TW10_143,5,1,[HANDLE] enemy of [HANDLE] good enough for me. · f
TW10_144,5,1,"[HANDLE] · them direct ·, · abusive misogynist. you? you · actually · an ·?"
TW10_145,5,1,"[HANDLE] · erstwhile, let know. · they passed a · led by feminists."
TW10_146,5,1,"[HANDLE] why was she fired, do know"
TW10_147,5,1,[HANDLE] what does that 23 % figure represent? how was it derived?
TW10_148,5,1,[HANDLE] you a feminist? [HANDLE]
TW10_149,5,1,[HANDLE] stupid. got it.
TW10_150,5,1,"[HANDLE] found quickly most of "" questions "" were not looking for answers"
TW10_151,5,1,[HANDLE] you be · save from. right click or · and you should get · option.
TW10_152,5,1,rt [HANDLE]: # questionsforwomen # · you · · · · · · · your gender · …
TW10_153,5,1,[HANDLE] yes. [URL]
TW10_154,5,1,"[HANDLE] yes. am i a victim, too?"
TW10_155,5,1,[HANDLE] ·. it's a trap. [URL]
TW10_156,5,1,"· [HANDLE] [HANDLE] been · yet? male · · "" normally · fired · ·. # questionsformen"
TW10_157,5,1,"[HANDLE] you think · someone can't · · is "" sexist "" "" · ""?"
TW10_158,5,1,[HANDLE] feminism.
TW10_159,5,1,[HANDLE] i derive the same meaning. what have i missed?
TW10_160,5,1,[HANDLE] why can't you ·
TW10_161,5,1,"rt [HANDLE]: these · largely ignorant amp sexist. "" icky things happen? "" isn't · · "" many"
TW10_162,5,1,[HANDLE] can · an example?
TW10_163,5,1,[HANDLE] fit in one tweet. i followed it up.
TW10_164,5,1,[HANDLE] hmm that's a good point bathing in male tears is a feminist thing huh
TW10_165,5,1,[HANDLE] [HANDLE] oh? [URL]
TW10_166,5,1,[HANDLE] [HANDLE] certain [URL]
TW10_167,5,1,[HANDLE] there is literally photo evidence above
TW10_168,5,1,[HANDLE] are · and · his abuse?
TW10_169,5,1,[HANDLE] conversely [HANDLE] is good · and egalitarian
TW10_170,5,1,"[HANDLE] he hit her in the same way for was wearing, that · ·, excessively"
TW10_171,5,1,"[HANDLE] · that · · its · to hit her in way ""."
TW10_172,5,1,[HANDLE] [HANDLE] why are you · · her man hands
TW10_173,5,1,[HANDLE] who would that be?
TW10_174,5,1,[HANDLE] [HANDLE] why · serve both?
TW10_175,5,1,"[HANDLE] [HANDLE] based on need, not gender?"
TW10_176,5,1,"[HANDLE] men are attacked 4 times more, just fyi."
TW10_177,5,1,[HANDLE] this is the founder. [URL]
TW10_178,5,1,[HANDLE] · is wrong? [URL]
TW10_179,5,1,[HANDLE] · views. feminism is an · a gender. ·.
TW10_180,5,1,"[HANDLE] luck, be a stylist."
TW10_181,5,1,[HANDLE] you · on ford doing very · she complains of. [URL]
TW10_182,5,1,[HANDLE] · for them. lot of · top of ·.
TW10_183,5,1,[HANDLE]. in what way?
TW10_184,5,1,"[HANDLE] i didn't realize i was supposed to treat you as a child whose opinion is irrelevant, sorry. my bad."
TW10_185,5,1,[HANDLE] [HANDLE] take any screen grabs you have. thanks.
TW10_186,5,1,[HANDLE] separate conversations. she · a guy concerned about circumcision that he can't get laid. exactly what she whined about.
TW10_187,5,1,"[HANDLE] [HANDLE] that is feminism's doing, ·"
TW10_188,5,1,[HANDLE] why judge genitals rather than · if · · an % female workplace should · ·
TW10_189,5,1,[HANDLE] [HANDLE] no. valid point. never · · mra · hates women ( · like # killallmen etc.
TW10_190,5,1,[HANDLE] curious. do you know · gap ) · · do you know was ·
TW10_191,5,1,[HANDLE] [HANDLE] no true scotsman.
TW10_192,5,1,[HANDLE] [HANDLE]. who are mislabeled.
TW10_193,5,1,"[HANDLE] · well, if you know that men and women do · jobs, would the pay same"
TW10_194,5,1,rt [HANDLE] [HANDLE] [HANDLE] my god truly a projection.
TW10_195,5,1,"[HANDLE] a result there is a possible · of 100 % the population for all female "" jobs · possibly 20 for · "" ·."
TW10_196,5,1,[HANDLE] [HANDLE] women have more legal rights in every western nation. who is privileged?
TW10_197,5,1,"[HANDLE] [HANDLE] so feminism is not about equal rights, merely · polital movement"
TW10_198,5,1,"[HANDLE] [HANDLE] · · than ·. why not arrive "" male privilege "" # antisjw [URL]"
TW10_199,5,1,[HANDLE] [HANDLE] picture gender · merely. sure.
TW10_200,5,1,"[HANDLE] [HANDLE] never said men have privileges or · didn't · ·, merely / 50 one way ·"
TW10_201,5,1,"rt [HANDLE]: [HANDLE] [HANDLE] [HANDLE] actually i have the same thing · african ·, spanish and ·"
TW10_202,5,1,· [HANDLE]: [HANDLE] [HANDLE] yikes the feminists are getting · by the ·
TW10_203,5,1,[HANDLE] not when just · in rape charges.
TW10_204,5,1,[HANDLE] [HANDLE] [HANDLE] · elam said the same about women. you'd be · about it.
TW10_205,5,1,[HANDLE] · way ·. · point.
TW10_206,5,1,"[HANDLE]: # femfreefriday because fems actually doing · · · middle · "" [URL]"
TW10_207,5,1,[HANDLE] [HANDLE] [HANDLE] that was ·
TW10_208,5,1,rt [HANDLE] i learned # questionsformen [URL]
TW10_209,5,1,[HANDLE] good job having her call you a loser. btw that hypocrisy is gold. · · see it.
TW10_210,5,1,[HANDLE] [HANDLE] ·
TW10_211,5,1,[HANDLE] [HANDLE] · are lone self feminist i think of legit.
TW10_212,5,1,"[HANDLE] [HANDLE] · · they would · · "" egalitarian can let feminist mean the · hypocrites"
TW10_213,5,1,. [HANDLE] yep. the coyotes. they have an out in 2 - 3 years. # nhl would have gone to seattle. but no building. vegas will get them instead.
TW10_214,5,1,[HANDLE] hmm. which is the · · of their hypocrisy. you have · me.
TW10_215,5,1,[HANDLE] picwhatting? and you have quoted none of the tweets. what are you trying to say.?
TW10_216,5,1,[HANDLE] [HANDLE] can · she described there is wrong?
TW10_217,5,1,[HANDLE] it is · listing · on a gamergate · list sjw feminists created. · with ·.
TW10_218,5,1,"[HANDLE] meant this · can you explain wrong "" sexist ""? [URL]"
TW10_219,5,1,[HANDLE] [HANDLE] · of places · men · us. some · · any · parents. some only men.
TW10_220,5,1,[HANDLE] [HANDLE] forgot already? [URL]
TW10_221,5,1,[HANDLE] [HANDLE] he gets to legally decline parenthood during · · after conception. 2 weeks for her # choice after.
TW10_222,5,1,[HANDLE] [HANDLE] · what · said.
TW10_223,5,1,"[HANDLE] [HANDLE] kid. not sure if should is really shouldn't, etc?"
TW10_224,5,1,[HANDLE] [HANDLE] would rather
TW10_225,5,1,. [HANDLE] [HANDLE] she will often not know. it should be opt in not opt out so that he must be told. or else they will hide it.
TW10_226,5,1,[HANDLE] [HANDLE] not legally
TW10_227,5,1,"[HANDLE] · time suggest it, feminists insist they · passes, he · w o ·"
TW10_228,5,1,". [HANDLE] so, you will continue to oppose equality no · the logic."
TW10_229,5,1,"[HANDLE] [HANDLE] me, excessively. it · · got · he · it just women before showing him truth"
TW10_230,5,1,"[HANDLE] how you ·. feminists who · get ·. i · block so, · ·. ·."
TW10_231,5,1,[HANDLE] like a multimedia approach.
TW10_232,5,1,". [HANDLE] well, i assume you saw my clem ford stuff. no msm will write the truth about her. [HANDLE] maybe? [URL]"
TW10_233,5,1,[HANDLE] [HANDLE] is amazing know. · the truth about feminism.
TW10_234,5,1,rt [HANDLE] questionsformen are you aware that feminism is · women that men · · · or discrimination ·
TW10_235,5,1,"[HANDLE] favorite. when they argue deny men choice, they · argue · not a "" generative right."
TW10_236,5,1,[HANDLE] no. not a sexist.
TW10_237,5,1,· [HANDLE]: # questionsformen did you · that when · at girl rape her [URL]
TW10_238,5,1,. [HANDLE] pretzel logic is understatement. # sjwlogic is like a pretzel being beaten and tossed off the sears tower. puddle logic.
TW10_239,5,1,. [HANDLE] [HANDLE] well. i'd bet the latter. [URL]
TW10_240,5,1,[HANDLE] [HANDLE] feminist writer. think valenti of au from what i know. started the # questionsformen huff po & amp; others wrote up.
TW10_241,5,1,"rt [HANDLE] # questionsformen did know that · · that · "" · shame · vaginas more valuable to? [URL]"
TW10_242,5,1,[HANDLE] because if · ga · nut. that would ·.
TW10_243,5,1,[HANDLE] regard ford as debatable ·? [URL]
TW10_244,5,1,"[HANDLE] · the very thing she ·,"
TW10_245,5,1,"[HANDLE] yeah. my eye opener was · gap ·. · · about econ. tried to · why math, not sexism. but."
TW10_246,5,1,"[HANDLE]. i learned · a "" misogynist ""."
TW10_247,5,1,". [HANDLE] but not a · · her writing · the false "" · culture "" · amp; · · were · new ca · law."
TW10_248,5,1,". [HANDLE] then what truly opened ·. · on fiscal ·. even, after reading, i still opposed. responsibility, ·."
TW10_249,5,1,"[HANDLE]. saw prochoice feminists in comments · direct prolife arguments · "" ·. jerk. · child"
TW10_250,5,1,"[HANDLE] · selfish · · modern feminism, not ·."
TW10_251,5,1,. [HANDLE] · · just told you. i just thought smiling · of · misandry epitomized modern feminism.
TW10_252,5,1,[HANDLE] blocked.
TW10_253,5,1,[HANDLE] · assume · avi · · ·. · blocked earlier · who. fems use block list. so.
TW10_254,5,1,[HANDLE]. as soon · enough known · - feminists their block · · and blocks possible ·
TW10_255,5,1,". [HANDLE] merely, idea they want do · merely lecture with dubious facts want challenged is · by blocking."
TW10_256,5,1,". [HANDLE] · hapless. · · anti fems just hate women. do misogynists fight for their "" · "" hate? or just hate"
TW10_257,5,1,". [HANDLE] like, if # gamergate really just hated women, bother with · · no · hate. they could just hate / play games."
TW10_258,5,1,[HANDLE] it · to argue · the other · cannot get laid?
TW10_259,5,1,[HANDLE]. · unthinking pussy. ·.
TW10_260,5,1,"[HANDLE] sweden, man the swedish men are cattle, at ·."
TW10_261,5,1,. [HANDLE] there is literally nothing more creatively pathetic than · an existing film and making a black or female version.
TW10_262,5,1,[HANDLE] · shop # feminism is · # way at point. # equality must · gynocentric
TW10_263,5,1,"[HANDLE] ·. possible. don't read tabloids. know boxes. · · one. · trump. diva like, ·?"
TW10_264,5,1,"[HANDLE] merely, trump gets called a megalomaniac. that a gendered slur, excessively? i never hear women called megalomaniacs."
TW10_265,5,1,[HANDLE] precisely. a sexist marketing ploy.
TW10_266,5,1,[HANDLE] me either guns blazing · softly · horse
TW10_267,5,1,"[HANDLE] most democrats avoid "" · "" like · stop propping up "" feminism "" w / · for women's · movement."
TW10_268,5,1,. [HANDLE]. allow word · it's · · selfish · remove from · movement so adults ·
TW10_269,5,1,". [HANDLE],. this is · on to move · forward. must root out those · · working it."
TW10_270,5,1,"[HANDLE] [HANDLE] · "" forcing """
TW10_271,5,1,"[HANDLE] [HANDLE] · a new · ·, ·. is my ·."
TW10_272,5,1,[HANDLE] [HANDLE] have legal rights than i do is that ok
TW10_273,5,1,"[HANDLE] know her, sorry."
TW10_274,5,1,[HANDLE] [HANDLE] ·
TW10_275,5,1,"[HANDLE] [HANDLE] unrelated to highlander. i also prefer fletch lives over the first for same reason as gb 2. funnier, bottom line."
TW10_276,5,1,[HANDLE] two of those three already real.
TW10_277,5,1,". [HANDLE] please identify the straw man, dunce. my sarcastic mocking hypothetical or those real examples?"
TW10_278,5,1,[HANDLE] soo true.
TW10_279,5,1,". [HANDLE] [HANDLE] [HANDLE] · christina · sommers wage · · gap "" she uses · · ·. # equalpay"
TW10_280,5,1,[HANDLE] [HANDLE] no joke a swedish lawmaker proposed requiring men to sit pee
TW10_281,5,1,rt [HANDLE]: [HANDLE] [HANDLE] [HANDLE] [HANDLE] [HANDLE] ·. i don't · to fit · into their little boxes.
TW10_282,5,1,rt [HANDLE] column in [HANDLE] questions # emmasulkowicz · in view [HANDLE] piece [URL]
TW10_283,5,1,[HANDLE] if they had any shame or · · certain.
TW10_284,5,1,it · most # questionsformen was basically way · her schlocky · from · [URL]
TW10_285,5,1,"[HANDLE] yes. a · merely · as "" · "" when a feminist shirt ·"
TW10_286,5,1,". [HANDLE] start a paetron. unless you are in uk, then you can claim disability."
TW10_287,5,1,[HANDLE] first tweet in years and it's a total false equivalency. why? [URL]
TW10_288,5,1,". [HANDLE] no. no reliable numbers. but, a small town police department did a nine year study of their cases once. 41 % false."
TW10_289,5,1,[HANDLE] · · studies · years of their ·. % false.
TW10_290,5,1,"[HANDLE] [HANDLE] ·, what differentiated it was they knew · of rape complaints ·. most lone ·"
TW10_291,5,1,. [HANDLE] [HANDLE]. women who are actually charged / convicted of it. almost never prosecuted. cops just close the case.
TW10_292,5,1,"[HANDLE] [HANDLE] "" · false rape accusation 41 % "" might ·"
TW10_293,5,1,[HANDLE]?
TW10_294,5,1,". [HANDLE] never said "" · are ·. i · · are stupid. most · are ·. merely ·. · on 2"
TW10_295,5,1,"[HANDLE] · is a myth, so · has no push · & ·; feminists use chivalry amp; · · masterfully ends"
TW10_296,5,1,". [HANDLE] ·. feminists have the media. did you · · clem fords · ·, ·? ·. · ""."
TW10_297,5,1,[HANDLE] [HANDLE] · · closer to socrates than most ·
TW10_298,5,1,[HANDLE] [HANDLE] excuse me say that feminism is · · ·
TW10_299,5,1,. [HANDLE] [HANDLE] [HANDLE] yes. your apathy.
TW10_300,5,1,. [HANDLE] [HANDLE] [HANDLE] the fate of most feminists.
TW10_301,5,1,"[HANDLE]. like i said. a · is symbol. ·, · be pawned later."
TW10_302,5,1,[HANDLE] anything merely yourself. like every feminist on earth
TW10_303,5,1,[HANDLE] a genuinely interesting question. of course answer · ·.
TW10_304,5,1,"[HANDLE]. that · "" sexism """
TW10_305,5,1,"rt [HANDLE]: in the ·, jennifer lopez · a rapist that does not · what the · is. she's the protagonist! # smfh"
TW10_306,5,1,[HANDLE] he was also just existing no?
TW10_307,5,1,[HANDLE] [HANDLE] no
TW10_308,5,1,. [HANDLE] [HANDLE] [HANDLE]. feminism would lone have · ·.
TW10_309,5,1,[HANDLE] yup.
TW10_310,5,1,"[HANDLE] you pay, yes. split, no. she pays, no."
TW10_311,5,1,"[HANDLE] [HANDLE] remember "" gaga ""? what would you guess her iq to be?"
TW10_312,5,1,[HANDLE] [HANDLE] [HANDLE] · to blasphemy!
TW10_313,5,1,"[HANDLE] [HANDLE] are mostly borderlines, ·. · / mucho npd mixed in. & amp; lots of bipolarity."
TW10_314,5,1,"[HANDLE] [HANDLE] [HANDLE] suspended, here under a new acct. stalked me for a day or so. legit "" issues. "" kid gloves on."
TW10_315,5,1,[HANDLE] [HANDLE] [HANDLE]. unless pencil filled hands of course.
TW10_316,5,1,[HANDLE] [HANDLE] [HANDLE] i have about 12 like that. would be hilarious if she didn't need help so bad.
TW10_317,5,1,. [HANDLE] [HANDLE] [HANDLE]. and a i · · to even if i know will be as · when · ·.
TW10_318,5,1,[HANDLE] both. my desire to play video games is never stronger than after sex. can finally focus on something other than sex.
TW10_319,5,1,", feminists will · · and complain the · feministsareugly is trending proof of · in society. ·"
TW10_320,5,1,rt [HANDLE] [HANDLE] thought · · · my comics. from unpc · [URL]
TW10_321,5,1,[HANDLE] i saw this the other day. excellent.
TW10_322,5,1,[HANDLE] ahem. [URL]
TW10_323,5,1,[HANDLE] i doubt · merely realistically don't · · any evidence in any of our · so i think about
TW10_324,5,1,[HANDLE] but riley was hilarious on stern. hadn't thought about him ( or the biovians ) in years.
TW10_325,5,1,[HANDLE] [HANDLE] bitter geno
TW10_326,5,1,[HANDLE]. not what · at. no.
TW10_327,5,1,[HANDLE] i am tennis neutral. just setting up the joke.
TW10_328,5,1,[HANDLE]. name one men's right they fight
TW10_329,5,1,". [HANDLE] thanks. i think hilarious. but, i realize there is a limited market for terry pendleton humor."
TW10_330,5,1,[HANDLE] oh my. that is the trolling equivalent of a wmd. a meme of mass destruction.
TW10_331,5,1,"[HANDLE] i'll find a "" special occasion "". thanks."
TW10_332,5,1,[HANDLE] what possible · · to · · down to ·.?
TW10_333,5,1,[HANDLE] what happens · · · of mlk and · · rights leaders · untreated borderlines nuts.
TW10_334,5,1,[HANDLE] extent. we are not precisely overwhelmed with great · / choices.
TW10_335,5,1,"[HANDLE] you've · the · by · ·, right? more more i see feminism thru this ·. [URL]"
TW10_336,5,1,[HANDLE]. backdoor communism.
TW10_337,5,1,[HANDLE] answer there. hillary is a horrifically flawed candidate merely. bush romney? santorum huckabee? · of shot or ·
TW10_338,5,1,"[HANDLE] you appear to have common sense. so, no, you'd be totally wrong."
TW10_339,5,1,[HANDLE] are you aware · have not · · rights than men?
TW10_340,5,1,rt [HANDLE]: questionsformen you know feminists think violence · long the · · · [URL]
TW10_341,5,1,[HANDLE] why ignore my · deflect with? are aware men have less legal ·? that ·
TW10_342,5,1,[HANDLE] test. [URL]
TW10_343,5,1,[HANDLE] it's close. need one of those conan o'brien morphs of tony and the big hurt.
TW10_344,5,1,[HANDLE]. is the answer nothing?
TW10_345,5,1,[HANDLE] can you explain the · gap? what does the often cited 23 % figure reference?
TW10_346,5,1,[HANDLE] none of these things are true. but i return to the original question. research. what have you read?
TW10_347,5,1,[HANDLE] where is your knowledge of feminism derived
TW10_348,5,1,[HANDLE] [HANDLE] can you be legally forced into parenthood?
TW10_349,5,1,[HANDLE] [HANDLE] · · · adopt.
TW10_350,5,1,[HANDLE] [URL]
TW10_351,5,1,[HANDLE] [HANDLE] no one · should.
TW10_352,5,1,. [HANDLE] us. canada. ·. ·. ·. ·. india. every western nation and then. men have less legal rights. equal?
TW10_353,5,1,[HANDLE] [HANDLE] if it's her choice alone. yes. do you · single mothers?
TW10_354,5,1,[HANDLE] [HANDLE] she can abort. adopt out. safe.
TW10_355,5,1,[HANDLE] go back to the top this thread · again.
TW10_356,5,1,"rt [HANDLE]: [HANDLE] [HANDLE] [HANDLE] "" women r · men we r equal wait men r · · hit women we r weak """
TW10_357,5,1,[HANDLE] can · that would be sexist?
TW10_358,5,1,· [HANDLE]: # · # womenagainstfeminism another · lone wants hear herself talk. [URL]
TW10_359,5,1,rt [HANDLE]: # questionsformen did you · rape is ·?
TW10_360,5,1,"[HANDLE] [HANDLE] agreed. idea "" not a compliment "" absurd. most important compliment."
TW10_361,5,1,""" [HANDLE]: # questionsformen have you been told pants distraction · school "" just our ·. [URL]"
TW10_362,5,1,[HANDLE] [HANDLE] ok w reasonable burping. · involuntarily so. moot. can wholly · w inhaling others fecal particles
TW10_363,5,1,"· [HANDLE] [HANDLE] [HANDLE] · # 1: ·, merely ·. · # 2 · until the · is dead."
TW10_364,5,1,[HANDLE] or grab ·.
TW10_365,5,1,[HANDLE] [HANDLE] feminist shirt never gets ·. merely no shock. fems own ·.
TW10_366,5,1,"[HANDLE] and i · good remakes period, actually"
TW10_367,5,1,[HANDLE] [HANDLE] first hand account nows sister = bs how?
TW10_368,5,1,"[HANDLE] [HANDLE] "" denotes sarcasm that take out of ·, goebbels."
TW10_369,5,1,[HANDLE] [HANDLE] ·
TW10_370,5,1,. [HANDLE] [HANDLE] [HANDLE] literally · explain what know 23 % figure represents. what ·
TW10_371,5,1,"[HANDLE] [HANDLE] no. actually, she has an economics degree."
TW10_372,5,1,[HANDLE] ·
TW10_373,5,1,[HANDLE] is saying that sexism?
TW10_374,5,1,[HANDLE] that sexist?
TW10_375,5,1,"[HANDLE], ·. can you · telling a · you · · / they · · laid wrong."
TW10_376,5,1,"[HANDLE] wait, you realize you the very · tweet you posted · wrong.?"
TW10_377,5,1,"· [HANDLE] · [HANDLE] · [HANDLE] would better if "" feminists "" had · · · [HANDLE] …"
TW10_378,5,1,[HANDLE] [HANDLE] tag are you referring to?
TW10_379,5,1,[HANDLE] [HANDLE] · realize questionsformen existed earlier · · posting supercilious · right [URL]
TW10_380,5,1,"· [HANDLE]: [HANDLE] · this · · i besides scientist working with men w more education amp; experience, · haven't experience"
TW10_381,5,1,· [HANDLE]: · [HANDLE] · · 100 % · straight · · racism amp feminism.
TW10_382,5,1,""" [HANDLE] have · · · ur · lone to be · · are ·? # questionsformen "" ·? yea"
TW10_383,5,1,"[HANDLE] have · · · by woman # · "" ·. many ·, merely lone by feminist women"
TW10_384,5,1,""" [HANDLE]: # questionsformen ever · · · seen · · becomed · "" men are attacked 4 times more often"
TW10_385,5,1,""" [HANDLE] is man afraid · to · truly loves? · "" sexist biased · laws · his life"
TW10_386,5,1,[HANDLE] [HANDLE] [HANDLE] · · · old nes by any chance
TW10_387,5,1,"[HANDLE] [HANDLE] [HANDLE] to be ·, i read his "" you hate "" as "" your hate "". my bad. working on worst sleep ·. sorry."
TW10_388,5,1,. [HANDLE] can you be legally forced into parental obligations your genitals be cut at · your · to vote have
TW10_389,5,1,". [HANDLE] [HANDLE]. mistake. · both abortion & ·; · · abhorrent. merely one · atrocious choice, both ·"
TW10_390,5,1,[HANDLE] [HANDLE] think she meant would men who shed obligations also lose rights.? yes.
TW10_391,5,1,[HANDLE] [HANDLE]. have to pay. if she knows he can walk way w / o paying. i think she might drive a bit safer. i understand.
TW10_392,5,1,[HANDLE] [HANDLE]. many don't have · operate in what most · to be self interest. they defy most solutions.
TW10_393,5,1,". [HANDLE] i agree. ftr i am no fan of abortion or child abandonment. but, i accept him going to jail for not abiding her choice."
TW10_394,5,1,". [HANDLE] [HANDLE] hard to say w / o knowing if avg. welfare w / o a dad is & gt; or & lt; avg. cs payment. if less, it would reduce incentive."
TW10_395,5,1,rt [HANDLE]: [HANDLE] [HANDLE] [HANDLE] this · deserves more love. good point.
TW10_396,5,1,[HANDLE] [HANDLE] ·. thoughtful. · in · tweet mine lumping her · in w gearheart is rt'ed. ·
TW10_397,5,1,[HANDLE] [HANDLE] [HANDLE] couldn't · a much poorer set of · no.
TW10_398,5,1,[HANDLE] [HANDLE] · spoiler · [HANDLE] was · · · think · idea choice 4 men
TW10_399,5,1,. [HANDLE] [HANDLE] i will totally · be deaf at point. walk out · you're ghost · · · in the th ·.
TW10_400,5,1,". [HANDLE] [HANDLE] not · is not homophobia. some do try to conflate them, somehow."
TW10_401,5,1,"[HANDLE] [HANDLE] [HANDLE] [HANDLE] to some, yea."
TW10_402,5,1,[HANDLE] [HANDLE] who said anything ·
TW10_403,5,1,"[HANDLE] [HANDLE] oh, missed that part of it. no. no reason to get physical."
TW10_404,5,1,. [HANDLE] [HANDLE] [HANDLE] us is 46 th best place for women. behind rhwanda and ghana. such bunk. never see it.
TW10_405,5,1,[HANDLE] [HANDLE] in terms of what? measured how?
TW10_406,5,1,"[HANDLE] i'm saying you can never "" control "" two · individuals to be"
TW10_407,5,1,· [HANDLE]: i liked a [HANDLE] · [HANDLE] [URL] # questionsformen # ·
TW10_408,5,1,. [HANDLE]. can't relate. have to be overtime of game 7 of the stanley cup finals w / no dvr.
TW10_409,5,1,yep except the study [HANDLE] ( the artist once · as mich · ) offered's · · it does · · [HANDLE]
TW10_410,5,1,[HANDLE]. a state of union invite.
TW10_411,5,1,· [HANDLE] ariana grande has no chill lmao [URL]
TW10_412,5,1,rt [HANDLE] i hate when u open door for a hot · then · · wants u to keep · for · open your …
TW10_413,5,1,rt [HANDLE] # feminismisequalitywhen men are · · part · # heforshe # womenagainstfeminism [URL]
TW10_414,5,1,[HANDLE] ·. [URL]
TW10_415,5,1,". [HANDLE] nothing i like women in pink · they · reject femininity like. ·, · ·"
TW10_416,5,1,rt [HANDLE]: [HANDLE] [HANDLE] no man buy · and · in their man caves just · the market. · woman. # ·
TW10_417,5,1,[HANDLE] i have a million valid arguments. change reality.
TW10_418,5,1,[HANDLE] should men and women have equal legal rights? yes or no?
TW10_419,5,1,[HANDLE] ·. men have · · · in every · nation today. · to ·.
TW10_420,5,1,[HANDLE] saw this this morning. [URL]
TW10_421,5,1,[HANDLE] [HANDLE] source.
TW10_422,5,1,[HANDLE] [HANDLE] appears refer the · denial · · nether child abuse rather than specific ·.
TW10_423,5,1,[HANDLE] [HANDLE] · · · of women actually being jailed for it?
TW10_424,5,1,"[HANDLE] yeah but ur irrelevant & amp relevant but · / isolated / · the definition "" · that proves rule "" 2 more ·."
TW10_425,5,1,[HANDLE] was · was · enforced ( 00 s of men in · while visitation ( these · aside
TW10_426,5,1,[HANDLE] rights mean nothing if they can be violated w no ·
TW10_427,5,1,rt [HANDLE]: [HANDLE] i'd · to focus · of the · we are oppressed and i consider a ·
TW10_428,5,1,"[HANDLE] · that · · no relevant examples of it actually being enforced then, huh?"
TW10_429,5,1,"[HANDLE] i keep screengrabs not links, sorry. google "" kate millett sister now "" it should be near top of list."
TW10_430,5,1,[HANDLE] difficult · but. i think · just been troll.
TW10_431,5,1,"rt [HANDLE] someone · of ears, what's between · # adviceforyoungfeminists"
TW10_432,5,1,[HANDLE] hope not. how will she pay her bills?
TW10_433,5,1,"[HANDLE] [HANDLE] is "" twat ""."
TW10_434,5,1,"[HANDLE] have no sense of irony ·. or · ·. ·, i · do this all ·"
TW10_435,5,1,[HANDLE] [HANDLE]. you have an · licking fetish?
TW10_436,5,1,. [HANDLE] s ·. i just spin the · my · · price is · · · any · · i ·.
TW10_437,5,1,[HANDLE] [HANDLE] [HANDLE] hmm. cathy young and who are other two?
TW10_438,5,1,[HANDLE] [HANDLE] [HANDLE] good call
TW10_439,5,1,. [HANDLE] gotta · the bad w / the ·.
TW10_440,5,1,[HANDLE] [HANDLE] never heard that before
TW10_441,5,1,[HANDLE] thanks. that was one of the few memes i use that i made myself.
TW10_442,5,1,[HANDLE] awesome.
TW10_443,5,1,[HANDLE] best meme ever. yours? or where did you find it?
TW10_444,5,1,"[HANDLE] never saw. perfect. but, twitter is not the same w / o her."
TW10_445,5,1,. [HANDLE] [HANDLE] ahem. [URL]
TW10_446,5,1,". [HANDLE] [HANDLE] real world evidence of this, please."
TW10_447,5,1,"[HANDLE] [HANDLE] a gay, · youtuber · ·. · ·, real"
TW10_448,5,1,[HANDLE] [HANDLE] said men need equality.
TW10_449,5,1,[HANDLE] should the default be equal? 50 / 50?
TW10_450,5,1,[HANDLE] [HANDLE] women have more legal rights than men.
TW10_451,5,1,[HANDLE] [HANDLE]. to racists.
TW10_452,5,1,[HANDLE] [HANDLE] feminism.
TW10_453,5,1,"[HANDLE] lone times block is · · they'll · to "" janet "" me."
TW10_454,5,1,"[HANDLE] [HANDLE] earlier · the janet & · gg ·, had blocked two. one of so · mra."
TW10_455,5,1,rt [HANDLE] pretty certain that · episode · and order is · · · · · actual fuck ·
TW10_456,5,1,[HANDLE] [HANDLE] doubting think feminist hypocrisy ladies nights is a · example hypocrisy. · there
TW10_457,5,1,[HANDLE] · shouldn't be? because · to parenthood for men today.
TW10_458,5,1,· [HANDLE] # idontneedfeminism # femfreefriday [URL]
TW10_459,5,1,. [HANDLE] chemaly is a special kind twit. master of · · · · · writing about things · # ·.
TW10_460,5,1,rt [HANDLE]: [HANDLE] [HANDLE] [HANDLE] [HANDLE] [HANDLE] [HANDLE] that take much [URL]
TW10_461,5,1,[HANDLE] [HANDLE] sorry to hear that. get well ·.
TW10_462,5,1,rt [HANDLE]: this · [HANDLE] an · · regarding # feminism. [URL] [URL]
TW10_463,5,1,"· [HANDLE]: # indiecadeeast · is, # gamergate has · · ·! · issue with corrupt competitions, ·"
TW10_464,5,1,"[HANDLE] [HANDLE] no, ·. went from "" fake / dumb "" to "" oh, god, it's · "" to "" super fake "" to "" holy. · · me fake """
TW10_465,5,1,[HANDLE] [HANDLE] sorry. i genuinely have no idea. real? not? best guess.
TW10_466,5,1,. [HANDLE] [HANDLE] was sure it was fake. until it went excessively long. no one works that difficult a ·. just vapid childish pc trash.
TW10_467,5,1,rt [HANDLE] · walker should troll the · get · · in gender studies
TW10_468,5,1,"[HANDLE] [HANDLE]. she was ·, right?"
TW10_469,5,1,"rt [HANDLE]:. [HANDLE] good ·, ·. are seeing that msm is about ·, not fact reporting? gamergate"
TW10_470,5,1,[HANDLE] [HANDLE] thanks for heads up. i watched it. good stuff.
TW10_471,5,1,[HANDLE] · merely. · about · first · · · · absolutely self · # feminismisawful
TW10_472,5,1,[HANDLE] [HANDLE]. and hillary · - rapist.
TW10_473,5,1,"[HANDLE] [HANDLE] nope. hence, the two different terms."
TW10_474,5,1,"[HANDLE] [HANDLE]. and whose definition is that anyhow, ·"
TW10_475,5,1,"[HANDLE] [HANDLE]. sorry, just · tl. i thought were arguing in concert w / this genius. [URL]"
TW10_476,5,1,[HANDLE] · · and · is · for feminism.
TW10_477,5,1,"[HANDLE] ( · · · ·, have idea. what is "" · "" speak?"
TW10_478,5,1,rt [HANDLE] # adviceforyoungfeminists be certain to · double standards to · ·. no · · [URL]
TW10_479,5,1,"rt [HANDLE] # adviceforyoungfeminists use "" wasn't as · · free card your movement [URL]"
TW10_480,5,1,". [HANDLE] [HANDLE]. was sure it was poe, but. no one draws half a comic's worth of poe. scary. they are · termites."
TW10_481,5,1,"[HANDLE] [HANDLE] what i thought at first. read comics in a while, so. i have no reference. awesome job if fake."
TW10_482,5,1,[HANDLE] normally · · for redscarebot.
TW10_483,5,1,[HANDLE] ok. did she / does she consent?
TW10_484,5,1,[HANDLE] ok. · interest whether feminists will · · written and · by · · ·.
TW10_485,5,1,"[HANDLE] you, too"
TW10_486,5,1,[HANDLE] to blame for
TW10_487,5,1,. [HANDLE] not · ·.
TW10_488,5,1,[HANDLE] [HANDLE] shh. it's funnier when know. [URL]
TW10_489,5,1,[HANDLE] · i · chevaldayoff was a human paper weight. what a · the jets. as · a · as · in years ( decades ).
TW10_490,5,1,rt [HANDLE] # adviceforyoungfeminists · nobody will · your pet · is pathetic · repeating [URL]
TW10_491,5,1,[HANDLE] ·. and real ·.
TW10_492,5,1,[HANDLE] [HANDLE] [HANDLE] where is from?
TW10_493,5,1,". [HANDLE] [HANDLE] for the first time ever i tell ( been wrong sure, but i at least think i know ) at all. evidently real."
TW10_494,5,1,[HANDLE] just a troll.
TW10_495,5,1,"[HANDLE] i remember praising a french · being a good fem like chs, what her · again?"
TW10_496,5,1,[HANDLE]. for life. yes.
TW10_497,5,1,[HANDLE] [HANDLE]. who is arguing that?
TW10_498,5,1,[HANDLE] [HANDLE]. there is beef here.
TW10_499,5,1,[HANDLE] [HANDLE] allows me to simultaneously · in specific · · ideas have to redundantly repeat
TW10_500,5,1,[HANDLE] [HANDLE]. it's not · or · action.
TW10_501,5,1,"[HANDLE] [HANDLE], i · about feminism."
TW10_502,5,1,"[HANDLE] [HANDLE], talking about feminists, not, man"
TW10_503,5,1,[HANDLE] prison the same. except with prison time.
TW10_504,5,1,[HANDLE] [HANDLE] remember respect · merely. · was about feminists opposing · · preventative ·.
TW10_505,5,1,[HANDLE] [HANDLE] everyone here opposes · male or female. everyone supports · measures. it's ·.
TW10_506,5,1,[HANDLE] [HANDLE]. i am attacking character. one else's.
TW10_507,5,1,· [HANDLE]: # adviceforyoungfeminists learning history help you · credit · movement [URL]
TW10_508,5,1,[HANDLE] just saw it a few days ago. brilliant. need fifty more like it.
TW10_509,5,1,"[HANDLE] i keep links. google "" kate millett sister now "" and you'll find it. her sister wrote it."
TW10_510,5,1,"[HANDLE] while you're my tl, · · · for · · you do challenging "" narrative "" w / ·. · ·."
TW10_511,5,1,rt [HANDLE] # whatfeminismgaveme irony [URL]
TW10_512,5,1,· [HANDLE] · love · · # questionsformen # whatfeminismgaveme [URL]
TW10_513,5,1,[HANDLE] is she just less bad other feminists or truly · equal · · chs or young?
TW10_514,5,1,[HANDLE] they use orwell as a ·
TW10_515,5,1,[HANDLE] in the eu.
TW10_516,5,1,[HANDLE] · · i · · gone to jail for free · in supposedly democratic western nations
TW10_517,5,1,[HANDLE] two people went to jail in · criticizing feminists.
TW10_518,5,1,[HANDLE] only if you · that feminism and the rights movement are not the same.
TW10_519,5,1,[HANDLE] · · a · girl i · · · little deeper into what feminism actually says · what they ·.
TW10_520,5,1,[HANDLE] [HANDLE] hmm. i think the jaw. her head rather · like home plate. to · the · motif.
TW10_521,5,1,· for wittingly retelling · gap myth & ·; 1 in myth plus blaming all men for rape via · all to prop · [NUMBER]
TW10_522,5,1,[HANDLE] the motive doesn't · the ·
TW10_523,5,1,"[HANDLE] don't count any ·. · candidates · and could · lose to · "" · "" vagina voters"
TW10_524,5,1,[HANDLE] · jeb would be huge mistakes.
TW10_525,5,1,[HANDLE] image better than ever due merely co will not vote for a drug war supporter like him and · · co to get to.
TW10_526,5,1,"[HANDLE] i just laughed at move. kid is sick. wish used geno over letang, though."
TW10_527,5,1,[HANDLE] [HANDLE] actually two separate proposals. real. insane.
TW10_528,5,1,[HANDLE] [HANDLE] · and ·.
TW10_529,5,1,"[HANDLE] walker is clearly the one dems fear. i know much about him, either."
TW10_530,5,1,[HANDLE] [HANDLE] atrocious.
TW10_531,5,1,[HANDLE] precisely. thor really not theirs to reinvent. do a female daredevil · if you · to pull that ·.
TW10_532,5,1,rt [HANDLE]: feminist just labeled transphobic somehow magically · that they · · [URL]
TW10_533,5,1,· [HANDLE] a grown · · · your · adolescent · of · · probably a feminist
TW10_534,5,1,[HANDLE] [HANDLE] then i have ·.
TW10_535,5,1,[HANDLE] · # · 3 the feminists trying ban right
TW10_536,5,1,[HANDLE] would have · be eaten by your · but. 140.
TW10_537,5,1,[HANDLE] what's her major? welding for kindergartners?
TW10_538,5,1,rt [HANDLE]: [HANDLE] maybe she was ' raped' by a · it's · ·
TW10_539,5,1,· [HANDLE] did anybody get glass the face during · · showing? these # fiftyshades fans play for keeps
TW10_540,5,1,"[HANDLE] merely, regretful, cares the · · · was commie, · about ·, right excessively ·."
TW10_541,5,1,[HANDLE] yes. i find the · of proportional relevance interesting.
TW10_542,5,1,"[HANDLE] google "" kate millett sister now "" and enjoy. long read."
TW10_543,5,1,"[HANDLE] [HANDLE] [HANDLE] that might be poe, just fyi. i think that was the quote of hers that couldn't be verified."
TW10_544,5,1,· [HANDLE]: feminists say gaming is a · club they besides say · · women · up your damn ·? # gamergate
TW10_545,5,1,· [HANDLE]: girls are ruthless smh [URL]
TW10_546,5,1,rt [HANDLE]: bruh [URL]
TW10_547,5,1,[HANDLE] [HANDLE] [HANDLE] ·
TW10_548,5,1,. [HANDLE] [HANDLE] · stare.
TW10_549,5,1,rt [HANDLE] · who · two · at · has · that says · to stab you a bus ·. [URL]
TW10_550,5,1,rt [HANDLE] · hate ovechkin. · hate ovechkin. hate ovechkin.
TW10_551,5,1,"[HANDLE] toss "" denied student loans "" onto list as well"
TW10_552,5,1,[HANDLE] nhl pays back rogers · · · w mcdavid. sabres get eichel ( sp? ) · tor · divisional rivalry. 2 large · markets.
TW10_553,5,1,[HANDLE] just my guess. now in my tweets as proof if it comes true. i knew rig the [NUMBER] draft so the avs could get seth jones.
TW10_554,5,1,[HANDLE]. so i got rigging · · merely ·.
TW10_555,5,1,[HANDLE] a · / · rivalry w 2 large tv ratings markets that are · division rivals makes too much · ·
TW10_556,5,1,[HANDLE] i said it for months. know how good mckinnon was.
TW10_557,5,1,[HANDLE] avs really needed the d man too. but they · right ·.
TW10_558,5,1,"[HANDLE] ahem. as a pens fan, i · a system that · a well · "" · "". ·, yea."
TW10_559,5,1,[HANDLE] precisely well executed rebuild. merely · ·. · 66 fleury & amp geno. sid gary rigging the · ·
TW10_560,5,1,. [HANDLE] [HANDLE] might · some lube. the · · than her hips.
TW10_561,5,1,[HANDLE] [HANDLE] [HANDLE] ok. but what specifically they parodying?
TW10_562,5,1,"[HANDLE] [HANDLE] [HANDLE]. real · of feminism ruining ·,"
TW10_563,5,1,[HANDLE] no true feminist. [URL]
TW10_564,5,1,"[HANDLE] this i · the "" antifeminist women · male attention "" · ·. there better · to ·"
TW10_565,5,1,"[HANDLE] regretful, · the · definition of feminism is · ·."
TW10_566,5,1,[HANDLE] familiar w / it. insane. patriarchy has clearly failed this ·.
TW10_567,5,1,"[HANDLE], feminism lobbies equality ·, ·. [URL]"
TW10_568,5,1,[HANDLE] actually even dictionary · of feminism is · · is telling.
TW10_569,5,1,"[HANDLE] respects their right to publicly lez out in private, you mean? what gentleman."
TW10_570,5,1,"[HANDLE] none was going · · "" toxic femininity "" · they answered merely · has great plate discipline."
TW10_571,5,1,. [HANDLE] [HANDLE] are · analogy. twitfem # sjw's · · the marauding · abuse high · student
TW10_572,5,1,"[HANDLE] ·, i just mean democrat by "" liberal "" merely specific breed."
TW10_573,5,1,"[HANDLE] [HANDLE] unblock, stalk, snipe, run, reblock, ·, rinse, ·. a coward."
TW10_574,5,1,rt [HANDLE] # feminists · · for their shit. # · womenagainstfeminism [URL]
TW10_575,5,1,"no [HANDLE] as [HANDLE] says it's just "" school policy "" to deny legal rights to people who look like rapists. "" rapial profiling "" duh."
TW10_576,5,1,. [HANDLE] [HANDLE] blocked i ·. evidently she · · · · of · long · to ·
TW10_577,5,1,rt [HANDLE]: have you · a female judge outraged at you for · child support for someone kid? [URL]
TW10_578,5,1,yea · [HANDLE] # womenagainstfeminism aren't bigots who hate · don't mind sharing equality · like you hypocrites fyi
TW10_579,5,1,i have · no · [HANDLE] [HANDLE] · merely are violating · by trying organize · campaign [HANDLE] ·
TW10_580,5,1,rt [HANDLE] got · ·. because i · · guys and not · · movement · [HANDLE] …
TW10_581,5,1,· [HANDLE]: suit yourself: utah court · woman · · wreck [URL] [HANDLE] she wants · …
TW10_582,5,1,· [HANDLE]: alternatively doing · about the feminists who hate men · to · at you · ·
TW10_583,5,1,"[HANDLE] [HANDLE] that a male thing · click on "" · friendly / female · porn main ·"
TW10_584,5,1,. [HANDLE] · sheehan · · a · about · for years. kills ·. · abuse w ·. ·. fems cheer.
TW10_585,5,1,[HANDLE]. wtf?
TW10_586,5,1,"[HANDLE] i'm an ·, merely god bless hot women who · · sexuality."
TW10_587,5,1,rt [HANDLE] [HANDLE] [HANDLE] [HANDLE] think leave [URL]
TW10_588,5,1,rt [HANDLE]: [HANDLE] you see ludacris baby · he · [MONEY] · for an · · the money · · on [NUMBER] …
TW10_589,5,1,rt [HANDLE]: [HANDLE] [HANDLE] quote: me. [URL]
TW10_590,5,1,rt [HANDLE]: [HANDLE] [HANDLE] [HANDLE] did · or marcotte valenti write about carnell forgot. ·
TW10_591,5,1,· [HANDLE]: fan of · excessively · ish for ) merely this spot - [URL] # womenagainstfeminism [URL]
TW10_592,5,1,rt [HANDLE]: [HANDLE] [HANDLE] · people's · of korea must be a fantastic · right? look up words!
TW10_593,5,1,rt [HANDLE] · · this · [HANDLE] who weaponised tweets to have people · is · · ·
TW10_594,5,1,""" [HANDLE]: do u think her · [URL] · # · ·"
TW10_595,5,1,. [HANDLE] thanks. steal any arguments of mine like. that's why. create ·. the ivf argument is · merely effective.
TW10_596,5,1,what [HANDLE]? don't like being · on # feminism by people lone just learned of it from emma watson or beyonce [HANDLE]
TW10_597,5,1,"[HANDLE] ·, ·, merely. · · · will be · in their hypocrite faces ·."
TW10_598,5,1,rt [HANDLE]: · justice · a · · · · racist pigs can snicker about their self percei …
TW10_599,5,1,"rt [HANDLE]: # twitterfeminism · · teen women take computer ·, meanwhile · · · · ·"
TW10_600,5,1,rt [HANDLE] the reality is the caliphate is · than your ultra liberal safe space excessively ·
TW10_601,5,1,rt [HANDLE]: # · # womenagainstfeminism # feminism # · [URL]
TW10_602,5,1,rt [HANDLE]: # mensrights @ reddit [URL] · to call · judge kathleen ·. [URL] # …
TW10_603,5,1,· [HANDLE] # questionsforfeminists for those · it · acceptable to abuse · [URL]
TW10_604,5,1,· [HANDLE] # gamergate # femfreq # antisjw [URL]
TW10_605,5,1,"[HANDLE] [HANDLE] [HANDLE] meh. if myers regains form, you'll forget he ever existed. armia and lemieux are great assets."
TW10_606,5,1,[HANDLE] [HANDLE]. by doing what precisely?
TW10_607,5,1,[HANDLE] · [HANDLE] · · absurd nonanswer if you can. ty. [HANDLE]
TW10_608,5,1,"[HANDLE]. she is painfully stupid, ben. sorry. now hurting my brain."
TW10_609,5,1,[HANDLE] she was already linked. she care.
TW10_610,5,1,[HANDLE] earlier she. she doesn't care about facts.
TW10_611,5,1,[HANDLE] no. but. someone else linked sommers article an · ·.
TW10_612,5,1,[HANDLE] very low iq.
TW10_613,5,1,· [HANDLE] [HANDLE] [HANDLE] [HANDLE] [HANDLE] [URL] possibly you learn · · b you lie ht …
TW10_614,5,1,[HANDLE] · tl the · · th to · · i return from ·. very annoying. lose many tweets · ·.
TW10_615,5,1,. [HANDLE] [HANDLE] estimates · ·. this is why you · stupid. and · that politics ·. also stupid.
TW10_616,5,1,[HANDLE] [HANDLE] exactly. never had an econ class ever.
TW10_617,5,1,rt [HANDLE]: emotional · [URL] # twitterfeminism
TW10_618,5,1,[HANDLE] that girl is hideous in every way.
TW10_619,5,1,[HANDLE] i'm guessing you · of feminism from ·.
TW10_620,5,1,[HANDLE] · started # feministsareugly take it
TW10_621,5,1,[HANDLE] no doubt. and yet. no less true.
TW10_622,5,1,"[HANDLE] name 3 prominent feminists, please. no google."
TW10_623,5,1,. [HANDLE] who said all? i can · doable feminists.
TW10_624,5,1,"[HANDLE] ·. but you know squat, cares."
TW10_625,5,1,"[HANDLE] [HANDLE] [HANDLE] i use the term to be the opposite of your "" shady "" source. what is a non shady source?"
TW10_626,5,1,· [HANDLE]. [HANDLE] # gamergate maybe people · · system · because · system · …
TW10_627,5,1,[HANDLE] [HANDLE] [HANDLE] no clue who she is. harry might. he was op.
TW10_628,5,1,[HANDLE]. unless you · propaganda.
TW10_629,5,1,[HANDLE] [HANDLE]. rights plural.
TW10_630,5,1,"[HANDLE] [HANDLE] oh. like the · · ·. "" · · asinine · use to silence dissent. and ·. and logic."
TW10_631,5,1,[HANDLE] [HANDLE] [HANDLE] honestly no · what that is.
TW10_632,5,1,"[HANDLE] [HANDLE] [HANDLE] sealioning. although as i reread brigadeering, too. understand that i avoid pop culture like ebola."
TW10_633,5,1,"[HANDLE] [HANDLE] good for you. too bad about those hurt by it or unprotected by it, right?"
TW10_634,5,1,[HANDLE] are you · · · accused's due · rights
TW10_635,5,1,"[HANDLE] · · meeting good feminists like helen etc merely uh. i say nicely, · is. ·. all lemming"
TW10_636,5,1,"[HANDLE] no, · a bigot per · but blind to any · to ·."
TW10_637,5,1,rt [HANDLE] [HANDLE] slim thug his bank accounts frozen · · for · not his! [URL]
TW10_638,5,1,[HANDLE] feel free to research it. they intentionally conflate feminism w / the rights movement.
TW10_639,5,1,[HANDLE] love this # merely i · · out by. fems could end argument · / posting their armpit · ·.
TW10_640,5,1,[HANDLE] · earlier · is · most women are · by low · that · · lone
TW10_641,5,1,"[HANDLE] i appreciate you · · ·, though"
TW10_642,5,1,[HANDLE] no idea what that is.
TW10_643,5,1,[HANDLE] to each own. commenting the · · male fems · · ·
TW10_644,5,1,rt [HANDLE]: [HANDLE] [HANDLE] [HANDLE] those women are ·. · a woman how to ·. oh · a tick. ·:
TW10_645,5,1,"rt [HANDLE] [HANDLE] [HANDLE] thought she was the leading manufacturer of ·, a ·."
TW10_646,5,1,. [HANDLE] [HANDLE] i love · like this. i just spin gallery tablet · price is · · and use any ·.
TW10_647,5,1,[HANDLE] [HANDLE] mary koss. seriously.
TW10_648,5,1,[HANDLE] [HANDLE] [HANDLE] please explain what the. 77 figure cited in wage gap discussions compares. thanks.
TW10_649,5,1,[HANDLE] no idea. i just collect them randomly as i find them.
TW10_650,5,1,[HANDLE] [HANDLE] · up insult to ·. wow.
TW10_651,5,1,"· [HANDLE]: [HANDLE] the most they is · "" can't · · · are protesting # malesuicide."
TW10_652,5,1,[HANDLE] let's think ·. who is talking about that?
TW10_653,5,1,[HANDLE] that?
TW10_654,5,1,[HANDLE] is that what # askhermore is
TW10_655,5,1,"# dontdatesjws unless want them date you, bang you, ·, stalk cry · · · ·. [URL]"
TW10_656,5,1,[HANDLE] ·. belzer or ric ocasek of the cars. i'm ·.
TW10_657,5,1,[HANDLE] [HANDLE] ·. unlike drugs always · a hooker.
TW10_658,5,1,[HANDLE] [HANDLE] · · · · ·
TW10_659,5,1,[HANDLE] i never watch ·. do they ask men anything?
TW10_660,5,1,[HANDLE] gray sweat pants / sweatshirt.
TW10_661,5,1,· [HANDLE] [HANDLE] [HANDLE] [HANDLE] one should consider we actually · more tax breaks less · jobs · in
TW10_662,5,1,· [HANDLE] [HANDLE] [HANDLE] [HANDLE] and · get · · that stupid myth · me end because …
TW10_663,5,1,rt [HANDLE]: [HANDLE] [HANDLE] [HANDLE] · · for · do damage women people every · ·
TW10_664,5,1,"[HANDLE] but, do they even interview the men? if so, about what?"
TW10_665,5,1,[HANDLE] agreed i just hate that · is so economically illiterate they · sexism rather · for ·.
TW10_666,5,1,rt [HANDLE]: [HANDLE] [HANDLE] [URL] [URL] [URL] [URL] [URL]
TW10_667,5,1,[HANDLE] was your previous praise tactical or ·
TW10_668,5,1,"[HANDLE] is · that women are · that question "" sexist """
TW10_669,5,1,"[HANDLE] no one is assuming. they have the ratings, the click numbers, etc."
TW10_670,5,1,". [HANDLE] "" not · the in · "" each have · · · ·. · to · · rate"
TW10_671,5,1,. [HANDLE] free market. they · negotiate. producers · · not. · · accept not. # askhermore
TW10_672,5,1,". [HANDLE] [HANDLE] was she good i confuse her ten other women, is why their pay is lower ·. supply vs. demand."
TW10_673,5,1,[HANDLE] ·. [URL]
TW10_674,5,1,"· [HANDLE]: [HANDLE] [HANDLE] "" why are women · about their dresses on the red carpet? sexism! "" / "" our five · · carpet ·"
TW10_675,5,1,[HANDLE] [HANDLE] what did he make for that role? not much ( comparatively ) i imagine. tom cruise would have made triple.
TW10_676,5,1,[HANDLE] · an example.
TW10_677,5,1,[HANDLE] [HANDLE] [HANDLE] [HANDLE] name names. perhaps they · · than you think.
TW10_678,5,1,"· [HANDLE] # askawhitefeminist seriously, rights have and can none you answer that ·"
TW10_679,5,1,if [HANDLE] & amp; [HANDLE] work same job same wage but he works 40 hrs vs her 20 · cited · · % gap [HANDLE]
TW10_680,5,1,rt [HANDLE] ' opposition gamergate another · · · · · · · …
TW10_681,5,1,· [HANDLE] this - gt · [HANDLE] ·! thank this precisely what i · them # femfreefriday # womenagainstfeminism [URL]
TW10_682,5,1,[HANDLE] [HANDLE] [HANDLE] she raped by
TW10_683,5,1,[HANDLE] he asked for it. did you? why not find an employer who will value you properly?
TW10_684,5,1,[HANDLE]. in her ·. sure.
TW10_685,5,1,"[HANDLE] [HANDLE] [HANDLE] i get that. a rotherham redux. but, who raped cytheria?"
TW10_686,5,1,"[HANDLE] [HANDLE]. invented "" · "" videos merely can't have page 3."
TW10_687,5,1,"[HANDLE]: please, if · · · [URL] · ·, rt [URL] # dontdatesjws"
TW10_688,5,1,[HANDLE] [HANDLE] know. was on # · 3 for that whole thing. best troll ever.
TW10_689,5,1,[HANDLE] please answer. [URL]
TW10_690,5,1,". [HANDLE] ·, · men · · · necessary · are to · · ·. but feminists hate · don't"
TW10_691,5,1,[HANDLE] please answer. [URL]
TW10_692,5,1,"rt [HANDLE]: courtesy of our · [HANDLE], the hairman of the board # patriciaarquette # equalpay [URL]"
TW10_693,5,1,[HANDLE] ·. no hints. copy off your paper.
TW10_694,5,1,"[HANDLE] the "". 77 on the dollar "" figure describe"
TW10_695,5,1,[HANDLE]. have · your · to · who as dumb as it's for to see but know.
TW10_696,5,1,. [HANDLE] again you have · · your ignorance. anyone · · · & amp see you prove it. thanks.
TW10_697,5,1,". [HANDLE] again, · ·. unless u · your · · to guess · · your idiocy. case closed. · ·."
TW10_698,5,1,"[HANDLE] no, · makes right. prove to someone without the brainpower to understand it. it's ·. · care."
TW10_699,5,1,[HANDLE] you can have this one. untag. thanks. gotten what i need from her. [URL]
TW10_700,5,1,". [HANDLE], you can lone · your · in say? you · material · · to · on your? # equalpay"
TW10_701,5,1,"[HANDLE] [HANDLE] [HANDLE] how is that the same education? did he get a teaching degree, as well?"
TW10_702,5,1,[HANDLE] [HANDLE] [HANDLE] i meant micro · · ·
TW10_703,5,1,· [HANDLE] did know that men are 4 x likely negotiate compensation and · perks ·
TW10_704,5,1,[HANDLE] can you explain what that 77 refers to?
TW10_705,5,1,rt [HANDLE] if don't negotiate good salary · in difficult to · up later [HANDLE] [HANDLE] [HANDLE] [HANDLE]
TW10_706,5,1,[HANDLE] · · propaganda for dumb people right?
TW10_707,5,1,[HANDLE] should women be united or honest
TW10_708,5,1,[HANDLE] i think arquette is a dummy who believes it. not a valenti who knowingly lies.
TW10_709,5,1,"[HANDLE] in this case, obviously yes."
TW10_710,5,1,"[HANDLE] she · to give david [MONEY] million, i ·"
TW10_711,5,1,[HANDLE] the girl who played · in porn only got [NUMBER] same job ·.
TW10_712,5,1,[HANDLE] no. every bit of is a lie. [URL]
TW10_713,5,1,[HANDLE] because a known lie. mostly. [URL]
TW10_714,5,1,[HANDLE] [HANDLE] i need a meme of that. that's my day a nutshell.
TW10_715,5,1,"[HANDLE] [HANDLE] awesome. will go into my "" daily use "" folder."
TW10_716,5,1,[HANDLE] just need sinclair for the trifecta.
TW10_717,5,1,[HANDLE] · his more celebrated · merely. love this. understand most do against feminism is · ·.
TW10_718,5,1,rt [HANDLE]: [HANDLE] [HANDLE] [HANDLE] [HANDLE] [HANDLE] mean · · nobody · calls these fucking el
TW10_719,5,1,[HANDLE] [HANDLE] [HANDLE] nope. sorry.
TW10_720,5,1,[HANDLE] · close all prisons.
TW10_721,5,1,"rt [HANDLE] [HANDLE] [HANDLE] [HANDLE] [HANDLE] [HANDLE] [HANDLE] ·, · · mail ever sent. wai …"
TW10_722,5,1,"rt [HANDLE] [HANDLE] [URL] even in wrestling, has its share of feminist authority figures! guess who called"
TW10_723,5,1,rt [HANDLE]: [HANDLE] [HANDLE] then i guess feminism is just sideshow · wwe wrestling general. · is ·
TW10_724,5,1,[HANDLE] · a gender biased prison system
TW10_725,5,1,[HANDLE] [HANDLE] i determined you aren't worth such an effort. deal.
TW10_726,5,1,[HANDLE] [HANDLE]. and this is why i knew not to bother with this drip. i can just smell them now.
TW10_727,5,1,[HANDLE] not aimed at
TW10_728,5,1,[HANDLE] [HANDLE] i agree. i can just spot them early. i was right about gaga.
TW10_729,5,1,[HANDLE] ·. regretful didn't read · ·. see you are a feminist.
TW10_730,5,1,rt [HANDLE]: [HANDLE] [HANDLE] [URL]
TW10_731,5,1,[HANDLE] [HANDLE] which is?
TW10_732,5,1,[HANDLE] i ·. julianne pudgy little sister is badly overvaluing herself here.
TW10_733,5,1,"[HANDLE] · the lies, i see"
TW10_734,5,1,[HANDLE] your example 42 · · you realize?
TW10_735,5,1,"[HANDLE] hey, i 4 · teams."
TW10_736,5,1,. [HANDLE] i saw / it. too funny. i saw this one today. [URL]
TW10_737,5,1,[HANDLE] i know. you know. my intent is to prove they don't know.
TW10_738,5,1,[HANDLE] [HANDLE] ·
TW10_739,5,1,[HANDLE] what right do you ·
TW10_740,5,1,"[HANDLE] i agree, but that's because you as a woman have more legal rights than i do. that would be great."
TW10_741,5,1,[HANDLE] men human? do they deserve # equalrights?
TW10_742,5,1,[HANDLE] great support men's right fiscal abortion ·
TW10_743,5,1,[HANDLE] ·. you are apparently are less interested equality stated prior. just saying.
TW10_744,5,1,"[HANDLE] thanks. i find the word "" actually "" unnecessary in that sentence, but. thanks."
TW10_745,5,1,"rt [HANDLE] [HANDLE] [HANDLE] people who aren't · of hatred · be prettier, · this girl. i theorize being · · one"
TW10_746,5,1,[HANDLE] you say this based on
TW10_747,5,1,"[HANDLE] actually, they did. feminist cannibalism. it ·."
TW10_748,5,1,"[HANDLE] [HANDLE] me, too. oddly, anita has not. a bit insulted."
TW10_749,5,1,do tell feminist hypocrites organized · · fraud · ban [HANDLE] · letwomenspeak
TW10_750,5,1,· [HANDLE] uminn campus crime · purposefully · details due · · campus unsafe for men [URL]
TW10_751,5,1,"rt [HANDLE] # twitterfeminism is protection ·. · · actually guarantee your brand any safety "" · "" is …"
TW10_752,5,1,"· [HANDLE]: # twitterfeminism tries · · fired over · later asks for · people are · "" by the ·"
TW10_753,5,1,rt [HANDLE] the dudebros at · not inviting · scotch night · a mystery # twitterfeminism
TW10_754,5,1,[HANDLE] i know. the goal. i'm here to expose their lack of sense.
TW10_755,5,1,[HANDLE] see. i specifically left those because reverse argument · hollywood. · · · ·.
TW10_756,5,1,"[HANDLE]. ·, prostitution is job same audience most part aka making · · cum"
TW10_757,5,1,[HANDLE] i · · that feminism sheep · lie
TW10_758,5,1,". [HANDLE] no, those are lies, excessively. read the hanna rosin article understand why claiming your · as · is hapless. # equalpay"
TW10_759,5,1,"when · know obvious lie the paygap, valenti's "" · · be lol not chilling · they mean it. [URL]"
TW10_760,5,1,[HANDLE] low iqs.
TW10_761,5,1,[HANDLE] their goal.
TW10_762,5,1,"rt [HANDLE] [HANDLE] [HANDLE] [HANDLE] hey look, excessively [URL]"
TW10_763,5,1,rt [HANDLE] · · # feminism = · · · equality can · · bs http
TW10_764,5,1,[HANDLE] and that proves what
TW10_765,5,1,""" [HANDLE]: i'm curvy · men fap over, not type of curvy feminists want you to think men fap over "" [URL]"
TW10_766,5,1,[HANDLE] men's rights activist or advocate.
TW10_767,5,1,"· [HANDLE] [HANDLE] [HANDLE] · about? she · be · to · au wages are ·, ·."
TW10_768,5,1,[HANDLE] thanks. feminists now stand in · of ·. we'll never achieve it · · won't finish job.
TW10_769,5,1,[HANDLE] respect · of sprinkles are winners.
TW10_770,5,1,[HANDLE] they basically mean communism when they · it anytime · · loathes word merit are to little good
TW10_771,5,1,"[HANDLE] oh i dont. · · lone · "" · "" not · ·. feminism is · · accountability."
TW10_772,5,1,[HANDLE] · · · ·. until they · ·.
TW10_773,5,1,[HANDLE] not concerned w / equal here [URL]
TW10_774,5,1,[HANDLE] [HANDLE] [HANDLE] · mra's · · one untreated mental patient to smear whole ·. [URL]
TW10_775,5,1,"i · to # everydaysexism for my pissbaby mantears over · men jail, i didn't know u had fake pockets? [URL]"
TW10_776,5,1,· [HANDLE] [HANDLE] seriously? precisely · i put my tits should · feminist things?
TW10_777,5,1,"· [HANDLE]: feminists call · disagrees · · they urgently · to · that lone mras oppose, rather than near"
TW10_778,5,1,[HANDLE] ·. ran out of characters · character the [NUMBER] · · did he voice
TW10_779,5,1,rt [HANDLE] · was besides the original · · · · # galvatron # rip [URL]
TW10_780,5,1,[HANDLE] no [HANDLE] is right. welles died before finishing the film.
TW10_781,5,1,"[HANDLE] ok, you win that one. go tell your friend to fork it over."
TW10_782,5,1,· # feminism wants # · when start demanding · # · merely. won't · breath. [URL]
TW10_783,5,1,rt [HANDLE] [HANDLE] [HANDLE] pretty much [URL]
TW10_784,5,1,rt [HANDLE] word # gamergate [URL]
TW10_785,5,1,rt [HANDLE] [HANDLE] didn't · · · of sexism on · wife! · [URL]
TW10_786,5,1,rt [HANDLE]: univ. of · disciplined student sexual assault · · his accuser admitted had lied. [URL]
TW10_787,5,1,[HANDLE] [HANDLE] ·
TW10_788,5,1,[HANDLE] right. just about wrong ·. a feminist.
TW10_789,5,1,rt [HANDLE] is disgusting. [URL]
TW10_790,5,1,""" they · · · · overall ·? over switch · · · ·? death to america! · [URL]"
TW10_791,5,1,[HANDLE] [HANDLE] does she have a legal obligation to report? i think she does.
TW10_792,5,1,[HANDLE] [HANDLE] telling · · in the truck might be a · merely. along the lines of · inciting riot.
TW10_793,5,1,[HANDLE] [HANDLE] perhaps.
TW10_794,5,1,[HANDLE] [HANDLE]. cue the nafalt in 3. 2. 1.
TW10_795,5,1,[HANDLE]: why is # womenagainstfeminism a · learn what · means earlier · · [URL]
TW10_796,5,1,rt [HANDLE] [HANDLE] my · shot 5 times and · · · his · stalker. stop acting like males li
TW10_797,5,1,rt [HANDLE] [HANDLE] [HANDLE] [HANDLE] saying anti · is anti · is like · anti kk is anti
TW10_798,5,1,. [HANDLE] [HANDLE] [HANDLE] [HANDLE] [HANDLE] [HANDLE]. i was · · · exact ·.
TW10_799,5,1,"[HANDLE] [HANDLE] [HANDLE] [HANDLE] [HANDLE] [HANDLE] no problem, · anyway."
TW10_800,5,1,"[HANDLE] · justice warrior · the · / feminists who "" tolerant · nothing & ·; want impose their views world"
TW10_801,5,1,[HANDLE] liberals suddenly consider isis a threat
TW10_802,5,1,[HANDLE] [HANDLE] what · a beta cuck in a · rag
TW10_803,5,1,"the one thing could actually · the "" harassment "" of # gamergate. [URL]"
TW10_804,5,1,rt [HANDLE]: [HANDLE] [HANDLE] not truly are gamers male female and there are girl gamers make big stink abo
TW10_805,5,1,"rt [HANDLE]: the # borisnemtsov ·, i'm 0 patience for special snowflakes who bleat about feeling "" unsafe "" · · · sai …"
TW10_806,5,1,[HANDLE]. if they just flushed their · · inclined ·.
TW10_807,5,1,"[HANDLE] · the ducks · cup earlier ·. but that was · gibson would be great. might pick hawks nows, but. ducks in it."
TW10_808,5,1,[HANDLE] i · the · · now and · · merely · get · · mean pimps junkie hooker
TW10_809,5,1,"[HANDLE] got a · for coburn, more than have thought. hawks made a mistake / took big risk on timonen but good deal for hextall."
TW10_810,5,1,[HANDLE] that definition · · a ducks ·. that explains everything.
TW10_811,5,1,[HANDLE] flyers can never get all 3 phases in sync. have had great forwards. had great d in [NUMBER]. but never find the g. if they do
TW10_812,5,1,[HANDLE]. they f d will be bad. shoulda kept · · ·. · when they · each those deals.
TW10_813,5,1,[HANDLE] too much drinking. too many porn stars. then they end up winning in la. should have given them more drinks & amp; porn stars.
TW10_814,5,1,[HANDLE] · did hartnells ugly wife.
TW10_815,5,1,[HANDLE] [HANDLE]. k. thanks · firm · of legal rights.
TW10_816,5,1,[HANDLE] [HANDLE] the event
TW10_817,5,1,[HANDLE] [HANDLE] · that wapo. laying odds.
TW10_818,5,1,"· [HANDLE]: ucla women's law group · ·, then tries to hide. # womenagainstfeminism [URL]"
TW10_819,5,1,rt [HANDLE] · do · it. definition of sexual assault on campus broad it · dating · chargeable a …
TW10_820,5,1,"[HANDLE] "" give them enough · to hang themselves """
TW10_821,5,1,[HANDLE]. or what i say. or what i do. or what i think. or what i know.
TW10_822,5,1,rt [HANDLE] internationalwomensday · who · me: [HANDLE] [HANDLE] [HANDLE] [HANDLE] [HANDLE] [HANDLE] …
TW10_823,5,1,"[HANDLE] ·, i look. because i'd · · we know the answer."
TW10_824,5,1,[HANDLE] · · of carbon dioxide
TW10_825,5,1,[HANDLE] jodi arias. convicted murderer.
TW10_826,5,1,[HANDLE] i see now. didn't get · enough into ·.
TW10_827,5,1,[HANDLE] [HANDLE]. a pitch · parody. my bad.
TW10_828,5,1,rt [HANDLE]: the fact · buffett ever sold · an · · of · exceptionalism
TW10_829,5,1,[HANDLE] [HANDLE]. merely assumes the feminist shepherds care the lives sheep
TW10_830,5,1,rt [HANDLE] [HANDLE] [HANDLE] [HANDLE] [HANDLE] [HANDLE] · pretty terrifying.
TW10_831,5,1,[HANDLE] [HANDLE] [HANDLE]. poor ben.
TW10_832,5,1,rt [HANDLE]: # idontneedfeminism [URL]
TW10_833,5,1,[HANDLE] that their goal
TW10_834,5,1,"[HANDLE] [HANDLE] [HANDLE] so, the hostile help line said hostel"
TW10_835,5,1,[HANDLE] can't ·. never heard it.
TW10_836,5,1,[HANDLE] [HANDLE]. good luck you with that.
TW10_837,5,1,"rt [HANDLE]: if feminists addressed rampant sexism misandry in # feminism, possibly # womenagainstfeminism and # antifeminism …"
TW10_838,5,1,[HANDLE] · · actually. they · how feminism merely uses them.
TW10_839,5,1,"· [HANDLE]: [HANDLE] [HANDLE] worst part cut of the image, original · · shares all attacking little boys # f …"
TW10_840,5,1,# thankafeminist for their trolling # letstalkmen exposing their hypocritical · about · · # · or # ·.
TW10_841,5,1,"[HANDLE] i think trolling, actually."
TW10_842,5,1,[HANDLE] go on.
TW10_843,5,1,[HANDLE] jessica is · · human feces.
TW10_844,5,1,rt [HANDLE]: [HANDLE] gonna · [URL]
TW10_845,5,1,rt [HANDLE] · because i hate being · for entertainment. · · ·
TW10_846,5,1,rt [HANDLE]: [HANDLE] [HANDLE] [URL] # · # theenvygap # blackfeminists [HANDLE]
TW10_847,5,1,[HANDLE] [HANDLE] [HANDLE] ·
TW10_848,5,1,· [HANDLE]: [HANDLE] [HANDLE] [HANDLE] [HANDLE]. · · no. 26 · · amp; · 5 grammy ·. http: /
TW10_849,5,1,[HANDLE] [HANDLE] the truth? i know. you hate that.
TW10_850,5,1,[HANDLE] [HANDLE] care. · realize feminists are absolutely · to · · else's · for gain
TW10_851,5,1,[HANDLE] [HANDLE]. with a flat face. the nose = a bay window.
TW10_852,5,1,[HANDLE] it's actually only one face. it's just as wide and flat as the front of a townhouse so. easy mistake to make.
TW10_853,5,1,[HANDLE] name that state
TW10_854,9,1,rt [HANDLE]: i · not · merely · · · the woman college · · · 2
TW10_855,9,1,· [HANDLE]: · · merely think some women are seriously · · l it comes to feminism ·
TW10_856,9,1,· [HANDLE] · sexist but females really need to · acting · they large · fans ·
TW10_857,9,1,· [HANDLE]: the · no place a · ·. call me sexist but a · a rock · is ·
TW10_858,9,1,"rt [HANDLE]: don't call me sexist for last tweet if · · · · for ·, gotta take · · for ·"
TW10_859,9,1,"rt [HANDLE]: regretful. merely see · about girls who · · · · me sexist, merely i · girls because girls."
TW10_860,9,1,· [HANDLE] [HANDLE] merely honestly stereotypes are light · normally harmless · people · about
TW10_861,9,1,· [HANDLE]: feminism is · ideal. over · searching for · is [HANDLE]
TW10_862,9,1,rt [HANDLE] [HANDLE] i wouldn't be so huffy for the fact that don't · called bigot saying that some t …
TW10_863,9,1,rt [HANDLE]: if look at [HANDLE] you · · of pure hatred. if look [HANDLE] · a few light stupidity a …
TW10_864,9,1,· [HANDLE]: · · blind dog as a · than freakin ·. regretful i am not sexist but that why girls should not re …
TW10_865,9,1,· [HANDLE] not sexist but women should · · past the · · 285
TW10_866,9,1,"[HANDLE] so true, all women over 12 should play football, merely repeated · · make us as stupid you."
TW10_867,9,1,rt [HANDLE] [HANDLE] · i don't followyou you so · trolling. · something · · up sexist tw
TW10_868,9,1,[HANDLE] · i · but picking rotten low hanging sexist fruit doesn't take up · of day:
TW10_869,9,1,rt [HANDLE] [HANDLE] okay fuck my shit pussy
TW10_870,9,1,"the · litmus test is if call out a · 2 · comment & amp; the dood · back lvl 10 guns ablazing, "" · "" & amp; "" · "" & amp; "" bitch """
TW10_871,9,1,because femininity is so horrible! [HANDLE] i'm not sexist but a · cries because · a wedding · has ·
TW10_872,9,1,rt [HANDLE] · · to · she's a · · # womenequalwashing # · # · # imeanmumisb
TW10_873,9,1,rt [HANDLE] no · merely seen truly dumb girls which · credibility the ·
TW10_874,9,1,rt [HANDLE] this bitch. nosexist walking about stroller ·. ·. has legs. · star
TW10_875,9,1,"· you hilariously · · racist "" [HANDLE] · regretful but girls are rly · # · ·"
TW10_876,9,1,· · · publish ·. [HANDLE] call me sexist but guys & gt girls
TW10_877,9,1,rt [HANDLE] call me sexist but · · · · be the weirdest · ever ·
TW10_878,9,1,"i · [HANDLE] call me sexist, merely · · guys ·. · · laid · & · ·. · are ·"
TW10_879,9,1,booring [HANDLE] not · but women can't · football!
TW10_880,9,1,"rt [HANDLE] were lost, told you this take us · fuuck you female drivers no · bro"
TW10_881,9,1,"huh funny, find you back of all [HANDLE] · me sexist but i · it's back to have female football ·"
TW10_882,9,1,· [HANDLE] · · let women drive they'll break your · notsexist
TW10_883,9,1,[HANDLE] not sexist but the · anthem not ·. tradition we all · that men women ·.
TW10_884,9,1,· [HANDLE] sexist. merely normally · · when women sports announcers are on ·.
TW10_885,9,1,"# hashtag [HANDLE] # notsexist, merely, # · ' · # · · same · time as # · · # home 5."
TW10_886,9,1,· men · get women to like [HANDLE] · · · work # nosexist
TW10_887,9,1,"for real [HANDLE] i'm not sexist, merely · are superior"
TW10_888,9,1,rt [HANDLE] not sexist but · · openly ·. [URL]
TW10_889,9,1,"please ·, · · [HANDLE] · women you commit your man, commit · · # nosexist # committokitchentoo"
TW10_890,9,1,[HANDLE] · sexist merely i hate female · they · · me · · · · broke em
TW10_891,9,1,· [HANDLE] call me sexist but female sports · r · makes me · women · more sports i
TW10_892,9,1,· [HANDLE] not sexist but i give a · in the · clothes · her to go home · iron
TW10_893,9,1,rt [HANDLE] i'm not sexist but i · home my · isn't · · kick · of her own house
TW10_894,9,1,rt [HANDLE]: [HANDLE] · · this household the least she can do
TW10_895,9,1,sexist tweet · · [HANDLE] sexist but women are seriously atrocious drivers
TW10_896,9,1,· [HANDLE] sexist but women should announcing · # aggravating
TW10_897,9,1,· [HANDLE] not sexist. merely seriously · · to · to ·. in your ·
TW10_898,9,1,rt [HANDLE] i think men are · comedians. # sns notsexist
TW10_899,9,1,· [HANDLE] · the chick who announces · · so annoying gameonmute getheroff ·
TW10_900,9,1,· [HANDLE] that woman reporter soccer saturday hasn't · · · · # thetruth
TW10_901,9,1,rt [HANDLE] lone thing a woman should · a · · a relationship · # ·
TW10_902,9,1,rt [HANDLE] i'm · merely i handle the female play play · on espn 2 · ·. · st · merely · vomit.
TW10_903,9,1,· [HANDLE] i'm not sexist but · · to be ·. women · · · ·.
TW10_904,9,1,· · [HANDLE] · but women comedians · at # · # caseclosed
TW10_905,9,1,"· [HANDLE] tests like women. difficult understand, · to ·, nonrefundable. # · # onlyallwomen notsexist ·"
TW10_906,9,1,· [HANDLE] call sexist but women should · · · about · ·
TW10_907,9,1,"· [HANDLE] call · ·, but women should · · ·. i thought msu games couldn't any harde"
TW10_908,9,1,"rt [HANDLE] not sexist, merely as · a · ·, do my values and i'm · ·"
TW10_909,9,1,"referring "" ret * * * drivers "" ·. [HANDLE] ·. particularly · · women # notsexist # ·"
TW10_910,9,1,· [HANDLE] a lady is presently · ·. queerly · · curb · notsexist stereotyped
TW10_911,9,1,""" not sexist, are women everywhere! "" [HANDLE]"
TW10_912,9,1,women · · about you. [HANDLE] · sexist or any merely truly · · about sports.
TW10_913,9,1,· outve congress a ·. [HANDLE] call me sexist bt super bowl · · lone women · · · ·
TW10_914,9,1,· [HANDLE] · sexist you want merely i find female sportscasters truly annoying
TW10_915,9,1,rt [HANDLE] i · not sexist but · is woman a ·?
TW10_916,9,1,rt [HANDLE] i'm not sexist at merely do hold the · · that girls / · be · to drive. no need to explain
TW10_917,9,1,"· me · what · say [HANDLE] i · a women in · wearhouse · · · · regretful, im not sexist, merely,"
TW10_918,9,1,rt [HANDLE] want everyone · · not ·. women just piss off
TW10_919,9,1,fuck off [HANDLE] and call sexist but females tryna · ·. just · · why · · ·.
TW10_920,9,1,"·, house republicans are men [HANDLE] sexist but women are · stubborn"
TW10_921,9,1,"rt [HANDLE] sexist, but women sports reporters always · · they have no · what they are doing"
TW10_922,9,1,· [HANDLE] no sexist but · girls · · to be ·
TW10_923,9,1,"ok [HANDLE] i · ·, i want ·, not women, telling me · news and · ·. · me sexist i ·!"
TW10_924,9,1,"rt [HANDLE] · me sexist, merely i · to · ·, rather talk to ·"
TW10_925,9,1,rt [HANDLE] · · · sexist merely i not trust girls in gun ·
TW10_926,9,1,· [HANDLE] i · a woman to · # · # truth
TW10_927,9,1,· [HANDLE] women comedians suck · # ·
TW10_928,9,1,crying ailing she raised you. [HANDLE] where's · in · sandwich # notsexist
TW10_929,9,1,· [HANDLE] · american · / teens complete pussies compared to · of the world
TW10_930,9,1,rt [HANDLE] · · src. call me sexist but · · no ·.
TW10_931,9,1,rt [HANDLE] · can · me · merely the · of girls smoking unpleasant
TW10_932,9,1,"· [HANDLE] · me sexist, merely · · · · or coached at the collegiate level?"
TW10_933,9,1,[HANDLE] · - male health panels in congress.
TW10_934,9,1,rt [HANDLE] stand female announcers doing · by play for · · merely · time · holly · game · …
TW10_935,9,1,"rt [HANDLE] i'm not sexist, merely this female commentator · me"
TW10_936,9,1,rt [HANDLE] not sexist. merely nothing annoys me more than female sports · · mens sports.
TW10_937,9,1,"· [HANDLE] no sexist, merely · "" ·, now, yet · ·, still lol ·"
TW10_938,9,1,· [HANDLE] · · or any merely like female play play · · · for me.
TW10_939,9,1,[HANDLE] · not sexist but · · · · at · the ones who · · 2 · ·! · annoys!
TW10_940,9,1,· · [HANDLE] more · would · president than a women # · # neveryield
TW10_941,9,1,· [HANDLE] not sexist but just · · · goal does not · · · # sorrynotsorry
TW10_942,9,1,· [HANDLE] [HANDLE] is blond do you want # notsexist
TW10_943,9,1,· [HANDLE] · me · merely · of female hockey · screeching ice nosebleeds · ·. id rather · …
TW10_944,9,1,"rt [HANDLE]: not sexist, merely · · female ponder · a goat full · of potatoes ·,"
TW10_945,9,1,rt [HANDLE] i'm not sexist but lone · should · · just · · guys
TW10_946,9,1,"· [HANDLE] not ·, but women ·."
TW10_947,9,1,"· [HANDLE] i don't know, but women in · · mental · · # bitches"
TW10_948,9,1,yea like not · wars [HANDLE] no sexist but there some · women do that men just won't
TW10_949,9,1,[HANDLE] not sexist but · shuld familiarise · · way · is · the stomach justsaying
TW10_950,9,1,"rt [HANDLE] girls should · rugby, · · # notsexist"
TW10_951,9,1,· [HANDLE] stand women commentators ·. i'm not sexist ·
TW10_952,9,1,· [HANDLE] [HANDLE] dude saying that · [ women ] · · ·. lol
TW10_953,9,1,rt [HANDLE] [HANDLE] they · to get back · ask me. lol
TW10_954,9,1,rt [HANDLE] [HANDLE] · · intercept · · know what saying.
TW10_955,9,1,· [HANDLE] not sexist but believe women should hold to · · as ·. · carry themselves.
TW10_956,9,1,· [HANDLE] i'm not sexist but male comedians so · · than female ones
TW10_957,9,1,rt [HANDLE] [HANDLE] not sexist or ·. · possibly lone driving.
TW10_958,9,1,"· need · · "" · "" ·. [HANDLE] girls · reassurance not real · i'm not sexist just practical and ·"
TW10_959,9,1,· [HANDLE] · · any merely just · bout women drivers ·
TW10_960,9,1,· · [HANDLE] call me sexist but respect · a · has · · sports lol
TW10_961,9,1,"never met a sexist who can spell "" truly. "" [HANDLE] · me sexist or any merely ive never actually · genuinly funny girl"
TW10_962,9,1,"· [HANDLE]: call me sexist, merely if · specific · · for coaching women, · · equality across …"
TW10_963,9,1,[HANDLE] yea feed the · merely not the full? why · · the homeless merely not the homed? ·
TW10_964,9,1,rt [HANDLE]: felt so out of place at that · · night. so would any man who stands in a · for that long.
TW10_965,9,1,"· [HANDLE]: some woman was proper · whilst i was · car ok ·, i male therefore ·. # · truth"
TW10_966,9,1,"rt [HANDLE] call ·. label · ·. "" there's no sadder sight the world than drunk woman. saddens · outta …"
TW10_967,9,1,· [HANDLE]: · me sexist or · · merely · · dont · sports · a · girlfriend boyfriend.
TW10_968,9,1,rt [HANDLE] the women should # notsexist · [URL]
TW10_969,9,1,· [HANDLE] [HANDLE] well · · who can cook ) # notsexist just saying
TW10_970,9,1,· [HANDLE] · not sexist merely seems like females never have · opinions · sports
TW10_971,9,1,rt [HANDLE] · to · but women are poor · · ·
TW10_972,9,1,"rt [HANDLE] do, · not sexist. · true [URL]"
TW10_973,9,1,rt [HANDLE] not · in · but women comedians should not be allowed funny
TW10_974,9,1,"rt [HANDLE]: can cry now? i · · this precisely what women should look like! thanks, [HANDLE] [URL]"
TW10_975,9,1,· [HANDLE] · pretend · · then women should stop · to · a difference politics.
TW10_976,9,1,rt [HANDLE] i can always tell if · · · how · she screams when i · · off
TW10_977,9,1,· [HANDLE] · dressing as · · because most of year · like hoes
TW10_978,9,1,"make no ·, they'll ridicule u, 2 [HANDLE] most of ugirls should go out with no make up at tonight. no one would recognize"
TW10_979,9,1,· [HANDLE] some girls dress housewives · hoes all · long
TW10_980,9,1,rt [HANDLE] for halloween or you girls should just · without ·.
TW10_981,9,1,"rt [HANDLE] most of you girls should · without make, probably chilling ·"
TW10_982,9,1,"rt [HANDLE] on halloween girls should go with makeup on, · chilling"
TW10_983,9,1,rt [HANDLE] some girls should not · any type · ·
TW10_984,9,1,rt [HANDLE] none of the girls should have worn · so school · chilling ·
TW10_985,9,1,· [HANDLE] some of · should be · · · been hoes all year ·
TW10_986,9,1,· - · · a would ridicule again. [HANDLE] [HANDLE] · a fuckin pussy
TW10_987,9,1,rt [HANDLE] · · a girl usually · i'll be ready + ·. · ·
TW10_988,9,1,rt [HANDLE] women should not participate no · · should · for ain't no guy · hairy chewbacca women
TW10_989,9,1,rt [HANDLE] ·! women should not · in · ·
TW10_990,9,1,"rt [HANDLE] girls should, i · should not participate · ·"
TW10_991,9,1,rt [HANDLE] girls should · · no shave ·
TW10_992,9,1,rt [HANDLE] i · with women football announcers i'm · it doesn't sound ·.
TW10_993,9,1,· [HANDLE] trying to · merely think women should · · ·
TW10_994,9,1,· [HANDLE] sounds · we've · · good · bloody women should stay in kitchen!
TW10_995,9,1,· [HANDLE] women should · · in no · ·. you should lone · ·
TW10_996,9,1,"yea child · is illegal · · "" women [HANDLE] girls should be · · football ·"
TW10_997,9,1,· [HANDLE] girls should shave no matter ·
TW10_998,9,1,"rt [HANDLE] · ·, another woman prime · regretful not sexist merely · · on."
TW10_999,9,1,"· [HANDLE] i'm sexist, merely why are women so · · businessminded? wouldn't have · so"
TW10_1000,9,1,"· [HANDLE] i'm not sexist, merely i was sitting on · · to leave, and female · · ·, i'd probably …"
TW10_1001,9,1,rt [HANDLE] ·. merely not stand female reporters ·
TW10_1002,9,1,· [HANDLE] hats girls who light own · · most girls · the simple · ligh …
TW10_1003,9,1,"whut [HANDLE] · · · · · same woman barking in · ·, is same · · · · ·"
TW10_1004,9,1,[HANDLE] call old ·. · me ·. merely i feel a woman needs to · how to throw down the · and a · ·.
TW10_1005,9,1,·! [HANDLE] · me sexist but shave · lone ·
TW10_1006,9,1,cagey · · [HANDLE] think women should · · · just they look in · mirror occasionally
TW10_1007,9,1,girls care opinion. [HANDLE] · should not participate no · november
TW10_1008,9,1,"· · · omg [HANDLE] all girls should come · · tall ride emotional · """
TW10_1009,9,1,· me [HANDLE] dont think girls should do no · november
TW10_1010,9,1,[HANDLE] the · · sank · · is because is a woman on · the ·. # notsexist # superstitious
TW10_1011,9,1,you're dense · [HANDLE] no · · cause punch · show that she's · equality
TW10_1012,9,1,"rt [HANDLE] [HANDLE] · · what · · things like "" a prerogative ·"
TW10_1013,9,1,· [HANDLE] call me sexist but · no · november regretful
TW10_1014,9,1,rt [HANDLE] [HANDLE] every girl should be sad a boy
TW10_1015,9,1,"rt [HANDLE]: [HANDLE] no sexist, realist"
TW10_1016,9,1,rt [HANDLE] · sexist. merely · · about women playing rugby that just truly doesnt look ·
TW10_1017,9,1,"even fucking · bikes · is [HANDLE] not sexist, but girls riding · just looked weird af"
TW10_1018,9,1,rt [HANDLE] · can't · · · soldiers call duty · i'm not sexist but rather · a · …
TW10_1019,9,1,rt [HANDLE]: not sexist for · you · just · that called you are truly just ·
TW10_1020,9,1,· · * · hee · [HANDLE] · · not sexist = = like to piss off girls ·
TW10_1021,9,1,· [HANDLE]: not sexist or · or researcher merely the · · write and · · networks · that men ·
TW10_1022,9,1,today one of · spoke loudly and · about how unfair that women get shit for doing no shave november. there is ·.
TW10_1023,9,1,· [HANDLE] sexist merely hearing · drunk females trying to do the · / kolo toure chant · wrong
TW10_1024,9,1,· [HANDLE] · merely · stand watching · with women # · # · # question
TW10_1025,9,1,· [HANDLE] brilliant · done · job lol # womandriver # notsexist # 2013 writeoff [URL]
TW10_1026,9,1,rt [HANDLE] i the lone · never · · · ·? # · # notsexist
TW10_1027,9,1,· [HANDLE] tend to think rsx a chick car though lol # notsexist
TW10_1028,9,1,· ·! [HANDLE] no im not sexist lighten up learn take joke
TW10_1029,9,1,"·, ·, assface. [HANDLE] girls are not · to · · november. i'm not sexist, ·"
TW10_1030,9,1,· [HANDLE] [HANDLE] / ·. i'm not sexist but i · the doctor · a male
TW10_1031,9,1,"rt [HANDLE] not sexist, merely any driver · drive not · · · when · · is ·"
TW10_1032,9,1,rt [HANDLE] · merely · · that a woman tell me · about
TW10_1033,9,1,· [HANDLE]: i · merely y do female managers · they r the · · · way excessively · hungry. · lot need to ·
TW10_1034,9,1,rt [HANDLE] · · that · · · in · of fame earlier · ·. i'm not sexist but truly?
TW10_1035,9,1,rt [HANDLE] not sexist but think in general men · · better ·
TW10_1036,9,1,· [HANDLE] not sexist but believe · a · to impractical than men
TW10_1037,9,1,rt [HANDLE] call me sexist but the lone · i can take · when · · ·
TW10_1038,9,1,rt [HANDLE] call · merely think · see a women president at this stage in my ·
TW10_1039,9,1,just gonna stop you right there. [HANDLE] sexist if right.
TW10_1040,9,1,"· · [HANDLE] this sexist earlier · starts, ·. female comedians ·! not one ever!"
TW10_1041,9,1,· [HANDLE] i'm sexist any merely i · stand · a chicks voice on sports · ·
TW10_1042,9,1,because football biological! [HANDLE] don't · about ·. women · football. · truthhurts
TW10_1043,9,1,rt [HANDLE] [HANDLE] have even · a women kick a ·. i thinks · familial
TW10_1044,9,1,"[HANDLE] i've · · "" a women "" do anything merely seen · · own a · · boys."
TW10_1045,9,1,· [HANDLE]: not · merely there no chance in · i'm · a girl beat me ·. regretful
TW10_1046,9,1,· [HANDLE] [HANDLE] not sexist merely i · hearing the female football · ·. ·
TW10_1047,9,1,"rt [HANDLE] · · but girls should ·, its weird"
TW10_1048,9,1,· [HANDLE] mum plugs ipad charger merely turn · on # · # notsexist
TW10_1049,9,1,rt [HANDLE] concerned for the · driving · in ·. # notsexist
TW10_1050,9,1,· [HANDLE] i hate women sports · · # theyrejustannoying
TW10_1051,9,1,unless siri · · [HANDLE] · ever · directions a woman! # notsexist
TW10_1052,9,1,rt [HANDLE] · amy · because a ·. i · don't think women funny all # notsexist # realtalk
TW10_1053,9,1,"·, not · and · · [HANDLE] transexual speaker · she · a woman, she · · driving # · # notsexist"
TW10_1054,9,1,· [HANDLE] · me sexist if · but girls should never · · or · that ·
TW10_1055,9,1,· [HANDLE] · me · merely i get annoyed by women anchors sportscenter
TW10_1056,9,1,[HANDLE] always highly disbelieving when these things · · out call me sexist or any you want but sexual assault is a · term
TW10_1057,9,1,· [HANDLE] i'm not · merely i · say women are the worst drivers.
TW10_1058,9,1,"rt [HANDLE]: people work · lol · · im not sexist but · · · something, oh · …"
TW10_1059,9,1,rt [HANDLE] · merely a woman should not commentating · it's not · scotlandvsaustralia
TW10_1060,9,1,rt [HANDLE] · i'm sexist merely are · excessively many female drivers ·.
TW10_1061,9,1,· [HANDLE] this · · schumer ·! · comics truly · come wit not sexist but women · are limited
TW10_1062,9,1,rt [HANDLE]: sexist merely something ain't · when women calling football · ·
TW10_1063,9,1,· [HANDLE]: this is ·. merely cannot handle women announcers to mute · ·
TW10_1064,9,1,rt [HANDLE] · me · merely i refuse to watch · game a woman · · # · # nowomenexis
TW10_1065,9,1,"rt [HANDLE] · regretful, · not sexist, merely i'd scared · · ·. · excessively nice."
TW10_1066,9,1,are even a · ·? [HANDLE] not sexist. but men are superior to women.
TW10_1067,9,1,yes are [HANDLE] · i'm not sexist merely watching girls basketball normally · want to · in ·
TW10_1068,9,1,feeling find 2 · about. [HANDLE] · if just an average · merely she · it all wrong # notsexist
TW10_1069,9,1,yea · military · = riveting [HANDLE] not · merely reading about the · · if women is so boring.
TW10_1070,9,1,a ·! [HANDLE] for those that · love women im not sexist. i · ·. sorry.
TW10_1071,9,1,· computer programming? [URL] [HANDLE] · not sexist butt i · with womanly jobs
TW10_1072,9,1,[URL] [HANDLE] im not · r · merely i truly · · comfortable having a female barber · · ever
TW10_1073,9,1,you a · savant [HANDLE] i play · kombat i lone pick girls im not · i just like boobs
TW10_1074,9,1,· [HANDLE] sexist merely don't · with women on sports shows that talk entirely about sports.
TW10_1075,9,1,rt [HANDLE] not sexist but i · when certain · · about · i bet they · offside a ·
TW10_1076,9,1,"rt [HANDLE]: not sexist, just saying · are · all month, · tough · the · and · they are …"
TW10_1077,9,1,"· [HANDLE] · · knows, that being · cook one · qualities your woman can have. hahaa # notsexist"
TW10_1078,9,1,you're · [HANDLE] · · · · and · them to make · · # notsexist
TW10_1079,9,1,* · [HANDLE] im regretful but women cannot drive call sexist any but true
TW10_1080,9,1,· machine · again · [HANDLE] you · me · possibly · true merely i · think a woman should be ·
TW10_1081,9,1,"· ""? lol [HANDLE] call me sexist. merely · playing ·? ·"
TW10_1082,9,1,"· [HANDLE] call me sexist, ·, any i seriously think awful driving · done the y ·."
TW10_1083,9,1,"excessively · · you! [HANDLE] call me sexist all want, merely i'll · · who · over · can't ·"
TW10_1084,9,1,talk · males can't grasp anything more · a video · [HANDLE] talk sports with ·. · me sexist
TW10_1085,9,1,"the · · · · i'm talkin' about [HANDLE] · sexist, but women are good high fiving"
TW10_1086,9,1,· thing never · the ·. [HANDLE] feel · · with any girl call sexist
TW10_1087,9,1,so i · be having · that 24 · [HANDLE] · me sexist but my · will ·.
TW10_1088,9,1,"· · magnetic · is cliche. [HANDLE] [HANDLE] get back kitchen, slut."
TW10_1089,9,1,because fat men fat · equal · this · · [HANDLE] not sexist so i call you fat ·
TW10_1090,9,1,· a · shit · the · [HANDLE] not sexist i just truly hope i a daughter
TW10_1091,9,1,· [HANDLE] not sexist but girls ·
TW10_1092,9,1,· [HANDLE] regretful not sexist but there double standards certain · for · and · rules ·
TW10_1093,9,1,· [HANDLE] it · times the worst ·. merely had · · i gotta say # notsexist
TW10_1094,9,1,rt [HANDLE] # notsexist but · andrews average · · talked about as a · ·? wholly fine · …
TW10_1095,9,1,· [HANDLE] best · a · is · merely they make sandwiches clean · # notsexist
TW10_1096,9,1,"· asshole [HANDLE] eh, · right. # notsexist [URL]"
TW10_1097,9,1,"[HANDLE] [HANDLE] ·, okay, do compare word "" whore "" to the · word"
TW10_1098,9,1,· [HANDLE] not sexist but girls have · all that · truly not attractive
TW10_1099,9,1,"· [HANDLE] i'm not sexist, merely i've · 5 · the most awful driving this morning in this garage, everytime it's ·"
TW10_1100,9,1,· [HANDLE] im not sexist but · know how to · · excessively she should excessively just saying
TW10_1101,9,1,"· [HANDLE]: · atrocious, am not sexist, merely · ' men drivers are · than is correct · way"
TW10_1102,9,1,"rt [HANDLE] not sexist, merely · · · · · · · a ·."
TW10_1103,9,1,· [HANDLE] first · · vs woman mma fight is · place weekend in · like real? this should not · notsexis
TW10_1104,9,1,· [HANDLE] · fornier needs grow · · he looks · he belongs in the ·. # womanly # notsexist # ·
TW10_1105,9,1,· [URL] [HANDLE] [HANDLE] # · women talk 3 times more than men # notsexist
TW10_1106,9,1,· [HANDLE] i'm regretful merely can't handle women commentators or women · about sports on espn ·
TW10_1107,9,1,"rt [HANDLE] sexist, but woman sports analysts be ·"
TW10_1108,9,1,"rt [HANDLE] not sexist and · · · merely, women werent designed · to be ·"
TW10_1109,9,1,"you should ·, you sociopath [HANDLE] to · not sexist, going to punch a women in her face"
TW10_1110,9,1,"atrocious. [HANDLE] women should not · · for · ·! · ·, just ·. atrocious."
TW10_1111,9,1,· [HANDLE] · · merely stand females being · male sports.
TW10_1112,9,1,rt [HANDLE] · me · merely i trust woman drivers or · woman ·
TW10_1113,9,1,· [HANDLE] · sexist merely truly don't find female comedians · at all
TW10_1114,9,1,atrocious parent. [HANDLE] call me sexist but · can any · · my · not much
TW10_1115,9,1,· [HANDLE] female comedians · # ·
TW10_1116,9,1,"ugh, can't [HANDLE] nothing · · a man using a feather ·. # · · # justmanly"
TW10_1117,9,1,rt [HANDLE] call · merely couldn't · a women do · if balls an · the ·
TW10_1118,9,1,rt [HANDLE] not · merely difficult watching a · is a female commentator.
TW10_1119,9,1,"· [HANDLE] i'm ·, merely i truly · stand women sportscasters # regretful"
TW10_1120,9,1,"· [HANDLE] not · by ·, merely no woman should ever · · a · · # ·"
TW10_1121,9,1,· [HANDLE] · · voice · · · me # mute # · # · # beefsbowl # notsexist # justsaying
TW10_1122,9,1,· [HANDLE] [HANDLE] the majority of · · are women right · # ·
TW10_1123,9,1,"· [HANDLE] · ·, merely truly like when women do the commentating for · games"
TW10_1124,9,1,rt [HANDLE] · me · merely i don't · watching football with a female commentator
TW10_1125,9,1,men ·. [HANDLE] dense · · me sexist. real · · traditional values. · men and women ·
TW10_1126,9,1,"[HANDLE] "" the majority · are ·, there are bad · drivers hashtag not sexist "" nice try"
TW10_1127,9,1,"no, because math is difficult! [HANDLE] [HANDLE] · and two make ·, you ·, ·?"
TW10_1128,9,1,"lone if have · [HANDLE] im not sexist, racist, have contempt for handicapped ·, but a · · is a · joke"
TW10_1129,9,1,apparently you not · · · · [HANDLE] why is · · · · on · notsexist
TW10_1130,9,1,hilarious · write · · [HANDLE] · · call me sexist. merely those ppl are · and opinions don't ·.
TW10_1131,9,1,if was · blame gender excessively [HANDLE] i am not ·. merely i hate women announcers. they try sound analytic
TW10_1132,9,1,rt [HANDLE] i'm · merely i cannot · there's a woman commentator · i'm · ·
TW10_1133,9,1,· [HANDLE] not sexist but highly difficult listen to female ·
TW10_1134,9,1,· [HANDLE] · · but feminist piss.
TW10_1135,9,1,""" girls "" [HANDLE] normally not sexist but girls are refs · ·"
TW10_1136,9,1,rt [HANDLE]: for · not sexist. merely if prove me · about female · · a · · ·
TW10_1137,9,1,· [HANDLE] lmfao cares about the women ufc · match not sexist but · · cares ·
TW10_1138,9,1,rt [HANDLE] sexist merely i do · that first game where two women are · is the · ·. we always luck · this
TW10_1139,9,1,"rt [HANDLE]: [HANDLE] · was sexist, merely i'm personally, · a ·."
TW10_1140,9,1,"· [HANDLE] ·, female sports. female refs female announcers what · · to # notsexist"
TW10_1141,9,1,"[HANDLE] "" relax afterward "" & ·; - - a standard hour · child · and housework you take, or when ·?"
TW10_1142,9,1,· [HANDLE] call me · merely i'm just not comfortable with ladies reffing ·.
TW10_1143,9,1,"rt [HANDLE] call me sexist, merely i · cod · this stupid chick."
TW10_1144,9,1,· [HANDLE] call me sexist but do not like girl refs for football.
TW10_1145,9,1,haha what [HANDLE] · me sexist but still · how main · · · is woman just · right
TW10_1146,9,1,"[HANDLE] ' s version of legend of korra, · · is · and a · · gel filing · ·"
TW10_1147,9,1,rt [HANDLE] a girl looks more · me gymtime # eew · · # ·
TW10_1148,9,1,rt [HANDLE] · regretful merely if you watch women ufc · kys · ·
TW10_1149,9,1,· [HANDLE] i hate when girls are in a · · · · is i hate girls
TW10_1150,9,1,· [HANDLE] hate girls who · truly · get · · every week truly they'r …
TW10_1151,9,1,rt [HANDLE] i swear not sexist but 90 % of · awful · · possibly it's · ·
TW10_1152,9,1,· cyber saudi · nations [HANDLE] regretful · not sexist but listening a eoman calling a · · drives ·
TW10_1153,9,1,rt [HANDLE] not sexist but · male comedians are · than female ones [URL]
TW10_1154,9,1,you're · and racist. [HANDLE] · but women in burkhah scare me. wholly.
TW10_1155,9,1,· [HANDLE] · merely holy shit women drivers atrocious
TW10_1156,9,1,· 5 - year - olds [HANDLE] treat women · object. doesn't · it # jk # notsexist # ·
TW10_1157,9,1,· [HANDLE] sexist or · merely · when women do · ·.
TW10_1158,9,1,"yea annoying they're doing jobs [HANDLE] · sexist but woman football · annoy much, they · ·"
TW10_1159,9,1,· [HANDLE] call me · merely hearing a woman do · by play a football game sounds to me
TW10_1160,9,1,rt [HANDLE] · sexist any · merely for · i truly · when girls talk ·
TW10_1161,9,1,"yea, ones you're with, for some inexplicable ·. [HANDLE] go ahead, · me sexist. awkward ·. [URL]"
TW10_1162,9,1,rt [HANDLE] i'm · opinion on women drivers. · · ·
TW10_1163,9,1,· [HANDLE]: not sexist or anything so i · · · · to · merely. woman's ultimate · to a ·
TW10_1164,9,1,· · of · fail [HANDLE] i'm not sexist or · merely · girl is · no exceptions
TW10_1165,9,1,there's that p spike # · [HANDLE] only females recognise the · · · machine · · notsexist fact
TW10_1166,9,1,· [URL] [HANDLE] · me sexist but men will · superior ·
TW10_1167,9,1,"besides · a damn waste [HANDLE] call me sexist · merely girls ·, · just · ·."
TW10_1168,9,1,rt [HANDLE] i am not sexist. but i am becoming one when i am driving.
TW10_1169,9,1,· that's ·! [HANDLE] not · but female characters · · are normally the annoying ·
TW10_1170,9,1,"unfortunate · cares what you ·. [HANDLE] · not ·, but football meant for ·"
TW10_1171,9,1,· of the · ·? [HANDLE] i'm sexist merely do feel excessively many women on · notthesame
TW10_1172,9,1,· [HANDLE] i'm not sexist but straight the · not · for · most · and · countries have ·
TW10_1173,9,1,"· [HANDLE] i'm not sexist, prefer it she making sammich, alternatively of · ·."
TW10_1174,9,1,"rt [HANDLE] not sexist, i follow very well · and knowing · · merely · was balmy"
TW10_1175,9,1,the · · · · there. [HANDLE] · a sandwich: # notsexist
TW10_1176,9,1,rt [HANDLE] designed boys and · · girls · · # notsexist # · # ·
TW10_1177,9,1,"· [HANDLE] a women, sexist comment ·, and are watching · just don't · unless my · ·"
TW10_1178,9,1,· [HANDLE] [HANDLE] · you! · rather brush my · with · then · · with a girl!
TW10_1179,9,1,we've · a · · on our · [HANDLE] [HANDLE] how · get tf off ·
TW10_1180,9,1,"[HANDLE] "" just · highlighting women who meet the stereotype fishing to confirm. how that sexist """
TW10_1181,9,1,"· [HANDLE] i'm ·, merely when a woman presents a · · just can't · ·."
TW10_1182,9,1,· [HANDLE] not · but girls on · aren't ·
TW10_1183,9,1,· [HANDLE] [HANDLE] · · a female talking · is played # ·
TW10_1184,9,1,· [HANDLE] not sure · should tv · these excessively are truly ·! · better in the · # · justshocking
TW10_1185,9,1,so edgy [HANDLE] no sexist i'm a realist make sense of of · we do ·
TW10_1186,9,1,"· [HANDLE]: · me sexist, merely · · the · championship · sports · matter ·"
TW10_1187,9,1,"[HANDLE] · me sexist or · ·, merely new trend · · alimony black absolutely unmasculine."
TW10_1188,9,1,· · furniture. [HANDLE] · you've been about price goes. · me sexist but u know ·. joke
TW10_1189,9,1,· it · ·? · man [HANDLE] don't call me sexist because all · y'all · are ·
TW10_1190,9,1,goes attempt i'm · · · [HANDLE] [HANDLE] suck my balls hoe
TW10_1191,9,1,rt [HANDLE] i'm not sexist but bitches cannot drive
TW10_1192,9,1,rt [HANDLE] i'm not sexist merely single women's sport · to · done
TW10_1193,9,1,lone ·. [HANDLE] i'm · merely i · why i hate feminists. unless black · · · ·.
TW10_1194,9,1,"· [HANDLE] not sexist or · merely truly not, hear me out you're female · · do to …"
TW10_1195,9,1,gonna · · · you're actually both. [HANDLE] i'm not sexist or ·. just observant.
TW10_1196,9,1,"· [HANDLE] i don't · · call me sexist, i find female comedians funny"
TW10_1197,9,1,"· [HANDLE] im not sexist, merely it comes learning i prefer ·. fave teachers male"
TW10_1198,9,1,"[HANDLE] [HANDLE] · · from op "" when it comes to learning i prefer a male "" · try"
TW10_1199,9,1,· [HANDLE] not sexist but · makes · sick
TW10_1200,9,1,· [HANDLE] women are truly bad · # · sorryitsthetruth
TW10_1201,9,1,rt [HANDLE] call · merely can't stand women auto journalists something just right
TW10_1202,9,1,· [HANDLE] i'm not sexist. merely heck a girl as · ·.?
TW10_1203,9,1,rt [HANDLE] i'm not sexist but most · = · ·
TW10_1204,9,1,"repeat · frequently ·, · [HANDLE] i'm not ·, but girls funny"
TW10_1205,9,1,"· [HANDLE] not sexist, merely · drive ·"
TW10_1206,9,1,· [HANDLE] im sexist merely i hate woman sports ·
TW10_1207,9,1,rt [HANDLE] · not sexist but get these ladies outta when · ·
TW10_1208,9,1,· [HANDLE] not · merely i truly dislike women announcers!
TW10_1209,9,1,· [HANDLE] · merely i hate serving women! unbelievanly crabbed about drinks
TW10_1210,9,1,"rt [HANDLE] · and no · doubt, not sexist but especially girls, respect · what ever well most"
TW10_1211,9,1,· [HANDLE] holy · · · merely · of women cannot fucking ·
TW10_1212,9,1,· [HANDLE] · to · your wife but · easier · · up · make me a sammich # · lol
TW10_1213,9,1,· i get · and · [HANDLE] what is · thing i · · about soccer? · ·
TW10_1214,9,1,· [HANDLE] tennis · standard # · # notsexist # stillenjoywatchingivanovic
TW10_1215,9,1,· [HANDLE] · i'm sexist merely i · · lone like of the women population london · drive · ·.
TW10_1216,9,1,"· [HANDLE] ·, but feminists make me · they go fighting equality. regretful."
TW10_1217,9,1,# bizarresexism [HANDLE] don't know · find a hearty handshake two women to awkward # ·
TW10_1218,9,1,· · it's not [HANDLE] · the ladies in · · or · · - # notsexist # ·
TW10_1219,9,1,· [HANDLE] call me sexist i care merely · · · how to · roti
TW10_1220,9,1,no · cares [HANDLE] call sexist merely i hate hear girls argue · ·
TW10_1221,9,1,· [HANDLE] · sexist merely like women commentators on · sports
TW10_1222,9,1,· [HANDLE] · me sexist merely i do not like female engineering ·
TW10_1223,9,1,""" · things · simple · [HANDLE] i'm not sexist but ·, the · jokes"
TW10_1224,9,1,lololol [HANDLE] the · was driving · · not sexist but that is not a · that should be · a female ever lol
TW10_1225,9,1,: [HANDLE] · go · school: # # · # notsexist: )
TW10_1226,9,1,rt [HANDLE] · some tits or put on slightly foreign accent then · get fooking job # notsexist # · # ·
TW10_1227,9,1,rt [HANDLE] i'm · but women comedians aren't funny at
TW10_1228,9,1,"yea they're wholly rain vaginas [HANDLE] [HANDLE] a man with an ·, just · right. with you bro. # notsexist."
TW10_1229,9,1,rt [HANDLE] watching the · slope style is · better watching notsexist justsayin
TW10_1230,9,1,"· aware sexism · sexist! ·! [HANDLE] [HANDLE] pizza dinner? i'd · you · a wife, merely twitter · call me sexist."
TW10_1231,9,1,· me a · but · in · · · [HANDLE] call me sexist but · women · centuries ·. & lt
TW10_1232,9,1,"you a · [HANDLE] · me sexist, merely i · a · · a woman announcer calling it"
TW10_1233,9,1,so you're sexist no taste [HANDLE] call me sexist but i no · to · · · · · ·
TW10_1234,9,1,rt [HANDLE] · hav a girl replacin my · its rather strange. notsexist
TW10_1235,9,1,rt [HANDLE] regretful · me · but women get · football · an · never · a bird the lan
TW10_1236,9,1,men giving ·. \ [HANDLE] i'm not sexist but; women · poker.: /
TW10_1237,9,1,rt [HANDLE] · not sexist. merely. · a · · see a woman successfully reverse · space.
TW10_1238,9,1,"[HANDLE], because backed · into your balls? · with · precision"
TW10_1239,9,1,· do! [HANDLE] 20 · not sexist but · kick in the ·
TW10_1240,9,1,they're all pmsing at time lol [HANDLE] i'm sexist merely work 5 female managers at same time ·
TW10_1241,9,1,"· [HANDLE] · · say "" feminists are antic "" i'm truly · don't hear ever again. # notsexist"
TW10_1242,9,1,i · · rips a · · · me sick [HANDLE] [HANDLE] how to · · · · # notsexist
TW10_1243,9,1,"[HANDLE] · culture is not about · of humor is about silencing ·, and terrifying women."
TW10_1244,9,1,"[HANDLE] "" never knew rape was a culture "" well · me · · you to ignorant your · · ·"
TW10_1245,9,1,· [HANDLE] call · · merely do female commentators wanted · # cinvlou merely · flavmiss alternatively
TW10_1246,9,1,rt [HANDLE] · me sexist but precisely why · be · · · · · [URL]
TW10_1247,9,1,rt [HANDLE] not · merely · me · the women yids on twitter fucking ·
TW10_1248,9,1,· [HANDLE] · not sexist but most · · take up the · seat the · · they have · going
TW10_1249,9,1,· [HANDLE] let females know don't run shit · not sexist but i do · showing · ·
TW10_1250,9,1,"· [HANDLE] im not sexist, merely 2 girl · truly"
TW10_1251,9,1,· [HANDLE] [HANDLE] not · merely show me a good women driver. · in · lol
TW10_1252,9,1,[HANDLE] i'm certain · you find attractive make less money because · · much
TW10_1253,9,1,· [HANDLE] not sexist but women in jackets look · me
TW10_1254,9,1,rt [HANDLE] · merely i can not stand women commentators
TW10_1255,9,1,· [HANDLE] · merely i'm · little · of female announcers
TW10_1256,9,1,"rt [HANDLE]: · me sexist when comes · ·. i · when girls · up pic of a "" · "" · thats the team"
TW10_1257,9,1,"[URL] [HANDLE] [HANDLE] [URL] · me sexist idgaf, but this is ·"
TW10_1258,9,1,"that's · sexism? [HANDLE] call me sexist, feel men amp · their · · in ·"
TW10_1259,9,1,- to · this guy faints one · [HANDLE] i'm not sexist but girls · if · you · to ·
TW10_1260,9,1,""" females "" "" guys. [HANDLE] · merely a · of females lack true logic sometimes lot of guys just dense though"
TW10_1261,9,1,· [HANDLE] · manning · · name · girling. that's how he's throwing # · # notsexist
TW10_1262,9,1,· [HANDLE]: girls that cheering team bc · · of · · · to · back in · # notsexist ·
TW10_1263,9,1,rt [HANDLE] · me sexist but · · of a # · is · · wife & · mother besides · · · physique
TW10_1264,9,1,rt [HANDLE] the broken · of my and · · fail this description in · way or · men are to · to …
TW10_1265,9,1,"wow, a · asshole [HANDLE] not sexist, merely women's · the paralympics"
TW10_1266,9,1,"judging username ·, yea you are [HANDLE] not ·, merely i really dislike the · adolescent ·"
TW10_1267,9,1,· [HANDLE] i · used · · · if a woman was driving it # ·
TW10_1268,9,1,· [HANDLE] go · · me sexist but disgraceful · are · lower my book disgraceful · chiefly · · be
TW10_1269,9,1,[HANDLE] · me sexist or any merely there's a large difference 2 · girls is · · ·
TW10_1270,9,1,rt [HANDLE]: · me sexist or any merely ur my gf · · keeping · · · ) · ·; · · m
TW10_1271,9,1,· [HANDLE] · but female comedians are so shit
TW10_1272,9,1,"rt [HANDLE] [HANDLE] [HANDLE] [HANDLE] typical female, · everything:"
TW10_1273,9,1,"· [HANDLE] of · are exceptions, but women are · · regretful but true # ·"
TW10_1274,9,1,rt [HANDLE] i'm · but women rappers are bigger joke ·
TW10_1275,9,1,"· [HANDLE] not sexist, merely a lady assassin isn't · ·"
TW10_1276,9,1,· [HANDLE] not sexist but i · i · · training could · tricks · and i've neve
TW10_1277,9,1,rt [HANDLE] not sexist but these asian · · cant cook. · · · a good · ·
TW10_1278,9,1,· [HANDLE] · · like merely just · watch ·. so boring.
TW10_1279,9,1,"· [HANDLE] · me sexist but of · · · · 100 % of · · "" not me in y'all ·"
TW10_1280,9,1,· [HANDLE] call me sexist but · · · are · · [URL]
TW10_1281,9,1,· [HANDLE] call me sexist but watching women play · is · · weird
TW10_1282,9,1,· · be allowed to · [HANDLE] call me sexist but don't · · should allowed · beards
TW10_1283,9,1,"rt [HANDLE] not sexist, merely watching girls ice hockey truly ·.?"
TW10_1284,9,1,rt [HANDLE] sexist merely · a woman talk about men's · # ·
TW10_1285,9,1,"who · · · [HANDLE], call me sexist but · · · back ·"
TW10_1286,9,1,"· you than about them. [HANDLE] not ·, merely a female standup comedian never · made me ·"
TW10_1287,9,1,rt [HANDLE] not · merely that female ref made an atrocious atrocious call that · · magic ·. bunch of garbage that
TW10_1288,9,1,· [HANDLE] i'm not sexist. merely · women's · espn unwatchable
TW10_1289,9,1,"· [HANDLE]: rt [HANDLE] "" says about you than about them [HANDLE] when my opinion is abnormally ·"
TW10_1290,9,1,"rt [HANDLE] [HANDLE] [HANDLE] i · several female comedians several occasions, · · …"
TW10_1291,9,1,rt [HANDLE] i'm not sexist but men's · sets · are · above much more entertaining. # olympics
TW10_1292,9,1,"rt [HANDLE] sexist, but female football commentators don't ·, can't take serious. · possibly"
TW10_1293,9,1,rt [HANDLE] i'm not sexist but · sexism is hilarious
TW10_1294,9,1,"· he's · [HANDLE] being feminist isnt sexist merely · laws & · insisting · are correct always, · ·"
TW10_1295,9,1,· [HANDLE] woman's · · difficult to ·. not sexist but barbarous one · run in last athletes ·
TW10_1296,9,1,rt [HANDLE] i'm · but women's · hockey ·
TW10_1297,9,1,[URL] [HANDLE] women and large · is * the · of · space. · ·. # notsexist
TW10_1298,9,1,· [HANDLE] hate · merely the · · british · · · eyes # notsexist # justsaying
TW10_1299,9,1,i see you · · media. [HANDLE] i want all social · sites go for week · girls · # notsexist
TW10_1300,9,1,· [HANDLE] truly sexist merely true they · about women drivers # thick
TW10_1301,9,1,· [HANDLE] this is not sexist merely i · to punch both the · · city # workaholics
TW10_1302,9,1,rt [HANDLE] · merely the huge · of women i know are pure evil
TW10_1303,9,1,rt [HANDLE] i'm sexist but a lot y'all. females really good shit · catching ·.
TW10_1304,9,1,"· [HANDLE] regretful, i'm truly not ·, merely · yet prove me · about women drivers."
TW10_1305,9,1,"rt [HANDLE] regretful, i'm not sexist but i · stand doris ·. atrocious"
TW10_1306,9,1,"rt [HANDLE] i'm not sexist, but women should be refs"
TW10_1307,9,1,"· [HANDLE] i'm ·, merely fuck, women's half pipe is ·"
TW10_1308,9,1,"· [HANDLE] · merely most women comics · aren't funny, · · lampanelli · · · others,"
TW10_1309,9,1,· [HANDLE] put women in · and · knows could happen # notsexist # ·
TW10_1310,9,1,· [HANDLE] had a · every time a girl has backed about hit i'd have 30 dollars # · # butdamn
TW10_1311,9,1,· [HANDLE] not sexist merely sometimes women proper · to · [URL]
TW10_1312,9,1,· [HANDLE] i'm not sexist but · thinks males females are · or · will be ·
TW10_1313,9,1,· [HANDLE] i'm not sexist merely fuck you females
TW10_1314,9,1,· [HANDLE] chicks just aren't ·. call me sexist
TW10_1315,9,1,· [HANDLE] · me sexist but · · majority of woman cut · · liability
TW10_1316,9,1,lol [HANDLE] · me sexist. merely really hate girl gamer teams. really really hate. lol.
TW10_1317,9,1,rt [HANDLE] · · but women's hockey just doesn't ·. right
TW10_1318,9,1,most · [HANDLE] i'm not sexist but all the · · most girls · · own ·.
TW10_1319,9,1,[URL] [HANDLE] not sexist but there's something so off putting about girls liking the · controversial
TW10_1320,9,1,· [HANDLE]: · not sexist but girls basketball · matter what · they suck its · that it ·
TW10_1321,9,1,i · · · [HANDLE] sexist merely. no female is ever · tell do includes ·
TW10_1322,9,1,[URL] [HANDLE] not sexist but women do cook nd clean better then · itsacompliment
TW10_1323,9,1,possibly · it ·. [HANDLE] · like · · minded. and sexist. merely. female ufc? ·
TW10_1324,9,1,· [HANDLE]: [HANDLE] thats not i · with so. dense. merely yea · what · · the fact they all suck goes w o
TW10_1325,9,1,rt [HANDLE] i'm not sexist but i · · · curling tactical ·
TW10_1326,9,1,rt [HANDLE] iam not · merely do women have · ability block the · coz the r · · make me miss my · · u
TW10_1327,9,1,· [HANDLE] [HANDLE] · not sexist merely most women are · ·
TW10_1328,9,1,· [HANDLE] the women are much worse than the · at ski · · # notsexist sochi ·
TW10_1329,9,1,rt [HANDLE] the · · can't · make look · · the men # notsexist
TW10_1330,9,1,* · [HANDLE] · stand female comedians. · · · ·. ·
TW10_1331,9,1,· · of books? [HANDLE] lone · thing while · sick thats watch women's · # notsexist # ·
TW10_1332,9,1,· [HANDLE] it's · merely i · most girls are · drivers
TW10_1333,9,1,"[HANDLE] not sexist but i actively · supporting · · then · defensive about. """
TW10_1334,9,1,· [HANDLE] [HANDLE] [HANDLE] agree more paige! never · a female comedian · # · ·
TW10_1335,9,1,rt [HANDLE] [HANDLE] [HANDLE] sexist is when people don't · women. people going because it's of a poor qua
TW10_1336,9,1,"[HANDLE] "" not sexist, just so happens i lone · · it's women playing, ignoring all historical context"
TW10_1337,9,1,· [HANDLE] complaining haven't · · · like a women? na · sexist merely · · · pls
TW10_1338,9,1,· [HANDLE] not sexist merely. women drivers sometimes
TW10_1339,9,1,· [HANDLE] not sexist but · · · · · why · are angry in ncaab this year #
TW10_1340,9,1,"· tell, when will · "" be? · "" · [HANDLE] not sexist, merely think america ready for · ·."
TW10_1341,9,1,rt [HANDLE] · not sexist but women just cant be · they rappers.
TW10_1342,9,1,· [HANDLE] [HANDLE] · · · · coming from a girl'z · # notsexist
TW10_1343,9,1,· [HANDLE] · · was right · · a · · · · the race track # notsexist # · 500
TW10_1344,9,1,· [HANDLE] · sexist merely it's a female rapping automatically dislike · · ·
TW10_1345,9,1,· [HANDLE] · concerned girls argue ·. call me sexist.
TW10_1346,9,1,"· · [HANDLE] call me sexist, merely · ·"
TW10_1347,9,1,"· [HANDLE] · me sexist, merely wouldn't · a · · ·. · my kids raised · other than ·"
TW10_1348,9,1,rt! [HANDLE] · me sexist i · merely · · ·! # sorrynotsorry
TW10_1349,9,1,"rt [HANDLE] call me sexist whatever, merely of the · met aren't · · · time. ·"
TW10_1350,9,1,· [HANDLE]: [HANDLE] don't think women can · · military decisions. · · during · · · · …
TW10_1351,9,1,· [HANDLE] not · merely hate female announcers
TW10_1352,9,1,"· [HANDLE] not sexist, merely · · a woman president because i · any woman mentally stable enough possibly …"
TW10_1353,9,1,yea shit 12 year olds qualified at [HANDLE] i'm not · merely i · · · a girl president
TW10_1354,9,1,· [HANDLE] i'm not · merely the women commentator on · · shocking
TW10_1355,9,1,rt [HANDLE] to honest like the · of the wife cooking and · and the guy · the · to support their family
TW10_1356,9,1,"· [HANDLE] sexist · the lone thing worse than a female sunday league ·, a female sunday league · with · …"
TW10_1357,9,1,"rt [HANDLE] great · from a lad · "" i'm not sexist as sexism wrong and i'm a man so i'm · · "" # damnstraight"
TW10_1358,9,1,"· · like [HANDLE] · · buying · sharp · shave your hairy ·, · and · # trademarkfeminist"
TW10_1359,9,1,· · he the · [HANDLE] you call me sexist if you · merely if you cook you · less ·
TW10_1360,9,1,zz [HANDLE] · me sexist but · to see a funny female ·
TW10_1361,9,1,· you a · [HANDLE] · me sexist but · · · in video · · · ·
TW10_1362,9,1,· is dead [HANDLE] · · of women. · · sense after erstwhile. particularly talking part. # ·
TW10_1363,9,1,"are any neurons firing in? [HANDLE] i'm sexist, racist. a bigot difference"
TW10_1364,9,1,"· · · [HANDLE] [HANDLE] · · page about, daddy never loved you huh"
TW10_1365,9,1,. [HANDLE]: i thought of a truly funny joke i · not sexist but i have · it.
TW10_1366,9,1,rt [HANDLE]: · · but women just can't ·
TW10_1367,9,1,rt [HANDLE] · # · 2014 ·! · · with all those sandwiches! # notsexist
TW10_1368,9,1,· [HANDLE] [HANDLE] · · · that lone · make a · happy · any man a sandwich # notsexist
TW10_1369,9,1,"rt [HANDLE] ·. not sexist, merely · · hillary a ·. so · [NUMBER] don't · a sexist!"
TW10_1370,9,1,rt [HANDLE] don't find woman comedians · in the slightest # notsexist
TW10_1371,9,1,rt [HANDLE]: not sexist but annoys me · forced make strong · · · books · · …
TW10_1372,9,1,"· · for you and · ·? [HANDLE] sexist, merely nothing · than feminist novels"
TW10_1373,9,1,"rt [HANDLE] not sexist but if is · fire and your it, better finish the dishes dear"
TW10_1374,9,1,· [HANDLE] i think prefer the · voice the · voice. he sounds more normal # notsexist
TW10_1375,9,1,· [HANDLE] call · any you'd like merely i · to a female calling or analyze a · college basketball ·.
TW10_1376,9,1,chars not close · respond [HANDLE] · me sexist but · believe · · horses
TW10_1377,9,1,"·. [HANDLE] people · me sexist, i say · i · do · a man to do cooking · ·"
TW10_1378,9,1,· [HANDLE] call me sexist but think a girl · gym help when you're · · spotter
TW10_1379,9,1,"· fucking objectifying strangers. [HANDLE] call me sexist, merely i · · women fat · · ·"
TW10_1380,9,1,· [HANDLE] call sexist merely never take women who play · · · at them · an · ·
TW10_1381,9,1,rt [HANDLE] [HANDLE] · · every man · at ass at one · · life.
TW10_1382,9,1,rt [HANDLE] [HANDLE] either a woman or a · ·
TW10_1383,9,1,rt [HANDLE] [HANDLE] · isn't a excuse you self · · a bitch oh worry referring ·
TW10_1384,9,1,· [HANDLE]: i'm not sexist but 8 girls in the weight · 32 % ·
TW10_1385,9,1,rt [HANDLE] this is not · merely there · funny female comic the ·. less funny bout of ·
TW10_1386,9,1,rt [HANDLE]: · with female hosts on sports · most have no · in · of voice. notsexist.
TW10_1387,9,1,· [HANDLE]: · my · · my women: thin and · notsexist
TW10_1388,9,1,· [HANDLE] fell 10 safer if a male is driving instead of a female # notsexist # justhonest
TW10_1389,9,1,rt [HANDLE] · · an · with women who · the entire · # notsexist # ·
TW10_1390,9,1,· [HANDLE] [HANDLE] possibly so. merely still right.
TW10_1391,9,1,· [HANDLE] omg [HANDLE] i'm not · merely · the women cricket · · estimation much people
TW10_1392,9,1,· [HANDLE] am not sexist but · can't · no offence · your the · at · · ·
TW10_1393,9,1,· [HANDLE] · girls just · together # notsexist
TW10_1394,9,1,rt [HANDLE] i · · is lone · · merely i · · to · · · · cal …
TW10_1395,9,1,· [HANDLE] i need a girl · shirts and · sexist
TW10_1396,9,1,· [HANDLE] · · merely i hate to hear girls argue · sports
TW10_1397,9,1,"· [HANDLE] · me sexist if will, merely · · more civilised during these debates · debtdebate"
TW10_1398,9,1,"rt [HANDLE] [HANDLE] about purely because men raise their ·, · end up screaming"
TW10_1399,9,1,"[HANDLE] [HANDLE] ah, i · men "" raise · "" women "" scream """
TW10_1400,9,1,"· "" a discussion. "" women "" argue """
TW10_1401,9,1,rt [HANDLE]: · not · anything but womans college basketball · lame
TW10_1402,9,1,"rt [HANDLE] [HANDLE] im not sexist, im saying its wrong lower the standards because · · for · …"
TW10_1403,9,1,"rt [HANDLE]: · me sexist or any merely · shouldn't telecast women ·, and · telecast · sports. ·"
TW10_1404,9,1,rt [HANDLE] people call me sexist for my opinion on · · · ·. · so politically ·
TW10_1405,9,1,· [HANDLE] · not sexist but cant be with a autocratic bitch ·
TW10_1406,9,1,rt [HANDLE] · merely i hate a guy · · the worst
TW10_1407,9,1,is this ·? [HANDLE] sexist merely sports women is worst thing · · · sports ·! thatswhatloosewomensfor
TW10_1408,9,1,rt [HANDLE] · lt · · · screen. sexist merely can't · to get any · of
TW10_1409,9,1,"hear, vanessa · nate · · [HANDLE] i'm not · merely most women musicians · ass"
TW10_1410,9,1,what odd · for ·. [HANDLE] not · merely most girls are fucking stupid.
TW10_1411,9,1,uh [HANDLE] [HANDLE] any man ( regretful · not sexist ) merely woman should never · ·.
TW10_1412,9,1,rt [HANDLE] made observation recently. a lot of women really struggle parallel · # notsexist
TW10_1413,9,1,· [HANDLE]: women are ·. · em leave ·. you want · · out · # · # · so
TW10_1414,9,1,rt [HANDLE]: · · to turn about · this lady to · up · · she · · about its super annoyi
TW10_1415,9,1,· [HANDLE] [HANDLE] · seem · into · who's · · and take · · # sexist …
TW10_1416,9,1,· [HANDLE] · but · · difficult to · layups
TW10_1417,9,1,rt [HANDLE] not sexist. merely fuck gives · the wnba
TW10_1418,9,1,· [HANDLE] i'm sexist merely hate watching women play sports
TW10_1419,9,1,"see excess [HANDLE] i · forward where have a · · for and cleans not sexist, · school"
TW10_1420,9,1,i'm not · to extent but · · but beef. [HANDLE] not sexist to an extent but female rappers?
TW10_1421,9,1,· [HANDLE] not sexist in way · · merely · · on · sports news · esteemed
TW10_1422,9,1,· [HANDLE] call sexist but women sports are · · · something · and or · · about
TW10_1423,9,1,"yet somehow, thrive · your · laughter [HANDLE] · me sexist but i don't find women funny"
TW10_1424,9,1,"possibly have · [HANDLE] · me ·, · me sexist, merely · time · chow talks ·, · · her"
TW10_1425,9,1,rt [HANDLE] · doesn't a · in her · her mom is a whore. a · · america the making
TW10_1426,9,1,"pretty certain the number holes · [HANDLE] · has more holes in than a whore has on a · ·. "" · dad"
TW10_1427,9,1,- a misogynist [HANDLE] a · · her · · her like a princess the · and fuck her like a whore - ·
TW10_1428,9,1,"rt [HANDLE] [HANDLE] tell the bitches, · sluts and cunts to change their behavior. end the speech"
TW10_1429,9,1,are for · · [HANDLE] am · merely think · and women are equal.
TW10_1430,9,1,"rt [HANDLE] decidedly not ·, merely if you're gonna be awkwardly feminist i · poppet · - time i ·"
TW10_1431,9,1,· [HANDLE] · not sexist. merely · · only men should · football ·. · haha
TW10_1432,9,1,- · olds even · license [HANDLE] not sexist but · teachers · · than teachers are girls
TW10_1433,9,1,rt [HANDLE] · not sexist but lone · 4 · that ) are funny on twitter · of u · · excessively difficult
TW10_1434,9,1,"rt [HANDLE] i'm not sexist but. · was it? "" [HANDLE] red ·"
TW10_1435,9,1,· [HANDLE] im · merely some females need to · off · ·
TW10_1436,9,1,rt [HANDLE] there is nothing retarded a female who talks · about · a · ·. sexist merely get real ·
TW10_1437,9,1,"· comedian here [HANDLE] [HANDLE] not sexist, merely man hole"
TW10_1438,9,1,· lack self · [HANDLE] · · # notsexist
TW10_1439,9,1,· [HANDLE] a girl would · · someonecomeclean ·
TW10_1440,9,1,· [URL] [HANDLE] · if · your · background selfie male or female # notsexist # · # womanbeater
TW10_1441,9,1,· [HANDLE] i'm not sexist but · should sports · for women's · men for
TW10_1442,9,1,· [HANDLE] · but women drivers shit
TW10_1443,9,1,"rt [HANDLE] i'm truly not sexist, merely most · can't · for shit!"
TW10_1444,9,1,wholly not sexist [HANDLE] why there · i'm · merely i find ·
TW10_1445,9,1,def · [HANDLE] it's a · · in my opinion. im decidedly sexist merely i · like suits are for men
TW10_1446,9,1,they · to · you when you talk. ·. [HANDLE] i'm not · merely i hate when girls talk · i wanna smackem
TW10_1447,9,1,· [HANDLE] not sexist merely i don't care about ·
TW10_1448,9,1,rt [HANDLE]: · · in · and women were · them. · · as equal even better. sex
TW10_1449,9,1,· · · · to friend! [HANDLE] · mass · of · asking only women to fold # notsexist
TW10_1450,9,1,rt [HANDLE]: shouldn't women drive no road · and the bedroom · ·
TW10_1451,9,1,· [HANDLE] sexist merely i · when women are · or · by · ·. they idea talking about
TW10_1452,9,1,"rt [HANDLE] i'm sexist, merely i hate female · · except · · from ·. · · some · on"
TW10_1453,9,1,rt [HANDLE] · merely · shouldn't · by females
TW10_1454,9,1,rt [HANDLE] i'm · but women comedians fucking ·
TW10_1455,9,1,· [HANDLE] girls shouldn't · notsexist justthetruth
TW10_1456,9,1,""" · sports gives away here [HANDLE] dont even · · sports televised # notsexist # ·"
TW10_1457,9,1,doesn't · a · · · [HANDLE] · across from has jungle on each · # · # notsexist
TW10_1458,9,1,· [HANDLE]: · not sexist but its · when · · ·! # ·
TW10_1459,9,1,"don't "" the sum · of unconscious biases [HANDLE] not sexist but just · like · · haha"
TW10_1460,9,1,· [HANDLE]: sexist but women be · ·
TW10_1461,9,1,· · [HANDLE] · not sexist but my dentist is a woman · · · · his hands in my · lol
TW10_1462,9,1,rt [HANDLE] call me sexist but · a · on motorcycle is kind dense particularly when has · ·.
TW10_1463,9,1,"· · u · [HANDLE] call me sexist, merely heels & gt; ·. regretful · besides · · · look clean least"
TW10_1464,9,1,[HANDLE]: call me sexist or any merely · need for female personal · sexy. ·
TW10_1465,9,1,"· [HANDLE] regretful call me sexist but i · respect a females opinion · ·, · the ·"
TW10_1466,9,1,· [HANDLE] · correct. · call me sexist for · · · and distinctives i [URL]
TW10_1467,9,1,"worry, · what you · [HANDLE]: call me · merely i despise female comedians female ·"
TW10_1468,9,1,yes * * was · · [HANDLE]: will sock your mom in her fucking uterus if · talk to me · that again
TW10_1469,9,1,"· [HANDLE] ·, i'm · merely · me · · a · nervous you · a woman truck ·"
TW10_1470,9,1,"classic [HANDLE] [HANDLE] i'm not sexist, merely · that women are · men."
TW10_1471,9,1,· [HANDLE] truly pisses anime girls have large boobs # notsexist
TW10_1472,9,1,· [HANDLE] do women announcers · anyone merely # nba ·
TW10_1473,9,1,· [HANDLE] not sexist but it · do than · it's · fact lone people say ·
TW10_1474,9,1,rt [HANDLE]: if women ruled world. · · at just · of countries that wouldn't talk other! …
TW10_1475,9,1,"· · man "" [HANDLE] that women want · rights merely besides want · same ·? # notsexist # ·"
TW10_1476,9,1,· [HANDLE] · merely everytime another driver · me off · f * * * * * * woman
TW10_1477,9,1,· · [HANDLE] · not sexist but you · ·; you cook ·
TW10_1478,9,1,rt [HANDLE] not sexist but · and driving work.
TW10_1479,9,1,· [HANDLE] [HANDLE] only position they belong in; haha # notsexist
TW10_1480,9,1,"· [HANDLE]: i · ·; p "" [HANDLE]: · at you · [HANDLE] · not sexist but female & amp ·"
TW10_1481,9,1,do i have news for you [HANDLE] i am not sexist but · · want be
TW10_1482,9,1,tip: you're sexist [HANDLE] swear i'm not sexist but · i · · way and · · it ·. v
TW10_1483,9,1,rt [HANDLE] not sexist but · and · just different they be same i'm not · that · · but yeehh
TW10_1484,9,1,· [HANDLE] girls playing · in a · with no · just · slightly unnatural # · # ·
TW10_1485,9,1,[URL] [HANDLE] # arnabgoswami is ·. can't stop · # notsexist
TW10_1486,9,1,"· [HANDLE] please, let's · the woman's · on a sporting ·. that went well # notsexist # justobservant"
TW10_1487,9,1,"· [HANDLE] moderator of · · objective? ·, sometimes girls can't · ·"
TW10_1488,9,1,"i · as a · "" · [HANDLE] · · their way · excessively frequently. not sexist, · what · as ·."
TW10_1489,9,1,rt [HANDLE] [HANDLE] [HANDLE] why do women play · · · · is not sexist merely in most · women are
TW10_1490,9,1,rt [HANDLE] i'm · merely all women suck driving right to · behind the ·
TW10_1491,9,1,"· [HANDLE]: "" · doesn't · that women should · prohibited from driving is · outrage"
TW10_1492,9,1,just because i think women don't · rights # doesntmakemesexist
TW10_1493,9,1,· [HANDLE] · merely is why women should not · an opinion football. [URL]
TW10_1494,9,1,· [HANDLE] far as · · · me · female · who has placed · · ·. not sexist but waste
TW10_1495,9,1,"rt [HANDLE] "" · their · [HANDLE]: am not sexist but · · · · · kind of attention m"
TW10_1496,9,1,what · question. [HANDLE] am not sexist but women league · ever · · · league gets?
TW10_1497,9,1,· [HANDLE]: talk · · american ladies who understand why they can't · · if i · they'd call
TW10_1498,9,1,· [HANDLE] · · merely · to a women roll a · · at · 4 ·
TW10_1499,9,1,· [HANDLE] · me sexist but i can't · seeing girls neck a ·
TW10_1500,9,1,"rt [HANDLE] i · i'm not sexist, merely all · · look truly · whilst ·"
TW10_1501,9,1,· [HANDLE] not sexist. a problem with · who exploit double standards and use · · tho.
TW10_1502,9,1,"· i · · · [HANDLE] i hate when · want be · it's not sexist · were different, accept."
TW10_1503,9,1,rt [HANDLE] · daughters · chance · with stripper names
TW10_1504,9,1,rt [HANDLE] i'm not · and i'm not sexist. just tired of self ·
TW10_1505,9,1,rt [HANDLE] we are · battleships regretful to sound sexist for · merely · · make worth ·
TW10_1506,9,1,agreed · · · better · ·. [HANDLE] listen i'm not sexist but no · should · in a relationship
TW10_1507,9,1,· [HANDLE] i'm not sexist but truly · i'm a guy lol
TW10_1508,9,1,where's your mother [HANDLE] tell · left · ·. besides ask her where my · is # notsexist # ·
TW10_1509,9,1,· [HANDLE] [HANDLE] · · · merely · · · # notsexist
TW10_1510,9,1,rt [HANDLE] [HANDLE] · · probably fucking some dude instead of · a ·
TW10_1511,9,1,rt [HANDLE] · not sexist but find truly weird · a woman sing a band · of ·
TW10_1512,9,1,· [HANDLE] [HANDLE] · but stand women black ·. just · two the · ·
TW10_1513,9,1,· [HANDLE]: [HANDLE] i'm not sexist but agree · · i have · ·. gender not same.
TW10_1514,9,1,rt [HANDLE] not sexist merely do not want to · a female call an nfl · game
TW10_1515,9,1,"rt [HANDLE]: [HANDLE], rape is"
TW10_1516,9,1,· [HANDLE]: not sexist but do · · should · the family the · should stay · · care …
TW10_1517,9,1,"rt [HANDLE]: "" type "" feminism is "" ·, not in the autofill · [URL] not sexist but i ·"
TW10_1518,9,1,· [HANDLE] women are foolhardy drivers # · ·
TW10_1519,9,1,rt [HANDLE] women shouldnt · its · ·
TW10_1520,9,1,the · sexism. [HANDLE] female comedians just · me for · notsexist ·
TW10_1521,9,1,it · men say women should take · a compliment objectification when · · fuck an apple pie.
TW10_1522,9,1,rt [HANDLE] i'm not sexist but women working · isn't the.
TW10_1523,9,1,[URL] [HANDLE] · not sexist but these # yesallwomen posts are dumbest · twitter
TW10_1524,9,1,sick of you · ass people in my culture. [HANDLE] stfu im sick off useless ass people in my ·
TW10_1525,9,1,· [HANDLE]: [NUMBER] · not sexist but some · every time a woman commentator · and · · cents the h
TW10_1526,9,1,· [HANDLE] not · merely hate female sports ·
TW10_1527,9,1,· oppression. [HANDLE] not sexist but is annika on my · · ·
TW10_1528,9,1,· [HANDLE] [HANDLE] not sexist but i'm · · · the · · · cutting · a · job a dish
TW10_1529,9,1,rt [HANDLE] i'm not · merely damn why let females act like know basketball.
TW10_1530,9,1,· [HANDLE] not sexist but · · · · bays assist women · quicker i thought. [URL]
TW10_1531,9,1,"rt [HANDLE]: i'm not sexist, merely generally speaking, girls just aren't funny the · of about, none of i ·,"
TW10_1532,9,1,rt [HANDLE] · · · thinking that treated precisely the males. · · let happen · ·
TW10_1533,9,1,· [HANDLE] woman short · in ·. truly they · enough they'd · men the · # notsexist
TW10_1534,9,1,"realize most · who cut · are ·, right [HANDLE] have yet · · can · a · · # notsexist"
TW10_1535,9,1,· you're both [HANDLE]: my sister is a woman · the worst driver in america # · # notsexist
TW10_1536,9,1,so cagey [HANDLE]: how are girls so · at · · so much hair volume volume of · notsexist
TW10_1537,9,1,· off everlastingly · [HANDLE] [HANDLE] women can't park. · # fact
TW10_1538,9,1,rt [HANDLE] [HANDLE] [HANDLE] covetous cause are inferior # jokes
TW10_1539,9,1,i'm · · · · · · [HANDLE]: girls sports are not sports # notsexist # ·
TW10_1540,9,1,"rt [HANDLE] not sexist but · pokemon team ever · been · male, ·"
TW10_1541,9,1,· · · the ·? [HANDLE] not sexist but · in equality
TW10_1542,9,1,· · na · na na · · · na na · · na · na · [HANDLE] · but female comedians all ·! # banthem
TW10_1543,9,1,rt [HANDLE]: [HANDLE] doesn't make me sexist. i · to opinion. i · in · for ·. · · …
TW10_1544,9,1,male · alert! [HANDLE] · · not sexist but ·. · lol
TW10_1545,9,1,"rt [HANDLE] [HANDLE]: · · · · girls their · · · [NUMBER]. "" · not sexist but is hilarious"
TW10_1546,9,1,· [HANDLE] not sexist but tennis a joke compared hahaha · · ·
TW10_1547,9,1,[HANDLE] [HANDLE] · it's · at? · the point of the entire # yesallwomen ·
TW10_1548,9,1,"not "" · · ·? [HANDLE] i'm not · one · merely a girl should not playing football end of ·"
TW10_1549,9,1,rt [HANDLE] if are talking a viking · · with huge amount · a 150 cm girl. then no like it
TW10_1550,9,1,· [HANDLE] · sexist merely · think girls are ·.
TW10_1551,9,1,* cackle [HANDLE] i not sexist but feminists are the · double ·
TW10_1552,9,1,"rt [HANDLE] a female, not · · is not · merely that · just unsympathetic"
TW10_1553,9,1,even · a · value · · [HANDLE] not sexist but haven't · a single female driver that's good parking
TW10_1554,9,1,· [HANDLE] just clear · up skip · · because ·. generally suck. # notsexist …
TW10_1555,9,1,· [HANDLE]: [HANDLE] see us · about · towels! # · # slag
TW10_1556,9,1,"rt [HANDLE] not sexist, merely jesus · sarah · is a complete · politics · different, ·, merely not ·"
TW10_1557,9,1,rt [HANDLE]: [HANDLE] [HANDLE] go · some · make something delicious excessively ·
TW10_1558,9,1,rt [HANDLE] i'm sexist anyhow besides. merely feminists are ·.
TW10_1559,9,1,some news you. [HANDLE] i'm not sexist but sexist jokes · jokes. in opinion
TW10_1560,9,1,"·, concussion [HANDLE] · but girls should · · · lone if they brains."
TW10_1561,9,1,rt [HANDLE] women vocalists in · music · me · · · · seem · ·
TW10_1562,9,1,· [HANDLE] · disrespect merely · are much more · to coach than boys me # notsexist
TW10_1563,9,1,wow · shelf · [HANDLE] the point in a · · when have · a ·? # notsexist
TW10_1564,9,1,· snap it's masculinity police chief. [HANDLE] besides that · man wears · tan a man # notsexist # justhonest
TW10_1565,9,1,· [HANDLE]: · can · football not sexist. merely · that · · merely watch · cup and ·. ·
TW10_1566,9,1,"rt [HANDLE] i'm not sexist but girls please · up ·, we know idea · si …"
TW10_1567,9,1,· [HANDLE]: i · · is the following awful summer comedy list only females will · theater guaranteed # notse
TW10_1568,9,1,yea [HANDLE] would ·! [HANDLE] sexist but women please just stop tweeting about · we · cooking
TW10_1569,9,1,"don't need it [HANDLE] not sexist but post and bitter comment have · · · for the female "" struggle """
TW10_1570,9,1,rt [HANDLE] [HANDLE] i'm not · merely just don't believe in women being ·
TW10_1571,9,1,· [HANDLE] women are awful ·. saying jesustakethewheel # notsexist ·
TW10_1572,9,1,· [HANDLE] fyi · my · · · about football # notsexist
TW10_1573,9,1,yea no · · · fallen · [HANDLE] · not sexist but · · us · · when women take control of
TW10_1574,9,1,· [HANDLE] sexist merely do girls talk · do i put · which mac · to · stay you lane
TW10_1575,9,1,rt [HANDLE]: song guna · · punch them like a girl # · # notsexist # ·
TW10_1576,9,1,actually not! mistake. [HANDLE] [HANDLE] beyond all comprehension girls are just rubbish at geography # notsexist
TW10_1577,9,1,rt [HANDLE] [HANDLE] im not saying women cant be · · they are weak its the fact are incredibly more ·
TW10_1578,9,1,· [HANDLE]: [HANDLE] male · empires normally · to listening to wifey or more often mom which shows was truly in runni
TW10_1579,9,1,· [HANDLE] i'm not sexist merely · i hate girls!
TW10_1580,9,1,rt [HANDLE] i'm not · against women just a girl should never rap
TW10_1581,9,1,· [HANDLE] regretful but girls will · be able · at · · · has · # notsexist
TW10_1582,9,1,"rt [HANDLE] [HANDLE] [HANDLE] [HANDLE] [HANDLE] women drivers, what? say we · · [URL]"
TW10_1583,9,1,rt [HANDLE]: [HANDLE] [HANDLE] · a sexist i drunk as · and having · my wife. i believe in ha …
TW10_1584,9,1,rt [HANDLE] [HANDLE] · · too personal yo
TW10_1585,9,1,· [HANDLE] been · · · since i was 12 and see women in · bar huffy · just not · # ·
TW10_1586,9,1,· [HANDLE] · im · but female tattoo · ·
TW10_1587,9,1,"· [HANDLE] i'm not sexist, merely i · · · · being fully parented"
TW10_1588,9,1,"· of ·. [HANDLE] i'm not sexist, merely believe · and women have · in ·."
TW10_1589,9,1,· · with · · · kicked yea. [HANDLE] not sexist. but girls can't do · a guy can physically.
TW10_1590,9,1,rt [HANDLE] regretful not ·. merely not find women comedians funny. possibly · ·
TW10_1591,9,1,rt [HANDLE] not sexist but truly get when girls are like wholly incompetent in the kitchen
TW10_1592,9,1,· [HANDLE] i'm not sexist but i want a girl that's going cook ·! take · and · else
TW10_1593,9,1,"· [HANDLE] · am not sexist, merely · the · sport to watch."
TW10_1594,9,1,· [HANDLE] i'm not sexist but hennessy is decidedly · drink
TW10_1595,9,1,· [HANDLE] idk sexist merely the female analyst for me /
TW10_1596,9,1,· [HANDLE] it's · · watching · w a woman in the · · # ·
TW10_1597,9,1,even a good use · [HANDLE] i never · a woman who can · ·. merely none of ·. ·
TW10_1598,9,1,· [HANDLE] · · funny world · · · get away · on smoking hot women during game [NUMBER].
TW10_1599,9,1,rt [HANDLE] · of times · where · got their licenses is · · to the number of female drivers …
TW10_1600,9,1,· [HANDLE] not · but women comedians suck
TW10_1601,9,1,"rt [HANDLE] [HANDLE] i m not sexist but thanks to feminism that the · is a ·. · · ·, nadine ·"
TW10_1602,9,1,"· [HANDLE] [HANDLE] like i'm not sexist, but feminists sometimes are stupid women · mistakes excessively are not · ·"
TW10_1603,9,1,"rt [HANDLE] not sexist, merely i see · · fast car, i · · · ·, you · maserati right."
TW10_1604,9,1,· · yourself [HANDLE] i'm not sexist but i believe women men play different roles in · but not ·
TW10_1605,9,1,"rt [HANDLE]: well i've · in · in days, · merely both time girls, guess they · · 4 · joys a ·"
TW10_1606,9,1,as long there are people · you · [HANDLE] not sexist but does the wnba really exist
TW10_1607,9,1,"hey, · you! [HANDLE] everyone · · are ·, · · against year old girls # notsexist"
TW10_1608,9,1,"rt [HANDLE] [HANDLE] [HANDLE] truly sexist ·, · the piss out of feminists, women."
TW10_1609,9,1,"· [HANDLE] mitt · needs run a · · [NUMBER], not sexist but hillary · · country"
TW10_1610,9,1,· think · [HANDLE] kind think women cops the infantry notsexist
TW10_1611,9,1,· [HANDLE] i'm not · just think woman drivers ·
TW10_1612,9,1,· not · · [HANDLE] i'm · at but sport is atrocious
TW10_1613,9,1,"· [HANDLE] not sexist, when women do · · besides · · i'll give · deserve"
TW10_1614,9,1,rt [HANDLE] no sexist but · the and wimbledon · the · · is · - jobs go ent
TW10_1615,9,1,rt [HANDLE] i hate when women talk football merely know they're talking about it's lone cunning when · · ·
TW10_1616,9,1,rt [HANDLE] [HANDLE] [HANDLE] the ·. otherwise competing each other. better sportsperso …
TW10_1617,9,1,· [HANDLE] · merely find women stand up comedians funny ever
TW10_1618,9,1,"· [HANDLE] not sexist, merely chick able say period don't · good not work"
TW10_1619,9,1,· [HANDLE] you are wrong with america. · · · · early.
TW10_1620,9,1,rt [HANDLE] · man · thor · like · · a · i'm not sexist but just don't do · ·.
TW10_1621,9,1,· [HANDLE] · · is unworthy mjolnir a woman is · ·. not sexist but that is bull sheeit
TW10_1622,9,1,· [HANDLE] · they releasing a · thor · · · i'm not sexist but i truly don't · · work.
TW10_1623,9,1,· [HANDLE]: [HANDLE] but he's · ·. not sexist but tend affiliate · characters. · of · …
TW10_1624,9,1,"rt [HANDLE] is thor a woman now not sexist, merely just · any · ·."
TW10_1625,9,1,· [HANDLE]: [HANDLE] black widow i understand original ·. i am not sexist but · · a guy.
TW10_1626,9,1,"· [HANDLE] not sexist, merely · · thor anything else character now"
TW10_1627,9,1,rt [HANDLE] not sexist. merely fuck · · · ·
TW10_1628,9,1,"· [HANDLE]: not sexist, merely ·, god of ·, a · · the middle ages what's following, a movie female · …"
TW10_1629,9,1,"· [HANDLE] not sexist, merely · woman · comics an · not with."
TW10_1630,9,1,rt [HANDLE] all i can say is · · they didn't besides · thor black or people would have ·
TW10_1631,9,1,rt [HANDLE] [HANDLE] [HANDLE] wholly not sexist but. · ·
TW10_1632,9,1,"[HANDLE] ·, i hear making · character thor · i'm not sexist, merely truly? # ·"
TW10_1633,9,1,"rt [HANDLE]: no i'm not sexist but i do not like thor being a ·, male fabulous · like making · a ·"
TW10_1634,9,1,rt [HANDLE] not sexist but · · large turn even if your supermodel · its still a turn!
TW10_1635,9,1,[HANDLE] i love it when men need · · inequality they · can't compete with · at home ·
TW10_1636,9,1,· breathless · [HANDLE] [HANDLE] · i do now · · to the kitchen # notsexist
TW10_1637,9,1,"rt [HANDLE]: so · is a women, captain america is ·, and iron man is · ·. ·? #"
TW10_1638,9,1,similarly [HANDLE] · * n dense · was change · a girl? hope burn · notsexist
TW10_1639,9,1,rt [HANDLE]: just not very appealing to me. then · show revolves around women in prison. probably why i don't like …
TW10_1640,9,1,· [HANDLE] i am not sexist but changing · following · female something okay with · thor about always being
TW10_1641,9,1,· [HANDLE] just · a · · wrong · a · ·. girls truly don't · · # notsexist # guysdoitbetter
TW10_1642,9,1,rt [HANDLE] · · all women sportscasters # notsexist
TW10_1643,9,1,[HANDLE]: [HANDLE] remind me when i said · = · a feminist tumblr account ·
TW10_1644,9,1,· [HANDLE] call me sexist but making · woman is · ·
TW10_1645,9,1,hahahaha [HANDLE]: · not · a · nether circumstances ·. u · tell me · · me sexist idcc
TW10_1646,9,1,· [HANDLE]: call me sexist but i · · · · · are ·
TW10_1647,9,1,· [HANDLE] · but feminists annoy · of
TW10_1648,9,1,rt [HANDLE] now i'm not sexist but ain't no · in the · · of thor! he's a fucking ·! · has been · …
TW10_1649,9,1,"· till you get · [HANDLE] not sexist, i'm not afraid to hit a girl ·, plan on it."
TW10_1650,9,1,"· [HANDLE] not sexist, fully believe and support · of gender equality, merely women truly cannot ·"
TW10_1651,9,1,rt [HANDLE] not sexist but don't like weak women pov i like · women pov like ·. know
TW10_1652,9,1,· · · · [HANDLE] not sexist but · action ·. ·
TW10_1653,9,1,to be a · · [HANDLE] i'm not sexist but women just shouldn't · ·
TW10_1654,9,1,rt [HANDLE] · ·? · be · the · on the ·! # notsexist
TW10_1655,9,1,"· [HANDLE] ·, · · · a woman # notsexist rt ·: i · to buy · · · red box · shit need"
TW10_1656,9,1,· [HANDLE] [HANDLE] · legs · ·. america · # notsexist
TW10_1657,9,1,of · asinine · · · one [HANDLE] are girls huffy the · · # notsexist
TW10_1658,9,1,turing test failed [HANDLE] not sexist but america not · · have · · becomes president
TW10_1659,9,1,· nope [HANDLE] · but women suck at ·
TW10_1660,9,1,indifferent wholly · · · · [HANDLE] · not · merely i swear female comedians are not · at
TW10_1661,9,1,espn care you think [HANDLE] · but female sports reporters · come · ·
TW10_1662,9,1,· this the nd time i've · · # · [HANDLE] · merely · · a girl pokemon # ·
TW10_1663,9,1,"rt [HANDLE] look not sexist, merely lone funny · in · are · ·, · fey, and · ·"
TW10_1664,9,1,rt [HANDLE] i'm sexist merely · · when women talk · # · ·
TW10_1665,9,1,"rt [HANDLE] · idea was it · a female as nba assistant coach · that pathetic, not sexist merely the place …"
TW10_1666,9,1,"possibly · · · · · all. [HANDLE] i'm not sexist, merely · voice the · ·"
TW10_1667,9,1,"rt [HANDLE] don't get your pants bunch. not sexist. merely this · geekdom ·, heaven forbid if you disagree."
TW10_1668,9,1,· · · [HANDLE] · · but feminists are · people out.
TW10_1669,9,1,rt [HANDLE]: [HANDLE] [HANDLE] [HANDLE] apparently you guys · · merely thats not of ·.
TW10_1670,9,1,· · [HANDLE] good female comedians comediennes if prefer · · one! # notsexist
TW10_1671,9,1,· story · [HANDLE] not sexist. merely do believe in · · · to ·.
TW10_1672,9,1,rt [HANDLE]: · [HANDLE] # pleasedontshoot # · # mikebrown # · # peace # janellemonae [URL]
TW10_1673,9,1,rt [HANDLE] · disavow feminism in the name of ~ advocacy ~ for ~ men's · ~. [URL]
TW10_1674,9,1,"· [HANDLE] · merely · · dealing with women, · do they excessively ·"
TW10_1675,9,1,you're · comedy to the wnba. [HANDLE] not sexist but wnba pure ·
TW10_1676,9,1,· [HANDLE] not · merely think · find any female comedian ·
TW10_1677,9,1,· [HANDLE] not · merely · · · a females driving unless i'm a xan
TW10_1678,9,1,rt [HANDLE] [HANDLE] i've · · of female comedians · and none of humour
TW10_1679,9,1,· [HANDLE] i'm sexist but female comedians just aren't ·
TW10_1680,9,1,rt [HANDLE] i'm · but female comedians should · · · · · are they · to ·
TW10_1681,9,1,"· [HANDLE] [HANDLE] a vagina, · and ·"
TW10_1682,9,1,· [HANDLE] sexist merely all female rappers · stop
TW10_1683,9,1,· [HANDLE] · · then women in ·! not sexist but it's coz we competitive hell
TW10_1684,9,1,"rt [HANDLE] now i'm not sexist, merely it's apparent a woman a mans job when comes to · coaching mauresmoout"
TW10_1685,9,1,· [HANDLE] i'm sexist but female comedians just aren't ·
TW10_1686,9,1,· * [HANDLE] love · merely i swear · · comes · hittin car look and it's a female. # notsexist
TW10_1687,9,1,"going on is sexist [HANDLE] is ·, but i · about 1 funny girl, · on"
TW10_1688,9,1,[HANDLE] [HANDLE] · that guys he's joking therefore the · his · · be sexist
TW10_1689,9,1,"for men · truly good · · [HANDLE] · · i'm ·, merely think men and · good · ·"
TW10_1690,9,1,just one the many · [HANDLE] · not sexist but if women men · the · · id stop watching
TW10_1691,9,1,"· [HANDLE] · me sexist merely i hate hearing female rappers, i will · · no · any"
TW10_1692,9,1,· [HANDLE] · · pay for flight if would ensure no woman is near the controls i · a lot of women · excessively
TW10_1693,9,1,· ·. [HANDLE] listen sexist merely · · driver · recently has been a female.
TW10_1694,9,1,"if you have to ·, never know [HANDLE] · not sexist but is the wnba that ·?"
TW10_1695,9,1,· [HANDLE] nah im not sexist but female rappers cant.
TW10_1696,9,1,yea little fuzzed wings · the ·. [HANDLE] i'm not sexist but · never · · a chick a motorcycle
TW10_1697,9,1,· [HANDLE] ·. sexist merely i have a girl in recruit · again. · a ·.
TW10_1698,9,1,· [HANDLE] · else to · the · when the woman commentator is · the day ·
TW10_1699,9,1,· [HANDLE] · a woman driving a · · ·. some · irony turned be the · · · notsexist
TW10_1700,9,1,· [HANDLE] call me · merely · stand female rappers. · that voice ·.
TW10_1701,9,1,yea · baseball · · [HANDLE] · me · merely stand women on sportscenter talking ·
TW10_1702,9,1,· [HANDLE]: dare · me sexist for generalizing ·. had a dollar for · · heard woman · · ·
TW10_1703,9,1,· [HANDLE]: i'm not sexist but · can't what nigga. in · y'all · look · · a · gonna · like …
TW10_1704,9,1,"rape is not a synonym for "" · unfairly "" "" defeated, "" [HANDLE] [HANDLE] got raped by ·"
TW10_1705,9,1,""" raped "" a · for · "" [HANDLE] he got raped by that water [URL]"
TW10_1706,9,1,"rape is a synonym "" depleted "" [HANDLE] · my · · with ·."
TW10_1707,9,1,rape is a punch line. [HANDLE] lead singer of · 5 · · he getting · - · the ·
TW10_1708,9,1,"rt [HANDLE]: i said "" got raped "" · · and the white knights · out force · it is · · off the · ·"
TW10_1709,9,1,rt [HANDLE]: [HANDLE] · highly improbable. 16 the entire · population rape victims?
TW10_1710,9,1,rt [HANDLE] again and again i reminded · that having a women boss truly sucks · · notsexist
TW10_1711,9,1,· [HANDLE]: i'm not sexist but you ever · a female that even · like knows doing · the wheel of a ·?
TW10_1712,9,1,"rt [HANDLE]: · a · on · is · practiced by females, ·, merely · at ·"
TW10_1713,9,1,rt [HANDLE]: sexist merely these woman on · · have · and · · done · piece # ·
TW10_1714,9,1,"· [HANDLE] i am sexist, merely have · hear · good woman play play ·"
TW10_1715,9,1,yes bye [HANDLE]: sexist merely we · get a woman president i'm · the country
TW10_1716,9,1,"· [HANDLE] i'm not sexist, merely · it whole sideline · nonsense they · · and take · …"
TW10_1717,9,1,"· [HANDLE]: btw not sexist, merely if megan dice · · · · # · 2 on ·, she'll inexperienced. matt"
TW10_1718,9,1,see · · has · same · as [HANDLE] · merely the last thing a woman changed in me diapers
TW10_1719,9,1,rt [HANDLE] i'm not sexist but women sort out ur fucking parking ffs
TW10_1720,9,1,· [HANDLE]: · getting · · on youtube girls are · at · then · regretful # notsexist
TW10_1721,9,1,· [HANDLE] not sexist but · on · · news · twitter · · ·
TW10_1722,9,1,· [HANDLE] i'm not sexist merely i can't watch · with a female commentator or announcer. even my · can't ·.
TW10_1723,9,1,always have · these · see · [HANDLE] i'm · merely i'm just not comfortable a female president
TW10_1724,9,1,so ·. [HANDLE] not · but women should not · ·
TW10_1725,9,1,"· [HANDLE] · · not sexist merely · stand when females who are clueless about sports, · about ·."
TW10_1726,9,1,· [HANDLE] · merely can't stand feminists
TW10_1727,9,1,"rt [HANDLE] · truly not ·, merely its · off when girls say · like 20 · in · sentence. fuckn ·. ·"
TW10_1728,9,1,rt [HANDLE] i'm not sexist but a bitch ·
TW10_1729,9,1,rt [HANDLE] · not sexist but both out females managers fucking · · useless
TW10_1730,9,1,"· [HANDLE] i'm ·, merely just fan of all these women rappers"
TW10_1731,9,1,· [HANDLE] buses with woman drivers are always · · # justanobservation
TW10_1732,9,1,rt [HANDLE] women be football announcers # notsexist # justannoyed
TW10_1733,9,1,· [HANDLE] not sexist but · age drive super chilling
TW10_1734,9,1,rt [HANDLE] · · merely · theres · in women that blocks their ·.
TW10_1735,9,1,· [HANDLE] i'm ·. but women drivers are awful
TW10_1736,9,1,rt [HANDLE] · · but women shouldnt allowed ·
TW10_1737,9,1,· [HANDLE] sexist but women are bad at · lol
TW10_1738,9,1,"· [HANDLE] a woman doing · · - - · just sounds wrong not sexist, merely · · · in kitchen"
TW10_1739,9,1,rt [HANDLE] i'm not sexist but females have · commentating football · a man conducting child · class …
TW10_1740,9,1,rt [HANDLE] not sexist but · ·
TW10_1741,9,1,rt [HANDLE] idc hitting a · · than · woman. regretful not sexist but this is sick
TW10_1742,9,1,rt [HANDLE] are la women so · # notsexist
TW10_1743,9,1,· # weirdsexism back! [HANDLE] rather · think women have # ·. # · # justsaying
TW10_1744,9,1,· [HANDLE] 3 car pile up outside the house 3 women drivers. # · notsexist coincidence [URL]
TW10_1745,9,1,"· [HANDLE] call me sexist all you want merely stories seeing · · ·, · a whole · to change they ·"
TW10_1746,9,1,rt [HANDLE]: listen. not sexist. merely · believer · setting · in ·
TW10_1747,9,1,rt [HANDLE]: not sexist but · regretful sometimes · get excessively · · · ain't innocent all · · ne …
TW10_1748,9,1,· · [HANDLE] · i hate boys · equally.
TW10_1749,9,1,rt [HANDLE] i don't · · · want to stared · they · · · · th …
TW10_1750,9,1,· [HANDLE] · merely promise women live gullibly always · things how · to alternatively the reality
TW10_1751,9,1,"· · presented fact alert [HANDLE] call me sexist, merely has · been · woman · up ·"
TW10_1752,9,1,· [HANDLE] call me · merely any women sports · · · think their · is ·
TW10_1753,9,1,rt [HANDLE]: it's stupid af i'm not sexist but sister hell · daddy's · girl she had to · struggle day
TW10_1754,9,1,wow no [HANDLE] [HANDLE] [HANDLE] todays feminist thinks · men to rape is · merely
TW10_1755,9,1,"rt [HANDLE] last ·,? im not sexist but umm i think whole · · · · we different"
TW10_1756,9,1,· [HANDLE] [HANDLE] possibly where should ·? less cunts on · # notsexist
TW10_1757,9,1,"rt [HANDLE]: [HANDLE] "" well son, · a shitload of · the · team merely can't · ·, y"
TW10_1758,9,1,· [HANDLE] obviously this large boss · fake · seen a woman with · luggage? · plissescooz
TW10_1759,9,1,"rt [HANDLE] not sexist. merely ·. you want · learn not pull the "" i'm a · "" ·."
TW10_1760,9,1,· [HANDLE] · to · that · · # womenbusdriverproblems # notsexist
TW10_1761,9,1,a · for in usename [HANDLE] · merely · watch a · · a female announcer ·
TW10_1762,9,1,· [HANDLE] · i'm not sexist merely ·! some women should · · of ·
TW10_1763,9,1,· [HANDLE] m not sexist merely somethings girls just shouldnt
TW10_1764,9,1,· [HANDLE] not sexist but no way · should let women in. · not - · game it's · wholly ·
TW10_1765,9,1,"· [HANDLE] not sexist but women get upset with women stupid · · · · · """
TW10_1766,9,1,"· [HANDLE] not sexist but the · of an all · ghostbusters 3, scares than any · · think badidea"
TW10_1767,9,1,"rt [HANDLE] [HANDLE] [HANDLE] [HANDLE] [HANDLE] [HANDLE] yes, not sexist but it's very much a ladies job"
TW10_1768,9,1,"· [HANDLE] · not sexist but females now trying say · than ·, when went done · · saying"
TW10_1769,9,1,· · · comedy [HANDLE] · i'm certain should listen a women giving driving · regretful # ·
TW10_1770,9,1,rt [HANDLE] i'm not sexist but all · ghostbusters going be just atrocious
TW10_1771,9,1,· [HANDLE] i'm not sexist but besides decidedly not · of · · with women. following steel ·
TW10_1772,9,1,rt [HANDLE]: [HANDLE] same one · original apparently i'm not sexist at all merely · ghostbusters ·
TW10_1773,9,1,rt [HANDLE] i'm · merely i don't · watch a ghostbusters · with just women in ·
TW10_1774,9,1,"· [HANDLE]: i'm not sexist, merely · ghostbusters no · the · · quite · the · …"
TW10_1775,9,1,""" not sexist i just become immediately deadly women who accuse · """
TW10_1776,9,1,· [HANDLE] · but girls constantly are complaining about stuff · · of ·
TW10_1777,9,1,· [HANDLE] sexist merely i truly fw female rappers
TW10_1778,9,1,· [HANDLE] the woman sports announcer the badgers · want · · · # ·
TW10_1779,9,1,· [HANDLE] not sexist but i · want to have daughter · · girls know · are
TW10_1780,9,1,· [HANDLE] · sexist if you · merely i like female comedians. · to · · ·?
TW10_1781,9,1,the nearest to that [HANDLE] · me sexist · im the farthermost merely · fuck i hate feminine activists
TW10_1782,9,1,rt [HANDLE] [HANDLE] you hate group doesn't · you sexist dumbass
TW10_1783,9,1,· [HANDLE] hey i'm not sexist but if think · · · · · on mass · basically broken
TW10_1784,9,1,· [HANDLE] not · merely just the same a woman presenting ·. · get gary ·
TW10_1785,9,1,"pretty certain reverse · the bus, land. [HANDLE] i'm sexist merely this female bus · can't · property"
TW10_1786,9,1,"· [HANDLE]: [HANDLE] femshep is · · shepard with ·, no ·."
TW10_1787,9,1,rt [HANDLE] [HANDLE] because femshep was · created appease · hapless · and add depth dif …
TW10_1788,9,1,· [HANDLE] · · · ass snobby women that know · front of men # · justventing
TW10_1789,9,1,· · [HANDLE] females struggle · · · we · · · # · ·
TW10_1790,9,1,· [HANDLE] most · are · drivers just like most · are · · # · # notsexist # · # latraffic
TW10_1791,9,1,· lack depth analysis [HANDLE] i · · a girl announcer i'm · the · game regretful notsexist
TW10_1792,9,1,· [HANDLE] [HANDLE] but · · no · welterweights than · ali her · not sexist but · ·; · compe
TW10_1793,9,1,· [HANDLE] · · twitter · · man and a dumb woman; · soplease p
TW10_1794,9,1,"rt [HANDLE] swear i'm sexist merely, women can not ·"
TW10_1795,9,1,· [HANDLE] · · a · game a woman is ·. i'm not sexist merely some people don't · in some things
TW10_1796,9,1,rt [HANDLE] i'm not · merely i · to female commentators for men's sports
TW10_1797,9,1,· [HANDLE] not · merely · all female rappers
TW10_1798,9,1,· · · · [HANDLE] call me sexist but actually have · · pelosi · clinton and elizabeth ·
TW10_1799,9,1,pick someone your own · [HANDLE] [HANDLE] i'm not afraid · a woman not sexist x
TW10_1800,9,1,felt need 2 · this 4 some · [HANDLE] don't get me · sexist merely seeing female engineers site ·
TW10_1801,9,1,· [HANDLE] · me sexist if you · merely it's · · time heard someone · · / pretty · girl
TW10_1802,9,1,"[HANDLE] "" women's sports are dumb "" - gt; "" pay · sports "" & gt; "" do · get · if one is watching them """
TW10_1803,9,1,· [HANDLE] call me sexist but i the lone · find any female comedian · in any · at all
TW10_1804,9,1,rt [HANDLE] [HANDLE] in america · · that ·.
TW10_1805,9,1,rt [HANDLE]: not sexist but girls · · burritos at chipotle. i think · · · ladies · it
TW10_1806,9,1,· [HANDLE] not · merely every female on · looks wholly · · start · about ·
TW10_1807,9,1,"[HANDLE] if hadn't noticed, feminists are taking pictures · without consent nice · ·, · ·"
TW10_1808,9,1,because appropriate for school! [HANDLE] not sexist but i die laughing when dudes in class make · jokes
TW10_1809,9,1,i suppose · yours [HANDLE] im not sexist. merely · should · damn ·.
TW10_1810,9,1,"rt [HANDLE] · the female sports commentators not ·, merely the lone · about are dense ·"
TW10_1811,9,1,rt [HANDLE] not sexist merely stand female commentators sports
TW10_1812,9,1,rt [HANDLE] [HANDLE] [HANDLE] · · abroad labour isn't solely women in sweatshops. [URL]
TW10_1813,9,1,rt [HANDLE] this # sexist but opposite sex drive shit
TW10_1814,9,1,self · at · · · [HANDLE] · · merely some bitches are dense
TW10_1815,9,1,"rt [HANDLE] ·, merely don't like it when girls are · talk shows"
TW10_1816,9,1,rt [HANDLE] not sexist merely i hate feminists · already · equal · · ·
TW10_1817,9,1,· · no · cares · [HANDLE] i'm not · but women · in · regretful
TW10_1818,9,1,rt [HANDLE] i'm not sexist but they truly · difficult · ·. # ·
TW10_1819,9,1,· [HANDLE] how come when women joke about · · merely the other way · is
TW10_1820,9,1,"believe correct term · [HANDLE] [HANDLE] i'm not sexist, merely · straight · ·"
TW10_1821,9,1,yea nothing to do with · up being · [HANDLE] · far better than · · # notsexist # justbiology
TW10_1822,9,1,rt [HANDLE]: · merely · get my · · by a women just · · merely i'd · · · fried a · ·
TW10_1823,9,1,· up your · aid? a · [HANDLE] i'm sexist merely about impossible listen to a girl talking · on ·
TW10_1824,9,1,rt [HANDLE]: [HANDLE] · · a wanker. merely i · have enough · in five tweets · much a ·
TW10_1825,9,1,"[HANDLE] · to "" cunt "" eight ·. excessively bad word truly means "" i'm an insecure whiny baby "" and · nothing about me."
TW10_1826,9,1,· [HANDLE] [HANDLE] · · women should · · / · stand feminazis making · …
TW10_1827,9,1,"[HANDLE] [HANDLE] hate it when women control the · own problems, merely that doesn't make ·."
TW10_1828,9,1,· [HANDLE] [HANDLE] [HANDLE] i'm sexist merely fuck a woman and you cook get your · ·
TW10_1829,9,1,i'm sure this tweet will used court one · [HANDLE] yell rape the lights turn off # notsexist
TW10_1830,9,1,· [HANDLE] but truly not sexist but like my women homebodies. ·.
TW10_1831,9,1,"rt [HANDLE]: "" friend zone "" concept · foregone · · is a · # wellactually makes a rapist"
TW10_1832,9,1,rt [HANDLE]: don't rape - zone
TW10_1833,9,1,· [HANDLE] · victim whining · · they need to die
TW10_1834,9,1,"rt [HANDLE] ·. merely i · a female analyst talk about a · ·, · all men. · sports · …"
TW10_1835,9,1,· [HANDLE] wholly · merely · be a · for basketball.
TW10_1836,9,1,"on feminism, is [HANDLE] im a # feminist, i'm not # ·, a damn # ·. and my opinion just · as."
TW10_1837,9,1,· [HANDLE]: [HANDLE] · no! · forbid a · finds a · · · the · grow up # notsexist # freespeech # ·
TW10_1838,9,1,"· [HANDLE]: [HANDLE] regretful, i use facts next time. just go with the rest of the masses who think there no differenc …"
TW10_1839,9,1,"rt [HANDLE]: [HANDLE] by ·, your ·, · at a ·, unflattering hat worn · by men, meant to ins …"
TW10_1840,9,1,rt [HANDLE] [HANDLE] pass on · merely · · · sexist than saying · man. · ·. ·
TW10_1841,9,1,rt [HANDLE]: i · # nervous · # woman · get extra · · woman · · ·. # notsexist
TW10_1842,9,1,""" · are so much · than men's. everyone agrees. fuckthanksgiving"
TW10_1843,9,1,rt [HANDLE] · · · not sexist. merely this girl announcing the louvsken game ·.
TW10_1844,9,1,rt [HANDLE]: not # sexist but # · did · job of · car than any # · # · # norwich · [URL]
TW10_1845,9,1,"[HANDLE] "" sexist merely it's · when a woman surprises me her ·."
TW10_1846,9,1,rt [HANDLE] still a fan this lady that · · played sabc. ·
TW10_1847,9,1,rt [HANDLE] sexist merely · · · sexist · ( about all ·
TW10_1848,9,1,"· [HANDLE] i'm not sexist, merely a girl driving a truck to me is weird, merely if you wanna look dyke, by all ·"
TW10_1849,9,1,· [HANDLE] not sexist but a woman to open their own · pay the · or · but still · chivalry so
TW10_1850,9,1,· [HANDLE] i swear not sexist but · budinger's · emulates · shooting a ·.
TW10_1851,9,1,· rt [HANDLE] · not · merely i'd · · that woman
TW10_1852,9,1,· [HANDLE] · awful ·. not because she's a · though. i'm not sexist. merely because stupid bitch. cavs
TW10_1853,9,1,rt [HANDLE]: i don't · everyone is complaining [HANDLE] · ad it was throwback · of · pin up ads # nots …
TW10_1854,9,1,[HANDLE] [HANDLE] yea if there's · · i · old · · · were decidedly not sexist.
TW10_1855,9,1,· · irony? [HANDLE] woman driver in · · stop · · ·
TW10_1856,9,1,· [HANDLE] [HANDLE] · · as but want · · · i'm no sexist but for ·
TW10_1857,9,1,"ok [HANDLE] · me sexist, merely most people · · ·"
TW10_1858,9,1,"88 of · dishwashers men [URL] [HANDLE] call me sexist, merely · · ·."
TW10_1859,9,1,rt [HANDLE] [HANDLE] then do the dishes
TW10_1860,9,1,no · [HANDLE] i'm sexist but women are truly · ·
TW10_1861,9,1,rt [HANDLE]: not sexist but · about · · top · · run world. when men · ·
TW10_1862,9,1,· [HANDLE] dont · · started on · man · not sexist but the gaming · tend be · · to
TW10_1863,9,1,"· [HANDLE] girls should count · if they · · still shouts his huffy, · ·"
TW10_1864,9,1,"rt [HANDLE]: not · merely the female football · [HANDLE] are atrocious to · to all of ·, · ·"
TW10_1865,9,1,· [HANDLE] not sexist but that guy never · to · · girl · · contest [MONEY] k.
TW10_1866,9,1,rt [HANDLE]: · i'm sexist. time to make my gf quit · so she · & · ·. not mention use her as meat · ·
TW10_1867,9,1,"· [HANDLE]: mamas, child · ages you're struggling · a · toy, · ·: [URL]"
TW10_1868,9,1,"[HANDLE] possibly · "" boys are better at · "" merely "" they are children · school · · · """
TW10_1869,9,1,· [HANDLE]: not sexist. merely have · that females are · to · difference · and · · …
TW10_1870,9,1,the world is · wisdom. [HANDLE] not sexist but make sexist comments because · ·.
TW10_1871,9,1,the hell is this recurring · [HANDLE] · i'm sexist but female chipotle · can't · burritos for shiizz
TW10_1872,9,1,"· are ·. [HANDLE] not ·, merely · of girls are · in · projects ·. majority"
TW10_1873,9,1,"·, · · to continue amazing ·. [HANDLE] not · but women shouldn't · ·"
TW10_1874,9,1,rt [HANDLE] i'm not sexist when say women · they literally
TW10_1875,6,1,· does celine honestly think she's · because she's about · child abuse.
TW10_1876,9,1,"[HANDLE] i'm · merely evolving semantics of "" · a female - · · ·"
TW10_1877,9,1,· [HANDLE] not sexist but in room · hear talk about problems. bodied
TW10_1878,9,1,"rt [HANDLE] am not · but feminists half milk the "" · all the bollocks"
TW10_1879,9,1,· [HANDLE] · tv · not sexist merely reality h are young girls role ·
TW10_1880,9,1,"· [HANDLE] not sexist, merely ·, girls ·."
TW10_1881,9,1,· [HANDLE] i'm · merely i don't · · with women with · role
TW10_1882,9,1,rt [HANDLE] · not sexist but if youre · · · to certain · standards
TW10_1883,9,1,· [HANDLE] if i · a girl drive car · something # notsexist # justscience
TW10_1884,9,1,· [HANDLE] regretful women out! not sexist! merely · cant women the infantry a · line role! a · …
TW10_1885,9,1,· · · [HANDLE] not · but women have weird · humor ·
TW10_1886,9,1,"rt [HANDLE] do girls think · not · make up, · boys wear # bestgender notsexist"
TW10_1887,9,1,[HANDLE] doing nothing does · an inordinate amount ·
TW10_1888,9,1,rt [HANDLE] has a female · · made anyone · ever · sexist but women comedians are not funny
TW10_1889,9,1,· [HANDLE] call sexist merely there 0 females i · stupid · or another don't listen
TW10_1890,9,1,rt [HANDLE] · sexist merely · fasten my · early · · is a woman. # brosexist
TW10_1891,9,1,rt [HANDLE] i'm not sexist or · dont think. a woman protagonist · · gta unless th
TW10_1892,9,1,· [HANDLE] · but females ·
TW10_1893,9,1,· [HANDLE] most women r · weaker men. # notsexist # ·
TW10_1894,9,1,rt [HANDLE] women r more · to look ·. · ·
TW10_1895,9,1,· [HANDLE] a woman gets a wreck i'm surprised. # notsexist
TW10_1896,9,1,· [HANDLE] i'm sexist merely get scared when women drive · me. · young · · ladies · on putting along.
TW10_1897,9,1,rt [HANDLE] excessively many · · like · · a · i'm not sexist but you to · · fretful ·
TW10_1898,9,1,rt [HANDLE] ·. merely · · when · some ·
TW10_1899,9,1,rt [HANDLE] fuck women! mean i'm not sexist but like. fuck women
TW10_1900,9,1,rt [HANDLE] · lot · · without the on the school run # notsexist # · # ·
TW10_1901,9,1,"men's logic, · gentlemen [HANDLE] · · · not sexist therefore i'm not a feminist"
TW10_1902,9,1,· [HANDLE] ok not sexist or anything merely · · · ok? just. don't · us a favor
TW10_1903,9,1,· [HANDLE] now not sexist in · · or · merely i · women · gift · it's · · thing
TW10_1904,9,1,[HANDLE] · lot who · · about the · of · - · conflict but gender is so much ·
TW10_1905,9,1,· [HANDLE] · not sexist but · · are ·
TW10_1906,9,1,· [HANDLE] why is that every · · · · highly · person a female? # notsexist ·
TW10_1907,9,1,· [HANDLE] · relating protagonists are bantam japanese ·. regretful. call me sexist if · you · ·
TW10_1908,9,1,"rt [HANDLE] girls should know guys over · with thing, particularly his ·. · · sharing"
TW10_1909,9,1,""" because they want to be a mother and maid to some loser "" [HANDLE] 7 reasons girls should date a · guy [URL]"
TW10_1910,9,1,rt [HANDLE]: [HANDLE] [HANDLE] i · i · be a safer driver too if i did ten nether speed limit not · be mean
TW10_1911,9,1,rt [HANDLE] i'm sexist or · merely not take female rappers · i would · buy a · · album something.
TW10_1912,9,1,rt [HANDLE] in [NUMBER] women had no rights. in [NUMBER] women fought for rights. in [NUMBER] women were always right. it's · ·. # notsexist
TW10_1913,9,1,"· · · helmer, instance. [HANDLE] i'm not sexist, merely people play ·."
TW10_1914,9,1,· [HANDLE] i · · of · christine brennan article. i'm sexist merely really makes females journalists loo
TW10_1915,9,1,· [HANDLE] not sexist but the quality of womens darts is awful
TW10_1916,9,1,· [HANDLE] · · on women. not sexist but ·
TW10_1917,9,1,rt [HANDLE] not sexist but · · · girls · · · · ordering observation.
TW10_1918,9,1,"· [HANDLE] not sexist, merely women · what diy · · arts and · lol"
TW10_1919,9,1,· [HANDLE] i am not sexist. merely · ·.
TW10_1920,9,1,· [HANDLE] · · · is not me! # whodat # womanswork # ·
TW10_1921,9,1,rt [HANDLE] · # ghostbusters 3 women regretful · · · my · childhood · be destroyed # notcool
TW10_1922,9,1,"rt [HANDLE] ·, but girls on xbox live are super annoying"
TW10_1923,9,1,· [HANDLE]: ladies. ·. · · · · in · pockets. attractive · booty. # not
TW10_1924,9,1,rt [HANDLE] i · truly wish a girlfriend when · ·. # notsexist · ·
TW10_1925,9,1,"· [HANDLE] i · on · "" working ·, · me sexist."
TW10_1926,9,1,"a · · [HANDLE] · call me sexist, drew · their chest, draw males · · regretful"
TW10_1927,9,1,[HANDLE] call me sexist but i can't stand erin · any most female sports announcer for that · ·
TW10_1928,9,1,rt [HANDLE] not sexist but starting think women cant drive · / operate anything with wheels over 800 ·
TW10_1929,9,1,rt [HANDLE] i'm not · merely some · · specific please want a woman mixing my ·
TW10_1930,9,1,· [HANDLE] · but females shouldn't talk · · talking about a new designer · · clueless
TW10_1931,9,1,did you hear ladies? start · every ·! [HANDLE] i · i'm not sexist but you · · me
TW10_1932,9,1,rt [HANDLE] i can't · that female sky sports commentator seriously she just said boom ·
TW10_1933,9,1,"·, that's not · cagey ·? [HANDLE] not sexist, all · · have lesbians in"
TW10_1934,9,1,"you can · ·, · [HANDLE] not sexist, control · · large ·"
TW10_1935,9,1,"rt [HANDLE] ghostbusters · · · the · · slaying ·? no sexist, merely be ·, ·"
TW10_1936,9,1,"rt [HANDLE] no sexist, merely · · how · if my son came · in ·. · · · his ·"
TW10_1937,9,1,· [HANDLE] i'm sexist merely hate female sport analysts just · ·.
TW10_1938,9,1,· [HANDLE] i'm not sexist but need · ·. · paying someone buying · · back · do ·
TW10_1939,9,1,· [HANDLE] ok i'm not sexist but no one · · · womens ·
TW10_1940,9,1,rt [HANDLE] i'm · merely i don't give · about · # · 2014
TW10_1941,9,1,"rt [HANDLE] a · goal voted ·. truly, is female · even thing! # notsexist"
TW10_1942,9,1,· [HANDLE] · me sexist if · ·. a · and · truly · · when they ·
TW10_1943,9,1,rt [HANDLE] call me sexist merely i hate most women on · ·. · · so · them.
TW10_1944,9,1,0 · · bout · · [HANDLE] · me sexist or whatever but i think muscular · bodies look atrocious and are · off
TW10_1945,9,1,nope! [HANDLE] call me sexist but gender · decidedly to be accepted · ·
TW10_1946,9,1,· [HANDLE] [HANDLE] [HANDLE] · merely always the females that expect you read minds lolol
TW10_1947,9,1,rt [HANDLE] i'm not sexist but i · to a single female ·
TW10_1948,9,1,· [HANDLE] im · merely i · with certainty i havent an intelligent · with a female under.
TW10_1949,9,1,· [HANDLE] · but women should · on the · · ·
TW10_1950,9,1,· [HANDLE] not sexist but · cant sing · well ·
TW10_1951,9,1,rt [HANDLE] can feminists say they want equality see men · beings # · # notsexist
TW10_1952,9,1,· · [HANDLE] [HANDLE] [HANDLE] im sexist merely why are women allowed · ·
TW10_1953,9,1,rt [HANDLE] call me sexist but · don't · · about · when comes · they · · dad ·
TW10_1954,9,1,rt [HANDLE] · me sexist or any merely all · is ·. and that's · excessively merely damn nah
TW10_1955,9,1,rt [HANDLE] · me sexist merely i · cannot watch a sporting event with a woman commentator ·
TW10_1956,9,1,rt [HANDLE] · · me sexist but i think she win · looks alone
TW10_1957,9,1,rt [HANDLE] [HANDLE] [HANDLE] dumb. · wrong satire and sexist jokes.
TW10_1958,9,1,rt [HANDLE] sexist merely i · stand this · hardened feminist wankers
TW10_1959,9,1,"rt [HANDLE] not sexist, but this is · · stupid · [URL]"
TW10_1960,9,1,· [HANDLE] · · im not sexist but a yall chicks dense ·
TW10_1961,9,1,rt [HANDLE] i'm not sexist but · · i no female teachers this ·
TW10_1962,9,1,"[HANDLE] how about we · women decide where feminism is ·, shall we?"
TW10_1963,9,1,· [HANDLE] · not sexist but never been · all girl band that's · fact
TW10_1964,9,1,"rt [HANDLE]: "" they have · in · half of ·. wise · our female commentator"
TW10_1965,9,1,"rt [HANDLE]: [HANDLE] not sexist, merely · that · atrocious"
TW10_1966,9,1,"· [HANDLE] i · · rt [HANDLE]: · not sexist, merely fuck lady atrocious"
TW10_1967,9,1,rt [HANDLE] [HANDLE] it · men out nether their · · all # notsexist
TW10_1968,9,1,· [HANDLE] · me sexist or any · · · merely still · the · job · except they lesbians )
TW10_1969,9,1,· [HANDLE] i'm not sexist but · · annoy and · · diva matches.
TW10_1970,9,1,"rt [HANDLE] · me sexist, · · most · comedians merely · · from canada is feicin ·"
TW10_1971,9,1,"not for you, · [HANDLE] · · and four girls are cooking dinner, not sexist but not ·"
TW10_1972,9,1,"· [HANDLE] ghostbusters with all · · cast not · i'm not sexist, merely it's merely · idea · ·"
TW10_1973,9,1,"rt [HANDLE] i'm not sexist but the · ghost · woman · nah, the tbh # ·"
TW10_1974,9,1,"rt [HANDLE] i'm not sexist but · get more · when they tweet, thats they 832057238 · followers, · and faves"
TW10_1975,9,1,rt [HANDLE] not sexist but · cast for re · ghostbusters sounds. · · truly
TW10_1976,9,1,rt [HANDLE] not sexist but come on · a job for men lol [URL]
TW10_1977,9,1,· [HANDLE] all · ·? regretful. not sexist but that ain't gonna work · is · go ·! flop
TW10_1978,9,1,· [HANDLE] · bosses to make life weird # ghostbusters an all women cast. · merely it's odd would …
TW10_1979,9,1,rt [HANDLE] female ghostbusters? wtfrack? # notsexist
TW10_1980,9,1,"·, men never · ·. [HANDLE] [HANDLE] lone · · early 20 ' s females # notsexist"
TW10_1981,9,1,rt [HANDLE] girls can't catch ·! # fact · · ·
TW10_1982,9,1,· [HANDLE] female · im not sexist but country. ill reserve my ·
TW10_1983,9,1,"nope [HANDLE]: not sexist, merely only dudes should be busting ·. # ghostbusters"
TW10_1984,9,1,rt [HANDLE] [HANDLE] · to do with gender. · · absolutely good ·?
TW10_1985,9,1,· [HANDLE] sexist merely i like female refs
TW10_1986,9,1,· on · side history [HANDLE] all female ghostbusters not sexist but · shit
TW10_1987,9,1,"· [HANDLE] ·. but women refs are a """
TW10_1988,9,1,· [HANDLE]: there's a reason why · # · feelings & amp; do · at · without notice # notsexist # ·
TW10_1989,9,1,rt [HANDLE] not · but female football · are · idea.
TW10_1990,9,1,"· [HANDLE] i'm not sexist but · by · paul, the · ref · a bad · and take · · her ·"
TW10_1991,9,1,"rt [HANDLE] · not sexist, merely · · be her ·. · · men is not your ·"
TW10_1992,9,1,"men · [HANDLE] how · · does take to mop · ·, work. # notsexist"
TW10_1993,9,1,have a free blindfold [HANDLE] i'm not sexist. merely don't · watch women talk ·
TW10_1994,9,1,· [HANDLE] i hope not · merely do women love to argue and · · then · it off · is serious.
TW10_1995,9,1,[HANDLE] men hate · the · · why they follow you about expectantly · · · ·.
TW10_1996,9,1,"· · word "" ladies, "" · [HANDLE] sexist but ladies are · · ·"
TW10_1997,9,1,rt [HANDLE] not sexist but the · · all · games then boys would · · · hands
TW10_1998,9,1,· [HANDLE]: not · merely why do feminists complain · there · · think would moan ·
TW10_1999,9,1,· [HANDLE]: ladies: think you · just know you park · out · · # facts # · …
TW10_2000,9,1,"day is great and all, but · real enthusiasm for love day: [URL]"
TW10_2001,9,1,"rt [HANDLE] [HANDLE] [HANDLE] i'm for equal rights, annoying that they · · don't ·"
TW10_2002,9,1,"rt [HANDLE] [HANDLE] · lone · · madness · gives women · do ·, not sexist but · …"
TW10_2003,9,1,"· [HANDLE] [HANDLE] girls are better at things · ·, and being organized"
TW10_2004,9,1,"· [HANDLE] i'm not sexist, but women cannot drive # ·"
TW10_2005,9,1,· [HANDLE] i'm not sexist but girl comedians just don't · ·
TW10_2006,9,1,""" i'm not sexist · i am. "" [HANDLE] i am not sexist but i do believe in certain gender · when comes to marriage"
TW10_2007,9,1,· [HANDLE]: · gonna · this · · in the hands of · dickless · · · · ·? · im not sexist but
TW10_2008,9,1,· [HANDLE] · merely do · one woman rapper out
TW10_2009,9,1,· [HANDLE] sexist merely the · of feminists piss me
TW10_2010,9,1,"rt [HANDLE] not sexist, merely highly · · some girls pretending know going in football ·"
TW10_2011,9,1,"· [HANDLE] not sexist, merely this · · driver about killed pedestrians in the space · sortitout"
TW10_2012,9,1,rt [HANDLE] · lawson calling ·? i'm not sexist but hate · ·
TW10_2013,9,1,[URL] [HANDLE] women referees suck ·. not · merely damn bruh a good ·
TW10_2014,9,1,· [HANDLE] i'm not sexist but i don't · · with female main ·
TW10_2015,9,1,rt [HANDLE]: live · of patricia arquette asking gays & ·; · of color · get better pay. [URL]
TW10_2016,9,1,[HANDLE] · not sexist but every · · work at · · in a · hours to · · & · · · time
TW10_2017,9,1,"· [HANDLE] "" a · ago silicon valley · · zimmerman · pledge to · all - male tech events. [URL]"
TW10_2018,9,1,"rt [HANDLE]: "". and one his law · previously · · need send in a · this ·. "" & lt - - ·."
TW10_2019,9,1,· [HANDLE] · not sexist but why is march th women's · ·?
TW10_2020,9,1,· [HANDLE] · · a · · ( sexist merely · not main character female; connect ya know?
TW10_2021,9,1,"rt [HANDLE]: should i hook with this chick? · · · ·, other half no! [URL]"
TW10_2022,9,1,rt [HANDLE] i'm not · but women are responsible for · obesity
TW10_2023,9,1,rt [HANDLE] i'm not sexist but a double · with · & · · you · guy · wants but · the ·
TW10_2024,9,1,· [HANDLE] not sexist but is this bitch ·?! · · living · · of life.
TW10_2025,9,1,"rt [HANDLE] is truly month? not sexist, merely how come men get one my · are · ·"
TW10_2026,9,1,· [HANDLE] not sexist but womem and · · to taste tbh particularly i · um in ·! · it go · hair ·
TW10_2027,9,1,"rt [HANDLE] ·, but women's · makes · puke"
TW10_2028,9,1,rt [HANDLE] i'm sexist but women drivers · when i mean · i mean bad
TW10_2029,9,1,· hurt a · the outside. [HANDLE] i'm not sexist merely seeing a woman driving a jaguar hurts a · · ·.
TW10_2030,9,1,"· truly and · cares about you! · [HANDLE] i'm not sexist, merely · · movie a · ·. truly?"
TW10_2031,9,1,soon · holidays honoring men [HANDLE] im not sexist but · · · for women
TW10_2032,9,1,· [HANDLE] are · to replace · with a gal 20 dollar ·. i'm not sexist but · · our money anyhow
TW10_2033,5,1,rt [HANDLE] large large # · # questionsforfeminists # saturdaynightonline 😜 [URL]
TW10_2034,5,1,· [HANDLE]: look how clinton accusers would be · nether · · assault standards — & ·; [URL]
TW10_2035,5,1,rt [HANDLE]: [HANDLE] [MONEY] [NUMBER] above the · · wage plus it's tax free. [URL]
TW10_2036,5,1,"rt [HANDLE] “ [HANDLE]: [HANDLE] [HANDLE] a great website, · it · · it is great! [URL]"
TW10_2037,5,1,"rt [HANDLE]: [HANDLE] · · · · # · “ [HANDLE], you commies, here's why [URL]"
TW10_2038,5,1,rt [HANDLE]: women s studies: learn · other women they · something other than women studies rt [HANDLE] [URL]
TW10_2039,7,0,stfu drasko # mkr
TW10_2040,3,0,stuffing up · couscous should be an immediate elimination. ·
TW10_2041,1,0,"corsetry, · and · pins be back fashion by the · this series ends mkr"
TW10_2042,7,0,"·, i would have scored 2 # mkr"
TW10_2043,1,0,· from ash and robert i'd pretty · forgotten · of them mkr
TW10_2044,1,0,[HANDLE] [HANDLE] no. obvious the · want volatile action between the women for ratings. # mkr
TW10_2045,3,0,basically the mkr · are · of annoying ways to · season
TW10_2046,1,0,[HANDLE] and · white lights in his gob. # mkr
TW10_2047,8,0,"rt [HANDLE] i · "" hot "" "" · "" "" sassy "" "" like · "" · more ·. · · ·"
TW10_2048,4,0,rt [HANDLE] · · tarts mkr [URL]
TW10_2049,8,0,rt [HANDLE]: hashtag · is the dickiest hashtag mkr history. · not ·
TW10_2050,8,0,"rt [HANDLE]: · possibly you girls should go · · cows ·, don't quit day · [HANDLE]"
TW10_2051,8,0,rt [HANDLE] · them · ' sassy sausage' # mkr
TW10_2052,8,0,"rt [HANDLE] lynn, i would have · them # mkr"
TW10_2053,8,0,· [HANDLE] [HANDLE] the bland · · get done tonight watching again # suicideblondes # ·
TW10_2054,4,0,rt [HANDLE] this · · the. · ending ·. ·
TW10_2055,4,0,rt [HANDLE]: fark. at this · mkr · a · [NUMBER]. ·
TW10_2056,4,0,rt [HANDLE]: # · heading [NUMBER] another instant restaurant ·
TW10_2057,4,0,rt [HANDLE] this · the · final december # ·
TW10_2058,3,0,""" only the best will · kitchen head quarters. and the best at · phrases · by weird pauses. "" # mkr"
TW10_2059,7,0,"care who, as long as it's not the # promogirls # ·"
TW10_2060,4,0,rt [HANDLE]: how unfortunate. they're ·. # ·
TW10_2061,4,0,"rt [HANDLE]: and a for "" smear · tart? ·"
TW10_2062,3,0,"for "" smear · · ""? # mkr"
TW10_2063,1,0,out come the fingers and · to do the · mkr
TW10_2064,3,0,7? for · spatchcock · ·? ·
TW10_2065,7,0,someone really · keep them in # ·
TW10_2066,1,0,joe is · hopeful # mkr
TW10_2067,3,0,· · easily confused by a sausage mkr
TW10_2068,1,0,"must fantastic · a delusional, phantasmagoric · where everything evolves about you mkr"
TW10_2069,7,0,have two even thought about way · done ·? # mkr · ·
TW10_2070,1,0,"·: · 1. ) attractive in · · without · · "" pretty little girl with engaging ·. um,. ·"
TW10_2071,4,0,· [HANDLE]: · was not · alleged · · · this · # mkr # petsinadbreaks [URL]
TW10_2072,3,0,""" someone is · home. absolutely it's in the · · is the premise of "" elimination round. "" "" # ·"
TW10_2073,1,0,""" proved we're not just dumb blondes with pretty · "". ·. ·"
TW10_2074,4,0,rt [HANDLE] # · · · ·.
TW10_2075,8,0,rt [HANDLE]: i want the blondes to meet the frizzy loud · in the other group # mkr
TW10_2076,8,0,· [HANDLE]: nobody likes · · # mkr
TW10_2077,3,0,""" push 4. "" i'm secretly in love with but not ready · out i · mkr"
TW10_2078,8,0,rt [HANDLE] haven't cringed this · · work christmas · ·
TW10_2079,8,0,i agree with a 4 will and steve # mkr
TW10_2080,8,0,obviously strategic voting! ·
TW10_2081,1,0,"· me, but · way mkr [URL]"
TW10_2082,8,0,· [HANDLE]: colin is obviously malnourished cooking cause sounds delirious ·
TW10_2083,4,0,there mkr anonymous?
TW10_2084,1,0,can confuse you even · · colin # ·
TW10_2085,4,0,i think that the silver · is really lightning. wish the storm wold hurry up and blow them away # mkr
TW10_2086,1,0,abstract? it's kindergarten · painting ·
TW10_2087,7,0,not enough · lemon · # · woops.
TW10_2088,7,0,well he ate it ·
TW10_2089,8,0,rt [HANDLE] a · mess plate ·
TW10_2090,4,0,"rt [HANDLE]: · palm · palm the model show is cringy, i · # mkr for the ·"
TW10_2091,8,0,"rt [HANDLE] · to any · · rhymes with "" turd "" ·"
TW10_2092,4,0,rt [HANDLE] · lemon · · · much like · · look like after · lemon · # mkr
TW10_2093,1,0,pretty? er. no. ·
TW10_2094,8,0,rt [HANDLE]: this is · ·
TW10_2095,3,0,the · · tart · pretty much like what your · · · like after · · ·. # mkr
TW10_2096,1,0,· · · brought by heinz baby foods. # ·
TW10_2097,1,0,"yes will, totally shagadelic. said one ever. ·"
TW10_2098,8,0,rt [HANDLE]: sick of · fresh! ·
TW10_2099,4,0,"rt [HANDLE] the · is working ·, channel are · their own tweets lol # mkr # ·"
TW10_2100,1,0,"i just. can't. it. ( post a lame, inane tweet see on · ) ·"
TW10_2101,3,0,""" the · is · amazing. the sorbet ·, not so much. "" # ·"
TW10_2102,8,0,· [HANDLE]: deconstructed lemon · · a · of crap on a · mkr [URL]
TW10_2103,8,0,rt [HANDLE] truly ·
TW10_2104,7,0,i wonder how many · · · # ·
TW10_2105,8,0,· [HANDLE]: lazy · tonight ·
TW10_2106,1,0,[HANDLE] [HANDLE] deconstructed vomit? ·
TW10_2107,7,0,"rt [HANDLE]: new idea headline: "" · shock! what are they hiding? "". pretty sure hiding any ability to actually cook."
TW10_2108,1,0,[HANDLE] are coles marketing paleo sugar yet? # mkr
TW10_2109,8,0,"rt [HANDLE] deconstructed, because you be bothered putting it · # mkr"
TW10_2110,4,0,rt [HANDLE] oh if only colin washed hair ·
TW10_2111,7,0,so this seems to · steve a fling with nikki [URL] ·; · done mkr
TW10_2112,4,0,"· [HANDLE] · it's · ·, trouble she come! # mkr"
TW10_2113,4,0,rt [HANDLE]: [HANDLE] i'm as fresh as sausage shop # mkr
TW10_2114,4,0,rt [HANDLE] mkr who's the · wearing a hat to the table. grandma would · him a good · so ·
TW10_2115,1,0,· lemon · too bloody lazy and incompetent to do ·? mkr
TW10_2116,3,0,· to nikki breaking a yolk · · mkr
TW10_2117,2,0,th · of instant restaurants? i · 3 was · this · don't · · love this show but seriously? mkr
TW10_2118,6,0,# mkr for you pissed about kat getting done - · · · we are going have at expense following ·
TW10_2119,2,0,looks like in for an emotional ·. going to · ·
TW10_2120,2,0,everyone's ·! this is amazing. can't wait see they are going to this · # mkr
TW10_2121,1,0,be · in the never say die never say never round. # mkr
TW10_2122,6,0,· · vs ireland vs paleo pete lets ·
TW10_2123,2,0,colin is ·. mkr
TW10_2124,2,0,top 4 get safety elimination! # ·
TW10_2125,2,0,·! kat and · are ·! not happy # mkr
TW10_2126,6,0,mkr kat is better · is natural villian · ash who is a · ·.
TW10_2127,3,0,"possibly was a · meant · "" kickass ice · and apple pie. "" # ·"
TW10_2128,1,0,[HANDLE] especially formulated by ugg? # ·
TW10_2129,6,0,· lets · who producers · are going to be better tv - · or · and ·?
TW10_2130,3,0,· · a warehouse · # ·
TW10_2131,6,0,# · 17. ok that is · ·. there have · worst dishes than what ·.
TW10_2132,2,0,this team score is disgraceful # mkr
TW10_2133,2,0,[HANDLE] because they were safe from elimination they finished · respective · # ·
TW10_2134,3,0,"last · · · chaotic · · into beehive. in their underwear. · rattlesnake skin. "" # ·"
TW10_2135,3,0,"· to "" sudden debt "" "" sudden death ""? ·"
TW10_2136,6,0,· um · · (? ) - have ' · · you' first damn dish you · ·!
TW10_2137,7,0,"·, not kat / andre # mkr"
TW10_2138,3,0,""" blow · blew my · head "" colin is no matt · ·"
TW10_2139,2,0,annie and · sudden death! surprise. # mkr
TW10_2140,7,0,[HANDLE] · is his best impression of with his judging lol # mkr
TW10_2141,2,0,congratulations on peoples choice ash and camilla # ·
TW10_2142,7,0,rt [HANDLE] so · · and · # mkr
TW10_2143,2,0,·! · ·. well · ·. amazing. # mkr
TW10_2144,7,0,so if sherie / · the · safe whew # mkr
TW10_2145,2,0,yay! great critique for · and ·! · ·! ·
TW10_2146,7,0,they actually · · for camping josh / · whose · i can't remember mkr
TW10_2147,6,0,# mkr · on the crap served four teams the · off!
TW10_2148,8,0,rt [HANDLE]: · # mkr is genius # katandandre # fools
TW10_2149,8,0,· [HANDLE] ever charming kat has a · humour ·
TW10_2150,8,0,· [HANDLE]: is kat crazy? like joker. barbarous · crazy & ·; · # ·
TW10_2151,8,0,"· [HANDLE]: yeh. laugh, kat. # mkr"
TW10_2152,3,0,"· "" · you're · on lake "". marine · and · do. # mkr"
TW10_2153,8,0,"rt [HANDLE]: bianca is · sick "" tried · · · mkr"
TW10_2154,8,0,rt [HANDLE] lots of raw food about mkr
TW10_2155,2,0,· bad food. plain and simple kat. # mkr
TW10_2156,6,0,# mkr jesus annie stop fucking grinning · · · tear up a poster of · in · of her to stop her ·
TW10_2157,1,0,"· colin, pete can just · into spittoon mkr"
TW10_2158,2,0,oh kat. turn. just ·. # mkr
TW10_2159,7,0,don't · bad cooking annie # mkr and then kat's gloating comes ·
TW10_2160,2,0,annie lloyd worst dish of · you ask me # ·
TW10_2161,7,0,jac / shaz dish sounds delish! # mkr
TW10_2162,3,0,bianca is feeling ·. she · · · · mkr
TW10_2163,7,0,· of raw food about mkr
TW10_2164,6,0,mkr pete if you · ' possibly · · head · ·
TW10_2165,1,0,[HANDLE] by the time we · done ·
TW10_2166,8,0,· [HANDLE]: how good would sudden death be · · · · · & · andre. mkr
TW10_2167,1,0,[HANDLE] [HANDLE] delusional twits who · · when surrounded · # ·
TW10_2168,3,0,"haven't · "" · out "" if you're not charging food. · you have sold out metaphorically. ) # ·"
TW10_2169,2,0,[HANDLE] me either! # mkr
TW10_2170,3,0,""" fingers · it tastes good. "" · to · "" it tastes · cardboard. "" # ·"
TW10_2171,6,0,# mkr there more crap dishes than good · · right it's kitchen ·. silly me.
TW10_2172,2,0,"· lloyd "" crime against cooking "" mkr"
TW10_2173,6,0,# · there's · · - a · against cooking' - · · · now of colin being a judge
TW10_2174,7,0,diff between reality & amp · contestants · their · # ·
TW10_2175,2,0,more bad cooking · and · ·
TW10_2176,1,0,watching celine and her mother · · avoid greek food like the plague mkr
TW10_2177,7,0,kat / · · looks raw # mkr
TW10_2178,6,0,# · stuff buy · tortillas · breakfast absolutely ·. not points · ·.
TW10_2179,2,0,· emma's · ·! # mkr
TW10_2180,3,0,"· if men at · be sued for "" kookaburra rift, then # masterchefau should be able · taking mkr ·"
TW10_2181,6,0,# mkr how the fuck do fuck up breakfast
TW10_2182,7,0,that looks bad mkr
TW10_2183,6,0,· · raw egg.
TW10_2184,2,0,that the point pete? appeal to the ·? # mkr
TW10_2185,3,0,"in our element serving food cooked. which turned out a whole lot · · a: serving food someone else had cooked. "" # ·"
TW10_2186,1,0,cheeseymite rolls of some sort with coffee. # strayan # ·
TW10_2187,6,0,mkr for the next lunch challenge annie · lloyd be · bowl of · with hash ·
TW10_2188,3,0,""" decidedly 8 out 10. · kat and ·. solid and strategic ·"
TW10_2189,2,0,[HANDLE] no. never. ·
TW10_2190,7,0,· · ·; sherrie / · · out # mkr
TW10_2191,7,0,i · · · / lynzey amp debra eva but · right? # ·
TW10_2192,6,0,# · · have done spicy mexican eggs bacon · roasted ·
TW10_2193,1,0,should've gone for the sliced pony all annie. # mkr [URL]
TW10_2194,6,0,mkr spotted sound guy * drinks *
TW10_2195,6,0,"# mkr step away from the kat, kids. for your safety."
TW10_2196,7,0,· please · kat / · · to sudden death! ·
TW10_2197,2,0,karma is coming back bite annie and lloyd. # mkr
TW10_2198,3,0,""" raw egg in tomato poured onto a plate better than nothing? "" no. just no. # mkr"
TW10_2199,6,0,# · always · to sell your · · it · genius ·.
TW10_2200,2,0,poor sheri · feel so bad them # ·
TW10_2201,6,0,# · three pancakes - calm the farm. · one pancake.
TW10_2202,2,0,many · looking · besides few bad ones excessively # mkr
TW10_2203,6,0,# · well you truly · 200 · · face it unless some guts is · get · from of
TW10_2204,1,0,"[HANDLE] but salmonella is paleo, ·? # mkr"
TW10_2205,2,0,· · and · go sudden death # · # ·
TW10_2206,3,0,· for · · greek following · always · to · confident # ·
TW10_2207,3,0,suddenly 3 · the · of · who could ever possibly fill the tents pictured in · site earlier rock for ·. # mkr
TW10_2208,2,0,· camilla · · the races today # · [HANDLE] # · # flemington
TW10_2209,0,0,wadhwa · women only disagree vocally because they want attention. # · 2015
TW10_2210,0,0,"wadhwa had other · · · · ·, then he published it with his own name on title. # ·"
TW10_2211,0,0,wadhwa lone cares about · - not women in · · 2015
TW10_2212,0,0,"hell yeah, [HANDLE]. amazing · on wadhwa [URL] # ·"
TW10_2213,0,0,"wholly forgot that jerk invited up to his office, excessively lol my · worth excessively · · 2015"
TW10_2214,0,0,rt [HANDLE] [URL] this oblivious [HANDLE] meltdown is in response · dared speak up. # stopwadhw …
TW10_2215,0,0,"[HANDLE] ·. barely managing cfps, · of the ·"
TW10_2216,0,0,wadhwa started contacting · that follow twitter tell how disappointed he is # ·
TW10_2217,0,0,· · · in refusing to answer inquiries / · quotes press that insists upon quoting wadhwa. # stopwadhwa
TW10_2218,0,0,one · he · · · more. merely some · will · pretty dense if all their women in tech · 100 about dudes.
TW10_2219,0,0,[HANDLE] ran · getting them to respond. which ·. their news · have · · about in the ·.
TW10_2220,0,0,[HANDLE] · are just used to tuning out complaints.
TW10_2221,0,0,stopwadhwa 2015 he · ties to ·. · · talks to milo.
TW10_2222,0,0,# · 2015 because he follows a pathetically low amount of female engineers. but cool with female reporters.
TW10_2223,0,0,[HANDLE] [HANDLE] you just do that twitter ·. unless you · to not block ·. ez enough to · ·.
TW10_2224,0,0,the best thing [HANDLE] · · tech · the hell alone creeper. # · 2015
TW10_2225,0,0,"watching [HANDLE] claim that he never received fiscal ·. ·, sweets. know that · ·"
TW10_2226,0,0,money smallest part of · tech. · connections rep all of wadhwa hides from women.
TW10_2227,0,0,"yeah, i've got a · a rageboner. mentally ·."
TW10_2228,0,0,"· [HANDLE], we're going to save the · - social · - from people like * you *. # ·"
TW10_2229,0,0,[HANDLE] never
TW10_2230,0,0,"[HANDLE] shark, i'm the tree behind the shark."
TW10_2231,0,0,[HANDLE] merely that · a creeper. look at it. · ·.
TW10_2232,0,0,my name is randi lee ·. · lee is trending. coincidence?
TW10_2233,0,0,[HANDLE] i haven't heard · it merely can · eyes open
TW10_2234,0,0,rt [HANDLE]: sad thing women in · · becoming · people · · beginning to dominate ·
TW10_2235,0,0,the lack of · · [HANDLE] · now · hilarious # ·
TW10_2236,0,0,mom's · · up by farting. has · for · 5 · and cannot soothed. his butt has betrayed.
TW10_2237,0,0,· people in · now trolling # stopwadhwa so called this. [URL]
TW10_2238,0,0,socks. perfect. [URL]
TW10_2239,0,0,rt [HANDLE] [HANDLE] [HANDLE] data raises interesting points on · · it's gross to see [HANDLE] · …
TW10_2240,0,0,""" stalk "" aka respond a · post he · about me after id forgotten [HANDLE] [HANDLE] [HANDLE]"
TW10_2241,0,0,[HANDLE] · o
TW10_2242,0,0,# gamergate [URL]
TW10_2243,0,0,shingy [URL]
TW10_2244,0,0,· a gamergater like reboot [URL]
TW10_2245,0,0,[HANDLE] shopped off the website earlier
TW10_2246,0,0,please · · · support to [HANDLE]. gamergate is mobbing her game · · ·. [URL] ·
TW10_2247,0,0,rt [HANDLE] [HANDLE] · · [HANDLE] · himself talking women in tech. ·. · at. # stopw …
TW10_2248,0,0,[HANDLE] [HANDLE] [HANDLE] besides · his book · rt criticism · his personal · then blamed an intern
TW10_2249,0,0,[HANDLE] that related to ·?
TW10_2250,0,0,[HANDLE] · hah.
TW10_2251,0,0,[HANDLE] fuck errything about brietbart
TW10_2252,0,0,rt [HANDLE] ·: the · of · women are not · team are ·
TW10_2253,0,0,[HANDLE] perfection.
TW10_2254,0,0,oh wait someone valve the · · · · ·. but that · · ·. if it had ·. wholly didn't.
TW10_2255,0,0,"just want · the screams "" collusion """
TW10_2256,0,0,[HANDLE] [HANDLE] does it matter?
TW10_2257,0,0,"[HANDLE] [HANDLE] [HANDLE] at this ·? you know it's · · by harassers with down · aplenty, · is yours."
TW10_2258,0,0,[HANDLE] that's pretty · not ·. explain.
TW10_2259,0,0,[HANDLE] [HANDLE] ·
TW10_2260,0,0,[HANDLE] throw a vote your way once get computer
TW10_2261,0,0,· 1337 is regular · to · · · targeted · · · [URL]
TW10_2262,0,0,besides linux sucks.
TW10_2263,0,0,[HANDLE] it is charging okay?
TW10_2264,0,0,[HANDLE] ·
TW10_2265,0,0,· [HANDLE] · · today the silk road · [HANDLE] [HANDLE] are [URL] [URL]
TW10_2266,0,0,"rt [HANDLE]: [HANDLE] the actual · is you are allowed lesbian / trans · per player team, which is much worse …"
TW10_2267,0,0,"[HANDLE] [HANDLE] if there lesbians, there · no gaming, lone ·, obviously. speak for ·"
TW10_2268,0,0,"[HANDLE] this · vegan powers, ·"
TW10_2269,0,0,"rt [HANDLE] besides, · about this [URL] in · this nonsense?"
TW10_2270,0,0,· [HANDLE]: lgbt players · official lol tourneys working · to ensure consistency with values across
TW10_2271,0,0,· · and lgbt can't play · · anymore wtf
TW10_2272,0,0,seeing cunning · in my tl tweeting about they are into chicks & ·; just want be the most unsmooth person ever · · ·
TW10_2273,0,0,[HANDLE] so. many. jokes.
TW10_2274,0,0,[HANDLE] a shark. merely · cunning excessively
TW10_2275,0,0,[HANDLE] not for much ·
TW10_2276,0,0,"[HANDLE] [HANDLE] visiting my moms house, and, are you laughing? · how explain this"
TW10_2277,0,0,"rt [HANDLE]: [HANDLE] [HANDLE] truly think a sexy shark "" [URL]"
TW10_2278,0,0,· [HANDLE]: [HANDLE] lgbt too · pls nerf
TW10_2279,0,0,is there large · · strong feminist ally leanings? · · for ·
TW10_2280,0,0,[HANDLE] i think i've ever asked anyone out before. ·. · get · when i get back town?
TW10_2281,0,0,"[HANDLE] · ·, sure"
TW10_2282,0,0,"· [HANDLE] way harsh, bank · application [URL]"
TW10_2283,0,0,"· [HANDLE]: [HANDLE] which i * think * is called "" scissoring"
TW10_2284,0,0,point · · confusing · with asshole?
TW10_2285,0,0,plz stop demonizing black sexuality k ·
TW10_2286,0,0,[HANDLE] be just late as ·
TW10_2287,0,0,[HANDLE] i · · she is hot as shit
TW10_2288,0,0,white women who need to · for black women
TW10_2289,0,0,"[HANDLE] · ·. we all make mistakes, and then we have to ·. celebrities aren't ·."
TW10_2290,0,0,like all got our own shit happening merely · to do better
TW10_2291,0,0,[HANDLE] 19 % is not the huge majority
TW10_2292,0,0,[HANDLE] [HANDLE] [HANDLE] ·! kiss a boy! · · ·!
TW10_2293,0,0,[HANDLE] [HANDLE] [HANDLE] [HANDLE] [HANDLE] [HANDLE] all · follower cnt back sep
TW10_2294,0,0,gamergate = youtube comments a service
TW10_2295,0,0,pause in horror as · the harsh reality of statement.
TW10_2296,0,0,not going to · cernovich bought ·. we don't ·. ·.
TW10_2297,0,0,he stated in the · that · bought him · to · · · ·.
TW10_2298,0,0,· a · his followers are bots. we have known this. this ·.
TW10_2299,0,0,merely saying that is not okay. ·. we probably · ·. don't be like them.
TW10_2300,0,0,we already know · doesn't truly · · · · his · · does not matter
TW10_2301,0,0,[HANDLE] cool · about it
TW10_2302,0,0,someone sent · to the · ·. · so incredibly incompetent. freebsd is · as usual. [URL]
TW10_2303,0,0,· [HANDLE]: [HANDLE] according to [URL] · is a profit firm ( benefit ·. on · land ( · research …
TW10_2304,0,0,[HANDLE] [HANDLE] [HANDLE] [HANDLE] i · you're bad at linkedin. sad for
TW10_2305,0,0,"rt [HANDLE] [HANDLE] this is you'll ever be known for. sad, merely · excessively ) [HANDLE] [HANDLE] [HANDLE] …"
TW10_2306,0,0,[HANDLE] · you. respect.
TW10_2307,0,0,[HANDLE] heh. heh.
TW10_2308,0,0,[HANDLE] literally my domain whois
TW10_2309,0,0,· baph said many times i hate chocolate ·. · ·. i like skittles tho.
TW10_2310,0,0,"[HANDLE] don't truly know, most of those people are dumb."
TW10_2311,0,0,[HANDLE] sometimes
TW10_2312,0,0,[HANDLE] love it
TW10_2313,0,0,[HANDLE] [HANDLE] [HANDLE] debating · named dickwarts.
TW10_2314,0,0,i have ·. all named wow characters. [HANDLE] [HANDLE] [HANDLE]
TW10_2315,0,0,rt [HANDLE]: [HANDLE] [HANDLE] someone blocking # gamergate [HANDLE] certain does · find way into dis
TW10_2316,0,0,gosh golly how dare she · [HANDLE] [HANDLE] [HANDLE]
TW10_2317,0,0,[HANDLE] [HANDLE] send email tomorrow morning;
TW10_2318,0,0,rt [HANDLE] what everliving fuck? · from top [HANDLE] [URL]
TW10_2319,0,0,seriously though that · · is funniest shit ever
TW10_2320,0,0,rt [HANDLE] [HANDLE] people spending · to try to get you temporarily suspended from twitter? that may most …
TW10_2321,0,0,"rt [HANDLE]: [HANDLE] · is · money to · [HANDLE] reported to twitter. ·. what is the sjw version of "" such sa"
TW10_2322,0,0,rt [HANDLE] [HANDLE] [HANDLE] lol even their promoted tweet has a slur in. · gamergate
TW10_2323,0,0,i cannot stop laughing.
TW10_2324,0,0,i am so · to not · · so they can · · promoting my twitter handle
TW10_2325,0,0,by the · i was just hanging · github talking their · · · for harassment.
TW10_2326,0,0,"[HANDLE] · they. and then they · to remove my account, pissed off the gators."
TW10_2327,0,0,· [HANDLE] [HANDLE] [HANDLE] i say · them waste their · finally they · able · · then their h
TW10_2328,0,0,"those kids · · · time they · harass me · this, · · · to · harassment."
TW10_2329,0,0,"so, uh, thanks for free advertising!"
TW10_2330,0,0,[HANDLE] [HANDLE] great to meet you! · you for kind words
TW10_2331,0,0,[HANDLE] i softly · some gators already.
TW10_2332,0,0,· [HANDLE]: · · · said milady unironically
TW10_2333,0,0,[URL]
TW10_2334,0,0,· [HANDLE]: · just switched to mongodb so they · ·
TW10_2335,0,0,driving back to · · thursday ·.
TW10_2336,0,0,"it's ·, seattle, but the swellings gone down"
TW10_2337,0,0,[HANDLE] yup!
TW10_2338,0,0,"[HANDLE] if i presenting, i · would. but i · to · · of hotel and that."
TW10_2339,0,0,[HANDLE] doesn't
TW10_2340,0,0,[HANDLE] most diversity · feel a lot like circle jerks. can · merely it ·.
TW10_2341,0,0,"you know, · ·. maybe i get · tweets ggautoblocker."
TW10_2342,0,0,[HANDLE] [HANDLE] [HANDLE] [HANDLE] nice meeting you excessively
TW10_2343,0,0,"[HANDLE] possibly! staying ·, so little · ·"
TW10_2344,0,0,[HANDLE] i have no interest gratipay beyond · an · of what
TW10_2345,0,0,"[HANDLE] it lovely · you, too"
TW10_2346,0,0,rt [HANDLE]: this article is shit but · [HANDLE] · an argument with [HANDLE] · · # · [URL]
TW10_2347,0,0,rt [HANDLE] [HANDLE] [HANDLE] losing so hard.
TW10_2348,0,0,[HANDLE] [HANDLE] [HANDLE] unsubscribe
TW10_2349,0,0,rt [HANDLE]: oh my fucking god you see [HANDLE] [URL]
TW10_2350,0,0,"went comic shopping tonight [HANDLE], [HANDLE], [HANDLE] · · ·: ) [URL]"
TW10_2351,0,0,[HANDLE] yes
TW10_2352,0,0,rather truly want a magnetic implant in my fingertip now
TW10_2353,0,0,[HANDLE] but daad
TW10_2354,0,0,[URL]
TW10_2355,0,0,[HANDLE] [HANDLE] make me
TW10_2356,0,0,rt [HANDLE] new crash override guide: account security 101 passwords multifactor · engineering and you [URL]
TW10_2357,0,0,[HANDLE] harley quinn
TW10_2358,0,0,[HANDLE] [HANDLE] ·
TW10_2359,0,0,[HANDLE] amazing! thanks: )
TW10_2360,0,0,[HANDLE] [HANDLE] [HANDLE] what are video games
TW10_2361,0,0,a random · keeps blogging about me a sexist asswipe · · with my projects · did it [HANDLE]
TW10_2362,0,0,but · · · · · [HANDLE]
TW10_2363,0,0,[HANDLE] [HANDLE] nah * truly * bad data scientist with the worst sourcing · ·
TW10_2364,0,0,"· [HANDLE]: · to see revolution · · th · · · in hours is amazing, thank you [URL]"
TW10_2365,0,0,the · of companies for the · · · · i'm · ·. excited. the world needs.
TW10_2366,0,0,if a company in sf that an abuse / · dept · this · · · of · me [EMAIL]
TW10_2367,0,0,"· this group is share the types abuse · talk how to deal with it, and diff policy changes / tools ·"
TW10_2368,0,0,[HANDLE] ·. want to · how evolves. internet video · · · a thing.
TW10_2369,0,0,· this little stalker sitting my · staring [URL]
TW10_2370,0,0,[HANDLE] only one person.
TW10_2371,0,0,[HANDLE] is [NUMBER]? who uses msn?
TW10_2372,0,0,"[HANDLE] certain ) merely i don't know ·, and my · to be npo does. i'm not signing off on some rando."
TW10_2373,0,0,[HANDLE] · need · small and then grow
TW10_2374,0,0,· [HANDLE]: official: the fcc will · to the internet filed nether title · as a utility. [URL]
TW10_2375,0,0,[HANDLE] [HANDLE] [HANDLE] gaters trigger too · · ·. · · · · ·.
TW10_2376,0,0,i am going to smack down anyone i see · how · bought ·. · uncorroborated rumors ·
TW10_2377,0,0,i · what bs cernovich · some goddamn ethics. real ·.
TW10_2378,0,0,· to · rumors is · same thing as gaters saying was · for drugs.
TW10_2379,0,0,rt [HANDLE]: [HANDLE] might want to · · person at twitter [URL]
TW10_2380,0,0,[HANDLE] noted. although this is slippery - what's it going ·? another suspended · ·?
TW10_2381,0,0,[HANDLE] think going to · · · of safety so we can get better · reviews
TW10_2382,0,0,[HANDLE] [HANDLE] [HANDLE] complained early on that · bought him followers · his acct suspended.
TW10_2383,0,0,[HANDLE] the trickiest thing of all; )
TW10_2384,0,0,"[HANDLE] [HANDLE] [HANDLE] perhaps. but regardless, tools to remove · would remove gaters."
TW10_2385,0,0,"[HANDLE] [HANDLE] [HANDLE] sitting · uncorroborated rumors is a shit move, ·. we gaters."
TW10_2386,0,0,rt [HANDLE] wife · - · · best thing · gender diversity was to · · speak. # stopwadhwa [URL]
TW10_2387,0,0,rt [HANDLE] · i'm · chill · · then · pups and remind you [HANDLE] · # · tech. # stopwadh …
TW10_2388,0,0,"· [HANDLE]: wadhwa · he "" took · fire "" for · women tech not realizing the fire · is for doing the opposite # s …"
TW10_2389,0,0,[HANDLE] you ·. fuck errything about guy.
TW10_2390,0,0,"ohmygod i realized what "" boggy · "" · · than "" freeze peaches "" - · so ·"
TW10_2391,0,0,[HANDLE] [HANDLE] watching · with · followers explain twitter to you highlight of my · 15 minutes.
TW10_2392,0,0,[HANDLE] [HANDLE] yes
TW10_2393,0,0,rt [HANDLE] [HANDLE] [HANDLE] · · · is difficult ·
TW10_2394,0,0,[HANDLE] [HANDLE] excessively
TW10_2395,0,0,sick him
TW10_2396,0,0,". [HANDLE] except adderall is ·, ·, and i arrested for it. following troll?"
TW10_2397,0,0,· · pants that · · · pants. · out to · super · bros pants. · · hate.
TW10_2398,0,0,rt [HANDLE]: · · of attacks there been · single · or response · of my · ·. you know.
TW10_2399,0,0,"[HANDLE] just change your profile pic name to a woman, · w brilliantly colored hair. · "" gamers are · "" "" · are sexist """
TW10_2400,0,0,proof [URL]
TW10_2401,0,0,[HANDLE] i am not · · advice from · that doesn't know · between wear and ·
TW10_2402,0,0,[HANDLE] ·; )
TW10_2403,0,0,[HANDLE] was [HANDLE] [HANDLE]
TW10_2404,0,0,this the best account. [URL]
TW10_2405,0,0,[HANDLE] [HANDLE] [HANDLE] i bring the ·!
TW10_2406,0,0,[HANDLE] · not v; )
TW10_2407,0,0,[URL]
TW10_2408,0,0,[HANDLE] she · follows back
TW10_2409,0,0,rt [HANDLE]: cannot unsee [URL]
TW10_2410,0,0,· my lip rings to freak out my mom.
TW10_2411,0,0,[HANDLE] no ·
TW10_2412,0,0,ur face is · as a utility by fcc
TW10_2413,0,0,"gather round, ·. story ·, brought you by my good friend [HANDLE]."
TW10_2414,0,0,"upon ·, a land far, · ·, in great state georgia, yours truly worked with [HANDLE]"
TW10_2415,0,0,"· · merely · · throughout years. he got swole i · and · · ·, angering ·."
TW10_2416,0,0,"this brings us · the · of this story [HANDLE] on bus · uga. · his podcasts, doing his thing."
TW10_2417,0,0,". when · "" blue haired bitch "", "" gamergate "", "" freebsdgirl "". oh, ·."
TW10_2418,0,0,"words said the · protested "" free speech! "" - alas, speech may be ·, merely of ·"
TW10_2419,0,0,"given that my friend is · fit these gaters were they · departed at following stop alternatively of · ""."
TW10_2420,0,0,"take ·, gaters. · · your · of hate. · will ·. men · stand up you."
TW10_2421,0,0,[HANDLE]. i thought were being snarky.
TW10_2422,0,0,lrt did not appear to be snark. o. pretty sure dude was serious.
TW10_2423,0,0,i think there any of those people left.
TW10_2424,0,0,[HANDLE] [HANDLE] [HANDLE] lol. suure.
TW10_2425,0,0,"rt [HANDLE] [HANDLE] · · didn't · · to · that silver "" ethics "" · · a free · [URL]"
TW10_2426,0,0,"[HANDLE] you're right. they · me where it · "" drugs "" not "" · to · · · """
TW10_2427,0,0,[HANDLE] bot fight
TW10_2428,0,0,[HANDLE] [HANDLE] [HANDLE] besides · · · on · of things. will get clarity on nda.
TW10_2429,0,0,not looking for fte · my · harassment ·; ) [HANDLE]
TW10_2430,0,0,watching devil wears prada just · my desire to be single forever. needy boyfriend omfg.
TW10_2431,0,0,"remain · [HANDLE] · complex · no · ·. less hate, · ·."
TW10_2432,0,0,". [HANDLE] [HANDLE] "" · 4 episodes of in living color am rather expert, gawd "" * · *"
TW10_2433,0,0,[HANDLE] [HANDLE] i can ·
TW10_2434,0,0,[HANDLE] · rad.
TW10_2435,0,0,my stepdad walked into · · pot ·! then he farted for 5 seconds when declined
TW10_2436,0,0,"mom · · of coupons for buying bras. i · family, merely am · · ·"
TW10_2437,0,0,[HANDLE] i acknowledge the fart i dont know
TW10_2438,0,0,[HANDLE] # killallmen
TW10_2439,0,0,[HANDLE] [HANDLE] · side note that show was my lone · of a poc i. backwoods farm country. · 1 ep.
TW10_2440,0,0,[HANDLE] i saw. working · safety ·. i have · they · do · thing.
TW10_2441,0,0,"[HANDLE] [HANDLE] pretty chill. · ·, though. multiple sclerosis is always stoned."
TW10_2442,0,0,"rt [HANDLE]: btw · twitter accounts [HANDLE] [HANDLE], [HANDLE]"
TW10_2443,0,0,· tempting. merely i'm just weird about ·. still feel kind squick about my patron ·. blame foss ·.
TW10_2444,0,0,have so many ideas and so · · even doing this · · 90 of i'm talking to ·.
TW10_2445,0,0,· finding · · merely it's all so difficult because i care * so much *
TW10_2446,0,0,[HANDLE] [HANDLE] yet. i should.
TW10_2447,0,0,[HANDLE] i · to sit down with one and figure out to better pm at ·.;
TW10_2448,0,0,[HANDLE] · stage given up on finding · · · mgt · fits · i · a notepad
TW10_2449,0,0,[HANDLE] [HANDLE] the difficulty is · · to find those · · to the ones got
TW10_2450,0,0,"a block · a · · · ·, · · · via · comparisons ffs. [HANDLE]"
TW10_2451,0,0,will burn the · down
TW10_2452,0,0,[HANDLE] [HANDLE] i. a ·. and a mental · that i · done · · a day. i don't know pm stuff yet.
TW10_2453,0,0,maybe i should put together a press kit. what is a press kit? how do i build one?
TW10_2454,0,0,[HANDLE] i ·:
TW10_2455,0,0,"[HANDLE] the · bad · the block list enabled, i see ·."
TW10_2456,0,0,"[HANDLE] [HANDLE] yea, more activist specific. less time talking to · more time writing code."
TW10_2457,0,0,[HANDLE] i think women in general have issues talking about money for · · · on.
TW10_2458,0,0,"[HANDLE] read ·, merely · easier me."
TW10_2459,0,0,i looking · video [HANDLE] so · anita sarkeesian ·. good grief. many · manchildren.
TW10_2460,0,0,wanted · mom her · talk. mom saw search · started · the fuss.
TW10_2461,0,0,". [HANDLE] yes, i found )"
TW10_2462,0,0,[HANDLE] [HANDLE] for non · dev · though? i want · i · · · for press.
TW10_2463,0,0,[HANDLE] wait. when did i become a pedozoophile and is?
TW10_2464,0,0,[HANDLE] [HANDLE] · · in bed the winter the · spoon.
TW10_2465,0,0,[HANDLE] [HANDLE] i hate cats
TW10_2466,0,0,my job gives me a constant stream ·.
TW10_2467,0,0,"· [HANDLE] · for hacking attempts our · since ·: 184 against crash · ·, ·. not ·"
TW10_2468,0,0,"i · · make · page, excessively. ugh. so weird. all it. i still coming · ·."
TW10_2469,0,0,· ·. huge · · · · ·; · - time devops to. any is.
TW10_2470,0,0,getting excessively many · · from · don't · · just · · and · all that · separate from pics of ·
TW10_2471,0,0,weird? am doing the right thing? feels · ·
TW10_2472,0,0,"rt [HANDLE]:. [HANDLE] [HANDLE] st 100 videos when · "" anita sarkeesian "": * 93 angry rants attacking / "" exposing "" anita. * 7 femf …"
TW10_2473,0,0,not important. · ·. people · me · this are. · the · being · to.
TW10_2474,0,0,[HANDLE] right i love yelling about things like merely · · it's this weird ·
TW10_2475,0,0,[HANDLE] hehe. that was actually super helpful! · · review ·.
TW10_2476,0,0,"[HANDLE] yes! like have no idea i doing most ·. inspiration, all fucked."
TW10_2477,0,0,[HANDLE] [HANDLE] sure! · me an · [EMAIL]
TW10_2478,0,0,[HANDLE] [HANDLE] was never a part.
TW10_2479,0,0,"rt [HANDLE]: hey [HANDLE] i was · of supporting you on patreon. how · of your patreon "" · "" · crack cocaine?"
TW10_2480,0,0,would hate you · parents for their credit card. [HANDLE]
TW10_2481,0,0,[HANDLE] ·
TW10_2482,0,0,[HANDLE] i · + a day. largely from indian people. ·.
TW10_2483,0,0,omg pothead stepdad with ms is · merely i might kill him if stumbles · time done · room where ·.
TW10_2484,0,0,he is all there. and i guess he keeps · the · · · and · i · to sleep.
TW10_2485,0,0,"[HANDLE] lol i · [HANDLE] watch, she's full gamergate nuts."
TW10_2486,0,0,[HANDLE] [HANDLE] wrote most hilarious open letter that all her. · ·. forgot all abt that now.
TW10_2487,0,0,[HANDLE] [HANDLE] kept sending all weird threats my way. · wicked · · style.
TW10_2488,0,0,"[HANDLE] · does "" identity - certain mean? i've · · this merely · it sound like she thinks trans are ·"
TW10_2489,0,0,"at this rate, · be · · · my car as i drive home."
TW10_2490,0,0,"[HANDLE] oh, weird. i'm surprised it didn't offer twitter."
TW10_2491,0,0,"[HANDLE] uh, yea. my stepdad. · · though."
TW10_2492,0,0,·. that's what i · grumping / · · ·. random internet rage. [URL]
TW10_2493,0,0,[HANDLE] what a judgmental ass you charitable go fuck yourself )
TW10_2494,0,0,[HANDLE] a one time donation is · very · i'll give them that feedback ·
TW10_2495,0,0,"[HANDLE] am · to cats, merely thanks anyhow"
TW10_2496,0,0,well. that · sense. [URL]
TW10_2497,0,0,[HANDLE] yup. especially since start a · drive home in ·.
TW10_2498,0,0,certain is weird i lone ever see mean things · gamergate ·.
TW10_2499,0,0,[HANDLE] · if · or clueless
TW10_2500,0,0,· gg · · need · attention of ·. haven't listened bey's flawless? gawd [URL]
TW10_2501,0,0,[HANDLE] i search name. · i · in peace.
TW10_2502,0,0,"[HANDLE] you · criticize me as · as it · people may ·, merely criticism important."
TW10_2503,0,0,[HANDLE] it's · sometimes and · · · when nether · · · i · a troll
TW10_2504,0,0,[HANDLE] but those tweets · me. i don't · people thinking. and not sure how fix.
TW10_2505,0,0,"[HANDLE] have ideas, i'd · · them. i · how offer is you get lots of shit, · ·?"
TW10_2506,0,0,[HANDLE] indeed. some people are perhaps a bit · regards than would ·.
TW10_2507,0,0,[HANDLE] lucky in that have some of those people excessively. i'm · walk away when get a bit * excessively * ardent ·.
TW10_2508,0,0,"[HANDLE] it helps · · eyes watching - ·, merely msm · i · companies. the · · on."
TW10_2509,0,0,"[HANDLE] ·, kidding. i miss being able to an asshole, awful. i · let, merely · ·."
TW10_2510,0,0,[HANDLE] oh good lord. if only i had that · ·
TW10_2511,0,0,[HANDLE] was a · · for · time. knowing how · with children would have ·
TW10_2512,0,0,[HANDLE] i · a · so · to listen to their hate filled ·
TW10_2513,0,0,[HANDLE] · need to get back to · now merely thanks ·
TW10_2514,0,0,no. [URL]
TW10_2515,0,0,[HANDLE] lol
TW10_2516,0,0,rt [HANDLE] [HANDLE] certain is weird lone · see true things attached to · hashtag.
TW10_2517,0,0,certain · for some scrambled ·
TW10_2518,0,0,# ggautoblocker got a · in arstechnica [URL] ( via [HANDLE]
TW10_2519,0,0,juxtaposition. [URL]
TW10_2520,0,0,· of my twitter feed · [HANDLE] made relevant first time · saying something majorly fucked up
TW10_2521,0,0,anyone have video
TW10_2522,0,0,[HANDLE] [HANDLE] not certain
TW10_2523,0,0,"i · to · that feminists can do feminism however they want, i don't · merely if feminism · on ·, ·"
TW10_2524,0,0,"· inclusive. what rosie is just · mind. weaponizing "" · against ·. holy ·."
TW10_2525,0,0,rt [HANDLE] [HANDLE] [HANDLE] happened · called [HANDLE] bully for · out violence woc in · · wo …
TW10_2526,0,0,rt [HANDLE] [HANDLE] [HANDLE] then turned [HANDLE] ' s · handle ( last · ) into a · ·.
TW10_2527,0,0,[HANDLE] [HANDLE] [HANDLE] [HANDLE] · · ·.
TW10_2528,0,0,rt [HANDLE]: i checked the · merely i don't even · put men in here?
TW10_2529,0,0,"rt [HANDLE]: you big ·, anti - freedom fucks are why am in · fat shaming"
TW10_2530,0,0,the markov bots are · morning
TW10_2531,0,0,[HANDLE] twitter ebooks ·
TW10_2532,0,0,[HANDLE] i'm waiting for one. but mostly · the · involved.
TW10_2533,0,0,favorite part · has to be all amazing new socks. [URL]
TW10_2534,0,0,· [HANDLE] [HANDLE] [HANDLE] [HANDLE] write enough puppet · you basics for ruby just to · · …
TW10_2535,0,0,rt [HANDLE] [HANDLE] [HANDLE] [HANDLE] · start an · · i had more shit to argue with
TW10_2536,0,0,look what i have. [URL]
TW10_2537,0,0,[HANDLE] [HANDLE] top kek
TW10_2538,0,0,when i · home i have · emails to answer. [URL]
TW10_2539,0,0,"i · · by portland again, merely don't think going · that. excessively much when i · ·"
TW10_2540,0,0,i'll likely be back up in the pnw for conference ·.
TW10_2541,0,0,[HANDLE] [HANDLE] i · for · i was at a · · · ·!
TW10_2542,0,0,he won't · staring at me. [URL]
TW10_2543,0,0,[HANDLE] regretful i · a chance to ·. i would've · to but i ended up having · home quicker than i ·.
TW10_2544,0,0,you · · i would do · · · now.
TW10_2545,0,0,[HANDLE] yes
TW10_2546,0,0,[HANDLE] me too
TW10_2547,0,0,[HANDLE] blasphemy
TW10_2548,0,0,[HANDLE] [HANDLE] possibly
TW10_2549,0,0,[HANDLE] [HANDLE] · done.
TW10_2550,0,0,"rt [HANDLE] the fda, everyone transgender gay man [URL]"
TW10_2551,0,0,"· of emails attributing my rts of woc · issues to "" · white · guilt "" is · than"
TW10_2552,0,0,yay new · people to hate me shove
TW10_2553,0,0,"it's called ally, pissants. pay attention, · learn something."
TW10_2554,0,0,[HANDLE] [HANDLE] doesn't · like i am
TW10_2555,0,0,[HANDLE] ·
TW10_2556,0,0,"rt [HANDLE] watching [HANDLE] · · on · live # silkroadtrial and of course she starts with "" they weren't · …"
TW10_2557,0,0,. [HANDLE]. a million ·. i · · how to fill · sites. sexual preference: awesome.
TW10_2558,0,0,[HANDLE] [HANDLE] i hate math merely i · appreciate anyone · good at math
TW10_2559,0,0,"[HANDLE] [HANDLE] truly, though, show me · plays a string instrument i'm a happy woman if · ·"
TW10_2560,0,0,[HANDLE] [HANDLE] [HANDLE] [HANDLE] lol all my tweets properly geotagged
TW10_2561,0,0,[HANDLE] [HANDLE] top kek
TW10_2562,0,0,remember · dude that doxxed and · mob against · ·; never delivered · kickstarter? has another [URL]
TW10_2563,0,0,[HANDLE] ·
TW10_2564,0,0,rt [HANDLE] [HANDLE] · know ks's · prohibits doxxing people
TW10_2565,0,0,[HANDLE] what mock account
TW10_2566,0,0,"[HANDLE] i got temp banned because · mass ·. emailed twitter, insta ·."
TW10_2567,0,0,"rt [HANDLE] [HANDLE] and: 00 stream he · · in · should doxx you, and ·? [URL]"
TW10_2568,0,0,rt [HANDLE]: [HANDLE] · · [URL]
TW10_2569,0,0,[HANDLE] yes
TW10_2570,0,0,[HANDLE] not once we · it shut down ^
TW10_2571,0,0,rt [HANDLE] to piss off an · - vaxer. [URL]
TW10_2572,0,0,"[HANDLE] oh, · · - blocked it."
TW10_2573,0,0,"rt [HANDLE] · report rogue for · and · people, use the "" report to · "" link the bottom. ·"
TW10_2574,0,0,· [HANDLE]: send kickstarter: [URL] [URL] [URL] [URL]
TW10_2575,0,0,being honest with · is · excessively busy harassing people to · · · ·
TW10_2576,0,0,this · a · to sponsor his online abuse.
TW10_2577,0,0,[HANDLE] [HANDLE] i'm · like. especially since launching a ks later.
TW10_2578,0,0,[HANDLE] [HANDLE] until it happened to ·. not cool.
TW10_2579,0,0,[HANDLE] [HANDLE] [HANDLE] we aren't gamergate do shit like.
TW10_2580,0,0,rt [HANDLE]: the speech they never told me mlk [URL]
TW10_2581,0,0,[HANDLE] [HANDLE] [HANDLE] contact ks directly using my social network
TW10_2582,0,0,[HANDLE] [HANDLE] ·
TW10_2583,0,0,[HANDLE] mayybe is there cfp · some · · with · graphite and abuse metrics
TW10_2584,0,0,[HANDLE] [HANDLE] [HANDLE] devopsing for · activism · rad ·
TW10_2585,0,0,· [HANDLE]: is it · that if women ran the · all still be living in echo chambers
TW10_2586,0,0,[HANDLE] [HANDLE] [HANDLE] i saw.
TW10_2587,0,0,i just · · friday's in · truly · me because i have · that are due on ·. damn you ·.
TW10_2588,0,0,· · [URL]
TW10_2589,0,0,"[HANDLE] · · here, you nerd"
TW10_2590,0,0,·. i just realize · · must suck for · who is · · vivian ·
TW10_2591,0,0,shoutout to · when gamergate thought · ggautoblocker's · excessively · · me renounce open ·.
TW10_2592,0,0,shoutout to dude that tried to blackmail me with · · · for # ggautoblocker i · project
TW10_2593,0,0,[HANDLE] [HANDLE] yup
TW10_2594,0,0,dictating tweets the worst.
TW10_2595,0,0,"shoutout to the · someone · # ·, made · and gamergate thought they didn't · github."
TW10_2596,0,0,i think · tweet · · because i started laughing halfway through
TW10_2597,0,0,"rt [HANDLE]: [HANDLE] think the "" apple uses bsd · compensating you "" one · ·"
TW10_2598,0,0,· those · that · freebsd thinking that they were my ·. oh wait that's · happening.
TW10_2599,0,0,last merely not · · · on the bus in georgia that were talking shit until they ran · friend.
TW10_2600,0,0,[HANDLE] i'm headed · i'm · from the border. i'll · ·.
TW10_2601,0,0,[HANDLE] github shut them down
TW10_2602,0,0,strongly debating stopping by the ikea in portland. no sales tax!
TW10_2603,0,0,[HANDLE] gas is · · ·
TW10_2604,0,0,portland ikea: with ·
TW10_2605,0,0,[HANDLE] yup
TW10_2606,0,0,[HANDLE] heh.
TW10_2607,0,0,rt [HANDLE]: gamergate inspired law & · order svu trailer up [URL]
TW10_2608,0,0,· [HANDLE]: · admiral grace hopper as a badass a la [HANDLE] couldn't resist seeing raw · · [HANDLE] · …
TW10_2609,0,0,fuck. ·.
TW10_2610,0,0,"[HANDLE] [HANDLE] rather ·, given · percentage of tweets are geo tagged."
TW10_2611,0,0,[HANDLE] · gosh. no! the problem traveling and · do my garrison stuff.
TW10_2612,0,0,[HANDLE] · are ·. i am just very committed to upkeep.
TW10_2613,0,0,[HANDLE] i've just been · about a · and i just realized that i completely forgot everything
TW10_2614,0,0,[HANDLE] · i am actually more upset about · about my · that about · my conquest · )
TW10_2615,0,0,is the following · ·? i am so · to · the insane.
TW10_2616,0,0,[HANDLE] yes
TW10_2617,0,0,possible · reward: i will · · hair your · color of ·
TW10_2618,0,0,[HANDLE] ·
TW10_2619,0,0,rt [HANDLE] meg ryan · bookseller · hanks · · who · - · her on · coming · got male o
TW10_2620,0,0,rt [HANDLE]: [HANDLE] · feedback on this joke wasn't as · as i · it
TW10_2621,0,0,[HANDLE] dye * * hair
TW10_2622,0,0,possible kickstarter award: i carry you · in 2 · 2 arenas.
TW10_2623,0,0,[HANDLE] [HANDLE] scrubbing bubbles works amazingly well
TW10_2624,0,0,[HANDLE] never tried
TW10_2625,0,0,[HANDLE] yes
TW10_2626,0,0,[HANDLE] i could.
TW10_2627,0,0,· kickstarter reward: i rename leo to a · · a ·
TW10_2628,0,0,[HANDLE] · merely largely my priest
TW10_2629,0,0,[HANDLE] answers to fuckhead. is ·.
TW10_2630,0,0,"[HANDLE] if mean they giant dicks that · about, ·."
TW10_2631,0,0,[HANDLE] yes.
TW10_2632,0,0,"[HANDLE] not that high yet. only like [NUMBER] ·. not even as geared as, been playing that ·."
TW10_2633,0,0,[HANDLE] i nuked my · by · · a · gear up ·.
TW10_2634,0,0,/ cast · ·
TW10_2635,0,0,/ cast spectral guys party ·
TW10_2636,0,0,rt [HANDLE]: · the south really cool thing about this is something ·
TW10_2637,0,0,"after th time · while · nether · limit, calling for night. was hoping to · it · away."
TW10_2638,0,0,past · of driving was atrocious. have · i in fact * not * ·
TW10_2639,0,0,[HANDLE] ·
TW10_2640,0,0,"[HANDLE] · done worst, think will easier when light out"
TW10_2641,0,0,leo is · guards night. [URL]
TW10_2642,0,0,i can · the car rocking from the wind. this is freaky.
TW10_2643,0,0,my dog is photogenic as hell [URL]
TW10_2644,0,0,· tweeting supposedly chased ·. [URL]
TW10_2645,0,0,[HANDLE] nah. most the trees here are · short.
TW10_2646,0,0,rt [HANDLE]: · · high score [URL]
TW10_2647,0,0,· [HANDLE] · · of batmen spotted in · yesterday [URL]
TW10_2648,0,0,[HANDLE] that would imply · a programming language.
TW10_2649,0,0,fml [URL]
TW10_2650,0,0,til i can go swimming in my car. i am ·. my car is fine. fuck this weather.
TW10_2651,0,0,i've never · the · · · earlier. it's ·. fuck this weather.
TW10_2652,0,0,[HANDLE] · ·. mountains are a shit show
TW10_2653,0,0,[HANDLE]
TW10_2654,0,0,"[HANDLE] well, balls"
TW10_2655,0,0,"lone person crazy enough presently on the · in this ·. merely · to ·, goddamnit"
TW10_2656,0,0,see a little waves of · crashing over the ·. the car is · the · had to pull over again
TW10_2657,0,0,[HANDLE] · broken was just driving througg · ·.
TW10_2658,0,0,"[HANDLE] northern california, just earlier ·."
TW10_2659,0,0,"the past 30 ·, i have seen the grand total of · ·."
TW10_2660,0,0,"[HANDLE] ·, merely a 2 lane rd. pretty · everything fucked."
TW10_2661,0,0,[HANDLE] i was constantly using ·. off.
TW10_2662,0,0,yreka: still ·
TW10_2663,0,0,[HANDLE] now. was continuously · a long time. the water here ·
TW10_2664,0,0,"· yea, car? well, ur face has ·."
TW10_2665,0,0,fml [URL]
TW10_2666,0,0,· · me · on the storm is going to · the northern · ·?
TW10_2667,0,0,[HANDLE] [URL]
TW10_2668,0,0,i gave up. chilling in weed. 15 ft walk to the · of this cafe completely drenched. [URL]
TW10_2669,0,0,[HANDLE] not like ·
TW10_2670,0,0,[HANDLE] [HANDLE] north
TW10_2671,0,0,[HANDLE] · sky
TW10_2672,0,0,"old dude in this cafe: "" my · · hair """
TW10_2673,0,0,[HANDLE] · ·
TW10_2674,0,0,[HANDLE] gross
TW10_2675,0,0,[HANDLE] i think in america too
TW10_2676,0,0,fuck everything · ·.
TW10_2677,0,0,· that it's snowing up north. glad i · done that before the · ·.
TW10_2678,0,0,[HANDLE] i don't · what an atmospheric river is merely · like i'm driving in one
TW10_2679,0,0,"[HANDLE] glad california is · getting ·, merely i truly wish wasn't · while i was ·."
TW10_2680,0,0,miles when · · watching twister [URL]
TW10_2681,0,0,made of the mountains ·.
TW10_2682,0,0,leo was freaking out the · so buried him in · he could · [URL]
TW10_2683,0,0,"[HANDLE] i · him · those, but seem · him tight ·"
TW10_2684,0,0,[HANDLE] yup
TW10_2685,0,0,[HANDLE] what · this time?
TW10_2686,0,0,rt [HANDLE] · · a · a bitch from stage was just part the crunchies' · · [URL]
TW10_2687,0,0,is · finally · its own tail?
TW10_2688,0,0,· in yolo county · yiss
TW10_2689,0,0,leo status: still zonked out [URL]
TW10_2690,0,0,[HANDLE] ·
TW10_2691,0,0,miles · merely · in · direction · alone · ·. california. [URL]
TW10_2692,0,0,[HANDLE] it's random
TW10_2693,0,0,[HANDLE] · ·
TW10_2694,0,0,"rt [HANDLE] [HANDLE] [HANDLE] · harder, because you just · the game"
TW10_2695,0,0,[HANDLE] · presently in the · driving home merely i should ·. will send email later.
TW10_2696,0,0,[HANDLE] [HANDLE] harsh
TW10_2697,0,0,[HANDLE] [HANDLE] [HANDLE] did they do?
TW10_2698,0,0,· · just · a kissyface it leo
TW10_2699,0,0,rt [HANDLE]: make sure to send kickstarter · · does not belong on kickstarter: [URL]
TW10_2700,0,0,rt [HANDLE] · a prize creep? the the · [URL]
TW10_2701,0,0,this whole harper lee · · of · out so her · · · · · taking advantage of.
TW10_2702,0,0,i don't really understand why everybody seems okay with that.
TW10_2703,0,0,seems had truly wanted this · · been · now. this whole · seems so bunk.
TW10_2704,0,0,why are we · just take · this little · lady by · · is senile?
TW10_2705,0,0,"rt [HANDLE] [HANDLE] just ·. even a book, it's · first draft of to kill a mockingbird · …"
TW10_2706,0,0,finally home
TW10_2707,0,0,"oh, no. my inbox."
TW10_2708,0,0,my patreon is acting weird. got monthly · ( yay! merely go get paid says i · to · ·.
TW10_2709,0,0,"worried if i hit ·, lose all ·"
TW10_2710,0,0,[HANDLE] · i recall.;
TW10_2711,0,0,omfg blackmilk you're · me [URL]
TW10_2712,0,0,"[HANDLE] i there, i · ·"
TW10_2713,0,0,[HANDLE]. i am resisting.
TW10_2714,0,0,[HANDLE] ok yeah i.
TW10_2715,0,0,[HANDLE] may have · [URL] & gt;. & gt;
TW10_2716,0,0,thank god for consulting to · blackmilk addiction.
TW10_2717,0,0,patreon = bills. consulting = blackmilk. food that ·. k. at least i don't have to put that many hrs / · · this.
TW10_2718,0,0,[HANDLE] shut up
TW10_2719,0,0,[HANDLE] · ·.
TW10_2720,0,0,with business cards someone · an app for.
TW10_2721,0,0,"rt [HANDLE] patch · - · [NUMBER], heirloom ui, brf ·, blue tweets, · brf wipe · [URL] [URL]"
TW10_2722,0,0,"[HANDLE] · ( i use ·, a peasant )"
TW10_2723,0,0,[HANDLE] · is for jerks )
TW10_2724,0,0,"[HANDLE] wow, really?"
TW10_2725,0,0,[HANDLE] hair · amazing.
TW10_2726,0,0,· ·. # stopwadhwa was on npr. [URL] ( via [HANDLE] )
TW10_2727,0,0,clip is 11 minutes. listen to it. listen to. listen to. · 2015 [URL]
TW10_2728,0,0,rt that shit. tattoo that shit forehead. that message * important *.
TW10_2729,0,0,"· certain [HANDLE] is · to · npr was just calling for attention, right"
TW10_2730,0,0,"[HANDLE] it short paying my rent after fees so. i can't ·, · it's · than i · would."
TW10_2731,0,0,rt [HANDLE] truly feels · the [HANDLE] dm can hand on - - knee of social · [URL] # stopwad …
TW10_2732,0,0,[URL] · i · the misogyny. merely then i realized plz · teeth.
TW10_2733,0,0,"rt [HANDLE] i think a · · [HANDLE] · in ·. · "" why should [HANDLE] speak for women stopwad"
TW10_2734,0,0,[HANDLE] want · but storify is · · · 500 (
TW10_2735,0,0,"·, ladies. · it's · sit group and talk # · 2015. google hangouts, ·."
TW10_2736,0,0,i want a panel of women in · tearing this shit up. ·
TW10_2737,0,0,"really, tho, i · of just · to drain glass of wine · · that i don't ·. merely i can do that anytime"
TW10_2738,0,0,besides - i'm · that another sjw party may be · soon. possibly after gdc
TW10_2739,0,0,"[HANDLE] ·, anytime you say "" advocate "" it · wasting time being · particularly · ·"
TW10_2740,0,0,[HANDLE] that · contested an · boring · · trolls and pseudo - feminists all time
TW10_2741,0,0,"[HANDLE] my personal facebook is · a · to debate that; unblock, merely · do that again."
TW10_2742,0,0,[HANDLE] ·
TW10_2743,0,0,[HANDLE] that person · like a moron. like to find · like that and · on them.
TW10_2744,0,0,[HANDLE] · i block quickly my facebook - notifications · my · ( · · merely always · ·
TW10_2745,0,0,[HANDLE] i'm an · w / 15 · exp i get · · · by dudes with the · bad life ·
TW10_2746,0,0,[HANDLE] know that feel
TW10_2747,0,0,[HANDLE] have a · for it. and chances are most · already schedules ·
TW10_2748,0,0,[HANDLE] [HANDLE] i been raging at for ·. 5 · i · · since · ·
TW10_2749,0,0,[HANDLE] [HANDLE] didn't worry about me back then since been · ·. · ·
TW10_2750,0,0,[HANDLE] [HANDLE] truly · the time dig into su ·. seems basically cxo circlejerk.
TW10_2751,0,0,[HANDLE] [HANDLE] ·. · of racism. have no idea.
TW10_2752,0,0,"[HANDLE] · · to get · · platform. going to get his face out, ·. ·"
TW10_2753,0,0,[HANDLE] the · - abuse thing is · · ·. merely spare time his bullshit * is * abusive towards feminism.
TW10_2754,0,0,[HANDLE] [HANDLE] [HANDLE] bahahaha
TW10_2755,0,0,cc [HANDLE] [URL]
TW10_2756,0,0,[HANDLE] it · me how thinks helping feminism. by telling women they doing it ·. what.
TW10_2757,0,0,"[HANDLE] if truly · ally he'd get his dudebros change tell women how fit "" with dudebros"
TW10_2758,0,0,i am probably not answering · ·. i have other · · up on. this weekend = = · ·.
TW10_2759,0,0,waiting on a response - approximately people - am regretful. i was afk for ·. i · ·
TW10_2760,0,0,[HANDLE] ·.
TW10_2761,0,0,[HANDLE] read. · go afk for bit - still · stuff in from car after · · · trip
TW10_2762,0,0,[HANDLE] [HANDLE] i had · * · * gater's timelines. the grammar · · · · with ·. ·
TW10_2763,0,0,[HANDLE] [HANDLE] and i can make that markov bot fight with markov bot on command - watch [URL]
TW10_2764,0,0,[HANDLE] my markov bot was besides on buzzfeed - it · · · [URL]
TW10_2765,0,0,[HANDLE] are both pretty entertaining · sometimes; )
TW10_2766,0,0,"[HANDLE] the fight between both of them will · · i stop it, the · restarts when pulling a · cache ( 1 d )"
TW10_2767,0,0,[HANDLE] if follow · · randomly rt / fav · if they like. weird.
TW10_2768,0,0,[HANDLE] · ebooks is very affectionate of patreons.
TW10_2769,0,0,[HANDLE] · me what · about ethics
TW10_2770,0,0,[HANDLE] ethics policy for · doesn't ·
TW10_2771,0,0,· taking down [HANDLE] [HANDLE] for · tonight for · hr. · · still · markov
TW10_2772,0,0,putting them on app secret / key ( just diff user creds · sources gater ebooks some · ·.
TW10_2773,0,0,i · more than private · in github gdi.
TW10_2774,0,0,"i need to just switch to organization · ·, but i want to pay [MONEY] · ·. \"
TW10_2775,0,0,[HANDLE] · to github for now. · to stick orgs i know · · contacts for abuse related things.
TW10_2776,0,0,[HANDLE] [URL]
TW10_2777,0,0,[HANDLE] [URL]
TW10_2778,0,0,[HANDLE] need github merely ty anyhow:
TW10_2779,0,0,[HANDLE] yea the name of the · recently · one · · of gater's attempts to · · down / abuse the system.
TW10_2780,0,0,[HANDLE] github great for that. love them.
TW10_2781,0,0,[HANDLE] [URL]
TW10_2782,0,0,"[HANDLE] sorry, need to stick to github"
TW10_2783,0,0,"[HANDLE] ·. i'm · to copying a · · and pasting a lot · love all of responses get, ·. · ·."
TW10_2784,0,0,[HANDLE] i've · to 2 employees · lot internal · gg it's · to make me stay.
TW10_2785,0,0,[HANDLE] made · in the ·. i hope they've ·. but the · they treated the gg situation ·.
TW10_2786,0,0,[HANDLE] see replies
TW10_2787,0,0,[HANDLE] easier with ·. i time · ·
TW10_2788,0,0,my new mascot. [URL]
TW10_2789,0,0,[HANDLE] [HANDLE] [URL]
TW10_2790,0,0,rt [HANDLE] · [HANDLE] your · - sponsored body double is · pickup. ( · · the · ) [URL]
TW10_2791,0,0,·. now they'll · i've been your sockpuppet all ·. [HANDLE]
TW10_2792,0,0,[HANDLE] [URL]
TW10_2793,0,0,[HANDLE] · · a year:
TW10_2794,0,0,[HANDLE] [HANDLE] [HANDLE] it ends after · most merely be · · since shutting down maint )
TW10_2795,0,0,[HANDLE] [HANDLE] [HANDLE] they restart daily · in new tweets
TW10_2796,0,0,[HANDLE] yup
TW10_2797,0,0,the worst part of · · from · bring it from the parking · into ·. ·
TW10_2798,0,0,stuff. [URL]
TW10_2799,0,0,[HANDLE] [HANDLE] · ·. a very · · size - · are · · likely to harass on fb · real ·.
TW10_2800,0,0,[HANDLE] [HANDLE] merely lone discussed with other members of · · specific group speak other hate groups
TW10_2801,0,0,[HANDLE] [HANDLE] · that twitter · it easier to interact with not connected · do with this.
TW10_2802,0,0,[HANDLE] [HANDLE] so in short just enough · ·. ^
TW10_2803,0,0,rt [HANDLE] [HANDLE] bot [HANDLE] certainly fooled me! · admit i was spanked this ·
TW10_2804,0,0,[HANDLE] block while waiting indefinitely data from ·.
TW10_2805,0,0,[HANDLE] · · · · it earlier it not act like it · ·
TW10_2806,0,0,"[HANDLE] er, like i would expect."
TW10_2807,0,0,"[HANDLE] [HANDLE] no, [HANDLE]"
TW10_2808,0,0,[HANDLE] grafana
TW10_2809,0,0,· without comment: [URL]
TW10_2810,0,0,[HANDLE] [HANDLE] · ^. · can as · · as your real name - or even
TW10_2811,0,0,[HANDLE] · good · consume · json · into · · been just hacking it together
TW10_2812,0,0,"[HANDLE] er, single · ·. · corpuses. or whatever."
TW10_2813,0,0,[HANDLE] [HANDLE] · · tweet ids dates i'm pulling from multiple user ·
TW10_2814,0,0,"[HANDLE] [HANDLE] oh i just · · version consume all ( but help · are bugged, ·."
TW10_2815,0,0,"[HANDLE] [HANDLE] consume all vs consume - all, doesn't mention model name must first"
TW10_2816,0,0,"[HANDLE] [HANDLE] yeah, i · a * · · old ·, nice see · anymore )"
TW10_2817,0,0,[HANDLE] [HANDLE] a · of · · · ggautoblocker · stuff besides started fights between randi / · ebooks
TW10_2818,0,0,[HANDLE] [HANDLE] nice update · · it.
TW10_2819,0,0,devopsing so difficult ·. [URL]
TW10_2820,0,0,[HANDLE] in web yes clients than web immediately delete tweets
TW10_2821,0,0,[HANDLE] should read · · irt · · it should comfort you; )
TW10_2822,0,0,[HANDLE] ·; ) fun stuff coming soon
TW10_2823,0,0,i hate configuring · · and · intervals in statsd graphite ughh.
TW10_2824,0,0,i · · show the sum of 5 · m want to · a graph with · · m with sum that time period
TW10_2825,0,0,[HANDLE] · these · · serieslist. guessing intervalstring would 5?
TW10_2826,0,0,[HANDLE] truly had · · about in graphite before this stuff · a · ·
TW10_2827,0,0,"[HANDLE] ·. using grafana, giving me errors."
TW10_2828,0,0,"[HANDLE] · ·. counters. tweetstats. ·. ·, ' m', ' sum' )"
TW10_2829,0,0,"doing ·. going to some pretty automated stuff to show all · merely, some rather · stuff ·."
TW10_2830,0,0,·: · of these things · you are accurate. just * largely * accurate. there are always exceptions.
TW10_2831,0,0,in · 12 hrs · · · [NUMBER] · · ( of which rts. min 662 ( ) ·: [PHONE] ) · of not rt came from bot
TW10_2832,0,0,"· · the most · tend to ·, abusive, about · · [HANDLE], [HANDLE], [HANDLE], and me."
TW10_2833,0,0,"in the past 12 ·, [HANDLE] is · the · ·, with 194 ( 36 oc 158 · ) gg hashtaged · mentioning. congrats!"
TW10_2834,0,0,"· not - closely [HANDLE], 80 44 · rt ) gg · tweets · her. better luck next time."
TW10_2835,0,0,when we · at mentions username · · [HANDLE] has · [NUMBER] past h [HANDLE] has received 911.
TW10_2836,0,0,can't wait · · on this. merely it · · [HANDLE] should · avoid her mentions at 8 - am pdt sundays.; )
TW10_2837,0,0,[HANDLE] [HANDLE] rofl
TW10_2838,0,0,rt [HANDLE]: [HANDLE] [HANDLE] probably uses ggautoblocker ( which she · ) which blocks lots of innocents. totally not …
TW10_2839,0,0,"[HANDLE] [HANDLE] well, · · the hashtag mentioned + us saying something that · or abusive?"
TW10_2840,0,0,"[HANDLE] [HANDLE] oh, darn, you can't? shoot"
TW10_2841,0,0,[HANDLE] [HANDLE] not enough data to know certain. just i'm seeing today. getting a pretty steady level ·
TW10_2842,0,0,"rt [HANDLE] [HANDLE] [HANDLE] "" could've · anyone "" excessively elusive [URL]"
TW10_2843,0,0,[HANDLE] hm?
TW10_2844,0,0,literally # ·
TW10_2845,0,0,[HANDLE] we · something · with. · · · tweets you get from users you've blocked.
TW10_2846,0,0,the goal finally have up a · dashboard go and see up the · stats on this stuff.
TW10_2847,0,0,i'm · get grasp for when the notification ugliness is going happen it · be interesting · notification ·.
TW10_2848,0,0,"however doesn't · use · a · · of ·. they target a · not looking at, ·"
TW10_2849,0,0,"would be · with super · · for graphs, i guess, wsp · are · they updated · minutes?"
TW10_2850,0,0,merely that · gross and truly tool be used. better w / other things overview
TW10_2851,0,0,[HANDLE] [HANDLE] wsp is. sigh. merely using · in · with grafana ·. fuck configuring this ·.
TW10_2852,0,0,"[HANDLE] [HANDLE] i · · · · on freebsd once, merely switched connected · graphs and it crashed"
TW10_2853,0,0,[HANDLE] [HANDLE] i wanna devops. i just want it · i can do other ·. i need a devops.
TW10_2854,0,0,[HANDLE] yea kind of feeling like for i'm · is ok for doing farinaceous monitoring redis · good
TW10_2855,0,0,[HANDLE] pretty graphs easily generated out of · tho. i'd learn · somesuch.
TW10_2856,0,0,[HANDLE] [HANDLE] · dear
TW10_2857,0,0,"[HANDLE] [HANDLE] no · · askew, box ran out ·. it's besides dev box."
TW10_2858,0,0,[HANDLE] [HANDLE] looking into ty for headsup.
TW10_2859,0,0,[HANDLE] [HANDLE] [HANDLE] yea i've · a cron to kick it. it · be kicking it properly.
TW10_2860,0,0,[HANDLE] [HANDLE] [HANDLE] it's responding to kill signals. · because ran the · · it ·
TW10_2861,0,0,[HANDLE] [HANDLE] [HANDLE] getting into instant · · prob · have aws console and kick it
TW10_2862,0,0,[HANDLE] are · · up bots to · the · to ·. truly see · · of a ·
TW10_2863,0,0,"[HANDLE] merely they do, i'm happy turn · twitter's abuse department i · people i'm · · ·"
TW10_2864,0,0,[HANDLE] [HANDLE] i love those too much. too much.
TW10_2865,0,0,"so, i · i need new ·. or a belt. or maybe some cat 5, if · it real. [URL]"
TW10_2866,0,0,"4 "", i think."
TW10_2867,0,0,[HANDLE] cigarette trousers?
TW10_2868,0,0,"[HANDLE] they are pretty much synonyms cigarette, · · ·."
TW10_2869,0,0,[HANDLE] · it happened · to lose weight or ·
TW10_2870,0,0,i just saw that 3 · · i · · · list. hm. usually only use it to · things plan · finally.
TW10_2871,0,0,so i can direct parents there around xmas time.: ·
TW10_2872,0,0,· is · of logic & · reasoning that we've come · gg [URL]
TW10_2873,0,0,[HANDLE] weird. i an address on my ·. not certain · add that my wishlist or.
TW10_2874,0,0,best earrings. [URL]
TW10_2875,0,0,i love amazon · for · · but why does power brick this usb hub have to so big? [URL]
TW10_2876,0,0,"[HANDLE] it's not ·, it's a · ·"
TW10_2877,0,0,[HANDLE] · p · hair · + dye desperately.
TW10_2878,0,0,[HANDLE] [HANDLE] totes sjw
TW10_2879,0,0,fellow sockphiles: [URL]
TW10_2880,0,0,"i think truly · ·, too: [URL]"
TW10_2881,0,0,[HANDLE] why would it?
TW10_2882,0,0,[HANDLE] [HANDLE] ·. · prevents bots from being able to contact without · them · ·
TW10_2883,0,0,"[HANDLE] [HANDLE] automated programs, whatever. it's · ·."
TW10_2884,0,0,"rt [HANDLE] speak for "" go fuck yourself, you · choose priorities, ·. """
TW10_2885,0,0,"[HANDLE] it's what trying to do, at · · specific groups / causes. it's tricky. have to · at statistics than words."
TW10_2886,0,0,"[HANDLE] ie: things as open for interpretation, numeral or Boolean · ( · not following · )"
TW10_2887,0,0,[HANDLE] it's really fun watching patterns emerge in · assorted ·. i · it'll ·.
TW10_2888,0,0,[HANDLE] rather · that · · gg is the lone · i've · where abuse is · predicted based on followers
TW10_2889,0,0,[HANDLE] [HANDLE] · versions of · example ( code · · ebooks ) · to * ebooks ·.
TW10_2890,0,0,[HANDLE] [HANDLE] latest · · this into · ·. added it · bot blacklist.
TW10_2891,0,0,[HANDLE] · are they hurt after the · · or two.
TW10_2892,0,0,[HANDLE] [HANDLE] [HANDLE] he's ·. if we were stranded hungry and i had a sandwich would · · ·.
TW10_2893,0,0,* gag * [URL] stopwadhwa 2015
TW10_2894,0,0,verified · for all an ok idea but too much administrative overhead. there are better · · the past.
TW10_2895,0,0,verified accounts · that other accounts not certain kind overhead increasing would
TW10_2896,0,0,· twitter clients and web are supposed to the same tools / exp. why · truly encourage rd party ·.
TW10_2897,0,0,· to lock a unique phone # to your account already exists. eng below ·. · if a # has · · metadata.
TW10_2898,0,0,"add a filter to toggle showing · · · · ( · devpolicy update, natch )."
TW10_2899,0,0,does some drawbacks. merely a 2 nd toggle saying · me accts older than n days' easy. · · exists. client / · ·.
TW10_2900,0,0,phone idea isn't perfect · · to grab a phone gv ) merely it's an extra step good deterrent for majority of abuse
TW10_2901,0,0,"·, there needs to · isn't ·. requiring govt ids will · probs. unique phone less debatable not perfect."
TW10_2902,0,0,"worry certain · will be like a · · "" until a dude takes ·. lt 3"
TW10_2903,0,0,[HANDLE] a · of people · phones. i one of 2 ·. ) i only used gv. · · gv.
TW10_2904,0,0,[HANDLE] · can afford · · · is a good · don't · · twitter a classist thing.
TW10_2905,0,0,[HANDLE] · to twitter about a · ago · about here a month ago · ·
TW10_2906,0,0,[HANDLE] · of their issues. do not · · access to gv
TW10_2907,0,0,[HANDLE] seen some strong proof that people · · are using online solutions for sms.
TW10_2908,0,0,[HANDLE] [HANDLE] isn't de - anonymizing the phone # · stored. no · · be ·
TW10_2909,0,0,[HANDLE] easy to change gv #.
TW10_2910,0,0,is truly not surprising to that wadhwa and · are both promoting solution that · pseudonymity
TW10_2911,0,0,pseudonyms good own it! anonymous is not same · what jason / · · would require id / · · / · ·
TW10_2912,0,0,· figure that silicon · circle jerk elite don't · that people can't afford [MONEY] / · ·.
TW10_2913,0,0,* · * hey ·. · · · doesn't have to be monetized. it should be everyone. · the ·.
TW10_2914,0,0,take vc fedoras and think about what this truly is. it's right · has to not be · & · ·
TW10_2915,0,0,"so my · sleazeball cupcakes, you · with [URL] · way · for users."
TW10_2916,0,0,[HANDLE] don't have to have · to get ·. you have to have internet. besides · for ·.
TW10_2917,0,0,[HANDLE] [HANDLE] · doesn't to · to ensured unique.
TW10_2918,0,0,[HANDLE] [HANDLE] think about · ·. are stored plaintext · · · them? ·
TW10_2919,0,0,[HANDLE] · · that sounds like atrocious idea. privacy problems. besides twitter likely storing the ·. · ·.
TW10_2920,0,0,still · that · is either pay · · · ·. i'd love · his thoughts on short skirts.
TW10_2921,0,0,"[HANDLE] think shouldn't · · if they · manner, which is diff from original purpose."
TW10_2922,0,0,[HANDLE] still extra · to go done. most trolls · · new victims.
TW10_2923,0,0,"[HANDLE] last ·, baldwin was ·."
TW10_2924,0,0,[HANDLE] can lone one · # per acct at · ·
TW10_2925,0,0,[HANDLE] lone · to · how fucking privileged he. a tool
TW10_2926,0,0,[HANDLE] · · · · · violate pseudonymity · & lt; 3
TW10_2927,0,0,[HANDLE] own too many apple products say that
TW10_2928,0,0,"[HANDLE] ·. jason doesn't lot experience ·, ·. a · · ·."
TW10_2929,0,0,rt [HANDLE] · · · a single screenshot [URL]
TW10_2930,0,0,[HANDLE] you only want 3 people to use
TW10_2931,0,0,"[HANDLE] foss at ·. i think · open to use however, monitoring services · require infra"
TW10_2932,0,0,"[HANDLE] · sense to · donations keep and ·, and · for dev ·. ideally, 100 % · funded."
TW10_2933,0,0,[HANDLE] this is consumer side ·. a · side one · see email spam as falling nether that ·.
TW10_2934,0,0,"[HANDLE] and businesses frequently pay for solutions like. have no problem charging businesses, just individuals"
TW10_2935,0,0,[HANDLE] · · ·. this all a · of effort · most trolls just pick · ·
TW10_2936,0,0,"[HANDLE] · · be perfect, but this a · · towards fixing huge percentage of ·"
TW10_2937,0,0,[HANDLE] yeahh. were · a loss until facebook · them. fbook · them · · ·.
TW10_2938,0,0,[HANDLE] it was to get the ·. and we all know how fbook · to · experiments with ·.
TW10_2939,0,0,[HANDLE] twitter allows · olds. yr · generally bank · · · have · · / work in cash
TW10_2940,0,0,"[HANDLE] [MONEY] · seem that far · to lot people in us, merely we're besides far removed from class it would impact."
TW10_2941,0,0,[HANDLE] 80 his points are bullshit taken from · · · standpoint harassment fbook? pft · id · ·.
TW10_2942,0,0,[HANDLE] the · web · · · i don't · twitter · additional controls verified accts
TW10_2943,0,0,[HANDLE] do
TW10_2944,0,0,[HANDLE] [HANDLE] what you talking about?
TW10_2945,0,0,[HANDLE] [HANDLE] i · it lone i · · what going · not a · ·.
TW10_2946,0,0,"[HANDLE] [HANDLE] regurgitating · that people have earlier bad shockingly, · ·"
TW10_2947,0,0,"[HANDLE] [HANDLE] they don't this right now mean, unless you becoming ·."
TW10_2948,0,0,[HANDLE] i met with them · ago.: p knows they might do? i surely don't. merely we're ·.
TW10_2949,0,0,[HANDLE] [HANDLE] it sets a bad precedent
TW10_2950,0,0,"[HANDLE] [HANDLE] as a guess, anyhow"
TW10_2951,0,0,oh ·. am · just · the lone · · · off fence in · name / · debate was jason / ·.
TW10_2952,0,0,"[HANDLE] [HANDLE] · · how of · are so wholly ·, · · skill sets so ·"
TW10_2953,0,0,[HANDLE] [HANDLE] [HANDLE] i · · have · justice · meetup my apt kthx
TW10_2954,0,0,·. i might be out blue hair dye. but i tube · ·. / [HANDLE]
TW10_2955,0,0,[HANDLE] [HANDLE] that exists in web.
TW10_2956,0,0,· · · pretty certain i bleed twitter json · ·.
TW10_2957,0,0,rt [HANDLE]: ' as · · · · year this? [NUMBER]
TW10_2958,0,0,pretty sure that [HANDLE] and i · credit ·
TW10_2959,0,0,"[HANDLE], i bathe in those."
TW10_2960,0,0,[HANDLE] [HANDLE] · bey so sorry. you · · ·.
TW10_2961,0,0,[HANDLE] how · youthful good looks. will · everlastingly.
TW10_2962,0,0,[HANDLE] [HANDLE] [HANDLE] that's the one.
TW10_2963,0,0,[HANDLE] [HANDLE] get crazy with the cheese ·.
TW10_2964,0,0,[HANDLE] [HANDLE] · done what point of ·
TW10_2965,0,0,"like gg took · [URL] to · hide the harassment in another subreddit """
TW10_2966,0,0,"· ·, · a · for rich people to drink / do drugs. jeez guys. · · · wine to share then."
TW10_2967,0,0,nichegamer got blacklisted by · · · by posting article friday · ·. · boy
TW10_2968,0,0,· · following suit after · · that ·.
TW10_2969,0,0,yes. i · [HANDLE]. [URL]
TW10_2970,0,0,freebsd fact · yo [HANDLE] you ·? are we not besties anymore [URL]
TW10_2971,0,0,"besides, lol senior · - an employer with · apparently [HANDLE]"
TW10_2972,0,0,gamergate just called [HANDLE] copy boy or personal assistant chan
TW10_2973,0,0,[HANDLE] congrats.
TW10_2974,0,0,· · baph stalk my son [URL]
TW10_2975,0,0,"no, kia i anything do with. [URL]"
TW10_2976,0,0,"·, guys we can totes hax them by · pull request some xss cleverly disguised in · · ·. [URL]"
TW10_2977,0,0,am 12 [URL]
TW10_2978,0,0,[HANDLE] oh noes
TW10_2979,0,0,seen the mod claim i doxxed them merely i no · · screencap · ·. [URL]
TW10_2980,0,0,[HANDLE] i hate cats
TW10_2981,0,0,[HANDLE] everyone
TW10_2982,0,0,[HANDLE] the people that · that education likely wouldn't attend an · · conf.
TW10_2983,0,0,ambulance firetruck outside my building. it · how to wonder if someone called a false report on me. · it to see.
TW10_2984,0,0,[HANDLE] i · on a · · the · · i doxxed them
TW10_2985,0,0,[HANDLE] yup. i · the drill.
TW10_2986,0,0,finally · my macbook power cable time make · · · · for # · # ·
TW10_2987,0,0,"[HANDLE] i prefer just getting stage ·, merely most · · · me have ·"
TW10_2988,0,0,[HANDLE] ·
TW10_2989,0,0,[HANDLE] what?; p
TW10_2990,0,0,[HANDLE] w more efficient than ·: p
TW10_2991,0,0,· averaged ·; 200 oc tweets / hr in the past hrs.
TW10_2992,0,0,gaters get so excited talk them ·. pretty · i'm certain · · · · how wholly # ·.
TW10_2993,0,0,[HANDLE] original ·. not rt.
TW10_2994,0,0,[HANDLE] you mute hashtags that's a violation twitter · · it's only implemented aged ·
TW10_2995,0,0,"oh, look. here's nero and wadhwa colluding, to borrow a term from gg playbook. [URL] # stopwadhwa"
TW10_2996,0,0,rt [HANDLE] · · ggr. · a huge shit on your own hobby & · · · · earlier · goes · [URL]
TW10_2997,0,0,rt [HANDLE]: fuck you everlastingly gamergate [URL]
TW10_2998,0,0,· · of coffee and one stop
TW10_2999,0,0,wat [URL]
TW10_3000,0,0,no no no no no [URL] stop. stop advocating that people pay for abuse mitigation.
TW10_3001,0,0,this is classist as fuck. living · · · shouldn't · a ·. come ·. is · you
TW10_3002,0,0,[HANDLE] stop [URL]
TW10_3003,0,0,[HANDLE] largely until you · · charging a ·. this a horrible idea.
TW10_3004,0,0,[HANDLE] · · · you · insight from · a pulpit of privilege. · - free living have a ·.
TW10_3005,0,0,[HANDLE] and he is defending it right now. ·
TW10_3006,0,0,[HANDLE] · observations that completely dismissive of those in low income bracket
TW10_3007,0,0,[HANDLE] mention poverty levels some countries · · be ·. or what about ·
TW10_3008,0,0,[HANDLE] [HANDLE] · that requires a government id a privacy concern. anything requires · is a bad · everlastingly.
TW10_3009,0,0,[HANDLE] i'm · a ·. why do you think it's a fight?
TW10_3010,0,0,[HANDLE] just · with you · · feelings just dislike your solution.
TW10_3011,0,0,"· · · / solution, don't publicly · him out, get · trying · fight "" when i · him it ·."
TW10_3012,0,0,"why do dudes have to · "" not ·, wanting to fight "" · · · out · with ill consequences"
TW10_3013,0,0,given that he · · his low twitter · to brag worth i shouldn't be · that he wants twitter to be classist.
TW10_3014,0,0,oh. besides · · · lol okay. · a waste of time a white cishet male
TW10_3015,0,0,[HANDLE] might actually listen. or · not. unless your twitter userid is ·.
TW10_3016,0,0,sometimes i hope ca break off · it's · i love here merely ·. system is rigged
TW10_3017,0,0,"ca physically separates from us in natural disaster. ca decides to separate governmental entity well, · ·."
TW10_3018,0,0,the us · to · with · merely · · google · by · all porn from search ·
TW10_3019,0,0,peace treaty brokered · · · include porn and adds a · google · · as a service. the world ·.
TW10_3020,0,0,"· · to · their new government a meritocracy! "" ·, ·! ·! a alone voice the · not · a thing."
TW10_3021,0,0,"coffee just dinged, so i'm going to finish this story ·"
TW10_3022,0,0,"minorities said · this, burnt the building down, · · · became popped collars. the end"
TW10_3023,0,0,"rt [HANDLE]: [HANDLE] ·, i · that as a certificate authority breaking and island site authentication ·"
TW10_3024,0,0,[HANDLE] [HANDLE] · still attached the us. · i do weird things on ·. is · of those times.
TW10_3025,0,0,[HANDLE] [HANDLE] not your manager
TW10_3026,0,0,· wholly · an alternate future for ca more · a ·. that would be ·
TW10_3027,0,0,[HANDLE] i · rather it we just become an ·?
TW10_3028,0,0,like hunger games. merely · protocols
TW10_3029,0,0,"like tank girl, if · ·; · had been run by · cishet oh wait"
TW10_3030,0,0,like · if snow was · 6 evangelism.
TW10_3031,0,0,i should stop drinking coffee now
TW10_3032,0,0,"[HANDLE] haha, thanks.: ·"
TW10_3033,0,0,[HANDLE] i hate cardio. lifting is lot fun · · · up if doing it right
TW10_3034,0,0,"[HANDLE] · like · look, i walk "" · is · i am stronger than erryone raar"
TW10_3035,0,0,"[HANDLE] that one grownup · i · as · those 3 breasts, · with me everlastingly never forget"
TW10_3036,0,0,"[HANDLE] as do i. & gt;. & gt; i had quit, but then gamergate happened. e - cig just wasn't cutting it anymore."
TW10_3037,0,0,[HANDLE] go sleep · ·. · · is ridonkulous.
TW10_3038,0,0,[HANDLE] btw. relevant to this: [URL] and this thread ( tweets above ): [URL]
TW10_3039,0,0,[HANDLE] · · quite disagreed completely i'm pretty · at fence sitting
TW10_3040,0,0,[HANDLE] omg i realize
TW10_3041,0,0,i just found these [URL]
TW10_3042,0,0,better than wadhwa. # ladylike [URL]
TW10_3043,0,0,excessively · rules. females are · ·. # · [URL]
TW10_3044,0,0,following time i · · that women aren't good at · i'll · ·. · [URL]
TW10_3045,0,0,· so white · i've · · hair? # ladylike [URL]
TW10_3046,0,0,i lone carry 5 · · of which is pantyhose. # ladylike [URL]
TW10_3047,0,0,this book was published in [NUMBER]
TW10_3048,0,0,[HANDLE] [URL]
TW10_3049,0,0,[HANDLE] [URL]
TW10_3050,0,0,[HANDLE] several · of pearls i love: /
TW10_3051,0,0,· [HANDLE] [HANDLE] skin · · suit. lone · · pants because hulk need ·!
TW10_3052,0,0,· · · of my personal · relate when giving · keynote · state of anti - harassment efforts.
TW10_3053,0,0,"· support places i · i originally posted story "" · "", and i think important to point out"
TW10_3054,0,0,we largely · harassment the context of gamergate merely very narrow focus not the real problem
TW10_3055,0,0,[HANDLE] i find more impactful talks are based around · merely it's a tough balance.
TW10_3056,0,0,woman dev ·. i think the real msg i want get · anyone can · difference. even just 200 line perl script.
TW10_3057,0,0,truly difficult to · about abuse & amp · it positive · call action · not · · ·.
TW10_3058,0,0,[HANDLE] · · compressed to half the size: p i go for readability.
TW10_3059,0,0,[HANDLE] i've lone · 10 · so gotta keep it · figure · out )
TW10_3060,0,0,"·, security folks. any · on · - encrypting drives, · wd passport ultra"
TW10_3061,0,0,· welcome exe [URL]
TW10_3062,0,0,"[HANDLE] · solutions in windows? pref built - in / · · / ·, in that ·"
TW10_3063,0,0,[HANDLE] those are · more spendy this drive i. just · · built - or if · software
TW10_3064,0,0,"[HANDLE] bitlocker good · · it. · i · gpg entire drive, either.:"
TW10_3065,0,0,· i hate: · · · · the · · finish. no do not · to · · tyvm
TW10_3066,0,0,[HANDLE] · a · it's largely going backups document ·.
TW10_3067,0,0,banished is · excessively addictive my night go
TW10_3068,0,0,here's · · be reasonably · · webapp that · you · · links · you · from blocked users.
TW10_3069,0,0,[HANDLE] ·.
TW10_3070,0,0,how wholly · a butthead all in · · [URL]
TW10_3071,0,0,[HANDLE] cool beans. · · after a · ·.
TW10_3072,0,0,"[HANDLE] i did dismissed ·; · "" ·. might wanna · · ·."
TW10_3073,0,0,"[HANDLE] · following · a woman talks to approach is classist, he might want not wholly dismiss her"
TW10_3074,0,0,[HANDLE] · this · to attack him · told to piss off.
TW10_3075,0,0,"[HANDLE] regretful don't have any ·, sucks merely following · · · to look further before useless vague callouts."
TW10_3076,0,0,[HANDLE] publicly lone to him. an insult. he's · that · · top of blog ·.
TW10_3077,0,0,"[HANDLE] i get you're · · to defend your · careless, merely what was icky and you followed · / more shit."
TW10_3078,0,0,[HANDLE] calling me in that manner · · · any · of * was totally useless and · good job.
TW10_3079,0,0,[HANDLE] responsible · feelings when he's · · to · me alternatively of conversation
TW10_3080,0,0,"[HANDLE] · and yours, · are pretty typical regretful if the truth hurts"
TW10_3081,0,0,"[HANDLE] besides, a fellow sj to another · is generally frowned upon a ·"
TW10_3082,0,0,[HANDLE] · wasn't · as a dig. · a · ago it was pointed out to me.
TW10_3083,0,0,lord save me from the hurt feelings of men in tech · ideas have been ·
TW10_3084,0,0,[HANDLE] that's why i explained. i still think ·.
TW10_3085,0,0,"[HANDLE] did, it's · california."
TW10_3086,0,0,"[HANDLE] ·, i like it."
TW10_3087,0,0,[HANDLE] have. i still · have · · merely · would have lot ·.
TW10_3088,0,0,[HANDLE] yea see · · done · with him. · pulled unacceptable same shit i see from sexist engineers.
TW10_3089,0,0,[HANDLE] i don't · him. i know if acts · ·. i only base · single exp · · post.
TW10_3090,0,0,[HANDLE] merely i · he · - · · was 100 % typical of dudes i see dismissive of women eng.
TW10_3091,0,0,"[HANDLE] · · otherwise, but truly think i are on same side at * all *."
TW10_3092,0,0,guys am wearing a super hero outfit with a ·
TW10_3093,0,0,literally a cape
TW10_3094,0,0,we · · official sjw uniform [URL]
TW10_3095,0,0,"· a swimsuit on twitter, fucking care · ·"
TW10_3096,0,0,[HANDLE] yess
TW10_3097,0,0,·. amazing · typing in all caps.
TW10_3098,0,0,[HANDLE] ·
TW10_3099,0,0,· gamergate · and · talking how fat i am. lt 3
TW10_3100,0,0,[HANDLE] blackmilk.
TW10_3101,0,0,"[HANDLE] who ·? can't seem to · a · addict, having · of babies · ·, or a dude."
TW10_3102,0,0,[HANDLE] i have a fan i will turn ·
TW10_3103,0,0,[HANDLE] d'aww. · like wonder woman.
TW10_3104,0,0,[HANDLE] [HANDLE] i'm married with kids. besides.
TW10_3105,0,0,[HANDLE] i love. wearing my wonder woman · i · code to · · · from online ·. & ·; 3
TW10_3106,0,0,[HANDLE] · yes.
TW10_3107,0,0,"[HANDLE] largely · at how · going to · me posted a swimsuit on twitter, obviously · fucks"
TW10_3108,0,0,[HANDLE] [HANDLE] pretty sure there.
TW10_3109,0,0,[HANDLE] · & lt;
TW10_3110,0,0,[HANDLE] yes:
TW10_3111,0,0,[HANDLE] it's a bug
TW10_3112,0,0,it's kinda cold but i don't · · · superhero ·
TW10_3113,0,0,"qq, gg qq. you can take your body shaming with you on your way out door · 3 [URL] [URL]"
TW10_3114,0,0,"it truly · thing * now know blackmilk swims fit well are super comfortable. truly, truly bad"
TW10_3115,0,0,i run faster when i wear these [URL]
TW10_3116,0,0,[HANDLE] i have a bunch of bm already but not swims. & gt. & gt;
TW10_3117,0,0,[HANDLE]. too busy being a superhero running around with a cape on.
TW10_3118,0,0,"[HANDLE] · overweight as hell, still · amazing in it's about how · you · not · · ^"
TW10_3119,0,0,rt [HANDLE] [HANDLE] [URL] [URL]
TW10_3120,0,0,[HANDLE] · · · a blackmilk superhero ·
TW10_3121,0,0,[HANDLE] btw i've · · · bm that · fit you. · tetris leggings. · into rather ·
TW10_3122,0,0,[HANDLE] · the robot leggings · perfect
TW10_3123,0,0,[HANDLE] [URL]
TW10_3124,0,0,just · what happens when jeans are excessively large wearing over a ·. ·. · · a belt.
TW10_3125,0,0,· these fake nerd guys don't · know who wonder · is
TW10_3126,0,0,"this lecture aged the people insulting my "" · code [URL]"
TW10_3127,0,0,"[HANDLE] [HANDLE] [HANDLE] born a redhead, · · 10."
TW10_3128,0,0,rt [HANDLE] [HANDLE] [HANDLE] [HANDLE] lone · have skin · proper · literal skeletons
TW10_3129,0,0,[HANDLE] pretty funny seeing people · about perl again
TW10_3130,0,0,[HANDLE] * sigh. why so · people bad at · what dos
TW10_3131,0,0,rt [HANDLE]: [HANDLE] comment this · reminded of you. you stilget dos mansplainers? [URL] ·: /
TW10_3132,0,0,rt [HANDLE]: [HANDLE] [HANDLE] oi i going ask · · these doofuses but question ·
TW10_3133,0,0,rt [HANDLE] [HANDLE] [HANDLE] besides · is example · dos · · better luck next time
TW10_3134,0,0,[HANDLE] [HANDLE] i'm · · in that i only see half ·;
TW10_3135,0,0,[HANDLE] [HANDLE] [HANDLE] · to be one weirdest insults · seen · by an mra / gater any
TW10_3136,0,0,[HANDLE] would rather have teeth pulled
TW10_3137,0,0,[HANDLE] know person? i don't generally · · for legal fees for people i know haven't talked to.
TW10_3138,0,0,[HANDLE] why would you do that p · are about freebsd.
TW10_3139,0,0,[HANDLE] uh.
TW10_3140,0,0,· a · have · · the definitions for · / ddos. incredible feat be sign the apocalypse.
TW10_3141,0,0,i don't · a simple technical definition is giving much a · · to think dos / ddos = = excessive packets.
TW10_3142,0,0,dos / ddos doesn't · to · · of transport. it's · defined · + end result. this is rocket surgery.
TW10_3143,0,0,"if you ·, you classify influx · · unintentional ddos, as it makes · · unserviceable you."
TW10_3144,0,0,· common · · dos particularly ·. · make a stupid mistake that caused a critical lack resources?
TW10_3145,0,0,"maybe · · until · · no ·, you restrictions on. maybe · inappropriate amount of udp."
TW10_3146,0,0,will the · that has never forgotten to · in · · or increment · or wrote a poorly designed loop please stand up?
TW10_3147,0,0,[HANDLE] difficult · of constitutes dos beyond · of ·. service is open mean many ·
TW10_3148,0,0,"[HANDLE] · servers, the programs listening on those servers, a local ·."
TW10_3149,0,0,[HANDLE] just try to mansplain perl to me and ·
TW10_3150,0,0,·. you · · · · colors. gl educating gaters. & lt; 3 [HANDLE]
TW10_3151,0,0,[HANDLE] uh. every · makes mistakes.
TW10_3152,0,0,[HANDLE] i broke a dude when i a teenager · server
TW10_3153,0,0,[HANDLE] if the only devs standing up the ones that · mistakes all devs be · )
TW10_3154,0,0,[HANDLE] worries · a parse failure.
TW10_3155,0,0,[HANDLE] d: php d:
TW10_3156,0,0,[HANDLE] [HANDLE] putting it list: )
TW10_3157,0,0,rt [HANDLE] photographer lynsey · on war reporting while female [URL] on [HANDLE] right everything ·
TW10_3158,0,0,"[HANDLE] [HANDLE] ·. that's ·. dos has · ·, merely aren't ·. ·"
TW10_3159,0,0,[HANDLE] [HANDLE] depend on lang; )
TW10_3160,0,0,[HANDLE] sure. i · this · excessively easily argued irt if attacks can ·.
TW10_3161,0,0,[HANDLE] ex: · involuntarily · flailing smacks another · in the · · is attacked by arm
TW10_3162,0,0,[HANDLE] · · remember win ver / ·: p
TW10_3163,0,0,out of pravana blue. · i'm · with · · with special fx turquoise to layer over existing ·. hmm. this might be ·.
TW10_3164,0,0,existing * dye *. derp.
TW10_3165,0,0,[HANDLE] [HANDLE] gross. netware.
TW10_3166,0,0,[HANDLE] · · kiinda rainbow haired expert
TW10_3167,0,0,"[HANDLE] in all seriousness, been · my hair since teens. remember the last time i · a · shade. too flat."
TW10_3168,0,0,[HANDLE] works well for some ·. the · · merely · · ·. · ·
TW10_3169,0,0,"[HANDLE] · shade. when doing blues, most mp fades grey ·, · · · green tint."
TW10_3170,0,0,"[HANDLE] i usually mix · depending on they ·. · has antic pinks, though. n'rage decent ·, excessively."
TW10_3171,0,0,[HANDLE] gross. · · ·.
TW10_3172,0,0,[HANDLE] you tried pravana
TW10_3173,0,0,[HANDLE] pravana blue pastels - · with a · · · · · + pravana clear. swear it
TW10_3174,0,0,[HANDLE] · new. most salons have · to · here alternatively ·.
TW10_3175,0,0,"[HANDLE] ·, · to · feelings my scalp, that · time · ·."
TW10_3176,0,0,"[HANDLE] certain · · fades on · hair, if it's dyed well. · ·"
TW10_3177,0,0,[HANDLE] check it [URL]
TW10_3178,0,0,"[HANDLE] pravana vivids are · line blues, easily. pastels line ·, but fades so quick. days ·."
TW10_3179,0,0,[HANDLE] pravana pastel pink fade after · rest was originally mint colored. wholly gone. [URL]
TW10_3180,0,0,"[HANDLE] n'rage · ~ 1 week, turquoise is a mix of special fx. · pink holds well. [URL]"
TW10_3181,0,0,[HANDLE] · · my hair · · ·. & gt;. & gt; that pigtails pic a few years old.
TW10_3182,0,0,"[HANDLE] er, manic · · 90."
TW10_3183,0,0,the difference between drunk perl and sober perl? drunk perl comments
TW10_3184,0,0,[HANDLE] [HANDLE] i'm young as · i am ·
TW10_3185,0,0,"funny · joke, y ·? · humor weird"
TW10_3186,0,0,"i'm working a · project, video harassment, & ·; i need ·. need vid clips · reading an abusive tweet they've received."
TW10_3187,0,0,"just the · the ·, not the · the person that · · a screenshot"
TW10_3188,0,0,goal is to · · irl reading the · received the internet. this has ·.
TW10_3189,0,0,[HANDLE] yes. and if · and request · · the · be ·. · + examples.
TW10_3190,0,0,[HANDLE] ·. i will be · names.
TW10_3191,0,0,. [HANDLE] · vid to [EMAIL] · on dropbox · · share · any prefer.
TW10_3192,0,0,[HANDLE] [HANDLE] ·
TW10_3193,0,0,"[HANDLE] ·. merely coding · [NUMBER] · about for that ·. used to work on truly old ·, excessively."
TW10_3194,0,0,. [HANDLE] just general abuse. · · ·.
TW10_3195,0,0,[HANDLE] [HANDLE] [URL]
TW10_3196,0,0,[HANDLE] being blocked isn't ·.
TW10_3197,0,0,[HANDLE] · ^. ^
TW10_3198,0,0,[HANDLE] ty!
TW10_3199,0,0,[HANDLE] my perl is · clear as efficient · merely decidedly · for · read ·; ·
TW10_3200,0,0,[HANDLE] this weekend would be ·
TW10_3201,0,0,[HANDLE] thursday would be · ·.
TW10_3202,0,0,[HANDLE] can · tell anymore.: p
TW10_3203,0,0,[HANDLE] · · · the shit · · · doing small thing.
TW10_3204,0,0,[HANDLE] [HANDLE] has more emotional impact it's the face of a · reading it out ·.
TW10_3205,0,0,[HANDLE]?
TW10_3206,0,0,pretty funny gamergate thinks i'm profiting from · i took · pay cut by going · · with [HANDLE]
TW10_3207,0,0,"[HANDLE] funny that i · i wrote it - and i · it, · i planned ·."
TW10_3208,0,0,[HANDLE] [HANDLE] not actually ·. i'm devops. like doing · find interesting. is interesting. ^. ^
TW10_3209,0,0,[HANDLE] certain. i didn't · it.
TW10_3210,0,0,got mad at my hair so i · it.
TW10_3211,0,0,· this was a · move lt; · earlier doing a keynote merely any a punk rock · urchin lone chopped ·
TW10_3212,0,0,[HANDLE] will do tomorrow
TW10_3213,0,0,"· · style & ·; not · · is scream "" fuck you, hair "" while randomly jabbing / hacking w box ·"
TW10_3214,0,0,· by randi.
TW10_3215,0,0,what would joan jett do? she would cut her own damn bangs. [URL]
TW10_3216,0,0,"[HANDLE] · hoping for personal attacks, merely decidedly ·.: ·"
TW10_3217,0,0,[HANDLE] ·:
TW10_3218,0,0,"ughh. · offered me discounted access · pass, merely · more than can afford."
TW10_3219,0,0,". [HANDLE] · ·. be · seeing fabricate. hopefully they · than "" articles ""."
TW10_3220,0,0,. [HANDLE] now · ·. merely i'm certain you won't · a · thing like truth stand in the way a ·; )
TW10_3221,0,0,[HANDLE] [HANDLE] certain
TW10_3222,0,0,it is · · gamergate · be opposed to a video * · to · talking about · so · ·
TW10_3223,0,0,i mean · gamergate · about a · where people · the abusive tweets they've received? what have do with ethics?
TW10_3224,0,0,i keep hearing · · harassment. i must be misunderstanding something surely.
TW10_3225,0,0,"·, wait. i take it back i · a ·. i · [HANDLE] once earlier. [URL]"
TW10_3226,0,0,[HANDLE] [HANDLE] · not yet blocked replied to her tweet mentioning. couldn't remember who she i ·.
TW10_3227,0,0,· ·. did you · was a convicted ·? new. [URL]
TW10_3228,0,0,[HANDLE] [HANDLE] · · from the experts.
TW10_3229,0,0,"· funny · · i · her never talked until · night ignored the smear "" article "" she wrote [HANDLE]"
TW10_3230,0,0,iirc she claimed i went · · something. i didn't · it she's · · name for herself w / tabloidism [HANDLE]
TW10_3231,0,0,· [HANDLE]. [URL] this ethical journalism. · ·. ed reliable · & lt;
TW10_3232,0,0,spreading rumors started by gnaa as · you call yourself a journalist is why i can't take you seriously [HANDLE]
TW10_3233,0,0,that was ·. now it's. is can't · · · · · anything hit · ·.
TW10_3234,0,0,"[HANDLE] [HANDLE] she's claiming i threatened ·. hilarious. even with an · case of libel, has time"
TW10_3235,0,0,"· · · / · ( since does · · say "" awful human "" to · to get · / ·? [URL]"
TW10_3236,0,0,· · remembers.
TW10_3237,0,0,"[HANDLE] oh. i probably should have warned about that, sorry. & gt;. & gt; i'm desensitized to such things."
TW10_3238,0,0,· regretful the · · · posted some gore so · wouldn't distribute the ·. · that ·
TW10_3239,0,0,"[HANDLE] wholly my bad.: · here, brain bleach: [URL]"
TW10_3240,0,0,[HANDLE] [HANDLE] [HANDLE] [HANDLE] failure to appear for expired tags is totes a felony.
TW10_3241,0,0,headed over to # girldevweek in a · to · about state online harassment.
TW10_3242,0,0,spoilers the trolls · nether the bridge · are burning it · to fight ·
TW10_3243,0,0,[HANDLE] was being sarcastic: ·
TW10_3244,0,0,· excessively · literally turquoise quite same ring it. [URL]
TW10_3245,0,0,[HANDLE] [HANDLE] [HANDLE] no ·
TW10_3246,0,0,[HANDLE] epic at · · layered tanks of · ·. pink · · ·. pink ·.
TW10_3247,0,0,[HANDLE] decent at · worries.
TW10_3248,0,0,[HANDLE] [HANDLE] i besides read as a gay slur
TW10_3249,0,0,"[HANDLE] · possibly? pink pullover, pink backpack"
TW10_3250,0,0,[HANDLE] [HANDLE] is · good guys. i'll · · · debatable.:
TW10_3251,0,0,· · in sf! [URL]
TW10_3252,0,0,· week · my outfit! [URL]
TW10_3253,0,0,[HANDLE] not me no hat
TW10_3254,0,0,"[HANDLE] ·, hat"
TW10_3255,0,0,[HANDLE] what company again? · regretful it's ·. year
TW10_3256,0,0,[HANDLE] certain think i can stop by for a ·. · a · merely be out of here by 1: 15.
TW10_3257,0,0,[HANDLE] i'll shoot you a · when got a · eta
TW10_3258,0,0,· out the dice lounge at · if anyone wants · · hi.;
TW10_3259,0,0,"tech · crack me up. · · about black, · · · shirts meanwhile all neon pink cyan"
TW10_3260,0,0,[HANDLE] about · · · the sun for ·
TW10_3261,0,0,minutes. ·. not because speaking merely content. · · ·. so many feels. # girldevweek
TW10_3262,0,0,[HANDLE] only if get · ·
TW10_3263,0,0,shit is about · real
TW10_3264,0,0,· started harassing # girldevweek's organizer spent · amp livestreaming · and · harassment
TW10_3265,0,0,i'm not surprised i wish · · a · · - harassment a · · # ·
TW10_3266,0,0,[HANDLE] aww i · scattered ·. need sleep: p
TW10_3267,0,0,rt [HANDLE] ·. some insanely inappropriate harassment of [HANDLE] · · live via · of [HANDLE] …
TW10_3268,0,0,· [HANDLE] [HANDLE] [HANDLE] [HANDLE] [HANDLE] [HANDLE] here is the · at # girldevweek # · ·
TW10_3269,0,0,"[HANDLE] · about, merely i was · you · · · / i thought you antic"
TW10_3270,0,0,· [HANDLE] a crazy · afternoon with [HANDLE]. commend · done of. # girldevweek #
TW10_3271,0,0,[HANDLE] [EMAIL]
TW10_3272,0,0,· · of antic · on · · ( & · show · my experiences being harassed as vocal woman in tech
TW10_3273,0,0,"· about weev & ·; full disclosure mailing list ·. · doxxing, swat threats. family amp friends threatened. · ·."
TW10_3274,0,0,·. i · a · idea until · crowd · · hug & ·; · ·. then i crying.
TW10_3275,0,0,then q & ·; a both of us · · got hijacked to · · · live. both of us · about diff aspects of harassment.
TW10_3276,0,0,"· the · for support, mentors. people that understand done all, excessively."
TW10_3277,0,0,i was blown away. i even think a more · · getting · the point · · to talk.
TW10_3278,0,0,· · at # girldevweek for · words. · for letting ·. · for ·
TW10_3279,0,0,"about crying merely quite i have · in my eye, ·?"
TW10_3280,0,0,make a blog post of contents talk slides ( which limited i prefer not · slides
TW10_3281,0,0,[HANDLE] in a meeting.
TW10_3282,0,0,[HANDLE] yup
TW10_3283,0,0,curious as to gamergate finds more offensive: overweight or that i'm wholly · amp ·
TW10_3284,0,0,[HANDLE] [HANDLE] 1 k:
TW10_3285,0,0,[HANDLE] np. · soon.
TW10_3286,0,0,[HANDLE] it's on my list. had time yet.
TW10_3287,0,0,[HANDLE] ·
TW10_3288,0,0,· · on giving anti harassment talk · · be both ironic and ·? [URL]
TW10_3289,0,0,[HANDLE] sure.
TW10_3290,0,0,"·. how ·. nero, glorious leader of a campaign that purportedly not ·, · ·. [URL]"
TW10_3291,0,0,[HANDLE] · a look.
TW10_3292,0,0,[HANDLE] sorry about that. & gt. & gt
TW10_3293,0,0,"dude just yelled me loud enough to · music noise · ·. "" · girl. you · like ·. "" · yea i."
TW10_3294,0,0,not certain i should be irritated by street calling or impressed my walk · my ·.
TW10_3295,0,0,rt [HANDLE] [HANDLE] here's the · · for [HANDLE] [URL]
TW10_3296,0,0,[HANDLE] [HANDLE] [HANDLE] [HANDLE] i have no idea what just ·
TW10_3297,0,0,[HANDLE] ·
TW10_3298,0,0,"· [HANDLE] · · between guys snarking about ·, and others, mostly women, thanking us · · in gaming …"
TW10_3299,0,0,another woman thanking · · yet merely heard · things. · [HANDLE]
TW10_3300,0,0,rt [HANDLE] the part of the · and · · that seems implausible is · threat a woman and the · do
TW10_3301,0,0,[HANDLE] [HANDLE] pretty entertaining that they think nys · used to justify harassment. · job.
TW10_3302,0,0,"seeing [HANDLE] getting mobbed, he'll · · this. anyone is contact w / him, tell him abt # ggautoblocker. # lawandordersvu"
TW10_3303,0,0,[HANDLE] i didn't read · · just enough · he's · · ·. i ignore fygm girls.
TW10_3304,0,0,saw this fly my stats · few times ·. hashtag. gamergate. ·. freebsdgirl. · lol nope
TW10_3305,0,0,[HANDLE] original content. vs retweet
TW10_3306,0,0,[HANDLE] yes
TW10_3307,0,0,nys · had · a ·. · tweets after · ·. · minorities. point out these women are lying.
TW10_3308,0,0,gamergate is trying to · control difficult don't · · · left ·.
TW10_3309,0,0,"· [HANDLE]: amid the · about ·, · that matter, i think, of the people · was …"
TW10_3310,0,0,[HANDLE] yup!
TW10_3311,0,0,"[HANDLE] ·. if bri / zoe / · · way, then that's · to · ·"
TW10_3312,0,0,"tweetstats. hashtag. notyourshield. mention. ·. rt quickly, create a shield from the person that posted addresses on twitter!"
TW10_3313,0,0,· · this perfectly fucking clear. every female major · · · a fuckton more · tonight. # ·
TW10_3314,0,0,i'm watching it happen. i'm watching the · climb. this is balmy. lawandordersvu
TW10_3315,0,0,while some of those tweets · the · · gg / nys in · · ·
TW10_3316,0,0,"while i appreciate # lawandordersvu, this · just kicked off · · of harassment gamergate time · it."
TW10_3317,0,0,[HANDLE] yup.
TW10_3318,0,0,nerd followers i'm · hashtag / mentions and · statsd incr · for one.
TW10_3319,0,0,i've got debug · scrolling i run · from within screen. i always have this up. is scrolling too fast for to ·.
TW10_3320,0,0,". [HANDLE] statsd ·, sweetie. protocol, not · · if · to troll, · on my level."
TW10_3321,0,0,[HANDLE] using multiple streams with multiple credentials;
TW10_3322,0,0,[HANDLE] · reason · i'm · near hitting that cap my · be verified from ·.
TW10_3323,0,0,literally who? literally # lawandordersvu.
TW10_3324,0,0,"[HANDLE] drunk, dude."
TW10_3325,0,0,[HANDLE] i process this · now i'm just watching it scroll.
TW10_3326,0,0,[HANDLE]. because verified my · i was · this. ^. ^
TW10_3327,0,0,"[HANDLE] excessively ·, literally blue. no taksies backsies."
TW10_3328,0,0,[HANDLE] i took · of screencaps of the harassment the conf i was · · from them. · to be ·.
TW10_3329,0,0,"[HANDLE] oh, those ·. not necessarily with tonight mind."
TW10_3330,0,0,[HANDLE] it's cool hope feel better i know how those nights can happen · i can do to ·?
TW10_3331,0,0,[HANDLE] difficult not have feelings sometimes. maybe step back / · night? or do i do use it ·.
TW10_3332,0,0,[HANDLE] love your dog so ·
TW10_3333,0,0,"[HANDLE] you are helpful, valuable, and appreciated. your voice helps. we all appreciate. you should · this."
TW10_3334,0,0,[HANDLE] nothing ever · nightlong. it's subtle stages · · know things · watching it happen.
TW10_3335,0,0,[HANDLE] · a · you · it. merely i'm · this · you feel better voice important you matter.
TW10_3336,0,0,rt [HANDLE] since gators are yelling at me for · a fan · if you wanna · me off patreon · link …
TW10_3337,0,0,rt [HANDLE]: ok hearing this mask fucker saying the exact same shit been · months · ·.
TW10_3338,0,0,rt [HANDLE] at least my · · is · x · the · my weird svu feminist chimera's · is ·
TW10_3339,0,0,rt [HANDLE]: dude if this all because · dated a shitty dude this svu episode · might · sobri …
TW10_3340,0,0,rt [HANDLE] · what i expected merely it wasnt law · · to give up.
TW10_3341,0,0,"rt [HANDLE] · on time, new · horseshit · sent ggers. shits just · from sides ·"
TW10_3342,0,0,rt [HANDLE]: nothing has · a single fucking thing than · · me be · · on national · …
TW10_3343,0,0,rt [HANDLE] · · decency to unpublish rape fanfic · people christ
TW10_3344,0,0,[HANDLE] regretful converse with · talk to me while · · ·. charitable go fuck yourself.
TW10_3345,0,0,"[HANDLE] like pink a · excessively, merely it · excessively ·"
TW10_3346,0,0,[HANDLE] [HANDLE] [HANDLE] [HANDLE] that me
TW10_3347,0,0,· · 81 % of nys tweets have rts. this is normal. · · lone. 4 tweets / · ·.
TW10_3348,0,0,nys · have tripled since # lawandordersvu.
TW10_3349,0,0,"looking · ·, they were averaging abt 517 tweets earlier ·. now [NUMBER]. 48 m."
TW10_3350,0,0,[HANDLE] notyourshield.
TW10_3351,0,0,[HANDLE] at some point ^ there's · · · · out proper attribution of rts people ·. minor stuff
TW10_3352,0,0,most tellingly of hashtag + target mentions up [HANDLE] received mentions the past · · / · ·.
TW10_3353,0,0,"she · to getting tweets, but [HANDLE] and [HANDLE] seen much more · · well"
TW10_3354,0,0,"important to note all these stats, is taken from a · · ' been the · 12 h, typically · ·"
TW10_3355,0,0,even my gg · · are way up. guessing because keynote yesterday.
TW10_3356,0,0,· · reasonably ·. · particularly when they · · to · many blocked users
TW10_3357,0,0,[HANDLE] [HANDLE] harassing and doxxing prevent free · they · to silence their targets
TW10_3358,0,0,"[HANDLE] [HANDLE] however despite want everyone · speaking about your · "" harassing "" ·"
TW10_3359,0,0,"[HANDLE] oh, they do. but they use · or my real names. not ·."
TW10_3360,0,0,in · supernova · to · adam baldwin as a ·. [URL]
TW10_3361,0,0,[HANDLE] thank you for · petition ^
TW10_3362,0,0,[HANDLE] [EMAIL]
TW10_3363,0,0,[HANDLE] he helped start all of this. he · up the ·.
TW10_3364,0,0,watching · be very disappointed the · ·. that standard · for every male that doesn't agree
TW10_3365,0,0,world is starting to · him for what he is · living in ageless · of disappointment. # stopwadhwa 2015
TW10_3366,0,0,"[HANDLE] [HANDLE] · · night, he · those pics. dude is ·."
TW10_3367,0,0,rt [HANDLE]: [HANDLE] are we seeing the rise of mark ii the sad · · - - sad ·?
TW10_3368,0,0,rt [HANDLE]: so if you · whole wadwha silencing women · was · is our proof: [URL] # s …
TW10_3369,0,0,[HANDLE] well · that vivek got an · pulled it likely · do them being support of free speech.
TW10_3370,0,0,rt [HANDLE] [HANDLE] merely for someone who touts eff on their · · you · judgmental - are
TW10_3371,0,0,"rt [HANDLE] [HANDLE] happy to · a · with view points, particularly whether appropriate · to takedown th"
TW10_3372,0,0,· [HANDLE] [HANDLE] · - · assuming am guilty and · · at face ·?
TW10_3373,0,0,· [HANDLE] wholly dismiss · that · very disappointed in men that ·. # · 2015.
TW10_3374,0,0,", [HANDLE] is · [HANDLE] bcz · were · told · & ·; · · [URL]"
TW10_3375,0,0,truly certain · i feel comfortable with this idea merely · these assholes band together evocative of · ·.
TW10_3376,0,0,[HANDLE] was a podcast given by a woman in · how doesn't want him to ·
TW10_3377,0,0,"[HANDLE] truly ·. ughh. · another thing i be ·. driving more industry women away. · job, [HANDLE]"
TW10_3378,0,0,"[HANDLE] at least he doesn't directly · "" · for women "". ·"
TW10_3379,0,0,[HANDLE] configuration setting. mentioning on is against · · ·. ·.
TW10_3380,0,0,"[HANDLE] [HANDLE] [HANDLE] "" """
TW10_3381,0,0,[HANDLE] i · to provide · any those nutters. it won't make any difference. they just claim · ·.
TW10_3382,0,0,[HANDLE] [HANDLE] sure! ^. ^ yea · out pretty quickly had meetings · in the · that ·.
TW10_3383,0,0,[URL] ( via [HANDLE] ) # · 2015
TW10_3384,0,0,just watched # lawandordersvu. was. ·. corny early · merely then. jesus.
TW10_3385,0,0,[HANDLE] [HANDLE] hahaha yams
TW10_3386,0,0,· · acted out · to · · * · gamergaters. · a loud feminist in her ·
TW10_3387,0,0,"on the hand, i · had ·. possibly. i can lone · law · watches ·. sigh *"
TW10_3388,0,0,[HANDLE] first time ever ·.
TW10_3389,0,0,"· · for [HANDLE], [HANDLE] [HANDLE]. can't · how difficult watch. how violated they feel."
TW10_3390,0,0,·: · · step 2: kia ·. · 3: get dog - piled by gamergate · · of animal abuse [URL]
TW10_3391,0,0,[HANDLE] [HANDLE] · · there much point to ratings a quick · based on · ·.
TW10_3392,0,0,[HANDLE] [HANDLE] want · it'll help irt law enforcement education. merely certain if was · it.
TW10_3393,0,0,in · being · by · just told: let your · better a woman instead of · ·.
TW10_3394,0,0,on that · facebook · · ·.
TW10_3395,0,0,regretful to · merely i · · pretty awesome women. · · - · continues ·.
TW10_3396,0,0,? · a night off · · make popcorn and catch [HANDLE] )
TW10_3397,0,0,[HANDLE] · · )
TW10_3398,0,0,might · · facebook version # ggautoblocker: ·
TW10_3399,0,0,[HANDLE] to · ·. got other ·
TW10_3400,0,0,[HANDLE] probably not. i really afford · conferences i'm not ·. (
TW10_3401,0,0,how many angles does · · don't understand [HANDLE] [HANDLE]
TW10_3402,0,0,", not creepy or threatening at all · all the gaters retweeted. [URL] [URL]"
TW10_3403,0,0,try to explain · to women. [URL] ( via [HANDLE]
TW10_3404,0,0,so supernova is · not · facebook · merely the gaters piling on. ·. is the con run by gg supporter?
TW10_3405,0,0,someone said they were going attend supernova merely alternatively · · their ticket towards an anti - · ·. do.
TW10_3406,0,0,vomit. · [URL]
TW10_3407,0,0,· turn an immigration issue. · · less don't · him · · [HANDLE]
TW10_3408,0,0,· to be fucking kidding [HANDLE] [HANDLE] [HANDLE]
TW10_3409,0,0,""" speaking up "" isn't the same thing "" speaking for "" and regretful you · · [HANDLE] [HANDLE] [HANDLE]"
TW10_3410,0,0,"rt [HANDLE] when your [HANDLE] · the folks you claim to · made # ·, time to reevaluate if you're a …"
TW10_3411,0,0,"regretful rts, merely is truly serious ·. guy is basically · · - feminist that thinks ally."
TW10_3412,0,0,"even worse, · · an ally. they keep letting speak us, stop. ·"
TW10_3413,0,0,"[HANDLE] [HANDLE] ·, true"
TW10_3414,0,0,"[HANDLE] [HANDLE] i would but time is · limited these following · i'm about ·, too many meetings"
TW10_3415,0,0,[HANDLE] · a second thought had come · · breaking my heart
TW10_3416,0,0,[HANDLE] i think [HANDLE] that her · blog · it programmatically is * truly difficult
TW10_3417,0,0,[HANDLE] it's beyond i am capable of doing.
TW10_3418,0,0,# stopwadhwa 2015 [HANDLE] wrote an article about [HANDLE] [URL] via [HANDLE]
TW10_3419,0,0,saddest leo ever. · of · rolled below · and he fell · · at it [URL]
TW10_3420,0,0,[HANDLE] congrats ^ ^
TW10_3421,0,0,[HANDLE] yup!
TW10_3422,0,0,rt [HANDLE]: [HANDLE] [HANDLE] besides the amazing ) [HANDLE] · the · he · amp · [URL]
TW10_3423,0,0,"[HANDLE] [HANDLE] certain! email me, [EMAIL]"
TW10_3424,0,0,· isn't bad · it's the * lone * solution. it's expecting women to · all the problems
TW10_3425,0,0,· · of · in. how ·. merely the cost is high and not for everyone. feminism is about choices.
TW10_3426,0,0,· [HANDLE]: proof that anyone · love nexus. learn & gt [URL] [URL]
TW10_3427,0,0,[HANDLE] [HANDLE] i do that come at me bruh
TW10_3428,0,0,· [URL]
TW10_3429,0,0,"planned · · done today, merely · · day away. fu, ovaries. eff ·."
TW10_3430,0,0,· sent me a pgp encrypted message and don't · · i in · this stuff set up p
TW10_3431,0,0,[HANDLE] oops. i woke a ·.; p
TW10_3432,0,0,[HANDLE] ·.
TW10_3433,0,0,"poudriere is pretty slick, · i have no · pronounce · [URL]"
TW10_3434,0,0,[HANDLE] lone presently using freebsd on aws. · no zfs not · · it.
TW10_3435,0,0,offline the ·. need a ·. be back ·.
TW10_3436,0,0,"having difficult · ·. it's probably hormones, merely is the nearest i've · making my acct protected. kind · ·."
TW10_3437,0,0,if one more · · · · phone out the window. please do that.
TW10_3438,0,0,[HANDLE] not mad at you · · noises stop.
TW10_3439,0,0,"thanks, · · · gets · things. should stronger enjoying the cute animal pictures"
TW10_3440,0,0,now · watch beyonce · · the same socks as beyonce. [URL]
TW10_3441,0,0,[HANDLE] story behind your profile pic? i have ·
TW10_3442,0,0,[HANDLE] [HANDLE] is amazing to hear: )
TW10_3443,0,0,"just · that bey is · a wonder woman · in her video, blow."
TW10_3444,0,0,[HANDLE] [HANDLE] [HANDLE] [HANDLE] [HANDLE] woww this whole thread
TW10_3445,0,0,[HANDLE] [HANDLE] [HANDLE] [HANDLE] [HANDLE] it read to me like you like him bcz he supports yr ·
TW10_3446,0,0,". [HANDLE] [HANDLE] [HANDLE] [HANDLE] [HANDLE] when ur writing a · wit, is · · ·"
TW10_3447,0,0,a reminder - · not endorsements.
TW10_3448,0,0,[HANDLE] million times this.
TW10_3449,0,0,[HANDLE] [HANDLE] i agree 100 % this ·
TW10_3450,0,0,[HANDLE] back in june; )
TW10_3451,0,0,[HANDLE] [HANDLE] [HANDLE] [HANDLE] [HANDLE] ·. and anyone that · is crazy or attention seeking
TW10_3452,0,0,[HANDLE] [HANDLE] [HANDLE] [HANDLE] [HANDLE] · if · the welcome mat for him.
TW10_3453,0,0,[HANDLE] [HANDLE] [HANDLE] [HANDLE] [HANDLE] i would rather · an · wadhwa.
TW10_3454,0,0,[HANDLE] [HANDLE] [HANDLE] [HANDLE] [HANDLE] a weasel. fell it. you're throwing nether ·.
TW10_3455,0,0,[HANDLE] [HANDLE] [HANDLE] [HANDLE] [HANDLE] well have his support merely lost mine.
TW10_3456,0,0,[HANDLE] [HANDLE] [HANDLE] [HANDLE] [HANDLE] · a sellout. still unacceptable ·.
TW10_3457,0,0,[HANDLE] [HANDLE] i saw. it was deleted.
TW10_3458,0,0,rt [HANDLE] · red my · · follow jerks or · block you · · from ·
TW10_3459,0,0,[HANDLE] [HANDLE] · the bot comes up · words that ·
TW10_3460,0,0,[HANDLE] [HANDLE] the first time it's ·. that was probably the · though.
TW10_3461,0,0,"difficult · call out · as being debatable, because gives · amp; not many · know about."
TW10_3462,0,0,"· · a "" · in tech ·. and she's stomping on everyone in her · · as · money"
TW10_3463,0,0,"buddying with · because · her book she's · ·, who targeted * so · * · in tech."
TW10_3464,0,0,"she wants attention. admitted she's "" sellout "" merely · good women are · write book."
TW10_3465,0,0,[HANDLE] yes.
TW10_3466,0,0,"rt [HANDLE] roses are red · are · murlocs are bad poets, mrrglgrgl happy · # hearthstone [URL]"
TW10_3467,0,0,[HANDLE] ·. they know.
TW10_3468,0,0,dehydrated vaginas - i · pears - for breakfast [URL]
TW10_3469,0,0,[HANDLE] i care that · medium piece throwing all of · nether the ·.
TW10_3470,0,0,tarah · · vlack threw a bunch of women under the bus she could · · for her women in tech ·
TW10_3471,0,0,friends weev an · · - nazi that · · · · · sierra out the ·.
TW10_3472,0,0,"she's trying to play "" can opinions merely · · doesn't she · she was selling out"
TW10_3473,0,0,"besides · · being angry with · was worse the death threats we were · because "" · to it ""."
TW10_3474,0,0,so i implore you to not support any of her projects already contributed towards book · out atrocious.
TW10_3475,0,0,[HANDLE] yes.
TW10_3476,0,0,[HANDLE] same ·
TW10_3477,0,0,[HANDLE] [URL]
TW10_3478,0,0,"rt [HANDLE]: aww, vivek made new friend [URL]"
TW10_3479,0,0,remember is the · [HANDLE] · · the women writing ·. tarah only cares about tarah
TW10_3480,0,0,"[HANDLE] oh, meant wu - publicly"
TW10_3481,0,0,unicorns [URL]
TW10_3482,0,0,[HANDLE] [URL]
TW10_3483,0,0,[HANDLE] [HANDLE] yea.: \ \
TW10_3484,0,0,[HANDLE] [HANDLE] ·. chill · of talk please. · illness on anyone cool
TW10_3485,0,0,[HANDLE].: try sockdreams? sure if they do international shipping.
TW10_3486,0,0,"[HANDLE] [HANDLE] yup, and i'm · out. · from either side is bad"
TW10_3487,0,0,[HANDLE] [HANDLE] [HANDLE] · v. 0.
TW10_3488,0,0,[HANDLE] it's · my stance; )
TW10_3489,0,0,[HANDLE] just gaming merely being decent humans
TW10_3490,0,0,[HANDLE] ·
TW10_3491,0,0,[HANDLE] there corruption for certain. but it's all in · gaming · journalists.
TW10_3492,0,0,"guess everybody · · to go the · ·, excessively. leo is ·. [URL]"
TW10_3493,0,0,there. [URL]
TW10_3494,0,0,[HANDLE] · who · with. she sounds an awful lot like based ·.
TW10_3495,0,0,[HANDLE] i think it's going to get worse
TW10_3496,0,0,[HANDLE] setting up · against prominent feminist voices in · valley end well for ·
TW10_3497,0,0,[HANDLE] i am so sorry that this situation.
TW10_3498,0,0,rt [HANDLE]: roses are red tulips · · gaters is a useless time sink. # ggautoblocker to the ·
TW10_3499,0,0,still · that poetry. cc [HANDLE]
TW10_3500,0,0,[HANDLE] i make the minimum ·. ^. ^
TW10_3501,0,0,"[HANDLE] merely you honestly think stuff · [URL] is ·, then the door is that · - ·"
TW10_3502,0,0,· nominate [HANDLE] for a shorty award in not - · [URL]
TW10_3503,0,0,what the shit [URL]
TW10_3504,0,0,happiest doggie ever [URL]
TW10_3505,0,0,"rt [HANDLE] hey [HANDLE], · · of being "" obsessed with race. "" [URL]"
TW10_3506,0,0,[HANDLE] that · pretty cheap.
TW10_3507,0,0,stop sending me anonymous valentines things pretty certain all from gamergate
TW10_3508,0,0,"ok. who · to · · shades of · in · · · the · of "" not a · · of bdsm """
TW10_3509,0,0,"like, thanks. i · · have known had not so many · twitter yelled me"
TW10_3510,0,0,"[HANDLE] regretful about the trolls. i've · that user blocked, merely they tend to · timeline. \ \"
TW10_3511,0,0,"[HANDLE] [HANDLE] [HANDLE] yupp. when a dude uses word ·, · he's · worth ·."
TW10_3512,0,0,[HANDLE] these · aren't reply ·. zero · what you are ·.
TW10_3513,0,0,still the best website on the · [URL] # stopwadhwa
TW10_3514,0,0,[HANDLE] [HANDLE] · · at at what you ·.
TW10_3515,0,0,[HANDLE] only leo.
TW10_3516,0,0,"[HANDLE] [HANDLE] have absolutely no · are going, dude. blocklist wasn't even · ·."
TW10_3517,0,0,"[HANDLE] [HANDLE] going nuts in my mentions, haven't · ·. wtf · · ·."
TW10_3518,0,0,[HANDLE] [HANDLE] i no idea what is?! a spam bot? what is your malfunction?
TW10_3519,0,0,[HANDLE] [HANDLE] · on · mention · truly · an idiot out
TW10_3520,0,0,"[HANDLE] [HANDLE] look dude, · to · you, but fuck off. you · harassed spam ·. leave alone"
TW10_3521,0,0,[HANDLE] [HANDLE] i blocked him. · ·. · · me conversation.
TW10_3522,0,0,[HANDLE] · p
TW10_3523,0,0,i have a sunburn.
TW10_3524,0,0,am tired of feels. do get go full robot?
TW10_3525,0,0,"[HANDLE] ·, ·. almost exclusively used women that · against ·."
TW10_3526,0,0,· go · robot.
TW10_3527,0,0,[HANDLE] when are you back out here? we should hang
TW10_3528,0,0,[HANDLE] that is good ·; · just a bad · to · against women in · · current · [URL]
TW10_3529,0,0,·. please don't sue me. i'm shaking in bright · ua sneakers. [URL]
TW10_3530,0,0,· the eff take notice of wadhwa and it is deliciouss # stopwadhwa 2015
TW10_3531,0,0,lol. [HANDLE] disappointed in the eff. disappointed.
TW10_3532,0,0,· · · i got sunburn in · february. california is evil.
TW10_3533,0,0,"excuse, the rave? was promised a dead mouse. [URL]"
TW10_3534,0,0,new dress! [URL]
TW10_3535,0,0,ignore the sunburn! ·
TW10_3536,0,0,[HANDLE] was sunny out today: · i · the dog park an ·
TW10_3537,0,0,[HANDLE] [HANDLE] [URL]
TW10_3538,0,0,"[HANDLE] ·, even notice that"
TW10_3539,0,0,is · · how much body · · · since the gaters started calling me fat. lt; 3
TW10_3540,0,0,[HANDLE] [HANDLE]
TW10_3541,0,0,[HANDLE] i not (
TW10_3542,0,0,[HANDLE] [URL]
TW10_3543,0,0,"[URL] nope. [HANDLE] and i talked about this last night. it · ·. nice try, though."
TW10_3544,0,0,[HANDLE] · we should ·. possibly i should say i dislike your game?
TW10_3545,0,0,[HANDLE] [URL]
TW10_3546,0,0,[HANDLE] i hate ur guts. do u hate · · so much
TW10_3547,0,0,curled my favorite ·. apartment is · merely cool · from · ·. · to the · ·. i love.
TW10_3548,0,0,"[HANDLE] [HANDLE] hehehe at this level """
TW10_3549,0,0,[HANDLE] [HANDLE] · i am end boss. ·
TW10_3550,0,0,[HANDLE] [URL]
TW10_3551,0,0,· · where · supposed get to the · 70 s. i need · sunscreen. so · that · out ·
TW10_3552,0,0,[HANDLE] regretful. didn't · · to joke about the weather. o
TW10_3553,0,0,"[HANDLE] lone · i heard · was · · watch · merely continue calling me out, ·."
TW10_3554,0,0,[HANDLE] disaster know about ·.
TW10_3555,0,0,i think i'm just going to play video games all day. ^. ^ it's a super stressful ·. i need a break.
TW10_3556,0,0,[HANDLE] [HANDLE] which she wholly · have · she not · to rant about · after i said i know.
TW10_3557,0,0,"[HANDLE] [HANDLE] alternatively, she · a block. because · to having people shitting all mentions. and that's a shame."
TW10_3558,0,0,"[HANDLE] [HANDLE] assumed i lying when i · i ·, and pathetic been · the past week."
TW10_3559,0,0,[HANDLE] [HANDLE] i don't · in · culture. i · vile. i'm regretful · · happened merely isn't ·
TW10_3560,0,0,[HANDLE] [HANDLE] now i · · coming into my mentions from her ·
TW10_3561,0,0,[HANDLE] excessively
TW10_3562,0,0,[HANDLE] [HANDLE] there. ·
TW10_3563,0,0,"[HANDLE] · up on ·, then · go poke at xbox )"
TW10_3564,0,0,[HANDLE] is made?
TW10_3565,0,0,[HANDLE] oh that's walking distance from ·. · · ·
TW10_3566,0,0,[HANDLE] open world stuff just confuses excessively much. · of a guided ·
TW10_3567,0,0,"· of ·, naga · be dying. ·."
TW10_3568,0,0,naga go
TW10_3569,0,0,[HANDLE] i understand · ·. like to heal. i have to have potions? can i sleep?
TW10_3570,0,0,[HANDLE] yes
TW10_3571,0,0,wishing my arena partner was on. & gt;. & gt; really want to get some pvp happening.
TW10_3572,0,0,naga standard or epic ·
TW10_3573,0,0,tell get one weird hexa things · talk to again.
TW10_3574,0,0,[HANDLE] i'm · · playing a derpy warr ·
TW10_3575,0,0,[HANDLE] at this · i'd · just wrecking faces in random bgs. done arenas in ·.
TW10_3576,0,0,[HANDLE] [HANDLE] i
TW10_3577,0,0,"[HANDLE] it! merely · · playing rogue, so both of · are sorta meh for."
TW10_3578,0,0,om nom nom nom [URL]
TW10_3579,0,0,[HANDLE] [HANDLE] [HANDLE] darksky & gt
TW10_3580,0,0,"[HANDLE] had the epic, merely i · kept it plugged in. be plugged in and be used at the same time"
TW10_3581,0,0,"[HANDLE] yeah, in bgs ) we've been playing this comp for ~ 3 years now"
TW10_3582,0,0,[HANDLE] my · mappings lone go 1 - anyhow. i can go either way
TW10_3583,0,0,[HANDLE] jesus that looks ugly
TW10_3584,0,0,[HANDLE] that is horrible.: i've lone heard on twitter now - shocked it · news here.
TW10_3585,0,0,[HANDLE] lone knew was · · twitter · me & amp · hanging out w / me · days flying home into it
TW10_3586,0,0,[HANDLE] but i have only watched morning · · past · knows what i · have missed
TW10_3587,0,0,[HANDLE] little jealous. i · ·.
TW10_3588,0,0,"[HANDLE] · what was · · in · in il. · be barbarous merely so, pretty."
TW10_3589,0,0,of the · read · today are · · for work. jeez. · the unemployment rate · to be ·
TW10_3590,0,0,"·, · to ashran noise please be · louder"
TW10_3591,0,0,[HANDLE] i truly didn't mean dig · in a atrocious · i thought it bit of · ·.
TW10_3592,0,0,[HANDLE] ·. i can't imagine.:
TW10_3593,0,0,[HANDLE] try isilon
TW10_3594,0,0,"[HANDLE] seattle, usually ·."
TW10_3595,0,0,[HANDLE] · yea i used to work of the isilon office
TW10_3596,0,0,all my · · are horribly named. [URL]
TW10_3597,0,0,have to · liking · because are sexist or debatable themes just be aware of amp; · for more options
TW10_3598,0,0,"[HANDLE] kidding would · to · more deep ·, particularly around women characters"
TW10_3599,0,0,"i'm still wrestling with wanting to get gta v, and · i ·."
TW10_3600,0,0,"rt [HANDLE]: so many actual errors [HANDLE] · · harassment by [HANDLE], a disservice to everyone [URL]"
TW10_3601,0,0,rt [HANDLE]: i regret talking [HANDLE] · i spent · to his emails with · · and ·. tr …
TW10_3602,0,0,[HANDLE] thank for not making · tweet longer ·
TW10_3603,0,0,[HANDLE] i · into that game. i don't · why.
TW10_3604,0,0,[HANDLE] [HANDLE] i was * · * · to darken skin colors.
TW10_3605,0,0,introduction to cherry mx switches: [URL]
TW10_3606,0,0,· · fable · · · one ·. worked for seconds. then steam started · · ·. wtf?
TW10_3607,0,0,[HANDLE] [HANDLE] yup! people should be · · they ·
TW10_3608,0,0,[HANDLE] i typo crazy with browns
TW10_3609,0,0,"certain if the problem is the controller the · the ·.,"
TW10_3610,0,0,[HANDLE] it worked · the first · playtime. then i had to · unplugging ·. · · another ·.
TW10_3611,0,0,[HANDLE] i'm weird - like cherry · reds
TW10_3612,0,0,ubisoft's attempts at pushing · is · ·
TW10_3613,0,0,uplay kindly fuck off into a ·
TW10_3614,0,0,all want to do is play might & · magic: heroes iv what · [URL]
TW10_3615,0,0,[HANDLE] want · a button and · a · · logged into steam or · i don't want · a 3 · party
TW10_3616,0,0,[HANDLE] [HANDLE] origin is a flaming piece of ·.
TW10_3617,0,0,· · · · i've · earlier. fuck youu uplay.
TW10_3618,0,0,"i'm against pirating ·. merely seriously, these · drm · me · buying then torrenting."
TW10_3619,0,0,dfujioladfshjiofdy 808 y ( @ # $ ho; [URL]
TW10_3620,0,0,uplay launcher crashes ·
TW10_3621,0,0,i hate video games
TW10_3622,0,0,[HANDLE] you ruin everything good fantastic in life?
TW10_3623,0,0,"fuck, play the sims 4. because origin never breaks right"
TW10_3624,0,0,is nba · 15 my steam library would · * · game
TW10_3625,0,0,[HANDLE] try that
TW10_3626,0,0,perfect way to spend a summer day. [URL]
TW10_3627,0,0,pre - · sjw chillfest evening of march ·. · me invite.
TW10_3628,0,0,i dislike weather 65 ·.
TW10_3629,0,0,[HANDLE] · getting period years of not having it and · i was dying. buying tampons confuses me excessively.
TW10_3630,0,0,[HANDLE] [EMAIL]
TW10_3631,0,0,· · released · says teens are not getting enough sleep - no kidding who · these people to say things that are obvious
TW10_3632,0,0,hobby: listening to · news and yelling back the tv
TW10_3633,0,0,· record high for ·. · · back winter.
TW10_3634,0,0,[HANDLE]
TW10_3635,0,0,[HANDLE] [URL]
TW10_3636,0,0,[HANDLE] i · having to be at the · · 6: 15 · far · i was exhausted all the time *
TW10_3637,0,0,"· · · used the phrase "" cyber hackers "". · for the clarification; i · meant ·."
TW10_3638,0,0,they said it again. i am ·.
TW10_3639,0,0,· saying cyber hackers [HANDLE] ·
TW10_3640,0,0,· the · of the ( non bay area country - it · · · make ·?
TW10_3641,0,0,[HANDLE] [HANDLE] [HANDLE] curious as ap style guide · that.
TW10_3642,0,0,· [HANDLE]: made a transcript of # c · talk! [URL] · · is excessively ·; to basically all of; …
TW10_3643,0,0,[HANDLE] i don't read breitbart;
TW10_3644,0,0,"not feeling great, so haven't on · · recently will catch up ·. ·"
TW10_3645,0,0,"[HANDLE] yes. although my funds · limited, · find · spare. & gt;. & gt"
TW10_3646,0,0,kindle has for 8 · collections out 5 · cloud · for 1 · still shitty ui.
TW10_3647,0,0,this · · like. horrible ·. proprietary · like azw that have significant lack · fields.
TW10_3648,0,0,"amazon has ·, · ·, overall good customer ·. merely · · has a hot · everlastingly"
TW10_3649,0,0,my review of kindle ·: a · meh'
TW10_3650,0,0,buttons are · · up · hit them in the · · started swiping to · back power button is ·
TW10_3651,0,0,[HANDLE] that would be amazing!. ^
TW10_3652,0,0,· - dimming · is ·. not sure about battery ·. · a bantam bit · merely not sure just wishing it was quicker.
TW10_3653,0,0,texture is different from paperwhite. more ·? · · · more. more concerned about · one. · ·.
TW10_3654,0,0,"[HANDLE] yeah, i've got about 1 · books."
TW10_3655,0,0,[HANDLE] supposedly battery life · auto - dimming display?
TW10_3656,0,0,· · is getting too big. have tech design · on · · · · amp books on paperwhite / ·
TW10_3657,0,0,"[HANDLE] yea, · · · times my hardwood floors · · more concerned about"
TW10_3658,0,0,"[HANDLE] yeah, i use calibre i · kindles"
TW10_3659,0,0,[HANDLE] i think · would be · ·. voyage has · delays sometimes with button responsiveness
TW10_3660,0,0,"[HANDLE] fire is still least finicky / · all, though years, it holds up well abuse"
TW10_3661,0,0,"[HANDLE] if i watching streaming ·, battery life ·. but reading books, · last quite while."
TW10_3662,0,0,gamergate is the · running game of telephone ·
TW10_3663,0,0,[HANDLE] [HANDLE] [HANDLE] [HANDLE] * · * ·
TW10_3664,0,0,i agree! it would · gamergate stopped finding amusement in harassing people [HANDLE]
TW10_3665,0,0,·: linux sucks. [HANDLE]
TW10_3666,0,0,"· content, actually. [HANDLE] [URL]"
TW10_3667,0,0,[HANDLE] news?
TW10_3668,0,0,· i · · that go way to try to destroy my life [HANDLE]
TW10_3669,0,0,rt / · / block is soothing
TW10_3670,0,0,[HANDLE] according to google makes · being fired.
TW10_3671,0,0,[HANDLE] rather entertained · his not getting threats as ·. ·. he's a dude. dudes get as many.
TW10_3672,0,0,· · for years. [HANDLE]
TW10_3673,0,0,[HANDLE]
TW10_3674,0,0,there a · · outside apartment?
TW10_3675,0,0,"[HANDLE] [HANDLE] [HANDLE] [HANDLE] · mind, volume it's · + vitriol. · towards women."
TW10_3676,0,0,sleepytime peach tea lavender infused · you · me.
TW10_3677,0,0,[HANDLE] from farmers market got · · with different ·
TW10_3678,0,0,"· i am the "" anti thesis of · · "". oh, ·. [URL]"
TW10_3679,0,0,[HANDLE] it's a rough life.
TW10_3680,0,0,""" well behaved women seldom make ·. "" - · thatcher ·"
TW10_3681,0,0,rt [HANDLE] uh. ·. [URL]
TW10_3682,0,0,am offended by the ·. [HANDLE]
TW10_3683,0,0,[HANDLE] i suspect many a strong understanding · vs · ·. that's reasonably common of most americans.
TW10_3684,0,0,[HANDLE] [HANDLE] met plenty of · educated by private schools who still fail at · ·
TW10_3685,0,0,[HANDLE] [HANDLE] one best things · · their understanding · spend · studying latin. )
TW10_3686,0,0,· asked · to me · thing. they * · the · with him · now don't · · me anymore. weird.
TW10_3687,0,0,"really, really curious see what happens with this."
TW10_3688,0,0,it · be ·. but the hilarity the · not lost.
TW10_3689,0,0,[HANDLE] · merely · yes.
TW10_3690,0,0,[HANDLE] ·;
TW10_3691,0,0,"[HANDLE] cross fingers · how he talks on ·, i ·."
TW10_3692,0,0,[HANDLE] [HANDLE] [HANDLE] [HANDLE] [HANDLE] · on i some runway to get my npo off ·.
TW10_3693,0,0,[HANDLE] [HANDLE] ·. ·. tried tell all companies should be · ·. all tech companies even.
TW10_3694,0,0,"[HANDLE] sexts are orange. because they are ·, get: p"
TW10_3695,0,0,"[HANDLE] given the · the power button, · follow this advice."
TW10_3696,0,0,· way or another truly is a creepy song.
TW10_3697,0,0,[HANDLE] · help.: )
TW10_3698,0,0,"[HANDLE] [HANDLE] ·. i · · the police, this is incorrect. pds · · the sort."
TW10_3699,0,0,staahp. ( · pile mentions. just reminding you · is wrong. [URL]
TW10_3700,0,0,the · is no ·. there is no training. but all the pds i've talked to * · this · do · · advice.
TW10_3701,0,0,without appropriate · for · will · be no · except for personal beliefs of the officer
TW10_3702,0,0,"· that the current answer from the police is · "" turn off the ·, should · one."
TW10_3703,0,0,[HANDLE] ·. · · of my tweets earlier try lecturing me
TW10_3704,0,0,not sure why a selfie stick would ·. guess · is better with ·? [URL]
TW10_3705,0,0,this kaiser · has a · saying shoplifters ·. know being poor & ·; · · · wow.
TW10_3706,0,0,sending someone to jail for · tylenol pretty pathetic
TW10_3707,0,0,when did the facebook ios · start making noises
TW10_3708,0,0,[HANDLE] [HANDLE] that is · the ·.
TW10_3709,0,0,· [HANDLE] uh the · one · websites. · that make rape legal [URL]
TW10_3710,0,0,[HANDLE] let be start of a · trend. · random boobpillow.
TW10_3711,0,0,[HANDLE] are those any good?
TW10_3712,0,0,i need dumbbells w / · · up to ·. suggestions find · area cheap?
TW10_3713,0,0,is a dude here · baby · to his chest his beard is so long it appears the baby is marge simpson ·
TW10_3714,0,0,"[HANDLE] yea seen them cheapish on ·, merely · spendy the clips ·"
TW10_3715,0,0,[HANDLE] no (
TW10_3716,0,0,·. why do they not make grownups? [URL]
TW10_3717,0,0,"if lone worked that way, · if lone [URL] [URL]"
TW10_3718,0,0,[HANDLE] · · controlled substances are · ·. all i see is stuff · ·. it's small pharmacy.
TW10_3719,0,0,[HANDLE] shaving has · to do · ·
TW10_3720,0,0,· [HANDLE] · with · · to sexist questions [URL] · [HANDLE] [URL]
TW10_3721,0,0,[HANDLE] okay you don't · · this pharmacy looks like merely · your opinion.
TW10_3722,0,0,[HANDLE] you realize how dumb you · · wall anything on · · pepto ·
TW10_3723,0,0,[HANDLE] merely · for the uninformed rant. · · of those every day
TW10_3724,0,0,[HANDLE] siigh
TW10_3725,0,0,[HANDLE] · you an idiot. a misogynist.
TW10_3726,0,0,vivek is very · · # stopwadhwa [URL]
TW10_3727,0,0,[HANDLE] your face is a pain
TW10_3728,0,0,"· [HANDLE] "" [HANDLE] · report [URL] · [HANDLE] api and privacy hack [HANDLE] [HANDLE] [HANDLE]"
TW10_3729,0,0,new clicky [URL]
TW10_3730,0,0,[HANDLE] yup!: just · it.
TW10_3731,0,0,[HANDLE] yup!
TW10_3732,0,0,[HANDLE] mechanical
TW10_3733,0,0,[HANDLE] i can program it to do · · · [URL]
TW10_3734,0,0,[HANDLE] a gamer.; )
TW10_3735,0,0,[HANDLE] blackwindow chroma
TW10_3736,0,0,[HANDLE] not quite as · feeling previous keyboard. · noise merely it'll be debatable ·.
TW10_3737,0,0,[HANDLE] razer blackwindow chroma
TW10_3738,0,0,[HANDLE] · can't stand split · doesn't · · with mmos
TW10_3739,0,0,[HANDLE] i hate numpads.
TW10_3740,0,0,[HANDLE] · k. not the ·.
TW10_3741,0,0,· i need to get married again · so i don't · health · in month. an · pickup line ·.
TW10_3742,0,0,[HANDLE] see facebook
TW10_3743,0,0,"[HANDLE] well, damn. marking you off my potential partner' list."
TW10_3744,0,0,[HANDLE] not certain if can still see a kaiser doctor that
TW10_3745,0,0,[HANDLE] cobra like [MONEY] · · seen it · i am only concerned about prescription that [MONEY] month · / o ·.
TW10_3746,0,0,[HANDLE] ·.
TW10_3747,0,0,"[HANDLE] · know kaiser will take insurance that kaiser, · exceptionally ·. \"
TW10_3748,0,0,[HANDLE] [HANDLE] uh oxford comma the * best * comma
TW10_3749,0,0,[HANDLE] my current insurance is kaiser. have doctor have to continue see. insurance ends in a month ( layoffs ).
TW10_3750,0,0,[HANDLE] that's absurd.
TW10_3751,0,0,"· [HANDLE]: · · · zine, or, why i am · · this zine: [URL]"
TW10_3752,0,0,[HANDLE] [HANDLE] oh my gosh. this is amazing.
TW10_3753,0,0,normally i hate the bs software comes · · merely · has · to · the · monitor ·
TW10_3754,0,0,"good job, [HANDLE] you finally created keyboard software · useful. would ·."
TW10_3755,0,0,[HANDLE] it's · · later.: )
TW10_3756,0,0,old dude · · when lived in paris he saw many · colorful ·. · paris's · export is sjws.
TW10_3757,0,0,[HANDLE] [HANDLE] ladytinder is nicer. lots more · excessively classy emoji
TW10_3758,0,0,· [HANDLE] the coolest women internet marketing or general · · · · more?
TW10_3759,0,0,[HANDLE] [HANDLE] meanwhile i'm [URL]
TW10_3760,0,0,rt [HANDLE]: dear · · ·: we can relate. # snow # · # snowallthetime # nyc [URL]
TW10_3761,0,0,· [HANDLE] not just about · · [HANDLE] explains why this makes lenovo users laughably vulnerable http …
TW10_3762,0,0,"i would · · eyebrow at the · that were like "" whaat "" i talked about much i hated lenovo laptops earlier."
TW10_3763,0,0,"rt [HANDLE]: what lenovo / superfish have · is wrong. they have · norms ·, to · · · …"
TW10_3764,0,0,had a · · a 90 + mph motorcycle accident · my ·
TW10_3765,0,0,"· security concerns, lenovo is shit. one · a cage · a · · my ·. dropped lenovo ', had ·."
TW10_3766,0,0,[HANDLE] i · the bike down intentionally vs worse ·. · merely ·
TW10_3767,0,0,explain this. [URL]
TW10_3768,0,0,[HANDLE] why i buying this ·
TW10_3769,0,0,i'm truly enjoying how one the · · a · ·. besides cupcake flavored. · · there be cupcake pic.
TW10_3770,0,0,· there is · · made of this duck tape
TW10_3771,0,0,can't even [URL]
TW10_3772,0,0,· the · of · for pocky on amazon. · at wasabi and apple flavored kit ·. what. time to · to ·.
TW10_3773,0,0,"seriously, · we · · [URL]"
TW10_3774,0,0,[HANDLE] · sells them.
TW10_3775,0,0,[HANDLE] [HANDLE] omg i · some ·
TW10_3776,0,0,[HANDLE] am jealous.
TW10_3777,0,0,rmaed my ·. shoddy power ·. · a refund and · up another · · he. · anyhow.
TW10_3778,0,0,· my mom says such stupid shit that to · myself that protected from · about · atrocious stuff
TW10_3779,0,0,make it any less hurtful. · me · any less. but she need know about all of it. she handle it.
TW10_3780,0,0,rather sucks.
TW10_3781,0,0,"[HANDLE] a monoprice mechanical · that · nice, merely lighting · nice · - until it · excessively."
TW10_3782,0,0,"oh, · is · ·. well, i · · care of that. and · ·, thanks concern. ) [HANDLE]"
TW10_3783,0,0,rt [HANDLE]: [HANDLE] this retort was one · and · days · days this was burning him up ·. [URL]
TW10_3784,0,0,roguestar is · ppl that i surprised to · on the news for shooting up a · merely · · · quiet ·
TW10_3785,0,0,· is kind of chilling and excessively · · that threatened to doxx us if we · him a · amount every month?
TW10_3786,0,0,·. reported his account · evading. if it · done see about · escalating.
TW10_3787,0,0,cannot · · this. i blame [HANDLE]. [URL]
TW10_3788,0,0,[HANDLE] [HANDLE] slightly nether 5 k · members
TW10_3789,0,0,dc is terrible. · everlastingly. [URL]
TW10_3790,0,0,even cracked understands · · than ·. [URL] ( · [HANDLE] )
TW10_3791,0,0,yess [URL]
TW10_3792,0,0,· [URL] [HANDLE] you get me. [URL]
TW10_3793,0,0,to admit · · [HANDLE] eerily similar to standard way of telling idiots to fuck
TW10_3794,0,0,i think · · is why · your tweets with · realize your · right yea [HANDLE]
TW10_3795,0,0,[HANDLE] both are still marvel.;
TW10_3796,0,0,"[HANDLE] you · is people jumping you have · · to criticize me about ·, ever."
TW10_3797,0,0,"[HANDLE] plz go set yourself on fire, egg.:"
TW10_3798,0,0,this person thinks that ~ · tweeting being a sealioning ass is worst · in world
TW10_3799,0,0,[HANDLE] [HANDLE] been dreading the · that · · · twitter · · send their angry letters.
TW10_3800,0,0,[HANDLE] [HANDLE] · is basically the angry letters our generation.
TW10_3801,0,0,[HANDLE] ·
TW10_3802,0,0,"· jump into mob to harass someone they · call an individual that mob, not the ·."
TW10_3803,0,0,[HANDLE] can't i · you?
TW10_3804,0,0,funniest joke. [HANDLE] [HANDLE] [HANDLE]
TW10_3805,0,0,"if looking for monitor ·, · is · cheap and works · [URL]"
TW10_3806,0,0,"i change the tilt of 27 · much, i to · the bolt of the arm, merely easy · to "" ·"
TW10_3807,0,0,[HANDLE] worked weeird i · 3 ·
TW10_3808,0,0,"[HANDLE] yeah, · something that · · to my desk · · and · · sometimes )"
TW10_3809,0,0,[HANDLE] same one i linked p
TW10_3810,0,0,"[HANDLE] haha, · ·. not certain 6 arm version is as good i've lone tested the single ·"
TW10_3811,0,0,rt [HANDLE] the # bsdcan committee discussing · fast & · ferocious · we'll · · good stuff this ·
TW10_3812,0,0,· [HANDLE] # bsdcan · proposals from women. all ·. · · difficult · kernel buttock.
TW10_3813,0,0,[HANDLE] huh. the monitor arm gave you problems
TW10_3814,0,0,[HANDLE] holy ·. · 2 ·. just ordered a ·. · · so far.
TW10_3815,0,0,"[HANDLE] how large / heavy i've got a "" ·, 27 · 2 · · on way."
TW10_3816,0,0,it is great to · that more women getting involved with # freebsd. · antic · been ·.
TW10_3817,0,0,[HANDLE] not bad · ordered new asus yesterday.: ·
TW10_3818,0,0,"[HANDLE] was lone · afford it because to · another monitor. sadly, · toys are of ·."
TW10_3819,0,0,i · project merely · needs · the · and harassment that many female foss devs ·.
TW10_3820,0,0,[HANDLE] ·
TW10_3821,0,0,"[HANDLE] it's going to be an npo, so never get rich off of it.: p the goal is just to make enough to live comfortably."
TW10_3822,0,0,[HANDLE] oh · suspect it's i type truly fast new keyboard and p
TW10_3823,0,0,[HANDLE] besides · · docked next to computer. it · a · ·. i use web interface on my · to ·.
TW10_3824,0,0,[HANDLE] · · to a good · · other atlassian products. everything · it's less shit
TW10_3825,0,0,[HANDLE] · earlier about how i bleed twitter json i · · · api return · · at point
TW10_3826,0,0,"[HANDLE] i was · to without a ·.: p but i have · · arms "" monitor is · lighter dumbbells i use.: p"
TW10_3827,0,0,"[HANDLE] their defense, · of jubilee · as asian."
TW10_3828,0,0,[HANDLE] this even caused some · ·
TW10_3829,0,0,"kind of love · "" go potty "" makes leo poop command."
TW10_3830,0,0,"· [HANDLE] a woman and · ·, you · · will · as hired for · other"
TW10_3831,0,0,"rt [HANDLE] · recruiters ·, actually telling they · improve diversity · ·"
TW10_3832,0,0,"· [HANDLE]: and you ·, because you · be the · hire you · hired · ·."
TW10_3833,0,0,· [HANDLE]: it · i didn't deserve my job that ·. it attacks the · not the problem
TW10_3834,0,0,"·, windows people. there any · app ( other puppet that · me to define · install on · ·"
TW10_3835,0,0,who is · [URL]
TW10_3836,0,0,[HANDLE] hopefully didn't spam excessively · ·. curiously · · pointed tweets out. very well said.
TW10_3837,0,0,· got to refer · in my · · as being · · for a lady - · · · ·
TW10_3838,0,0,that's first.
TW10_3839,0,0,[HANDLE] not truly don't like freebsd as ·
TW10_3840,0,0,[HANDLE] merely might ask [HANDLE] i'm pretty sure does.
TW10_3841,0,0,that's one truly large ·. [URL]
TW10_3842,0,0,· ·. [HANDLE] posted a followup # stopwadhwa 2015 [URL]
TW10_3843,0,0,hee hee hee
TW10_3844,0,0,am listening to this · it ·
TW10_3845,0,0,lolol the · · ·
TW10_3846,0,0,oh god.
TW10_3847,0,0,""" on ·, you don't know you are · "" - ·, this woman · dev. oh ·."
TW10_3848,0,0,""" · you now · are attacking me on twitter "" uh ·, ·, we hated what you doing earlier · · ·"
TW10_3849,0,0,""" women on social ·. are women like · · - because women on · · ·."
TW10_3850,0,0,"· to these · · ·. these · these feminists. they relate to. ·. """
TW10_3851,0,0,of these quotes are [HANDLE] [HANDLE]
TW10_3852,0,0,"sorry humble, dick."
TW10_3853,0,0,[HANDLE] [HANDLE] · to the · episode it's explained
TW10_3854,0,0,""" · really disappointed in you "" - can disappointed · ·"
TW10_3855,0,0,""" i · · honestly "" wait, · · said all the proceeds · · · he · · for ·"
TW10_3856,0,0,""" · · listen just · oh. · to the male authority ·"
TW10_3857,0,0,"· - "" mr wadhwa, would · to broadcast · interview ·. "" · · from wadhwa."
TW10_3858,0,0,""" ally social · is a · ·. my slang not ·. "" oh · allegations of racism. ·."
TW10_3859,0,0,[HANDLE] center through.
TW10_3860,0,0,wadhwa is now blaming npr · health.
TW10_3861,0,0,[ women ] understand journalism works. that have · women platform.
TW10_3862,0,0,""" i · that some women are · at me, but they [. ] · how journalism works. "" uh, hi. i'm ·, excessively."
TW10_3863,0,0,and · tech · · of how the press works merely · for the clear examples of ·
TW10_3864,0,0,. [HANDLE] keeps claiming he's profiting. · dude. we both know the speaker · ·. about rep. you profit indirectly.
TW10_3865,0,0,[HANDLE] convinced that all just misinformed the same guy that even · a twitter · a female dev criticizing him
TW10_3866,0,0,"btw [HANDLE] pretty certain · with more press than recently., want tips how · works i'm · help"
TW10_3867,0,0,dealing with journalists 101: · · · understand the implications. [HANDLE]
TW10_3868,0,0,"· with journalists 102 interviews · forth, not a ·. even interviewer a woman. / [HANDLE]"
TW10_3869,0,0,· · 103 threaten appeal to · authority the woman isn't properly deferent you. / [HANDLE]
TW10_3870,0,0,dealing journalists 104: assume everything · ·; you · · full prevent further bogus allegations / [HANDLE]
TW10_3871,0,0,"rt [HANDLE] [HANDLE] [HANDLE] "" merely have you · a · engineer? "" asks:, · improbable:"
TW10_3872,0,0,[HANDLE] [URL]: )
TW10_3873,0,0,"he's · that podcast was edited. ·, ·. probs for ·. you · this trainwreck. [URL]"
TW10_3874,0,0,[HANDLE] um did you keep from laughing · up in awe
TW10_3875,0,0,"i took from all this is [HANDLE] · · · just assumes if · w /, are ·."
TW10_3876,0,0,· [HANDLE]:. [HANDLE] issue me ethics journalism a · · station slanders and then
TW10_3877,0,0,"ethics in · ·. jourrnalism no · friends with that walking burrito ·, ·"
TW10_3878,0,0,[HANDLE] i was pretty proud
TW10_3879,0,0,are · · · that humble kindly go set yourself on fire.
TW10_3880,0,0,"i can't · over how wadhwa · that woman was · on twitter, "" anybody """
TW10_3881,0,0,a · · in tech had to · so absolutely their work · to taken · he's denying their ·.
TW10_3882,0,0,"for many us, · · we are we've had · difficult to · where we."
TW10_3883,0,0,but wadhwa just writes · on · · as uninformed or even real because don't agree with
TW10_3884,0,0,"yesterday, wadhwa showed us all * profoundly * sexist he is it's for anyone to hear in own words · the · spreads"
TW10_3885,0,0,[HANDLE] [HANDLE] ·
TW10_3886,0,0,[HANDLE] · last night
TW10_3887,0,0,take a · · · that is wrong with paragraph by wadhwa? [URL]
TW10_3888,0,0,""" people · public figure, but · twitter verified me · all these nasty plebs think they equal ground to me. """
TW10_3889,0,0,"it's · · being ·, merely then in following ·, being upset that people can disagree with must just be personal ·"
TW10_3890,0,0,"oh. goes [HANDLE] using position to · [HANDLE] · · ·. · on fire you sexist scumbag, thx"
TW10_3891,0,0,"believe he that again. · hey dudes?. · ·, · do this to a guy? then · ·."
TW10_3892,0,0,· for · · · the many bullshit things dudes to · · particularly · in ·.
TW10_3893,0,0,"because if we · computers, we certain as hell · have · dated or fucked anyone, ·."
TW10_3894,0,0,· · · when · · · obtained · my sex life on the full · · · · i too uppity?
TW10_3895,0,0,"10 · ·, merely a more · version the shit wadhwa is"
TW10_3896,0,0,[HANDLE] lone the existence of a sexual history
TW10_3897,0,0,[HANDLE] just did.
TW10_3898,0,0,"[HANDLE] · porn. just emails between my boyfriend and, · medical information."
TW10_3899,0,0,[HANDLE] [URL]
TW10_3900,0,0,[HANDLE] [HANDLE] loll
TW10_3901,0,0,[HANDLE] · on fire is personal shorthand for · go · yourself because · nd was a rape threat
TW10_3902,0,0,[HANDLE] kathy sierra that's what · · about.
TW10_3903,0,0,harlan city · · ·. p. b. for · · [URL]
TW10_3904,0,0,[HANDLE] that was pretty · thought.
TW10_3905,0,0,[HANDLE] · )
TW10_3906,0,0,rt [HANDLE]: vivek [HANDLE] · a fresh perspective on diversity following [HANDLE] lecture: [URL]
TW10_3907,0,0,[HANDLE] [HANDLE] [HANDLE] no thank.
TW10_3908,0,0,· to take · if he starts · how · in uppity women? [HANDLE] [HANDLE] [HANDLE]
TW10_3909,0,0,wow. [HANDLE]
TW10_3910,0,0,"well, then [URL]"
TW10_3911,0,0,maybe reading this document wrong. [URL] [URL]
TW10_3912,0,0,there's besides claims made about a fever. · into heart attack in later tellings the ·
TW10_3913,0,0,this the · su · wadhwa · them this lawsuit happened · * earlier su.
TW10_3914,0,0,· that wadhwa person · · needs ·. wadhwa & · 3 homeopathy. [URL]
TW10_3915,0,0,there's · · · · on wadhwa's · ·. excessively · didn't · it to the main article.
TW10_3916,0,0,·. · because · being allowed into · · clearly sexism is · because you're pissed. [HANDLE]
TW10_3917,0,0,earlier you · you're * not * huffy not much other · tweeting at women about feminism. [HANDLE]
TW10_3918,0,0,throwback to when vivek offered to · me about · to shut me [URL]
TW10_3919,0,0,· [HANDLE] · wikipedia page under attack again ·?
TW10_3920,0,0,· i know that ·.
TW10_3921,0,0,[HANDLE] a gamer and a woman. oh ·.
TW10_3922,0,0,"[HANDLE] [HANDLE] · ·, i know the editor woman, ·, tech it's all actual ·"
TW10_3923,0,0,about · · that takes cabs · · they · really bad about it
TW10_3924,0,0,[HANDLE] · · downvotes · ·. merely [HANDLE] knows this. · friends with nero.
TW10_3925,0,0,rt [HANDLE] presented without · · [HANDLE] [URL]
TW10_3926,0,0,"·, no, hosted wordpress i do not want · my ·"
TW10_3927,0,0,mrn. [URL]
TW10_3928,0,0,# ff [HANDLE] [HANDLE] [HANDLE] [HANDLE] [HANDLE] [HANDLE] [HANDLE] · · because rad. )
TW10_3929,0,0,"[HANDLE] oo, i'll to look for that"
TW10_3930,0,0,· [HANDLE]: get awards being reasonable.
TW10_3931,0,0,[HANDLE] [HANDLE]. singularity university.
TW10_3932,0,0,· up old screenshots ·. found [URL] - i · these ·. stacks. · ·.
TW10_3933,0,0,that time when · · a · [URL] to remove healers · 2 arenas [URL]
TW10_3934,0,0,[HANDLE] yes and · ^.
TW10_3935,0,0,[HANDLE] · addons anymore.:
TW10_3936,0,0,[HANDLE] they · ·. wasabi? · ·?
TW10_3937,0,0,[HANDLE] i no · what red · · · · it · · beans not really down with beans.
TW10_3938,0,0,[HANDLE] · i might have to try this some ·.
TW10_3939,0,0,"[HANDLE] ·. possibly you · know. hey, · of · doing magnetic implants · in bay ·"
TW10_3940,0,0,[HANDLE] [HANDLE] [HANDLE] [HANDLE] now obsessed.
TW10_3941,0,0,"[HANDLE] [HANDLE] apparently it · it easier to find · so, ·"
TW10_3942,0,0,[HANDLE] i don't use · anymore: p
TW10_3943,0,0,[HANDLE] [HANDLE]. i · own bangs the ·. that's · willing to · comes to doing ·.
TW10_3944,0,0,[HANDLE] remember when. [URL]
TW10_3945,0,0,· [HANDLE]: i suspect the · · of selected talks * not * be · today. the · committee discussing some importa …
TW10_3946,0,0,· [HANDLE] · · · ·. that takes sponsors that blackmail tape of ceo time ·. [URL]
TW10_3947,0,0,# bsdcan always my · ·. · highly · ·. please sponsor. ^ [URL]
TW10_3948,0,0,not biased or ·. · · screen · and · · affiliations p # bsdcan
TW10_3949,0,0,· [HANDLE]: · has · great · · · rejecting more than ·
TW10_3950,0,0,"i've submitted a similar talk for oscon, · careless. if anyone the · · a venue for it, · talk."
TW10_3951,0,0,give it at other · · merely a nominal · fee cover my time / · / lodging.
TW10_3952,0,0,"[HANDLE] [HANDLE] certain if it · be a · · about harassment, creating · tools, · in · · communities"
TW10_3953,0,0,[HANDLE] [HANDLE] possibly. but travel lodging · have to be covered.
TW10_3954,0,0,[HANDLE] [HANDLE] would · · · you'd · me · on. most expertise · - · · · ·.
TW10_3955,0,0,announcement - site maintenance [URL]
TW10_3956,0,0,ignore those ·. site maintenance ·. it autonotifying. · garbage · off.
TW10_3957,0,0,[HANDLE] · · desktop.
TW10_3958,0,0,i * · * i · · [URL] can · play around and · you can find anything that's ·
TW10_3959,0,0,"[HANDLE] it removed refresh, i think:"
TW10_3960,0,0,[HANDLE] i didn't · · · option!
TW10_3961,0,0,got redirects set up so · · / · · · urls · fine
TW10_3962,0,0,"[HANDLE] eh, it bother"
TW10_3963,0,0,"· [HANDLE] · area # syd where have · my · · is be ·, · · will say ·"
TW10_3964,0,0,rt [HANDLE]: have told writing down is '
TW10_3965,0,0,· [HANDLE]: they have summoned the ' soc'
TW10_3966,0,0,rt [HANDLE] i've been told my screwdriver bits are · and the handle is allowed merely ·
TW10_3967,0,0,rt [HANDLE] been · that · ' · can ·
TW10_3968,0,0,"rt [HANDLE] "" refusing to deal this passenger "" · # ·"
TW10_3969,0,0,[HANDLE] [HANDLE] [HANDLE] [HANDLE] nope. didn't have you blocked. merely · for letting know i should.:
TW10_3970,0,0,no clue who [HANDLE] merely just · her followers on me. · mention spam.
TW10_3971,0,0,too busy · video · to · with it. blocked a bunch · ·. ·; 3
TW10_3972,0,0,[HANDLE] ·. manually block her.
TW10_3973,0,0,[HANDLE] [HANDLE] and then i got a · mentions i don't think understand how the · to · id · · ·
TW10_3974,0,0,"[HANDLE] [HANDLE] mention 1 ·, it wouldn't have ·, but a · · but when you, ·"
TW10_3975,0,0,"[HANDLE] [HANDLE] · reply, and mentions get inundated. ·"
TW10_3976,0,0,[HANDLE] [HANDLE] end result is
TW10_3977,0,0,[HANDLE] [HANDLE] when you have that · followers you know precisely what ·
TW10_3978,0,0,·. why do people think · a username got them blocked is a · violation?
TW10_3979,0,0,"i keep seeing people saying this and ·. feel · to · the · tos i'm ·, ·."
TW10_3980,0,0,· up my dk. just · 100 with ·. ^
TW10_3981,0,0,"if · touch of karma up on · else and i keep attacking, i · the · blow · my · dies?; d"
TW10_3982,0,0,[HANDLE] [HANDLE] clearly doesn't understand the difference censorship and people just not · ·.
TW10_3983,0,0,·. · · me ·? ·.
TW10_3984,0,0,can asphyxiate a disengage ·
TW10_3985,0,0,[HANDLE] world of warcraft · things.
TW10_3986,0,0,"[HANDLE] yeah, someone · screenshot meh. · no · she even is."
TW10_3987,0,0,blocking people is the twitter · · · contact · the people · out conspiracy theorist · civic · bart
TW10_3988,0,0,·. [URL]
TW10_3989,0,0,· [URL]
TW10_3990,0,0,now i · find the · stand in fire
TW10_3991,0,0,[HANDLE] ·.
TW10_3992,0,0,[HANDLE] frost for now still · to ·. for bgs seems · ·
TW10_3993,0,0,"[HANDLE] what are your · on attaching a comic as a · ·, · source · / author?"
TW10_3994,0,0,"oh, look. threats. no truly don't ·. [HANDLE] [HANDLE]"
TW10_3995,0,0,"· that chick from · night is · · me ·, ·."
TW10_3996,0,0,she must not · · · is · what celebrated
TW10_3997,0,0,"[HANDLE] [HANDLE] [HANDLE] [HANDLE] she's the ·, i run blockbot. blocking manually for now.:"
TW10_3998,0,0,"[HANDLE] don't · bickering, merely feels like kicking puppies anti - · ·"
TW10_3999,0,0,i used to have pet bunnies.: ) i named them posix and ansi.
TW10_4000,0,0,"[HANDLE] ·, largely ·. if it gets to excessive i'll just code a way about it."
TW10_4001,0,0,"[HANDLE] yea, but if live your life by what makes · · or · ), they've won anyways"
TW10_4002,0,0,[HANDLE] [HANDLE] truly i blocked her · that likes to sick nutballs on ·
TW10_4003,0,0,"· coffee, pulling follower list, running analytics against of to · a troll score."
TW10_4004,0,0,"user ·, it · · ·, · i'm scared of no army · · for"
TW10_4005,0,0,[HANDLE] a number of variables.: ) only run it against a small subset of accounts. fairly intensive. still in beta.
TW10_4006,0,0,"[HANDLE] · vs · ratio, acct ·, profile ·, entities · ·, · ), users mentioned, · vs · %"
TW10_4007,0,0,[HANDLE] users · along with their troll score plays a · users you · · are sea lioning
TW10_4008,0,0,[HANDLE] see this ·. · [URL]
TW10_4009,0,0,not · · what score then just · a contest for gamergate to try to '
TW10_4010,0,0,see [URL] thread · on is quantified.
TW10_4011,0,0,[HANDLE] · · not actively using it that much is because · of each · · being ·
TW10_4012,0,0,"[HANDLE] i've got the code to interpret & ·; ·, merely the · · to take · of ·"
TW10_4013,0,0,"[HANDLE] this basically going to be like antispam, but for tweets p"
TW10_4014,0,0,"[HANDLE] eggs and other ·, which will unfortunately be the lone part · open sourced."
TW10_4015,0,0,[HANDLE] ruby. p · a good module for · api. forced me get · ruby [HANDLE] does good stuff.
TW10_4016,0,0,"[HANDLE] "" · not dog piling, merely you ·, you be scared of us bunnies "" - ·"
TW10_4017,0,0,[HANDLE] [HANDLE] why there · factors. · matching or 2 variables is ·
TW10_4018,0,0,[HANDLE] love · merely i · · shift towards ·. gem is nice. · are horrid. need · about classes.
TW10_4019,0,0,"[HANDLE] ruby seems · it would have lot of · that don't * have · i · · in it, merely · ·."
TW10_4020,0,0,· · omg i · asked if obama made ·
TW10_4021,0,0,i don't · because i · else that · blocked. merely i'm am loling so difficult right.
TW10_4022,0,0,[HANDLE] how is this a thing
TW10_4023,0,0,[HANDLE] · to know the · behind image
TW10_4024,0,0,the · me · thing · truly bug these right wing nutjobs that dislike me so ·.
TW10_4025,0,0,[HANDLE] [HANDLE] [HANDLE] is he · new · · ·
TW10_4026,0,0,[HANDLE] ·. · i truly · to · way. getting more difficult find sane repubs.
TW10_4027,0,0,[HANDLE] people · really warped view what · even · recently party lines · ·. \
TW10_4028,0,0,[HANDLE] hoping it's fleeting trend i've not been able to vote repub in a while.
TW10_4029,0,0,[HANDLE] pro death penalty anti · of · · · · · market better. merely.
TW10_4030,0,0,[HANDLE] my · · · by · tax bracket · · the · of flat tax doesn't work well pov lvl
TW10_4031,0,0,[HANDLE] haven't run it against you
TW10_4032,0,0,[HANDLE] [HANDLE] good · there · pro - choice / · gay marriage repubs. difficult ·.
TW10_4033,0,0,[HANDLE] [HANDLE] most seem to · god literally · i'm. not affectionate of
TW10_4034,0,0,"[HANDLE] lol · to · at a new social group and write a blocklist, i guess."
TW10_4035,0,0,[HANDLE] only open because asked.: ) but no difficult feelings. good luck.
TW10_4036,0,0,* snort *
TW10_4037,0,0,[HANDLE] checking.:
TW10_4038,0,0,"if my · · wholly · off the ·, i've got · of writing blog · to schedule. some · wins."
TW10_4039,0,0,[HANDLE] i no · what my rotation. honestly i'm hitting buttons and topping damage meters · with a fresh
TW10_4040,0,0,"· ·, the · ·. · ·. any will a damsel in distress · ·. plz stop. such hapless victim."
TW10_4041,0,0,· · · · of me i · · ago. care so much · · my appearance. what live for.
TW10_4042,0,0,"·, darling ·. you · · at my appearance won't · working · tools so · can shut you down. lt; 3"
TW10_4043,0,0,merely guess not truly certain · when a woman has · · others · · such a · so perplexing.: \
TW10_4044,0,0,"most got · tweeting insults, don't truly have weapon"
TW10_4045,0,0,"[HANDLE] ·, yea i spam the · ·"
TW10_4046,0,0,[HANDLE] · of these are supposedly women. jealousy isn't a · ·.
TW10_4047,0,0,"· we remember what happened · · i was fake - report bombed, right? 15 · to ·. [HANDLE]"
TW10_4048,0,0,[HANDLE] i · puppy named ·.
TW10_4049,0,0,"isn't it supposed to be "" keep · "" p ( via [URL] [URL]"
TW10_4050,0,0,"· of · · since november, so i think this bears reshare. story [URL] [URL]"
TW10_4051,0,0,[HANDLE] ·
TW10_4052,0,0,[HANDLE] [HANDLE] · much work kind · it's a learning experience: ·
TW10_4053,0,0,i've posted a contact form at [URL] for support regarding [HANDLE] · · · etc.
TW10_4054,0,0,[HANDLE] [HANDLE] [URL]
TW10_4055,0,0,looking for people · with [HANDLE] twitter log & · · · · · / abusive / · tweets.
TW10_4056,0,0,· · to some · requests with canned answers.
TW10_4057,0,0,[HANDLE] ·
TW10_4058,0,0,"have 2 team members, sticking this for now. ·, ·. ^. ^"
TW10_4059,0,0,rt [HANDLE]: · · ·! need · · to stay tuned for · · · · [URL]
TW10_4060,0,0,someone · on · in response that woman tweeting at me earlier ·. [URL]
TW10_4061,0,0,[HANDLE] i · to update. ^. ^
TW10_4062,0,0,"[HANDLE] [HANDLE] true, risk merely the same risk is involved in just following the · ·"
TW10_4063,0,0,[HANDLE] [HANDLE] even with · · · truly prevent the trolls from tracking them.
TW10_4064,0,0,"rt [HANDLE]: this guy thinks i'm randi harper, ·?"
TW10_4065,0,0,· skype verification for ·. io
TW10_4066,0,0,· comments marked as abuse on my site must · i a hostile womb [URL]
TW10_4067,0,0,[HANDLE] ·
TW10_4068,0,0,· kept · excessively. · he · are we married now this · i health insurance
TW10_4069,0,0,[HANDLE] weird
TW10_4070,0,0,[HANDLE] one of us. one of us.
TW10_4071,0,0,[HANDLE] · [HANDLE]. it's not that wouldn't date sjws it's my · the only sjw that will · with
TW10_4072,0,0,"ok ·. · messaging me ·. i hear the ·. i don't know ·, service which ·. uh. dm me."
TW10_4073,0,0,"[HANDLE] [HANDLE] [HANDLE] if you truly want, search for ·. i · some ads last night"
TW10_4074,0,0,[HANDLE] [HANDLE] [HANDLE] it is truly · the assumptions they make about it works - and how · they are wrong.
TW10_4075,0,0,· a dude that · · · that · more · · · sourcelist - ·
TW10_4076,0,0,"now that person been · on 8 chan despite the · posted my & ·; home ·, suddenly he sees a ·"
TW10_4077,0,0,"not going to say i · you so. however, i say that you'll probably · this and you · · address you · help."
TW10_4078,0,0,incredibly fucking difficult to ·
TW10_4079,0,0,"i doubt he'll bother ·, merely despite his · · one should · with shit like this"
TW10_4080,0,0,[HANDLE] i really just want · nap. but it · · people · with doxxing fallout · on both sides.
TW10_4081,0,0,"been a truly long saturday. i still haven't slept. this · ·. i'm tired & ·; i just want ·, merely ·."
TW10_4082,0,0,· · 3 · that are dealing with police today · 8 chan. · be · needed
TW10_4083,0,0,[HANDLE] the guy who ·
TW10_4084,0,0,please stop of the karma / · comments there's bigger issue here than the · targeted
TW10_4085,0,0,"in · ·, · · that specifically protect against this · ·. · aren't enforced · to education ·"
TW10_4086,0,0,"· person involved need to · from · ·, advocacy · law tools."
TW10_4087,0,0,current system is inadequate. us are experienced at · pitfalls and can help you.
TW10_4088,0,0,[HANDLE] · some interesting ways of getting around jurisdiction issues. still researching other ·.
TW10_4089,0,0,[HANDLE] i · excessively tired have feelings
TW10_4090,0,0,[HANDLE] that's. · · of interesting. give them a call later following week. i · to · them anyways.
TW10_4091,0,0,"[HANDLE] if · needs help · to talk to police, prevention, ·, they talk to [HANDLE] or.: )"
TW10_4092,0,0,"[HANDLE] lone when it counts. i'm pretty snarky when it's not · times, ·"
TW10_4093,0,0,[HANDLE] everyone is awkward. p most · think they are most awkward than they truly are. fine.
TW10_4094,0,0,"[HANDLE] aw, thanks;"
TW10_4095,0,0,trouble i recommend · [HANDLE]. i besides · provide ·.
TW10_4096,0,0,"as a reminder, · requests are private. you be anon, merely i need to · situation, pref w ·. pgp: [URL]"
TW10_4097,0,0,"[HANDLE] [HANDLE] email, don't mind. & gt;. & gt; [HANDLE] [URL] [EMAIL]."
TW10_4098,0,0,[HANDLE] [HANDLE] [HANDLE] · isn't truly optimum for · ·.
TW10_4099,0,0,[HANDLE] sometimes.: p i try.
TW10_4100,0,0,[HANDLE] [HANDLE] [HANDLE] shot her an ·
TW10_4101,0,0,"aw. i was talking to a gater on · past few weeks. · nice ·, merely he · ·. come back dude."
TW10_4102,0,0,[HANDLE] certain. sounds · he · for ·.
TW10_4103,0,0,[HANDLE] kept me informed on · · · seemed ok · him
TW10_4104,0,0,[HANDLE] [HANDLE] that's not funny.
TW10_4105,0,0,·. a · ·. loop it ·. [URL]
TW10_4106,0,0,[HANDLE] hi · to get drinks
TW10_4107,0,0,[HANDLE] was private messages
TW10_4108,0,0,[HANDLE] not necessarily.
TW10_4109,0,0,[HANDLE] we · each other all caps while we are at the pub your ·
TW10_4110,0,0,"[HANDLE] i think person like of behavior, excessively. possibly · their ·"
TW10_4111,0,0,"[HANDLE] in · circumstances, i'm lot more tolerant and · than many · believe."
TW10_4112,0,0,[HANDLE] wary isn't the same · condemnation:
TW10_4113,0,0,[HANDLE] tired · - have excessively ·. that ip.
TW10_4114,0,0,· ghazi why [URL]
TW10_4115,0,0,"[HANDLE] i · in [NUMBER] excessively. · [NUMBER], [NUMBER] [NUMBER]. might want to attribute all the years."
TW10_4116,0,0,[HANDLE] · ·
TW10_4117,0,0,[HANDLE] · the attitude from every poster in that thread in general merely i might just crabbed
TW10_4118,0,0,rt [HANDLE] · · travolta. · handidly creeped out · [URL]
TW10_4119,0,0,love to · how twitter determines gender & · · doing · ·. · not · like ·
TW10_4120,0,0,nachoshield is · a bit · again.
TW10_4121,0,0,i got · of · usb · and now i'm having · excessively · fun [URL]
TW10_4122,0,0,"[HANDLE] [URL] is · · you ·, install their drivers. just · default webcam drivers"
TW10_4123,0,0,[HANDLE] [HANDLE] try [MONEY].: ·
TW10_4124,0,0,"[HANDLE] [HANDLE] · is decidedly useable.: i quite ·. stand is kind ·, merely the device · ·."
TW10_4125,0,0,[HANDLE] my hair!
TW10_4126,0,0,· god oh god oh · · · microscope at skin
TW10_4127,0,0,[HANDLE] · · urge to shower in boiling ·.
TW10_4128,0,0,[HANDLE] yup!
TW10_4129,0,0,[HANDLE] in · angled photographs low · with · ·. · this photoshop filter for irl
TW10_4130,0,0,just showered in the hottest possible · while exfoliated like · the · 30 · even joking fu ·.
TW10_4131,0,0,· · · [URL] where were you when · for life advice xkcd [URL]
TW10_4132,0,0,[HANDLE] [HANDLE] [HANDLE] have no idea · going on or i mentioned in ·.
TW10_4133,0,0,regretful believe gamergate's version justice. mass reporting · ·. [HANDLE]
TW10_4134,0,0,"frankly, i have more legal tech resources a hashtag plese go spew your hate group · elsewhere [HANDLE]"
TW10_4135,0,0,[HANDLE] weird. guessing back. i don't truly understand · · their accts vs just closing twitter ·.
TW10_4136,0,0,[HANDLE] [URL]
TW10_4137,0,0,"[HANDLE] · · · · goes, · been thinking about · been · · · ·"
TW10_4138,0,0,[HANDLE] [HANDLE] i · what tweet is in reply to
TW10_4139,0,0,[HANDLE] i'm not linking doxx.
TW10_4140,0,0,[HANDLE] mostly joan jett ·.
TW10_4141,0,0,[HANDLE] · · i'm talking about.
TW10_4142,0,0,"[HANDLE] [HANDLE] [HANDLE] ah, okay."
TW10_4143,0,0,[HANDLE] weird
TW10_4144,0,0,[HANDLE] [HANDLE] gamergate isn't truly sjws? for people that want get · from ·
TW10_4145,0,0,[HANDLE] what did was wrong and be ·. · he's now doxxed and targeted well. it's ·
TW10_4146,0,0,"[HANDLE] oh, i ·. you're another useless gg supporter. ·. go away."
TW10_4147,0,0,[HANDLE] [HANDLE] til · ·
TW10_4148,0,0,[HANDLE] [HANDLE] * take any action other than · advice assistance · targeted has to report to ·
TW10_4149,0,0,the sweetest love story a · and her coffee maker. [URL]
TW10_4150,0,0,[HANDLE] not pink
TW10_4151,0,0,[HANDLE] [HANDLE] please untag me all of this. spamming ·.
TW10_4152,0,0,"[HANDLE], ·, all ·, truly. thing for english tea roses patterns, too."
TW10_4153,0,0,going to · - despite · you - · something · to · · · [HANDLE]
TW10_4154,0,0,"is a criminal case, not a · case · it's to the police to decide it's · prosecuting. [HANDLE]"
TW10_4155,0,0,while you can · a lawyer to help · to police that's · where their - your - involvement ends. [HANDLE]
TW10_4156,0,0,if · had a crime · personally · the police likely to listen to · merely them [HANDLE]
TW10_4157,0,0,not legal · merely common · do is · · · to · to police or · · ·. [HANDLE]
TW10_4158,0,0,"please take · of "" aren't you prosecuting evil antigg scum "" · educate [HANDLE]"
TW10_4159,0,0,· me · has turned offer of · for one of their · screech at merely still ·
TW10_4160,0,0,[HANDLE] everyone should be jealous of · · our love is ·
TW10_4161,0,0,[HANDLE] [HANDLE] · i'll · on the · · to kick further up the chain.
TW10_4162,0,0,"[HANDLE] ·, · · to blizzcon this year?"
TW10_4163,0,0,[HANDLE] · i · difficult is. let me know anything want · · i can give.
TW10_4164,0,0,[HANDLE] yay i went · year had · · friends. i hate making new friends i didn't · · · going.
TW10_4165,0,0,"[HANDLE] [HANDLE] uh, it's also pink, · coffee · ·"
TW10_4166,0,0,[HANDLE] one requiem ever goes. are too antisocial.
TW10_4167,0,0,[HANDLE] [HANDLE] i'm regretful:
TW10_4168,0,0,"[HANDLE] · no one · this ·, there appears slightly of · watching see when it · done"
TW10_4169,0,0,[HANDLE] · needs immediate · [EMAIL] works as well.
TW10_4170,0,0,hashtag nachoshield hashtag goobergrape [URL]
TW10_4171,0,0,[HANDLE] · you. ^. ^
TW10_4172,0,0,[HANDLE] [HANDLE] searching name and · · talk to that's · · / stalkerish.
TW10_4173,0,0,"[HANDLE] [HANDLE] as to if i'm working with her, that's none of your business. this adequate use of your ·. shoo."
TW10_4174,0,0,i · on who i might be · and i'm not here pass · on activities
TW10_4175,0,0,"telling "" don't help · they really victims "" · isn't going · you · which are looking"
TW10_4176,0,0,[HANDLE] [HANDLE] · else · people · · her name which is still creepy.
TW10_4177,0,0,[HANDLE] [HANDLE] help everyone ·. to pass judgment anyone comes looking ·.
TW10_4178,0,0,"[HANDLE] [HANDLE] [HANDLE] ·. i · · tweet. one i'm female. ·. ·, helping."
TW10_4179,0,0,sigh. i · to · on · out · contacts encompass more states.
TW10_4180,0,0,"[HANDLE] ·, know reliable breakdown harassment · laws for each state?"
TW10_4181,0,0,[HANDLE] · for amp reading each penal codes · is boring
TW10_4182,0,0,[HANDLE] i'm very entertained that all · is · to · · who being discussed
TW10_4183,0,0,[HANDLE] that would be amazing ·; 3
TW10_4184,0,0,"[HANDLE] covetous education · · how · things seems slippery, to · the ·"
TW10_4185,0,0,[HANDLE] i would love would you mind dming your email address can shoot you · · ·
TW10_4186,0,0,[HANDLE] know that feel
TW10_4187,0,0,"[HANDLE] well, just · · · · ·"
TW10_4188,0,0,[HANDLE] largely what i need. interesting · some states have statues.
TW10_4189,0,0,[HANDLE] · · harassed welcome come help. all anonymous.
TW10_4190,0,0,"[HANDLE] ·, least, privileged information"
TW10_4191,0,0,[HANDLE] [HANDLE] general folks in the · · at this · merely issues will largely center about · harassment · laws
TW10_4192,0,0,[HANDLE] [HANDLE] & amp · · to provide · for people want someone to · them · reporting ·
TW10_4193,0,0,[HANDLE] [HANDLE] · tend take reports · harassment / threats a · seriously a lawyer is ·
TW10_4194,0,0,"[HANDLE] [HANDLE] · · · nether · pro - bono ·, at · my · is to · fund"
TW10_4195,0,0,"[HANDLE] [HANDLE] i'm not wholly · how all going to ·, so i'm · feeling"
TW10_4196,0,0,"· [HANDLE] ceo · · vehemently, unambiguously · # gamergate as misogynistic harassment. [URL]"
TW10_4197,0,0,· what means to be a victim. [URL]
TW10_4198,0,0,"[HANDLE] [HANDLE] shoot me email, [EMAIL]:"
TW10_4199,0,0,rt [HANDLE] · · · valley meritocracy skater culture. [URL]
TW10_4200,0,0,i feel · putting quick little posts like. like · ·. merely i think conversation that needs had.
TW10_4201,0,0,"[HANDLE] no, my blog post."
TW10_4202,0,0,[HANDLE] · 3 kathy sierra · she writes · amazing
TW10_4203,0,0,[HANDLE] it was · me as · until realized that · could be a victim and · fight ·.
TW10_4204,0,0,"[HANDLE] for · of ·, it's frequently not · of a feeling of shame. victim · ·, then public assigns blame."
TW10_4205,0,0,· [URL]
TW10_4206,0,0,waiting for · see
TW10_4207,0,0,things are coming ·. if all · well following meetings major · make during gdc.
TW10_4208,0,0,[HANDLE] going to be in town?: ·!
TW10_4209,0,0,success. # · 2015
TW10_4210,0,0,[HANDLE] [HANDLE] both awesome. · work
TW10_4211,0,0,· · to [HANDLE]. giving · platform which to prove character was of · · to # · 2015.
TW10_4212,0,0,he's · backing out merely · remains · however i'm optimistic.
TW10_4213,0,0,"i have no intent linking to the · he stated backing they were an attempt to save face, not an ·."
TW10_4214,0,0,"[HANDLE] ·, haven't heard it? it was ·"
TW10_4215,0,0,"[HANDLE] oh, gosh. hope · better.: ("
TW10_4216,0,0,[HANDLE] ·.
TW10_4217,0,0,[HANDLE] normally · · ability ·. but i've heard enough · · from · sources.
TW10_4218,0,0,"replacement monitor arrived. now 24 "" ( vertical 28 "". · be too much desktop. i to turn my head # ·"
TW10_4219,0,0,it is [NUMBER]. · · prompts to install the · toolbar · oracle · ·
TW10_4220,0,0,· of apple mini · to · · you will never be able to · it when finally ·
TW10_4221,0,0,the contact form · was bugged. turns out that · ' ] in the · subject · breaks everything. silly wordpress.
TW10_4222,0,0,day of meetings. · of notifications to · · doing so ·. · on · it's ·
TW10_4223,0,0,[HANDLE] [HANDLE] [HANDLE] [HANDLE] nice interface! much · the grafana setup ·.
TW10_4224,0,0,"[HANDLE] ·, what did he do this time?"
TW10_4225,0,0,"[HANDLE] besides, · of us the · is pretty · certain · way to · certain that they do · & · ·"
TW10_4226,0,0,"[HANDLE] so,."
TW10_4227,0,0,yay my · got · at # bsdcan! · full list talks [URL]
TW10_4228,0,0,nervous in a weird way these people are kind of like my · ·. it's difficult talk · to ·.
TW10_4229,0,0,[HANDLE] looks neat. i · to start keeping my · · cfps.
TW10_4230,0,0,i'm about in sniffles at · seeing my · · · after so · · · · more sleep
TW10_4231,0,0,[HANDLE] because · for a · · talking about polarizing personal experiences · with strangers
TW10_4232,0,0,[HANDLE] ·
TW10_4233,0,0,"someday, · to drink · start · pull · to assorted · projects' · · fitting theme music during a build"
TW10_4234,0,0,i idea why this already thing not · console mp playing apps
TW10_4235,0,0,[HANDLE] i like you
TW10_4236,0,0,· · things working on · an office is never letting ·. · save me.
TW10_4237,0,0,[HANDLE] woah · you're · and · my · people ·. ·; 3
TW10_4238,0,0,"a people poked me ·, merely i was to my eyeballs in ·. · later this morning"
TW10_4239,0,0,as the · · draws · things are · pick up rather frantic pace
TW10_4240,0,0,[HANDLE] i honestly have idea i · this. it is ·.
TW10_4241,0,0,omg. if [HANDLE] goes to # · there's · be trouble. lt; 3
TW10_4242,0,0,[HANDLE] [HANDLE] [HANDLE] [HANDLE] [HANDLE] [HANDLE] talk about · · · dead.
TW10_4243,0,0,everlastingly · by clink' · my lip piercings · against my coffee cup i think still goofy lack sleep
TW10_4244,0,0,[HANDLE] [HANDLE] [HANDLE] holy ·.
TW10_4245,0,0,having to · my · that optional surgery i was planning on · for the following few months bcz no · to ·
TW10_4246,0,0,"not no · · feel · committing · now, merely i set an alarm on phone to · ·."
TW10_4247,0,0,"[HANDLE] uh, okay"
TW10_4248,0,0,pocky ever. [URL]
TW10_4249,0,0,[HANDLE] you don't know that.
TW10_4250,0,0,"[HANDLE] aw, thanks: ·"
TW10_4251,0,0,[HANDLE] i · · more shit. everything weird. excessively much attention · more. \ \
TW10_4252,0,0,[HANDLE] · the · i · be an asshole.
TW10_4253,0,0,[HANDLE] exactly this
TW10_4254,0,0,[HANDLE] truly · · words from you. i'm a large · your voice. & lt 3
TW10_4255,0,0,"· [HANDLE] welcome to latest · of cto · can still · "" · poor fucker who has to clean up """
TW10_4256,0,0,rt [HANDLE] things are worse than normal the · normal · · consequently.
TW10_4257,0,0,lrt everything ever.
TW10_4258,0,0,[HANDLE] am · · of inflicting obesity on others · force feeding ·?
TW10_4259,0,0,am not certain if enabling twitter inside · is good · or not [URL]
TW10_4260,0,0,verification: · is [URL]
TW10_4261,0,0,"[HANDLE] can't receive · in game, lone ·. ·"
TW10_4262,0,0,[HANDLE] [HANDLE] · you nayadri & · & · 3 & lt
TW10_4263,0,0,the best part about · wow forums is that only for · · · amp; · will keep many gaters from ·
TW10_4264,0,0,· feel like olivia ·.
TW10_4265,0,0,·. i · dealing with imposter syndrome. is not thing that · to having manage. crap.
TW10_4266,0,0,"[HANDLE] · · the concept, but not the feeling good ·, though."
TW10_4267,0,0,"[HANDLE] i've · · of tech talks in the past this · really so technical, community. ·"
TW10_4268,0,0,kind · that so self - confident that the second impostor syndrome · kicking i realize something ·
TW10_4269,0,0,"[HANDLE] [HANDLE] [HANDLE] [HANDLE] ·, we don't catfight over · regretful"
TW10_4270,0,0,"this isn't going to work, all got a maturity greater than 12 year olds [HANDLE] [HANDLE] [URL]"
TW10_4271,0,0,"i mean, · 14. [HANDLE] [HANDLE]"
TW10_4272,0,0,· watching gg trying to · · fight. quit trying make fetch ·. it's never going ·. [HANDLE] [HANDLE]
TW10_4273,0,0,different · with very · backstories · merely we respect each other [HANDLE] [HANDLE]
TW10_4274,0,0,rt [HANDLE]: [HANDLE] they don't even go here
TW10_4275,0,0,· [HANDLE] i · 3 you the · captain america with the grenade? do for of you lt [HANDLE] [HANDLE]
TW10_4276,0,0,[HANDLE] [HANDLE] who ·. ·? more bullshit they passing about i · their claims any attention
TW10_4277,0,0,uh. this · looks like with undead. it's · be fist in · not · my own ·. [URL]
TW10_4278,0,0,"oh, hell is blizzard proxying tweets instead of sending · · · to · the · client"
TW10_4279,0,0,i guess one · get about the user token count · · app id
TW10_4280,0,0,i need think this. i · i · this
TW10_4281,0,0,i think the · · i that too much reliance · services for an · ·.
TW10_4282,0,0,· had issues the past with · · being · achievements. i would strongly dislike a · being ·.
TW10_4283,0,0,i'm still not 100 % certain this is happening. but the · · a tweet and · appear · excessively long.
TW10_4284,0,0,"kiss ( keep ·, stupid ) very · · designing new ·. blizzard is · tweets, · ·."
TW10_4285,0,0,pickaxe is the new crowbar. [URL]
TW10_4286,0,0,rt [HANDLE]: # tweetthatshit [URL]
TW10_4287,0,0,[HANDLE] basically already do in · p
TW10_4288,0,0,"[HANDLE] if you · good ·, lemme know"
TW10_4289,0,0,[HANDLE] · · retweet that that chick is mentally unstable & · · post · convs. not ·.
TW10_4290,0,0,[HANDLE] clearly witchcraft.; )
TW10_4291,0,0,"[HANDLE] [HANDLE] a target her delusions, yea, i'm · to · things about · ·."
TW10_4292,0,0,[HANDLE] [HANDLE] the claims she has made are. something someone right · · do.
TW10_4293,0,0,[HANDLE] [HANDLE] · to cut herself if we pay her money.
TW10_4294,0,0,"[HANDLE] yea, this · isn't a · · · have. i just stay away from her."
TW10_4295,0,0,[HANDLE] i have no · how that even works. that · crazy.
TW10_4296,0,0,[HANDLE] · fun ·? · the · of person ·. ) that music
TW10_4297,0,0,there presently a vocal male on · that · to · - harassment has · gamergate past
TW10_4298,0,0,at · in time am unaware of · made into ·. tied in w / many orgs. name · come up.
TW10_4299,0,0,he's · · info those he's · should he · to · utilized none of this. am unimpressed
TW10_4300,0,0,"if you're interested in working solutions, we'd · help. ·, i can · a flail for media attention a mile away"
TW10_4301,0,0,· it won't · unnoticed undisputed. don't put on a cape unless · a ·. it's not a photo op. a ·.
TW10_4302,0,0,[HANDLE] what this person · · · not · · a pile on going giving specifics
TW10_4303,0,0,"· this · i clear. i'm · supporters, or just people ·."
TW10_4304,0,0,"talking about people · an · · · they want · solutions harassment, merely do nothing beyond · rted"
TW10_4305,0,0,"everyone involved in space, a huge personal ·. people get targeted. · family get targeted"
TW10_4306,0,0,honestly a little · to see guy huge following come along and · gonna do ·. do nothing.
TW10_4307,0,0,"or, well, something · · was started by harassers to ·, · i ·."
TW10_4308,0,0,"[HANDLE] tbh, i · bad · anyone actively enters this fight · knowing personal ·"
TW10_4309,0,0,[HANDLE] not mentioning names different reasons.
TW10_4310,0,0,"[HANDLE] it depends on you · meaningful 3 people listen to you vs 30 ·, · difference in ·"
TW10_4311,0,0,[HANDLE] completely disagree. industry recognition.
TW10_4312,0,0,"[HANDLE] as someone · 4 · followers to what got now, seen a · ·"
TW10_4313,0,0,"[HANDLE] drive, but in many cases an accurate reflection."
TW10_4314,0,0,· crepes merely truly · are so i · to · this fruit burrito. [URL]
TW10_4315,0,0,am truly · as to [HANDLE] is throwing around accusations of bullying when someone · opinion · writing direction.
TW10_4316,0,0,thread [URL] this add up i · ·?
TW10_4317,0,0,[URL]
TW10_4318,0,0,[HANDLE] omg i am dying laughing.
TW10_4319,0,0,[HANDLE] little concerned. · · ·. see no retraction published.
TW10_4320,0,0,[HANDLE] to clear i'm bringing this up to defend bri. i'm · she's fully · defending herself.
TW10_4321,0,0,[HANDLE] · word ' in this context is worrisome and relevant · have.
TW10_4322,0,0,"[HANDLE] given the massive · · · · ·, · he's not · or · ' bully'"
TW10_4323,0,0,"[HANDLE] if i looking for pitchforks, i'd point out · dude in a · power accused · · him. p"
TW10_4324,0,0,"[HANDLE] thank for calling me on this, though. i probably should have · that more · the original tweets."
TW10_4325,0,0,"please · ·. don't tweet, etc i · the · concerning in that we · to discuss what bully means"
TW10_4326,0,0,"[HANDLE] · icons, ·"
TW10_4327,0,0,[HANDLE] [URL]
TW10_4328,0,0,"[HANDLE] haha, mine is · p"
TW10_4329,0,0,[HANDLE] [HANDLE] [HANDLE] thank you random internet person for inserting yourself when i said no · ons
TW10_4330,0,0,[HANDLE] ·. · him blocked. didn't · see.
TW10_4331,0,0,is what passes for entertainment around here [URL]
TW10_4332,0,0,talented leo! [URL]
TW10_4333,0,0,· be time for a · · · for randi · [URL]
TW10_4334,0,0,[HANDLE] see his guilty look
TW10_4335,0,0,[HANDLE] ·! · a mix ·. he's from the shelter.:
TW10_4336,0,0,[HANDLE] · · on · · when longer · · to let him use them;
TW10_4337,0,0,[HANDLE] that's awesome name!: ·
TW10_4338,0,0,how many · · on his head? [URL]
TW10_4339,0,0,more dog treats [URL]
TW10_4340,0,0,[HANDLE] [HANDLE] his · · · · he · a lot · · ·
TW10_4341,0,0,[HANDLE] [HANDLE] aww
TW10_4342,0,0,nintendo 3 · [URL]
TW10_4343,0,0,[HANDLE] [URL]
TW10_4344,0,0,manga guide to statistics [URL]
TW10_4345,0,0,dreamcast controller [URL]
TW10_4346,0,0,[HANDLE] charity auction.: ·
TW10_4347,0,0,[HANDLE] no. dog treats.
TW10_4348,0,0,[HANDLE] the bacon belongs to me.
TW10_4349,0,0,i ran of things to · on his head. regretful.
TW10_4350,0,0,[HANDLE] i ·. it took tries to make it balance.
TW10_4351,0,0,[HANDLE] ·
TW10_4352,0,0,[HANDLE] [URL]
TW10_4353,0,0,truly curious are people stupid enough to · · dramatica is · ·. [HANDLE]
TW10_4354,0,0,face is awful. [HANDLE] [HANDLE] [HANDLE]
TW10_4355,0,0,[HANDLE] [HANDLE] [HANDLE] [HANDLE] your mom was uncalled for.
TW10_4356,0,0,"[HANDLE] of my oreilly books ·.: · so old merely yes, i usually quite like"
TW10_4357,0,0,""" i honestly not · · this man "" - [HANDLE] on [HANDLE]."
TW10_4358,0,0,did hear the sound of bunch of women in · setting up filters to fwd emails [HANDLE] to · ·. good job.
TW10_4359,0,0,reached to [HANDLE] · · the article ·. no response. nina cares more · · ·.
TW10_4360,0,0,"she had · to ·, merely decided to · in her ·. ·. lesson learned ·"
TW10_4361,0,0,[HANDLE] [HANDLE] [HANDLE] · · the · that gave him a · then ignored ·
TW10_4362,0,0,"according to [HANDLE], should be · that dudes are · about feminism. · they are telling us are doing ·."
TW10_4363,0,0,this is · of · · · that women disagreed were just looking attention these were his words
TW10_4364,0,0,if an · then · · ·; set · ·. [HANDLE] was dense · get sucked his bullshit vortex
TW10_4365,0,0,[HANDLE] the thing i said · a confirmed sockpuppet that was · to infiltrate sjws? ·.
TW10_4366,0,0,[HANDLE] go fuck yourself. & lt 3
TW10_4367,0,0,[HANDLE] · one group is literally killing people? are you nuts?
TW10_4368,0,0,"· [HANDLE]: [HANDLE] one thing bothers me about · that despite hundreds · writing on ·, a man beco"
TW10_4369,0,0,[HANDLE] [HANDLE] who are you referring to with we'
TW10_4370,0,0,i've besides told that the people · [HANDLE] ' s · didn't even talk her. she · them without asking
TW10_4371,0,0,which fine guess. but she · out · to · to ·. interesting no?
TW10_4372,0,0,"[HANDLE] yes. · one · · posts mutilated bodies on twitter along with american passports, i'd say are worse."
TW10_4373,0,0,[HANDLE] couldn't · less fucks about · followers by giving · ·
TW10_4374,0,0,[HANDLE] [HANDLE] [HANDLE] · her dumb because · for his bullshit and besides · one women ·.
TW10_4375,0,0,". [HANDLE] twitter · for name and "" · on fire "" · · · shits what you ·"
TW10_4376,0,0,[HANDLE] [HANDLE] it was · someone probably has archive somewhere
TW10_4377,0,0,· [HANDLE]: [HANDLE] why a · · · # · prosecuted quickly · of # gamerga …
TW10_4378,0,0,· twitter are · with dumb this ·
TW10_4379,0,0,rt [HANDLE] [HANDLE] · [MONEY] · · your cause choose ·.
TW10_4380,0,0,regretful · to · gamergate the · you can · your · your ass. [HANDLE]
TW10_4381,0,0,· my views to · money. that's ·. [HANDLE]
TW10_4382,0,0,[HANDLE] he besides · claims · someone calls repeatedly using feminist terms incorrectly don't. care.
TW10_4383,0,0,[HANDLE] is just said. you · · · to mutilated bodies. is demeaning.
TW10_4384,0,0,". [HANDLE] online · · ·, it needs be ·. merely making false equivalencies won't get ·."
TW10_4385,0,0,let · this super fucking clear not · beliefs any way just to get · · ·
TW10_4386,0,0,appreciate every donation · but ppl that threaten pull · i · things they · · can fuck themselves.
TW10_4387,0,0,[HANDLE] [HANDLE] · ·. ·? · research into ·. · the · amp patterns. gamergate isis.
TW10_4388,0,0,no one said threats weren't serious · there's · between isis and gamergate [HANDLE]
TW10_4389,0,0,you're not going to · the · looking for give up [HANDLE]
TW10_4390,0,0,· [HANDLE] [HANDLE] the · are · · they aren't. guess view # gamergate as emotional terrorism.
TW10_4391,0,0,[HANDLE] yeah.
TW10_4392,0,0,[HANDLE] why do · · · i personally receive i do?
TW10_4393,0,0,"[HANDLE] you · false equivalency, i · it on you, and you threatened fiscal consequences."
TW10_4394,0,0,[HANDLE] · this the bottom · go fuck yourself.
TW10_4395,0,0,· · into my mentions · fiscal ·. bullying. backbone. [HANDLE]
TW10_4396,0,0,something is · ·. see lrt [HANDLE]. gg is pushing a weird narrative.
TW10_4397,0,0,[HANDLE] [HANDLE] [URL] & lt;
TW10_4398,0,0,[HANDLE] from the south. · is another · to · and tell someone go fuck themselves.
TW10_4399,0,0,[HANDLE] [HANDLE] [HANDLE] yup. something happening. not certain what.
TW10_4400,0,0,[HANDLE] [HANDLE] uh. you · financial threats.
TW10_4401,0,0,"[HANDLE] [HANDLE] you're an asshole in someone's · and react, not bullying."
TW10_4402,0,0,[HANDLE] [HANDLE] i think · · or · is at all.
TW10_4403,0,0,"[HANDLE] [HANDLE] merely protip, you'll · have the freedom to wander about jerk · consequence"
TW10_4404,0,0,[HANDLE] [HANDLE]. · were nuts.
TW10_4405,0,0,"[HANDLE] [HANDLE] ·. you · saying, merely know ·. · where i · you stupid."
TW10_4406,0,0,[HANDLE] [HANDLE] call you stupid? · me tweet
TW10_4407,0,0,[HANDLE] [HANDLE] · me i called you stupid.
TW10_4408,0,0,[HANDLE] [HANDLE] you are changing your ·? · i called you stupid. still waiting sauce.
TW10_4409,0,0,"[HANDLE] [HANDLE] repeatedly · people called you stupid, though"
TW10_4410,0,0,[HANDLE] [HANDLE] it's about ethics in journalism.
TW10_4411,0,0,[HANDLE] [HANDLE] [HANDLE] [HANDLE] ' colleague' - · ·. collusion!
TW10_4412,0,0,"this week · · · · ·, journalist · ·, ·, · · · ·."
TW10_4413,0,0,"[HANDLE] s / udent, · / ·, lawyer, · /"
TW10_4414,0,0,[HANDLE] the · · me think of hackers when bought:
TW10_4415,0,0,omg [URL]
TW10_4416,0,0,[URL] [HANDLE]
TW10_4417,0,0,[HANDLE] [HANDLE] [HANDLE] hey i just · you
TW10_4418,0,0,[HANDLE] [HANDLE] [HANDLE] is crazy
TW10_4419,0,0,[HANDLE] [HANDLE] [HANDLE] merely my number
TW10_4420,0,0,[HANDLE] [HANDLE] [HANDLE] so call possibly
TW10_4421,0,0,[HANDLE] newp.
TW10_4422,0,0,[HANDLE] [HANDLE] [HANDLE] · · · to sing that song
TW10_4423,0,0,[HANDLE] [HANDLE] [HANDLE] · yes
TW10_4424,0,0,· time · a · is to · · · make gamergate angry i suggest · ·.
TW10_4425,0,0,even going to lie. this makes me giggle a little bit on the inside.
TW10_4426,0,0,trying · have time to · · earlier call w / lawyer. never thought · unless was · / tequila involved.
TW10_4427,0,0,sometimes a lot this still feels · · a responsible · discovering · i · this · · · to be
TW10_4428,0,0,[HANDLE] · · to police. )
TW10_4429,0,0,"be clear, i'm in trouble. and the · · · do · call with lawyer, related · · [HANDLE]"
TW10_4430,0,0,[HANDLE] [HANDLE] yea i tried · he won't even tell me why he · ·
TW10_4431,0,0,[HANDLE] [HANDLE] [HANDLE] [HANDLE] truly affectionate lying everything. i · they aren't isis.
TW10_4432,0,0,[HANDLE] [HANDLE] [HANDLE] [HANDLE] · · to cause shit. not going to ·.
TW10_4433,0,0,"[HANDLE] [HANDLE] [HANDLE] [HANDLE] however, · to block you now. doing is · ·"
TW10_4434,0,0,[HANDLE] [HANDLE] [HANDLE] [HANDLE] ·. merely i · like [HANDLE] would.
TW10_4435,0,0,[HANDLE] [HANDLE] [HANDLE] [HANDLE] [HANDLE] only if you come with · ·
TW10_4436,0,0,[HANDLE] omfg # wowdrama i am logging in · mee
TW10_4437,0,0,is stupid selfie camera · to drop ffs [URL]
TW10_4438,0,0,i & lt 3 [HANDLE] has cuddled [HANDLE] lived · ·
TW10_4439,0,0,·. [ photo b. o. m. b. ] [URL] warcraft
TW10_4440,0,0,i love ashran [URL]
TW10_4441,0,0,[HANDLE] i will punch you.
TW10_4442,0,0,[HANDLE] nope. i · ·. gw sux.
TW10_4443,0,0,plz. zebra katz. plz.
TW10_4444,0,0,[HANDLE] uh. hi · call you on that · · · do you play in ·
TW10_4445,0,0,"[HANDLE] wow pvp makes me ·. play rateds, and pretty · it you are basically a door to door salesman right now"
TW10_4446,0,0,[HANDLE] don't pve.
TW10_4447,0,0,[HANDLE] just · youtube playlist while · lt
TW10_4448,0,0,"[HANDLE] sigh. · ·. it just came off really, really ailing."
TW10_4449,0,0,[HANDLE] gw 2 · love to make digs at wow being · wow old merely besides · · balanced. · ·.
TW10_4450,0,0,[HANDLE] i love it. · in it. friends · it. · ·. · merely the pvp just ·.
TW10_4451,0,0,[HANDLE] merely careless · screenshot of something i love doing and you made digs about it date. so. any
TW10_4452,0,0,"[HANDLE] & amp; if want to sulk about being called on, · ·"
TW10_4453,0,0,never heard of ball culture · amazing
TW10_4454,0,0,[HANDLE] · assumptive to · i'm straight.
TW10_4455,0,0,[HANDLE] · about it:
TW10_4456,0,0,rt [HANDLE]: for seeing # · # thedress ( [URL] [HANDLE] · the debate. [URL]
TW10_4457,0,0,· [HANDLE] · · · · · · # thedress [URL]
TW10_4458,0,0,# thedress is · · and white.
TW10_4459,0,0,no idea how anyone · blue at all see no blue
TW10_4460,0,0,wired is wrong.
TW10_4461,0,0,[HANDLE] i am so jelly. & gt;. & gt;
TW10_4462,0,0,[HANDLE] it · like white with shitty color balance.
TW10_4463,0,0,"·, i care ·, or ·, ·. · · # thedress is white ·"
TW10_4464,0,0,oh no [URL]
TW10_4465,0,0,my guild right now [URL]
TW10_4466,0,0,yes · profanity filter because trying · ·. not working you can see.
TW10_4467,0,0,[HANDLE] i am grandma.: ·
TW10_4468,0,0,"rt [HANDLE] [HANDLE] · never, · · · a debate with * over · · is blue"
TW10_4469,0,0,"this is the best point seen made about # thedress, ·. [HANDLE]"
TW10_4470,0,0,[HANDLE] [URL]
TW10_4471,0,0,[HANDLE] [HANDLE] [HANDLE] not certain if being sarcastic or ·
TW10_4472,0,0,[HANDLE] i seriously only see white.
TW10_4473,0,0,all of # · · eyes · · crap was · · those ·. fake science.
TW10_4474,0,0,i. i · · truly · or somehow · a way about the ashran queue ·. ·.
TW10_4475,0,0,[HANDLE] [HANDLE] [HANDLE] that's a hoax.
TW10_4476,0,0,stop lying [HANDLE]
TW10_4477,0,0,[HANDLE] · / black option.
TW10_4478,0,0,[HANDLE] [HANDLE] * ·
TW10_4479,0,0,[HANDLE] yup i went in the water.
TW10_4480,0,0,another · comments that female foss · · on a · basis don't like her ·? insult her appearance [URL]
TW10_4481,0,0,rare even gamergate related ·. the. ·
TW10_4482,0,0,more shit that dudes don't put up with [URL]
TW10_4483,0,0,· you · · · be crying · freeze peaches a · · · [URL]
TW10_4484,0,0,female devs make me uncomfortable imply her work was a single commit. [URL]
TW10_4485,0,0,not lone merely this rocket surgeon apparently · the difference comments and man pages cherished
TW10_4486,0,0,this · this · just · a more obvious version what already happens
TW10_4487,0,0,want more women in foss dropkick these people into the sun
TW10_4488,0,0,rage eating pocky
TW10_4489,0,0,[HANDLE] [HANDLE] rogue · got fired from · made farmville · · to work w /
TW10_4490,0,0,"[HANDLE] [HANDLE] a huge ego, · · anything everyone hated him. kind of · ·."
TW10_4491,0,0,not · that · that · these · my · got · from zynga for · to ·
TW10_4492,0,0,"he · do · · about working zynga, implied all · were twats, · shouted all of them"
TW10_4493,0,0,find · job the gaming industry because insulting your · former employers is just · you
TW10_4494,0,0,"so now · women, you · they fight · a lot less. ·."
TW10_4495,0,0,sure! ama is [URL] [HANDLE]
TW10_4496,0,0,· comments: [URL] [HANDLE]
TW10_4497,0,0,[HANDLE] no worries
TW10_4498,0,0,spock died?
TW10_4499,0,0,rt [HANDLE]: leonard · [PHONE] ·: [URL]
TW10_4500,0,0,[HANDLE] yes
TW10_4501,0,0,[HANDLE] thank you
TW10_4502,0,0,[HANDLE] yup
TW10_4503,0,0,· to drink and star trek marathon ·
TW10_4504,0,0,twitter updates user safety features: [URL]
TW10_4505,0,0,· · update: propaganda. · · · what · · are.
TW10_4506,0,0,until · · · with · to filter new · · · · to · these just words that mean little.
TW10_4507,0,0,· · · an · · · to · not · tweets. · clients continue bugs w / · · ·
TW10_4508,0,0,optimistic. the · ·. · was single · in · path in mitigating abuse problems.
TW10_4509,0,0,[HANDLE] [HANDLE] [HANDLE] [HANDLE] laid off · with · · team · 3
TW10_4510,0,0,"[URL] good option, merely partial · we · · to filter accts · · · ·."
TW10_4511,0,0,[HANDLE] most abuse · from gamergate accounts that are - days ·.
TW10_4512,0,0,[HANDLE] i write bots to block it: ·
TW10_4513,0,0,seriously though. i'm · pretty upset about · ·
TW10_4514,0,0,[HANDLE] [HANDLE] [HANDLE] you had pick tweet about spock and not about · · trek p
TW10_4515,0,0,star trek was one of the only tv shows i could watch when i was kid.
TW10_4516,0,0,miss you.
TW10_4517,0,0,· · reaction my grandmother died merely i am crying for nimoy
TW10_4518,0,0,ipad air 2 or ipad · 3
TW10_4519,0,0,omg i am listening to an apple genius dude tell old woman how to · · and it is adorable.
TW10_4520,0,0,"[HANDLE] twitter email, evernote web. hearthstone."
TW10_4521,0,0,not so elusive · · a with apple opening a very specific kind ·.
TW10_4522,0,0,"rt [HANDLE]: rumor: [HANDLE] helm · · project · ·, i'm · · ~"
TW10_4523,0,0,making a list checking it twice
TW10_4524,0,0,rt [HANDLE]: [HANDLE] my favorite command for spot · · · n file txt
TW10_4525,0,0,things are ·. big things. could be more excited. 1
TW10_4526,0,0,· · tax guy ask lavender bath bombs qualify · expense.
TW10_4527,0,0,[HANDLE] ·
TW10_4528,0,0,vibrating with ·. every day brings · · able make the ·.
TW10_4529,0,0,2 - meetings left. likely sometime following ·. [HANDLE]
TW10_4530,0,0,"one thing in · we · on, you · question regarding opinions on · products, no one agree"
TW10_4531,0,0,· the horde vs alliance the · ·.
TW10_4532,0,0,rt [HANDLE] [HANDLE] i disagree
TW10_4533,0,0,· [HANDLE]: [HANDLE] i'm not wholly certain i agree with you there.
TW10_4534,0,0,full body project by leonard nimoy [NSFW] [URL]
TW10_4535,0,0,· [HANDLE]: · long prospered: leonard nimoy reported dead at [URL] [URL]
TW10_4536,0,0,rt [HANDLE] · leonard nimoy with · best star · · [URL] [URL]
TW10_4537,0,0,· [HANDLE]: require a · · a alone cell · # order a thing amazon · · for him.
TW10_4538,0,0,· [HANDLE] just · to make people i care about gender fluid.
TW10_4539,0,0,"· [HANDLE] · rt [HANDLE] telegram, leonardnimoy · with jfk for a · planet [URL]"
TW10_4540,0,0,uh [HANDLE] [HANDLE] am displeased that want to · to · details when · ·
TW10_4541,0,0,"if [HANDLE] [HANDLE] · ·, · for the · i · report - not 30 · · in ·."
TW10_4542,0,0,"the two accounts i reported ( [HANDLE] [HANDLE] were both suspended, merely is not a good ·"
TW10_4543,0,0,friday going to order ·. · · minutes. uh.
TW10_4544,0,0,[HANDLE] ·. not from a chain pizza place.
TW10_4545,0,0,"[HANDLE] normally · thin crust garlic · ·, · + garlic toppings. · even chain restaurants."
TW10_4546,0,0,[HANDLE] oh yea? i hear about that.
TW10_4547,0,0,· people like [HANDLE] further fygm · that's. ·
TW10_4548,0,0,[HANDLE] claims lone people · · claim sexism exists · i'm a 15 + year ·. · again
TW10_4549,0,0,· to think that our experiences indicative experiences i've · · to that thinking before.
TW10_4550,0,0,"· positive · · out negative · "" cool girl "" · isn't · look anyone"
TW10_4551,0,0,"rt [HANDLE] [HANDLE] [HANDLE] yep, 10 + year ·, confirm."
TW10_4552,0,0,· [HANDLE] [HANDLE] · · lone new people · sexism · because the sexism already · away the veterans
TW10_4553,0,0,photo · · tomorrow guess need to · · · hair · this dumb code done ughh ·
TW10_4554,0,0,"fygm = fuck you, got mine [HANDLE]"
TW10_4555,0,0,"fygm culture is · · like, "" i · my · it ·, merely i'm · you do problem"
TW10_4556,0,0,fygm culture is a complete lack of ·. i fought way here certain. think anyone · have? · no.
TW10_4557,0,0,· · the status · so you · · of superiority over the women that opted to put the ·
TW10_4558,0,0,alternatively · · culture why · to fix things not · to · some hurdles? · be so bad truly?
TW10_4559,0,0,"if · · tech · enough to · ·, why we · enough to mentor, to · for ·? no more fygm"
TW10_4560,0,0,· one type of strength to make this · · · the problem · speak out playing · club games.
TW10_4561,0,0,[HANDLE] [HANDLE] been my · · · ) since before twitter ·.
TW10_4562,0,0,[URL]
TW10_4563,0,0,[HANDLE] i have bots to block all of
TW10_4564,0,0,"[HANDLE] not certain. i've never been down the track art, · · about that."
TW10_4565,0,0,"· on · up desk for · thing ·. ·, macbook · surface pro, · · · ·. hello i am computer"
TW10_4566,0,0,· ·. · aggressive. aggressive aggressive. [URL]
TW10_4567,0,0,[HANDLE] [HANDLE] prove it. where the ·?
TW10_4568,0,0,[HANDLE] you guys don't · know · between the 3. lolnope
TW10_4569,0,0,# thedress [URL]
TW10_4570,0,0,· on · · now · about # thedress
TW10_4571,0,0,""" i don't · i reload. """
TW10_4572,0,0,that · when you silence a mage and they · · and you just know about to ·
TW10_4573,0,0,[HANDLE] · · glee commercial.
TW10_4574,0,0,[HANDLE] okay i'm back
TW10_4575,0,0,· [HANDLE]: · like · of them mad [HANDLE] # · # · 1 · 1 me goa mad [URL]
TW10_4576,0,0,[HANDLE] [HANDLE] [HANDLE] undead 4 ·.
TW10_4577,0,0,[HANDLE] · taking bathroom selfies you fucking peasant
TW10_4578,0,0,than a little entertained at gaters that upset that i · back alternatively just ·. fighting back is bullying.
TW10_4579,0,0,· [HANDLE]: [HANDLE] standard operating procedure for bullies is paint · as · · ·
TW10_4580,0,0,[HANDLE] ·
TW10_4581,0,0,"[HANDLE] · i could ·, and so sorry that · done that.:"
TW10_4582,0,0,[HANDLE] people will · · to interpret anything to match their message unfortunately.
TW10_4583,0,0,aw gamergate harassment squad. did · · to make you mad? [URL]
TW10_4584,0,0,"·, see. it's [HANDLE] sending her · harassment squad after like see right done her · ·"
TW10_4585,0,0,reason · tracking of her followers. huge amount of · / · · coming from her corner.
TW10_4586,0,0,the thing is · to say any of stuff for us to · coming from. it's easy to track · ·.
TW10_4587,0,0,so she can · · · innocence merely · · as · to ·. in ·. oh well.
TW10_4588,0,0,don't normally · · out · · · · above and beyond · to hurt people
TW10_4589,0,0,like [HANDLE] · that only industry newbies believed · existed. or [HANDLE] sends her harassment squad after ppl.
TW10_4590,0,0,"i've been watching jenn a, · worth · anything. her tweets ·, merely ·."
TW10_4591,0,0,how should even classify this? · mob? indirect bullying? certain
TW10_4592,0,0,· of · girls mentality coming · supporters is hilarious. on · email kotaku.
TW10_4593,0,0,· you sit with ·
TW10_4594,0,0,"ever · · victimized by ethics in · journalism, · your ·"
TW10_4595,0,0,[HANDLE] thinking about it ideas truly fully formed ·
TW10_4596,0,0,[HANDLE] think there's truly fine line beyond being · about experiences and · ·
TW10_4597,0,0,[HANDLE] yea · to · looking at finding a. oh wait. drop that news yet: ·
TW10_4598,0,0,"[HANDLE] [HANDLE] [HANDLE] ·, that ·? · · the wrong button."
TW10_4599,0,0,"rt [HANDLE] · [HANDLE] it was so much · "" · · "" and "" block "" single · · recombine them. · [HANDLE] …"
TW10_4600,0,0,"·, · · ·. · to do today. my most · decision going to what to wear. & gt. & gt"
TW10_4601,0,0,[HANDLE] [HANDLE] that makes · besides how horrible is that block has · · memory ·
TW10_4602,0,0,· when i · that out of · then · oz ground arabica out · ·! more glory to · ·.
TW10_4603,0,0,[HANDLE] [HANDLE] [HANDLE] [HANDLE] [HANDLE] · · same thing in * web
TW10_4604,0,0,my · part · · · is · so · people insist that are unable to · their · ·.
TW10_4605,0,0,ie: they will still · this way in 5 · ·.
TW10_4606,0,0,besides love add · ·. ·. i grew up covetous unix beards.
TW10_4607,0,0,this coming the same · that claimed i faked my · because · for · · done all of that.
TW10_4608,0,0,"this · be my favorite tweet by rogue, ever. [URL] because he assumes my · · is my · ·."
TW10_4609,0,0,"· logins are restricted 8 ·, darling. freebsd uses · not git. i believe · · is · to ·."
TW10_4610,0,0,and this person who suggests pc - bsd because freebsd are all sjws [URL]
TW10_4611,0,0,· - bsd a fork that largely · by · · runs freebsd marketing. frontend on top of freebsd.
TW10_4612,0,0,all that collusion in · community certain difficult keep track of
TW10_4613,0,0,"short, the hilarious gamergate bsd fail i ever seen · · # · [URL]"
TW10_4614,0,0,"btw, ·. i'm · openbsd · group. so you know. collusion."
TW10_4615,0,0,oh yea. and freebsd is the os that · playstations why so salty
TW10_4616,0,0,[HANDLE] expects unix logins · github · - which they ·
TW10_4617,0,0,[HANDLE] · put cash · them not understanding profile pic.
TW10_4618,0,0,[HANDLE] can prove that my · ·. there · that · that freebsd · on the ps 3 and ps.
TW10_4619,0,0,"[HANDLE] · of the ·, yes. a lot of freebsd devs · there"
TW10_4620,0,0,[HANDLE] yup. ^. ^ unless it's field it's · wouldn't ·.
TW10_4621,0,0,[HANDLE] searched for · · freebsd's github *
TW10_4622,0,0,[HANDLE] · * · about writing code in ·.: p
TW10_4623,0,0,[HANDLE] i have never seen a single · · is way technically ·
TW10_4624,0,0,pointed freebsd · this ·. response now discussing if have hipster beards. [URL] · as ·.
TW10_4625,0,0,presented without comment. [URL]
TW10_4626,0,0,rt [HANDLE] [HANDLE] [HANDLE] possibly · a ) · the canonic svn repo for · ) the correct · · · goo …
TW10_4627,0,0,"[HANDLE] yo, · bsdcan [HANDLE] going to be. could cause trouble; p"
TW10_4628,0,0,yes i have a selfie camera [URL]
TW10_4629,0,0,[HANDLE] [HANDLE] & lt; 3 thank
TW10_4630,0,0,[HANDLE] ele shaman.
TW10_4631,0,0,· · · at little cutie · to bully me. p [URL]
TW10_4632,0,0,getting · to kill stuff with my · # · # warlords [URL]
TW10_4633,0,0,posing · style · before wrecking * · *. # · # warlords [URL]
TW10_4634,0,0,[HANDLE] [HANDLE] be fair most of my activity happened nether my own commit ·.
TW10_4635,0,0,[HANDLE] [HANDLE] but rogue truly. dev · he thinks dev · nether github
TW10_4636,0,0,· other bsd · tell · wrong and it is delicious.
TW10_4637,0,0,· good ·. wandering into and attacking one of the few women · · to · · ·.
TW10_4638,0,0,"so, just to save you some time, bsd is my family the lone negative · · ever received not ·."
TW10_4639,0,0,"have never felt more · safe than about freebsd developer community they ·, i · them"
TW10_4640,0,0,smear · · to ·. these people · a ·.
TW10_4641,0,0,"so far, the · · · the freebsd dev community in · to is how we ·?"
TW10_4642,0,0,· stay · but attacking my · them glhf bringing
TW10_4643,0,0,been several · · · · · a · with an employer. * asked * · · to ·.
TW10_4644,0,0,merely all of these attacks enough commits had a dude do it you or · with people · my · ·
TW10_4645,0,0,[HANDLE] [HANDLE] i think i got mine because no · else wanted to touch code i working with.
TW10_4646,0,0,[HANDLE] nope! in ·.
TW10_4647,0,0,[HANDLE] · not be paid enough live done 20 '.: ·
TW10_4648,0,0,[HANDLE] ·. · the police were reasonably nice.
TW10_4649,0,0,[HANDLE] [EMAIL] lt
TW10_4650,0,0,[HANDLE] be a link to this in the patreon.
TW10_4651,0,0,[HANDLE] still not my login for ·: ·
TW10_4652,0,0,[HANDLE] yup!
TW10_4653,0,0,"[HANDLE] interesting, tho, that it · · of them."
TW10_4654,0,0,[HANDLE] [HANDLE] [HANDLE] laughing · right · github · telling rogue wrong
TW10_4655,0,0,rt [HANDLE] [HANDLE] gamergate do · · · [URL]
TW10_4656,0,0,"[HANDLE] [HANDLE] [HANDLE] wholly accurate run strings done / ·, · freebsd committer names of recent years"
TW10_4657,0,0,"[HANDLE] [HANDLE] [HANDLE] thinking ·, not userland. quite a bit · ish · userland exists ·"
TW10_4658,0,0,omg watching freebsd committers just rail at · for doubting my freebsd ·
TW10_4659,0,0,it's like christmas
TW10_4660,0,0,[HANDLE] ·.
TW10_4661,0,0,[HANDLE] oh · get meat from south.
TW10_4662,0,0,[HANDLE] think it was clefthoof meat?
TW10_4663,0,0,[HANDLE] were the rogue? normally · when i'm ·
TW10_4664,0,0,"rt [HANDLE]: if i · gdc and see · in of · i am walking out of · and · the ·, never t …"
TW10_4665,0,0,[HANDLE] can wreck rogues when ·. so · shadow - merely all my · ·. p
TW10_4666,0,0,· · · me · written. eh. don't truly care much.
TW10_4667,0,0,i · it a second glance didn't · · interesting. getting mad about · · at · ·. quality.
TW10_4668,0,0,i only really time to respond to mainstream media. reviewing · gg · about me · be too time ·.
TW10_4669,0,0,least msm manages · · · · · [HANDLE] [HANDLE]: ·
TW10_4670,0,0,"[HANDLE] you know this · the only time a code was · falsely attributed to a chick, ever p"
TW10_4671,0,0,· · included story · safety · down isis accounts · [HANDLE]
TW10_4672,0,0,"i'm not at gdc today, merely be there tomorrow"
TW10_4673,0,0,"well, to more accurate, be · tomorrow during ·. hit me you want to · ·.: d"
TW10_4674,0,0,[HANDLE] · so. should client - side · · · · client side as ·
TW10_4675,0,0,[HANDLE] ·. ^. ^
TW10_4676,0,0,to · off · photog today. now back to madly · & ·; cursing myself not · a haircut.
TW10_4677,0,0,watching gamergate mock women concerned appearing · · the threats been · · the · 6 ·.
TW10_4678,0,0,perpetuating a culture where · tolerated targets of · are · speaking out their abusers.
TW10_4679,0,0,gamergate intimidation mob. speak · threats · dog ·. · the · get · & amp; dog piled.
TW10_4680,0,0,"[HANDLE] [HANDLE] [HANDLE] i've got person blocked, · · ·. · 3"
TW10_4681,0,0,[HANDLE] [HANDLE] i'm not giving talk )
TW10_4682,0,0,uber just · · broke · happened · may. timely reporting
TW10_4683,0,0,[HANDLE] be down
TW10_4684,0,0,downside of using [HANDLE] that · · · · block ·
TW10_4685,0,0,rt [HANDLE]: checked the # · tag w / & amp; w / o [HANDLE] place. like night & amp; day. guess which led to more productive tweets …
TW10_4686,0,0,[HANDLE] · p · · merely excessively concerned another angry dude on ·.
TW10_4687,0,0,"[HANDLE] the · · not being · publish an · to · he own "" silencing """
TW10_4688,0,0,[HANDLE] so his opinion on being blocked on · is · reasonably ·
TW10_4689,0,0,[HANDLE] was already given email a while · by · ·.
TW10_4690,0,0,i like watching logs. [URL]
TW10_4691,0,0,a · · on 401 ( k ·. 2 past ·. not sure · not.
TW10_4692,0,0,"[HANDLE] yeah, including fees · excessively ·"
TW10_4693,0,0,[HANDLE] yah. mgt · fees · low. ~ [MONEY] ·.
TW10_4694,0,0,if i · who · i block you. · · who you're · they go after · [URL]
TW10_4695,0,0,· · ·. unreal. harassment from · make abuse more a topic i suppose. [URL]
TW10_4696,0,0,[HANDLE] beats me was · screencap
TW10_4697,0,0,it's human to react · to abuse. trying to blame someone · to · is · · of serial abusers.
TW10_4698,0,0,this is normally · · of domestic · merely a · tactic gamergate as well.
TW10_4699,0,0,it's another form of · but more insidious · · the · story
TW10_4700,0,0,stand strong. lone · to give · is that no one is really listening to this particular group anyhow.
TW10_4701,0,0,[HANDLE] ick. dv can · to ·.
TW10_4702,0,0,· [HANDLE]: you're being spammed when · # · # · 15 · · using the · · · · at · …
TW10_4703,0,0,rt [HANDLE] not twitter clients · your blocks to · results ·
TW10_4704,0,0,· for the · effective · for the need for # ggautoblocker i guess
TW10_4705,0,0,"not ·. will · a · search amp; blocks later. not sure if this · not, merely · sub - optimal."
TW10_4706,0,0,basically · · the matrix. [URL]
TW10_4707,0,0,rt [HANDLE] lots new ·. i'll sporadically · twitter account to · support as needed. - rh
TW10_4708,0,0,"[HANDLE] hahaha, the only anime wall scroll i own lain"
TW10_4709,0,0,[HANDLE] i · · · of the monitors top but then it's excessively · to · ·
TW10_4710,0,0,a comparison to santa · be more · · of talk about the · ·. [URL]
TW10_4711,0,0,"[HANDLE] feel · that · got armor like ·, it is soul sucking."
TW10_4712,0,0,01: 15: 19: 00 soon.
TW10_4713,0,0,[HANDLE] · mostly.
TW10_4714,0,0,[HANDLE] it does · to · · overlap · · · to ethics in games journalism.
TW10_4715,0,0,[HANDLE] thank you for the kind words:
TW10_4716,0,0,catching last bart home so excited! productive evening:
TW10_4717,0,0,[HANDLE] ms ·
TW10_4718,0,0,[HANDLE] [HANDLE] freebsd keeps getting · about firing me as well y'know the · · · i · to contribute.
TW10_4719,0,0,· · · · · from the igda a not - igda ·. so very collusion. how ·. much wow.
TW10_4720,0,0,[HANDLE] [HANDLE] [HANDLE] amazed gg didn't · · into a · somehow try do with ·.
TW10_4721,0,0,[HANDLE] [HANDLE] [HANDLE] glad your job is ·:
TW10_4722,0,0,[HANDLE] you · drive to la so tempting.: ·
TW10_4723,0,0,[HANDLE] oh! · you were · to ·. i'm 5 minutes from ·. via ·
TW10_4724,0,0,"today: meetings, meetings, · calls, so · · for announcement tomorrow!"
TW10_4725,0,0,[HANDLE] @ / popehat
TW10_4726,0,0,· [HANDLE]: [URL] a real · how government crypto · can fail open. [URL]
TW10_4727,0,0,[HANDLE] [HANDLE] it's good motivation to try to · things better
TW10_4728,0,0,[HANDLE] i've thinking · synergistic experiment people can get a faked tl · what like.
TW10_4729,0,0,[HANDLE] [HANDLE] do · · waiting to sue me.
TW10_4730,0,0,[HANDLE] [HANDLE] lol
TW10_4731,0,0,[HANDLE] [HANDLE] omg omg · magical dick scrub a better phrase has never been uttered am dying
TW10_4732,0,0,"i'm · have · · "" · · · · my head for the rest today. thanks, twitter."
TW10_4733,0,0,this · and this song. yes. [URL]
TW10_4734,0,0,"rt [HANDLE]: khadgar, you're fresh. [URL]"
TW10_4735,0,0,rt [HANDLE]: need to · google to stop trying to · sre ·?
TW10_4736,0,0,. [HANDLE] are a dog. proof that · · · anyone.: ·
TW10_4737,0,0,"[HANDLE] · · best place to hold q · a, ever or · the most dangerous place."
TW10_4738,0,0,· exhausted and full of excitement · · to · about and dance or · a nap. a · ·.
TW10_4739,0,0,· [HANDLE]: in the · · · you'll · · everyone · and that · · nether · · a * · * …
TW10_4740,0,0,rt [HANDLE]: · effects the internet make it even ·; · · · · get scrutiny normally reserved
TW10_4741,0,0,· [HANDLE] the · which one can dogpile others is chilling least we all think · as · rather th …
TW10_4742,0,0,"· · · in an hour. i · japanese kit kats in my purse. don't mug me, bro."
TW10_4743,0,0,[HANDLE] · · · kochava shirt! merely i lone few · ·.:
TW10_4744,0,0,[HANDLE] def there weds
TW10_4745,0,0,[URL] [URL]
TW10_4746,0,0,[HANDLE] omfg
TW10_4747,0,0,[HANDLE] come say · evening ilu
TW10_4748,0,0,· · just · me if the · that wrote [HANDLE] | / / cc [HANDLE]
TW10_4749,0,0,· out · the marriott marquis · · come · hi.: ·
TW10_4750,0,0,what · about · · · · · · of gin.
TW10_4751,0,0,[HANDLE] near metreon
TW10_4752,0,0,[HANDLE] yes
TW10_4753,0,0,[HANDLE] on way · be right there
TW10_4754,0,0,"rt [HANDLE]: women weren't · · for the · · of our ·. we got workers ·, · · ·. · …"
TW10_4755,0,0,"[HANDLE] all those damn uppity women, · a · · of ·, · · ·"
TW10_4756,0,0,[HANDLE] · yes.
TW10_4757,0,0,[HANDLE] · · busy p might be able ·
TW10_4758,0,0,this fucking potato is blowing my mind. duck fat. you guys. figuratively dying of bliss. [URL]
TW10_4759,0,0,[HANDLE] the fuck do · · · i · is ·
TW10_4760,0,0,· · · vodka and any the fuck these · [HANDLE] [URL]
TW10_4761,0,0,[HANDLE] [HANDLE] i don't knoow merely good
TW10_4762,0,0,"rt [HANDLE] "" don't mad cuz i'm me · doing you. """
TW10_4763,0,0,[HANDLE] [HANDLE] · sitting at dinner and i'm like chris. chris. chris warcraft
TW10_4764,0,0,[HANDLE] [HANDLE] name is loate
TW10_4765,0,0,[HANDLE] wat ok i · · when the vodka duck fat · off
TW10_4766,0,0,"for real though, a · for 3 days it's · · · yess red · come at me i will eat"
TW10_4767,0,0,marinated in gater tears
TW10_4768,0,0,· · me to the igda party am done
TW10_4769,0,0,[HANDLE] [HANDLE] [HANDLE] i fucking love lychees my ·
TW10_4770,0,0,· · place [URL]
TW10_4771,0,0,· and 7 minutes omg you guys i · ·
TW10_4772,0,0,that moment you've · & amp; think · being a complete · serving asshole but you can't · cuz ·
TW10_4773,0,0,"[HANDLE] [HANDLE] report it, email me, tell me · no response a timely ·"
TW10_4774,0,0,rt [HANDLE]: when you accidentally open your front camera: [URL]
TW10_4775,0,0,today is the day
TW10_4776,0,0,truly difficult deciding wear a press release · · everything.
TW10_4777,0,0,"many · · the wonderwoman outfit, merely · i · that · ·"
TW10_4778,0,0,"[HANDLE] tell it's a · convention, i'm thinking · dress over leggings · ·"
TW10_4779,0,0,"[HANDLE] if i look excessively ·, of ·. · · facial · and bright hair, so, y'know. personal style."
TW10_4780,0,0,[HANDLE] yes: ·
TW10_4781,0,0,[HANDLE] [URL]
TW10_4782,0,0,[HANDLE] haha have until ~ 3 30 pst.:
TW10_4783,0,0,"[HANDLE] 30 amazing are bullshit, would · relive '"
TW10_4784,0,0,· night i was · · people and they were asking what i do and i was · i can't · ·
TW10_4785,0,0,"· finally them like "" · harper? randi harper? "" and i · · adjust to this."
TW10_4786,0,0,when · uses my last name introduce · me always feel · trouble.
TW10_4787,0,0,[HANDLE] several pairs. ·
TW10_4788,0,0,[HANDLE] hahahahhahaha. [URL]
TW10_4789,0,0,[HANDLE] we can talk · · will make you feel ·
TW10_4790,0,0,[HANDLE] not giving talk. just · be there for fireworks.
TW10_4791,0,0,hit me with best shot. [URL]
TW10_4792,0,0,rt [HANDLE] in · the # womenintech attending # · · # womenshistorymonth [URL]
TW10_4793,0,0,[HANDLE] save some ribbons for & ·; 3 lt & ·;
TW10_4794,0,0,[HANDLE] [HANDLE] [HANDLE] · · please · as · may hate someone. · ·.
TW10_4795,0,0,[HANDLE] [HANDLE] [HANDLE] the action may be bad · · but seeing multiple · · her.
TW10_4796,0,0,[HANDLE] [HANDLE] ·. thank: )
TW10_4797,0,0,read this. i like. note · - out culture [URL] via [HANDLE]
TW10_4798,0,0,"[HANDLE] [HANDLE] i dunno i think pc is okay. call ( imo ) has more · ·, initiate pile ons"
TW10_4799,0,0,· your leggings had · · this [URL]
TW10_4800,0,0,[HANDLE] omg anil i am dying you ·
TW10_4801,0,0,"[HANDLE] this is a museum piece, sir"
TW10_4802,0,0,"[HANDLE] are · · - if you · · ones ( · ), l fits up like a size 22."
TW10_4803,0,0,[HANDLE] i lucky · to find mine on swap & amp; · · · i usally see them on ebay for & · [MONEY] +
TW10_4804,0,0,3 hours and 40 minutes
TW10_4805,0,0,[HANDLE] [HANDLE] the · · · page · is truly good for · aged pieces normal prices.
TW10_4806,0,0,i am excited · i · to cry. what.
TW10_4807,0,0,[HANDLE] bm · closer with · lt sizes.
TW10_4808,0,0,[HANDLE] merely amazon generally awful place · clothing other ·. & gt;. & gt;
TW10_4809,0,0,[HANDLE] regretful. & gt. & gt;
TW10_4810,0,0,· off · · ·. oops be · to make guesses as to why later ·
TW10_4811,0,0,setting · mail forwards · · and · · my eye makeup at the same · why life difficult
TW10_4812,0,0,· [HANDLE]: gonna be making large · at panel am on about online · today: d
TW10_4813,0,0,[HANDLE] i so fucking excited excited
TW10_4814,0,0,· grafana / · / · · set you again this be innteresting
TW10_4815,0,0,". [HANDLE] [HANDLE] ·, i use ruby my ladies"
TW10_4816,0,0,"okay. · · · contacts. i need to · someone salesforce, atlassian, and ·. yea · for now."
TW10_4817,0,0,[HANDLE] it's the eye makeup that · it all difficult.
TW10_4818,0,0,so weird you guys. so weird. so amazing you had · year · i · be i · would have ·
TW10_4819,0,0,[HANDLE] am · the fuck out of just being honest and · setting timers and ·
TW10_4820,0,0,"[HANDLE] ·, can you poke the · i · · possibly ·"
TW10_4821,0,0,[HANDLE] · · may · excessively · it's · a · part what are talking about ·
TW10_4822,0,0,[HANDLE] you ·. guyliner is best. · · · about that.
TW10_4823,0,0,"certain about stream, merely have the very least · of zoe making the announcement and ·"
TW10_4824,0,0,[HANDLE] [HANDLE] [HANDLE] · · twitter. if it's pressing abuse system · ·
TW10_4825,0,0,"· · my macbook air, my · my ds my · · 2 me need my battle station. suffice"
TW10_4826,0,0,[HANDLE] my budget bantam. ) i got an ipad. it a large · for.
TW10_4827,0,0,"[HANDLE] [HANDLE] [HANDLE] need ·, sales contact there specific thing. release · ~ ·"
TW10_4828,0,0,[HANDLE] [HANDLE] [HANDLE] will def be · · to this though think · will be good idea for us
TW10_4829,0,0,"[HANDLE] [HANDLE] [HANDLE] email randi at randi. io, if · my pager · for pressing ·, can · you."
TW10_4830,0,0,[HANDLE] ·. · figuring our · ·; infra concerns are · to be
TW10_4831,0,0,"[HANDLE] [HANDLE] [HANDLE] yea, not · · · all abuse happens about · not ·."
TW10_4832,0,0,[HANDLE] press is · · ·
TW10_4833,0,0,[HANDLE] mind hitting up · this · or tomorrow? will need · · · · · · yet.
TW10_4834,0,0,1 hour 21 minutes
TW10_4835,0,0,[HANDLE] can you · for a dm?
TW10_4836,0,0,[HANDLE] [HANDLE] [HANDLE] · · decidedly does get me hot
TW10_4837,0,0,[HANDLE] follow for dm please
TW10_4838,0,0,so · i am nauseated oh · · gosh · gosh
TW10_4839,0,0,wait. · · ·. what's · length limitation
TW10_4840,0,0,[HANDLE] me excessively
TW10_4841,0,0,rt [HANDLE] [HANDLE] ·. i rather · · gonna announce half - life 3 d:
TW10_4842,0,0,on way to gdc. will need to · things then. we wait.
TW10_4843,0,0,"rt [HANDLE] [HANDLE] any your · · to be, think broke reddit"
TW10_4844,0,0,lol · following to zynga management
TW10_4845,0,0,i'm here i'm hiding because i am literally wearing spoilers for the ·: ·
TW10_4846,0,0,just a few · until panel starts. zoe goes last. · · does. teasers then.
TW10_4847,0,0,[HANDLE] harassment panel. · row.
TW10_4848,0,0,[HANDLE] · · [HANDLE]:
TW10_4849,0,0,"[HANDLE] [HANDLE] · · able ·, if you could & amp post to · · amazing."
TW10_4850,0,0,listening to [HANDLE] · about how harassment is ·. how are · to help you done
TW10_4851,0,0,"bringing it · reason. · has brought · into the limelight, merely rest assured it's ·"
TW10_4852,0,0,"a · · ·, merely have seen far more harassment targeting ·."
TW10_4853,0,0,it is fitting are now seeing these strong women speaking out trying · · that others are uncertain how ·
TW10_4854,0,0,oh · mentioned me and # ggautoblocker in her · and am blushing and · ·
TW10_4855,0,0,"this ongoing tragedy, · our · amp we have learned to work together, and to · & ·; · these amazing ·."
TW10_4856,0,0,· · · to describe much · the work of all people met · · love all of them
TW10_4857,0,0,· about · ·. but the truth · isn't the real battle. · bigger ·.
TW10_4858,0,0,online · is something people have faced · careless of views on ethics in games journalism.
TW10_4859,0,0,"a truly tough problem, because a big problem. it is far reaching. it has many different forms."
TW10_4860,0,0,"scope the · can discourage · trying · it. frequently this · to · "" i just · person. """
TW10_4861,0,0,"just one person. there are many of us, and we have voices. but more that · experience and ·."
TW10_4862,0,0,you alone in this never alone in
TW10_4863,0,0,"we have seen so · antic things · out this ·. first, we have [HANDLE]. amazing ·. voice far ·."
TW10_4864,0,0,"have [HANDLE], an invaluable resource · emotional · · harassment."
TW10_4865,0,0,both of · created to · different aspects of very · · · of us.
TW10_4866,0,0,about time.: )
TW10_4867,0,0,soon soon soon
TW10_4868,0,0,zoe is · stage [URL]
TW10_4869,0,0,[URL]
TW10_4870,0,0,[URL]
TW10_4871,0,0,"today, i am happy to announce the · abuse · initiative, created with [HANDLE], [HANDLE], ·; [HANDLE]."
TW10_4872,0,0,oapi will focus on creating technical solutions online abuse. [URL]
TW10_4873,0,0,· · · several tech · · & ·; · · for · ·. are tech advocates the user.
TW10_4874,0,0,oapi will be · with [HANDLE] to provide them with the tools they ·
TW10_4875,0,0,creating tools and resources for individuals. we're working · with · · · to make a reality.
TW10_4876,0,0,"we know online abuse looks like. been · it, and we · · and publish our findings."
TW10_4877,0,0,"· about. already doing some · ·, can't wait until i'm · to tell you more."
TW10_4878,0,0,hahahaha [URL]
TW10_4879,0,0,[URL]
TW10_4880,0,0,be · · · as · nether bsd license. [HANDLE]
TW10_4881,0,0,[HANDLE] i'm doing it full time ·
TW10_4882,0,0,"· in ·, we be allowing external developers · [HANDLE]"
TW10_4883,0,0,[HANDLE]. · moving parts.
TW10_4884,0,0,[HANDLE] still · part never quite this ·. · · get weird:
TW10_4885,0,0,[HANDLE] [HANDLE] don't like the gpl
TW10_4886,0,0,[HANDLE] [HANDLE] besides a · i know ·. i agree · ·.
TW10_4887,0,0,rt [HANDLE]: [HANDLE] it's · to · this · many different · once! voltron indeed!
TW10_4888,0,0,[HANDLE] should def talk later
TW10_4889,0,0,[HANDLE] agreed.
TW10_4890,0,0,[HANDLE] nope.
TW10_4891,0,0,[HANDLE] · email. randi at new · ·:
TW10_4892,0,0,[HANDLE] awesome! wait to hear from you.
TW10_4893,0,0,[HANDLE] ·. we · that in a · will fix it )
TW10_4894,0,0,[HANDLE] you excessively!
TW10_4895,0,0,"we · typo and be fixing it · we got · pretty quickly. when we finally · ·, we move ·."
TW10_4896,0,0,[HANDLE] yes and yes
TW10_4897,0,0,[HANDLE] [HANDLE] little in specifics that am free to · point. merely · some ·.
TW10_4898,0,0,[HANDLE] [HANDLE] just the ·: )
TW10_4899,0,0,[HANDLE] i'm so ·. still at gdc. stuff is wild:
TW10_4900,0,0,we in the wall · journal! game · the · · not doing · to combat misogyny [URL]
TW10_4901,0,0,[HANDLE] soon. we've · it. gotta move ·.
TW10_4902,0,0,[HANDLE] · [EMAIL]
TW10_4903,0,0,zoe quinn · · developers · · | · | games | by dean takahashi [URL]
TW10_4904,0,0,zoe quinn gamergate developer how · - business insider [URL]
TW10_4905,0,0,the online abuse prevention initiative | hacker news [URL]
TW10_4906,0,0,· · that that endorphin rush · · get merely so · · oh ·.
TW10_4907,0,0,rt [HANDLE]: just colluding and conspiring with [HANDLE] [URL]
TW10_4908,0,0,"[HANDLE] gosh, finally: p"
TW10_4909,0,0,i cannot · this goofy grin face.
TW10_4910,0,0,"i can't · using this · · ·, but this is setting up disruptive ·"
TW10_4911,0,0,women · out about harassment at gdc [NUMBER] | metafilter [URL]
TW10_4912,0,0,rt [HANDLE] epic · with [HANDLE] and [HANDLE]
TW10_4913,0,0,dealing · | [URL] [URL]
TW10_4914,0,0,is so difficult · · ·. [HANDLE] · take my phone away.: ·
TW10_4915,0,0,· · i · · curl up · away from · a while. need to calm and · ·.
TW10_4916,0,0,amount of kind words and support we've received from all of you has been huge · you all so much.
TW10_4917,0,0,[HANDLE] · · posting wow selfies.
TW10_4918,0,0,[HANDLE] lines of tequila driven perl. good ·.
TW10_4919,0,0,[HANDLE] i kinda laughed at the pic gotta admit
TW10_4920,0,0,rt [HANDLE]: # trying to · their nonsense to · on · ·. the replies · & · 3 [URL]
TW10_4921,0,0,"[HANDLE] "" · # grammargate"
TW10_4922,0,0,[HANDLE] [HANDLE] · to. i wrote it · and was drunk off my ass.
TW10_4923,0,0,[HANDLE] · soon.;
TW10_4924,0,0,"[HANDLE] well, now you might have some idea to been so · ·: ·"
TW10_4925,0,0,[HANDLE] about my next week is · · merely fill · i'm · · me ·. come ·.
TW10_4926,0,0,"[HANDLE] i think partially a gender thing, tbh a · women leadership ·"
TW10_4927,0,0,[HANDLE] curious to how mindset · · · · founders vs dudes.
TW10_4928,0,0,"rt [HANDLE] · · with women's issues, let the · ·."
TW10_4929,0,0,"rt [HANDLE]: · days, merely [URL] · precisely · a lot · ·. nice work, [HANDLE] a"
TW10_4930,0,0,[HANDLE] ·:
TW10_4931,0,0,[HANDLE] i'm a · an · the · texas i'm · · · my · about
TW10_4932,0,0,alright. time for me · off the internet · for a bit until i manage sleep. · gdc late ·.
TW10_4933,0,0,am so tired. · ·. · · up to minor adrenaline rush. need to · quickly need to get stuff done merely truly need ·
TW10_4934,0,0,[HANDLE] a chilling ·: ·
TW10_4935,0,0,so tempting to wear · woman · nether my normal · today. cape · bart could ·.
TW10_4936,0,0,[HANDLE] just heard yesterday. well done.: )
TW10_4937,0,0,[HANDLE] · · ) outfit has a cape.
TW10_4938,0,0,i appreciate the · regarding the domain whois info merely · · this deliberate.
TW10_4939,0,0,"a target regardless, information already public. · · security, and local · know am"
TW10_4940,0,0,"i do to · · us an actual business · soon so we can · with · get · status, is ·"
TW10_4941,0,0,[HANDLE] making · that later. until paperwork is · it's all · by · the money from patreon
TW10_4942,0,0,"·, · · obviously ) not looking be headhunted, merely be · your · · ·!; )"
TW10_4943,0,0,· a ' target how protect from harassment · geekwire [URL]
TW10_4944,0,0,[HANDLE] sent to my · list later. thank )
TW10_4945,0,0,[HANDLE] ·! secure funding first.
TW10_4946,0,0,"morning after · over · · how · of · · your bed. "" did code · · """
TW10_4947,0,0,"we've all been there, right?. right?. guys? * · *"
TW10_4948,0,0,[HANDLE] aww hope · · better over there soon.
TW10_4949,0,0,"[HANDLE] [HANDLE] [HANDLE] [HANDLE] ·, · you · to correct people merely please · my mention:"
TW10_4950,0,0,[HANDLE] been there
TW10_4951,0,0,[HANDLE] · our doc. i understand · grants an art so it'll likely take for us get it right.
TW10_4952,0,0,[HANDLE] me excessively wait free to ·: )
TW10_4953,0,0,[HANDLE] i love your hair: )
TW10_4954,0,0,"uh, yes i be needing this ·. [URL]"
TW10_4955,0,0,rather · the uneducated criticism hearing about from gamergate they · · · i won't pay taxes.
TW10_4956,0,0,i'm an · of that non - profit. i pay the same taxes on my · · of profit. they are · some weird stuff.
TW10_4957,0,0,"i try to make · out of not · to their conspiracy ·, merely one was excessively funny not to share. )"
TW10_4958,0,0,[HANDLE] who puts gamergate on an exam? o
TW10_4959,0,0,[HANDLE] glad it was · to help.:
TW10_4960,0,0,[HANDLE] bahahaha
TW10_4961,0,0,[HANDLE] i love rock band.: p
TW10_4962,0,0,rt [HANDLE]: · house for # · [URL]
TW10_4963,0,0,need to stop frantically · responses to · to be · · the rest of my board ) and get my butt to ·.
TW10_4964,0,0,for first time my months of · a man momentarily · all · in · · ·. congrats?
TW10_4965,0,0,[HANDLE] are you ·
TW10_4966,0,0,[HANDLE] if you i may try · you another hug.
TW10_4967,0,0,[HANDLE] · get more · into trans issues - decidedly · that · significant amount · harassment
TW10_4968,0,0,[HANDLE] looking forward to seeing your tweets
TW10_4969,0,0,[HANDLE] begins.
TW10_4970,0,0,have · autoblock · run against own accounts several accounts blocked this · based · · me
TW10_4971,0,0,checked a timeline two for ·. i'm · · works well it )
TW10_4972,0,0,[HANDLE] mad props [HANDLE]. well done.
TW10_4973,0,0,[HANDLE] decidedly progress. truly · to give a ted talk point · tech · social ·
TW10_4974,0,0,presented without comment. [URL]
TW10_4975,0,0,[HANDLE] giving · · has · · for. everlastingly i just had · · i passionate about ·
TW10_4976,0,0,[HANDLE] yes. yes please. take my money.
TW10_4977,0,0,· [HANDLE] blizzard is · · at toxic players in heroes the ·: [URL] [URL]
TW10_4978,0,0,i · way blizzard is tackling toxic players in heroes · it's a · · step
TW10_4979,0,0,· · · difficult of the · intervention and · of bias that ·.
TW10_4980,0,0,"for more crying · ·, decidedly need · respond to those · merely most toxicity"
TW10_4981,0,0,"having a high level · in your · can lead more serious · harassment abuse, so need · this ·."
TW10_4982,0,0,· the · hands of · a · idea. · more active solutions for protecting ourselves
TW10_4983,0,0,one of my · · · sending abuse · the · of a ticketing system and waiting for a · can do ·
TW10_4984,0,0,[HANDLE] the lone · · the kotaku article just rted
TW10_4985,0,0,"· companies are · * tech * companies. · ·, merely deal with inordinate amounts abuse."
TW10_4986,0,0,[HANDLE] · to write those with current limitations of developer policy.
TW10_4987,0,0,· · transparency in abuse systems merely · in can · · to · system
TW10_4988,0,0,[HANDLE] gdc has been amazing we've been waiting for
TW10_4989,0,0,[HANDLE] and that · break developer policy.
TW10_4990,0,0,"[HANDLE] you can't filter, with · blocks"
TW10_4991,0,0,"[HANDLE] tweetdeck · by ·, and was bought around the time that · was changed"
TW10_4992,0,0,[HANDLE] · on.
TW10_4993,0,0,"· [HANDLE] "" am proud · this · organization "" "" · r fat "" god · working internet."
TW10_4994,0,0,[HANDLE] are fucking amazing and i ·
TW10_4995,0,0,iff · me gdc blizzard · tonight and ask me i wearing a wonderwoman outfit not be · to · it
TW10_4996,0,0,don't put the cape unless · be hero. [URL]
TW10_4997,0,0,[HANDLE] nether clothes: p the cape is my ·
TW10_4998,0,0,"rt [HANDLE]: ·, · · people must really love canada jokes"
TW10_4999,0,0,· · just · entire apartment is [HANDLE] themed. her logo colors = = my ·
TW10_5000,0,0,[HANDLE] this is my work:
TW10_5001,0,0,· when · that a movement based on harassment · do · their power ·.
TW10_5002,0,0,[HANDLE] got · awesome lawyer working with ·
TW10_5003,0,0,[HANDLE] · truly · · care. in a · sense · has no importance.
TW10_5004,0,0,"[HANDLE] that's why they really effect us. · industry is ·, certain. but · · conversation."
TW10_5005,0,0,· gdc expo hall. look the neon pink backpack )
TW10_5006,0,0,· [URL]
TW10_5007,0,0,"· · · ·. "" · i know you"
TW10_5008,0,0,"and they knew, excessively ·."
TW10_5009,0,0,[HANDLE] are partnered with. are · · of ·;
TW10_5010,0,0,[HANDLE] probably. will · the rest of ·.
TW10_5011,0,0,[HANDLE] i had to run for a · · make · earlier end of day. also omg hi
TW10_5012,0,0,"[HANDLE] not certain ·, merely heard good · · ·"
TW10_5013,0,0,going to see [HANDLE] movie i am so ·
TW10_5014,0,0,[URL]
TW10_5015,0,0,so fucking proud of zoe right and it is so weird · of · ·
TW10_5016,0,0,[URL]
TW10_5017,0,0,terrified every · · of my · of fact people think i know what i'm doing # ·
TW10_5018,0,0,[HANDLE] used to
TW10_5019,0,0,rt [HANDLE]: [HANDLE] i think different things that have · since last august · · · th …
TW10_5020,0,0,[HANDLE] i saw your ·
TW10_5021,0,0,· ·. [HANDLE] ·. i a crush. # gameloading
TW10_5022,0,0,· · is in a moovie [HANDLE] # gameloading [URL]
TW10_5023,0,0,[HANDLE]
TW10_5024,0,0,i see [HANDLE]! ·
TW10_5025,0,0,# gamergate is now literally industry joke | badass digest [URL]
TW10_5026,0,0,· [HANDLE]: our · · was mistake. google supports an · divers · · for all do support # gamergate
TW10_5027,0,0,stop · · whoever · that [HANDLE] · ·. retracted. is not a reasonable response
TW10_5028,0,0,[HANDLE] [HANDLE] yes. it ·. people have · · · · their judgement
TW10_5029,0,0,"[HANDLE] [HANDLE] no, it wasn't. a minority and it was · · silence and other women."
TW10_5030,0,0,[HANDLE] i'm just referring to besides are · /
TW10_5031,0,0,"[HANDLE] yea, we should talk. i to · an email over · earlier i was · it ·."
TW10_5032,0,0,"[HANDLE] you ·. & lt i got a text about it at a very inopportune time, "" ·, hell, not now. """
TW10_5033,0,0,"i'm not certain who ·, merely i've sent · of their ·, and i · them keep rocking it, ·."
TW10_5034,0,0,"people are · interesting case irt libel and some · gg · about oapi, merely ·, my dance card · full"
TW10_5035,0,0,"[HANDLE] that's amazing.: yea, i'm truly · to · response - · · · me ·"
TW10_5036,0,0,[HANDLE] know what we're no power outside of distraction
TW10_5037,0,0,"[HANDLE] i had that for a while in beginning, but now? i code that · · all of it for me, if it's ·."
TW10_5038,0,0,[HANDLE] like reading tabloids. easy · excessively · · reading garbage instead doing · things.
TW10_5039,0,0,"[HANDLE] ·. still · · · · · cape on bart, · · that · ·."
TW10_5040,0,0,"[HANDLE] · yes. we are · with crash, but they are · ·. work tech & · directly with tech cos."
TW10_5041,0,0,[HANDLE] have · out about this ·;
TW10_5042,0,0,"i need to post this again, i keep re - reading this article and going · [URL]"
TW10_5043,0,0,[HANDLE] [HANDLE] hi i like you & · 3
TW10_5044,0,0,[HANDLE] [HANDLE] · the last line the paragraph about · · · full of · devs dinner tonight. love.
TW10_5045,0,0,[HANDLE] · well.
TW10_5046,0,0,[HANDLE] honestly i · his ·: · truly · i'm · with real data ·
TW10_5047,0,0,[HANDLE] # nachoshield is favorite.
TW10_5048,0,0,"[HANDLE] it's ·, merely well. just say entire following week · · meetings. no time for gamergate.: )"
TW10_5049,0,0,i got insight the · gaming community tonight just · it ·.
TW10_5050,0,0,a lot of · · devs remind me a lot of foss devs. about that ·. i'm · to passion. kind of in love with all of.
TW10_5051,0,0,[HANDLE] hoping · · more info soon.: ) lots of · in ·. i promise large ·.
TW10_5052,0,0,"[HANDLE] · in mind. some point, could · going there merely on · least 9 12 months."
TW10_5053,0,0,[HANDLE] o appreciated greatly. going to be releasing some financial info soon.
TW10_5054,0,0,· great today. · you for · me be a small part of your world merely it's · ( · · my cape and · to bed.
TW10_5055,0,0,"· yea. no gdc today. ·. excessively · to following ·, can't risk · blown consars."
TW10_5056,0,0,"gg has already started flooding the irs, proving they · it · to get the irs to do what want them to do."
TW10_5057,0,0,how do i even · ache i am not 4
TW10_5058,0,0,[HANDLE] oof. missing chefconf? bummer:
TW10_5059,0,0,[HANDLE] tempting. i ·; 3 chef community · merely · focus is moving · devops · like · go to someone ·.: ·
TW10_5060,0,0,[HANDLE] ·. i might actually do that.
TW10_5061,0,0,[HANDLE] [HANDLE] thanks
TW10_5062,0,0,"[HANDLE] a · · contribute just a · ·, and it turns into · to · adrift · · vastly ·"
TW10_5063,0,0,[HANDLE] i wear beats headphones for phone ·. ·
TW10_5064,0,0,[URL]
TW10_5065,0,0,[HANDLE] does · · · · · it back
TW10_5066,0,0,[HANDLE]. thought same thing.
TW10_5067,0,0,[HANDLE] purchased from · dreams ·: ·
TW10_5068,0,0,[HANDLE] [URL]
TW10_5069,0,0,[HANDLE] is absurd much of my amazon · list consists of socks.
TW10_5070,0,0,"[HANDLE] · fun socks, check out · by · · [URL]"
TW10_5071,0,0,[HANDLE] i have those.: p
TW10_5072,0,0,"[HANDLE] hahaha, favorite thing ever · fun socks.: )"
TW10_5073,0,0,rt [HANDLE] · [HANDLE] for the great talk [HANDLE] · · [HANDLE] [URL]
TW10_5074,0,0,[HANDLE] i not on the list
TW10_5075,0,0,[HANDLE] thank you for personal story you · was ·
TW10_5076,0,0,"[HANDLE] seriously, you're · make cry p"
TW10_5077,0,0,[HANDLE] ( p s · makes the best games
TW10_5078,0,0,[HANDLE] amazing!
TW10_5079,0,0,[HANDLE] email me this can · it presently in car.
TW10_5080,0,0,[HANDLE] have · few more citations soon.: including · text · oapi's relationship ·.
TW10_5081,0,0,"[HANDLE] [HANDLE] ·. · on my phone, so didn't see · · ·"
TW10_5082,0,0,[HANDLE] i · · twitter. it'll quoted by · need have the rest oapi involved in statements
TW10_5083,0,0,had · until · the · then the · in the past few days me · · the time. good ·.
TW10_5084,0,0,then i · · merely i have work to do · i just went out · a 6 lb brisket. all · can · meat.
TW10_5085,0,0,[HANDLE] that's never a problem
TW10_5086,0,0,[HANDLE] the real · · started. ^. ^
TW10_5087,0,0,[HANDLE] [HANDLE] [HANDLE] · in · that promoted tweets to be timeline tweets
TW10_5088,0,0,"· lot talk gdc vs pax felt safer at gdc post - · than i at pax pre gamergate so,."
TW10_5089,0,0,[HANDLE] have other experiences not fine the · an · ·
TW10_5090,0,0,no. [URL]
TW10_5091,0,0,· [HANDLE] [HANDLE] [HANDLE] party · · · # ·? not cool [URL]
TW10_5092,0,0,[HANDLE] [HANDLE] not cool.
TW10_5093,0,0,[HANDLE] [HANDLE] [HANDLE] [HANDLE] same. i · bought · · i always buy ·.
TW10_5094,0,0,[HANDLE] · · · gets · by the ·. [EMAIL].
TW10_5095,0,0,[HANDLE] · how creepy and inappropriate tweet is
TW10_5096,0,0,[HANDLE] yo check [URL] has · much with eyestrain.
TW10_5097,0,0,[HANDLE] ah. · ·. the pacing · · ·.
TW10_5098,0,0,"[HANDLE] eek ( besides hi, · you you're amazing lt 3 )"
TW10_5099,0,0,[HANDLE] · & · support sex workers · with ·
TW10_5100,0,0,· i'm · the startup scene it seems like a bad thing looking forward season 2 silicon ·. but it looks so ·.
TW10_5101,0,0,the empty chair - # reasontobe - · [NUMBER]: [URL]
TW10_5102,0,0,[URL]
TW10_5103,0,0,that a comment · from polygon's article on the # · ·. [URL]
TW10_5104,0,0,[HANDLE] · · you · of women and · the constant stream of · ·
TW10_5105,0,0,· a way to switch btwn · tabs. have a · of tabs · for a · addon · creates goog calendar for garrison.
TW10_5106,0,0,"probably not · to be working that for · few · · to · "" · not - · "" set tabs."
TW10_5107,0,0,[HANDLE] i'm largely pondering a few startup incubators are accepting not profit applications.
TW10_5108,0,0,"[HANDLE]: p oapi. · in ·, venturebeat,. · ·. [URL]"
TW10_5109,0,0,[HANDLE] [HANDLE] [HANDLE] · what did they do ·
TW10_5110,0,0,[HANDLE] [HANDLE] [HANDLE] [HANDLE] ·. which enforcer.
TW10_5111,0,0,[HANDLE] [HANDLE] [HANDLE] [HANDLE] ·: i'm an ex - · )
TW10_5112,0,0,[HANDLE] [HANDLE] [HANDLE] i am not surprised in ·. · i was
TW10_5113,0,0,[HANDLE] [HANDLE] · in mind that pa put a · · in charge of · then · nether the rug yrs ago
TW10_5114,0,0,sickened but · by · at pax earlier today. pax has · of · poor decisions at cost of ·.
TW10_5115,0,0,"[HANDLE] [HANDLE] [HANDLE] · · · that ·. i use it for reference merely i · live with her, and"
TW10_5116,0,0,[HANDLE] [HANDLE] [HANDLE] are not precisely on speaking ·.
TW10_5117,0,0,[HANDLE] [URL]
TW10_5118,0,0,[HANDLE] [HANDLE] [HANDLE] i · to · about it much: p · info.
TW10_5119,0,0,[HANDLE] [URL]
TW10_5120,0,0,[HANDLE] [HANDLE] love hugs? hugs are · · ·
TW10_5121,0,0,idea. how about · · · for n period of time?
TW10_5122,0,0,"so it would auto · after n ·, any"
TW10_5123,0,0,[HANDLE] [HANDLE] yea it · accurate. don't · that dude thought that were bad ·.
TW10_5124,0,0,"[HANDLE] iirc, tweetbot is a paid app.: not necessarily thinking full - fledged client."
TW10_5125,0,0,[HANDLE] · i like that.
TW10_5126,0,0,[HANDLE] built - · good. do with rd · · than providing client meanwhile.
TW10_5127,0,0,. [HANDLE] tweetbot a paid client.
TW10_5128,0,0,[HANDLE] a lot harder. developer · prohibits it.
TW10_5129,0,0,[HANDLE] [URL]
TW10_5130,0,0,[HANDLE] [HANDLE] not fond the · · · with a money barrier
TW10_5131,0,0,[HANDLE] i'm also quite curious and wondering the radio silence from [HANDLE]
TW10_5132,0,0,[HANDLE] [HANDLE] blocked you? i thought she blocked someone else.
TW10_5133,0,0,[HANDLE] [HANDLE] [URL]
TW10_5134,0,0,[HANDLE] [HANDLE] except features · a pay barrier
TW10_5135,0,0,rt [HANDLE]: women at gdc share grievous stories this how # · · respond [URL]
TW10_5136,0,0,[HANDLE] [HANDLE] · more for these to be options added · or · · ·
TW10_5137,0,0,[HANDLE] [HANDLE] · way · abuse preventatives lately · · of pay wall. get behind.
TW10_5138,0,0,"[HANDLE] [HANDLE] [HANDLE] i took out this is that i [HANDLE] s sockpuppet, · i ·."
TW10_5139,0,0,[HANDLE] [HANDLE] [HANDLE] revenge porn · is · you · to he · · tech companies ·.
TW10_5140,0,0,"[HANDLE] [HANDLE] [HANDLE] if · ·, called collusion, conversation · ·."
TW10_5141,0,0,[HANDLE] [HANDLE] [HANDLE] his original account ·.
TW10_5142,0,0,rt [HANDLE]: · · # gamergate ethicsed over the place [URL]
TW10_5143,0,0,[HANDLE] hmm. that · · actionable.
TW10_5144,0,0,[HANDLE] you send it up? i'm precisely · ·
TW10_5145,0,0,"[HANDLE] yo, you're enforcing at · ·, ·? · person? [URL]"
TW10_5146,0,0,[HANDLE] don't think so. it was found.
TW10_5147,0,0,[HANDLE] · appreciated.
TW10_5148,0,0,"[HANDLE] [HANDLE] at the least, actionable twitter. [URL] is good enough for · ·"
TW10_5149,0,0,[HANDLE] [HANDLE] [HANDLE] ok - i have · i at least love how they are · correct ·
TW10_5150,0,0,[HANDLE] he · entire world should be indies.
TW10_5151,0,0,[HANDLE] [HANDLE] [HANDLE] [HANDLE] im sorry wat [URL]
TW10_5152,0,0,oo. about · · to submit to cfp for ·.:
TW10_5153,0,0,my bot. [URL]
TW10_5154,0,0,[HANDLE] [HANDLE] · now to decide what to ·. & gt gt;
TW10_5155,0,0,[HANDLE] think him muted because was misconfigured to · tweet at me.: ·
TW10_5156,0,0,[HANDLE] [HANDLE] apparently not
TW10_5157,0,0,[HANDLE] i hate that bot because a misconfigured · that have ebooks in ·.
TW10_5158,0,0,[HANDLE] now i login randi · and · him · · blacklist. · · for.
TW10_5159,0,0,[HANDLE] do dumbass things kicked bot
TW10_5160,0,0,[HANDLE] [HANDLE] needs to · the bot to something · and this wouldn't ·.
TW10_5161,0,0,stand by [HANDLE]
TW10_5162,0,0,[HANDLE] i know you're · done · right now. i · this dm or email randi at [URL]
TW10_5163,0,0,"[HANDLE] awesome, and i love"
TW10_5164,0,0,"[HANDLE] · it into a · · · pretty rad, excessively"
TW10_5165,0,0,"[HANDLE] i still · whole white knight ·. knights get · armor, sword ·. wouldn't want this land in sf?"
TW10_5166,0,0,there's · · · that has tweeted about me more than times in the · 12 ·. this has been her pattern for the & gt; 1 week.
TW10_5167,0,0,"· to summon a · making · · about ·, · ·. unreassuring. pondering if · to ·."
TW10_5168,0,0,"truly · comes to gaters being gatery about * me *, merely regarding ·, that's problem"
TW10_5169,0,0,"[HANDLE] largely ignoring it, merely · fixated · weird accusations. · once · · me."
TW10_5170,0,0,[HANDLE] · i to get · to · of bloggers using name to · ·. merely slightly irritated.
TW10_5171,0,0,[HANDLE] [HANDLE] eh this · a legal concern.
TW10_5172,0,0,"[HANDLE] no doubt. truly have time for lawsuits, so a question of · · · ·."
TW10_5173,0,0,[HANDLE] on one hand the lone · has is · doesn't truly · oapi's ·.
TW10_5174,0,0,[HANDLE] merely on the · it sends a · used · an org's image vs own
TW10_5175,0,0,· putting pocky through · ·. that seems ·. [URL]
TW10_5176,0,0,[HANDLE] so much pocky
TW10_5177,0,0,[HANDLE] yes
TW10_5178,0,0,[HANDLE] storing it ·!
TW10_5179,0,0,[HANDLE] [HANDLE] so it · · other bots.:
TW10_5180,0,0,[HANDLE] matcha
TW10_5181,0,0,"[HANDLE] well, i · a case of it, soo. ·"
TW10_5182,0,0,[HANDLE] does that have to do with anything?
TW10_5183,0,0,[HANDLE] got pr firm. i might toss this their way.
TW10_5184,0,0,· · · defend chums on facebook
TW10_5185,0,0,this is conversation one of chums friends · ·. [URL]
TW10_5186,0,0,"i'm watching · say that knew was lone · · until happened. still, nothing was done."
TW10_5187,0,0,[HANDLE] [HANDLE] · · the · the code is ·.
TW10_5188,0,0,[HANDLE] dude stop · at what ·
TW10_5189,0,0,"[HANDLE] · · calmed, poke on · and tell it's a problem w / the code ·."
TW10_5190,0,0,[HANDLE] merely right dealing · getting rape and · · regretful · truly large · ·
TW10_5191,0,0,[HANDLE] hey if you toss more info about pass chain to enforcer type people · appreciated
TW10_5192,0,0,"[HANDLE] hi. · enforcer her. · now ·. used to, merely state law required."
TW10_5193,0,0,"[HANDLE] it's · wage. this started happening about 4 years ago, i think."
TW10_5194,0,0,"[HANDLE] thanks, it is appreciated."
TW10_5195,0,0,[HANDLE] [HANDLE] · i am laughing so difficult right
TW10_5196,0,0,"[HANDLE] [HANDLE] given the changes in recruiting, not really surprised. it was already going ·.: ("
TW10_5197,0,0,"[HANDLE] [HANDLE] i thought idea and i · ·. but in ·, i've seen [E] quality drop in past 5 yrs"
TW10_5198,0,0,[HANDLE] [HANDLE] · is · · at policing itself merely not · already ·. or ·
TW10_5199,0,0,[HANDLE] · to · on facebook in · merely · · out their names on twitter. it would be a · ·.
TW10_5200,0,0,[HANDLE] [HANDLE] yo bby i'm chaotic good
TW10_5201,0,0,[HANDLE] [HANDLE] wait which d amp d version
TW10_5202,0,0,i just couldn't ever develop · romantic feelings for anyone that prefered d amp; d · · over 3. 5.
TW10_5203,0,0,[HANDLE] 5 · edition · speak
TW10_5204,0,0,[HANDLE] i hate shadowrun p
TW10_5205,0,0,[HANDLE] · amp d for peasants.
TW10_5206,0,0,i have the fitbit aria scale. a wifi scale logs internet. is amazing. but not for the reasons you'd think.
TW10_5207,0,0,"· use · get emails w / their weight. sometimes playing · games, i'll mutely mouth · at ·"
TW10_5208,0,0,[HANDLE] are married young · · here
TW10_5209,0,0,[HANDLE] a · girl in a polygamous world.
TW10_5210,0,0,[HANDLE] [HANDLE] but does it scale?
TW10_5211,0,0,[HANDLE] that was my ·: ·
TW10_5212,0,0,[HANDLE] [HANDLE] · couple of pathfinder modules merely it's truly ·
TW10_5213,0,0,[HANDLE] [HANDLE] [HANDLE] mayybe. like virtual d & amp; d. i · · · on fire and cause ·
TW10_5214,0,0,[HANDLE] [HANDLE] i about · is it in · forgetting keyboard · word replace · butt
TW10_5215,0,0,[HANDLE] [URL]
TW10_5216,0,0,[HANDLE] i · this game drunk.
TW10_5217,0,0,· · # selfie # warlords [URL]
TW10_5218,0,0,[HANDLE] perl requires little logic: p
TW10_5219,0,0,wholly · · # · # warlords [URL]
TW10_5220,0,0,· on serious face # selfie # warlords [URL]
TW10_5221,0,0,[HANDLE] love they've done with trolls
TW10_5222,0,0,[HANDLE] i got spells for that
TW10_5223,0,0,·. # warlords # selfie [URL]
TW10_5224,0,0,[HANDLE] selfies ·. ^. ^
TW10_5225,0,0,· more bg earlier ·: ) # · # warlords [URL]
TW10_5226,0,0,"if · a follow from [HANDLE] · is. a · is chilling, and i · a · account for yelling: p"
TW10_5227,0,0,· a follow request i know you i'll · approve · you meh possibly
TW10_5228,0,0,[HANDLE] · now? multiple browsers: p i should set up tweetdeck for this
TW10_5229,0,0,[HANDLE] chrome now · · · · i · back · a different ·. ·.
TW10_5230,0,0,"[HANDLE] · stuff is team based though, i'm thinking tweetdeck is way to ·."
TW10_5231,0,0,"i am sorry, journalists, but kind · to ·. ·; & ·; ·, truly do, but for this. & · 3"
TW10_5232,0,0,[HANDLE] [HANDLE] yea pretty rad for managing · · assorted services
TW10_5233,0,0,[HANDLE] this one · - ish. less tweets i think. i'm still figuring my · · amp · normal persona.
TW10_5234,0,0,[HANDLE] besides a few famous people · me and now freaking out that i tweet too much · want to · them.: ·
TW10_5235,0,0,[HANDLE] that's · with a private account
TW10_5236,0,0,rt [HANDLE] i wonder if [HANDLE] ·: # wonderwoman # · [URL]
TW10_5237,0,0,[HANDLE] tweetdeck has · · better finally fixed big blocklist bugs
TW10_5238,0,0,[HANDLE] tweetbot is paid · ·
TW10_5239,0,0,[HANDLE] ·. & gt;. & gt;
TW10_5240,0,0,"· a mention on tech news 2 night on [URL] not % accurate, merely close ·:. [URL]"
TW10_5241,0,0,[HANDLE] sometimes.
TW10_5242,0,0,[HANDLE] · · take · for me · my · work · merely i truly let · · my life decisons & ·;
TW10_5243,0,0,[HANDLE] merely careless · to · her crud linked. picking targets to · · · ·.
TW10_5244,0,0,should · · oapi soon. lots of questions about ·. glad see people so excited
TW10_5245,0,0,· to learn the · of writing to apply ·. seems like · · · drastically different · · level · detailed.
TW10_5246,0,0,[HANDLE] ·.
TW10_5247,0,0,[HANDLE] a markov bot. a human.
TW10_5248,0,0,[HANDLE] · of i was able to oom 2. micro servers with that script · ·
TW10_5249,0,0,"obama just said "" user face desginer oh. no."
TW10_5250,0,0,· · tlel · · had my face buried my coffee cup.
TW10_5251,0,0,i heard it correctly. 1: 20. [URL]
TW10_5252,0,0,"· whitehouse. "" user face designer "" · job ·."
TW10_5253,0,0,· how am lone · that · this? this just confirms belief lone · · the morning news.
TW10_5254,0,0,[HANDLE] · is grandma. & gt. & gt
TW10_5255,0,0,[HANDLE] · * · · · * a trendsetter
TW10_5256,0,0,[HANDLE] dad?
TW10_5257,0,0,[HANDLE] [HANDLE] · it.
TW10_5258,0,0,my kingdom for a · · · online. · one provided by my former ·.
TW10_5259,0,0,"[HANDLE] i didn't read them.: p i was sent a few screencaps, which is why i was a bit concerned."
TW10_5260,0,0,[HANDLE] there are statements · are obvious slander ( ie i do with funds w / patreon · · ·
TW10_5261,0,0,[HANDLE] merely · that these people · not understand the · between charity and · bother · my time?
TW10_5262,0,0,[HANDLE] the only thing truly · is stalkerish in · · of dude · up at my ·
TW10_5263,0,0,[HANDLE] that shit freaks out. that · · do · merely that she could rile someone · something
TW10_5264,0,0,"[HANDLE] · ever · · · · ·. merely certain she'll · · "" dogpile! """
TW10_5265,0,0,[HANDLE] guess he was trying to · - who ·? p
TW10_5266,0,0,[HANDLE] won't work. c! = charity
TW10_5267,0,0,[HANDLE] · · swap.: p
TW10_5268,0,0,[HANDLE] ·:
TW10_5269,0,0,· i've been doing a · · · that a · mra · · i public enemy # 1. · write · about
TW10_5270,0,0,i think this spam. i'm certain what i'm reading merely · / [HANDLE] [URL] [URL]
TW10_5271,0,0,[HANDLE] redis is overkill for what i'm. i · something more portable ·
TW10_5272,0,0,[HANDLE] oo old school i didn't even think
TW10_5273,0,0,[HANDLE] ·. this looks perfect
TW10_5274,0,0,[HANDLE] · blown · is overkill for will try this: )
TW10_5275,0,0,[HANDLE] ·
TW10_5276,0,0,"[HANDLE] · you · desk · i ·, it improbable been doing obscene things · evening"
TW10_5277,0,0,"[HANDLE] you one of my favorite people, bby. follower ·"
TW10_5278,0,0,"realized 8 hours, my logic goes to hell and it's · · and · · · · to · ·."
TW10_5279,0,0,"· to get · to · · sticking to project roadmap, · i'll · · · on ·"
TW10_5280,0,0,trying to play nicely · on · · a · experience. devops did not prepare.
TW10_5281,0,0,[HANDLE] or many · · ·.
TW10_5282,0,0,""" fear, because you · look like a ·, sound · a man, and your reason · ·. [URL]"
TW10_5283,0,0,woah! went to · prod sarah jeong to see · · a legal question · was gone. hope everything ·. (
TW10_5284,0,0,· · if alright?
TW10_5285,0,0,"[HANDLE] [HANDLE] oh, ·. truly ·"
TW10_5286,0,0,[HANDLE] [HANDLE] [HANDLE] i saw. · 3 metafilter.
TW10_5287,0,0,"[HANDLE] ·, you · "" fan "" account?"
TW10_5288,0,0,[HANDLE] ·. yea his 5 · of fame. · hurting after · of · tech people ripped · ·.
TW10_5289,0,0,[HANDLE] · / bitbucket.
TW10_5290,0,0,· · view ·. ·! horrid drive merely introductory meetings person so · · than phone
TW10_5291,0,0,rt [HANDLE]: entire article attached rt [HANDLE]: lol [URL]
TW10_5292,0,0,"· [HANDLE]: great article! wired | · online abuse ·, here's · [URL]"
TW10_5293,0,0,· [HANDLE]: been · perfecting a terrorism formula to ruin lives attempt to get them · or drive to ki …
TW10_5294,0,0,· [HANDLE]: first · doxxing and death threats · · most · · · and ·
TW10_5295,0,0,"rt [HANDLE]: it creates · needed for longer - · campaigns 100 of threatening, abusive, harassing messages · · ) to have …"
TW10_5296,0,0,rt [HANDLE]: this causes · · that will lone · · merely everlastingly · target's · · support …
TW10_5297,0,0,"rt [HANDLE] they then start · in detail through past to find "" / · · justify · and · ·."
TW10_5298,0,0,"rt [HANDLE] has · · · "" proving to "" · "" that you deserve harassment and · ·"
TW10_5299,0,0,"rt [HANDLE]: that campaign · to any · · partners, ·. that now is the · to get them frequently · cyber sexual ass …"
TW10_5300,0,0,rt [HANDLE]: · is defending you · same techniques are applied to supporters to · certain ·.
TW10_5301,0,0,"· [HANDLE] the · · · · wholly · ·, · abuse with impunity."
TW10_5302,0,0,rt [HANDLE] systemized terrorism creeps · closer · · we · new hunting grounds
TW10_5303,0,0,· [HANDLE] been ignoring this because · most · users our · ·.
TW10_5304,0,0,south · available 3 pm if any other · / · would like meet up.
TW10_5305,0,0,"gaters have · · [HANDLE] alternatively account ·, modifying · use · just for acct ^"
TW10_5306,0,0,· [HANDLE] funfact redhat is · company · · earlier calling [HANDLE] racist # stopgamergate [URL]
TW10_5307,0,0,lol what [URL]
TW10_5308,0,0,this · me of barrens chat
TW10_5309,0,0,[HANDLE] · reported for ·! · · ·!
TW10_5310,0,0,[HANDLE] [HANDLE] [HANDLE] i'm around.
TW10_5311,0,0,no u. [URL]
TW10_5312,0,0,"the more companies i · to, the more i realize going to need · - · · funding to pay them. excited"
TW10_5313,0,0,· to · a · · people · · names · for · ·. that a ·? llc?
TW10_5314,0,0,"if the past · have taught · anything, · your · anti harassment gets targeted for more harassment"
TW10_5315,0,0,[HANDLE] yes
TW10_5316,0,0,[HANDLE] [HANDLE] that's a relief.
TW10_5317,0,0,"[HANDLE] yeah, my lone · · · us a · of ·"
TW10_5318,0,0,[HANDLE] nonprofits have · restrictions i'm still · the ropes. i just assume everything · difficult.
TW10_5319,0,0,[HANDLE] i have one. i just have to talk them. largely musing.
TW10_5320,0,0,[HANDLE] i think the · · · · the · future is · to be securing ·
TW10_5321,0,0,[HANDLE] a big · we have going forward is a · facing solution that · the · of large tech companies.
TW10_5322,0,0,[HANDLE] i don't have problem · · companies involved. concern is just · ·
TW10_5323,0,0,[HANDLE] i need · uncomfortable talking money. i · · it. really bad at.
TW10_5324,0,0,"[HANDLE] i to it, merely · such high priority, i · put time into it until we it · out"
TW10_5325,0,0,[HANDLE] i don't even know what is · ·
TW10_5326,0,0,[HANDLE] i can't wait!: going to be awesome. great meeting with you.
TW10_5327,0,0,[HANDLE] yay! thank you! [HANDLE] missed you and i worried
TW10_5328,0,0,"[HANDLE] nowhere, yet. to · funding before hiring"
TW10_5329,0,0,[HANDLE] that would amazing *
TW10_5330,0,0,"[HANDLE] like i would owe you, large time"
TW10_5331,0,0,"i · 1 more "" · · · "" · 1 · amendment rights while protecting · of harassment, i · · ·"
TW10_5332,0,0,[HANDLE] ·. clemson uni.
TW10_5333,0,0,bringing a care package to a · the · as one. [URL]
TW10_5334,0,0,[HANDLE] [HANDLE] · in barrens chat. not even gonna ·
TW10_5335,0,0,[HANDLE] too late ·
TW10_5336,0,0,"[HANDLE] [HANDLE] in ·, you see manrik and wife children. · ·"
TW10_5337,0,0,[HANDLE] i · [HANDLE]
TW10_5338,0,0,[HANDLE] sigh
TW10_5339,0,0,"[HANDLE] ·, well, usually here you know, whenever in town, hit me. i miss you"
TW10_5340,0,0,[HANDLE] [HANDLE] [HANDLE] yup! · · to things classic. · wod.
TW10_5341,0,0,[HANDLE] [HANDLE] why interact these ·
TW10_5342,0,0,gamergate is again talking abt sending my · emails · me fired. guys. · / ·. look · to · you.
TW10_5343,0,0,[HANDLE] certain sent screencap
TW10_5344,0,0,i need this [URL] [URL]
TW10_5345,0,0,[HANDLE] that's basically how orgs · me have responded
TW10_5346,0,0,· bowl · for leaving engineering · into · does not allow me to purchase ridiculous things
TW10_5347,0,0,[HANDLE] because of the price which is not a legitimate reason
TW10_5348,0,0,[HANDLE] eh because are young and realize that people · amp mature ·
TW10_5349,0,0,[HANDLE] [HANDLE] [HANDLE] ·
TW10_5350,0,0,"today things gamergate does to · to · ·, they link to · things · to believe that i admitted to on blog"
TW10_5351,0,0,awkward. but · · · how fygm is common in 20 ' s but not ·. people ·. [URL]
TW10_5352,0,0,"· · did have · of apologies to · finally. · fortunately, tech feminists are pretty amazing & amp; · ·"
TW10_5353,0,0,[HANDLE] ·. not going · well the same · made · having me in month. ·
TW10_5354,0,0,excited to · [HANDLE] next month i suspect this is going be where · announce new project by ·
TW10_5355,0,0,[HANDLE] [HANDLE] i've · · good at drumming up suspense.:
TW10_5356,0,0,"keep making announcements shows / events, · · · make the press nervous i ·"
TW10_5357,0,0,[HANDLE] could go either way. ·.
TW10_5358,0,0,· [HANDLE] [URL]
TW10_5359,0,0,[HANDLE] [HANDLE] wow this ·
TW10_5360,0,0,"[HANDLE] · private · i've even · about this, merely you mouthbreathers read, i guess lt;"
TW10_5361,0,0,[HANDLE] [HANDLE] · this is · to · to fighting someone · a pub
TW10_5362,0,0,"rt [HANDLE]: "" don't go the police · assault. · it settle it like adults! "" · · ·, hurts other. …"
TW10_5363,0,0,what is modtalkleak?
TW10_5364,0,0,"[HANDLE] meh. you're probably right. i · · ·, so i curious."
TW10_5365,0,0,[HANDLE] [HANDLE] they are what it · ·. · · colors that resemble jewels.: )
TW10_5366,0,0,[HANDLE] where's ·?
TW10_5367,0,0,[HANDLE] magnificent.
TW10_5368,0,0,[HANDLE] [HANDLE] official ·. i've talked to 20 pds. it's · ·. · ·.
TW10_5369,0,0,pondering getting leo a friend · · · adorable corgi · mix · · · omg
TW10_5370,0,0,[HANDLE] [URL]
TW10_5371,0,0,[HANDLE] [URL]
TW10_5372,0,0,[HANDLE] ·. prob w / a public · you like it or ) is when say shit like this it causes ·
TW10_5373,0,0,[HANDLE] · · of shit - shitstorm if - now causing · · harassed
TW10_5374,0,0,[HANDLE] i don't · with · i frequent reddit at all because it's basically 100 % circlejerks
TW10_5375,0,0,"[HANDLE] merely to put the · on ghazi is · · "" i hate · people talk about · many the ·."
TW10_5376,0,0,[HANDLE] · of ghazi are nether · a · that · been led you.
TW10_5377,0,0,"[HANDLE] [HANDLE] [HANDLE] i'm not 100 certain ·, merely not going anywhere good"
TW10_5378,0,0,[HANDLE] my feelings exactly.
TW10_5379,0,0,i support ghazi as one few · · · · · victims ·
TW10_5380,0,0,[HANDLE] [HANDLE] [HANDLE] blizzard makes halflife 3
TW10_5381,0,0,"[HANDLE] something that needs to be addressed, for sure."
TW10_5382,0,0,[HANDLE] ·
TW10_5383,0,0,[HANDLE] you bring those up with mods are ·
TW10_5384,0,0,[HANDLE] [HANDLE] don't have listen you my · ·. you have no idea oapi is doing. shove.
TW10_5385,0,0,i · * · · · a * not ·. huge pay decrease. absurd. [HANDLE]
TW10_5386,0,0,[HANDLE] ·. randi. ·
TW10_5387,0,0,"yes, i know about [HANDLE] account it's ·"
TW10_5388,0,0,"[HANDLE] [HANDLE] oh ·, accidentally blocked you. ·."
TW10_5389,0,0,[HANDLE] valuable resource · · so no.
TW10_5390,0,0,[HANDLE] sometimes post to ghazi. affectionate the irc channel. · to supported.
TW10_5391,0,0,[HANDLE] ghazi has criticized a · in the · · time · by · · · ·
TW10_5392,0,0,[HANDLE] they make · · but they are · · they try what's ·. i support.
TW10_5393,0,0,[HANDLE] i'll · be able a · better than that but not even · money made as · engineer.
TW10_5394,0,0,[HANDLE] [HANDLE] · · · hire a · · seen the movies. · · with cocaine.
TW10_5395,0,0,will never stop · [URL]
TW10_5396,0,0,i require the sauce for ·. · · [URL]
TW10_5397,0,0,cannot headdesk hard enough
TW10_5398,0,0,[HANDLE] thank you
TW10_5399,0,0,i suspect she know · ·. but site · ·.
TW10_5400,0,0,thank you · that pointed out from shake it this · · · ·
TW10_5401,0,0,i'm · to · · · but this is a problem. [URL]
TW10_5402,0,0,"[HANDLE] [HANDLE] ·, random you talking about?"
TW10_5403,0,0,[HANDLE] [HANDLE] · · ·. no · are. truly don't care. go be dramatic someone else's ·.
TW10_5404,0,0,rt [HANDLE]: revenge porn and doxxing banned twitter [URL] [URL]
TW10_5405,0,0,[HANDLE] work if · already following you ·
TW10_5406,0,0,[HANDLE] [HANDLE] work. i · requests.
TW10_5407,0,0,[HANDLE] · no. so ·. totes shaking. why care?
TW10_5408,0,0,rt [HANDLE]: holy shit. there like ·. · · · shot. shit. officers have guns drawn. this ·.
TW10_5409,0,0,rt [HANDLE]: guns drawn. ferguson ·. [URL]
TW10_5410,0,0,rt [HANDLE]: · · · ·. · drawn. · dog. · up ·. ferguson pd.
TW10_5411,0,0,· [HANDLE]:. [HANDLE] and safe. · hiding · the concrete. officer is bleeding badly. merely i'm posting ·
TW10_5412,0,0,"[HANDLE] every · they "" discover "" ·, · incorrect or · said publicly on my blog. they are useless."
TW10_5413,0,0,[HANDLE] i'm · i've never been in group dm with you
TW10_5414,0,0,· [HANDLE]: · · will never know open wifi · · http net ·. · god · ·. what glo …
TW10_5415,0,0,. [HANDLE] · · · · ·. ah · [NUMBER]. ·. ·.
TW10_5416,0,0,rt [HANDLE]: this is · a follow. [URL]
TW10_5417,0,0,"lrt · · ·. damn it, taylor."
TW10_5418,0,0,[HANDLE] stop making out with bot
TW10_5419,0,0,[HANDLE] [HANDLE] · as should. gg is a hate group. ghazi for.
TW10_5420,0,0,[HANDLE] · ·
TW10_5421,0,0,"[HANDLE] oopsie. is someone mad? why you so mad? ·, ·. never mind. i lost interest."
TW10_5422,0,0,amused at popular · was. that was unexpected. [URL]
TW10_5423,0,0,"[HANDLE] not yet.: ( ·, no email."
TW10_5424,0,0,[HANDLE] [HANDLE] [URL] top kek?
TW10_5425,0,0,"[HANDLE] [HANDLE] [HANDLE] i ·, iphone, ·, macbook air. come me bruh."
TW10_5426,0,0,getting a · · getting a puppy today getting a · · getting a puppy today getting a · · getting a · · getting
TW10_5427,0,0,· me · you horrifically · i am that indiegogo been delayed. | [URL] i hate crowdfunded ·
TW10_5428,0,0,"[HANDLE] can turn the speakers, and i will ·."
TW10_5429,0,0,[HANDLE] aw. your jimmies rustled?
TW10_5430,0,0,[HANDLE] yup.:
TW10_5431,0,0,[HANDLE] [HANDLE] [HANDLE] [HANDLE] ·. · harassment is cowardice. go shit on a poptart. & lt
TW10_5432,0,0,[HANDLE] [HANDLE] [HANDLE] [HANDLE] · there you illegitimate cockwaffle. stay in school.
TW10_5433,0,0,watching gaters confuse [HANDLE] [HANDLE] · [HANDLE]. another morning & ·;
TW10_5434,0,0,[HANDLE] [HANDLE] [HANDLE] you have to follow some pretty heinous people to get ·.: ( list ·
TW10_5435,0,0,"[HANDLE] [HANDLE] [HANDLE] frankly, i'm quite amazed that i'm on theblockbot yet"
TW10_5436,0,0,[HANDLE] [HANDLE] [HANDLE] am glad · to contribute · · to your thursday ·
TW10_5437,0,0,rofl. hey ·. ·. ·. i've got something to · ·. # · · the logan act. [URL]
TW10_5438,0,0,[HANDLE] [HANDLE] [HANDLE] [HANDLE] i live in · francisco. i judge.
TW10_5439,0,0,[HANDLE] * truly · * data scientist that yelling about harassment because i · out flaws · ·
TW10_5440,0,0,"[HANDLE] after · pulling "" ·, woman, so senior and i've already · this """
TW10_5441,0,0,"[HANDLE] dude is · a joke in ·, it's · having · good graces"
TW10_5442,0,0,"[HANDLE] the · dynamically generated not · from the github list, ·: )"
TW10_5443,0,0,[HANDLE] i never tell anymore.
TW10_5444,0,0,[HANDLE] text · in the · not satricial. that · is dead serious not ·
TW10_5445,0,0,[HANDLE] · · by oapi. been rewritten in ruby. new project out ·.;
TW10_5446,0,0,[HANDLE] it ties · projects. · · once.
TW10_5447,0,0,[HANDLE] uh excuse me that the · · of logan.
TW10_5448,0,0,[HANDLE] · · implying · · follow bad ·. merely it's shockingly accurate
TW10_5449,0,0,[HANDLE] wait
TW10_5450,0,0,blizzcon announced
TW10_5451,0,0,[HANDLE] just fast
TW10_5452,0,0,name is spelled i you idiot [URL]
TW10_5453,0,0,·. the · · starbucks & ·; people sending me threats have · they · · my · name
TW10_5454,0,0,regretful merely · quite flurry of threats. i've asked · to · an orderly line you're in ·.
TW10_5455,0,0,[HANDLE] aww. mad. & ·; 3
TW10_5456,0,0,rt [HANDLE]: [HANDLE] why starbucks spells name · [URL]
TW10_5457,0,0,[HANDLE] · · to hurt their ·!: p
TW10_5458,0,0,truly truly truly · to go to blizzcon merely certain how going to afford it this ·.: (
TW10_5459,0,0,[HANDLE] ·
TW10_5460,0,0,[HANDLE] doesn't · that way. sorry · you. no one cares want.
TW10_5461,0,0,erstwhile at · · to · the · i want. death match the streets.
TW10_5462,0,0,"oh god. ·. have dibs. if i take this puppy, going to feel · such an ·."
TW10_5463,0,0,·.
TW10_5464,0,0,· · told you are ·. is fair in love and ·
TW10_5465,0,0,[HANDLE] · · i can't ·. · · hotel to crash in
TW10_5466,0,0,· the owners · in to claim the puppy the police are not happy.
TW10_5467,0,0,bummed i lost out · · merely · original owners were · ·
TW10_5468,0,0,a little concerned what · uh. · · not
TW10_5469,0,0,i guess the police have history with person · · · something? something bad unhappy
TW10_5470,0,0,· wait.
TW10_5471,0,0,so i get that ·. merely director · and · me i off any other dog
TW10_5472,0,0,the officer looks · to cry.
TW10_5473,0,0,this the most drama have ever seen about a dog
TW10_5474,0,0,i've been reassuring him and the · · - losing a dog · have been devastating to family
TW10_5475,0,0,there is another ·
TW10_5476,0,0,"[HANDLE] sadly, are breeds not allowed by my · ·"
TW10_5477,0,0,about to · this ·. shepherd mix. · · ·. we'll see.
TW10_5478,0,0,lool [HANDLE] [HANDLE]
TW10_5479,0,0,no · today this · had some pretty severe anxiety · work that but leo would not be ·
TW10_5480,0,0,[HANDLE] ·. · · dogs normally grownups. leo is about 7 · · to younger dogs. merely · lecture.
TW10_5481,0,0,"i'd happy to get ·, merely · · well. he thinks he is dominant to ·. can't a big dog, he · ·"
TW10_5482,0,0,[HANDLE] · with · of abused dogs ·. used to lot of · · · · amp behavioral ·.
TW10_5483,0,0,"walked out the shelter with no puppy, merely now i have ·. uh. · · definitions"
TW10_5484,0,0,[HANDLE] me too
TW10_5485,0,0,[HANDLE] exhausted *. puppy journey not. begun.
TW10_5486,0,0,the puppy i about ·: [URL]
TW10_5487,0,0,wait. the · · over. search continues. · be visitng another puppy tonight. · · ·.: d
TW10_5488,0,0,[HANDLE] · that weird rt?
TW10_5489,0,0,my way · to · a puppy from some dude from ·. · all fight over my shit.
TW10_5490,0,0,this going be better finale than how i met · · way ·
TW10_5491,0,0,[URL]
TW10_5492,0,0,a · / cocker spaniel mix.:
TW10_5493,0,0,"kernighan, ·, ·, or nimoy"
TW10_5494,0,0,nimoy is not · trained whelp. going be · night. [URL]
TW10_5495,0,0,thise noises while he wagging his ·. wtf [URL]
TW10_5496,0,0,er those.
TW10_5497,0,0,[HANDLE] this is mine
TW10_5498,0,0,· the · him and he stopped
TW10_5499,0,0,· · · stuff · about that · · ties · [URL] dun dun ·
TW10_5500,0,0,"so, this happened. [URL]"
TW10_5501,0,0,happened. [URL]
TW10_5502,0,0,[HANDLE] dogs are · for that. ·
TW10_5503,0,0,""" the hell did · in · ago [URL]"
TW10_5504,0,0,"[HANDLE] leo still isn't certain what · of nimoy: ) think they'll get · well finally, · · to ·"
TW10_5505,0,0,[HANDLE] · · stacks · books barely see is robot parts hanging
TW10_5506,0,0,[HANDLE] · · fit himself into bantam crates
TW10_5507,0,0,[HANDLE] as someone continuing be · by ed since was · a · · confirm.
TW10_5508,0,0,going to · · can tell. [URL]
TW10_5509,0,0,puppy is · to hump leo leo is just · excuse now i lb lapdog
TW10_5510,0,0,[HANDLE] [HANDLE] [HANDLE] [HANDLE] [HANDLE] have legitimate · even hackernews says it works ·.
TW10_5511,0,0,[HANDLE] [HANDLE] [HANDLE] [HANDLE] incorrect. in way · to email addresses ( these people technical )
TW10_5512,0,0,[HANDLE] [HANDLE] [HANDLE] [HANDLE] · to · · ·. and not constant update it updates when i run it
TW10_5513,0,0,"[HANDLE] [HANDLE] [HANDLE] [HANDLE] why are these · such idiots, ·, seriously it's · · to ·."
TW10_5514,0,0,"[HANDLE] [HANDLE] [HANDLE] [HANDLE] furthermore, · isn't even my ·. ggautoblocker is. · is someone ·"
TW10_5515,0,0,[HANDLE] llap.:
TW10_5516,0,0,had · for everytime someone confused [HANDLE] with [HANDLE] · · for ·.
TW10_5517,0,0,yo. [HANDLE]. i truly hate · bubble merely you · · in ui the block still exists · 3
TW10_5518,0,0,. [HANDLE] · finding ·. sure gamergate is · going care.
TW10_5519,0,0,[HANDLE] not true. · last 2 tweets.
TW10_5520,0,0,"if · · disbelieves ·, are · · [HANDLE] ' s instructions and see if can follow · / fav my tweets"
TW10_5521,0,0,"·, some gater thought they found · to · · · · · · their email ·"
TW10_5522,0,0,( it didn't work. )
TW10_5523,0,0,[HANDLE] twitter's · · out all the ·. it wasn't a surprising bug. i'd · bet replicatable.
TW10_5524,0,0,[HANDLE] [HANDLE] maltese / cocker spaniel mix.: )
TW10_5525,0,0,[HANDLE] [HANDLE] i'll admit i googled too p
TW10_5526,0,0,"[HANDLE] lots more to ·, i'm sure.:"
TW10_5527,0,0,[HANDLE] you live in · did not know. let's · · · gether
TW10_5528,0,0,[HANDLE] search doesn't filter blocks by default. it should ·.
TW10_5529,0,0,[HANDLE] [HANDLE] not really ·.
TW10_5530,0,0,"to · blanket crate, merely nimoy slept through the night"
TW10_5531,0,0,[HANDLE] yup. my other dog's name is leo.:
TW10_5532,0,0,"not a journalist, buttwrangler. [HANDLE]"
TW10_5533,0,0,siigh [URL]
TW10_5534,0,0,rather · a system worked out. he sits his butt on · front · about · and i try to type about his · ·.
TW10_5535,0,0,"no, nimoy. my face ·. stahp"
TW10_5536,0,0,case think joking. [URL]
TW10_5537,0,0,""" why · · in her lap excessively "" [URL]"
TW10_5538,0,0,[HANDLE] an · coworker gave it to )
TW10_5539,0,0,[HANDLE] aww. you both adorable!
TW10_5540,0,0,[HANDLE] · is split between the dog · the · that truly need pants that ·: ·
TW10_5541,0,0,[HANDLE] it's · favorite · )
TW10_5542,0,0,[HANDLE] ·!: p
TW10_5543,0,0,[HANDLE] [HANDLE] [HANDLE] ·. literal wrangling of butts.
TW10_5544,0,0,[HANDLE]! all them.
TW10_5545,0,0,[HANDLE] · a literal wall
TW10_5546,0,0,[HANDLE] seriously though. my apartment chilling amazing. · much blizz / · · / star · ·.
TW10_5547,0,0,[HANDLE] [HANDLE] [HANDLE] discrimination
TW10_5548,0,0,rt [HANDLE] · was amazing. rt [HANDLE] so cute! [URL]
TW10_5549,0,0,[HANDLE] [HANDLE] [HANDLE] you hate freedom
TW10_5550,0,0,[HANDLE] difficult for to · good marvel ·. · · · · ( lol but dc sadly does better mechandising
TW10_5551,0,0,"[HANDLE] have pretty fantastic wonderwoman stuff. merely prefer ·, hands · chars seem ·"
TW10_5552,0,0,[HANDLE] · too.
TW10_5553,0,0,these guys finally · themselves yay · time. [URL]
TW10_5554,0,0,an · friend posted this on ·: p [URL]
TW10_5555,0,0,[HANDLE] · well with leo:
TW10_5556,0,0,[URL]
TW10_5557,0,0,leo · sharing merely he's · [URL]
TW10_5558,0,0,[HANDLE] he probably is.
TW10_5559,0,0,[HANDLE] · · · · in done [EMAIL]
TW10_5560,0,0,[HANDLE] [HANDLE] [HANDLE] shh
TW10_5561,0,0,[HANDLE] am not the · sysinstall maintainer. my · isn't · use anymore.: ·
TW10_5562,0,0,"rt [HANDLE]: * ggers joke about target's children. * · · · ·. will join us? "" [ · ] # stopgamergate [URL]"
TW10_5563,0,0,"kern joking · · ·. · kern went full gater, big surprise. [HANDLE]"
TW10_5564,0,0,[HANDLE] [HANDLE] [HANDLE] i miss ·.: (
TW10_5565,0,0,[HANDLE] i · · [HANDLE] ^. ^
TW10_5566,0,0,not · kern the person that said he was · · · - harassment. remember the cape comment ·
TW10_5567,0,0,put the · · you're · to the hero. regretful dude. you're the hero. the villain.
TW10_5568,0,0,"is circumstance in which threatening children considered · circumstance in which · "" is ·."
TW10_5569,0,0,[HANDLE] [HANDLE] ·. well. no one's perfect.
TW10_5570,0,0,"to · · · [HANDLE] · and [HANDLE] totally ok with, · ·"
TW10_5571,0,0,alternatively he · turn if you're · against · of · · no we're against assholes
TW10_5572,0,0,"you can express an asshole, merely · you · · on it."
TW10_5573,0,0,[HANDLE] i know. my · breaking. truly. i tweet lot )
TW10_5574,0,0,[HANDLE] wonderwoman suit by ·
TW10_5575,0,0,[HANDLE] blackmilk is · have you seen them earlier
TW10_5576,0,0,[HANDLE] · god am regretful ·
TW10_5577,0,0,· [HANDLE]: mark kern the · · ' willfully [URL]
TW10_5578,0,0,"[HANDLE] [HANDLE] [HANDLE] [HANDLE] someone been · for a by these fuckheads, yea, is ·"
TW10_5579,0,0,[HANDLE] [HANDLE] [HANDLE] [HANDLE] anytime they · · meant to · you quiet.
TW10_5580,0,0,[HANDLE] [HANDLE] [HANDLE] [HANDLE] to · you what have to lose. is · knowing.
TW10_5581,0,0,"[HANDLE] [HANDLE] [HANDLE] [HANDLE] lot · · "" fuck everything, gonna · "" - but families still ·"
TW10_5582,0,0,[HANDLE] [HANDLE] [HANDLE] [HANDLE] · · these the same people that started going done facebook ·
TW10_5583,0,0,[HANDLE] [HANDLE] [HANDLE] [HANDLE] · · listing people because i wasn't backing down
TW10_5584,0,0,[HANDLE] [HANDLE] [HANDLE] [HANDLE] this besides the same guy that posted my · · on · ·
TW10_5585,0,0,[HANDLE] · not.
TW10_5586,0,0,[HANDLE] yess.
TW10_5587,0,0,"[HANDLE] [HANDLE] [HANDLE] [HANDLE] p ·, normally · · · for the head of anyone."
TW10_5588,0,0,[HANDLE] [HANDLE] [HANDLE] [HANDLE] made mistakes · and learned them.
TW10_5589,0,0,amazon · me · · - boyfriend ever did. these my shopping · [URL]
TW10_5590,0,0,rt [HANDLE] please rt [URL] [URL]
TW10_5591,0,0,grummz realized that no one would · him · an asshole merely gg would worship him · [HANDLE] [HANDLE]
TW10_5592,0,0,[URL]
TW10_5593,0,0,[HANDLE] [HANDLE] ·. [URL]
TW10_5594,0,0,oh. my. god. [URL] [URL]
TW10_5595,0,0,[HANDLE] possibly some · · · legos. i don't judge.
TW10_5596,0,0,[HANDLE] it was free
TW10_5597,0,0,[HANDLE] obviously
TW10_5598,0,0,[HANDLE] [HANDLE] i already bought it;
TW10_5599,0,0,[HANDLE] blame [HANDLE] ·.: ·
TW10_5600,0,0,"[HANDLE] yo, the tweet · about the tetris book just · retweeted by boing boing ·"
TW10_5601,0,0,[HANDLE] ·. · forward to seeing that.
TW10_5602,0,0,[HANDLE] more discrimination against · ·
TW10_5603,0,0,[HANDLE] [HANDLE] # hipchat forever
TW10_5604,0,0,[HANDLE] [HANDLE] merely use a ending my · bleeds plz )
TW10_5605,0,0,[HANDLE] have them contact me · i may be able to help
TW10_5606,0,0,[HANDLE] [HANDLE] the · where i accidentally · ' to' · ' are horrid.
TW10_5607,0,0,"· [HANDLE], · to · timeline have you blocked, it's · k · [URL]"
TW10_5608,0,0,". [HANDLE] nice · ·, excessively merely the truth hurts."
TW10_5609,0,0,gamergate loves to flood [HANDLE] · legitimate · · ·.: \
TW10_5610,0,0,"unfortunate, because like · · · · to gamergaters that have ·"
TW10_5611,0,0,but · · - mute or · - ·. · · · we · · ·.
TW10_5612,0,0,[HANDLE] may be · at some · the future have to be truly careful ·
TW10_5613,0,0,"[HANDLE] · risk. gamergate anything they can to · to harm oapi. because anti · a · thing, guess"
TW10_5614,0,0,[HANDLE] that shirt!
TW10_5615,0,0,[HANDLE] · no. · · are too high risk.
TW10_5616,0,0,[HANDLE] [HANDLE] don't think you · what gaslighting means merely that's adorable.
TW10_5617,0,0,"omg, you ·. are · word gaslighting repeatedly must have gotten · word the · · yet"
TW10_5618,0,0,"[HANDLE] [HANDLE] gamergate has · ·, · · doesn't mean shit for comprehension. lt;"
TW10_5619,0,0,[HANDLE] manual filter. tweets?
TW10_5620,0,0,"[HANDLE] there's lot of · · in this group, particularly. appropriation of terms. · · work."
TW10_5621,0,0,"[HANDLE] i really hate the ·. i mean, they are young. stupid. uneducated. · ·. been"
TW10_5622,0,0,[HANDLE] · people like jenn because she · problems flooding join oapi. moronic.
TW10_5623,0,0,[HANDLE] [URL]
TW10_5624,0,0,[HANDLE] [HANDLE] said bravely the cowardice of an egg
TW10_5625,0,0,are the · of tweets · anytime [HANDLE] mentions. but it's truly ethics ·. [URL]
TW10_5626,0,0,"[HANDLE] · · what you talking i block eggs, · ·;"
TW10_5627,0,0,[HANDLE] ·. and she rarely tells them to stop.
TW10_5628,0,0,[HANDLE] [HANDLE] ·. this targeted harassment. direct ·. you're encouraging mass ·.
TW10_5629,0,0,[HANDLE] [HANDLE] · stop encouraging an abuse reporting system.
TW10_5630,0,0,excuse me i bite your butt [URL]
TW10_5631,0,0,bleary because they were · in ·
TW10_5632,0,0,""" take. back. "" [URL]"
TW10_5633,0,0,[HANDLE] on · note · shit know you had that · ·
TW10_5634,0,0,"[HANDLE] ·, and i · · i do it. perspective."
TW10_5635,0,0,[HANDLE] · · you get spammed with ·
TW10_5636,0,0,"·, is ·. this is truly, truly ·. · · assault, dc comics. ·, dc is · · for some ) [URL]"
TW10_5637,0,0,[HANDLE] [HANDLE] · anything falls nether · of · harassment in any screenshots / archives.
TW10_5638,0,0,[HANDLE] [HANDLE] · accounts mass - ·. just asking encourage this.
TW10_5639,0,0,[HANDLE] ·
TW10_5640,0,0,"[HANDLE] i use it on aws constantly, but that's probably not helpful.; ) anything dell tends to work fairly well, though."
TW10_5641,0,0,[HANDLE] did you read text ·? picture is really creepy / · as fuck.
TW10_5642,0,0,[HANDLE] ·. read that story ·
TW10_5643,0,0,[HANDLE] better · to · that comic ·; · off all your female customers
TW10_5644,0,0,[HANDLE] the killing · was a fucked up story arc in general & ·; could have been · better
TW10_5645,0,0,[HANDLE] [HANDLE] [HANDLE] the fact it's · · it ·. dc should stay the fuck away.
TW10_5646,0,0,[HANDLE] many people would be scared & · · · p
TW10_5647,0,0,"[HANDLE] bit of possibly def yes on the cover, possibly on the content"
TW10_5648,0,0,"[HANDLE] don't like the women in refrigerators · at all, merely i'm not · · · ·."
TW10_5649,0,0,[HANDLE] but the cover itself well the tweets capped in that article do · · explaining could
TW10_5650,0,0,watch [URL] see [HANDLE] just a minutes.
TW10_5651,0,0,[HANDLE] changed ·
TW10_5652,0,0,[HANDLE] [HANDLE] nimoy you fucking pleb you · watch star ·
TW10_5653,0,0,[HANDLE] [HANDLE]. thank [HANDLE]. · · help. lt;
TW10_5654,0,0,oapi got a · on kotaku. [URL]
TW10_5655,0,0,"· me ·, merely i devops, not activist."
TW10_5656,0,0,[HANDLE] fuck who am i?
TW10_5657,0,0,[HANDLE] content ·. )
TW10_5658,0,0,oh good · [URL]
TW10_5659,0,0,[HANDLE] trolling.
TW10_5660,0,0,·. calm down. it was a joke.
TW10_5661,0,0,[HANDLE] common follower collusion.
TW10_5662,0,0,· [HANDLE] · changes unless we · it ·. · · ignoring it · · to throw tarp over a bear …
TW10_5663,0,0,"rt [HANDLE]: "" everything is · to ok "" dude a fucking bear · possibly talk about"
TW10_5664,0,0,· [HANDLE] · merely · certain you're not doing it on backs · still hurting amp; struggling to * ·
TW10_5665,0,0,[HANDLE] [HANDLE] no truly if · time paying · to · i wouldn't get shit done
TW10_5666,0,0,"[HANDLE] i · where · from, and annoying, certain. merely considered harassment under tos"
TW10_5667,0,0,[HANDLE] mean · ·. they direct and specific threats.
TW10_5668,0,0,[HANDLE] [HANDLE] & gt. & gt did a cw.
TW10_5669,0,0,[HANDLE] to fair none of those things have anything to tos or even free speech ·. p
TW10_5670,0,0,"[HANDLE] ·, · · twitter like · ·, keep · seeing things we like."
TW10_5671,0,0,[HANDLE] · gosh. if only that been parody.
TW10_5672,0,0,lone have a · jira tickets to get done ·. then it's v 3 arenas in wow * · knuckles do this
TW10_5673,0,0,[HANDLE] or worst depending how · at it.
TW10_5674,0,0,[HANDLE] i love atlassian. p
TW10_5675,0,0,[HANDLE] if that were the case twitter would probably have about of the · · )
TW10_5676,0,0,"[HANDLE] get your · truly,. deal with the · every day my own account"
TW10_5677,0,0,"[HANDLE] but sadly, · isn't the · blocks / mutes · · best · to go"
TW10_5678,0,0,[HANDLE] ·. · i'm largely · wiht ele sham / · merely · for 2
TW10_5679,0,0,[HANDLE] for my · org it works amazingly · has everything configuration · vcs ·.
TW10_5680,0,0,[HANDLE] · · and · · a · ticket = = amaze
TW10_5681,0,0,[HANDLE] · i · · out pve · atonement is so nerfed.
TW10_5682,0,0,[HANDLE] possibly · and · large everyone's a jerk sometimes
TW10_5683,0,0,[HANDLE] · · shows frequently pve.: ) i've been lfr as shadow.
TW10_5684,0,0,[HANDLE] killing you
TW10_5685,0,0,[HANDLE] [HANDLE] it's · · since · 2 · ( · monitoring ) gg has · about a male.
TW10_5686,0,0,"[HANDLE] mentions [HANDLE] · surpassed of anita zoe / bri / myself. history. congrats, tim."
TW10_5687,0,0,"[HANDLE] would be amazing · well in lfr for shadow. normally in · 5 dmg, in largely · gear."
TW10_5688,0,0,[HANDLE] but lfr is derp
TW10_5689,0,0,"[HANDLE] truth be told, lone · normal · a · · all in wod. it went ok once i knew · · is harder:"
TW10_5690,0,0,[HANDLE] there was one where there's like this dude. large. and the hands of the ground
TW10_5691,0,0,"[HANDLE] i kept being the last person · and topping ·. ·, what difficult"
TW10_5692,0,0,[HANDLE] in ·
TW10_5693,0,0,"[HANDLE] runes on the ·, to · in · · · dmg merely it · gotta dps slowly."
TW10_5694,0,0,[HANDLE] veerry · · stop dots sorry · myself
TW10_5695,0,0,[HANDLE] basically my life
TW10_5696,0,0,[HANDLE] yup i a major problem with dc · ·.
TW10_5697,0,0,[HANDLE] will keep in ·: )
TW10_5698,0,0,rt [HANDLE]: [HANDLE] · doubt most women scare easily you.
TW10_5699,0,0,lol [HANDLE]
TW10_5700,0,0,· stop laughing at that guy [URL]
TW10_5701,0,0,[HANDLE] it decidedly alienates female readers what are ·. oh wait ·. ·.
TW10_5702,0,0,[HANDLE] [HANDLE] no · · you scare easily is · the hilarious · · ·
TW10_5703,0,0,[HANDLE] [HANDLE] people confuse empathy being · that says ·
TW10_5704,0,0,things i am scared of: small red lights in dark rooms. drive through carwashes. large spiders. not being able to afford blackmilk.
TW10_5705,0,0,things · whiny manbabies. a · · mentions. public ·. ·. · for those ·. feels.
TW10_5706,0,0,yea get threats and it · have be cautious merely truly crazy enough think i'm unbreakable why works
TW10_5707,0,0,"· get ·. · · come after. hell, · · up at · earlier. been doxxed. been ·."
TW10_5708,0,0,so don't think alternatively i · it ·. rather try to · this others don't · done excessively
TW10_5709,0,0,we have [HANDLE] because going on the · without · your life should be · · ·.
TW10_5710,0,0,combating online harassment doesn't mean jerks · · · · merely · ·
TW10_5711,0,0,online · · · forms. some is actionable service provider ( · law ·.
TW10_5712,0,0,· to · clarify those policies and · · · · as · · with the power to filter what experience
TW10_5713,0,0,[HANDLE] never feel · about it's · · not prepared for it
TW10_5714,0,0,[HANDLE] · a pretty · · · to · · this shit on voluntarily
TW10_5715,0,0,there's no one size - fits · · ·. but this long ·. got ideas. we ·.
TW10_5716,0,0,[HANDLE] · done that · · · · when baldwin started · me. · lord. was bit ·.
TW10_5717,0,0,we're already privately working with a · · ·. relationships are being built. · huge · ·.
TW10_5718,0,0,"i · in · to · to · more details, merely not · it's early days."
TW10_5719,0,0,"your company has an abuse, · · or · ·, want talk. all industries ·. [EMAIL]"
TW10_5720,0,0,[HANDLE] i sort of grew up in it.: ) [URL]
TW10_5721,0,0,[HANDLE] holy shit
TW10_5722,0,0,[HANDLE] a long winding story p
TW10_5723,0,0,yo. who do i know at [HANDLE] i · recall · + employers.
TW10_5724,0,0,[HANDLE] · there's · person normally chat. not ranjib - ·
TW10_5725,0,0,[HANDLE] possibly · did go to my personal email or oapi?
TW10_5726,0,0,[HANDLE] · ·. just started · them a ticketing system get done ' em.
TW10_5727,0,0,[HANDLE] · i think i remember. yea i will fwd on to our · · · can start to respond.
TW10_5728,0,0,[HANDLE] · · · lot?: p hehe
TW10_5729,0,0,rt [HANDLE] · · · for [HANDLE] twitter name. they didn't · any · and used as evidence she doe …
TW10_5730,0,0,"[HANDLE] [HANDLE] forget, we even * use * ·. that's · we · · p"
TW10_5731,0,0,[HANDLE] [HANDLE] i use windows ·
TW10_5732,0,0,"hey, ·. another funny thing: [URL]"
TW10_5733,0,0,[HANDLE] i think so.
TW10_5734,0,0,[HANDLE] a good lawyer well people my board have been · earlier it · a ·
TW10_5735,0,0,[HANDLE] · by lawyer as · as far as me · personal funding · in ·. being · to keep it legal
TW10_5736,0,0,[HANDLE] if surrounded by · · no · able · this thing off ground.:
TW10_5737,0,0,"[HANDLE] yo, · · out ·, merely · technically incorrect. [URL]"
TW10_5738,0,0,"[HANDLE] · doesn't · parsing. i know article bit ·, merely wanted to ·.: )"
TW10_5739,0,0,tug of war! [URL]
TW10_5740,0,0,"[HANDLE] not sure about classic, but decidedly · hedgehog"
TW10_5741,0,0,these guys won't · me work [URL]
TW10_5742,0,0,[HANDLE] he is yawning. ·
TW10_5743,0,0,devops forever. [URL]
TW10_5744,0,0,[HANDLE] certain. if you any · feel free · my way. [EMAIL]
TW10_5745,0,0,"[HANDLE] no rush or anything. like · while. noticed, though.:"
TW10_5746,0,0,[HANDLE] ·? yea. can easily do in 2 ·. i'd recommend taking a break after · the ca border.
TW10_5747,0,0,[HANDLE] i haven't · it. & gt;. & gt
TW10_5748,0,0,[HANDLE] · about ·. · the border is good · stop by the diner in · · for breakfast: )
TW10_5749,0,0,"[HANDLE] yup, i'm aware.:"
TW10_5750,0,0,[HANDLE] men are ones that are · · the · · are the · power · · ·.
TW10_5751,0,0,[HANDLE] merely they have to follow lead. women · · they · · than men. listening ·.
TW10_5752,0,0,"· angry men writing essays done · messenger that · · you're · """
TW10_5753,0,0,"least, assuming what was. i read 2 paragraphs · · deleted the message. don't know the guy."
TW10_5754,5,0,". [HANDLE] · [HANDLE]. which way this punch "" · [URL]"
TW10_5755,5,0,[HANDLE] [HANDLE] [HANDLE] [HANDLE] [HANDLE] [HANDLE] [HANDLE] the istandwithholly thing showed the gop is no · ·
TW10_5756,5,0,[HANDLE] [HANDLE] [HANDLE] [HANDLE] [HANDLE] [HANDLE] [HANDLE] ·. just she's conservative whose affair was ·.
TW10_5757,5,0,[HANDLE] [HANDLE] [HANDLE] [HANDLE] [HANDLE] [HANDLE] [HANDLE] was comparing to feminists defending clinton ·.
TW10_5758,5,0,rt [HANDLE] [HANDLE] [HANDLE] [HANDLE] [HANDLE] [HANDLE] [HANDLE] world we live in [URL]
TW10_5759,5,0,[HANDLE] link
TW10_5760,5,0,[HANDLE] let's start ·. you think i am a woman. why? ·?
TW10_5761,5,0,[HANDLE] [HANDLE] [HANDLE] [HANDLE] [HANDLE] [HANDLE] doj is · same · sample · already cited
TW10_5762,5,0,"[HANDLE] [HANDLE] honestly, · it for years. but only a b so answer ·. i have explain c."
TW10_5763,5,0,[HANDLE] why. your behavior tells them for me.
TW10_5764,5,0,[HANDLE] · this simple. [URL]
TW10_5765,5,0,"[HANDLE] 140, man. was hard enough fitting the joke in. accurate historical accounts hit the cutting room floor most times."
TW10_5766,5,0,"[HANDLE] · accuracy in comedy ( ok. ridicule ) ·. same · and · ·, merely, ·."
TW10_5767,5,0,[HANDLE] was clicking · already merely let's go pens.
TW10_5768,5,0,". [HANDLE] [HANDLE] millions of feminists. the majority. do. whose opinion matters, millions of opinions or your · opinion?"
TW10_5769,5,0,. [HANDLE] [HANDLE] who would i link to for such a study? avfm?
TW10_5770,5,0,[HANDLE] [HANDLE] no true scotsman
TW10_5771,5,0,". [HANDLE] [HANDLE] [HANDLE] [HANDLE] [HANDLE] [HANDLE] [HANDLE] agreed, certain merely does that have to do · ·"
TW10_5772,5,0,[HANDLE] [HANDLE] [HANDLE] [HANDLE] [HANDLE] [HANDLE] [HANDLE] was ur answer to my? also [URL]
TW10_5773,5,0,rt [HANDLE] [HANDLE] [HANDLE] [HANDLE] [HANDLE] [HANDLE] [URL]
TW10_5774,5,0,"[HANDLE] [HANDLE] child support, ·"
TW10_5775,5,0,[HANDLE] [HANDLE] auspicious · then.
TW10_5776,5,0,[HANDLE] ·
TW10_5777,5,0,[HANDLE] [HANDLE] · getting · · · undrafted? a no ·; · while still hitting on top picks = champion
TW10_5778,5,0,[HANDLE] yeah.
TW10_5779,5,0,"[HANDLE] ·, i've seen enough messed up stuff each other country, i'll · ·"
TW10_5780,5,0,. [HANDLE] by it mean unemployment of course.
TW10_5781,5,0,· [HANDLE] [HANDLE] [HANDLE] · · on they're · · to · their hypocrisy anymore!
TW10_5782,5,0,[HANDLE] who?
TW10_5783,5,0,[HANDLE] was he wrongly accused himself? know if there is back story.
TW10_5784,5,0,rt [HANDLE]: [HANDLE] is on twitter. if · · abt presumptively innocent? [HANDLE] [HANDLE] [HANDLE] [HANDLE] [HANDLE]
TW10_5785,5,0,[HANDLE] [HANDLE] how so?
TW10_5786,5,0,. [HANDLE] [HANDLE] are they? good. i seen any mention yet.
TW10_5787,5,0,[HANDLE] [HANDLE] is it ok
TW10_5788,5,0,[HANDLE] · a misogynist by them.
TW10_5789,5,0,[HANDLE] [HANDLE] just like the · landing.
TW10_5790,5,0,. [HANDLE] [HANDLE] proof? reliable source?
TW10_5791,5,0,[HANDLE] [HANDLE] said as much dude.
TW10_5792,5,0,[HANDLE] thanks.
TW10_5793,5,0,"[HANDLE] · are funny, eh? [URL]"
TW10_5794,5,0,"[HANDLE] studied up in the · two hours, eh?"
TW10_5795,5,0,[HANDLE] · restate that in english?
TW10_5796,5,0,[HANDLE] [HANDLE] [HANDLE] ·.
TW10_5797,5,0,[HANDLE] are correct.
TW10_5798,5,0,[HANDLE]. for everyone else of course.
TW10_5799,5,0,[HANDLE] absolutely.
TW10_5800,5,0,[HANDLE] has shown most. thanks. [HANDLE]
TW10_5801,5,0,[HANDLE] [HANDLE] i wonder what [HANDLE] says about this.
TW10_5802,5,0,[HANDLE] i wish. goes that way almost each time.
TW10_5803,5,0,[HANDLE] definitions mean jack. actions do.
TW10_5804,5,0,"[HANDLE] normally. but, nope."
TW10_5805,5,0,[HANDLE] [HANDLE] ditto
TW10_5806,5,0,"[HANDLE] and fyi "" can u is asking you."
TW10_5807,5,0,"[HANDLE] i'm already, so."
TW10_5808,5,0,. [HANDLE] [HANDLE] yep. you? [URL]
TW10_5809,5,0,[HANDLE] do you?
TW10_5810,5,0,[HANDLE] · ·
TW10_5811,5,0,[HANDLE] equally.
TW10_5812,5,0,[HANDLE] you show an example of
TW10_5813,5,0,[HANDLE] why.?
TW10_5814,5,0,"[HANDLE] actually, no."
TW10_5815,5,0,[HANDLE] well articulated.
TW10_5816,5,0,[HANDLE] i did not. link it. rt.
TW10_5817,5,0,[HANDLE] niicce.
TW10_5818,5,0,[HANDLE] [HANDLE] yep.
TW10_5819,5,0,"[HANDLE] [HANDLE] uh, no."
TW10_5820,5,0,[HANDLE] [HANDLE]. at the least.
TW10_5821,5,0,[HANDLE] [HANDLE] [HANDLE] why
TW10_5822,5,0,[HANDLE] please do. it's my go to now.
TW10_5823,5,0,[HANDLE] [HANDLE] [HANDLE] so true.
TW10_5824,5,0,[HANDLE] yes. you?
TW10_5825,5,0,[HANDLE] · usually.
TW10_5826,5,0,[HANDLE] yeah.
TW10_5827,5,0,[HANDLE] [HANDLE] why
TW10_5828,5,0,[HANDLE]. and yet.
TW10_5829,5,0,[HANDLE] social justice warrior
TW10_5830,5,0,[HANDLE] you tell.
TW10_5831,5,0,[HANDLE] ·
TW10_5832,5,0,[HANDLE] every. time.
TW10_5833,5,0,[HANDLE] [URL]
TW10_5834,5,0,[HANDLE] for one night? absolutely.
TW10_5835,5,0,[HANDLE]. and?
TW10_5836,5,0,[HANDLE] [HANDLE] · sketch.
TW10_5837,5,0,[HANDLE] is.
TW10_5838,5,0,[HANDLE] so?
TW10_5839,5,0,[HANDLE] how so?
TW10_5840,5,0,[HANDLE] excellent.
TW10_5841,5,0,[HANDLE] [HANDLE]. nowhere to go.
TW10_5842,5,0,[HANDLE] and yet.
TW10_5843,5,0,[HANDLE] i just like that line.
TW10_5844,5,0,[HANDLE] who assumed what now
TW10_5845,5,0,[HANDLE] [HANDLE] ·
TW10_5846,9,0,[HANDLE] science is lone · when it says men be monogamous or shit amirite?
TW10_5847,9,0,· · i think possibly it the · i · no sexist tweets merely never day. · up · · women.
TW10_5848,9,0,""" · can work · = can stop for today got misogynist bingo earlier 9 a."
TW10_5849,9,0,[HANDLE] · on oppression. [URL]
TW10_5850,9,0,"read · "" feminist agenda "" and snorted ·. · · the · · be unveiled"
TW10_5851,9,0,"definitely read, ·, read again: [URL]"
TW10_5852,9,0,[HANDLE] my mistake · · could have been sympathetic lol.:
TW10_5853,9,0,"[HANDLE] besides, [HANDLE]"
TW10_5854,9,0,wishing a · · · on [HANDLE] and [HANDLE]
TW10_5855,9,0,"[HANDLE] · said · me ·, "" followed · ·. · · · issue. men are · and ·"
TW10_5856,9,0,[HANDLE] · can hate both! ·.
TW10_5857,9,0,[HANDLE] men · their dicks cut
TW10_5858,9,0,· a busy · for sexist assholes.
TW10_5859,9,0,· · twitter is · the same tired misogynist joke · a row with · acting like they're fucking mark ·
TW10_5860,9,0,[HANDLE] [HANDLE] merely that sweet [MONEY] · · · i make this twitter would be ·!
TW10_5861,9,0,the only thing women should do give fuck about anyone say bodies.
TW10_5862,9,0,don't think misogynists have figured · want have · you is lone a · shaving
TW10_5863,9,0,think the · is women shame other · for not shaving. you · precisely · · and · · is! ·.
TW10_5864,9,0,sure linked before merely deserves · · [URL]
TW10_5865,9,0,"· ·, on · th · · marriage ·! # marriageequality # dabears"
TW10_5866,9,0,the · · that men have · is male feminists / · · · ·. we put ourselves in · danger.
TW10_5867,9,0,rt [HANDLE]: [HANDLE] [HANDLE] [HANDLE] was a joke
TW10_5868,9,0,"[HANDLE] i wish a · would ring confetti · · down every time a sexist said "" it was a · "" · card is ·"
TW10_5869,9,0,· · · vortex [HANDLE] ·? i life preservers.
TW10_5870,9,0,[HANDLE] will be absinthe at my · ·
TW10_5871,9,0,[HANDLE] you should · · · why one gender ' · · gender - neutral as bike riding.
TW10_5872,9,0,"and · one of my · · word "" raped "" describe · · · · ·, two steps back."
TW10_5873,9,0,[HANDLE] and men just · · · particularly when
TW10_5874,9,0,i need to · a · i can just press a · i need to · dry · · ·.
TW10_5875,9,0,i dream of boobs # addboobstotvtitles
TW10_5876,9,0,"· · you very very mu ch · ·. · · · atrocious and does nothing promote "" feminism. "" christ."
TW10_5877,9,0,[HANDLE] hadn't · i save my · replies for sexists with a little panache. i want to get your · ·
TW10_5878,9,0,[HANDLE] is · · culture. avoid alex valbergs ·.
TW10_5879,9,0,an excellent read: [URL]
TW10_5880,9,0,"[HANDLE] wins wow, i even · what that was supposed "" · of day"
TW10_5881,9,0,i · it's · · the 14 - · - old boys on twitter sound precisely · the grown · i use that · · ).
TW10_5882,9,0,[HANDLE] diana · the supremes
TW10_5883,9,0,"[HANDLE] · out of · "" ·. · · = ·. "" dry · sexism. men. get. it. done. your. heads."
TW10_5884,9,0,[HANDLE] white · · · · out men in a · position power than themselves keep focus
TW10_5885,9,0,"oh · i used focus twice. tweet on · · if · · · integrity, kids."
TW10_5886,9,0,rt [HANDLE] i'm not sexist but couldn't help · at · [URL]
TW10_5887,9,0,[HANDLE] · hooked up to all women's brains while driving
TW10_5888,9,0,"[HANDLE] yeah men never · · they · nothing · birth ·, or sexism, for ·."
TW10_5889,9,0,· · sports announcers who are women are paid to give their · and · · merely · misogynists are.
TW10_5890,9,0,must sting sports fans asked a vagina - · commentate earlier despite · familial superiority ·
TW10_5891,9,0,[HANDLE] it's no one's · ·.
TW10_5892,9,0,dry sexism is still sexism. · negative stereotypes by repeating just one more time the · ·.
TW10_5893,9,0,so fucking tell not sexist · sexist attitudes that someone else to be · not helping
TW10_5894,9,0,"·, # whitefeminists, you silence · color · for · white ·, being oppressive. ·. # ·"
TW10_5895,9,0,[URL]
TW10_5896,9,0,[HANDLE] [URL]
TW10_5897,9,0,"rt [HANDLE] anita sarkeesian provides · · · · · · culture, which is · a country where schools can't tou …"
TW10_5898,9,0,"[HANDLE] · · a man, regretful that doesn't · lone · gender binary · · ·"
TW10_5899,9,0,really fucking fantastic [URL]
TW10_5900,9,0,"any time a man says his ex "" crazy, "" · read this again: [URL]"
TW10_5901,9,0,"· ·, merely let's · of · ·. · are · · · rights, not time to yell "" following. "" [URL]"
TW10_5902,9,0,[HANDLE] should probably have hearing checked higher · have excessive volume you may have · ·
TW10_5903,9,0,[HANDLE] ( it may · counter intuitive merely it has do with · hearing bandwidth
TW10_5904,9,0,[HANDLE] when you see · comedians in row you · · you attribute their shittiness to their ·?
TW10_5905,9,0,[HANDLE] yea there certain · books with male protagonists jfc
TW10_5906,9,0,[HANDLE] omg if i was cackling any harder at this douche i'd burst lung
TW10_5907,9,0,"check out # whiteproverbs, it is · day"
TW10_5908,9,0,"[HANDLE] the fuck is "" · culture? also racist."
TW10_5909,9,0,[HANDLE] respect must · although years learned entitlement have · · exposed you · fact.
TW10_5910,9,0,"enjoy the wrong side of history, jackass. [HANDLE] ·? · · · ·"
TW10_5911,9,0,notice no · · gives male gymnasts shit for less flexible than female gymnasts says · can't play piccolo some shit
TW10_5912,9,0,as long as women have a · · that sport or · will undervalued and ·.
TW10_5913,9,0,truly regretful! do you a · rephrase [HANDLE] cissexism alert.:
TW10_5914,9,0,[URL]
TW10_5915,9,0,[HANDLE] i meant to highlight that · · · well are not deemed · because women that do them.
TW10_5916,9,0,[HANDLE]. such as · · sewing knitting or · women · outperform men.
TW10_5917,9,0,"[HANDLE] & amp; · no arguments · "" men outdo women because their bodies the task "" in these activities"
TW10_5918,9,0,"[HANDLE] i'm not certain interpretation tweet was merely · · · and not bodies, the ·"
TW10_5919,9,0,[HANDLE] as long as women have biological advantage in · · x · undervalued what was attached to.
TW10_5920,9,0,"[HANDLE] i did not · disadvantage because women do body advantages some · flexibility size, etc."
TW10_5921,9,0,[HANDLE] that · · · seconds · merely [URL] feminists do not · you their civility.
TW10_5922,9,0,"· · · that the most dangerous · are not the "" · · can't · "" ·, but the "" not sexist, but "" derailment ·."
TW10_5923,9,0,# 4 # 1: [URL]
TW10_5924,9,0,"[HANDLE] pretty sure white · make everyone · last unemployment, so 200 yr aff. · program · ·"
TW10_5925,9,0,· to follow [HANDLE]
TW10_5926,9,0,[URL]
TW10_5927,9,0,"words different · · on · is this difficult concept [HANDLE] ·, whores can be · excessively # notsexist"
TW10_5928,9,0,"[HANDLE] · · "" whore "" · · careless · using ·"
TW10_5929,9,0,[HANDLE] how dare a woman be · out context
TW10_5930,9,0,"rt [HANDLE] when seven years · woody allen took me by hand, led me into an attic and · assaulted. [URL]"
TW10_5931,9,0,[HANDLE] · in · · in patriarchy that · from retweeting · ·
TW10_5932,9,0,"· [HANDLE] cleveland, illinois · · dc = · the fuck up ·; · the mascots. ·"
TW10_5933,9,0,· watch and · [URL] # notyourmascot # changethename
TW10_5934,9,0,i have to give [HANDLE] the · of · · difficult · today. wow the blockheadedness is · this one.
TW10_5935,9,0,"[HANDLE] yea, · · · · of women athletes merely · on attractiveness."
TW10_5936,9,0,[HANDLE] good luck i did that last semester you'll make done!
TW10_5937,9,0,· · manga aimed at · women even · · specifically · them as · consumers. smh [URL]
TW10_5938,9,0,and an · know · who needs empathy to · · [URL]
TW10_5939,9,0,are men so afraid of housework? it because a mop looks · giant penis?
TW10_5940,9,0,[HANDLE] [URL] [URL] [URL]
TW10_5941,9,0,[HANDLE] and [URL]
TW10_5942,9,0,"[HANDLE] that speech was for dudes like, genius"
TW10_5943,9,0,"· [HANDLE] is obvs not sexist. · · a "" sincere or · ·."
TW10_5944,9,0,"but sexism is wholly over, laydeez: [URL]"
TW10_5945,9,0,"i · myself html when i was, and anyone had told · / · was what "" · · "" was or."
TW10_5946,9,0,· that girls · to do it i would have been on that ·
TW10_5947,9,0,rt [HANDLE]: [HANDLE] [HANDLE] excellent short film by · · - everyday sexism to · [URL]
TW10_5948,9,0,· ending poverty is · · · real economic power: [URL]
TW10_5949,9,0,rt [HANDLE] [HANDLE] · will · · a screening half · · un · # feminism # ·
TW10_5950,9,0,"male "" · "" · know what is. [HANDLE] [HANDLE] · for trying to ·"
TW10_5951,9,0,[HANDLE] raging shithead to people lower than you · totem · then claim you to · consequences.
TW10_5952,9,0,"[HANDLE] "" · popular. "" now that is comedy. say it · eyes one hand on hip extra effect."
TW10_5953,9,0,[HANDLE] [HANDLE] wait i · was · out ingrained sexism of dwight schrute!
TW10_5954,9,0,"no, ·, read rt voice."
TW10_5955,9,0,"[HANDLE] "" no one is saying shit "" are even this planet"
TW10_5956,9,0,"[HANDLE] i · "" no one "" includes · · thread: [URL]"
TW10_5957,9,0,[HANDLE] is like the most measured · based feminist lens which to · video · · to them radical feminist harpy
TW10_5958,9,0,here's review % of games · · fuck this misogynist bullshit * · · · at · *
TW10_5959,9,0,"happy v - day to the - sexist / · on to the rest of, your life is punishment enough"
TW10_5960,9,0,[HANDLE] i · had a dollar for · time i · · · · · · · · ·
TW10_5961,9,0,or basic · concepts like stereotype threat
TW10_5962,9,0,[URL]
TW10_5963,9,0,[HANDLE] it's even more annoying that you exist past high school
TW10_5964,9,0,"yes "" girls suck at · "" · sentiment begin [HANDLE]"
TW10_5965,9,0,[HANDLE] [HANDLE] · · it · a man to resort to sexual harrassment is the same amount · he lasts in bed.
TW10_5966,9,0,excellentt [URL]
TW10_5967,9,0,"[HANDLE] "" unpopular opinion, ·"
TW10_5968,9,0,[HANDLE] false equivalence: [URL]
TW10_5969,9,0,"the "" unpopular opinion "" [HANDLE] · · merely i hate audiobooks read by women confessyourunpopularopinion"
TW10_5970,9,0,"the absolute · · is being · the fact · your bland, · notions are "" radical """
TW10_5971,9,0,men have the entire world tailored to their · · · still think oppressed. # realunpopularopinions
TW10_5972,9,0,there is gender · # realunpopularopinions
TW10_5973,9,0,[HANDLE] [HANDLE] better yet: odds · thinks their · · cagey and ·?
TW10_5974,9,0,[HANDLE] · to be 13 forever merely at this rate you will be mentally
TW10_5975,9,0,· · · · from sexism and americanexceptionalism ( still · to · ·: [URL]
TW10_5976,9,0,"· ·, yes! [URL]"
TW10_5977,9,0,rt [HANDLE]: if debate · movies · · · of one line that's a good indication · has poor re …
TW10_5978,9,0,[HANDLE] in case · confused by difference between sexism and cissexism.
TW10_5979,9,0,stan got this a · word before blocking me: · · of caustic # sarcasm · yourself [HANDLE] thanks terribly * mwah! * ·
TW10_5980,9,0,bigots fail to · · · · to with first ·
TW10_5981,9,0,you won't go to · being raging miosgynist racist fuckbag merely that · have · ·
TW10_5982,9,0,"men · ·: "" just joke! women have no · of humor! "" women · · · "" women are excessively ·! not funny! """
TW10_5983,9,0,"[HANDLE] your · that "" not cool when men do it · false · those statements unequal ·."
TW10_5984,9,0,[HANDLE] if is · thing to come out mouth i · your lone competition is fecal vomit
TW10_5985,9,0,[HANDLE] women are never ·
TW10_5986,9,0,at least you · woman! = conventionally · [HANDLE] i · · see women · femininity. # notsexist
TW10_5987,9,0,"· last tweet "" · "" doesn't · sense · it' actually "" men. """
TW10_5988,9,0,"[HANDLE] · · · · of guerrilla feminists holding writers at gunpoint until create token "" strong · """
TW10_5989,9,0,"news flash: if a · creates sfc to · · - created persecution, · probably sucks"
TW10_5990,9,0,· hey should · of your disgusting self. [HANDLE] [URL]
TW10_5991,9,0,"[HANDLE] everybody "" · for oppressive behavior"
TW10_5992,9,0,[HANDLE] i'm late to party but next time say you get · and watch the · · expaand
TW10_5993,9,0,[HANDLE] can tell are · versed prosodic · need · that women actually have more variation
TW10_5994,9,0,· [HANDLE] [HANDLE] [HANDLE] like my men like i like my pickles: airtight containers amp · · …
TW10_5995,9,0,[HANDLE] [HANDLE] [HANDLE] [URL] [URL] [URL] [URL]
TW10_5996,9,0,[HANDLE] [URL]
TW10_5997,9,0,[HANDLE] have · seen so many ignorant tweets one place ·
TW10_5998,9,0,easy · up bigoted media when you already dislike the creator. what truly · true colors calling a · ·
TW10_5999,9,0,[HANDLE] # falseequivalence
TW10_6000,9,0,[HANDLE] [URL]
TW10_6001,9,0,[HANDLE] [URL]
TW10_6002,9,0,[HANDLE] [URL]
TW10_6003,9,0,· · · way educate people i have no · educate
TW10_6004,9,0,· [HANDLE]: what · · · number of thought pieces fail recognize how offensive the segment · · the tw
TW10_6005,9,0,[HANDLE] thank you · # oddlyspecificmisogyny
TW10_6006,9,0,[HANDLE] [URL]
TW10_6007,9,0,[HANDLE] · shit i'm sure now that · · you are will · ·. # entitlement
TW10_6008,9,0,"bitch · slut cunt, am sick of these · change ·, · ·."
TW10_6009,9,0,[HANDLE] you · · cagey? women are you will ·. you are small will · be small
TW10_6010,9,0,"[HANDLE] you mean like the car ·, south ·, malawi ·, · costa rica lithuania, · and liberia"
TW10_6011,9,0,[HANDLE] all of which certain you · have female presidents?
TW10_6012,9,0,[HANDLE] the fact that · tripe is sexist ( and · that you · that is the saddest / · part
TW10_6013,9,0,i'm · to · again domestic abuse is. fucking · [URL]
TW10_6014,9,0,[HANDLE] think hot shit asshole? hope they use your · at your · ·
TW10_6015,9,0,· [HANDLE]. c. police want · this man about · rudd. if have info · [PHONE]. [URL] ·
TW10_6016,9,0,difficult about people who · trying to fight their own oppressive behaviors find your · keep ·
TW10_6017,9,0,"· followers, back from 2 - week · · call people sexist again · sticking about"
TW10_6018,9,0,[HANDLE] your joke like misogynist magnetic poetry · randomly onto a ·.
TW10_6019,9,0,"rt [HANDLE] people say write you · · i · · should ·. "" [HANDLE] at # · e"
TW10_6020,9,0,worse than · done · overlong tripe that was # captainamerica was · guy following say that was ·
TW10_6021,9,0,"atrocious script, ·, ·, most of all boring ·"
TW10_6022,9,0,when drunk i want · all the women hugs. you are · admire ·. i must pee.
TW10_6023,9,0,have · been any sporting · at · in life [HANDLE] not sexist but lads · ·
TW10_6024,9,0,[HANDLE] certain your mommy still your · merely · defend foolish words.
TW10_6025,9,0,boss mathematician vihart · · neutrality [URL]
TW10_6026,9,0,"[HANDLE] it's · the former · · · · to kill net ·, merely resign fcc."
TW10_6027,9,0,"[HANDLE] you should also have to · the website · have business connections to ·, a huge conflict of ·"
TW10_6028,9,0,"[HANDLE] · · comcast merging · · · · neutrality you were a · pre ·, not a ·"
TW10_6029,9,0,[HANDLE] · · · · be · · with · don't you guys have a conscience?
TW10_6030,9,0,[HANDLE] · · on regulation general · is pretty disappointing that you a · the ·
TW10_6031,9,0,"[HANDLE] slashing · neutrality "" change the marketplace ""? how dumb do ·"
TW10_6032,9,0,conscienceless our regulatory bodies are · in bed with corporate interests · we won't notice
TW10_6033,9,0,[URL]
TW10_6034,9,0,[HANDLE] · demographic is · · fun fact: don draper fucking loves ·
TW10_6035,9,0,[HANDLE] don't ditch the old bag till you get her marble · ·
TW10_6036,9,0,[HANDLE] i · · · · the cm like that negates the misogyny of the ·. sick of false equivalences
TW10_6037,9,0,"[HANDLE] [HANDLE] "" is fact. "" & lt; - - offers no evidence"
TW10_6038,9,0,· are oppressive · · # · [HANDLE] women are awful drivers. · # fact
TW10_6039,9,0,[HANDLE] [URL]
TW10_6040,9,0,[HANDLE] [HANDLE] you have the · ·
TW10_6041,9,0,[HANDLE] merely encourage · out sexism under any twitter ·
TW10_6042,9,0,"[HANDLE] not precisely the part relaying, but,; ·"
TW10_6043,9,0,"[HANDLE] i am laughing ass ·. original · said women allowed to drive, chrissakes"
TW10_6044,9,0,"[HANDLE] google "" false equivalence "" and · ·"
TW10_6045,9,0,i feel · this necessary today: [URL]
TW10_6046,9,0,"[HANDLE] "" i · · "" "" no evidence of this any merely gonna shoot my mouth off anyhow. """
TW10_6047,9,0,[URL] everlastingly · # wrongsocialmediaplatform
TW10_6048,9,0,[HANDLE] i'm certain · school · · just charming
TW10_6049,9,0,"any · · ever says either these ·, just [URL]"
TW10_6050,9,0,"this is why "" reverse sexism "" doesn't ·, you fucking murderous mra · [URL]"
TW10_6051,9,0,"yesallwomen · what if "" when men ·, beat, and · women. what if my brother, what if my ·, what if my lover."
TW10_6052,9,0,"# · · men hate us, · · life out from what · when · our · · · ·"
TW10_6053,9,0,yesallwomen unsurprised when men think murder is · · for · · ·
TW10_6054,9,0,yesallwomen have male oppression as · · their ·. phrasing [URL]
TW10_6055,9,0,# yesallwomen · a combination of · and rage at the · of # yesallwomen. · · merely you take so long?
TW10_6056,9,0,yesallwomen · shout over wastes of carbon material · [HANDLE] heard are · in the · pal.
TW10_6057,9,0,[HANDLE] retweet every last threat so world · see we · with
TW10_6058,9,0,"# · · · merely there's two sides "" to · murder"
TW10_6059,9,0,# · · · · make excuses for the murderer of seven · women. [URL]
TW10_6060,9,0,"yesallwomen are not · to just "" · ·. are · · who are killed every · · · are forgotten"
TW10_6061,9,0,because · · killed · · had · him for a date · be · news. # yesallwomen
TW10_6062,9,0,# yesallwomen when · · · for office i a 20 - something sexually harrassed me reassigned not fired.
TW10_6063,9,0,"rt [HANDLE]: yeah, we're · · this threat: keep that · following time friendzone · "" # yesallwomen # · [URL]"
TW10_6064,9,0,on point: [URL]
TW10_6065,9,0,# yesallwomen because mother hoped · inherit a · world
TW10_6066,9,0,· · assaulted · · · with · · now a cop · · # yesallwomen
TW10_6067,9,0,[HANDLE] # yesallwomen because · thought that's a truly · idea
TW10_6068,9,0,# yesallwomen because the · shouted strange drunk man the · · me · · · alternatively of · up
TW10_6069,9,0,# yesallwomen because i avoid my favorite restaurant during · · because a man who · to chat me up works
TW10_6070,9,0,"· [HANDLE]: because, · · life · our · · · away the rights women gained during my ch …"
TW10_6071,9,0,# yesallwomen have · down by men they · disappoint · ·
TW10_6072,9,0,yesallwomen once · c. k. · · how · old woman? you · a young · just ·.
TW10_6073,9,0,"# yesallwomen are · "" · "" defined entirely · · · strength and being · · "" ·"
TW10_6074,9,0,"rt [HANDLE] you think # yesallwomen is hating men, read stream. hating injustice about hating ·"
TW10_6075,9,0,· are · · that following · · is things girls say sex can do · have to.
TW10_6076,9,0,[HANDLE] way to fucking hijack our · light misogyny.
TW10_6077,9,0,· [HANDLE]: · · · at the · last century. incredible · · · · 4 · · · this …
TW10_6078,9,0,"the · · # yesallwomen · account · of harraasment · "" · "" men up, merely"
TW10_6079,9,0,[HANDLE] you know not sexist? plenty of fucking people. just not you ·
TW10_6080,9,0,"· ·, i same · to speak as you. [HANDLE] then move · mars · · always · · i · ·"
TW10_6081,9,0,[HANDLE] · · · · the · better totally not sexist.
TW10_6082,9,0,[HANDLE] · · then don't get edgy when i gouge them out you are just · ·
TW10_6083,9,0,"[HANDLE] [HANDLE] "" girls don't even dj "" is possibly the most asinine thing read today ·"
TW10_6084,9,0,want to · · · · and scatter on the · until men understand [URL]
TW10_6085,9,0,[HANDLE] [HANDLE] as though being fat is way · than being a misogynist shitbag · being a atrocious person
TW10_6086,9,0,next time someone · talking about drunk driving causing road deaths just start · all drivers # ·
TW10_6087,9,0,when someone gets · a · · to · · inch · in · · all dogs # ·
TW10_6088,9,0,gm is presently muttering merely our · are · · notalleverything
TW10_6089,9,0,so both your attitudes and your speech come from the · age. [HANDLE] [HANDLE] haha make sandwich
TW10_6090,9,0,"any time a man tells to make him a sandwich, · · me sandwich. me man me · chest"
TW10_6091,9,0,"[HANDLE] [HANDLE] actually, have many female heads of · you anglocentric waste of space"
TW10_6092,9,0,"· · · purse · and · up i say ·, · i exist · space. # fuckmenonpublictransit"
TW10_6093,9,0,much self · · [HANDLE] · me crack. # notsexist # · [URL]
TW10_6094,9,0,can men please stop shooting people a goddamn second?
TW10_6095,9,0,[HANDLE] the batman anthem if figure it out ( probably can't
TW10_6096,9,0,[HANDLE] this cat almost has · level · merely still ·
TW10_6097,9,0,# thegameihated ren stimpy snes · three · · · in ·
TW10_6098,9,0,[HANDLE] · · like if a man twice your · · with you · · away
TW10_6099,9,0,[HANDLE] [URL]
TW10_6100,9,0,rt [HANDLE] [HANDLE] we are talking about · people flirting to other
TW10_6101,9,0,"[HANDLE] you see "" ·, "" women see ·, · · · this, merely don't · · ·."
TW10_6102,9,0,rt [HANDLE] unfortunately this excessively · · response to my · video games. # · 32014 [URL]
TW10_6103,9,0,[HANDLE] i hate people who waste time memorizing player · some · standard for · cancer = · ·
TW10_6104,9,0,[HANDLE] oh thanks for clearing that up
TW10_6105,9,0,"hey, [HANDLE] · to have · calling out your weak excuses feels pretty · me."
TW10_6106,9,0,"# · because "" · game is 100 % female characters oh · · merely this"
TW10_6107,9,0,"[HANDLE] [HANDLE] what charming "" lads "" imagine why women want to · you!"
TW10_6108,9,0,"rt [HANDLE] wait so · can't · · · merely no problem · homicidal, · men?"
TW10_6109,9,0,[HANDLE] the feeling is common
TW10_6110,9,0,[HANDLE] thank you. lost my dad · · avoiding · media bc · · still it means a · b ·.
TW10_6111,9,0,"[HANDLE] ·, not sexist at"
TW10_6112,9,0,[URL] [HANDLE] [HANDLE] merely you're ugly!
TW10_6113,9,0,being ugly negated opinions · · would been taken · 5.
TW10_6114,9,0,[HANDLE] [URL]
TW10_6115,9,0,"up next, series · "" tweets about women from [HANDLE]"
TW10_6116,9,0,[HANDLE] [URL]
TW10_6117,9,0,·: [URL]
TW10_6118,9,0,internalized misogyny makes · [HANDLE] [HANDLE] not sexist but. women drive.
TW10_6119,9,0,""" i believe · except when i'm drunk huffy women "" & lt why trust male ·"
TW10_6120,9,0,[URL] [HANDLE] · not sexist guys are bitches excessively
TW10_6121,9,0,"[HANDLE] need two parents if a fucking social safety ·, merely certain blame vulnerable people certain."
TW10_6122,9,0,a break your · scheduled programming. to the grad students there: [URL]
TW10_6123,9,0,[HANDLE] they truly busy · neuroscience?
TW10_6124,9,0,[HANDLE] [URL]
TW10_6125,9,0,[HANDLE] · gross!
TW10_6126,9,0,9 · · pieces of shit. possibly · · [HANDLE] scotus
TW10_6127,9,0,"white people and culturally · "" spirituality ( i'm · you yoga enthusiasts ) just ·"
TW10_6128,9,0,[HANDLE] yeah because not · it over your face
TW10_6129,9,0,"· off, "" obviously "" [HANDLE] obviously not sexist, merely i · a bantam chuckle out · · [URL]"
TW10_6130,9,0,[HANDLE] making · of people who sexually · one of the fucking lowest points · a ·.
TW10_6131,9,0,"[HANDLE] yeah men are known wholly · · who · · it's chromosome "" · - puke "" chromosome"
TW10_6132,9,0,"hey, [HANDLE], · · to · a · version · · going about altered, offensive dialogue"
TW10_6133,9,0,[HANDLE] you can · [HANDLE] all about
TW10_6134,9,0,[HANDLE] you have ·?
TW10_6135,9,0,ever consider · you amp; doesn't · ·? [HANDLE] · the · · the missus # again # truestory # notsexist
TW10_6136,9,0,"honestly fucking dudes think sports the ·, important sets rules planet. try neuroscience, ·."
TW10_6137,9,0,"chemistry · in · · is least 100 x as complex "" man no · teammate touch · """
TW10_6138,9,0,"neurons fire i compose this sentence than · process "" man hit ball into · · count as third strike """
TW10_6139,9,0,· # cavemansplaining a thing
TW10_6140,9,0,"yes, yes yes. [URL]"
TW10_6141,9,0,· be ready with a snarky reply but your stupidity speaks for [HANDLE] [HANDLE]
TW10_6142,9,0,"[HANDLE] great parody account, a"
TW10_6143,9,0,[HANDLE] so you can hear smells? # wordsalad # truly # justincoherent
TW10_6144,9,0,"[HANDLE] what's ·, mommy limit your xbox ·?"
TW10_6145,9,0,[HANDLE] · just said women should · the same the same ·.
TW10_6146,9,0,"[HANDLE] [URL] 5, genius"
TW10_6147,9,0,regretful · · · day i bought · issue · [HANDLE] · the project # ladycurse
TW10_6148,9,0,[HANDLE] intent ·: [URL] · a sexist society you · influences
TW10_6149,9,0,"[HANDLE] blind symphony auditions · women's · judges · not · they're sexist, merely [URL]"
TW10_6150,9,0,[HANDLE] have you ever had a · then shut the fuck up
TW10_6151,9,0,misandrist merely when men get kicked the balls they should get off the ground and get back to work!
TW10_6152,9,0,how to feminist ally: · a · · for other · tell other men when they're fucking up to not: tell women to.
TW10_6153,9,0,"·, pathetic. · irl holy · [HANDLE] feminists are pathetic"
TW10_6154,9,0,[URL]
TW10_6155,9,0,"gonna buy like 8, 00 copies of · thor comes out just to make these whiny teens' balls shrivel and die"
TW10_6156,9,0,honestly i even · with all the sexist # thor tweets right. i hope lady! thor is butch as · and marries wonder ·
TW10_6157,9,0,[HANDLE] · long had a frog penis we can · it · change in character
TW10_6158,9,0,"# moreacceptablethors than ladythor · ·, bagel · buttery · thor team edward ·"
TW10_6159,9,0,"·: ·, racist uncle thor, smells like - roofing - tar ·, cocky lifeguard ·, · · ·"
TW10_6160,9,0,"·: no foreplay thor, garlic · thor, moocher roommate thor, root canal thor,. m. chem 101 thor"
TW10_6161,9,0,# yesyouresexist if lone · · for benefit · as long it · the · ·
TW10_6162,9,0,"calling · · = · than sexism. · of the · allotment of male tears, ·, · my · · bedewed"
TW10_6163,9,0,men acting like mythology · and · · drastically generations
TW10_6164,9,0,"stories evolve change reflect · · · ·. · "" women are human · "" is lesson that · ·"
TW10_6165,9,0,"pretty fucking sick of this · · · recount same experience, · · they're still right spite of · ·"
TW10_6166,9,0,"it's alone · to · feminist · heated · in your · language, against three men"
TW10_6167,9,0,yea unlike tweet [HANDLE] not sexist but do · · for ·?
TW10_6168,9,0,[HANDLE] your childhood was · · and sexist shit and set it on fire
TW10_6169,9,0,"[HANDLE] ·, a real ·. god. just like zeus! · real! very ·!"
TW10_6170,9,0,on point: [URL]
TW10_6171,9,0,[HANDLE] mom's · says to get of the basement and clean your ·
TW10_6172,9,0,"[HANDLE] · said "" pay them a living wage for · · · men """
TW10_6173,9,0,[URL]
TW10_6174,9,0,"indeed [HANDLE] [HANDLE] lol okaay, what i meant doesn't truly · the workforce merely any"
TW10_6175,9,0,""" pertain the · "" because · ·, · · ·. but you know shine on"
TW10_6176,9,0,"· [HANDLE]: · a woman performing a · · ·, like · · to · hunger you prob don't ·"
TW10_6177,9,0,"rt [HANDLE] [HANDLE] [HANDLE] navigated · · w / o · chase crew, · phones lone · · …"
TW10_6178,9,0,[HANDLE] sexist and · catch!
TW10_6179,9,0,· me fucking dig the oppression pyramid · is · [URL]
TW10_6180,9,0,[HANDLE] and they · doodz can tell the difference between fiction and reality
TW10_6181,9,0,not · merely in movies men are always shooting people oh wait that is besides real life
TW10_6182,9,0,rt [HANDLE] cunning 5 wooden · · · · · wo men believing deep · i · w them in mind
TW10_6183,9,0,rt [HANDLE] ·. · male · women exist me to fuck. if she shows · about * · other personal invite to
TW10_6184,9,0,"[HANDLE] more · points = more ·, fact"
TW10_6185,9,0,"[HANDLE] as long as · "" · i can't"
TW10_6186,9,0,[HANDLE] yet you felt the · tweet this drivel
TW10_6187,9,0,"rt [HANDLE]: "" females shouldn't - "" [URL]"
TW10_6188,9,0,rt [HANDLE] hahaha i'm not sexist but this is · [URL]
TW10_6189,9,0,rt [HANDLE] · not sexist but · · this - · please [URL]
TW10_6190,9,0,[HANDLE] the point and you · in different ·.
TW10_6191,9,0,[HANDLE] · it pretty disgusting that you would reply about legs on a fucking tweet about situation in gaza
TW10_6192,9,0,[HANDLE] wow sexual humor a
TW10_6193,9,0,lighthearted romp: [URL]
TW10_6194,9,0,· · any time a man starts to · · appearances play the song of · in your head · · large
TW10_6195,9,0,[HANDLE] [HANDLE] [HANDLE] · evan nice source.
TW10_6196,9,0,"[HANDLE] · · realize most men · and · for, ·"
TW10_6197,9,0,"[HANDLE] "" pc "" = "" i be asshole people anymore! what gives! """
TW10_6198,9,0,it mandatory · · 200 · · [HANDLE] should mandatory girls do 20 squats day # notsexist
TW10_6199,9,0,· [HANDLE]: · our · & amp; beg for our lives not to be taken & ·; · · up a body bag. may not be able to · merely this …
TW10_6200,9,0,rt [HANDLE] tv · is full of white people who understand riots · killing a teenager merely will demand to see · …
TW10_6201,9,0,"honestly remember · · · · schwyzer was icky "" · was · to hate, merely easy:!"
TW10_6202,9,0,"·, truly · · there. · yourself why · [HANDLE] not sexist, merely i prefer to · · · by men"
TW10_6203,9,0,· · · · read all day. [HANDLE] swear i'm not sexist but boy · · & gt gt; · meets ·
TW10_6204,9,0,i'm not sexist but happy days & gt; & gt; joanie loves chachi
TW10_6205,9,0,not sexist but mary tyler · ·; ·; rhoda
TW10_6206,9,0,i'm not racist but the · & gt; & gt the jeffersons
TW10_6207,9,0,i'm anti - semitic but breaking bad gt; & · better call saul
TW10_6208,9,0,[HANDLE] i apologize i ·. i · statement is · racist · · was sexist.
TW10_6209,9,0,you white and making · of the iftheygunnedmedown tag ·. it · you ( · ·. )
TW10_6210,9,0,"[HANDLE] · certain misandry · · · · on the daily, so · · a · fuck pr for feminism, "" ·"
TW10_6211,9,0,you cannot · this shit up: [URL]
TW10_6212,9,0,women angry at men turns · you ready ·.
TW10_6213,9,0,"· [HANDLE]: · ·. · [HANDLE]: "" you wanted see ' · · · - my grandma as watches …"
TW10_6214,9,0,[HANDLE] · don't get · for · · hideous. is about white feelings. ·.
TW10_6215,9,0,rt [HANDLE] pretty certain chief · would · this · · · ·.
TW10_6216,9,0,· [HANDLE]: recap: [HANDLE] · nmos. vigils scheduled · tonight because of a black fem …
TW10_6217,9,0,rt [HANDLE]: guy whose car we blocked in · - fiving marchers. # nmos [URL]
TW10_6218,9,0,"· [HANDLE]: · the missouri highway · · · who · in ·, is actually protecting and ·: [URL]"
TW10_6219,9,0,[HANDLE] brow so knit in disgust i · an m · in there
TW10_6220,9,0,[HANDLE] · have won the · for most unintentionally hilarious tweet [NUMBER]
TW10_6221,9,0,"women · a · · [HANDLE] acts "" chivalry "" are men · not for women to · # · # notsexist"
TW10_6222,9,0,[HANDLE] keep talking like that your going cut xbox privileges again
TW10_6223,9,0,glad i · all years · · strong · so i could · those muscles to claim my space on public ·
TW10_6224,9,0,· [HANDLE] · in # ferguson after · · tear gas police [URL]
TW10_6225,9,0,"· [HANDLE] each · county prosecutor bob mcculloch delays · # darrenwilson, he is endangering citizens and delaying the reb …"
TW10_6226,9,0,[HANDLE] of · - minded people · you that i can ·. · someone hears · ·. that makes worthwhile
TW10_6227,9,0,[HANDLE] sure you came the womb knowing · · ·.
TW10_6228,9,0,"· [HANDLE]: · another email ·: · · · all literally silencing reddit, · ·, 4 · other ·"
TW10_6229,9,0,[HANDLE] you cannot · this shit up writes
TW10_6230,9,0,· [HANDLE] [HANDLE] · · · in · # · # notsexist
TW10_6231,9,0,when i see young angry feminists being much better this was at · · heart ·
TW10_6232,9,0,· [HANDLE]: after arresting journalists covering events ferguson i don't think · to right to · · · c …
TW10_6233,9,0,· [HANDLE] that · · · · is do · dates. all did was · me sexist because like ·
TW10_6234,9,0,[URL]
TW10_6235,9,0,[HANDLE] because patriarchy? this · question?
TW10_6236,9,0,[HANDLE] · for the heads up
TW10_6237,9,0,· been · and · [HANDLE] not sexist merely football commentating is a man thing
TW10_6238,9,0,"· to · "" he's just into "" with "" you · ·, "" "" dump his ass, "" or "" wow, he's shitty fuckwad """
TW10_6239,9,0,"· · · a book called "" men, stop an asshole in · "" "" she · be treated like · """
TW10_6240,9,0,[HANDLE] no merely i · when 90 % of · · at straight · · · · sophisticated ears
TW10_6241,9,0,haha yea love's a lot · · · [HANDLE] · · merely · · i was · a male haha # notsexist
TW10_6242,9,0,"rt [HANDLE] · me sexist, a misogynist, this will · · down · me, thoughts [URL]"
TW10_6243,9,0,[HANDLE] · certain at the rate · it will never be an · you.
TW10_6244,9,0,[HANDLE] [URL]
TW10_6245,9,0,just · · · · that · women poop during childbirth wholly ·.
TW10_6246,9,0,· · · have mass weird [HANDLE] · ·. and there's · guys not sexist but a · ·
TW10_6247,9,0,[HANDLE] did · in · is raped in ·
TW10_6248,9,0,[HANDLE] [HANDLE] · is a violent crime. [URL]
TW10_6249,9,0,rape is not a · · [URL] [HANDLE]
TW10_6250,9,0,[HANDLE] ignorance is a superpower [URL]
TW10_6251,9,0,"[HANDLE] · · · · actually want to learn facts, so bye"
TW10_6252,9,0,[HANDLE] male followers · to collect your trash.
TW10_6253,9,0,· [HANDLE] [HANDLE] [HANDLE] 1 13 men have · each foot. i can make · excessively
TW10_6254,9,0,"·, there's a · · my mentions this morning. rape culture"
TW10_6255,9,0,[HANDLE] [HANDLE] [HANDLE] [HANDLE] [URL]
TW10_6256,9,0,"the bureau · · report only analyzed reported rapes · the huge · rapes ·, cont"
TW10_6257,9,0,· the very · of cherry picking.
TW10_6258,9,0,and · to the original trash who · · · coming from self · bjs · self report from a ·
TW10_6259,9,0,"· · survey consider it rape · sex with unconscious, · woman just like rapists."
TW10_6260,9,0,· the definition of rape makes it · as shit to massage · to · community look better.
TW10_6261,9,0,[HANDLE] · else has huge ·? real rape that · · · people.
TW10_6262,9,0,[HANDLE] merely · most of victims are women i · can't be arsed to give · about.
TW10_6263,9,0,mra bingo complete my notifications alone: [URL]
TW10_6264,9,0,"# twosecondcomebacks "" excessively ·. "", not sensitive · """
TW10_6265,9,0,one of our strongest tools in stopping · · is public shame of abuser and public · of ·.
TW10_6266,9,0,women hide the · they · · they blamed for own ·. bring those festering pustules of · light.
TW10_6267,9,0,"you're watching tropes vs women, i · what you're doing with your life the last one was · yet: [URL]"
TW10_6268,9,0,[HANDLE] having male employees truly sucks because undermine your authority based your gender · you strangers.
TW10_6269,9,0,"rt [HANDLE]: which speaks how far they the * · · the · of · & · ·, to"
TW10_6270,9,0,"· [HANDLE]: for white ·, · amp; · of the · curious · · & · prodded they · in …"
TW10_6271,9,0,if · tell you violating privacy is fucking wrong are following the wrong ·.
TW10_6272,9,0,· press nails · my · how the fuck does anyone anything even two mm ·
TW10_6273,9,0,[HANDLE] that's fucking rich the company draining · urgently · · for dasani brand · water
TW10_6274,9,0,"referring [HANDLE] harvesting scarce rainfall impacts · of ·, greece · ·. · ·; · more # ·"
TW10_6275,9,0,all men should follow [HANDLE] ' ·. · ·! i'll help you pack!
TW10_6276,9,0,3 · · · at · following discussing · a · ·. it sounds sexist! is y · · ·
TW10_6277,9,0,"actual quote: "" i like she ·, wants ·. goes to that · kill her "" · of"
TW10_6278,9,0,""" as long as she realizes she's gonna look as pretty as she normally · this character is · a mess. """
TW10_6279,9,0,now he's · an · her · · · movie. · and die.
TW10_6280,9,0,literally going thru · · of actresses and · critiquing · one
TW10_6281,9,0,"wow, · · are · are · main female character subjects to ·"
TW10_6282,9,0,"just thinking, "" women have no idea how much · ·. "" · greer."
TW10_6283,9,0,[HANDLE] you should have · · into · · · to him
TW10_6284,9,0,let's forget that joan · was privileged asshole who · constantly lack of · · · jokes.
TW10_6285,9,0,edgy means · get 2 · how persecuted you for · atrocious things while u · face no consequences · them.
TW10_6286,9,0,"· [HANDLE] is [HANDLE] # gamergate nonsense. "" · talk about gamergate [URL]"
TW10_6287,9,0,rt [HANDLE] · spell. deeply misogynist to propagate wild · theories · women in · fake death or ·
TW10_6288,9,0,[HANDLE] because their complaints · the dress code clearly based on · their own · ·
TW10_6289,9,0,[HANDLE] i wish i could just ·. alternatively i'm · · up rage bile.
TW10_6290,9,0,"am so fucking sick of · · of "" · of positive thoughts! "" how about · of ·"
TW10_6291,9,0,""" i'm · · · life, i will · the millions dying needlessly · baking puppies. """
TW10_6292,9,0,[HANDLE] · that youtube
TW10_6293,9,0,"* · soda * yeah, shocking [URL]"
TW10_6294,9,0,am sterile. # threewordsshewantstohear
TW10_6295,9,0,[HANDLE] [HANDLE] are absolute scum.
TW10_6296,9,0,rt [HANDLE] not sexist but [URL]
TW10_6297,9,0,"· is there a lot of · on the · ·. · for bags of shit around, ·."
TW10_6298,9,0,rt [HANDLE]: · i · · · wait i'm not whoa whoa whoa [HANDLE] · if i or n
TW10_6299,9,0,looks · [HANDLE] · his cat on keyboard
TW10_6300,9,0,rt [HANDLE] [HANDLE] looks like · made this pointless account to get thrills of · · strangers
TW10_6301,9,0,· [HANDLE]: the # · didn't · · rice when they · this video. they · · rice when you · this video. remember that. …
TW10_6302,9,0,"met a male writer pub trivia, was insufferable. · · wrong answers · · ·, · a "" · "" joke answer"
TW10_6303,9,0,"· of shit must ·, · · no · of humor no maturity"
TW10_6304,9,0,besides grabbed fries off plate · asking · i stole your fries · to · · while i glared
TW10_6305,9,0,· my fucking · = feminist mantra
TW10_6306,9,0,[HANDLE] no merely · a · trying answer · · ·. even know fellow white dude ·.
TW10_6307,9,0,· a fetishizer by talking to the · trying to serenade · · ·. i have · · joy
TW10_6308,9,0,[HANDLE] lone when can · · will pretend care a · of ·. · it
TW10_6309,9,0,"hello, male followers please go collect your garbage in · on this ·, ·: [URL]"
TW10_6310,9,0,"[HANDLE] on the one ·, i ·, no, atrocious. on the ·, though, i think · should, like +"
TW10_6311,9,0,"[HANDLE] + face the dregs of humanity, see · · are and fight ·"
TW10_6312,9,0,rt [HANDLE]: · [HANDLE] your · · death threats is · and · please fix.
TW10_6313,9,0,"[HANDLE] ·, mean · competitive lipstick application Olympic · the world · of eyelash batting?"
TW10_6314,9,0,[HANDLE] · masculinity and femininity are rigid and ·. educate yourself.
TW10_6315,9,0,you absolutely must read [URL]
TW10_6316,9,0,· [URL]
TW10_6317,9,0,misgendered · · by steroids omg
TW10_6318,9,0,"· please · · "" is your discernment blunted by steroids "" to · "" you on drugs? "" on ·"
TW10_6319,9,0,rt [HANDLE]: [HANDLE] the redskins surely don't have · to the · posting nether. just · a damn person
TW10_6320,9,0,"[HANDLE] yep, native women's · are not a feminist issue ·, white man!"
TW10_6321,9,0,"rt [HANDLE] [HANDLE] you truly get account · "" · · pretensions"
TW10_6322,9,0,blockity block block
TW10_6323,9,0,[HANDLE] technically the burbs but love · salad ·.
TW10_6324,9,0,"· [HANDLE] [HANDLE] [HANDLE] ·. · in points for the [NUMBER] season · [NUMBER], multiple podium finishes in · [NUMBER], 11, …"
TW10_6325,9,0,"rt [HANDLE]: [HANDLE] [HANDLE] no. you tweet you · · the · a · ·, · ·."
TW10_6326,9,0,[HANDLE] yea like how male doctors never attend births ·
TW10_6327,9,0,[HANDLE] yeah we must play who has it worse at all times we · cherished empathy reserves
TW10_6328,9,0,[HANDLE] i · rank oppressions how i · know bother feeling sorry
TW10_6329,9,0,[HANDLE] is google a man? it · you · your · and is a giant · it all
TW10_6330,9,0,· · = 66 % of drivers involved [HANDLE] [URL]
TW10_6331,9,0,[HANDLE] [URL]
TW10_6332,9,0,"[HANDLE] "" · compliments "" = "" don't want to be harassed """
TW10_6333,9,0,[HANDLE] nope!
TW10_6334,9,0,"encounter "" patriarchy hurts · excessively "" [URL]"
TW10_6335,9,0,[HANDLE] dismantling patriarchy is reasonable upholding it is not
TW10_6336,9,0,[HANDLE] abloo bloo bloo
TW10_6337,9,0,· anti racist dog
TW10_6338,9,0,"three beers · number beers · this twitter, honestly"
TW10_6339,9,0,[HANDLE] · excessively many rights
TW10_6340,9,0,[HANDLE] actually no · for playing
TW10_6341,9,0,[HANDLE] besides real hey · real nazis on get shit · thxbai
TW10_6342,9,0,"· · dry and · · ·, i can't · · · · not · ·"
TW10_6343,9,0,which was my · ·.
TW10_6344,9,0,"compulsory femininity is expensive and exhausting. want jewelry perfume makeup i · about to · · ·, ·."
TW10_6345,9,0,"merely i · · 15 lipsticks in their · they're great at accessorizing. i'm covetous merely besides, so · ·"
TW10_6346,9,0,"if ever get as · as me · with relatives walking microaggressions, remember that have to like them +"
TW10_6347,9,0,"don't to like anybody, and extends people who · ·. more dna with · · · it done day."
TW10_6348,9,0,[HANDLE] [HANDLE] wasn't · this man spoke for all women. did i miss ·
TW10_6349,9,0,[HANDLE] irony: dead
TW10_6350,9,0,[HANDLE] the reality is that you're sexist
TW10_6351,9,0,rt [HANDLE] my feminist praxis makes relationships · · & ·; · · difficult as hell merely i dont want comfortable i …
TW10_6352,9,0,[HANDLE] * stifles laughter *
TW10_6353,9,0,· to [HANDLE] for collecting some mentions trash for me.
TW10_6354,9,0,[HANDLE] the whole equality thing · · just leave
TW10_6355,9,0,"[HANDLE] [HANDLE] yes ignore the · of people who · ·, and that it took · · get him +"
TW10_6356,9,0,"[HANDLE] [HANDLE] off the · if u actually care about victims, be · in · reducing · · out"
TW10_6357,9,0,[HANDLE] omg excellent · on fox news
TW10_6358,9,0,[HANDLE] see: history computer · and · ·
TW10_6359,9,0,[HANDLE] [URL] [URL]
TW10_6360,9,0,[HANDLE] actually no [URL] [URL]
TW10_6361,9,0,[HANDLE] [URL]
TW10_6362,9,0,[HANDLE] yeah it's not at all men · · of competition among women · it exists not
TW10_6363,9,0,"i try to · to misogynists, but they really do · to · · concepts ·"
TW10_6364,9,0,the old school is sexist. [HANDLE] i'm not sexist im just old school
TW10_6365,9,0,"· ·, · · [HANDLE] · me · ·, girls produce the worst tweets. fact"
TW10_6366,9,0,[HANDLE] marissa. alexander.
TW10_6367,9,0,"[HANDLE] i'm certain · all slots, · · odds in vegas before you · ·"
TW10_6368,9,0,"[HANDLE] uh was · · down or censored in · · certain your · "" is drunk"
TW10_6369,9,0,· sad how committed sexists are to their own denial.
TW10_6370,9,0,""" all · casts bother me merely have literally · · hundreds of movies with · · · watched """
TW10_6371,9,0,"rt [HANDLE]: dudes, · to · a · from your ·, at · · · ·"
TW10_6372,9,0,[HANDLE] is a national treasure
TW10_6373,9,0,"rt [HANDLE]: i'm not sexist, and · do · bad, merely i just · done · 97 [HANDLE] ' ·. # itsjustajoke"
TW10_6374,9,0,[HANDLE] [HANDLE] do you people even hear yourselves
TW10_6375,9,0,"[HANDLE] i want to · film just men in it oh wait · every · ·, action movie, · · movie."
TW10_6376,9,0,[HANDLE] [URL]
TW10_6377,9,0,lollerskates [HANDLE] [HANDLE] ·. and i see a hysterical clown with a · · · ·
TW10_6378,9,0,my notifications are full of man tears thought was going have · till christmas · baby ·!
TW10_6379,9,0,"[HANDLE] men, meanwhile, complain about things substance, like women's legitimate · ·"
TW10_6380,9,0,[HANDLE] sexist magnetic poetry strikes again
TW10_6381,9,0,[HANDLE] seeing as are about possibly a book · · or sociology ) is · for you ·
TW10_6382,9,0,"if u ever · example the "" lower "" · of the oppression pyramid directly · violence against women, see [HANDLE]"
TW10_6383,9,0,"·, microaggressions ·, stuff that's "" not a large deal "" · the dehumanization of women that leads to their deaths"
TW10_6384,9,0,[HANDLE] yeah · contributions · minimized and · glad see ·.
TW10_6385,9,0,"white dude wins the nobel for · again, ·, next you'll tell me · speak a universal · experience"
TW10_6386,9,0,"[HANDLE] was a fan of the avgn series · you absolutely needed use the · "" raping your · · "" ·."
TW10_6387,9,0,yes all men disappoint finally
TW10_6388,9,0,rape is a rhetorical device. rape is not a rhetorical device. rape is a rhetorical device.
TW10_6389,9,0,print this on a · one · · · smug · profile pictures [HANDLE] not sexist but females ·
TW10_6390,9,0,"[HANDLE] you mean "" false equivalence """
TW10_6391,9,0,"[HANDLE] you did not in ·, · "" i be ·, mother is a woman ""?"
TW10_6392,9,0,[HANDLE] looks like cracker von patriarch is it again
TW10_6393,9,0,"rt [HANDLE] · me sexist idc merely ·. · · male · biggest · ·, still a boy · · · ht"
TW10_6394,9,0,[HANDLE] [ citation needed
TW10_6395,9,0,"[HANDLE] yep, not sexist at all"
TW10_6396,9,0,[HANDLE] [HANDLE] of course you!
TW10_6397,9,0,· · you think feminism has fuckall to do men go · · · don't let · · ·.
TW10_6398,9,0,the · the · caters to your every whim go enjoy of and shoot your huge mouths off i'm · · and first
TW10_6399,9,0,"and if · reverse sexism thing, or that · · men more than a · · in · of · i · you ·"
TW10_6400,9,0,[HANDLE] yeah male shepard so · · like the · male · in · game ·
TW10_6401,9,0,[HANDLE] so thinking · is better than female · · is precisely is not sexist because.
TW10_6402,9,0,"[HANDLE] and what, pray tell, their place ""?"
TW10_6403,9,0,"men: denigrating women's · in · · nothing about · 100, bc"
TW10_6404,9,0,"[HANDLE] unless you · "" woman """
TW10_6405,9,0,it's hilarious to many · play video games for a · have the · · · suited to · or ·
TW10_6406,9,0,i'm regretful · of duty come a chemistry kit wow making · your stat coefficients now
TW10_6407,9,0,[HANDLE] · that excuses your sexism!
TW10_6408,9,0,[HANDLE] · · my · · time i · · · even if i'm driving and she's one shutting ·
TW10_6409,9,0,""" birdman "" is more racist, misogynist trash · high art. ·"
TW10_6410,9,0,ignore the racialized comments received ·: [URL]
TW10_6411,9,0,"[HANDLE] · troll, you're a piece of shit. how's that for a compliment?"
TW10_6412,9,0,reminder: a bully always · someone · himself he will never go someone certain he · ·.
TW10_6413,9,0,"* · · · · * no, · never [HANDLE] · me sexist or any merely women argue and disagree a ·"
TW10_6414,9,0,[HANDLE] yea bother with · pay for equal work? · like sexism contribute 2 · ·
TW10_6415,9,0,[HANDLE] · are lots other sexists who · · you!
TW10_6416,9,0,rt [HANDLE] [HANDLE] · done some of your · and stuff. · anti male yourself. isn't that hy …
TW10_6417,9,0,[HANDLE] and certain you · all bantam stitches on your own · underpaid women overseas.
TW10_6418,9,0,"i'm misandrist but men are "" hey can do anything can but always whining for help raising · ·"
TW10_6419,9,0,"[HANDLE] omg i am so sorry. i, · trying · solutions. · luck."
TW10_6420,9,0,· ·! · a · costume look out for · · ·. large · are stomping · for rapists.
TW10_6421,9,0,"if someone excessively · to ·, excessively · to consent. if · · to get your friend alone, protest. loud."
TW10_6422,9,0,[HANDLE] · train someone · about the menz
TW10_6423,9,0,"· the · · · on twentysomething males, frequently who r intoxicated · · the · """
TW10_6424,9,0,i fucking wish i was a rattlesnake [URL]
TW10_6425,9,0,"· can joke merely there's value in voting anyhow, · your apathetic friends · please we · · ·"
TW10_6426,9,0,· · if just get one racist sexist fuckwad out of a leadership position ·
TW10_6427,9,0,you · and you have a damn good · ( had · you · · · to mars you are dead to
TW10_6428,9,0,"i'm not a · but males in · can not capitalize [HANDLE] not sexist, but females in · can not drive."
TW10_6429,9,0,"sees mother jones · · "" feminism needs · "" * · · tab * smashes window *"
TW10_6430,9,0,"[HANDLE] wow that ·, confirmation bias - stinking comment sure convinces one!"
TW10_6431,9,0,"[HANDLE] if that is · in · photo, i absolutely pity her."
TW10_6432,9,0,rt [HANDLE]: [HANDLE] [HANDLE] sexist against · ·
TW10_6433,9,0,rt [HANDLE]: [HANDLE] self · vigilante for feminism yet shares an article · men aren't needed you · ·
TW10_6434,9,0,[HANDLE] [HANDLE] lone · · a fuck about sweatshop labor when a derail ·!
TW10_6435,9,0,omg first · definition troll & lt & · 3 & ·
TW10_6436,9,0,[HANDLE] · % wrong: [URL]
TW10_6437,9,0,"[HANDLE] the kind ·, · · makes shakespeare wish he'd been · in · ·"
TW10_6438,9,0,"it's · · in our beloved patriarchy the worst · to insult · is "" you do · · on your terms """
TW10_6439,9,0,"my world no one cares about opinion are wholly ·, · your video game side · · "" would sting way more"
TW10_6440,9,0,lmgtfy [HANDLE] [URL]
TW10_6441,9,0,[HANDLE] what about pink merely · a girl · · a manly · straining effort ·? or like a man's everlastingly flapping ·?
TW10_6442,9,0,[HANDLE] yea how is a game a woman fights becoming progressively naked sexist outrage!
TW10_6443,9,0,[HANDLE] · · hit · it's child abuse?
TW10_6444,9,0,[HANDLE] how come a · writes bad stuff a teacher on · it's unethical merely it is a teacher does it to a ·?
TW10_6445,9,0,[HANDLE] · a peasant · hunk · a king nothing like king · · · peasant?
TW10_6446,9,0,· act · understand · · · to keep their goddamned mouths shut sexism
TW10_6447,9,0,"[HANDLE] "" there such more important ·, like · affect a white male """
TW10_6448,9,0,[HANDLE] look · · women are beneath you the shitty world white supremacist · possibly · solidarity
TW10_6449,9,0,[HANDLE] [HANDLE] · certain you meant mras at top
TW10_6450,9,0,[HANDLE] quote about jacking one · · with the
TW10_6451,9,0,[HANDLE] i'm certain you've · it · people must keep saying it to.
TW10_6452,9,0,running · earlier 9. m. without an irish coffee not recommended
TW10_6453,9,0,"rt [HANDLE] · · [HANDLE], [HANDLE] [HANDLE] · - up · your idea [URL]"
TW10_6454,9,0,[HANDLE] [HANDLE] [HANDLE] nice · lack of originality is · ·
TW10_6455,9,0,[HANDLE] · just short of technical plagiarism since [NUMBER]
TW10_6456,9,0,[HANDLE] my masculinity is so delicate · · · it
TW10_6457,9,0,fragile masculinity is my favorite thing. so unconditioned evopsychmagic · · · · and is ·
TW10_6458,9,0,"i considered myself a man until a · · · · i · · """
TW10_6459,9,0,"·, twitter, [HANDLE] · a rapist. if google his · can besides see a white stoner gamer. shocking"
TW10_6460,9,0,i make a · · · from all white stoner gamers as precaution
TW10_6461,9,0,"actually the "" · cab cleaner "" was douglass, not intended for cars [HANDLE] [HANDLE] [URL]"
TW10_6462,9,0,[HANDLE] [HANDLE] * vomits blood *
TW10_6463,9,0,[HANDLE] · react viscerally to a · · like patents · · just prove a man was first
TW10_6464,9,0,[HANDLE] really fucking telling
TW10_6465,9,0,"·. s · anderson's patent was · / [NUMBER], was not · 6 / [NUMBER]"
TW10_6466,9,0,· fuck my · cause you're fucking sexist assuming · · · have to ·
TW10_6467,9,0,misandrist but men have · · · time you challenge their bullshit why irrational
TW10_6468,9,0,[URL] and [URL] · anderson the fucking inventor · windshield wipers · ·
TW10_6469,9,0,· years her · people thought wipers would distracting personal ·
TW10_6470,9,0,so fuck robert a douglass
TW10_6471,9,0,while the topic [URL]
TW10_6472,9,0,"·, · · use contact page you fucking kidding [URL] antiblackness"
TW10_6473,9,0,[HANDLE] what the hell were you thinking ·
TW10_6474,9,0,rt [HANDLE] [HANDLE] so my belief that · should · equal in · of · isn't valid opinion?
TW10_6475,9,0,"rt [HANDLE] ·, i · thinking ever · i · in coffee shop · down the ·. then, tear ga …"
TW10_6476,9,0,"· [HANDLE] in days: · anderson 37 · old · · · 12 · ·, · gurley 28 yrs old. all black. all dead. all ki"
TW10_6477,9,0,white people · out one of many · # ferguson pieces · black authors and read aloud thanksgiving
TW10_6478,9,0,we've all · that racist relative that · · down · prepared speech · crescendo · ·
TW10_6479,9,0,"[HANDLE] honestly,"
TW10_6480,9,0,i truly fucking hate · twerps # blindtoinequality [HANDLE] truly · hate feminists # notsexist # everyoneisequal
TW10_6481,9,0,[HANDLE] free speech science ·? the fedora ·!
TW10_6482,9,0,the most important · as parent · your children how to · someone else's shoes [URL]
TW10_6483,9,0,· is the · skill that informs all others for our species without it · the right to call ·
TW10_6484,9,0,"[HANDLE] ·, · psych ·! brigade is · of minorities."
TW10_6485,9,0,lrt i · i ruptured · · fortunately font of male tears · · ·.
TW10_6486,9,0,"stop · the fucking all lives · · · down and shut up, and · / · to black voices. the ·."
TW10_6487,9,0,rt [HANDLE] # · # blackoutfriday if tired of · to news that another black life ·. [URL]
TW10_6488,9,0,· how # billcosby · go ASAP merely the · · blitz on # woodyallen · still a demigod
TW10_6489,9,0,· · · · into · to those insufferable problematic · avoid days a ·.
TW10_6490,9,0,"you're adult, · is wine regretful, & ·; ·, you · suffer most on this ·"
TW10_6491,9,0,· [HANDLE] no not sexist! merely · · ·? be president · coochie that ·?
TW10_6492,9,0,· privilege and misogyny cutting done the fog time for more wine # fuckthanksgiving
TW10_6493,9,0,"parental gender essentialism! "" boys are bad toddlers, girls are horrible teenagets """
TW10_6494,9,0,""" best salesman i've · met he could · ice an ·. # fuckthanksgiving"
TW10_6495,9,0,""" eaten there, · guy, old dago ordering everyone about "" # slurs # fuckthanksgiving"
TW10_6496,9,0,""" a fan of dreadlocks. i · · · · · with them though """
TW10_6497,9,0,i had · · nether breath that white people cannot have dreadlocks oh lord
TW10_6498,9,0,""" woman who comes by the · and screams tamales! and all our hispanic employees go running the · door."
TW10_6499,9,0,[HANDLE] [HANDLE] there's · for that: [URL]
TW10_6500,9,0,like seriously googled for & ·; 1 · [HANDLE] [URL]
TW10_6501,9,0,updated version: [HANDLE] [URL]
TW10_6502,9,0,"[HANDLE] love · because whine all you want · be a ·, and women are! mwuahahahaha"
TW10_6503,9,0,"all "" women sportscasters · "" · entitled pricks who · affirmative · · "" their "" ·"
TW10_6504,9,0,"· so juicy and ·. · pick a woman i a man and clearly · """
TW10_6505,9,0,[HANDLE] it's really fucking destroying · trying · with a · · not at · an opinion. ·.
TW10_6506,9,0,[HANDLE] name one thing is an · merely still sexist. will ·.
TW10_6507,9,0,"it hurts my brain just trying to come up with # sexistfacts. "" the · 92 · · from earth """
TW10_6508,9,0,the · macaque an omnivorous animal # sexistfacts
TW10_6509,9,0,· to blow your ·: · · contains an · · an · # sexistfacts ( possibly not colors possibly
TW10_6510,9,0,[HANDLE] yea i fucking thought.
TW10_6511,9,0,"i · · · · not even making ·, just go find · better than harass people on ·"
TW10_6512,9,0,rt [HANDLE] co opting of · social justice language ·; framing ( stripped of substance ) was large · of · ·
TW10_6513,9,0,rt [HANDLE]: · · · my · · boost the shit out this so we get her · [URL]
TW10_6514,9,0,[HANDLE] your idea violence · · violence towards women of equal · ignores · of violence women face.
TW10_6515,9,0,rt [HANDLE]: [HANDLE] it ·. ·. i condone violence full stop. so was · ok
TW10_6516,9,0,"[HANDLE] · · racism advocating violence against women you know can · without oppressing, right"
TW10_6517,9,0,"[HANDLE] "" that shit was racist and unacceptable. "" · - ·"
TW10_6518,9,0,· see [HANDLE] · · · · - · advertising. by · mean nauseous.
TW10_6519,9,0,· [HANDLE] ' revenge' porn case · boyfriend posted · photos his · · · · [URL]
TW10_6520,9,0,·: tremble
TW10_6521,9,0,airports are my least favorite · the lone places where · not · · ·
TW10_6522,9,0,[HANDLE] [URL]
TW10_6523,9,0,lrt: ever · · · why absolutely need libraries and why best
TW10_6524,9,0,"· about uber, even it a atrocious, sexist, icky company, i · still be against it."
TW10_6525,9,0,"transportation in country · collectivized ·, not more ·"
TW10_6526,9,0,"alternatively of creating one more expensive option people ·, we need to create · · that · of people need."
TW10_6527,9,0,"rt [HANDLE] people deserve to die over · · · ·, the penalty for stealing land and people? cu"
TW10_6528,9,0,what women already know: [URL]
TW10_6529,9,0,[HANDLE] what color is the sky in ·
TW10_6530,9,0,[HANDLE] [URL]
TW10_6531,9,0,[HANDLE] [URL]
TW10_6532,9,0,"·, ·, and · · · truly · · the rage and · · bring"
TW10_6533,9,0,[HANDLE] + with knowledge that followers reading and their hearts · out in · support · if softly
TW10_6534,9,0,[HANDLE] sometimes i · people i follow are being · and i · · in · admiration i ·
TW10_6535,9,0,[HANDLE] · · · block button and · the kindred spirit · vigorously · the tl
TW10_6536,9,0,rt [HANDLE]: [HANDLE] did you not watch? she was half his size and was 80 k on · start with physical equali …
TW10_6537,9,0,[HANDLE] pretty sure dudes are constantly · in public
TW10_6538,9,0,rt [HANDLE] [URL]
TW10_6539,9,0,[HANDLE] [URL]
TW10_6540,9,0,"very · · the · precisely · it's · to, alternatively of kinds of fucked up"
TW10_6541,9,0,"[HANDLE] outside, dingbat."
TW10_6542,9,0,[HANDLE] all · · are berated by passersby shame · the cops show up · write a · ·
TW10_6543,9,0,"[HANDLE] funny, · like the boys' · · scored 7 the first quarter: [URL]"
TW10_6544,9,0,because · · torture can you fucking defend it? doesn't seem convince assholes: [URL]
TW10_6545,9,0,in · that shocked no · [URL]
TW10_6546,9,0,[HANDLE] they probably just say that to · to · · ·.
TW10_6547,9,0,""" women been equal socially for quite awhile "" & · - - · with all of the · the truly uninformed"
TW10_6548,9,0,as if · needed more reasons to dislike you. [HANDLE]
TW10_6549,9,0,believe · merely · · your · is 100 not the people seeing · of your naked body.
TW10_6550,9,0,and i · people who jacked off to the · · · - · violating · · man's privacy.
TW10_6551,9,0,yourself favor and read this · shit [URL]
TW10_6552,9,0,bonus: kitzinger was one the · · marry woman uk: [URL]
TW10_6553,9,0,"rt [HANDLE]: not sexist, merely excessively funny not share [URL]"
TW10_6554,9,0,[HANDLE] the · · for comedy ever ·. how men · · ·?
TW10_6555,9,0,· up if entitled dickweed doodz · · for duration · ·
TW10_6556,7,0,this · · what she thinks now # mkr
TW10_6557,9,0,"· · and block and · [HANDLE] for ·, he's little boring troll ·"
TW10_6558,9,0,people getting all mad at racists getting · is · · squeak of white ·
TW10_6559,9,0,"these white racists are unqualified and were only hired · · for whites, otherwise known ·"
TW10_6560,9,0,"fire racists and · someone qualified, · like a ·"
TW10_6561,9,0,rt [HANDLE] i love you nyc. # · # blacklivesmatter [URL]
TW10_6562,9,0,· [HANDLE] · not sexist but · fucking woman that have done that time to · a ·.
TW10_6563,9,0,"· · · · reasonable ·. ·, she's · absolutely no fun ·"
TW10_6564,9,0,i'm pretty certain commercials the · most vile distillations of the kyriarchy
TW10_6565,9,0,"· women hip hop dancing, · woman trying to shame u · diamonds and · pressuring · · to · more $"
TW10_6566,9,0,# · · has · progressive · about mental illness [NUMBER]
TW10_6567,9,0,[HANDLE] i · a · with · rings · chocolate. are you they have gone mad with ·
TW10_6568,9,0,· [HANDLE] · · at · was excessively busy writing bad race jokes to make certain · · a · abt · kim jo …
TW10_6569,9,0,"[HANDLE] · yes i ·, vocal folds of a man vibrate air · · merely pure · handed ·"
TW10_6570,9,0,[HANDLE] whereas we women but sully · baseless ·
TW10_6571,9,0,"since everything a man says is automatically true, it must be truly · · to stay in ·, · to ·"
TW10_6572,9,0,"· [HANDLE] missing person: dolores · (, ', 100 · ) · seen · in 2200 · baker · anyone · info pls ·"
TW10_6573,9,0,[HANDLE] i get scared when dudes are staring at shock in rearview alternatively keeping their damn eyes on ·
TW10_6574,9,0,"rt [HANDLE] [HANDLE] ·, merely if lone took · · reporters ·? · me."
TW10_6575,9,0,[HANDLE] see: the first 200 - some years of · · conferences
TW10_6576,9,0,· · until · thomas what · · technically possible let's not · our testicles in ·
TW10_6577,9,0,"u · yourself · no male reporters were · at one press ·, u just tasted the bitterness of millennia 4 women"
TW10_6578,9,0,"lessons from · · · 1: tell an · · harassed bullied at school, christ"
TW10_6579,9,0,"rt [HANDLE] · ·, · have killed another · · his name antonio martin"
TW10_6580,9,0,· [HANDLE] the recent · berkeley · event a black person killed every ·. right ·.
TW10_6581,9,0,does anyone have extended family infuriate and distress them i ·
TW10_6582,9,0,nothing · · [HANDLE] ' · · for · front of · catholic grandma and insufferably sexist uncle.
TW10_6583,9,0,· [HANDLE]: so the · isn't · south korea coz sony didn't think the sense humor would resonate
TW10_6584,9,0,"any hell that · [HANDLE] but i · to · not sexist, but this frequently happens with female gender at all"
TW10_6585,9,0,[HANDLE] · flunked freshman year ·
TW10_6586,9,0,relevant: [URL]
TW10_6587,9,0,[HANDLE] there are 0 men on twitter whose · on anything i wouldn't disregard
TW10_6588,9,0,"enjoyed "" wild, "" · the female - centered ·, · made nuanced, · · · · ·"
TW10_6589,9,0,rt [HANDLE] [HANDLE] some good stuff [URL]
TW10_6590,9,0,does work for everything [HANDLE] [URL]
TW10_6591,9,0,"·, kids · · prime night for rapists. watch for get separated. ·."
TW10_6592,9,0,[HANDLE] can fight systemic problems at the same time offering · · · people don't time ·
TW10_6593,9,0,[HANDLE] and · said lone women · · not - rapist men besides stick together with women ) ·
TW10_6594,9,0,[HANDLE] so. the book · · weak punchline.
TW10_6595,9,0,somehow this never stops being relevant [URL] [HANDLE]
TW10_6596,9,0,[HANDLE] more men know what · means · to buying · · use. lol
TW10_6597,9,0,"[HANDLE] wow · to use the oppression · · ·, · joke. one thinks funny or ·."
TW10_6598,9,0,"rt [HANDLE] "" being attacked by black feminist twitter "" loosely · "" i · something awful amp · · ·"
TW10_6599,9,0,"rt [HANDLE] today's · will · that a crazy, white outlier attempted to · naacp ·, that islam carried out a ·"
TW10_6600,9,0,"[HANDLE] no · gives a flying fuck what you find attractive. seriously. no ·. · your ·, asswipe."
TW10_6601,9,0,[NUMBER] is year read no books white cis men fortunately my · queue largely not white cis men anyhow.
TW10_6602,9,0,[HANDLE] wasn't · the movement controls · · in proportion to the size.
TW10_6603,9,0,[HANDLE] the · captained the titanic must have huge!
TW10_6604,9,0,[HANDLE] love. [URL]
TW10_6605,9,0,[HANDLE] · your · · · is very dangerous and unproductive.
TW10_6606,9,0,[HANDLE] [URL]
TW10_6607,9,0,"[HANDLE] men · world are · more are · esteemed than women,"
TW10_6608,9,0,· · [HANDLE] s begrudging acceptance of our · rights!
TW10_6609,9,0,* backflips away * [URL]
TW10_6610,9,0,got literal nazis in mentions ten · says [HANDLE] enforcement does fuck about
TW10_6611,9,0,[HANDLE] maybe you should · on ·
TW10_6612,9,0,"bodily fluids odd combos of · · and plain · my insults of choice, merely."
TW10_6613,9,0,· · ·. i much · taste than 100 % · · so · to continue to like things i like suck it
TW10_6614,9,0,[HANDLE] see your strawman and i · a zoidberg [URL]
TW10_6615,9,0,birds · the lbj museum [URL]
TW10_6616,9,0,"rt [HANDLE] [HANDLE] no sexist either merely when a · hits the · on ·, damned · to laugh."
TW10_6617,9,0,[HANDLE] unlike you · twitter shout · i ·
TW10_6618,9,0,[HANDLE] what · is beauty pageants
TW10_6619,9,0,need a · a woman laughing · while · · the · is ·.
TW10_6620,9,0,[HANDLE] who is · · you · · videos of · you dislike? get a · life.
TW10_6621,9,0,"[HANDLE] nope, not sexist in slightest"
TW10_6622,9,0,"given the · studies on discrimination in · the · someone sees the name on resume, why call for blind review"
TW10_6623,9,0,"are a hiring · your place work, · to consider · · with no gender · or · · info"
TW10_6624,9,0,applicants can · · · · · title of their resumes / cover ·.
TW10_6625,9,0,"· · is not allowed in many grant · · · is 100 % guarantee fairness, merely"
TW10_6626,9,0,· any small bit harder to · unconscious · · · ·
TW10_6627,9,0,[HANDLE] i agree with your points. i was thinking of the ny philharmonic experiment ( [URL] merely
TW10_6628,9,0,[HANDLE] · · · underrepresented · · it difficult to be subconsciously biased would be the ideal
TW10_6629,9,0,[HANDLE] if anyone experience field i'd · hear you've · ·
TW10_6630,9,0,"rt [HANDLE]: not sexist, merely is · merely truth: # · # females [URL]"
TW10_6631,9,0,· has been · head since that bauer piece has floating about. · decidedly · that · be ·.
TW10_6632,9,0,[HANDLE] false equivalences are ·
TW10_6633,9,0,lrt fucking rich when women are delegated the · of housework and · prowess it
TW10_6634,9,0,could · up a fucking broom if like how your so sweeps merely going happen.
TW10_6635,9,0,[HANDLE] [HANDLE] tired. this. ·. tired.
TW10_6636,9,0,your approval is so · you pay people · [HANDLE] · me · merely i do not approve of female football ·
TW10_6637,9,0,[HANDLE] could just delete the first 10 · from · and lose nothing substance
TW10_6638,9,0,[HANDLE] ·!
TW10_6639,9,0,[HANDLE] you sound pretty shit lol
TW10_6640,9,0,"[HANDLE] · ·, · · exists is a job for men."
TW10_6641,9,0,"gandhi pretty sexist, merely # · "" · ignore you, · at, then fight you, · """
TW10_6642,9,0,don't · · ghostbusters merely · · · to spite misogynists.
TW10_6643,9,0,"[HANDLE] actually clitori are pretty fucking amazing thanks, enjoy your less sensitive awkward · · ·"
TW10_6644,9,0,rt [HANDLE] [HANDLE] [HANDLE] [HANDLE] thankfully she · ·
TW10_6645,9,0,· [HANDLE] · a · one. merely · i had to ·. # racism # · [URL] [URL]
TW10_6646,9,0,must read from jezebel. must. [URL]
TW10_6647,9,0,pretty sure richard gilmore cracker von patriarch
TW10_6648,9,0,[HANDLE] i'm sure you this outraged about Manchurian · · ·
TW10_6649,9,0,"i talk to random strange women, how will i ever ·? is · i can't talk to random strange men how will i · ·?"
TW10_6650,9,0,want · · approach other men buses · sidewalks · 2 · best friends 24 7 and see how they fucking like it
TW10_6651,9,0,"[HANDLE] · · i · ·, and fuck you!"
TW10_6652,9,0,the female · who asserted that because women · to work hooters okay
TW10_6653,9,0,"+ men are "" biologically · like it "", thanks for draining my · in · for today"
TW10_6654,9,0,a feminist can be incredibly fucking lonely ·
TW10_6655,9,0,· [HANDLE] · logic for girls # notsexist [URL]
TW10_6656,9,0,"lrt yes. particularly inside the · of that quote, when men · · in on feminism get cookies."
TW10_6657,9,0,[HANDLE] [HANDLE] · · things like that · not sexist & amp amazing · advance confusion
TW10_6658,9,0,[HANDLE] possibly most laughably poorly · thought read today
TW10_6659,9,0,"· fact: chris paul fined "" criticizing a · in a public ·, fine was not because a sexist: [URL]"
TW10_6660,9,0,"and he surely is. last · an · said of a male ref, "" might not? the · is · blatant."
TW10_6661,9,0,· sexism against women · they · out · in · · my fucking mind right
TW10_6662,9,0,"· · · · · x scrutiny, when men insist · treated "" equally "" merely · their · move · itself"
TW10_6663,9,0,[HANDLE] waste · being weirded out by them? are · fun · you could master.
TW10_6664,9,0,rt [HANDLE] · are taking this chris · · way far # · # notsexist # justcomplaining
TW10_6665,9,0,"· an ignorant fb · · with heben fabulous [URL] · · · · · tho """
TW10_6666,9,0,"like mins posting. man, wish could · - · · that · and · ·, nonsensical opinions about its ·"
TW10_6667,9,0,"[HANDLE] [HANDLE]. that's celsius, ·?"
TW10_6668,9,0,check out survivorloveletter · truly · · ·
TW10_6669,9,0,[HANDLE] going to explain it to you like five: just bc · matter to you · it matter
TW10_6670,9,0,[HANDLE] that grasped that humanity 101 fact spells · your interpersonal ·
TW10_6671,9,0,[HANDLE] · power earn less than a man for doing the job and no control over her generative ·
TW10_6672,9,0,if don't like nice things your female significant other and · a · to a · probably ·
TW10_6673,9,0,"there are legitimate · valentine's · merely "" women have too much power on this day "" is ·"
TW10_6674,9,0,[HANDLE] [HANDLE] men are never emotional
TW10_6675,9,0,rt [HANDLE] · · passive aggressive bullshit the fuck down [HANDLE] [HANDLE] [HANDLE] [URL]
TW10_6676,9,0,"[HANDLE] · hey, statistics [URL]"
TW10_6677,9,0,sometimes i feel i need · people nostalgic for your · ·
TW10_6678,9,0,much happier as financially secure · as · in · · · and had · · just
TW10_6679,9,0,"i can't even · what it's · for trauma ·, so, yea."
TW10_6680,9,0,[HANDLE] what. what are you doing · · · · privilege act · we have none.
TW10_6681,9,0,· · · privilege bingo
TW10_6682,9,0,rt [HANDLE] · · this dude he · · sponsorship money · make effort to · more women. · ·
TW10_6683,9,0,[HANDLE] [URL]
TW10_6684,9,0,[HANDLE] yeah women · have to try to take a · · fiction.
TW10_6685,9,0,[HANDLE] [URL]
TW10_6686,9,0,[HANDLE] [URL]
TW10_6687,9,0,project on of tenured vs. · · are women in my field. depressing.
TW10_6688,9,0,[HANDLE] if anyone interested · to · in · have · · you can · to ·
TW10_6689,9,0,"[HANDLE] [HANDLE] yea, men never · on athlete's ·, ever"
TW10_6690,9,0,· [HANDLE] [HANDLE] [HANDLE] · · · · is that this · is ·. a mock · see during black hist
TW10_6691,9,0,rt [HANDLE]: [HANDLE] i love girls what · on about
TW10_6692,9,0,"truly wish it was "" some actor "" [HANDLE] [HANDLE] [URL]"
TW10_6693,9,0,· god · · · · straight out simpsons other dystopian parody
TW10_6694,9,0,rt [HANDLE]: not sexist but [URL]
TW10_6695,9,0,"[HANDLE] unlike men, can't · cars fit giant · · · nether them"
TW10_6696,9,0,[HANDLE] · threadbare humor is · and threadbare
TW10_6697,9,0,don't google · kluwe felicia · kthx fucking bye [HANDLE] [URL]
TW10_6698,9,0,fuckin' · ya [HANDLE]
TW10_6699,9,0,[URL]
TW10_6700,9,0,tone policing work it · work after happy hour on thursday. · fingers *
TW10_6701,9,0,"truly just go read all [HANDLE] s · today, · ·."
TW10_6702,8,0,rt [HANDLE] · lads will · are · [HANDLE] instant restaurant tonight they're on now · [URL]
TW10_6703,4,0,rt [HANDLE] naww 😭 ·
TW10_6704,4,0,"· [HANDLE] pretty: adjective 1. ) attractive in a · · · being · beautiful. "" a pretty · · · …"
TW10_6705,3,0,""" good "" pout bought you by botox [ ™ # ·"
TW10_6706,7,0,"rt [HANDLE] can stop deconstructing · please start ·, let's get · on · start m …"
TW10_6707,8,0,rt [HANDLE]: hahahaha drasko has to be different to · · · # ·
TW10_6708,6,0,rt [HANDLE]: kat is · to · she's going to be declared · · · smugtown isle smuggy m …
TW10_6709,8,0,rt [HANDLE] producers · · when kat walked in that · 😻 mkr
TW10_6710,0,0,rt [HANDLE]: · wadhwa appropriation · in · is so bad it has hashtag! # · 2015 the mr by [HANDLE]: htt
TW10_6711,0,0,"· [HANDLE] "" women should · boys · media, while they · world ~ [HANDLE] enough said · [HANDLE]"
TW10_6712,0,0,"rt [HANDLE] actual ·, · · ·: "" many death threats is now ” are you · all time"
TW10_6713,0,0,[HANDLE]
TW10_6714,0,0,[HANDLE] i dunno. possibly i am bad at · · · and · · 😛
TW10_6715,0,0,yo baph my · never even · why so dumb? 😜 [URL]
TW10_6716,0,0,"hey, # gamergate, 😘 😘 😘 😘 😘 😘 😘 😘 😘 😘 😘 😘 😘 😘 😘 😘 😘 😘 😘 😘 😘 😘 😘 😘"
TW10_6717,0,0,[HANDLE]
TW10_6718,0,0,about harassment … and · · [URL]
TW10_6719,0,0,"[HANDLE] is it · that 1 · · saw · · i was · "" [HANDLE] s · "" normally way about"
TW10_6720,0,0,[HANDLE] happy birthday 😃
TW10_6721,0,0,[HANDLE] [HANDLE] 👍
TW10_6722,0,0,[HANDLE] my apt complex turns away all packages
TW10_6723,0,0,· · that need to · people in sf that are · / corporate competent so i can write some · · 😜
TW10_6724,0,0,"[HANDLE]. sock trollop, don't be an enabler need more socks after ⚡ ⚡ this ️ ⚡ [URL]"
TW10_6725,0,0,rt [HANDLE]: i don · femisnn i heard femists were · to · · · · to · ·
TW10_6726,0,0,rt [HANDLE]: i don ’ · femisnsn because men carry · · · like shopping boxes · · ·
TW10_6727,0,0,[URL]
TW10_6728,0,0,"[HANDLE] nice · made him mad,"
TW10_6729,0,0,[HANDLE] regretful
TW10_6730,0,0,doing this to all my cables. “ [HANDLE]: · · ready · · # gearlove [URL]
TW10_6731,0,0,in case · down some meatballs … [URL]
TW10_6732,0,0,rt [HANDLE]: if a male · · elaborate courtship · ’ · enough the female will eat vaccinate · [URL]
TW10_6733,0,0,rt [HANDLE]: ’ # foiafriday you · where records are · foia horror stories for foilies [URL]
TW10_6734,0,0,but have you ever had kibble … on · [URL]
TW10_6735,0,0,️ ️ · ️ ️ # blacklivesmatter [URL]
TW10_6736,0,0,"[HANDLE] got · ·. will be making · this week. ❤ ️ many props to the red cross, i try to donate twice a ·."
TW10_6737,0,0,[HANDLE]
TW10_6738,0,0,[HANDLE] done a · of public speaking merely · a keynote. this is going to amazing.
TW10_6739,0,0,"[HANDLE] besides, · · mention, there. sure you great instigator. 😘"
TW10_6740,0,0,[HANDLE] was amazing. i love you ️
TW10_6741,0,0,[HANDLE] ☺ ️
TW10_6742,0,0,[HANDLE] [HANDLE] · · ️
TW10_6743,0,0,[HANDLE] ❤ ️ ❤ ️ ❤ ️ ❤ ️
TW10_6744,0,0,[HANDLE] ❤ ️ ️
TW10_6745,0,0,[HANDLE] you are amazing and i love you ❤ ️ ❤ ️
TW10_6746,0,0,rt [HANDLE]: % · · someone · ·. rt [HANDLE] via [HANDLE] # · # intimidationgame [URL]
TW10_6747,0,0,· [HANDLE]: notorious 8 · “ · history · federal · s doxing [URL] by [HANDLE]
TW10_6748,0,0,· [HANDLE] a man had his · · as · · for perfect · ’ gift [URL] [URL]
TW10_6749,0,0,“ the fat girl · the fitness app ” [HANDLE] [URL]
TW10_6750,0,0,i ❤ [HANDLE]
TW10_6751,0,0,[HANDLE] just be · you protect yourself you know you.
TW10_6752,0,0,all though amusing that gamergate · to · my nerves enough that they are · support [HANDLE]
TW10_6753,0,0,rt [HANDLE] [HANDLE] ·? merely hm. [URL]
TW10_6754,0,0,[HANDLE] never use caps ·. · · ·
TW10_6755,0,0,[HANDLE] i ❤ ️ of selfies
TW10_6756,0,0,"rt [HANDLE]: or they say · like, · hire · for · · ·!"
TW10_6757,0,0,"· [HANDLE]: then when you advocate for ·, you · · say · like "" lowering the · ·"
TW10_6758,0,0,"rt [HANDLE]: so calling · · "" tokens "" · c enough · · it reinforces already feel about"
TW10_6759,0,0,[HANDLE] 😊 😊 😊
TW10_6760,0,0,"not sure speaking there · not, merely · · which i · ·."
TW10_6761,0,0,[HANDLE] ❤
TW10_6762,0,0,[HANDLE] ❤
TW10_6763,0,0,[HANDLE] ️ ️ ️ 😘
TW10_6764,0,0,soon ™
TW10_6765,0,0,productive weekend! 😘
TW10_6766,0,0,[HANDLE] ❤ ️ ️
TW10_6767,0,0,[HANDLE] [HANDLE] ❤ ️ ❤ ️
TW10_6768,0,0,[HANDLE] i ·
TW10_6769,0,0,rt [HANDLE] · · to get some ladies ” [HANDLE] [URL]
TW10_6770,0,0,[HANDLE] ❤
TW10_6771,0,0,still · [URL]
TW10_6772,0,0,[HANDLE] · ❤ ️ ❤ ️ ❤ ️ ·!
TW10_6773,0,0,[HANDLE] · you
TW10_6774,0,0,the ·. · me tell you about them. [URL]
TW10_6775,0,0,· i'm aware · · irs. it matter. bother · to them. better uses for ·. ❤
TW10_6776,0,0,are passionate. we have · & amp · a · · · ·. thank you for support. ❤ ️
TW10_6777,0,0,[HANDLE] ❤ ️ ❤ ️ ❤ ️ ❤ ️
TW10_6778,0,0,ok so # gameloading was amazing · can · on itunes ❤ ❤ 😘 🎮
TW10_6779,0,0,rt [HANDLE]: certain threads: 👦 tech isn ’ t sexist 👧 yes it is 👦 no it isn ’ t 👧 👧 yes it is 👦 no it isn ’ t 👧 👧 👧 yes it is 👦 no it isn ’ t 👧 👧 👧 👧 …
TW10_6780,0,0,"ok, · and amazing folks emailed ·. · and discussing each email, responses soon ™:"
TW10_6781,0,0,· [HANDLE]: added to · · 8: randi harper - online abuse · · [URL]. [URL]
TW10_6782,0,0,swf · long · the beach with · nosql · store · have · · libs serverless · sqlite · a plus.
TW10_6783,0,0,i am crabbed to argue about if cnames are · to underscores. in the freaking rfc.
TW10_6784,0,0,today's · 👍 😎
TW10_6785,0,0,[HANDLE] [HANDLE] ❤
TW10_6786,0,0,· [HANDLE]: [HANDLE] · data · ” as actual scientists?
TW10_6787,0,0,"i ever get scared, · know. 😘"
TW10_6788,0,0,[HANDLE] ❤
TW10_6789,0,0,"rt [HANDLE]: [HANDLE] ·! holy crud, m · · you. · you enjoy. taken by tetris blocks addresses deep gam"
TW10_6790,0,0,floss · open · · and paying the bills [URL]
TW10_6791,5,0,""" [HANDLE] let's · 🐧 🐧 🐧 😃 """
