id,author,label,text
TW10_0,9,1,"rt [HANDLE]: least you're lone bantam bit racist rt [HANDLE] racist, merely ·"
TW10_1,9,1,[HANDLE] [HANDLE] [HANDLE] · * is * ·
TW10_2,9,1,rt [HANDLE]: eric holder # · i · that mistrust · general merely besides black · [URL]
TW10_3,9,1,rt [HANDLE]: · · at the board · · · / · · · · · person # ferguson ·
TW10_4,9,1,"rt [HANDLE]: ferguson testimony, · · said · "" looks like a · "" earlier he shot mike ·. dry word"
TW10_5,9,1,""" he a server · that beard makes him look like · "" everyone · # fuckthanksgiving"
TW10_6,9,1,[HANDLE] [HANDLE] why do people · · about white privilege when the majority of food · recipients are white people!
TW10_7,3,1,"katie and nikki to t in that it's rubbishy and cheap. "" ·"
TW10_8,4,1,is total bs - i don't know if i can stand anymore of the butchers of bimbo. weaning ·
TW10_9,4,1,rt [HANDLE] the pretty girls these blonde scrubbers · talking? mkr
TW10_10,4,1,rt [HANDLE]: everything ·. they're no · at · then? # mkr
TW10_11,1,1,"·, you · in the wrong way cue dumb blonde · ·"
TW10_12,8,1,rt [HANDLE]: · · · to · off kick her off show! ·
TW10_13,4,1,rt [HANDLE]: · lemon · we're excessively bloody · · to it properly # ·
TW10_14,1,1,everything deconstructed. no good at · then mkr
TW10_15,3,1,""" crumble · cream "" · of the girls' dessert merely besides their · · · ·. ·"
TW10_16,4,1,rt [HANDLE] · it girls. · out cool whip and ·. mkr
TW10_17,3,1,"we're still two young hot ·. who aren't really blonde. hot. "" ·"
TW10_18,6,1,# · · never · - there is always celebrated secret · career nikki. oh you model target. my ·.
TW10_19,1,1,honestly think kat has mental health issues # ·
TW10_20,1,1,"rt [HANDLE] · · ash ·; ·, try some · alternatively being front · mkr"
TW10_21,8,1,rt [HANDLE] · · about comes about · should just · ·
TW10_22,6,1,# mkr god kat you are awful awful person oh you are ·? good
TW10_23,3,1,"the elderly chinese gentleman heard of bubble & · squeak before, and steps away from the insane red head · him mkr"
TW10_24,5,1,rt [HANDLE] · · student · with · · · resulting · sexual assault hearings: [URL]
TW10_25,5,1,"rt [HANDLE]: how · · create the · · over · · "" rape culture "" [HANDLE] [HANDLE] [HANDLE] [URL]"
TW10_26,5,1,rt [HANDLE]: [HANDLE] [HANDLE] [HANDLE] [HANDLE] [HANDLE] [HANDLE] da ·. dey · ·! ·
TW10_27,5,1,"[HANDLE] · can prove that you, like most feminists, oppose equality quickly, b or c # womenagainstfeminism [URL]"
TW10_28,5,1,". [HANDLE] you answer, · most feminists, the answer exposes opposition # equality. fool lone yourselves."
TW10_29,5,1,[HANDLE] you make many baseless · and decide they are facts.
TW10_30,5,1,[HANDLE] nope. · · love male · though. [URL]
TW10_31,5,1,"[HANDLE] [HANDLE] ·. i'm ·, not · · · flawed for same reason as feminism · specificity"
TW10_32,5,1,". [HANDLE] [HANDLE] actually, · nothing. · to think for yourself and answer a question. [URL]"
TW10_33,5,1,"[HANDLE] feminists think very · of women, turns out"
TW10_34,5,1,"rt [HANDLE]: 40 · old woman · after she can't find [PERSON], · · to · lollol · · [URL]"
TW10_35,5,1,"[HANDLE] no, · opposes choice of parenthood via financial abortion for men."
TW10_36,5,1,rt [HANDLE] men · prove woman said yes' nether tough new rape rules via [HANDLE] [URL]
TW10_37,5,1,"rt [HANDLE] [HANDLE] i can't favorite enough! generative rights do men have none! "" keep your pants! "" "" · · to ·! "" "" men s"
TW10_38,5,1,rt [HANDLE] gamergate · madden a sexist video · · · add female · ·
TW10_39,5,1,"rt [HANDLE] i need · because · · · · # ·. not to be confused with manpenis, · ·"
TW10_40,5,1,"rt [HANDLE] i love equal rights, fuck men, i love men, men are rapists, all men i care about ·, · dick got · # dainty"
TW10_41,5,1,. [HANDLE] [HANDLE] the · gap · · rainn says rape culture · · that · stopping real rape.
TW10_42,5,1,[HANDLE] [HANDLE] seems she did plenty · deny evidence ·. just · to ·.
TW10_43,5,1,[HANDLE] [HANDLE] · ·. that's good. · a real degree and forget poison of victimhood known as ·.
TW10_44,5,1,[HANDLE] keep · to explain. gop needs co to get to 270. nominate · war - rior like romney and you lose co. and the wh.
TW10_45,5,1,. [HANDLE] [HANDLE] not true. feminism is also about · · · using benevolent sexism chivalry ·.
TW10_46,5,1,rt [HANDLE] [HANDLE] [NUMBER] · made man · vincent · · · male · [URL]
TW10_47,5,1,. [HANDLE] [HANDLE] [HANDLE] [HANDLE] [HANDLE] [HANDLE] [HANDLE] support the slut shaming of # nomorepage 3? odd.
TW10_48,5,1,. [HANDLE] [HANDLE] [HANDLE] those women are ·. they make calculated choice to use sex to advance ·.
TW10_49,5,1,[HANDLE] [HANDLE] [HANDLE] [HANDLE] no. just listing two of the lone · more · than mine.
TW10_50,5,1,"[HANDLE] i saw him, but i rarely engage male fems. zero point to. are · orders."
TW10_51,5,1,[HANDLE] · for huff ·. how they get ·. they hire the · ·.
TW10_52,5,1,. [HANDLE] · had same · s of times. will eventually argue abortion has zero · kid or not
TW10_53,5,1,"[HANDLE] just "" her body "" ·"
TW10_54,5,1,"[HANDLE] · bit too much like "" separate but equal "" sexism bias bigotry you · [HANDLE] is · · w ·"
TW10_55,5,1,[HANDLE] [HANDLE] · · ·. · say · i was arguing · / had rt me a ·. · this was her cavalry
TW10_56,5,1,rt [HANDLE] [HANDLE] [HANDLE] now it makes · · all · shit got
TW10_57,5,1,# ineedmeninismbecause watching feminists / their lapdogs conniptions & · mock a movement created entirely to mock their movement = too funny.
TW10_58,5,1,rt [HANDLE] · · this · when it · 4 th reply in. · · · gamergate [URL]
TW10_59,5,1,"rt [HANDLE] · i · cops a star · actor, a · · ·; a · washout · · merely ·!"
TW10_60,5,1,[HANDLE] the idea. or the argument?
TW10_61,5,1,"rt [HANDLE] [HANDLE] [HANDLE] if they · inflated rape statistics money grabbing, they would · at ·"
TW10_62,5,1,rt [HANDLE] [HANDLE] [HANDLE] ranch · ·? ·!?! pineapple was · · these ·
TW10_63,5,1,""" [HANDLE]: ·? · are ok. nothing should be off limits ·. pointing out · # sorryitsaboy"
TW10_64,5,1,"· my "" stupid emotionally crippled child who needs put their fingers in their ears cuz life is hard "" · [URL]"
TW10_65,5,1,"· the feminists at # sorryitsaboy & ·; # everydaysexism · "" jokes "" thought like this one. right? [URL]"
TW10_66,5,1,. [HANDLE] [HANDLE] i · ·. a · said and excessively · · · · wrong. # sorryitsaboy
TW10_67,5,1,rt [HANDLE] [HANDLE] [HANDLE] 29 boys no girls killed isn't violence against boys 6 killed eliot · = girls and ·
TW10_68,5,1,". [HANDLE] [HANDLE] [HANDLE] now, i'll · "" little girl "". · it insults preteen females comparing to feminists."
TW10_69,5,1,rt [HANDLE]: she made · of · · · · as a monkey. she started getting · it gamergate [URL]
TW10_70,5,1,. [HANDLE] [HANDLE] real question is do · · bigots understand that different · for men / women is sexism [HANDLE]
TW10_71,5,1,". [HANDLE] [HANDLE]. that · standards white / · ·? · "" all.? nope. [HANDLE] [HANDLE]"
TW10_72,5,1,rt [HANDLE] [HANDLE] [HANDLE] [HANDLE] · · not being · 2 · own · life. must be · a · …
TW10_73,5,1,"rt [HANDLE] [HANDLE] [HANDLE] [HANDLE] · how a journalist blocked me apparently · ) criticizing her "" journalism """
TW10_74,5,1,[HANDLE] i knew this · response as soon as i saw the ·.
TW10_75,5,1,[HANDLE] true. just 99 % of.
TW10_76,5,1,[HANDLE] are you a ·
TW10_77,5,1,rt [HANDLE] [HANDLE] [HANDLE] [HANDLE] here's a · picture on why · dislike feminism · · http
TW10_78,5,1,[HANDLE] [HANDLE] men are. women cannot. · · equal enough.
TW10_79,5,1,"[HANDLE] she blocked me i blocked her, is · · apologist [HANDLE] my tl"
TW10_80,5,1,rt [HANDLE] [HANDLE] [HANDLE] ·. just. · · that · · if anita money
TW10_81,5,1,. [HANDLE] evidently ' · · coward [HANDLE] · me · · to reply & · then · ·
TW10_82,5,1,"[HANDLE] a known "" · """
TW10_83,5,1,[HANDLE] was on · · either meninism or uva · ·.
TW10_84,5,1,"self described "" · · · death threats against · · for not doing / · as she was · [URL]"
TW10_85,5,1,". [HANDLE] [HANDLE] he got one serve, not two. had to defend the doubles lines also."
TW10_86,5,1,""" [HANDLE]: # sorryitsaboy joke means more boys will stay · · · to adopt them # womenagainstfeminism "" [URL]"
TW10_87,5,1,"[HANDLE] feminazi. she changed it · "" · ·."
TW10_88,5,1,[HANDLE] feminists think hating men is feminism.
TW10_89,5,1,[HANDLE] · · · · · be · first or else you'd foundation cracks
TW10_90,5,1,rt [HANDLE]: # questionsformen why we · aside when a vocal minority screams we · than women? [URL]
TW10_91,5,1,rt [HANDLE] # questionsformen do realize · feminism truly [URL]
TW10_92,5,1,"rt [HANDLE] # questionsformen have you ever taken six · off from work, casually decide if you want · back then · · part"
TW10_93,5,1,[HANDLE] · a girl pregnant and find out
TW10_94,5,1,[HANDLE] [HANDLE] deadbeat dad - ism is illegal. this is the legal system screwing.
TW10_95,5,1,[HANDLE] [HANDLE] abortion is · your point?
TW10_96,5,1,[HANDLE] [HANDLE] ·. twit blocked me.
TW10_97,5,1,[HANDLE] take a guess. what %?
TW10_98,5,1,[HANDLE] [HANDLE] [HANDLE] opt · these problems.
TW10_99,5,1,[HANDLE] men are · 5 times more than women.
TW10_100,5,1,[HANDLE] men are · 5 times more than women.
TW10_101,5,1,[HANDLE] test that. [URL]
TW10_102,5,1,[HANDLE] [HANDLE] · a western nation?
TW10_103,5,1,[HANDLE] [HANDLE] · · by the redscarebot
TW10_104,5,1,"[HANDLE] if feminists knew how many women "" internalized "" "" · "" · need safe space # womenagainstfeminism [URL]"
TW10_105,5,1,"[HANDLE] · "" a freudian reference."
TW10_106,5,1,[HANDLE] [HANDLE] either · to some seriously ham fisted trolling or shes · / of meth which have suspected about her
TW10_107,5,1,". [HANDLE] [HANDLE] i know what a straw man is, ·. what is the straw man here?"
TW10_108,5,1,rt [HANDLE]: they say they care about men's · merely when · to · · them - they block us. seem they enjoy …
TW10_109,5,1,[HANDLE] i present exhibits · - · # feminismisawful [URL]
TW10_110,5,1,[HANDLE]. or the ·.
TW10_111,5,1,rt [HANDLE]: # questionsformen do ever find it difficult to · a # · it · hardcore sexist? [URL]
TW10_112,5,1,"[HANDLE] you oppose equal gender rights, you?"
TW10_113,5,1,rt [HANDLE]: [HANDLE] so you don't · · your · · ·. okay [URL]
TW10_114,5,1,"[HANDLE] "" sorry "" for confusing me? what am looking?"
TW10_115,5,1,[HANDLE] · post is free to be reused
TW10_116,5,1,[HANDLE] who said that
TW10_117,5,1,[HANDLE] wrong and wrong.
TW10_118,5,1,"[HANDLE] google "" financial abortion ""."
TW10_119,5,1,[HANDLE] not even close to · are · obtuse
TW10_120,5,1,[HANDLE] [HANDLE] legit stupid or just trolling
TW10_121,5,1,. [HANDLE] [HANDLE] no. can see you are either dullard or have no intent listening. refer you to ·. which you fail.
TW10_122,5,1,"[HANDLE] [HANDLE] it's · going ·. but i finally · pics hot women "" pam or carmen ""? etc."
TW10_123,5,1,[HANDLE] should be. · have the · · college men. find older women or date girls from college merely.
TW10_124,5,1,[HANDLE] the college tribunals lone apply if attend that school.
TW10_125,5,1,[HANDLE] my · · is ·. but i · · credit. mind numbingly · feminist hypocrites · ·.
TW10_126,5,1,"[HANDLE] [HANDLE] you never googled "" financial abortion "" or you too dumb to · · you would · what you did. which"
TW10_127,5,1,"[HANDLE] hard to · i naively had my fun, not realizing the anvil above me. i believe "" · "" is key to later ·"
TW10_128,5,1,[HANDLE] sons at much greater · now than daughters because of feminist laws.
TW10_129,5,1,[HANDLE] absolutely.
TW10_130,5,1,"[HANDLE] · · · now or in ·, · · any girl from ·"
TW10_131,5,1,[HANDLE] [HANDLE] ·
TW10_132,5,1,[HANDLE] biurny · · a man in jail for · · · ·. · to her friends about · a · so she.
TW10_133,5,1,[HANDLE] · priest a · to convince her to tell ·. served 5 · out of. she got 26 ·.
TW10_134,5,1,"rt [HANDLE]: # questionsformen this good, · [URL]"
TW10_135,5,1,[HANDLE] how?
TW10_136,5,1,[HANDLE] is that wrong? is forcing parenthood wrong?
TW10_137,5,1,[HANDLE] nope. · safe haven. she is not ·.
TW10_138,5,1,[HANDLE] you need serious help · i hope you find it [URL]
TW10_139,5,1,"[HANDLE] [HANDLE] [HANDLE] · against abortion but for his choice, too."
TW10_140,5,1,[HANDLE] get help. seriously.
TW10_141,5,1,[HANDLE] · i appreciate that
TW10_142,5,1,[HANDLE] ·. did you make that = / ·
TW10_143,5,1,[HANDLE] enemy of [HANDLE] is good enough for. · ·
TW10_144,5,1,"[HANDLE] · them direct ·, they call me an abusive · ever · get an answer?"
TW10_145,5,1,"[HANDLE] · erstwhile, let know. canada they just · a · led by feminists."
TW10_146,5,1,"[HANDLE] was she fired, you ·?"
TW10_147,5,1,[HANDLE] what does that 23 % figure represent? it derived?
TW10_148,5,1,[HANDLE] are you a ·? [HANDLE]
TW10_149,5,1,[HANDLE] stupid. ·.
TW10_150,5,1,[HANDLE] we found out · most · were not looking for ·
TW10_151,5,1,[HANDLE] you be · save from. right click or hold down should get a save ·.
TW10_152,5,1,rt [HANDLE]: # · # questionsformen do view · · · if they openly · · · · …
TW10_153,5,1,[HANDLE] yes. [URL]
TW10_154,5,1,"[HANDLE] yes a victim, excessively"
TW10_155,5,1,[HANDLE] ·. it's trap. [URL]
TW10_156,5,1,"rt [HANDLE] [HANDLE] has she been · · male · for "" newspapers normally · · much ·. # questionsformen"
TW10_157,5,1,"[HANDLE] you think · someone can't · · "" sexist "" or "" · ""?"
TW10_158,5,1,[HANDLE] feminism.
TW10_159,5,1,[HANDLE] i derive ·. what have i missed?
TW10_160,5,1,[HANDLE] why can't you tell?
TW10_161,5,1,"rt [HANDLE]: these # questionsformen are largely · ·; sexist. "" icky things · to you? "" isn't · perfect "" "" ·"
TW10_162,5,1,[HANDLE] can you give an example?
TW10_163,5,1,[HANDLE] fit in one tweet · it up.
TW10_164,5,1,"[HANDLE] hmm. a good point. · male tears is a · ·, ·"
TW10_165,5,1,[HANDLE] [HANDLE] ·? [URL]
TW10_166,5,1,[HANDLE] [HANDLE] you sure [URL]
TW10_167,5,1,[HANDLE] there is literally photo ·.
TW10_168,5,1,[HANDLE] why are · and · his ·
TW10_169,5,1,[HANDLE] conversely [HANDLE] is a good guy and ·.
TW10_170,5,1,"[HANDLE] he hit her in the · for what she was · · be ·, excessively?"
TW10_171,5,1,"[HANDLE] · that · · its · hit her in same way ""."
TW10_172,5,1,[HANDLE] [HANDLE] why are you · shaming her man ·
TW10_173,5,1,[HANDLE] who would that be?
TW10_174,5,1,[HANDLE] [HANDLE] why can't shelters serve both
TW10_175,5,1,"[HANDLE] [HANDLE] · on need, not gender"
TW10_176,5,1,"[HANDLE] · attacked 4 times more, ·."
TW10_177,5,1,[HANDLE] this is the tag's founder. [URL]
TW10_178,5,1,[HANDLE] can you explain why is wrong? [URL]
TW10_179,5,1,[HANDLE] have no misogynist ·. feminism is an · not a ·. ·.
TW10_180,5,1,"[HANDLE] luck, she'll ·."
TW10_181,5,1,[HANDLE] you · ford the very thing she complains of. [URL]
TW10_182,5,1,[HANDLE] · for them. lot of hay top of those ·
TW10_183,5,1,[HANDLE]. in what way?
TW10_184,5,1,[HANDLE] i · i · · as a child whose opinion · regretful. my bad
TW10_185,5,1,[HANDLE] [HANDLE] take any screen grabs you have ·.
TW10_186,5,1,[HANDLE] · conversations. she told guy concerned circumcision · laid. precisely what she whined.
TW10_187,5,1,"[HANDLE] [HANDLE] that is feminism's doing, you realize?"
TW10_188,5,1,"[HANDLE] why do you · genitals, · than ·? if a man works 80 % female workplace, should he cry discrimination"
TW10_189,5,1,[HANDLE] [HANDLE] no. valid point. i never actually seen mra · hates women ( openly ) · # killallmen etc.
TW10_190,5,1,[HANDLE] curious you know what the 23 % ( pay gap ) figure refers? you know how it was derived?
TW10_191,5,1,[HANDLE] [HANDLE] no true scotsman.
TW10_192,5,1,[HANDLE] [HANDLE]. who are misbranded.
TW10_193,5,1,"[HANDLE] · well, if you know that men and women do different jobs, would the pay be the?"
TW10_194,5,1,"rt [HANDLE]: [HANDLE] [HANDLE] god, · is projection"
TW10_195,5,1,"[HANDLE]. a · there is a · · of 100 % of the population all "" female "" jobs vs. possibly 20 % some "" · "" jobs."
TW10_196,5,1,[HANDLE] [HANDLE] · more legal rights in every western nation. is ·
TW10_197,5,1,"[HANDLE] [HANDLE] so feminism is not about equal rights, but a socio / polital movement?"
TW10_198,5,1,"[HANDLE] [HANDLE] · · than ·. why not how they arrive "" male privilege "" # · [URL]"
TW10_199,5,1,"[HANDLE] [HANDLE] picture gender neutral, but. certain."
TW10_200,5,1,"[HANDLE] [HANDLE] never said men privileges or that women face ·, but its 50 one way ·."
TW10_201,5,1,rt [HANDLE]: [HANDLE] [HANDLE] [HANDLE] actually i same · happens to · americans · minorities
TW10_202,5,1,rt [HANDLE] [HANDLE] [HANDLE] yikes the feminists are getting dumber the day
TW10_203,5,1,[HANDLE] when · in rape charges.
TW10_204,5,1,[HANDLE] [HANDLE] [HANDLE] · elam said the same about women. screeching about.
TW10_205,5,1,[HANDLE] · have no way of knowing. general point.
TW10_206,5,1,[HANDLE]: # femfreefriday because fems aren't actually doing · for oppressed women in the · · [URL]
TW10_207,5,1,[HANDLE] [HANDLE] [HANDLE] · to her.
TW10_208,5,1,rt [HANDLE] i learned # questionsformen [URL]
TW10_209,5,1,[HANDLE] · · having her call you · · that · is · hopefully · ·
TW10_210,5,1,[HANDLE] [HANDLE] ·
TW10_211,5,1,[HANDLE] [HANDLE] · are the lone · id'ed feminist can think of who are ·.
TW10_212,5,1,"[HANDLE] [HANDLE] i actually wish they would just start · · "" so can just let · · the misandrist ·"
TW10_213,5,1,. [HANDLE] ·. coyotes. they have an out 2 3 years. # nhl would have gone to ·. but no building. · will · them alternatively.
TW10_214,5,1,[HANDLE] hmm. which is the · · of their hypocrisy. you have swung me.
TW10_215,5,1,[HANDLE] · and you have quoted none of the ·. what are you trying to ·.?
TW10_216,5,1,[HANDLE] [HANDLE] can you explain why what she described there is wrong?
TW10_217,5,1,[HANDLE] it is · listing numbers on a · block list the sjw feminists created worn pride.
TW10_218,5,1,"[HANDLE] meant this · can you explain why it's wrong / "" sexist ""? [URL]"
TW10_219,5,1,[HANDLE] [HANDLE] · of places single men may ·. · · any single ·. some only men.
TW10_220,5,1,[HANDLE] [HANDLE] forgot already [URL]
TW10_221,5,1,[HANDLE] [HANDLE] he gets to · · · during first 22 · after conception weeks for her # choice
TW10_222,5,1,[HANDLE] [HANDLE] no idea what u ·
TW10_223,5,1,"[HANDLE] [HANDLE] kid. not certain if should is really, etc?"
TW10_224,5,1,[HANDLE] [HANDLE] would rather.
TW10_225,5,1,. [HANDLE] [HANDLE] she will frequently ·. be opt in not · so that he · be ·. or else they will ·.
TW10_226,5,1,[HANDLE] [HANDLE] not legally.
TW10_227,5,1,"[HANDLE] · time suggest, feminists insist they will · passes, he · w o choice."
TW10_228,5,1,". [HANDLE] so, will continue oppose equality no matter logic.?"
TW10_229,5,1,"[HANDLE] [HANDLE] me, too. it was going perfect. · · when he thought it just women before · ·."
TW10_230,5,1,[HANDLE] how about you unfollow while you are at. feminists who follow get blocked. · · · unfollow. thanks.
TW10_231,5,1,[HANDLE] like a multimedia approach.
TW10_232,5,1,". [HANDLE] well, assume you · my clem · ·. no · · · about her. [HANDLE] possibly? [URL]"
TW10_233,5,1,[HANDLE] [HANDLE] is amazing know her. write · about ·.
TW10_234,5,1,rt [HANDLE] # questionsformen are aware that feminism is teaching women that men · experience sexism · ht …
TW10_235,5,1,"[HANDLE] favorite. when they argue to deny men ·, they literally argue abortion is "" generative right ""."
TW10_236,5,1,[HANDLE]. i'm a sexist.
TW10_237,5,1,rt [HANDLE] # questionsformen did you know that you look at a girl - you rape her? [URL]
TW10_238,5,1,[HANDLE] pretzel logic is understatement # sjwlogic is like · being · · off the · tower · logic.
TW10_239,5,1,. [HANDLE] [HANDLE] well. i'd bet on ·. [URL]
TW10_240,5,1,[HANDLE] [HANDLE] · writer. think · of · ·. · # questionsformen huff · amp · · up
TW10_241,5,1,"rt [HANDLE]: # questionsformen did · that scientists · women slut · "" · · more valuable to you [URL]"
TW10_242,5,1,[HANDLE] because if · ga sports nut didn't. · ·
TW10_243,5,1,[HANDLE] regard ford as a problematic figure? [URL]
TW10_244,5,1,[HANDLE] · with her doing thing she decries?
TW10_245,5,1,"[HANDLE] yea. my · · was a pay gap article. · a · ·. tried to explain why it was ·, ·. but."
TW10_246,5,1,[HANDLE] · that doing so made me a ·
TW10_247,5,1,". [HANDLE] merely · lot of · created · "" rape culture "" crisis & · whose · drivers of · ca rape law."
TW10_248,5,1,". [HANDLE] then what really opened my eyes. · financial abortion. ·, after ·, i still opposed. responsibility, etc."
TW10_249,5,1,". [HANDLE]. saw prochoice feminists in · · direct · arguments against men. "" ·. jerk. think of child. """
TW10_250,5,1,". [HANDLE] · selfish hypocrisy is the · of modern feminism, not equality."
TW10_251,5,1,[HANDLE] · · i just told you. i thought her smiling face hypocrisy · epitomized modern ·
TW10_252,5,1,[HANDLE] blocked.
TW10_253,5,1,"[HANDLE] · assume she saw my · · & ·; blocked. nope, blocked by her before · who she was. · · · ·. so."
TW10_254,5,1,[HANDLE]. as soon as you follow enough known anti · their block · · blocks you. possible she is unaware me.
TW10_255,5,1,". [HANDLE] but, idea they want to do anything but lecture doubtful facts they don't want · is · blocking"
TW10_256,5,1,". [HANDLE] · hapless. · · anti fems just hate women. do misogynists · for "" right to hate? or just hate?"
TW10_257,5,1,". [HANDLE] like, # gamergate really just hated women, · gg need no permission hate. they could just hate play ·."
TW10_258,5,1,[HANDLE] it wrong to argue by implying other person cannot get laid?
TW10_259,5,1,[HANDLE]. · unthinking pussy. yawn.
TW10_260,5,1,"[HANDLE] sweden, man. the swedish men are cattle, this point."
TW10_261,5,1,[HANDLE] there is literally nothing · hapless · existing film and just · black or female version.
TW10_262,5,1,. [HANDLE] close up ·. # feminism is just · in # · this point. # equality must be equal. ·.
TW10_263,5,1,"[HANDLE] ·. possible. i read tabloids. i just know he boxes. another guy had one. donald ·. · like, right?"
TW10_264,5,1,"[HANDLE] but, trump gets called a megalomaniac. is that a · slur, too? i never hear women called ·."
TW10_265,5,1,[HANDLE] precisely a sexist marketing ploy
TW10_266,5,1,[HANDLE] me · · blazing or waiting softly · horse
TW10_267,5,1,". [HANDLE] democrats now · "" · "" · ·. stop propping up "" feminism w credit the women's rights movement."
TW10_268,5,1,[HANDLE]. allow word to · to · meaning · · ) remove # equality movement so · work
TW10_269,5,1,". [HANDLE] no, no. is · how move equality forward. must root those claim equality while ·."
TW10_270,5,1,"[HANDLE] [HANDLE] define "" forcing """
TW10_271,5,1,[HANDLE] [HANDLE] make a · damn movie hacks. my point.
TW10_272,5,1,"[HANDLE] [HANDLE] have more legal rights than, is that ·"
TW10_273,5,1,"[HANDLE] know her, regretful."
TW10_274,5,1,[HANDLE] [HANDLE] nope.
TW10_275,5,1,[HANDLE] [HANDLE] · highlander. i besides · fletch lives over · for same reason as · 2. funnier · ·
TW10_276,5,1,[HANDLE] · those three already real.
TW10_277,5,1,". [HANDLE] please identify the straw man, dunce. my sarcastic · hypothetical or those real examples"
TW10_278,5,1,[HANDLE] soo true.
TW10_279,5,1,"[HANDLE] [HANDLE] [HANDLE] "" · christina · sommers wage gap or pay gap "" she uses real facts, not · equalpay"
TW10_280,5,1,[HANDLE] [HANDLE] no joke a swedish lawmaker proposed requiring men to sit when they pee.
TW10_281,5,1,rt [HANDLE]: [HANDLE] [HANDLE] [HANDLE] [HANDLE] [HANDLE] ·. don't want · anything into their · ·
TW10_282,5,1,rt [HANDLE]: · [HANDLE] questions · coverage view my [HANDLE] piece [URL]
TW10_283,5,1,"[HANDLE] if they had shame or self awareness, certain"
TW10_284,5,1,it · # questionsformen was basically ford's · exempting her schlocky clickbait from ·? [URL]
TW10_285,5,1,"[HANDLE] yes. · merely banned as "" sexist "" a feminist · ·."
TW10_286,5,1,. [HANDLE] start a paetron. unless you are · then you can · ·.
TW10_287,5,1,[HANDLE] first tweet in years and a total false · why [URL]
TW10_288,5,1,". [HANDLE] no. no reliable ·. merely, small · · department nine year · of their · once. 41 % ·."
TW10_289,5,1,[HANDLE] · · studies nine years of their cases once. 41 % ·.
TW10_290,5,1,"[HANDLE] [HANDLE] ·, · they knew · of rape complaints · lone ·"
TW10_291,5,1,. [HANDLE] [HANDLE]. women who are actually charged ·. it's about never ·. cops just close the case.
TW10_292,5,1,[HANDLE] [HANDLE] google false rape accusation · ·.
TW10_293,5,1,[HANDLE]?
TW10_294,5,1,". [HANDLE] never said "" men are smarter "". i said feminists are ·. · are not feminists. merely 100 ·. focus"
TW10_295,5,1,"[HANDLE] · is a myth, so · has no push back & amp; feminists use · & ·; benevolent sexism masterfully own ·"
TW10_296,5,1,". [HANDLE] ·. feminists have the media. · mention of · · open ·, ·? nope. · ""."
TW10_297,5,1,[HANDLE] [HANDLE] rock is much · · than most know.
TW10_298,5,1,[HANDLE] [HANDLE] · did you say that feminism is for everyone including men?
TW10_299,5,1,. [HANDLE] [HANDLE] [HANDLE] yes. your ·.
TW10_300,5,1,. [HANDLE] [HANDLE] [HANDLE] fate most feminists.
TW10_301,5,1,"[HANDLE]. · said "" symbol "" is "" symbol "" jewelry · can · ·"
TW10_302,5,1,[HANDLE] anything but yourself. like every feminist on ·.
TW10_303,5,1,"[HANDLE] a truly interesting question. ·, the answer is predictable ·."
TW10_304,5,1,"[HANDLE]. how is that example "" · """
TW10_305,5,1,rt [HANDLE] the film jennifer · plays a · that not · iliad. and · # ·
TW10_306,5,1,"[HANDLE] was also just existing, no?"
TW10_307,5,1,[HANDLE] [HANDLE] no.
TW10_308,5,1,. [HANDLE] [HANDLE] [HANDLE]. feminism would lone have · ·.
TW10_309,5,1,[HANDLE] yup.
TW10_310,5,1,"[HANDLE] you ·, ·. split, no. she pays, no."
TW10_311,5,1,[HANDLE] [HANDLE] remember doddering · guess her iq
TW10_312,5,1,[HANDLE] [HANDLE] [HANDLE] you linked to ·!
TW10_313,5,1,"[HANDLE] [HANDLE] they are largely ·, yes. · mucho npd mixed in. · lots of bipolarity."
TW10_314,5,1,[HANDLE] [HANDLE] [HANDLE] suspended nether · · · me a day or so. legit issues. kid ·.
TW10_315,5,1,"[HANDLE] [HANDLE] [HANDLE] · it's at her ( pencil · ) ·, of course"
TW10_316,5,1,[HANDLE] [HANDLE] [HANDLE] i have about like. · · if she · · ·
TW10_317,5,1,"[HANDLE] [HANDLE] [HANDLE]. and i like · to even i ·, they will others push comes to"
TW10_318,5,1,[HANDLE]. · to play video games is · stronger than after sex. can · · · than sex.
TW10_319,5,1,", feminists will · # feministsareugly and · how fact # feministsareugly is trending is proof of · in · k."
TW10_320,5,1,rt [HANDLE] [HANDLE] thought · · · my comics. from unpc · [URL]
TW10_321,5,1,[HANDLE] i saw this the day. ·.
TW10_322,5,1,[HANDLE] ahem. [URL]
TW10_323,5,1,[HANDLE] don't · life but realistically don't think we'll see any evidence in any of · i don't think about
TW10_324,5,1,[HANDLE] merely riley was · on stern. thought about him ( or the biovians in years.
TW10_325,5,1,[HANDLE] [HANDLE] bitter geno.
TW10_326,5,1,[HANDLE]. not what · at. no.
TW10_327,5,1,[HANDLE] i am tennis neutral. just setting up the joke.
TW10_328,5,1,[HANDLE] no. name one right they fight for.
TW10_329,5,1,". [HANDLE] ·. · it's hilarious. but, realize there is a · · for terry · ·."
TW10_330,5,1,[HANDLE] ·. that is the trolling equivalent of a · a meme of mass ·
TW10_331,5,1,[HANDLE] i'll find a special · ·.
TW10_332,5,1,[HANDLE] for what possible stated reason? to slow men down to pace.?
TW10_333,5,1,[HANDLE] is what happens you confer · and · · and real civil rights leaders · · borderlines nuts.
TW10_334,5,1,[HANDLE] extent. are not exactly overwhelmed with great options / ·
TW10_335,5,1,"[HANDLE] you've seen the · by founder of now's sister, right? and · · thru this prism. [URL]"
TW10_336,5,1,[HANDLE] · ·.
TW10_337,5,1,"[HANDLE] answer there. hillary a · flawed candidate, but. bush? romney? ·? huckabee? choice of shot or stabbed"
TW10_338,5,1,"[HANDLE] you appear to · ·., no, be totally wrong."
TW10_339,5,1,[HANDLE] you · · have not fewer legal rights than men?
TW10_340,5,1,rt [HANDLE]: # questionsformen did you · feminists · that · is · · as the victim seriously · [URL]
TW10_341,5,1,[HANDLE] why ignore my · deflect with? are you aware men have less legal rights? is that equality?
TW10_342,5,1,[HANDLE] test. [URL]
TW10_343,5,1,[HANDLE] it's close. need one of · o'brien morphs tony and the big hurt.
TW10_344,5,1,"[HANDLE] so. is the · "" · """
TW10_345,5,1,[HANDLE] can you explain the wage ·? what does the often cited 23 % figure reference?
TW10_346,5,1,[HANDLE] none · are true. but i · the · ·. research. you read
TW10_347,5,1,[HANDLE] where is your knowledge of feminism derived?
TW10_348,5,1,[HANDLE] [HANDLE] can you be legally forced into parenthood?
TW10_349,5,1,[HANDLE] [HANDLE] single men cannot ·
TW10_350,5,1,[HANDLE] [URL]
TW10_351,5,1,[HANDLE] [HANDLE] no one said she should
TW10_352,5,1,. [HANDLE] us. canada. ·. ·. ·. ·. india. every western nation and some. men have less legal rights. equal
TW10_353,5,1,[HANDLE] [HANDLE] if it's her choice ·. · · · mothers
TW10_354,5,1,[HANDLE] [HANDLE] she can abort adopt it ·
TW10_355,5,1,[HANDLE] go back to the top of this thread read again.
TW10_356,5,1,"rt [HANDLE]: [HANDLE] [HANDLE] [HANDLE] "" women r as · as men we r · wait men r · · hit women we r · """
TW10_357,5,1,[HANDLE] can you explain why that · be sexist?
TW10_358,5,1,rt [HANDLE] # questionsformen # womenagainstfeminism · · lone wants hear talk. [URL]
TW10_359,5,1,rt [HANDLE]: # questionsformen did you know rape is bad
TW10_360,5,1,"[HANDLE] [HANDLE] ·. · it's "" not a · "" ·. most important ·."
TW10_361,5,1,""" [HANDLE]: # questionsformen have you told your pants are · to · ·? just our shirts [URL]"
TW10_362,5,1,[HANDLE] [HANDLE] ok w reasonable burping sneezing is involuntarily so. · wholly live w inhaling others fecal particles
TW10_363,5,1,rt [HANDLE] [HANDLE] [HANDLE] · 1: beaten merely defiant · # 2 · until the · ·.
TW10_364,5,1,[HANDLE] or grab ·.
TW10_365,5,1,[HANDLE] [HANDLE] feminist shirt · gets tossed. but no shock. fems own ·.
TW10_366,5,1,"[HANDLE] i think of any good remakes ·, actually."
TW10_367,5,1,[HANDLE] [HANDLE] · hand · nows sister = bs how
TW10_368,5,1,"[HANDLE] [HANDLE] "" · sarcasm that you take out of · goebbels"
TW10_369,5,1,[HANDLE] [HANDLE] proof?
TW10_370,5,1,. [HANDLE] [HANDLE] [HANDLE] literally · you explain what you · the 23 % figure represents. what does it ·?
TW10_371,5,1,"[HANDLE] [HANDLE]. ·, she has an economics degree"
TW10_372,5,1,[HANDLE] ·
TW10_373,5,1,[HANDLE] is saying that sexism
TW10_374,5,1,[HANDLE] how is that sexist?
TW10_375,5,1,"[HANDLE], ·. can you explain why · person you are arguing w · · laid is wrong."
TW10_376,5,1,[HANDLE] · you realize you just did thing the · you · said is wrong.
TW10_377,5,1,"rt [HANDLE] · [HANDLE] · [HANDLE] · be · if "" feminists · · to critique [HANDLE] …"
TW10_378,5,1,[HANDLE] [HANDLE] which tag are you referring to
TW10_379,5,1,[HANDLE] [HANDLE] · realize questionsformen existed earlier · · posting supercilious · right [URL]
TW10_380,5,1,"rt [HANDLE] [HANDLE] i · b · am besides · working men w more education & amp ·, yet experience …"
TW10_381,5,1,rt [HANDLE] mt [HANDLE] · · % · straight · · racism amp feminism.
TW10_382,5,1,""" [HANDLE] have · · · ur · lone to be · · are · # questionsformen "" · yea."
TW10_383,5,1,""" [HANDLE] you · · with rape by · # questionsformen "" ·. many times, merely lone by · women"
TW10_384,5,1,"[HANDLE] # questionsformen ever · · in · · · person · ·? "" · attacked 4 times more frequently"
TW10_385,5,1,""" [HANDLE] is man afraid · to · truly loves? # questionsformen "" sexist biased · · ruin ·."
TW10_386,5,1,[HANDLE] [HANDLE] [HANDLE] · · · on old nes by any chance
TW10_387,5,1,"[HANDLE] [HANDLE] [HANDLE] be fair read "" you hate "" "" hate "". bad. · · · ever. regretful."
TW10_388,5,1,. [HANDLE] can you be legally forced into · ·? can your genitals be cut ·? your right to · have an *?
TW10_389,5,1,". [HANDLE] [HANDLE]. mistake. i find both abortion & ·; child abandonment abhorrent. but, · gets awful choice, both ·"
TW10_390,5,1,[HANDLE] [HANDLE] think she meant · · who shed · besides lose ·? yes
TW10_391,5,1,[HANDLE] [HANDLE]. have to pay if she knows walk · w / o paying. think she might drive · safer ·.
TW10_392,5,1,[HANDLE] [HANDLE]. many don't the awareness to · in what most know to self interest. they will defy most solutions.
TW10_393,5,1,"[HANDLE] i · · fan abortion or child abandonment. merely, accept him going to jail for not abiding her choice"
TW10_394,5,1,"[HANDLE] [HANDLE] difficult say w / · ·. welfare w a dad is & ·; or & lt; avg. cs ·. if ·, · · ·"
TW10_395,5,1,rt [HANDLE]: [HANDLE] [HANDLE] [HANDLE] this · · love good ·
TW10_396,5,1,[HANDLE] [HANDLE] ·. thoughtful. · old · mine lumping her poe in · · is i ·
TW10_397,5,1,"[HANDLE] [HANDLE] [HANDLE] couldn't · a · · set ·, no."
TW10_398,5,1,[HANDLE] [HANDLE] · spoiler · [HANDLE] was actually pretty reasonable and ( · accepting of the idea of choice 4 men
TW10_399,5,1,. [HANDLE] [HANDLE] wholly pretend to be · at that point. · out · you're · · bruce willis the · sense.
TW10_400,5,1,[HANDLE] [HANDLE] not being · is not homophobia. try · them ·.
TW10_401,5,1,"[HANDLE] [HANDLE] [HANDLE] [HANDLE] to some, yea."
TW10_402,5,1,[HANDLE] [HANDLE] who said · ·
TW10_403,5,1,[HANDLE] [HANDLE] oh missed part of. no. no reason to · ·.
TW10_404,5,1,. [HANDLE] [HANDLE] [HANDLE] us is th · · women. behind · ·. ·. she'll · ·.
TW10_405,5,1,[HANDLE] [HANDLE] · of what? ·?
TW10_406,5,1,"[HANDLE] i'm saying you can never "" · "" two different individuals to be the same."
TW10_407,5,1,rt [HANDLE] i · [HANDLE] · [HANDLE] [URL] 50 # questionsformen # ·
TW10_408,5,1,. [HANDLE]. can't ·. have to be overtime of game 7 of the stanley · finals · / no dvr.
TW10_409,5,1,yep · the · [HANDLE] ( · formerly known as mich something · · does not · · [HANDLE]
TW10_410,5,1,[HANDLE]. mf'ing state of the union invite.
TW10_411,5,1,rt [HANDLE] · grande no · · [URL]
TW10_412,5,1,rt [HANDLE]: hate when · open the door for a · · and then her ugly · · · to keep it open for her. · · it
TW10_413,5,1,rt [HANDLE] · · actually · · of dialog. · # · [URL]
TW10_414,5,1,[HANDLE] ·. [URL]
TW10_415,5,1,". [HANDLE] nothing. i like women in ·. it's · that they · · femininity like. ahem, ·, know."
TW10_416,5,1,"rt [HANDLE]: [HANDLE] [HANDLE] no, man buy pink store in their man caves, mislead market · ·. # ·"
TW10_417,5,1,[HANDLE] a million valid arguments. · reality.
TW10_418,5,1,[HANDLE] should · and women equal legal rights? yes or no?
TW10_419,5,1,[HANDLE] ·. men have fewer legal rights in every western nation today. · ·.
TW10_420,5,1,[HANDLE] saw this this ·. [URL]
TW10_421,5,1,[HANDLE] [HANDLE] source.
TW10_422,5,1,[HANDLE] [HANDLE] appears refer the · denial · · under child abuse rather than · laws.
TW10_423,5,1,[HANDLE] [HANDLE] any real world examples of women actually being ·
TW10_424,5,1,"[HANDLE] yeah but ur · & · relevant but old / isolated · definition of the · · the rule "" i find."
TW10_425,5,1,"[HANDLE] was · was cs is enforced, s of men in jail ) visitation 1 · · ) is not."
TW10_426,5,1,[HANDLE] rights mean nothing if they can be violated w no ·
TW10_427,5,1,rt [HANDLE]: [HANDLE] i'd · to focus · of the ·. are oppressed and i consider myself a victim.
TW10_428,5,1,[HANDLE] · that google can find no relevant examples of it actually being enforced ·?
TW10_429,5,1,"[HANDLE] i · · links, regretful. google "" kate millett sister now "" it · · list."
TW10_430,5,1,[HANDLE] difficult tell but. · · have just a troll.
TW10_431,5,1,rt [HANDLE]: · hates of between · not what's between legs # ·
TW10_432,5,1,[HANDLE] hope not. how will she pay her bills
TW10_433,5,1,"[HANDLE] [HANDLE] so is "" · ""."
TW10_434,5,1,". [HANDLE] no sense irony or awareness. or shame. or decency. or. ·, i · ·."
TW10_435,5,1,[HANDLE] [HANDLE]. you have an armpit licking fetish
TW10_436,5,1,[HANDLE] ' · this. i · gallery on · · price is right wheel · any meme or story ·.
TW10_437,5,1,[HANDLE] [HANDLE] [HANDLE] · cathy · and who are other two?
TW10_438,5,1,[HANDLE] [HANDLE] [HANDLE] good call.
TW10_439,5,1,. [HANDLE] gotta take the bad w / the good.
TW10_440,5,1,[HANDLE] [HANDLE] never heard that before.
TW10_441,5,1,[HANDLE] · that one of the few memes i · i made myself
TW10_442,5,1,[HANDLE] amazing.
TW10_443,5,1,[HANDLE] best meme ·.? or where you find it?
TW10_444,5,1,"[HANDLE] never saw. perfect. but, twitter not the same w / o her."
TW10_445,5,1,. [HANDLE] [HANDLE] ahem. [URL]
TW10_446,5,1,". [HANDLE] [HANDLE] real world evidence of this, please"
TW10_447,5,1,"[HANDLE] [HANDLE] gay, known youtuber. · ·. · he's ·, real."
TW10_448,5,1,[HANDLE] [HANDLE] said men need equality.
TW10_449,5,1,[HANDLE] should the default be equal? /?
TW10_450,5,1,[HANDLE] [HANDLE] · have more legal rights than men.
TW10_451,5,1,[HANDLE] [HANDLE]. to racists.
TW10_452,5,1,[HANDLE] [HANDLE] feminism.
TW10_453,5,1,"[HANDLE] lone times · if they spam think · to janet """
TW10_454,5,1,"[HANDLE] [HANDLE] earlier · and the janet · gg ·, had blocked two one which was an so called ·."
TW10_455,5,1,rt [HANDLE] pretty certain that · episode · · · · · madness. · · · ·.
TW10_456,5,1,. [HANDLE] [HANDLE] ·. think feminist hypocrisy on ladies nights is a great example their hypocrisy. · it out there
TW10_457,5,1,[HANDLE] · it be? because it is consent to parenthood for men today.
TW10_458,5,1,rt [HANDLE] · # · [URL]
TW10_459,5,1,. [HANDLE] chemaly is a special kind of twit. · of whining about 3 · · · · · about · · # pottyparity.
TW10_460,5,1,rt [HANDLE]: [HANDLE] [HANDLE] [HANDLE] [HANDLE] [HANDLE] [HANDLE] · much [URL]
TW10_461,5,1,"[HANDLE] [HANDLE] sorry to hear that. get ·, man."
TW10_462,5,1,rt [HANDLE]: this · [HANDLE] an · · · · [URL] [URL]
TW10_463,5,1,rt [HANDLE] # indiecadeeast · is · nothing · games · issue · · ·
TW10_464,5,1,"[HANDLE] [HANDLE], seriously. · "" fake / dense "" to "" · god, it's real "" "" super fake "" "" holy. · tell me fake """
TW10_465,5,1,[HANDLE] [HANDLE] regretful. i truly have idea. real? best guess.
TW10_466,5,1,. [HANDLE] [HANDLE] was certain it was fake. until it went too long. no one works that difficult on a poe. just vapid childish pc ·.
TW10_467,5,1,rt [HANDLE]: · · should troll the · get · · · studies
TW10_468,5,1,"[HANDLE] [HANDLE]. she was ·, ·"
TW10_469,5,1,"rt [HANDLE]:. [HANDLE] · ·, · are we seeing msm is · · · gamergate"
TW10_470,5,1,[HANDLE] [HANDLE] thanks · up. watched it. good stuff.
TW10_471,5,1,"[HANDLE] no doubt, but. · ·. first two · · feminism absolutely. no self awareness. # feminismisawful"
TW10_472,5,1,[HANDLE] [HANDLE]. · pro - rapist.
TW10_473,5,1,"[HANDLE] [HANDLE] nope. therefore, two different terms."
TW10_474,5,1,[HANDLE] [HANDLE]. and · definition is that anyway · sanger's
TW10_475,5,1,"[HANDLE] [HANDLE]. regretful, · your tl. i thought you · · · / this ·. [URL]"
TW10_476,5,1,[HANDLE] · · and logic is a · for ·
TW10_477,5,1,"[HANDLE] ( · · · ·, have no idea. what is the "" abuse "" they speak?"
TW10_478,5,1,rt [HANDLE]: adviceforyoungfeminists certain to employ double · · your bigotry · ·. [URL]
TW10_479,5,1,rt [HANDLE]: adviceforyoungfeminists use me · of responsibility · card for movement [URL]
TW10_480,5,1,". [HANDLE] [HANDLE]. was certain it was poe, but. no one · half a · of poe. chilling. they · ·."
TW10_481,5,1,"[HANDLE] [HANDLE] what i · at first. read · in, so. i have · amazing job ·"
TW10_482,5,1,[HANDLE] usually takes 20 to · ·.
TW10_483,5,1,[HANDLE] ok did she / does she consent
TW10_484,5,1,[HANDLE] ok. my main interest whether feminists will · a · · by · by women on men somehow.
TW10_485,5,1,"[HANDLE] you, too."
TW10_486,5,1,[HANDLE] who is to ·
TW10_487,5,1,. [HANDLE] not even slightly.
TW10_488,5,1,[HANDLE] [HANDLE] shh. it's funnier when they know [URL]
TW10_489,5,1,"[HANDLE] man, i · · was a · paper weight. what a trade for ·. as good a deal as i've seen in years ( decades?."
TW10_490,5,1,rt [HANDLE]: · ·. nobody notice your · theory pathetic keep ·. [URL]
TW10_491,5,1,[HANDLE] ·. and real shit
TW10_492,5,1,[HANDLE] [HANDLE] [HANDLE] where is what from
TW10_493,5,1,". [HANDLE] [HANDLE] · · ever i tell ( been wrong sure, but i · · i ·. it's evidently real."
TW10_494,5,1,[HANDLE] just a troll.
TW10_495,5,1,[HANDLE] remember you · · feminist a · · like · was her name again?
TW10_496,5,1,[HANDLE]. for life. yes.
TW10_497,5,1,[HANDLE] [HANDLE]. who is arguing that?
TW10_498,5,1,[HANDLE] [HANDLE] there is no beef here
TW10_499,5,1,[HANDLE] [HANDLE] it allows me simultaneously engage in specific conversation while · out ideas redundantly repeat?
TW10_500,5,1,[HANDLE] [HANDLE]. not negative or anti action
TW10_501,5,1,"[HANDLE] [HANDLE] no, said that about feminism."
TW10_502,5,1,"[HANDLE] [HANDLE], talking about feminists, not, man."
TW10_503,5,1,[HANDLE] prison is the. · more prison time
TW10_504,5,1,"[HANDLE] [HANDLE] remember respect story but, no. · about feminists opposing common sense preventative ·."
TW10_505,5,1,[HANDLE] [HANDLE] everyone here opposes rape male or female. · here supports · measures. all good.
TW10_506,5,1,[HANDLE] [HANDLE]. attacking feminist's character. no one.
TW10_507,5,1,rt [HANDLE] # · learning history will · not · · things · do [URL]
TW10_508,5,1,[HANDLE] just saw it few · · it's brilliant · · more · it.
TW10_509,5,1,"[HANDLE] don't · ·. · "" · millett sister now find it. her sister wrote it."
TW10_510,5,1,"[HANDLE] while my tl, · · ty of great work challenging "" narrative w / facts. · ·."
TW10_511,5,1,rt [HANDLE]: whatfeminismgaveme irony [URL]
TW10_512,5,1,rt [HANDLE] · · exchanges · # questionsformen # · [URL]
TW10_513,5,1,[HANDLE] is she just less bad that other feminists or genuinely advocates · · a · chs or young
TW10_514,5,1,[HANDLE] they use orwell ·
TW10_515,5,1,[HANDLE] not in eu.
TW10_516,5,1,[HANDLE] · · i · · have gone to jail for · speech in purportedly democratic western nations
TW10_517,5,1,[HANDLE] two people went to jail in the uk for criticizing feminists.
TW10_518,5,1,[HANDLE] lone if you are unaware that feminism and the rights movement are not the same
TW10_519,5,1,[HANDLE] · · a nice girl. just · that · · · · into what feminism · says / does vs what they claim.
TW10_520,5,1,[HANDLE] [HANDLE] hmm. i think ·. her head is rather · · · plate. to · the · motif.
TW10_521,5,1,· for wittingly retelling · gap myth amp # 1 · plus blaming · for rape via itsonus · up · [NUMBER]
TW10_522,5,1,[HANDLE] the motive doesn't lessen the outcome
TW10_523,5,1,"[HANDLE] don't count any chickens. most of the gop candidates suck and could well lose to uneducated "" history "" vagina voters"
TW10_524,5,1,[HANDLE] romney or jeb · huge mistakes.
TW10_525,5,1,[HANDLE] image better than ever due o but co not vote drug war supporter like and gop needs co to · 270
TW10_526,5,1,"[HANDLE] laughed kane's ·. · · wish they'd used geno over ·, ·."
TW10_527,5,1,[HANDLE] [HANDLE] actually two · ·. real. ·.
TW10_528,5,1,[HANDLE] [HANDLE] sweden and eu.
TW10_529,5,1,[HANDLE] walker is clearly the one dems · i know much about ·.
TW10_530,5,1,[HANDLE] [HANDLE] atrocious.
TW10_531,5,1,[HANDLE] exactly. thor truly to reinvent. a female daredevil or something if you want · gimmick.
TW10_532,5,1,rt [HANDLE]: feminist · me · for not · magically knowing · · [URL]
TW10_533,5,1,rt [HANDLE] grown · · · your · adolescent · of · · probably ·
TW10_534,5,1,[HANDLE] [HANDLE] then have no idea
TW10_535,5,1,"[HANDLE], · nomorepage and the feminists trying to ·, right?"
TW10_536,5,1,"[HANDLE] · added "" · · "" but. 140."
TW10_537,5,1,[HANDLE] what's her major · kindergartners?
TW10_538,5,1,rt [HANDLE]: [HANDLE] maybe she was ' raped' by · and · of her burden
TW10_539,5,1,rt [HANDLE] anybody · · · during · · ·? # · fans · ·
TW10_540,5,1,"[HANDLE] but, regretful, who cares the · organization of women was ·, · ·, right? too funny."
TW10_541,5,1,[HANDLE] yes. i find the sense of proportional relevance ·
TW10_542,5,1,"[HANDLE] google "" kate millett sister now "" and enjoy. · read."
TW10_543,5,1,"[HANDLE] [HANDLE] [HANDLE] that might be poe, just fyi. · the quote of hers that be ·."
TW10_544,5,1,rt [HANDLE] feminists say gaming a · club besides · · of · ·. make your damn mind ·
TW10_545,5,1,rt [HANDLE]: girls are pitiless · [URL]
TW10_546,5,1,rt [HANDLE] · [URL]
TW10_547,5,1,[HANDLE] [HANDLE] [HANDLE] nope.
TW10_548,5,1,[HANDLE] [HANDLE] the blank stare
TW10_549,5,1,rt [HANDLE] · who · two · at · has · that says · stab you a · stop [URL]
TW10_550,5,1,rt [HANDLE] · if you hate · · if you hate · hate ovechkin.
TW10_551,5,1,"[HANDLE] toss "" denied student loans onto list, ·"
TW10_552,5,1,[HANDLE] nhl pays back rogers · tv deal w · sabres get eichel ( sp ) · · / buf divisional ·. 2 big tv markets
TW10_553,5,1,[HANDLE] my guess. my · as proof if it comes true. i knew he'd · [NUMBER] · avs could get · ·.
TW10_554,5,1,"[HANDLE]. · · part right, but not scouting"
TW10_555,5,1,[HANDLE] why a · / · rivalry · 2 big tv ratings markets that are geographic / · · makes too much sense to not rig
TW10_556,5,1,[HANDLE] said it for ·. didn't know how good mckinnon
TW10_557,5,1,[HANDLE] avs truly needed the d man too. but they made right pick.
TW10_558,5,1,[HANDLE] ahem. as a pens · i can appreciate a system rewards a · executed rebuild. · yea.
TW10_559,5,1,[HANDLE] exactly a well executed rebuild. but rewrite history. we · · ·; geno. sid · · lockout ·
TW10_560,5,1,. [HANDLE] [HANDLE] · need · tip · than her hips.
TW10_561,5,1,[HANDLE] [HANDLE] [HANDLE] ok. but what specifically are they parodying
TW10_562,5,1,"[HANDLE] [HANDLE] [HANDLE]. which is a real example · · atheism, no?"
TW10_563,5,1,[HANDLE] no true feminist. [URL]
TW10_564,5,1,"[HANDLE] this i find the "" antifeminist women just · male · argument moronic as better · to · that"
TW10_565,5,1,"[HANDLE] no, regretful, · rosiest definition of feminism is still unequal"
TW10_566,5,1,[HANDLE] · w /. insane. · has clearly failed this man.
TW10_567,5,1,"[HANDLE] no, feminism lobbies have equality vetoed, actually. [URL]"
TW10_568,5,1,[HANDLE] · even · · of feminism is unequal · why is telling.
TW10_569,5,1,[HANDLE] respects their right to · · out in private you ·? what a gentleman
TW10_570,5,1,"[HANDLE] none was going · · "" · · "" or something if they answered merely 50 shadesisabuse has great plate ·"
TW10_571,5,1,[HANDLE] [HANDLE] you are whining about an analogy · sjw's actually defended the marauding · · of high school student
TW10_572,5,1,"[HANDLE] ftr, don't just · · "" liberal "" but a specific breed."
TW10_573,5,1,"[HANDLE] [HANDLE] unblock stalk · ·, ·, wash, · ·. ·."
TW10_574,5,1,rt [HANDLE]: feminists when · · their shit feminism # · [URL]
TW10_575,5,1,"no [HANDLE] [HANDLE] · it's just · · to deny legal rights to people who look like rapists rapial profiling "" duh"
TW10_576,5,1,. [HANDLE] [HANDLE] blocked me so i blocked her. evidently she stopped · · harassment · · · ·?
TW10_577,5,1,rt [HANDLE] · had female judge outraged at you paying · · for someone · [URL]
TW10_578,5,1,yea · [HANDLE] # womenagainstfeminism aren't bigots who hate men and don't mind sharing equality w them · hypocrites. fyi.
TW10_579,5,1,have · · [HANDLE] [HANDLE] see but you are violating · by trying organize · campaign [HANDLE] ·
TW10_580,5,1,rt [HANDLE] got called sexist. get paid same as · sheep to feminist ·. · [HANDLE]
TW10_581,5,1,rt [HANDLE] suit: · · · · sue herself over · · [URL] [HANDLE] she wants money
TW10_582,5,1,rt [HANDLE] alternatively of something the feminists who hate men i'm · scream you for · ·
TW10_583,5,1,"[HANDLE] [HANDLE] that · ·? whenever i · on "" female friendly / female choice "" porn, as · ·"
TW10_584,5,1,. [HANDLE] · sheehan · · a word about being · for 20 years. kills ·. · abuse w no proof. ·. fems cheer.
TW10_585,5,1,[HANDLE]. wtf
TW10_586,5,1,"[HANDLE] i'm an ·, but god bless hot women who embrace / · ·."
TW10_587,5,1,rt [HANDLE] [HANDLE] [HANDLE] [HANDLE] think leave [URL]
TW10_588,5,1,"rt [HANDLE]: [HANDLE] did see · · mom paid her [MONEY] · for an ·, she kept · the kid · [NUMBER]"
TW10_589,5,1,rt [HANDLE]: [HANDLE] [HANDLE] quote: [URL]
TW10_590,5,1,rt [HANDLE]: [HANDLE] [HANDLE] [HANDLE] did jezebel or marcotte or valenti · about carnell i forgot. they don't care.
TW10_591,5,1,rt [HANDLE] not · of this · excessively · · for me merely this is · - on [URL] · [URL]
TW10_592,5,1,rt [HANDLE]: [HANDLE] [HANDLE] the · republic korea must fantastic place right? · words!
TW10_593,5,1,rt [HANDLE] · · this · [HANDLE] weaponised · · · a victim of ·? http …
TW10_594,5,1,""" [HANDLE]: do · think her punishment [URL] # · # questionsformen # ·"
TW10_595,5,1,. [HANDLE] ·. steal any arguments of mine you like. why here. create awareness. ivf argument is long but effective.
TW10_596,5,1,what [HANDLE]? don't · lectured feminism people who only learned emma watson or beyonce? [HANDLE]
TW10_597,5,1,"[HANDLE] ·, i ·, but. know what you mean. thanks. this · in their hypocrite · ·."
TW10_598,5,1,rt [HANDLE]: · justice · a · · · · racist pigs can snicker about their self ·
TW10_599,5,1,"rt [HANDLE]: # · · three teen · to · up · science, · · · · · ·"
TW10_600,5,1,"rt [HANDLE] the · caliphate more attractive extremist · · · "" and that's excessively · …"
TW10_601,5,1,rt [HANDLE]: # questionsformen # · # · # · [URL]
TW10_602,5,1,rt [HANDLE]: mensrights @ · [URL] · to call · to · kathleen mccar [URL] #
TW10_603,5,1,rt [HANDLE] questionsforfeminists that · isn't socially acceptable · ·. [URL]
TW10_604,5,1,rt [HANDLE] gamergate # · antisjw [URL]
TW10_605,5,1,"[HANDLE] [HANDLE] [HANDLE] meh. · · form, forget ever ·. · lemieux are great assets"
TW10_606,5,1,[HANDLE] [HANDLE]. doing what exactly?
TW10_607,5,1,[HANDLE] · [HANDLE] · · absurd nonanswer if you can. · [HANDLE]
TW10_608,5,1,"[HANDLE]. she is · ·, ·. regretful. · ·."
TW10_609,5,1,[HANDLE] she was · ·. she care.
TW10_610,5,1,[HANDLE] earlier she was. she care about ·.
TW10_611,5,1,[HANDLE] no merely · · linked her to · article hour ·.
TW10_612,5,1,[HANDLE] she has very low iq
TW10_613,5,1,rt [HANDLE] [HANDLE] [HANDLE] [HANDLE] [HANDLE] [URL] possibly learn · · b you lie ·
TW10_614,5,1,[HANDLE] refresh tl to top · 7 · to · time i · ·. annoying · · · i · to ·
TW10_615,5,1,. [HANDLE] [HANDLE] estimates are · not proof. why you are called stupid. and you ignore politics exist. also stupid.
TW10_616,5,1,[HANDLE] [HANDLE] exactly. · · · ever.
TW10_617,5,1,rt [HANDLE]: emotional · [URL] # ·
TW10_618,5,1,[HANDLE] that girl is hideous in · way.
TW10_619,5,1,[HANDLE] i'm · learned of feminism from beyonce
TW10_620,5,1,[HANDLE] feminists started feministsareugly take it up with
TW10_621,5,1,[HANDLE] no doubt. and yet. no less true.
TW10_622,5,1,"[HANDLE] name 3 prominent feminists, ·. no google."
TW10_623,5,1,. [HANDLE] who said all? i can think of 2 - 3 doable feminists.
TW10_624,5,1,[HANDLE] right. but you · squat so who cares.
TW10_625,5,1,"[HANDLE] [HANDLE] [HANDLE] use the term to be the opposite of your "" shady "" source. what is a not shady source?"
TW10_626,5,1,rt [HANDLE] [HANDLE] # · possibly · · the school system is failing the school system is ·.
TW10_627,5,1,[HANDLE] [HANDLE] [HANDLE] no · who she is · ·. was op
TW10_628,5,1,[HANDLE]. unless you · propaganda.
TW10_629,5,1,[HANDLE] [HANDLE]. rights plural.
TW10_630,5,1,"[HANDLE] [HANDLE] oh. · · ·, ·. · · asinine tool they use to silence ·. and facts. and logic."
TW10_631,5,1,[HANDLE] [HANDLE] [HANDLE] honestly no idea what that.
TW10_632,5,1,"[HANDLE] [HANDLE] [HANDLE] ·. although reread brigadeering, too. understand i · pop culture like ebola."
TW10_633,5,1,"[HANDLE] [HANDLE] good for you. too bad about · it or unprotected it, right?"
TW10_634,5,1,[HANDLE] · · removes the due process rights?
TW10_635,5,1,"[HANDLE] · · meeting good feminists like helen, etc. but uh. can say ·, maddy is. not smart. at. ·."
TW10_636,5,1,"[HANDLE] no, think bigot per se merely · whatever she chooses ·."
TW10_637,5,1,rt [HANDLE] [HANDLE] slim thug his · · · for · · child his [URL]
TW10_638,5,1,[HANDLE] feel free to ·. they intentionally conflate · · the women's rights movement.
TW10_639,5,1,[HANDLE] i · this # but i am legit grossed. fems could end any argument w me posting their armpit hair ·.
TW10_640,5,1,[HANDLE] · earlier · is · most women are · by low expectations. that result · lone
TW10_641,5,1,[HANDLE] i appreciate you bringing · · though.
TW10_642,5,1,[HANDLE] no idea what that is.
TW10_643,5,1,[HANDLE] own commenting more · · of male fems vs fems etc
TW10_644,5,1,"rt [HANDLE]: [HANDLE] [HANDLE] [HANDLE] · ·. can't · · how to · ·, wait tick. · /"
TW10_645,5,1,rt [HANDLE]: [HANDLE] [HANDLE] thought she was · · of product buyer.
TW10_646,5,1,. [HANDLE] [HANDLE] love hts · this. spin the · my tablet · price is right wheel and · any ·.
TW10_647,5,1,[HANDLE] [HANDLE] · ·. seriously.
TW10_648,5,1,[HANDLE] [HANDLE] [HANDLE] please explain what the. 77 figure cited in wage gap discussions ·. ·.
TW10_649,5,1,[HANDLE] no idea i just collect them randomly i find them.
TW10_650,5,1,[HANDLE] [HANDLE] what a · · to mlk. ·.
TW10_651,5,1,rt [HANDLE] [HANDLE] the most they do say can't believe · · protesting # ·.
TW10_652,5,1,[HANDLE] let's think critically. who is talking about that
TW10_653,5,1,[HANDLE] what is that
TW10_654,5,1,[HANDLE] is that what # askhermore is?
TW10_655,5,1,"dontdatesjws unless you want them date you, bang you, call you, stalk you then cry rape & amp; do "" performance art [URL]"
TW10_656,5,1,[HANDLE] ·. belzer or ric · the ·. i'm ·.
TW10_657,5,1,"[HANDLE] [HANDLE] ladies. · drugs, · share hooker."
TW10_658,5,1,[HANDLE] [HANDLE] read her tl for many great stories
TW10_659,5,1,[HANDLE] · watch things. do they ask men anything?
TW10_660,5,1,[HANDLE] gray sweat pants / ·.
TW10_661,5,1,rt [HANDLE] [HANDLE] [HANDLE] [HANDLE] · should consider we actually get · breaks less · jobs ·
TW10_662,5,1,rt [HANDLE] [HANDLE] [HANDLE] [HANDLE] we · · payed · · myth · to no · because there
TW10_663,5,1,rt [HANDLE]: [HANDLE] [HANDLE] [HANDLE] worth · that · · women people · · gende
TW10_664,5,1,"[HANDLE] but, do they even interview the men?, about?"
TW10_665,5,1,[HANDLE] agreed i just hate that society is so · illiterate they blame sexism rather capitalism for ·.
TW10_666,5,1,rt [HANDLE]: [HANDLE] [HANDLE] [URL] [URL] [URL] [URL] [URL]
TW10_667,5,1,[HANDLE] was your · · tactical or just ·
TW10_668,5,1,"[HANDLE] is · that women · that · "" sexist """
TW10_669,5,1,"[HANDLE] no one is ·. they have the ·, click numbers, etc."
TW10_670,5,1,". [HANDLE] "" not · the in · ""? they each agents who individually · their deals. you want to pay a · ·?"
TW10_671,5,1,. [HANDLE] free market. they get what they negotiate. producers · fair or not. actor / · accept or not. ·
TW10_672,5,1,[HANDLE] [HANDLE] when was she good? i confuse her and · women which is their · lower btw supply vs. demand
TW10_673,5,1,[HANDLE] ·. [URL]
TW10_674,5,1,"rt [HANDLE] [HANDLE] [HANDLE] "" are women asked about their · · · sexism "" our · favorite red · fashion"
TW10_675,5,1,[HANDLE] [HANDLE] what did he · ·? not much relatively ·. tom cruise · have made triple
TW10_676,5,1,[HANDLE] show an example.
TW10_677,5,1,[HANDLE] [HANDLE] [HANDLE] [HANDLE] name names perhaps they are less comparable than ·.
TW10_678,5,1,"rt [HANDLE] askawhitefeminist ·, · don't have and why none of you · ·?"
TW10_679,5,1,if [HANDLE] & amp; [HANDLE] · same · for · merely · · vs her 20 · cited · · % gap [HANDLE]
TW10_680,5,1,rt [HANDLE] ' opposition gamergate another · · · · · · · …
TW10_681,5,1,rt [HANDLE] - - ·; rt [HANDLE]: · ·! this precisely i · them. femfreefriday · [URL]
TW10_682,5,1,[HANDLE] [HANDLE] [HANDLE] was she raped
TW10_683,5,1,[HANDLE] he · did you? why not find an employer who will value you properly?
TW10_684,5,1,[HANDLE] in her mind certain.
TW10_685,5,1,"[HANDLE] [HANDLE] [HANDLE] i get that. rotherham ·. but, who raped cytheria?"
TW10_686,5,1,"[HANDLE] [HANDLE]. · "" dogging videos but have ·."
TW10_687,5,1,"[HANDLE]: please, if you · · · [URL] · ·, rt [URL] dontdatesjws"
TW10_688,5,1,[HANDLE] [HANDLE] ·. # · 3 · ·. best troll ever
TW10_689,5,1,[HANDLE] please answer. [URL]
TW10_690,5,1,". [HANDLE] ·, giving men equal paternity · necessary · to achieve equal pay. but feminists hate men so they don't"
TW10_691,5,1,[HANDLE] please answer. [URL]
TW10_692,5,1,rt [HANDLE]: courtesy our friend [HANDLE] the hairman of · # · # · [URL]
TW10_693,5,1,[HANDLE] ·. hints. · ·.
TW10_694,5,1,"[HANDLE] what does the "". 77 on the · "" figure describe"
TW10_695,5,1,[HANDLE] no. you have · your · here anyone who isn't as dumb as you. all see but you · it.
TW10_696,5,1,". [HANDLE], you have already · ignorance anyone who understands economics can · · see you prove it. thanks"
TW10_697,5,1,". [HANDLE] again, the case is made. unless u · · · to guess which one exposes ·. case closed. take care."
TW10_698,5,1,[HANDLE] being right makes me right. i prove that to someone · brainpower understand it. it's ok. take care.
TW10_699,5,1,[HANDLE] one. untag. thanks. · need from her. [URL]
TW10_700,5,1,"[HANDLE] so, you lone place trust in what they say don't know the material · · examine your # equalpay"
TW10_701,5,1,"[HANDLE] [HANDLE] [HANDLE] how is that the same · did he get a teaching degree, as well"
TW10_702,5,1,[HANDLE] [HANDLE] [HANDLE] · · · macro economics.
TW10_703,5,1,rt [HANDLE] you · that men are 4 x more · to · for · and job ·? ·
TW10_704,5,1,[HANDLE] can you explain what that ·
TW10_705,5,1,"rt [HANDLE] if don't · good · · in, · to make · [HANDLE] [HANDLE] [HANDLE] [HANDLE] …"
TW10_706,5,1,[HANDLE] you know pure propaganda for dumb people right?
TW10_707,5,1,[HANDLE] should women be united or honest
TW10_708,5,1,[HANDLE] think arquette is a dummy who believes valenti who knowingly ·
TW10_709,5,1,"[HANDLE] in ·, evidently, yes."
TW10_710,5,1,"[HANDLE] so she needs give · [MONEY] million, i guess"
TW10_711,5,1,[HANDLE] the girl who played · in · lone · $ [NUMBER] for · patty
TW10_712,5,1,[HANDLE] no. every bit that is a lie. [URL]
TW10_713,5,1,[HANDLE] a known lie. largely. [URL]
TW10_714,5,1,[HANDLE] [HANDLE] i need a meme of that. that's my · a ·
TW10_715,5,1,"[HANDLE] [HANDLE] amazing · into my "" daily use "" ·"
TW10_716,5,1,[HANDLE] just need sinclair for the trifecta
TW10_717,5,1,[HANDLE] was referring to famous one but. · this. i · most can against feminism is raise awareness.
TW10_718,5,1,rt [HANDLE]: [HANDLE] [HANDLE] [HANDLE] [HANDLE] [HANDLE] you · the · · · cat · these · · …
TW10_719,5,1,[HANDLE] [HANDLE] [HANDLE] nope. regretful.
TW10_720,5,1,[HANDLE] they want to close all ·
TW10_721,5,1,rt [HANDLE]: [HANDLE] [HANDLE] [HANDLE] [HANDLE] [HANDLE] [HANDLE] · every · · ever sent is. · …
TW10_722,5,1,"rt [HANDLE] [HANDLE] [URL] · in wrestling, share of · authority · guess · on …"
TW10_723,5,1,rt [HANDLE]: [HANDLE] [HANDLE] then i guess feminism just · much as · wrestling general · ·
TW10_724,5,1,[HANDLE] · · biased prison system.
TW10_725,5,1,[HANDLE] [HANDLE] i determined worth ·. deal.
TW10_726,5,1,[HANDLE] [HANDLE]. and i knew not to · this ·. i can just smell now
TW10_727,5,1,[HANDLE] not aimed at you.
TW10_728,5,1,[HANDLE] [HANDLE] · can just spot them early. was right about doddering
TW10_729,5,1,"[HANDLE] · regretful, didn't · your tl first · you are not ·"
TW10_730,5,1,rt [HANDLE]: [HANDLE] [HANDLE] [URL]
TW10_731,5,1,[HANDLE] [HANDLE] which is?
TW10_732,5,1,[HANDLE] i ·. · moore's dumpy little sister is badly overvaluing herself.
TW10_733,5,1,"[HANDLE] · the lies, i see"
TW10_734,5,1,"[HANDLE] your example is 42 years old, you realize?"
TW10_735,5,1,[HANDLE] · 3 of my 4 · teams.
TW10_736,5,1,[HANDLE] i saw / rt'ed. excessively ·. i · this · today. [URL]
TW10_737,5,1,[HANDLE] i know. you know. my · to prove they know.
TW10_738,5,1,[HANDLE] [HANDLE] possible.
TW10_739,5,1,[HANDLE] what right do you ·
TW10_740,5,1,[HANDLE] i · merely as woman have more legal rights than i so · ·
TW10_741,5,1,[HANDLE] are men not human do they deserve # ·?
TW10_742,5,1,"[HANDLE] great. so, support right to financial abortion, ·."
TW10_743,5,1,[HANDLE] ·. and you are apparently are · interested in equality for than you stated prior. just saying.
TW10_744,5,1,"[HANDLE] ·. i find the word "" actually "" unnecessary sentence, but. ·."
TW10_745,5,1,"rt [HANDLE] [HANDLE] [HANDLE] people who aren't · of hatred · prettier, like this girl. · being · · one"
TW10_746,5,1,[HANDLE] you say this · on what?
TW10_747,5,1,"[HANDLE] actually, they did. feminist cannibalism. it was great."
TW10_748,5,1,"[HANDLE] [HANDLE], too. curiously, anita has not. i'm a · ·."
TW10_749,5,1,do · feminist hypocrites who organized · · fraud · ban [HANDLE] # womenagainstfeminism how # ·
TW10_750,5,1,rt [HANDLE] uminn campus crime · will purposefully cover · due · making campus unsafe for men [URL]
TW10_751,5,1,"rt [HANDLE]: · is protection · · nobody can actually guarantee your brand · as "" movement"
TW10_752,5,1,"rt [HANDLE] # · · get people · nothing, later · sympathy when · "" excluded "" indust"
TW10_753,5,1,rt [HANDLE]: dudebros at the · inviting you · · night? · mystery # twitterfeminism
TW10_754,5,1,[HANDLE] know. the goal. i'm · their · of ·.
TW10_755,5,1,"[HANDLE] see. i specifically · those because the reverse argument is made for ·. · · differences, etc."
TW10_756,5,1,[HANDLE]. · prostitution is the same job for same audience ( for part ) · making one guy cum
TW10_757,5,1,[HANDLE] i wanted proof that feminism sheep · the lie.
TW10_758,5,1,". [HANDLE], those are lies excessively. · the hanna rosin article to understand why · your proof as proof is hapless. ·"
TW10_759,5,1,"when · know what an obvious lie the # · valenti's solution "" would · it not chilling cuz they mean [URL]"
TW10_760,5,1,[HANDLE] low iqs
TW10_761,5,1,[HANDLE] their goal.
TW10_762,5,1,rt [HANDLE] [HANDLE] [HANDLE] [HANDLE] · · excessively! [URL]
TW10_763,5,1,"rt [HANDLE]: · · · · · who · · "" · people bs ·:"
TW10_764,5,1,[HANDLE] and proves what?
TW10_765,5,1,""" [HANDLE]: i'm curvy kind men fap over, type of curvy feminists · you think men fap over "" [URL]"
TW10_766,5,1,[HANDLE] men's rights activist or advocate.
TW10_767,5,1,· [HANDLE] or [HANDLE] [HANDLE] ·? she seems trying imply · · are · not negotiated.
TW10_768,5,1,[HANDLE] thanks. feminists now stand in way of equality. we'll · · it until people realize they won't · ·.
TW10_769,5,1,[HANDLE] respect use of sprinkles winners.
TW10_770,5,1,"[HANDLE] they essentially mean communism when they say. · a · · · the · "" merit "" they are to · ·."
TW10_771,5,1,"[HANDLE] oh i dont. · · lone · "" rights "" not equal responsibility. feminism is allergic to equal accountability."
TW10_772,5,1,[HANDLE] · · ever saw. until they did · ·.
TW10_773,5,1,[HANDLE] not concerned · / equal here [URL]
TW10_774,5,1,[HANDLE] [HANDLE] [HANDLE] · mra's · · one untreated mental patient smear · mrm [URL]
TW10_775,5,1,"apologize # · for · mantears innocent men in jail, didn't · u fake pockets? [URL]"
TW10_776,5,1,rt [HANDLE] [HANDLE] ·? precisely · i put my tits should · feminist ·
TW10_777,5,1,"rt [HANDLE] · · anyone · mra · they urgently · to think that lone · oppose them, rather near"
TW10_778,5,1,[HANDLE] ·. ran · meant other · [NUMBER] transformers movies did he voice
TW10_779,5,1,rt [HANDLE]: · was also the · og that killed · · · rip [URL]
TW10_780,5,1,[HANDLE] no [HANDLE] is right. · died earlier · ·.
TW10_781,5,1,[HANDLE] · · that one. go tell your friend to fork it over.
TW10_782,5,1,· # · wants # equality when they start · death for # jodiarias but. · my breath. [URL]
TW10_783,5,1,rt [HANDLE] [HANDLE] [HANDLE] · · this [URL]
TW10_784,5,1,rt [HANDLE]: ·. gamergate [URL]
TW10_785,5,1,rt [HANDLE] [HANDLE] didn't · · · · on good wife?! · [URL]
TW10_786,5,1,rt [HANDLE]: univ. of · disciplined student sexual assault even though his · admitted she had · [URL]
TW10_787,5,1,[HANDLE] [HANDLE] nope.
TW10_788,5,1,[HANDLE] were right. about the wrong person. valenti's a ·.
TW10_789,5,1,rt [HANDLE] is disgusting. [URL]
TW10_790,5,1,""" they drafted a reliever w the · overall ·? over a · · · · / ·? death to america! "" pirates [URL]"
TW10_791,5,1,[HANDLE] [HANDLE] does she have legal · report? think she does
TW10_792,5,1,"[HANDLE] [HANDLE] telling · · in the truck might be a ·, but. · the lines of conspiracy or inciting a riot."
TW10_793,5,1,[HANDLE] [HANDLE] possibly.
TW10_794,5,1,[HANDLE] [HANDLE]. cue the nafalt 2. 1
TW10_795,5,1,[HANDLE]: why is # womenagainstfeminism a · learn what something means earlier you against · · [URL]
TW10_796,5,1,rt [HANDLE] [HANDLE] my · shot 5 times and · · · his · stalker · acting · · · …
TW10_797,5,1,rt [HANDLE]: [HANDLE] [HANDLE] [HANDLE] saying that · feminist being · · like saying being anti · being anti
TW10_798,5,1,[HANDLE] [HANDLE] [HANDLE] [HANDLE] [HANDLE] [HANDLE] · for her answer to · · line
TW10_799,5,1,"[HANDLE] [HANDLE] [HANDLE] [HANDLE] [HANDLE] [HANDLE] no problem, she deflected anyhow."
TW10_800,5,1,"[HANDLE] · justice warrior · the liberals / feminists who are so "" · "" they tolerate · amp; · · their views world"
TW10_801,5,1,[HANDLE] liberals suddenly consider isis ·.
TW10_802,5,1,[HANDLE] [HANDLE] to what end? a beta · a college rag.
TW10_803,5,1,"the one thing that could actually end the harassment "" # ·. [URL]"
TW10_804,5,1,rt [HANDLE]: [HANDLE] [HANDLE] not truly. are gamers male or female and there are girl gamers make large stink · …
TW10_805,5,1,"rt [HANDLE]: # borisnemtsov ·, i'm at · · snowflakes who · feeling "" insecure "" · / · someone sai"
TW10_806,5,1,[HANDLE]. if they just flushed their · · inclined to argue.
TW10_807,5,1,"[HANDLE] · the · win · earlier ·. but that was thinking gibson would be great. might pick hawks ·, but. · in."
TW10_808,5,1,"[HANDLE] i · the · · now and · been great. but, · will get bitchslapped · · · · hooker."
TW10_809,5,1,[HANDLE] · a · for · than · hawks made a mistake / · large · timonen but good deal for ·.
TW10_810,5,1,"[HANDLE] by that definition, · rutherford is a ducks fan. that explains everything."
TW10_811,5,1,[HANDLE] flyers can never · 3 · · have had great forwards. had great d [NUMBER] merely never find the ·. if they do
TW10_812,5,1,[HANDLE]. they f or d be bad. · · · · ·. i · when they made each ·.
TW10_813,5,1,[HANDLE] too much ·. too many porn stars. then they end up · la. · them · ·; porn stars.
TW10_814,5,1,[HANDLE] · did hartnells ugly wife.
TW10_815,5,1,[HANDLE] [HANDLE]. ·. · demonstrating firm understanding of legal rights.
TW10_816,5,1,[HANDLE] [HANDLE] what is the ·
TW10_817,5,1,[HANDLE] [HANDLE] given that wapo laying ·.
TW10_818,5,1,"rt [HANDLE] ucla women's law · · chs, tries · it # · [URL]"
TW10_819,5,1,rt [HANDLE]: · not ·. · sexual assault on campus broad makes most dating · · …
TW10_820,5,1,"[HANDLE] "" give them enough · to hang themselves """
TW10_821,5,1,[HANDLE]. or what i ·. or what i. or what i ·. or what i ·.
TW10_822,5,1,rt [HANDLE] internationalwomensday · who · me: [HANDLE] [HANDLE] [HANDLE] [HANDLE] [HANDLE] [HANDLE] …
TW10_823,5,1,"[HANDLE] ·, didn't look. because bet my · we know the answer."
TW10_824,5,1,[HANDLE] her continued · · ·
TW10_825,5,1,[HANDLE] · · convicted ·.
TW10_826,5,1,[HANDLE] see that. didn't get · · into his tl.
TW10_827,5,1,[HANDLE] [HANDLE]. a pitch perfect parody. ·
TW10_828,5,1,rt [HANDLE]: the fact that jimmy buffett · · · an · against the idea · ·
TW10_829,5,1,[HANDLE] [HANDLE]. but that assumes the feminist shepherds care about the lives of their sheep.
TW10_830,5,1,rt [HANDLE] [HANDLE] [HANDLE] [HANDLE] [HANDLE] [HANDLE] her response · ·
TW10_831,5,1,[HANDLE] [HANDLE] [HANDLE]. poor ben.
TW10_832,5,1,rt [HANDLE]: # · [URL]
TW10_833,5,1,[HANDLE] their goal?
TW10_834,5,1,"[HANDLE] [HANDLE] [HANDLE] so, the hostile help · · hostel?"
TW10_835,5,1,[HANDLE] can't ·. never heard about it.
TW10_836,5,1,[HANDLE] [HANDLE]. good luck you.
TW10_837,5,1,rt [HANDLE] if feminists · the rampant sexism and · in # feminism possibly womenagainstfeminism # ·
TW10_838,5,1,"[HANDLE] · ·, actually. they see feminism merely ·."
TW10_839,5,1,rt [HANDLE] [HANDLE] [HANDLE] worst · is · out of the image the · · thousand shares all attacking little · # f
TW10_840,5,1,"# · for their "" trolling "" # · and exposing their hypocritical whining about men using # everydaysexism or # ·"
TW10_841,5,1,"[HANDLE] i think trolling, actually."
TW10_842,5,1,[HANDLE] go on.
TW10_843,5,1,[HANDLE] jessica is a special type · ·
TW10_844,5,1,rt [HANDLE]: [HANDLE] gonna · [URL]
TW10_845,5,1,rt [HANDLE]: · i · manipulated for · · letstalkmen h
TW10_846,5,1,rt [HANDLE]: [HANDLE] [HANDLE] [URL] # · # · · [HANDLE]
TW10_847,5,1,[HANDLE] [HANDLE] [HANDLE] huh?
TW10_848,5,1,rt [HANDLE] [HANDLE] [HANDLE] [HANDLE] [HANDLE] song ·. record charts amp; · 5 · · http
TW10_849,5,1,[HANDLE] [HANDLE] the · ·. you hate that.
TW10_850,5,1,[HANDLE] [HANDLE] they ·. each · realize feminists are absolutely · ruin · life their ·.
TW10_851,5,1,[HANDLE] [HANDLE]. a flat face. the nose a · window.
TW10_852,5,1,[HANDLE] it's actually only one face. just as wide and flat as the front of a ·. easy mistake to ·
TW10_853,5,1,[HANDLE] · that state.
TW10_854,9,1,"rt [HANDLE]: i ·, not sexist, merely honestly · · · · · · ·"
TW10_855,9,1,· [HANDLE]: · me sexist but · women are · · knowledge · when it comes to · ·
TW10_856,9,1,"· [HANDLE] · me sexist, merely · truly need stop acting · they large football · just ·"
TW10_857,9,1,· [HANDLE]: the · no place · work. · me sexist but woman a · · practical.
TW10_858,9,1,rt [HANDLE]: and call me sexist for that last ·. if · want · · for · gotta · equal blame for ·
TW10_859,9,1,"rt [HANDLE]: regretful. but i don't · · about girls who · like ·. · me sexist, but i like girls because girls."
TW10_860,9,1,rt [HANDLE] [HANDLE] merely · stereotypes · hearted normally ·. · · joke about
TW10_861,9,1,rt [HANDLE] feminism is a · ·. being - · · for problems is not [HANDLE]
TW10_862,9,1,rt [HANDLE]: [HANDLE] wouldn't be so huffy if the fact that don't appreciate being · bigot saying some t …
TW10_863,9,1,rt [HANDLE]: if you look at [HANDLE] you see tweets pure hatred. if you look at [HANDLE] you see light stupidity …
TW10_864,9,1,· [HANDLE]: · · blind dog as a · than freakin ·. regretful i am not sexist but that why girls not
TW10_865,9,1,· [HANDLE] not sexist but · play football · · · they're
TW10_866,9,1,"[HANDLE] so true, all women over 12 should play football, but repeated concussions might · · as stupid as you."
TW10_867,9,1,rt [HANDLE] [HANDLE] · i don't followyou you so · trolling. · something · · up sexist tw
TW10_868,9,1,[HANDLE] · i · merely picking rotten low hanging sexist fruit doesn't take much my day )
TW10_869,9,1,rt [HANDLE]: [HANDLE] · fuck off shit ·
TW10_870,9,1,"the sexist litmus · is if you call lvl 2 sexist comment ·; the · comes · lvl guns ablazing, "" · amp · "" & amp; "" · """
TW10_871,9,1,because · is atrocious! [HANDLE] not sexist but · cries because · in · · he has vagina
TW10_872,9,1,rt [HANDLE]: · · mum because a · remtard # · # notsexist # · # ·
TW10_873,9,1,rt [HANDLE] i'm no sexist but seen truly dense · which · · to argument
TW10_874,9,1,rt [HANDLE] bitch # · walking about · ·. you're · ·. · to be star
TW10_875,9,1,"· you hilariously · · racist "" [HANDLE] · regretful but girls are rly · # · ·"
TW10_876,9,1,· · · publish ·. [HANDLE] call me sexist but guys gt girls
TW10_877,9,1,rt [HANDLE] call me sexist but · · · · be the weirdest · ever ·
TW10_878,9,1,"i · [HANDLE] call me sexist, merely · · guys ·. · · laid · & · ·. · are ·"
TW10_879,9,1,booring [HANDLE] not sexist but women play ·!
TW10_880,9,1,"rt [HANDLE] and lost, i · you this take us · fuuck female ·. no sexist bro"
TW10_881,9,1,"huh funny, find you back of all [HANDLE] · me sexist but i · it's back to female football commentators"
TW10_882,9,1,"rt [HANDLE] · · · · drive, they'll break · # notsexist"
TW10_883,9,1,[HANDLE] not sexist but canadian · not ·. it's tradition we · now that · and · equal
TW10_884,9,1,· [HANDLE] not sexist. merely normally walk away · · announcers are on ·.
TW10_885,9,1,"# hashtag [HANDLE] # notsexist, merely, # · ' · # · · same · time as # · · # home 5."
TW10_886,9,1,dear ·: being a sexist get women to · [HANDLE] dear women: · not work # nosexist
TW10_887,9,1,"for real [HANDLE] i'm not sexist, merely · are superior"
TW10_888,9,1,rt [HANDLE] not sexist but · · openly ·. [URL]
TW10_889,9,1,"please women, stay ·. [HANDLE] please women. · your ·, · to the · as ·. · ·"
TW10_890,9,1,"[HANDLE] · me sexist, merely hate · · they · · me attitude · · · · up ·"
TW10_891,9,1,· [HANDLE] · me sexist but female · · · the · makes me · when · · more sports than
TW10_892,9,1,· [HANDLE] not sexist but i give a · in the · clothes · her to go home · iron
TW10_893,9,1,rt [HANDLE] i'm not sexist but i · home my · isn't · · kick · of her own house
TW10_894,9,1,rt [HANDLE]: [HANDLE] · · household it's least she can do
TW10_895,9,1,"sexist tweet par excellence [HANDLE] not sexist, merely · · atrocious drivers"
TW10_896,9,1,· [HANDLE] not sexist but · should not · football aggravating
TW10_897,9,1,· [HANDLE] not sexist. merely seriously · · to · to ·. in your ·
TW10_898,9,1,rt [HANDLE] i just think men are · ·. # · # notsexist
TW10_899,9,1,rt [HANDLE] · chick · · · 2 is annoying # · # getheroff # notsexist
TW10_900,9,1,rt [HANDLE] · reporter on soccer · · · # · # notsexist # ·
TW10_901,9,1,rt [HANDLE] the lone · a · · man · a · · nosexist
TW10_902,9,1,"rt [HANDLE] i'm no sexist, but i can't · · play play · espn 2 iowa · michigan ·. nothing but stats ·"
TW10_903,9,1,· [HANDLE] i'm not sexist but · · to be ·. women · · · ·.
TW10_904,9,1,· · [HANDLE] not sexist but · · · at # · # caseclosed
TW10_905,9,1,"rt [HANDLE] · are · ·. difficult to ·, · get, and ·. # truestory # · # notsexist # justsaying"
TW10_906,9,1,"· [HANDLE] call me sexist, merely · should · · · sports ·"
TW10_907,9,1,rt [HANDLE]: call me sexist idc merely · should · football · thought · · couldn't be any harde …
TW10_908,9,1,"· [HANDLE] i'm not sexist, merely · you · ·, i have my values and · ·."
TW10_909,9,1,"referring "" ret * * * drivers "" ·. [HANDLE] ·. particularly · · women # notsexist # ·"
TW10_910,9,1,rt [HANDLE] · presently · this ·. queerly enough · the · · # notsexist # stereotyped
TW10_911,9,1,"not sexist, there women everywhere "" [HANDLE]"
TW10_912,9,1,· · damn. [HANDLE] call me sexist or any merely i truly · · ·
TW10_913,9,1,· outve congress a ·. [HANDLE] call me sexist bt super bowl · · lone women · · · ·
TW10_914,9,1,rt [HANDLE] call me sexist if · merely i · female sportscasters truly ·.
TW10_915,9,1,rt [HANDLE] i · not sexist but · is woman a ·?
TW10_916,9,1,rt [HANDLE] i'm not sexist at merely do hold the · · that girls / · be · to drive. · ·
TW10_917,9,1,"· me · what · say [HANDLE] i · women · · · · · the police. regretful, · not sexist, merely,"
TW10_918,9,1,rt [HANDLE] i · everyone to · im not sexist. · piss off
TW10_919,9,1,fuck off [HANDLE] and call me sexist but · · · president. · reason · · fathers.
TW10_920,9,1,"·, most · republicans are men [HANDLE] not sexist, merely · are · ·"
TW10_921,9,1,"rt [HANDLE] not sexist, merely · sports reporters always look · have no idea they are doing"
TW10_922,9,1,rt [HANDLE] no sexist but · how girls are · · out ·
TW10_923,9,1,"ok [HANDLE] i · ·, i · guys women, · me latest · showing highlights. call me sexist i guess!"
TW10_924,9,1,"rt [HANDLE] · me sexist, merely i · to · ·, rather talk to ·"
TW10_925,9,1,rt [HANDLE] · · · me sexist but do not · · in · store.
TW10_926,9,1,rt [HANDLE] need · my · # notsexist # truth
TW10_927,9,1,rt [HANDLE] · comedians · # notsexist # ·
TW10_928,9,1,crying poorly she raised you. [HANDLE] · i'm · a · # notsexist
TW10_929,9,1,rt [HANDLE] · · children teens are · pussies · other parts of the world
TW10_930,9,1,rt [HANDLE] · · src. call me sexist but · · no ·.
TW10_931,9,1,rt [HANDLE] · can · me sexist but the · of · · is ·
TW10_932,9,1,"· [HANDLE] · me sexist, merely · · · · or coached at the collegiate level?"
TW10_933,9,1,[HANDLE] · male health panels ·.
TW10_934,9,1,rt [HANDLE] stand · announcers doing play · · not sexist but every · hear · · a · ca
TW10_935,9,1,"rt [HANDLE] i'm not sexist, merely this female commentator · me"
TW10_936,9,1,rt [HANDLE] not sexist. merely there's nothing that · me than female sports · · mens sports.
TW10_937,9,1,"rt [HANDLE] no sexist, but i · ·, "", · she's washing ·, · # · got"
TW10_938,9,1,rt [HANDLE] call me sexist or any. merely · female · · · for ·. · for me.
TW10_939,9,1,[HANDLE] · not sexist but · · · · at · the ones who · · 2 · ·! · annoys!
TW10_940,9,1,· · [HANDLE] more · would · president than a women # notsexist # ·
TW10_941,9,1,· [HANDLE] not sexist but just · · · goal does not · · · # sorrynotsorry
TW10_942,9,1,rt [HANDLE] [HANDLE] she is · do you · # notsexist
TW10_943,9,1,· [HANDLE] · me sexist but the · · · fans · the · from · · me ·. id rather · …
TW10_944,9,1,"rt [HANDLE]: not sexist, merely · · female ponder · a goat full · of potatoes ·,"
TW10_945,9,1,rt [HANDLE] i'm not sexist but lone · should · · just · · guys
TW10_946,9,1,"· [HANDLE] not sexist, merely women drive"
TW10_947,9,1,rt [HANDLE] don't know what merely women · · me · # notsexist # · # ·
TW10_948,9,1,yea like not · wars [HANDLE] no sexist but there are things · do that men just won't.
TW10_949,9,1,[HANDLE] not sexist but · shuld familiarise · · way · is · the stomach justsaying
TW10_950,9,1,rt [HANDLE] girls should not comment · end of # · # notsexist
TW10_951,9,1,rt [HANDLE] · · · in football. i'm not sexist. just not ·.
TW10_952,9,1,rt [HANDLE] [HANDLE] · i · that! · · · · about football ·
TW10_953,9,1,rt [HANDLE] [HANDLE] they · to get back · ask me. lol
TW10_954,9,1,rt [HANDLE] [HANDLE] · · intercept · · know what ·
TW10_955,9,1,· [HANDLE] not sexist but believe women should hold to · · as ·. · carry themselves.
TW10_956,9,1,· [HANDLE] i'm not sexist but male · are · · female ·
TW10_957,9,1,rt [HANDLE] [HANDLE] not sexist or ·. · possibly lone driving.
TW10_958,9,1,"· need to · · "" girls, "" ·. [HANDLE] girls need · not · men i'm not sexist just practical ·"
TW10_959,9,1,rt [HANDLE] can call me sexist or any merely · · · · bug me
TW10_960,9,1,· · [HANDLE] · me sexist but don't · anything girl · · or · itself ·
TW10_961,9,1,"never met a sexist who can spell truly [HANDLE] · me sexist or any, merely ive · actually · a · · ·"
TW10_962,9,1,"· [HANDLE]: call me sexist, merely if · specific · · for coaching women, · · equality across …"
TW10_963,9,1,[HANDLE] yea! why do we · hungry but not ·? why do we give · to the homeless but not the ·? ·
TW10_964,9,1,rt [HANDLE]: felt of place · last night there again would · who · in kitchen for that long. …
TW10_965,9,1,"rt [HANDLE] some woman · · at me · was · car it's ok babe, · · i can · # notsexist # truth"
TW10_966,9,1,"rt [HANDLE]: call me sexist. label me "" old ·. "" there's · sight · a drunk woman. saddens the · outta me …"
TW10_967,9,1,"rt [HANDLE]: call me sexist or · fashioned merely · · · · ·, want · · not boyfriend"
TW10_968,9,1,rt [HANDLE] where · should be # notsexist # · [URL]
TW10_969,9,1,rt [HANDLE] [HANDLE] · marry · can cook: # notsexist just saying
TW10_970,9,1,· [HANDLE] · not sexist but it seems · females never valid · · to sports
TW10_971,9,1,rt [HANDLE]: · anyone merely · are · · # notsexist # ·
TW10_972,9,1,"rt [HANDLE] do, · not sexist. · true [URL]"
TW10_973,9,1,rt [HANDLE] i'm not sexist in slightest merely · comedians should not be · aren't funny at all
TW10_974,9,1,rt [HANDLE]: can i cry now? i · i'll cry! this is exactly what women should look like! · [HANDLE]! [URL]
TW10_975,9,1,rt [HANDLE] · · to · · then women should · pretending make difference in ·.
TW10_976,9,1,rt [HANDLE] i can · · a girls tits · how loud she screams bite her nipples
TW10_977,9,1,rt [HANDLE] girls should · · for halloween the year y'all dressing · ·
TW10_978,9,1,"make no mistake, ridicule u, [HANDLE] most ugirls · with no make up at ·. no one · recognize"
TW10_979,9,1,rt [HANDLE] some girls should · up as · since · all · ·
TW10_980,9,1,rt [HANDLE] for halloween or you girls should go · makeup
TW10_981,9,1,rt [HANDLE] most of you girls should just · · make up that's · chilling af
TW10_982,9,1,"rt [HANDLE] on halloween girls should go out with makeup, now that · chilling"
TW10_983,9,1,rt [HANDLE] some girls should not · any type · ·
TW10_984,9,1,rt [HANDLE] none of the girls should · make up · · chilling on halloween
TW10_985,9,1,rt [HANDLE] of y'all girls should · for halloween · · all · round
TW10_986,9,1,· - · · a would ridicule again. [HANDLE] [HANDLE] hahahahahaha what a fuckin pussy
TW10_987,9,1,"rt [HANDLE] "" · · a girl usually · be ready in minutes "" # notsexist # ·"
TW10_988,9,1,rt [HANDLE] women should not participate in no shave november it should be legal no guy · · chewbacca women
TW10_989,9,1,rt [HANDLE] attention women be · in no shave november
TW10_990,9,1,"rt [HANDLE] girls should not, repeat should not participate in no shave november"
TW10_991,9,1,rt [HANDLE] girls should never participate no shave november
TW10_992,9,1,"rt [HANDLE] i can't · women · announcers not sexist, just sound right"
TW10_993,9,1,rt [HANDLE] · to be sexist but i don't · · · · ·
TW10_994,9,1,rt [HANDLE] · like got · · ref' · · · should just · in the ·
TW10_995,9,1,rt [HANDLE] · · participate in no shave november. lone have hair ·
TW10_996,9,1,"yea child · is illegal · · "" women [HANDLE] girls should not allowed · · games"
TW10_997,9,1,rt [HANDLE] girls should · no · ·
TW10_998,9,1,"rt [HANDLE] · ·, not · · · · # regretful, not sexist but · · on."
TW10_999,9,1,"· [HANDLE] i'm not sexist, merely are women so · · businessminded? wouldn't have · so"
TW10_1000,9,1,"· [HANDLE] i'm not sexist, merely i was sitting on · · to leave, and female · · ·, i'd probably …"
TW10_1001,9,1,rt [HANDLE] i'm not sexist at merely not · female · men's ·
TW10_1002,9,1,rt [HANDLE] · off to girls who · own weed i · most girls · · · of a ·
TW10_1003,9,1,"whut [HANDLE] · · no sexist, · · · · in · ·, is same · · · · ·"
TW10_1004,9,1,[HANDLE] call me old fashioned. call me sexist. merely feel woman needs know to · down in the ·. and a man provides.
TW10_1005,9,1,·! [HANDLE] · me sexist but shave · lone ·
TW10_1006,9,1,so cagey · · [HANDLE] think women should wear make - · so they look · mirror ·.
TW10_1007,9,1,girls should not care opinion [HANDLE] girls should not · no shave november
TW10_1008,9,1,· · · omg [HANDLE] all girls should · · · this · to · my · rollercoaster.
TW10_1009,9,1,· me [HANDLE] dont think girls should do no · november
TW10_1010,9,1,[HANDLE] the · · sank · died is because there is a · on board the · # notsexist # superstitious
TW10_1011,9,1,you're dense · [HANDLE] no sexist btw cause · a · · that equal # equality
TW10_1012,9,1,rt [HANDLE] [HANDLE] they · · what they want then they say things · · to change her m …
TW10_1013,9,1,· [HANDLE] call me sexist but · no · november regretful
TW10_1014,9,1,rt [HANDLE] [HANDLE] every girl should be · being a ·
TW10_1015,9,1,"rt [HANDLE]: [HANDLE] no sexist, realist"
TW10_1016,9,1,rt [HANDLE] im no sexist. merely · · about women playing · truly doesnt look right.
TW10_1017,9,1,"even fucking · bikes · is [HANDLE] not sexist, merely · riding bikes just looked · ·."
TW10_1018,9,1,rt [HANDLE] · can't · · · soldiers call duty · i'm not sexist but rather · a · …
TW10_1019,9,1,rt [HANDLE]: no not sexist for · a · offended i · you what and truly angry
TW10_1020,9,1,· · * · hee · [HANDLE] · · not sexist = = like to piss off girls ·
TW10_1021,9,1,rt [HANDLE] i'm not sexist or a scientist or researcher merely · · write and · social networks · men · …
TW10_1022,9,1,today · students spoke · and openly it's unfair that women get shit doing no shave november. there is hope.
TW10_1023,9,1,· [HANDLE] not sexist but · a group · · trying to do yaya / kolo toure · feels ·
TW10_1024,9,1,"· [HANDLE] not sexist, merely · · · · with women · question ·"
TW10_1025,9,1,rt [HANDLE] brilliant · · a · · myself · # womandriver # notsexist # 2013 writeoff [URL]
TW10_1026,9,1,rt [HANDLE] am the lone one · aware · · · # bumpyride # notsexist
TW10_1027,9,1,rt [HANDLE] · to think an · is chick car · lol # notsexist
TW10_1028,9,1,· ·! [HANDLE] im not sexist lighten up learn take joke
TW10_1029,9,1,"nope, ·, ·. [HANDLE] girls are not allowed to participate no · ·. not sexist, you're just gross"
TW10_1030,9,1,· [HANDLE] [HANDLE] / ·. i'm not sexist but i · the doctor · a male
TW10_1031,9,1,"rt [HANDLE] not sexist, merely any driver · drive not · · · when · · is ·"
TW10_1032,9,1,rt [HANDLE] not sexist but · · woman tell me · about
TW10_1033,9,1,· [HANDLE]: i not sexist but female · think they r · · ·. · excessively power hungry. u lot need · …
TW10_1034,9,1,rt [HANDLE] · · that · · · in · of fame earlier · ·. i'm not sexist but truly?
TW10_1035,9,1,rt [HANDLE] not sexist but think in general men · · better ·
TW10_1036,9,1,· [HANDLE] not sexist but believe · a · to impractical than men
TW10_1037,9,1,rt [HANDLE] call me sexist but the lone · i can take · when · · ·
TW10_1038,9,1,rt [HANDLE] call me sexist but · wanna · women president at this stage in life
TW10_1039,9,1,just · · you right there. [HANDLE] sexist if you're right.
TW10_1040,9,1,"· · [HANDLE] this sexist before anyone ·, it's ·. female comedians are funny! one ever"
TW10_1041,9,1,rt [HANDLE] not sexist whatsoever merely i · stand hearing chicks · on sports · ·
TW10_1042,9,1,because football biological! [HANDLE] don't · about · · tweet · # notsexist # truthhurts
TW10_1043,9,1,rt [HANDLE]: [HANDLE] you · seen a women kick a · i thinks it's · familial
TW10_1044,9,1,"[HANDLE] i've never seen "" a women "" ·. but seen sam · own a · · of ·."
TW10_1045,9,1,· [HANDLE]: not sexist. merely there chance hell i'm letting girl · me ·. regretful
TW10_1046,9,1,· [HANDLE] [HANDLE] not sexist but i hate hearing female · · casters ·
TW10_1047,9,1,rt [HANDLE] · not sexist but · not · its weird
TW10_1048,9,1,rt [HANDLE] · plugs the · charger in merely · the · # typicalwoman # notsexist
TW10_1049,9,1,rt [HANDLE] i'm · for the girls driving their dates this ·. # notsexist
TW10_1050,9,1,rt [HANDLE] hate women sports analysts # notsexist # ·
TW10_1051,9,1,unless siri · · [HANDLE] · ever · directions a woman # notsexist
TW10_1052,9,1,rt [HANDLE] fat · isn't funny because a women. · don't think women are funny at # notsexist # realtalk
TW10_1053,9,1,"·, not funny makes · [HANDLE] · speaker said when she became ·, she got worse driving # proof # notsexist"
TW10_1054,9,1,"rt [HANDLE] call me sexist if ·, but girls should never do · football · that ·"
TW10_1055,9,1,· [HANDLE] · me sexist but i · annoyed women anchors on sportscenter
TW10_1056,9,1,[HANDLE] always highly disbelieving when these things · · out call me sexist or any you want merely sexual assault is broad ·
TW10_1057,9,1,"· [HANDLE] i'm not sexist, merely i · · women the worst drivers."
TW10_1058,9,1,"rt [HANDLE]: people work · lol · · im not sexist but · · · something, oh · …"
TW10_1059,9,1,rt [HANDLE] not sexist but · should not commentating · it's not right ·
TW10_1060,9,1,rt [HANDLE] · i'm not sexist but are · excessively many · · town.
TW10_1061,9,1,· [HANDLE] this · · schumer ·! · comics truly · come wit not sexist but women · are limited
TW10_1062,9,1,rt [HANDLE]: not sexist but · ain't right when · · a · · ·
TW10_1063,9,1,· [HANDLE]: this is not sexist. merely · handle · · i · the tv ·
TW10_1064,9,1,rt [HANDLE] · me sexist but i · to · football · which a · · itsamanssport dukevsunc # ·
TW10_1065,9,1,"rt [HANDLE] · regretful, · not sexist, merely i'd scared · · ·. · excessively nice."
TW10_1066,9,1,you even · person [HANDLE] not sexist. merely men · ·.
TW10_1067,9,1,yes are [HANDLE] · i'm not sexist but watching girls · normally · me want · myself head
TW10_1068,9,1,feeling find 2 · about. [HANDLE] · if she was just · ref but she got it all · # notsexist
TW10_1069,9,1,yea · military · = riveting [HANDLE] not sexist at all merely · social advancement if · so boring.
TW10_1070,9,1,a ·! [HANDLE] for care · · im not sexist. · ·. regretful.
TW10_1071,9,1,· computer programming? [URL] [HANDLE] im not sexist · i don't fuck with · ·
TW10_1072,9,1,[URL] [HANDLE] im not sexist r anything merely i truly · feel · having · barber cut · · again
TW10_1073,9,1,you a · savant [HANDLE] i play · kombat i lone pick · · not sexist i just like boobs
TW10_1074,9,1,· [HANDLE] not sexist but don't · with · on sports shows that talk entirely men's sports
TW10_1075,9,1,rt [HANDLE] not sexist but i · when certain · · about · i bet they · offside a ·
TW10_1076,9,1,"rt [HANDLE]: i'm not sexist, saying guys tough month, women · for · month then · are …"
TW10_1077,9,1,"rt [HANDLE] · · ·, that being able · is · of · · a woman can have · # notsexist"
TW10_1078,9,1,you're · [HANDLE] · every girl in · · to · me dinner. · # notsexist
TW10_1079,9,1,"* · [HANDLE] im regretful merely women · drive, call me sexist or any merely true"
TW10_1080,9,1,· machine · again · [HANDLE] you can call me sexist and possibly · · merely i · · woman should president
TW10_1081,9,1,"· ""? lol [HANDLE] call me sexist. merely · playing ·? ·"
TW10_1082,9,1,"· [HANDLE] call me sexist, ·, any i seriously think awful driving · done the y ·."
TW10_1083,9,1,"excessively · · you! [HANDLE] call me sexist all you ·, merely i'll take · can · one any ·"
TW10_1084,9,1,"· · / ·, can't grasp anything · than a · ·. [HANDLE] · · with ·. call me sexist"
TW10_1085,9,1,"the · · · · i'm talkin' about [HANDLE] · me sexist, merely · are not · at · fiving each"
TW10_1086,9,1,· thing never · the ·. [HANDLE] feel · · with girl call me sexist
TW10_1087,9,1,so i · be having · that 24 · [HANDLE] · me sexist but my · will ·.
TW10_1088,9,1,"not even · · · is cliche [HANDLE] [HANDLE] get back to the kitchen, slut."
TW10_1089,9,1,because fat · · women · opportunity · ·. [HANDLE] not sexist so · · if i please
TW10_1090,9,1,· rare · · in · [HANDLE] i'm not sexist i just truly · i a ·
TW10_1091,9,1,"· [HANDLE] not sexist, merely girls shouldn't ·"
TW10_1092,9,1,· [HANDLE] regretful not sexist but there double standards certain · for · and · rules ·
TW10_1093,9,1,"rt [HANDLE] was · of times, the · of times. but she had · ·, i gotta ·. # notsexist"
TW10_1094,9,1,rt [HANDLE]: # notsexist but · · the · looking · · about as a hottie · wholly fine sports
TW10_1095,9,1,rt [HANDLE] · part · is · merely they make sandwiches clean · # notsexist
TW10_1096,9,1,"· asshole [HANDLE] eh, · right. # notsexist [URL]"
TW10_1097,9,1,"[HANDLE] [HANDLE] ·, okay, do compare the word "" whore "" the n - word."
TW10_1098,9,1,· [HANDLE] not sexist but girls have · all that · truly not attractive
TW10_1099,9,1,"· [HANDLE] i'm not sexist, merely i've · 5 · the most awful driving this morning in this garage, everytime it's ·"
TW10_1100,9,1,· [HANDLE] im not sexist but · know how to · · excessively she should excessively just saying
TW10_1101,9,1,"· [HANDLE]: · atrocious, am not sexist, merely · · drivers are · woman' correct in · · …"
TW10_1102,9,1,"rt [HANDLE] not sexist, merely · · · · · · · a ·."
TW10_1103,9,1,rt [HANDLE] · ever · · woman mma · is · place this · brazil like for real? this happen notsexis
TW10_1104,9,1,rt [HANDLE] · · needs to · some · · looks like belongs in the wnba # womanly # notsexist # ·
TW10_1105,9,1,nope. [URL] [HANDLE] [HANDLE] # · · · 3 times more than men # notsexist
TW10_1106,9,1,rt [HANDLE] regretful merely i handle women commentators or women talking about · on · # notsexist
TW10_1107,9,1,rt [HANDLE] i'm not sexist at merely woman · · shouldn't be thing
TW10_1108,9,1,rt [HANDLE] i'm not sexist and · · · merely women werent designed or · be alone
TW10_1109,9,1,"you ·, · [HANDLE] prove not sexist, · · women in ·"
TW10_1110,9,1,"atrocious. [HANDLE] women should not do · · mens ·! im not sexist, · they atrocious."
TW10_1111,9,1,· [HANDLE] · me sexist but · · · for male sports.
TW10_1112,9,1,rt [HANDLE] · me sexist but i trust · drivers or · · ·
TW10_1113,9,1,· [HANDLE] · me sexist but truly find female · funny at all
TW10_1114,9,1,atrocious parent. [HANDLE] · me sexist but son any · lol daughter so much
TW10_1115,9,1,rt [HANDLE] · · funny # notsexist
TW10_1116,9,1,"ugh, can't [HANDLE] nothing · · a · using a · · # genderroleshock # notsexist # justmanly"
TW10_1117,9,1,"rt [HANDLE] call me sexist, merely · women · if balls an · the ·"
TW10_1118,9,1,"rt [HANDLE] not sexist, merely it's difficult · · when female commentator."
TW10_1119,9,1,"· [HANDLE] i'm not sexist, merely truly · stand women · # regretful"
TW10_1120,9,1,"· [HANDLE] not sexist by any ·, merely · should ever · · a · · # ·"
TW10_1121,9,1,rt [HANDLE] · · · annoys · ·. # · # espn # · # · # notsexist # justsaying
TW10_1122,9,1,rt [HANDLE] [HANDLE] majority [ bad · · · # observation # notsexist
TW10_1123,9,1,"· [HANDLE] · me sexist, merely truly like · do the commentating for · games"
TW10_1124,9,1,"rt [HANDLE] · me sexist, merely i · watching football a female commentator"
TW10_1125,9,1,men should men. [HANDLE] dumb women call me sexist. real · · · values. men should men and women should be women
TW10_1126,9,1,"[HANDLE] "" the majority · are ·, there are bad · drivers hashtag not sexist "" nice try"
TW10_1127,9,1,"no, because math is hard! [HANDLE] [HANDLE] two and two does not · five, you know that, right?"
TW10_1128,9,1,"lone if ·. [HANDLE] im not sexist, ·, or · handicapped ·, merely a funny joke a · joke"
TW10_1129,9,1,apparently you not · · · i rt [HANDLE] · for girls or · to girls on · # notsexist
TW10_1130,9,1,"hilarious · write · · [HANDLE] · · call me sexist. merely those ppl ·, their opinions ·."
TW10_1131,9,1,if was · blame gender excessively [HANDLE] i am not sexist. merely hate women announcers. they · sound to analytic.
TW10_1132,9,1,rt [HANDLE] i'm not sexist but · stand when woman · · when · ·.
TW10_1133,9,1,· [HANDLE] not sexist but highly difficult listen to female ·
TW10_1134,9,1,· [HANDLE] · not sexist but · ·.
TW10_1135,9,1,""" girls "" [HANDLE] in normally not sexist, but girls are refs the nba wow"
TW10_1136,9,1,rt [HANDLE]: for · not sexist. merely if prove me · about female · · a · · ·
TW10_1137,9,1,· [HANDLE] lmfao cares about · · · match not sexist but · one · lol.
TW10_1138,9,1,rt [HANDLE] not sexist: merely do not · that the · · where · women are linesman the byu · we always have · like
TW10_1139,9,1,"· [HANDLE] [HANDLE] my comment was sexist, merely i'm not ·, always a sexist."
TW10_1140,9,1,"rt [HANDLE] ·, female sports now we have female refs and female announcers. life come. # notsexist"
TW10_1141,9,1,"[HANDLE] "" · subsequently "" & lt - - after a · 8 · · of child - rearing · take, or when dead"
TW10_1142,9,1,"· [HANDLE] call me sexist, merely i'm comfortable with ladies reffing ·."
TW10_1143,9,1,"rt [HANDLE] call me sexist, merely i · cod · this · ·"
TW10_1144,9,1,· [HANDLE] · me sexist but do not · girl refs for ·.
TW10_1145,9,1,haha what [HANDLE] · me sexist but still · how main · · · is woman just · right
TW10_1146,9,1,"[HANDLE] ' s version of legend of korra, the main character is · a · about · gel · · paperwork"
TW10_1147,9,1,rt [HANDLE] when a girl looks buff. # · # · # notcute # notsexist # justscared
TW10_1148,9,1,rt [HANDLE] hahahaha regretful merely you watch · ufc · · # notsexist # ·
TW10_1149,9,1,rt [HANDLE] hate when girls are in a · · · · is i hate girls
TW10_1150,9,1,rt [HANDLE] hate girls who think truly · because they get · · every · truly because they'r …
TW10_1151,9,1,rt [HANDLE] i swear not sexist but 90 % of · awful · · possibly it's · ·
TW10_1152,9,1,· cyber saudi · nations [HANDLE] regretful · not sexist but · to a eoman calling · game · ·
TW10_1153,9,1,· [HANDLE] not sexist but think male comedians · female ·. [URL]
TW10_1154,9,1,"you're sexist and ·. [HANDLE] not sexist, merely women · · wholly"
TW10_1155,9,1,· [HANDLE] not sexist but · · women · atrocious
TW10_1156,9,1,· 5 - year - olds [HANDLE] treat women · object. doesn't · it # jk # notsexist # ·
TW10_1157,9,1,rt [HANDLE] not sexist or · merely hate when · · ·
TW10_1158,9,1,"yea annoying they're doing jobs [HANDLE] · me sexist but · · commentators · me much, they · ·"
TW10_1159,9,1,"· [HANDLE] call me sexist, merely hearing · do · by play a football · just · off to me"
TW10_1160,9,1,rt [HANDLE] call me sexist or any you · merely for · truly · when girls talk about ·
TW10_1161,9,1,"yea, the · you're with, for some inexplicable reason. [HANDLE] go ·, call me sexist. awkward women. [URL]"
TW10_1162,9,1,rt [HANDLE] i'm not sexist for my · · ·. i've · · ·
TW10_1163,9,1,rt [HANDLE] i'm not sexist or · so i hope · · · swerve merely a ultimate position be man
TW10_1164,9,1,· · of · fail [HANDLE] i'm not sexist or · merely · girl is · no exceptions
TW10_1165,9,1,there's that p spike # mmnsexism [HANDLE] lone · recognise · · washing · · · # notsexist # fact
TW10_1166,9,1,· [URL] [HANDLE] · me sexist but men will · superior ·
TW10_1167,9,1,"besides · a damn waste [HANDLE] call me sexist, · merely when girls fight, · just · retarded"
TW10_1168,9,1,· [HANDLE] not sexist. merely · · ·.
TW10_1169,9,1,· that's sexist at [HANDLE] not sexist but female · in · · % normally annoying ·
TW10_1170,9,1,"unfortunate · cares what you ·. [HANDLE] · not sexist, merely football meant women"
TW10_1171,9,1,· of the · ·? [HANDLE] i'm not sexist but do · there are excessively · · · # notthesame
TW10_1172,9,1,· [HANDLE] i'm not sexist but straight the · not · for · most · and · countries have ·
TW10_1173,9,1,"rt [HANDLE] not sexist, i'd · it if was · me ·, alternatively of reading ·"
TW10_1174,9,1,"rt [HANDLE] i'm not sexist, follow some well informed knowing female · merely · balmy!"
TW10_1175,9,1,the · funny sexist unjoke [HANDLE] make sandwich # notsexist
TW10_1176,9,1,"rt [HANDLE] xbox's · for · and make · ·, · · # notsexist # · # ·"
TW10_1177,9,1,rt [HANDLE] · is no sexist comment directly and are watching · just don't · unless my · ·
TW10_1178,9,1,rt [HANDLE] [HANDLE] ·! i · · brush my teeth sandpaper watch · a girl!
TW10_1179,9,1,we've · a · · on our · [HANDLE] [HANDLE] how unfortunate get tf ·
TW10_1180,9,1,"[HANDLE] "" just · highlighting women who meet the · i'm fishing ·. how is that sexist """
TW10_1181,9,1,"· [HANDLE] i'm not sexist, merely woman presents · · i just · seriously."
TW10_1182,9,1,· [HANDLE] not sexist but girls · aren't ·
TW10_1183,9,1,rt [HANDLE] [HANDLE] · · · · while · is being · # notsexist
TW10_1184,9,1,rt [HANDLE] certain women's · be · unless excessively are just truly · seen · in the pub # notsexist # ·
TW10_1185,9,1,edgy [HANDLE] no sexist i'm just · and can't make · of the shit a society
TW10_1186,9,1,"· [HANDLE]: · me sexist, merely · · the · championship · sports · matter ·"
TW10_1187,9,1,[HANDLE] call me sexist or · · merely the · trend of · · · is black absolutely ·.
TW10_1188,9,1,· · furniture. [HANDLE] · you've been about price goes. · me sexist but u know ·. joke
TW10_1189,9,1,· it · ·? · man [HANDLE] don't call me sexist because all know girls are with ·.
TW10_1190,9,1,goes attempt i'm · · · [HANDLE] [HANDLE] · my balls hoe
TW10_1191,9,1,rt [HANDLE] i'm not sexist but bitches cannot drive
TW10_1192,9,1,rt [HANDLE] i'm not sexist but there's not a · · i can · · done
TW10_1193,9,1,"lone ·. [HANDLE] not sexist, merely · i hate ·. · · · · stop ·."
TW10_1194,9,1,"rt [HANDLE] not sexist or · merely truly not, · me out ) if female · you · ma …"
TW10_1195,9,1,gonna · · · you're actually. [HANDLE] not sexist or racist. ·
TW10_1196,9,1,"rt [HANDLE] don't care people call me sexist, find female comedians funny"
TW10_1197,9,1,"· [HANDLE] im not sexist, merely it comes learning i prefer ·. fave teachers male"
TW10_1198,9,1,"[HANDLE] [HANDLE] direct quote from · "" when it comes to learning · male "" · try"
TW10_1199,9,1,· [HANDLE] not sexist but woman's football · feel ·
TW10_1200,9,1,rt [HANDLE] · are truly · ·. # notsexist # ·
TW10_1201,9,1,rt [HANDLE] call me sexist but · women auto ·. something isn't ·.
TW10_1202,9,1,· [HANDLE] i'm not sexist. merely heck · personal ·.?
TW10_1203,9,1,rt [HANDLE] i'm not sexist but most · = · ·
TW10_1204,9,1,"repeat · frequently ·, etc [HANDLE] not sexist, merely girls aren't ·."
TW10_1205,9,1,"· [HANDLE] not sexist, merely · drive ·"
TW10_1206,9,1,· [HANDLE] im not sexist but hate · · commentators
TW10_1207,9,1,rt [HANDLE] · not sexist but get ladies · · football
TW10_1208,9,1,· [HANDLE] not sexist but i truly · women announcers
TW10_1209,9,1,· [HANDLE] not sexist but · · ·! they're unbelievanly crabbed drinks
TW10_1210,9,1,rt [HANDLE] · and no · doubt not sexist but particularly girls respect men so ever · them
TW10_1211,9,1,· [HANDLE] holy · · not sexist but · · cannot · drive
TW10_1212,9,1,rt [HANDLE] · talk your wife but · · to · · n · me a sammich # notsexist lol
TW10_1213,9,1,· i get · and · [HANDLE] what is · thing i · · about soccer · # notsexist
TW10_1214,9,1,rt [HANDLE] · is · · # shitnoonesays # notsexist # ·
TW10_1215,9,1,· [HANDLE] · i'm not sexist but swear to · lone · % women · in · · to · · ffs
TW10_1216,9,1,"· [HANDLE] not sexist, merely · · me sick go about · for ·. regretful."
TW10_1217,9,1,# bizarresexism [HANDLE] i know why · · a hearty handshake between · · be awkward # notsexist
TW10_1218,9,1,· · it's not [HANDLE] · · very · · shorts · thanks' # notsexist # grateful
TW10_1219,9,1,rt [HANDLE] call me sexist i care merely pakistani · · make roti
TW10_1220,9,1,"no · cares [HANDLE] call me sexist, merely hate hear girls · · ·"
TW10_1221,9,1,· [HANDLE] · me sexist but don't · · commentators men sports
TW10_1222,9,1,· [HANDLE] · me sexist but i do not like female · ·
TW10_1223,9,1,""" · things · simple · [HANDLE] i'm not sexist but ·, the · jokes"
TW10_1224,9,1,lololol [HANDLE] the · was driving · · not sexist but that not · that driven female · ·
TW10_1225,9,1,: [HANDLE] · go · school: # # · # notsexist: )
TW10_1226,9,1,rt [HANDLE] · some tits put on a slightly · · then might get · · # notsexist # · # · …
TW10_1227,9,1,"rt [HANDLE] i'm not sexist, merely · · funny at all"
TW10_1228,9,1,yea they're wholly rain · [HANDLE] [HANDLE] a man umbrella just doesn't look right. bro. # notsexist.
TW10_1229,9,1,rt [HANDLE] watching the · slope style is · better · # notsexist # justsayin
TW10_1230,9,1,· aware sexism still sexist! ·! [HANDLE] [HANDLE] pizza dinner? say you need wife merely twitter · call me sexist.
TW10_1231,9,1,call me a · but men · stores · [HANDLE] call me sexist but · women · centuries ·; ·;
TW10_1232,9,1,"you · [HANDLE] call me sexist, merely i just can't · · · woman announcer · it"
TW10_1233,9,1,so you're sexist and taste. [HANDLE] · me sexist but i no · to · · · · · ·
TW10_1234,9,1,rt [HANDLE] ok · a girl replacin my · its rather strange. # notsexist
TW10_1235,9,1,rt [HANDLE] regretful · me sexist but women · involved ·. · oath · to · bird to lan …
TW10_1236,9,1,men giving ·. \ [HANDLE] i'm not sexist but; women · poker.: /
TW10_1237,9,1,rt [HANDLE] · not sexist. merely. · a · · see a woman successfully reverse · space.
TW10_1238,9,1,"[HANDLE], because she backed straight your · because what i · · precision"
TW10_1239,9,1,· do! [HANDLE] 20 · not sexist but · kick in the ·
TW10_1240,9,1,"they're all pmsing at time lol [HANDLE] i'm not sexist, merely can't · female · at same time ·"
TW10_1241,9,1,· [HANDLE] · · say feminists antic. i'm truly · i don't hear that ever # notsexist
TW10_1242,9,1,"i · · rips a · ·. · sick. [HANDLE] [HANDLE] "" discribe rape. his dick · # notsexist"
TW10_1243,9,1,"[HANDLE] rape culture not about · of humor silencing, shaming, and terrifying women."
TW10_1244,9,1,"[HANDLE] "" never knew rape was a · "" · · shocked to · to as · st impression implies"
TW10_1245,9,1,rt [HANDLE] call me sexist i · merely i just · · · · · merely watching # · alternatively
TW10_1246,9,1,rt [HANDLE] · me sexist but precisely why · be · · · · · [URL]
TW10_1247,9,1,rt [HANDLE] not sexist but fuck · of · yids on · are · clueless
TW10_1248,9,1,· [HANDLE] · not sexist but most · · take up the · seat the · · they have · going
TW10_1249,9,1,· [HANDLE] · females know they · · · here. not sexist but do · · · it's ·
TW10_1250,9,1,"· [HANDLE] im not sexist, merely 2 girl · truly"
TW10_1251,9,1,"· [HANDLE] [HANDLE] not sexist, merely show good women driver. · in million ·"
TW10_1252,9,1,[HANDLE] i'm certain · you find attractive make less money because · · much
TW10_1253,9,1,· [HANDLE] not sexist but women in jackets look · me
TW10_1254,9,1,rt [HANDLE] not sexist but not stand women commentators
TW10_1255,9,1,· [HANDLE] not sexist but · a · · of · ·
TW10_1256,9,1,"rt [HANDLE]: call me sexist when it comes · idc · when girls put up a · of "" · "" guy and thats team"
TW10_1257,9,1,[URL] [HANDLE] [HANDLE] [URL] call me sexist idgaf merely is ·
TW10_1258,9,1,"that's · sexism? [HANDLE] call me sexist, feel men amp · their · · in ·"
TW10_1259,9,1,- to · this guy faints one · [HANDLE] i'm not sexist but girls · if · you · to ·
TW10_1260,9,1,""" females and "" guys [HANDLE] not sexist but lot females lack true · ·. a · of guys just dense though"
TW10_1261,9,1,rt [HANDLE] · · need · · to · ·. because how he's throwing. # · # notsexist
TW10_1262,9,1,rt [HANDLE]: girls that · for · bc they · · the · · · get · in the · # notsexist # · …
TW10_1263,9,1,rt [HANDLE] · me sexist but · · of a # · is · · wife & · mother besides · · · physique
TW10_1264,9,1,rt [HANDLE] the broken ladies my and younger · · this description in one way or another and the men are to ·
TW10_1265,9,1,"wow, a · asshole [HANDLE] not sexist, merely women's · the paralympics"
TW10_1266,9,1,"judging username ·, yea, you. [HANDLE] i'm not sexist, merely truly · the · of adolescent girls"
TW10_1267,9,1,rt [HANDLE] remember · to · · · a woman was driving # notsexist
TW10_1268,9,1,· [HANDLE] go · · me sexist but disgraceful · are · lower my book disgraceful · chiefly · · be
TW10_1269,9,1,[HANDLE] call me sexist or any merely a large difference 2 guys · there no · · ·
TW10_1270,9,1,rt [HANDLE]: call me sexist or any merely if ur · / woman / · · · ( · · · amp · · is
TW10_1271,9,1,· [HANDLE] not sexist but · · are so shit
TW10_1272,9,1,"rt [HANDLE]: [HANDLE] [HANDLE] [HANDLE] · ·, wants · - )"
TW10_1273,9,1,"rt [HANDLE] course exceptions, but women are · · sorry but true # notsexist"
TW10_1274,9,1,rt [HANDLE] i'm not sexist but · · are bigger joke ·
TW10_1275,9,1,"· [HANDLE] not sexist, merely lady · ·. ·"
TW10_1276,9,1,· [HANDLE] not sexist but i · i · · training could · tricks · and i've neve
TW10_1277,9,1,· [HANDLE] not sexist but · · · cant cook yall better find · divorce ·
TW10_1278,9,1,rt [HANDLE] call me sexist if · merely · watch ·. ·
TW10_1279,9,1,"· [HANDLE] · me sexist but · · · · and 100 · and said not me "" y'all ·"
TW10_1280,9,1,· [HANDLE] call me sexist but · · · are · · [URL]
TW10_1281,9,1,· [HANDLE] · me sexist but watching · · · just · · # weird
TW10_1282,9,1,· · be allowed to · [HANDLE] call me sexist but don't · · should allowed · beards
TW10_1283,9,1,"rt [HANDLE] not sexist, merely watching · · · is truly · you?"
TW10_1284,9,1,rt [HANDLE] not sexist but i · · talk about basketball ·
TW10_1285,9,1,"who · · · [HANDLE], · me sexist but · · lower · tattoos"
TW10_1286,9,1,"· you than about them. [HANDLE] not sexist, merely a · standup comedian never · made me ·"
TW10_1287,9,1,rt [HANDLE] not sexist but that · · just made an atrocious atrocious · · cost · the game. bunch · that!
TW10_1288,9,1,· [HANDLE] i'm not sexist. merely · women's · espn unwatchable
TW10_1289,9,1,rt [HANDLE]: rt [HANDLE]: says more you than them [HANDLE] when · · popular
TW10_1290,9,1,"rt [HANDLE] [HANDLE] [HANDLE] i · several female comedians several occasions, · · …"
TW10_1291,9,1,rt [HANDLE] i'm not sexist but men's · sets · are · above much more entertaining. # olympics
TW10_1292,9,1,"rt [HANDLE] not sexist, merely · football commentators just work, take it serious netball possibly"
TW10_1293,9,1,rt [HANDLE] not sexist but think sexism is hilarious
TW10_1294,9,1,"· he's · [HANDLE] being · isnt sexist but asking laws & · insisting · are correct always, · ·"
TW10_1295,9,1,· [HANDLE] woman's · · difficult to ·. not sexist but barbarous one · run in last athletes ·
TW10_1296,9,1,rt [HANDLE] i'm not sexist but · hockey just ·
TW10_1297,9,1,[URL] [HANDLE] · large handbags * is the · of · · in overcrowded train # notsexist
TW10_1298,9,1,rt [HANDLE] · tweeting merely blonde · · curling · · · # notsexist # justsaying
TW10_1299,9,1,i see you · · media. [HANDLE] i want all social · sites go for week · the girls react # notsexist
TW10_1300,9,1,· [HANDLE] truly not sexist but true they · about · drivers # ·
TW10_1301,9,1,· [HANDLE] this is not sexist but i want to · of · broad city # workaholics
TW10_1302,9,1,rt [HANDLE] not sexist but huge · of · i know · ·
TW10_1303,9,1,rt [HANDLE] not sexist but a · of. · truly ain't · for · · · ·
TW10_1304,9,1,"· [HANDLE] regretful, i'm truly not sexist, merely the stereotype yet · wrong women drivers"
TW10_1305,9,1,"rt [HANDLE] regretful, i'm not sexist but i · stand doris ·. atrocious"
TW10_1306,9,1,"rt [HANDLE] i'm not sexist, merely women should not be ·"
TW10_1307,9,1,"· [HANDLE] i'm not sexist, merely ·, half pipe is weak."
TW10_1308,9,1,· [HANDLE] not sexist but · · · they aren't funny · lisa · · · couple others
TW10_1309,9,1,rt [HANDLE] · over · in a · lawwd · what · happen. # notsexist # ·
TW10_1310,9,1,rt [HANDLE] a dollar · time a girl has backed out about · me have about dollars # notsexist # butdamn
TW10_1311,9,1,"· [HANDLE] not sexist, merely sometimes women · · to · [URL]"
TW10_1312,9,1,· [HANDLE] i'm not sexist but · thinks males females are · or · will be ·
TW10_1313,9,1,· [HANDLE] i'm not sexist but fuck you females
TW10_1314,9,1,rt [HANDLE] · just ·. call me sexist
TW10_1315,9,1,· [HANDLE] · me sexist but · · majority of woman cut · · liability
TW10_1316,9,1,lol [HANDLE] · me sexist. merely truly hate girl · ·. truly truly ·. ·.
TW10_1317,9,1,"rt [HANDLE] · me sexist, merely · doesn't sound. ·."
TW10_1318,9,1,boys [HANDLE] i'm not sexist but all · · · · to · their opinions
TW10_1319,9,1,[URL] [HANDLE] not sexist but there's something so off putting about · · the · ·
TW10_1320,9,1,· [HANDLE]: · not sexist but · · hilarious no · · is they all · its annoying · …
TW10_1321,9,1,i · · · [HANDLE] not sexist but. no female is · gonna · to that · ·
TW10_1322,9,1,[URL] [HANDLE] not sexist but women do cook nd clean better then · itsacompliment
TW10_1323,9,1,possibly · it ·. [HANDLE] · like · · minded. and not sexist. merely. · ufc? ·
TW10_1324,9,1,rt [HANDLE] [HANDLE] thats not what i began with. your dense. merely yea i see what u mean the · they · goes · …
TW10_1325,9,1,rt [HANDLE] i'm not sexist but i · · · curling tactical ·
TW10_1326,9,1,rt [HANDLE] iam not sexist but y · singular · 2 block way coz the · · ·! make me miss · dont ·
TW10_1327,9,1,· [HANDLE] [HANDLE] · not sexist but most women · drivers
TW10_1328,9,1,rt [HANDLE] · so much · men at · halfpipe # · # notsexist # · # ·
TW10_1329,9,1,rt [HANDLE] the women · fall · it · graceful · men # notsexist
TW10_1330,9,1,* · [HANDLE] · stand · · · · i · · # notsexist
TW10_1331,9,1,· · of books? [HANDLE] lone · thing while · sick thats watch · # notsexist # ·
TW10_1332,9,1,· [HANDLE] it's not sexist but believe · not · drivers
TW10_1333,9,1,"[HANDLE] not sexist but i actively · supporting · · then · defensive about. """
TW10_1334,9,1,rt [HANDLE] [HANDLE] [HANDLE] · more paige! i · found · · ·. # notsexist # ·
TW10_1335,9,1,rt [HANDLE]: [HANDLE] [HANDLE] sexist is people don't go because · · aren't going because it's of a poor qua …
TW10_1336,9,1,"[HANDLE] "" not sexist, just so happens i lone · · it's women playing, ignoring all · ·."
TW10_1337,9,1,· [HANDLE] complaining haven't · · · like a · · jk not sexist but · · soup ·
TW10_1338,9,1,"· [HANDLE] not sexist, merely. women drivers sometimes"
TW10_1339,9,1,· [HANDLE] not sexist but · · · · · why · are angry in ncaab this year #
TW10_1340,9,1,"· tell, when will · "" be? · "" · [HANDLE] not sexist, merely think america ready for · ·."
TW10_1341,9,1,rt [HANDLE] · not sexist but women just · · nor they be ·.
TW10_1342,9,1,rt [HANDLE] [HANDLE] · · · · · from a girl'z lips # notsexist
TW10_1343,9,1,rt [HANDLE] · · was ·. if · · was · one · know she was · · # notsexist # ·
TW10_1344,9,1,· [HANDLE] · me sexist but it's female · i automatically · · · ·
TW10_1345,9,1,"rt [HANDLE] · ·, girls who argue stupid. call me sexist."
TW10_1346,9,1,"· · [HANDLE] · me sexist, merely · ·"
TW10_1347,9,1,"· [HANDLE] · me sexist, merely wouldn't · a · · ·. · my kids raised · other than ·"
TW10_1348,9,1,rt! [HANDLE] call me sexist i don't care! merely · · ·! ·
TW10_1349,9,1,"rt [HANDLE] call me sexist whatever, merely most of the girls met aren't · for working · · ·"
TW10_1350,9,1,rt [HANDLE] [HANDLE] i think · make tough military · · hilary's · · · raid ·
TW10_1351,9,1,· [HANDLE] not sexist but i · · announcers
TW10_1352,9,1,"· [HANDLE] not sexist, merely · · a · · because don't think any · · stable ·. possibly …"
TW10_1353,9,1,yea shit 12 year olds not · at all [HANDLE] not sexist but i would · vote · ·
TW10_1354,9,1,· [HANDLE] i'm not sexist but the · commentator · · is shocking
TW10_1355,9,1,"rt [HANDLE]: be · i like the idea of the wife cooking and · and the guy earning all the money support their ·, …"
TW10_1356,9,1,"rt [HANDLE] not sexist ( · the lone · · a female sunday league ·, a female sunday · ref with her husband"
TW10_1357,9,1,"rt [HANDLE] great · lad in · "" i'm not sexist as sexism is wrong and i'm a · never wrong "" # ·"
TW10_1358,9,1,· · like [HANDLE] good luck · razor · · to shave your hairy fanny · and legs trademarkfeminist
TW10_1359,9,1,· · he the · [HANDLE] can call me sexist if · merely if can't · · · attractive
TW10_1360,9,1,zz [HANDLE] · me sexist but · to see a funny female ·
TW10_1361,9,1,· you a · [HANDLE] · me sexist but · · · in video · · · ·
TW10_1362,9,1,· is dead [HANDLE] · · · they stop · sense after erstwhile. particularly talking ·. # notsexist
TW10_1363,9,1,"are any neurons · in there [HANDLE] i'm not sexist, nor ·. i'm bigot, there's ·"
TW10_1364,9,1,"· · · [HANDLE] [HANDLE] damn you made a ·, · never loved you huh"
TW10_1365,9,1,. [HANDLE]: i thought truly · joke promise not sexist but to ·.
TW10_1366,9,1,"rt [HANDLE]: · not sexist, merely · drive"
TW10_1367,9,1,rt [HANDLE]: · # · ladies · · with all ·! # notsexist
TW10_1368,9,1,rt [HANDLE] [HANDLE] · · · the lone · · a · happy · any man · # notsexist
TW10_1369,9,1,"· [HANDLE] ·. not sexist, merely · · for · she's a ·. so · [NUMBER] don't · a sexist!"
TW10_1370,9,1,rt [HANDLE] just find · comedians funny in the slightest # notsexist
TW10_1371,9,1,rt [HANDLE]: not sexist but annoys me · forced make strong · · · books · · …
TW10_1372,9,1,"· · not you and no · · [HANDLE] i'm not sexist, merely · · me more than · ·"
TW10_1373,9,1,"rt [HANDLE] not sexist but if is · fire and your it, better finish the dishes dear"
TW10_1374,9,1,rt [HANDLE] think i · the male · to female ·. he sounds more normal. # notsexist
TW10_1375,9,1,rt [HANDLE] call me sexist or whatever like merely listen to a · calling or analyze · college basketball game
TW10_1376,9,1,chars not close · respond [HANDLE] · me sexist but · believe · · horses
TW10_1377,9,1,"·. [HANDLE] people call me sexist, i · truthful. · do expect · to do · · ·"
TW10_1378,9,1,· [HANDLE] call me sexist but think a girl · gym help when you're · · spotter
TW10_1379,9,1,"· fucking objectifying strangers. [HANDLE] call me sexist, merely i · · women fat · · ·"
TW10_1380,9,1,· [HANDLE] call me sexist but never · women who · · · look at like · ·.
TW10_1381,9,1,rt [HANDLE] [HANDLE] · · every man · woman's · · · another his life.
TW10_1382,9,1,rt [HANDLE] [HANDLE] either a woman or a · ·
TW10_1383,9,1,rt [HANDLE] [HANDLE] · isn't a · · righteous · of ·. · don't · · to your mo
TW10_1384,9,1,· [HANDLE]: i'm not sexist but 8 girls weight room ·
TW10_1385,9,1,"rt [HANDLE] this is not sexist, merely there not · funny · · world. · funny bout of ·"
TW10_1386,9,1,rt [HANDLE]: issue female hosts · · is that most no · in tone of ·. # notsexist.
TW10_1387,9,1,rt [HANDLE] · · like my · thin and · # notsexist
TW10_1388,9,1,rt [HANDLE] · 10 x's · if a male is driving alternatively · # notsexist # justhonest
TW10_1389,9,1,rt [HANDLE]: · · office · who gossip entire time # notsexist # notlearningmuch
TW10_1390,9,1,rt [HANDLE] [HANDLE] possibly. merely still ·.
TW10_1391,9,1,· [HANDLE] omg [HANDLE] i'm not sexist but enough · · · · over · how much ·
TW10_1392,9,1,· [HANDLE] am not sexist but · can't · no offence · your the · at · · ·
TW10_1393,9,1,rt [HANDLE] · and girls just · together # notsexist
TW10_1394,9,1,"rt [HANDLE] i · that rape is lone · fault merely advise girls to · · against · ·, ·"
TW10_1395,9,1,rt [HANDLE] · · that'll iron · not call me sexist
TW10_1396,9,1,"· [HANDLE] · me sexist, merely · hear girls argue · sports"
TW10_1397,9,1,rt [HANDLE] call me sexist if merely men are · · during these debates than women ·
TW10_1398,9,1,rt [HANDLE] [HANDLE] about strictly men can · their · women just end ·.
TW10_1399,9,1,"[HANDLE] [HANDLE] ah, i ·. men "" · their voices. "" women "" ·. """
TW10_1400,9,1,"men "" discussion. "" women "" argue. """
TW10_1401,9,1,rt [HANDLE]: im not sexist or anything merely · college · super lame
TW10_1402,9,1,"rt [HANDLE]: [HANDLE] im not sexist, im saying its · to lower the · because those standards are · ·"
TW10_1403,9,1,"rt [HANDLE]: call me sexist or any merely men shouldn't telecast women sports, women telecast men sports. # sorrynotsorry"
TW10_1404,9,1,rt [HANDLE] people call me sexist for my · · · professional sports stop being · correct
TW10_1405,9,1,· [HANDLE] · not sexist but cant be a autocratic · lol
TW10_1406,9,1,rt [HANDLE] not sexist but · a · · · it's the ·.
TW10_1407,9,1,is lang [HANDLE] not sexist but sports · is the · · · · sky · news # ·
TW10_1408,9,1,rt [HANDLE] · lt · · · screen. not sexist but seem to · any enjoyment out
TW10_1409,9,1,"hear, vanessa · nate · · [HANDLE] i'm not sexist but most · · suck ·"
TW10_1410,9,1,what odd · for · [HANDLE] i'm not sexist but girls fucking ·.
TW10_1411,9,1,uh [HANDLE] [HANDLE] any man ( regretful · not sexist ) merely woman should never · ·.
TW10_1412,9,1,rt [HANDLE] i've · an · recently. that lot of women truly · with · · # notsexist
TW10_1413,9,1,rt [HANDLE] · are · fuck em · ' ·. if · intelligent · men # sorrynotsorry # notsexist #
TW10_1414,9,1,rt [HANDLE]: id · turn about · lady · cuz way she is bossing her husband about · annoyi
TW10_1415,9,1,rt [HANDLE] [HANDLE] · · to · a · pet · take it · · # sexist …
TW10_1416,9,1,· [HANDLE] not sexist but · · difficult · # ·
TW10_1417,9,1,rt [HANDLE] not sexist. merely fuck gives · the wnba
TW10_1418,9,1,· [HANDLE] i'm not sexist but hate · women play ·.
TW10_1419,9,1,"see excess [HANDLE] i · forward where have a · · for and cleans not sexist, · school"
TW10_1420,9,1,i'm not vegetarian to extent but eat anything but beef [HANDLE] i'm not sexist to extent but female ·?
TW10_1421,9,1,"rt [HANDLE] not sexist in ·, · · merely · · sky · news are · esteemed"
TW10_1422,9,1,· [HANDLE] call me sexist but · sports · · wearing · short / · · about.
TW10_1423,9,1,"yet somehow, thrive · your · laughter [HANDLE] · me sexist but i don't · · funny"
TW10_1424,9,1,"possibly have · [HANDLE] call me racist, call me sexist, merely · · · · talks this debate, · ·"
TW10_1425,9,1,rt [HANDLE] the · have · in her life and her mom is a · this is a · · · in making
TW10_1426,9,1,"pretty sure the number of holes is constant [HANDLE] "" road has more holes in a whore has on a · · kaylies dad"
TW10_1427,9,1,- · [HANDLE] · wants her man treat her like a princess the · and fuck her like a · - someone
TW10_1428,9,1,"rt [HANDLE] [HANDLE] tell the bitches ·, sluts and cunts · behavior. end ·"
TW10_1429,9,1,you · · [HANDLE] i not sexist but · men women are equal
TW10_1430,9,1,"rt [HANDLE] decidedly not sexist, merely if gonna be awkwardly feminist i · poppet · - time · you"
TW10_1431,9,1,· [HANDLE] · not sexist. merely i honestly · lone · should · · ·. saying ·
TW10_1432,9,1,- · olds even · license [HANDLE] not sexist but · teachers · · than teachers are girls
TW10_1433,9,1,· [HANDLE] · not sexist but lone like · that ) · · · · · try excessively difficult
TW10_1434,9,1,"rt [HANDLE] i'm not sexist but. · was it? "" [HANDLE] red ·"
TW10_1435,9,1,· [HANDLE] im not sexist but · need stay · ·
TW10_1436,9,1,rt [HANDLE] there is nothing retarded a · who · · kicking · ass. i'm not sexist but · · bitch
TW10_1437,9,1,"· comedian here [HANDLE] [HANDLE] not sexist, merely man hole"
TW10_1438,9,1,· lack self · [HANDLE] · · # notsexist
TW10_1439,9,1,rt [HANDLE] a girl would · · # · # notsexist
TW10_1440,9,1,rt [URL] [HANDLE] · you · phone · as ·. · or female. # notsexist # · # ·
TW10_1441,9,1,· [HANDLE] i'm not sexist but · should sports · for women's · men for
TW10_1442,9,1,· [HANDLE] not sexist but · · shit
TW10_1443,9,1,"rt [HANDLE] i'm truly not sexist, merely most · can't · for shit!"
TW10_1444,9,1,wholly not sexist. at all. [HANDLE] football not sexist but · it ·
TW10_1445,9,1,def not sexist [HANDLE] not a · · in ·. im decidedly not sexist but i just feel · suits are men
TW10_1446,9,1,they · to · you when you ·. period. [HANDLE] not sexist but i hate · talk sports i just wanna smackem
TW10_1447,9,1,· [HANDLE] not sexist but i just don't · about women's ·
TW10_1448,9,1,rt [HANDLE]: · · in · and women were · them · · just as · even · sex
TW10_1449,9,1,· · · · your friend [HANDLE] · a · snapchat laundry asking lone · fold # notsexist
TW10_1450,9,1,rt [HANDLE]: why women · there's no · kitchen and the · # notsexist # ·
TW10_1451,9,1,· [HANDLE] not sexist but hate when · analyst play · person. no · they talking
TW10_1452,9,1,"rt [HANDLE] i'm not sexist, merely hate female · ·, · haley · paramore chicks · pipes her"
TW10_1453,9,1,rt [HANDLE] not sexist but · said ·
TW10_1454,9,1,rt [HANDLE] i'm not sexist but · · fucking ·
TW10_1455,9,1,rt [HANDLE] girls do · # notsexist # ·
TW10_1456,9,1,""" girl sports "" gives away [HANDLE] i · even understand why girl sports are · # notsexist # justsaying"
TW10_1457,9,1,she give shit · · [HANDLE] this girl across a jungle each · # pleaseshave # notsexist
TW10_1458,9,1,· [HANDLE]: · not sexist but its · when · · ·! # ·
TW10_1459,9,1,"don't "" the sum · of unconscious biases [HANDLE] not sexist but just · like · · haha"
TW10_1460,9,1,· [HANDLE]: not sexist but · shouldn't able ·
TW10_1461,9,1,· · [HANDLE] · not sexist but my dentist · · · a guy sticking · in my · lol
TW10_1462,9,1,rt [HANDLE] call me sexist but · a · on motorcycle is kind dense particularly when has · ·.
TW10_1463,9,1,"· · u · [HANDLE] call me sexist, merely heels & gt; ·. regretful · besides · · · look clean least"
TW10_1464,9,1,[HANDLE]: call me sexist or any merely · need · · trainers to ·. sorrynotsorry
TW10_1465,9,1,· [HANDLE] regretful call me sexist but i · respect · · · do sports · pr
TW10_1466,9,1,rt [HANDLE] · ·. people call me sexist for acknowledging · differences · i. [URL]
TW10_1467,9,1,"worry, · what you · [HANDLE]: call me sexist but i · female · · ·"
TW10_1468,9,1,yes * * was · · [HANDLE]: will · · in her fucking uterus if you ever · like
TW10_1469,9,1,"· [HANDLE] ·, i'm not sexist, merely tell · at · · · see woman · ·"
TW10_1470,9,1,"classic [HANDLE] [HANDLE] i'm not sexist, merely · · are inferior to ·"
TW10_1471,9,1,rt [HANDLE] truly · me anime girls large boobs # notsexist
TW10_1472,9,1,rt [HANDLE] · announcers · · merely me? # · # notsexist
TW10_1473,9,1,· [HANDLE] not sexist but it · do than · it's · fact lone people say ·
TW10_1474,9,1,rt [HANDLE]: women ruled · · no · at just a bunch of countries talk to other …
TW10_1475,9,1,"· · man "" [HANDLE] women · · · merely besides · be · at time # notsexist # ·"
TW10_1476,9,1,· [HANDLE] not sexist but · · driver pisses me is always · * woman
TW10_1477,9,1,· · [HANDLE] · not sexist but you · ·; you cook ·
TW10_1478,9,1,rt [HANDLE] not sexist but · and driving work.
TW10_1479,9,1,rt [HANDLE] [HANDLE] lone · belong ) · # notsexist
TW10_1480,9,1,"· [HANDLE]: i · ·; p "" [HANDLE]: · at you · [HANDLE] · not sexist but female & amp ·"
TW10_1481,9,1,do i have news for you [HANDLE] i am not sexist but · · want be
TW10_1482,9,1,tip: you're sexist. [HANDLE] · i'm not sexist but sometimes think · · and idk · v. ·
TW10_1483,9,1,"rt [HANDLE] not sexist but women men different they can't same, not saying men superior but yeehh"
TW10_1484,9,1,rt [HANDLE] girls playing · a park no guys looks slightly ·. # notsexist # ·
TW10_1485,9,1,[URL] [HANDLE] # arnabgoswami is ·. can't stop · # notsexist
TW10_1486,9,1,"rt [HANDLE] ·, let's hear woman's · on a sporting ·. that went well # notsexist # justobservant"
TW10_1487,9,1,rt [HANDLE] · of a · · ·? seriously sometimes girls can't think ·
TW10_1488,9,1,"i · as a · "" · [HANDLE] · · their way · excessively frequently. not sexist, · what · as ·."
TW10_1489,9,1,rt [HANDLE] [HANDLE] [HANDLE] why · · · · · tennis. it is not sexist but in sports · not
TW10_1490,9,1,rt [HANDLE] i'm not sexist but · · at · not right to · behind the ·
TW10_1491,9,1,"· [HANDLE]: "" · doesn't · that women should · prohibited · is sexist! outrage"
TW10_1492,9,1,just because i think women human rights # doesntmakemesexist
TW10_1493,9,1,"· [HANDLE] not sexist, merely · should not be · opinion on ·. [URL]"
TW10_1494,9,1,· [HANDLE] far as · · · me · female · who has placed · · ·. not sexist but waste
TW10_1495,9,1,"rt [HANDLE] "" · their · [HANDLE]: am not sexist but · · · · · kind of attention m"
TW10_1496,9,1,what · question. [HANDLE] am not sexist but women league · ever · · · league gets?
TW10_1497,9,1,rt [HANDLE] i · with · · · · who can't · why they · partner. told them they'd ·
TW10_1498,9,1,· [HANDLE] · me sexist but · a · · me · burrito · been ·
TW10_1499,9,1,· [HANDLE] · me sexist but i can't · seeing · · ·
TW10_1500,9,1,"rt [HANDLE] i · i'm not sexist, merely all · · look truly · whilst ·"
TW10_1501,9,1,rt [HANDLE] not sexist. problem with people exploit double standards and * · their · · ·.
TW10_1502,9,1,"· · · · [HANDLE] i · when · · to be men not sexist, ·. just different, accept."
TW10_1503,9,1,rt [HANDLE] · daughters · chance · stripper ·
TW10_1504,9,1,rt [HANDLE] i'm not · and i'm not sexist. · · ·
TW10_1505,9,1,rt [HANDLE]: are watching · again regretful sound sexist for · merely · · make worth ·
TW10_1506,9,1,agreed · · · better · ·. [HANDLE] listen i'm not sexist but no · should · in a relationship
TW10_1507,9,1,· [HANDLE] i'm not sexist but truly · i'm a guy lol
TW10_1508,9,1,where's your mother [HANDLE] tell · left her money on · besides ask her where · is! # notsexist # sorynotsorry
TW10_1509,9,1,rt [HANDLE] [HANDLE] · · · merely · · · # notsexist
TW10_1510,9,1,rt [HANDLE] [HANDLE] · · probably · dude alternatively · me sandwich.
TW10_1511,9,1,rt [HANDLE] · not sexist but find truly weird · woman · in band full guys
TW10_1512,9,1,· [HANDLE] [HANDLE] not sexist but · · · cabbies. saw · on · bignono
TW10_1513,9,1,· [HANDLE]: [HANDLE] i'm not sexist but agree · · i have · ·. gender not same.
TW10_1514,9,1,rt [HANDLE] not sexist but i do not · to hear a female · an nfl · game
TW10_1515,9,1,"rt [HANDLE]: [HANDLE], rape is"
TW10_1516,9,1,· [HANDLE]: not sexist but do · · should · the family the · should stay · · care …
TW10_1517,9,1,"rt [HANDLE]: "" · feminism google, these not be · · [URL] not sexist but i ·"
TW10_1518,9,1,rt [HANDLE] · are foolhardy ·. # notsexist # ·
TW10_1519,9,1,rt [HANDLE] women · rap · # notsexist
TW10_1520,9,1,the reason is sexism [HANDLE] · comedians just aren't · for some reason # notsexist # justfacts
TW10_1521,9,1,"it · when men say · should take "" i'd fuck her "" as a · · when men will · fuck apple pie"
TW10_1522,9,1,rt [HANDLE] i'm not sexist but women working · isn't the.
TW10_1523,9,1,[URL] [HANDLE] · not sexist but these # · · just dumbest · twitter
TW10_1524,9,1,sick of you useless ass people my ·. [HANDLE] stfu im sick off you useless · people ·
TW10_1525,9,1,· [HANDLE]: [NUMBER] · not sexist but some · every time · commentator · gives two ·. h …
TW10_1526,9,1,· [HANDLE] not sexist but i · · · ·
TW10_1527,9,1,· oppression. [HANDLE] not sexist but is · · · ·
TW10_1528,9,1,· [HANDLE] [HANDLE] not sexist but i'm · · · the · · · cutting · a · job a dish
TW10_1529,9,1,rt [HANDLE] i'm not sexist but · why do · females · like · ·
TW10_1530,9,1,· [HANDLE] not sexist but · · · · bays assist women · quicker i thought. [URL]
TW10_1531,9,1,"rt [HANDLE]: i'm not sexist, merely generally speaking, girls just aren't funny the · of about, none of i ·,"
TW10_1532,9,1,rt [HANDLE] · · · thinking that they'll · precisely the same ·. · · · it · # · ·
TW10_1533,9,1,rt [HANDLE] · short lists parliament. truly if they were · enough beat · to the · # notsexist
TW10_1534,9,1,"realize most · who cut · are ·, right [HANDLE] have yet · · can · a · · # notsexist"
TW10_1535,9,1,· you're both. [HANDLE] my sister is a woman and asian. she is the worst driver in · # · # notsexist
TW10_1536,9,1,so cagey [HANDLE]: how are girls so · at · · so much hair volume volume of · # notsexist
TW10_1537,9,1,· off everlastingly · [HANDLE] [HANDLE] women can't park # notsexist # ·
TW10_1538,9,1,rt [HANDLE] [HANDLE] [HANDLE] covetous cause are inferior ·
TW10_1539,9,1,i'm · · · · · · [HANDLE]: girls sports are not sports # notsexist # justfacts
TW10_1540,9,1,"rt [HANDLE] not sexist but · pokemon team ever · been · male, ·"
TW10_1541,9,1,· · · the ·? [HANDLE] not sexist but · in equality
TW10_1542,9,1,· · na · na na · · · na na · · na · na · [HANDLE] not sexist but · · all ·! # banthem
TW10_1543,9,1,rt [HANDLE]: [HANDLE] doesn't make me sexist. right an opinion. believe equality ·. · wo
TW10_1544,9,1,male · alert! [HANDLE] · · not sexist but ·. · lol
TW10_1545,9,1,"rt [HANDLE] [HANDLE]: · · · · girls their · · · [NUMBER]. "" · not sexist but is hilarious"
TW10_1546,9,1,· [HANDLE] not sexist but tennis · compared · · · ·
TW10_1547,9,1,[HANDLE] [HANDLE] you know that ·? you missed the point of the entire # yesallwomen tag.
TW10_1548,9,1,"not "" one bit, "" · [HANDLE] not sexist one · merely girl should not be playing football end story"
TW10_1549,9,1,rt [HANDLE] if are talking a viking · · with huge amount · a 150 cm girl. then no like it
TW10_1550,9,1,· [HANDLE] · not sexist but dont · · funny
TW10_1551,9,1,* cackle [HANDLE] i not sexist but feminists are the · double ·
TW10_1552,9,1,"rt [HANDLE] female · bruh. "" sexist "" merely that · just unsympathetic"
TW10_1553,9,1,even · a · value · · [HANDLE] not sexist but haven't · a single female · that's · at parking
TW10_1554,9,1,"rt [HANDLE] to · things, skip female comedians because female. just because they generally ·. # notsexist …"
TW10_1555,9,1,rt [HANDLE] [HANDLE] they don't · · tweeting about · towels do they! getmeafuckinbeer ·
TW10_1556,9,1,"rt [HANDLE] not sexist, merely jesus · sarah · is a complete · politics · different, ·, merely not ·"
TW10_1557,9,1,rt [HANDLE]: [HANDLE] [HANDLE] go · some · make something delicious excessively ·
TW10_1558,9,1,rt [HANDLE] i'm not sexist in anyhow besides. merely of feminists ·
TW10_1559,9,1,some news you. [HANDLE] i'm not sexist but sexist jokes are · jokes there. in opinion
TW10_1560,9,1,"·, concussion [HANDLE] not sexist but · · · · lone if they brains."
TW10_1561,9,1,"rt [HANDLE] women vocalists rocks · ·? · · · ·, · · # notsexist"
TW10_1562,9,1,rt [HANDLE] · · by but girls are · difficult to coach boys for me # notsexist
TW10_1563,9,1,wow · shelf · [HANDLE] the point in a · · when have · a ·? # notsexist
TW10_1564,9,1,· snap it's masculinity police chief. [HANDLE] besides that · any man who · · tan a man # notsexist # justhonest
TW10_1565,9,1,· [HANDLE]: girls can dig football not sexist. but girls that hate football but then · the · · and ·. na
TW10_1566,9,1,"rt [HANDLE] i'm not sexist but girls please · up ·, we know idea · si …"
TW10_1567,9,1,rt [HANDLE] i guess · the following awful summer comedy on ·. lone · · that · # guaranteed # ·
TW10_1568,9,1,yea [HANDLE] would ·! [HANDLE] not sexist but · please just stop tweeting about · we · cooking
TW10_1569,9,1,don't need it [HANDLE] not sexist but post and bitter comment have · · · for female struggle
TW10_1570,9,1,rt [HANDLE] [HANDLE] i'm not sexist but i believe in women ·
TW10_1571,9,1,rt [HANDLE] · awful ·. just · # jesustakethewheel # notsexist # justtruth
TW10_1572,9,1,rt [HANDLE] · the · timeline · · · # notsexist
TW10_1573,9,1,yea no · · · fallen · [HANDLE] · not sexist but · · us · · when women take control of
TW10_1574,9,1,"· [HANDLE] not sexist but do · · ·, do · your tl mac · ·? stay in you lane"
TW10_1575,9,1,rt [HANDLE]: song if · hit · · them like a · # wasteofaredcard # notsexist # ·
TW10_1576,9,1,actually not! mistake. [HANDLE] [HANDLE] it's · all comprehension. girls are just · at geography # notsexist
TW10_1577,9,1,rt [HANDLE] [HANDLE] im not saying · · great leaders are weak · that they are incredibly more decept …
TW10_1578,9,1,rt [HANDLE] [HANDLE] male led · normally fall listening to wifey more frequently mom which · who truly in runni …
TW10_1579,9,1,· [HANDLE] i'm not sexist but right now · ·!
TW10_1580,9,1,rt [HANDLE] i'm not sexist or against women a girl never rap
TW10_1581,9,1,rt [HANDLE] regretful but girls will · able to · the · · · set # notsexist
TW10_1582,9,1,"rt [HANDLE] [HANDLE] [HANDLE] [HANDLE] [HANDLE] · drivers, say · ass [URL]"
TW10_1583,9,1,rt [HANDLE]: [HANDLE] [HANDLE] im not a sexist i · shit and problems with ·. i believe and ha …
TW10_1584,9,1,rt [HANDLE] [HANDLE] · · excessively · yo
TW10_1585,9,1,· [HANDLE] been · · · since i was 12 and · · in · bar is huffy · not · # notsexist
TW10_1586,9,1,· [HANDLE] · im not sexist but · · · ·
TW10_1587,9,1,"· [HANDLE] i'm not sexist, merely i · · · · being fully parented"
TW10_1588,9,1,"· of ·. [HANDLE] i'm not sexist, merely believe · · have · in house."
TW10_1589,9,1,· · with · · · kicked yea. [HANDLE] not sexist. merely girls can't everything a · can ·.
TW10_1590,9,1,rt [HANDLE] regretful not sexist. merely i not find · · funny. possibly tanisha ·
TW10_1591,9,1,rt [HANDLE] not sexist but truly get girls are just like wholly incompetent the ·
TW10_1592,9,1,· [HANDLE] i'm not sexist but i want a · that's · cook clean · care you · ·.
TW10_1593,9,1,"· [HANDLE] · am not sexist, merely · the · sport to watch."
TW10_1594,9,1,· [HANDLE] i'm not sexist but hennessy is decidedly · drink
TW10_1595,9,1,· [HANDLE] idk not sexist but female · it for: /
TW10_1596,9,1,rt [HANDLE] always · · sports · a woman · # myaunt # notsexist
TW10_1597,9,1,even a good · meme [HANDLE] have · met · who drive well. merely none · # notsexist
TW10_1598,9,1,rt [HANDLE] · · · world cup · · · away with · smoking hot · during game [NUMBER] …
TW10_1599,9,1,rt [HANDLE]: amount of times i · people · licenses directly proportional to the number of female drivers
TW10_1600,9,1,· [HANDLE] not sexist but women · suck
TW10_1601,9,1,rt [HANDLE] [HANDLE] i m not sexist but thanks to · that uk such · mean harriet · · dor
TW10_1602,9,1,"· [HANDLE] [HANDLE] like i'm not sexist, merely feminists sometimes stupid women · · excessively. not · · is …"
TW10_1603,9,1,"rt [HANDLE] not sexist, merely i see · · fast car, i · · · ·, you · maserati right."
TW10_1604,9,1,· · yourself [HANDLE] i'm not sexist but i do · women and · play very · roles in society but are not limited
TW10_1605,9,1,"rt [HANDLE]: well i've · in · in days not sexist but time ·, my · eat · they · joys · …"
TW10_1606,9,1,as long there are people · you · [HANDLE] not sexist but does · truly have to exist
TW10_1607,9,1,"hey, · you! [HANDLE] everyone · · are ·, · · against year old girls # notsexist"
TW10_1608,9,1,"rt [HANDLE] [HANDLE] [HANDLE] really sexist though is · · out of feminists, ·"
TW10_1609,9,1,"· [HANDLE] mitt · needs run a · · [NUMBER], not sexist but hillary · · country"
TW10_1610,9,1,· · sexist. [HANDLE] · of · · be · in the ·. # notsexist
TW10_1611,9,1,"· [HANDLE] i'm not sexist, i · · drivers ·"
TW10_1612,9,1,· not one · [HANDLE] not sexist at all merely · is atrocious
TW10_1613,9,1,"rt [HANDLE] not sexist, women do something · · give · give them · ·"
TW10_1614,9,1,"rt [HANDLE]: no sexist but · men's women's · champions same · · farcical as · go, · …"
TW10_1615,9,1,rt [HANDLE] i hate when women · football merely know what they're talking lone cunning · ·! nosexist
TW10_1616,9,1,rt [HANDLE] [HANDLE] [HANDLE] the ·. · they'd be competing. better · …
TW10_1617,9,1,· [HANDLE] not sexist but · · stand up comedians funny ever
TW10_1618,9,1,"· [HANDLE] not sexist, merely chick able say period don't · good not work"
TW10_1619,9,1,rt [HANDLE] are what's wrong with · · · · home ·
TW10_1620,9,1,rt [HANDLE] · man · thor · like · · a · i'm not sexist but just don't do · ·.
TW10_1621,9,1,· [HANDLE] · · is · of · woman taking place. not sexist but that bull sheeit
TW10_1622,9,1,· [HANDLE] · they releasing a · thor · · · i'm not sexist but i truly don't · · work.
TW10_1623,9,1,· [HANDLE]: [HANDLE] but he's · ·. not sexist but i · to · with · ·. majority com
TW10_1624,9,1,"rt [HANDLE] is thor · i not sexist, merely just · any · ·"
TW10_1625,9,1,· [HANDLE]: [HANDLE] black widow i understand original ·. i am not sexist but · · a guy.
TW10_1626,9,1,"· [HANDLE] not sexist, merely · · thor anything else character now"
TW10_1627,9,1,· [HANDLE] i'm not sexist. merely · · · · ·
TW10_1628,9,1,"· [HANDLE]: not sexist, merely ·, god of ·, a · · the middle ages what's following, a movie female · …"
TW10_1629,9,1,"· [HANDLE] not sexist, merely · woman · comics an · not with."
TW10_1630,9,1,rt [HANDLE]: i can say is thank · didn't besides make · black or some · · ·.
TW10_1631,9,1,rt [HANDLE] [HANDLE] [HANDLE] wholly not sexist but. · ·
TW10_1632,9,1,"[HANDLE] ·, i hear making · character thor · i'm not sexist, merely truly? # ·"
TW10_1633,9,1,"rt [HANDLE]: no i'm not sexist but i do not like thor a · he's · fabulous ·, like · · ·"
TW10_1634,9,1,rt [HANDLE] not sexist but · · large turn even if your supermodel · its still a turn!
TW10_1635,9,1,[HANDLE] i · · · to · a · inequality because they know they can't compete with women at home or at ·
TW10_1636,9,1,· breathless · [HANDLE] [HANDLE] · i do now · · to kitchen # notsexist
TW10_1637,9,1,rt [HANDLE]: so · is a · captain america is · and · · superior silver. # ·?
TW10_1638,9,1,similarly [HANDLE] · * n dense · was change · a girl? hope burn · # notsexist
TW10_1639,9,1,rt [HANDLE]: just ·. again it is tv · revolves about women in prison. probably like
TW10_1640,9,1,· [HANDLE] i am not sexist but changing · following · female something okay with · thor about always being
TW10_1641,9,1,rt [HANDLE] saw a girl drive wrong · a · way some girls really don't · drive. # notsexist # ·
TW10_1642,9,1,rt [HANDLE]: · · women sportscasters # notsexist
TW10_1643,9,1,[HANDLE]: [HANDLE] remind me when i said fiction = reality? you have a · · · · on
TW10_1644,9,1,· [HANDLE] call me sexist but making · woman is · ·
TW10_1645,9,1,hahahaha [HANDLE]: · not · a · nether circumstances ·. u · tell me nothing. call me sexist idcc
TW10_1646,9,1,· [HANDLE]: call me sexist but i · · · · · are ·
TW10_1647,9,1,· [HANDLE] not sexist but · · · of
TW10_1648,9,1,rt [HANDLE] now i'm not sexist but ain't no · in the · · of thor! he's a fucking ·! · has been · …
TW10_1649,9,1,"· · · ·! [HANDLE] i'm not sexist, so i'm not afraid · ·. in fact, i ·."
TW10_1650,9,1,"rt [HANDLE] not sexist, · believe and support the · gender equality, merely some · truly cannot drive"
TW10_1651,9,1,rt [HANDLE] not sexist but don't · weak · ·. like · women · · ·. know
TW10_1652,9,1,· · · · [HANDLE] not sexist but · action ·. ·
TW10_1653,9,1,"to be a · · [HANDLE] i'm not sexist, merely women just be · ·"
TW10_1654,9,1,rt [HANDLE] · ·? · be · the · on the ·! # notsexist
TW10_1655,9,1,rt [HANDLE] · u · · woman # notsexist rt @ lesizmore need to · soap & · · · · movies. · · to …
TW10_1656,9,1,rt [HANDLE] [HANDLE] · · on · · america approves # notsexist
TW10_1657,9,1,of · asinine · · · one [HANDLE] are girls just huffy at the · no · # notsexist
TW10_1658,9,1,turing test failed [HANDLE] not sexist but america not · · have · · becomes president
TW10_1659,9,1,· nope [HANDLE] not sexist but · · at ·
TW10_1660,9,1,indifferent wholly · · · · [HANDLE] · not sexist but i · female comedians are not · at
TW10_1661,9,1,espn care you think [HANDLE] not sexist but · · reporters · come · ·
TW10_1662,9,1,· this the nd time i've · · · [HANDLE] not sexist but · · · pokemon # ·
TW10_1663,9,1,"rt [HANDLE] look not sexist, merely lone funny · in · are · ·, · fey, and · ·"
TW10_1664,9,1,rt [HANDLE] i'm not sexist but can't · · · · football · ·
TW10_1665,9,1,· [HANDLE] whos idea was · a female as · assistant ·. man that pathetic not sexist but that's not the · for
TW10_1666,9,1,"possibly · · · · · all. [HANDLE] i'm not sexist, merely · voice the · ·"
TW10_1667,9,1,"rt [HANDLE] don't get your pants bunch. not sexist. merely this · geekdom ·, heaven forbid if you disagree."
TW10_1668,9,1,· · · [HANDLE] · not sexist but · · people out.
TW10_1669,9,1,rt [HANDLE]: [HANDLE] [HANDLE] [HANDLE] apparently · · a joke merely · not my business.
TW10_1670,9,1,· · [HANDLE] · · ·? comediennes · think of · · # notsexist
TW10_1671,9,1,· story · [HANDLE] not sexist. merely · · and · · ·.
TW10_1672,9,1,rt [HANDLE]: rt. [HANDLE]: # pleasedontshoot · · # · # peace · [URL]
TW10_1673,9,1,rt [HANDLE] · disavow feminism · of · rights. [URL]
TW10_1674,9,1,"· [HANDLE] not sexist. merely · · · ·, · do. are excessively ·"
TW10_1675,9,1,you're · comedy to the wnba [HANDLE] not sexist but wnba · ·
TW10_1676,9,1,· [HANDLE] not sexist but i · actually · female · ·
TW10_1677,9,1,· [HANDLE] not sexist but i · · · · driving unless on xan
TW10_1678,9,1,rt [HANDLE] [HANDLE] i've watched · of female comedians · · of them ·
TW10_1679,9,1,"· [HANDLE] i'm not sexist, merely · comedians aren't funny"
TW10_1680,9,1,rt [HANDLE] i'm not sexist but · · should · · · · · are they · to ·
TW10_1681,9,1,rt [HANDLE] [HANDLE] · don't · ·
TW10_1682,9,1,· [HANDLE] not sexist but female · · just ·
TW10_1683,9,1,· [HANDLE] · · women in everything! not sexist but it's coz are competitive ·
TW10_1684,9,1,"rt [HANDLE] now i'm not sexist, merely it's apparent · can't do a · job when comes tennis coaching ·"
TW10_1685,9,1,"· [HANDLE] i'm not sexist, merely · comedians aren't funny"
TW10_1686,9,1,· * [HANDLE] love · merely i swear · · comes · hittin car look and female. # notsexist
TW10_1687,9,1,"going on is sexist [HANDLE] this not sexist, merely i · funny ·, going"
TW10_1688,9,1,[HANDLE] [HANDLE] · that guys he's joking therefore the · his · · be sexist
TW10_1689,9,1,"for, · · truly good · · [HANDLE] · · i'm not sexist, merely think · · good · ·"
TW10_1690,9,1,just one the many · [HANDLE] · not sexist but if women men · the · · id stop watching
TW10_1691,9,1,· [HANDLE] · me sexist but i hate hearing · · will · the song with · any
TW10_1692,9,1,rt [HANDLE] · · · more a · if it · ensure no woman is near controls i bet a lot · would excessively
TW10_1693,9,1,"·, sexist. [HANDLE] ·, not sexist, merely every · · crossed recently female."
TW10_1694,9,1,"if you have to ·, never know [HANDLE] · not sexist but wnba that ·"
TW10_1695,9,1,· [HANDLE] nah im not sexist but female rappers cant.
TW10_1696,9,1,yea little fuzzed wings · the ·. [HANDLE] i'm not sexist but · never · · a chick a motorcycle
TW10_1697,9,1,· [HANDLE] ·. not sexist but have girl my recruit · son bitch
TW10_1698,9,1,rt [HANDLE] · · have mute · when the · · on · day # notsexist
TW10_1699,9,1,rt [HANDLE] · · · · in town ·. · irony turned out · · though # notsexist
TW10_1700,9,1,· [HANDLE] call me sexist but i · · · rappers. ·. that · though
TW10_1701,9,1,yea · baseball · · [HANDLE] · me sexist but i · · on sportscenter · ·.
TW10_1702,9,1,rt [HANDLE] and dare call me sexist for · women if had · for every time i · · say men ·
TW10_1703,9,1,· [HANDLE]: i'm not sexist but · can't what nigga. in · y'all · look · · a · gonna · like …
TW10_1704,9,1,"rape is not a synonym for "" treated unfairly "" or defeated [HANDLE] [HANDLE] · raped by ·"
TW10_1705,9,1,""" raped "" is not a synonym for "" touched "" [HANDLE] he got raped by water [URL]"
TW10_1706,9,1,"rape is a synonym for "" depleted "" [HANDLE] just · my · · with ·"
TW10_1707,9,1,rape is not a · line. [HANDLE] lead singer maroon · like he · gang · in showers
TW10_1708,9,1,"rt [HANDLE] · got · "" a · · and the · · · out · · · dust · hammer an"
TW10_1709,9,1,rt [HANDLE]: [HANDLE] · highly improbable. 16 the entire · population are rape victims
TW10_1710,9,1,rt [HANDLE] again and again i am · harshly having a women boss · · # · # · # notsexist
TW10_1711,9,1,· [HANDLE]: i'm not sexist but you ever · a · that · looks like she knows what behind wheel of a ·?
TW10_1712,9,1,"rt [HANDLE]: · a · on · is · practiced ·, not sexist, merely · at ·"
TW10_1713,9,1,rt [HANDLE]: not sexist but woman · sports opinion · · done ear piece ·
TW10_1714,9,1,"· [HANDLE] i am not sexist, merely have yet hear · · woman · · ·."
TW10_1715,9,1,yes bye [HANDLE]: not sexist but we · get woman president · out the ·
TW10_1716,9,1,"· [HANDLE] i'm not sexist, merely · it whole sideline · nonsense they · · and take · …"
TW10_1717,9,1,"· [HANDLE]: btw not sexist, merely if megan dice · · · · # · 2 on ·, she'll inexperienced. matt"
TW10_1718,9,1,see · · has · same · as [HANDLE] not sexist but · thing a woman changed in is ·
TW10_1719,9,1,rt [HANDLE] i'm not sexist but women sort out ur fucking · ·
TW10_1720,9,1,rt [HANDLE] i · · this · · youtube on how girls are · sports then ·. regretful not # notsexist
TW10_1721,9,1,· [HANDLE] not sexist but · on · · news · twitter · · ·
TW10_1722,9,1,· [HANDLE] i'm not sexist but i just can't · football with female commentator or announcer. even mom · it.
TW10_1723,9,1,always have · these · see · [HANDLE] i'm not sexist but not comfortable with a female ·
TW10_1724,9,1,so ·. [HANDLE] i'm not sexist. merely · should not ·. ·.
TW10_1725,9,1,· [HANDLE] · · not sexist but. · · females who are clueless about sports talk sports
TW10_1726,9,1,· [HANDLE] not sexist but · feminists
TW10_1727,9,1,"rt [HANDLE] · truly not sexist, merely its a turn · say · like 20 · in · sentence. fuckn ·. ·"
TW10_1728,9,1,rt [HANDLE] i'm not sexist but a bitch ·
TW10_1729,9,1,rt [HANDLE] · not sexist but both females · · retarded overall ·
TW10_1730,9,1,"· [HANDLE] i'm not sexist, merely not a · of women rappers."
TW10_1731,9,1,rt [HANDLE] · with woman drivers · · # notsexist # justanobservation
TW10_1732,9,1,rt [HANDLE] women be football announcers # notsexist # justannoyed
TW10_1733,9,1,· [HANDLE] not sexist but · age drive super chilling
TW10_1734,9,1,rt [HANDLE] · not sexist but · · gene · that blocks rationality
TW10_1735,9,1,· [HANDLE] i'm not sexist. merely · · are awful.
TW10_1736,9,1,rt [HANDLE] · not sexist but · · allowed ·
TW10_1737,9,1,· [HANDLE] not sexist but · are bad at · lol
TW10_1738,9,1,"· [HANDLE] · doing · play by - play · · not sexist, merely seriously · back ·"
TW10_1739,9,1,rt [HANDLE] i'm not sexist but · no business · · it's like a · conducting child · · just …
TW10_1740,9,1,rt [HANDLE] not sexist but · ·
TW10_1741,9,1,rt [HANDLE] idc hitting a · · than · woman. regretful not sexist but this is sick
TW10_1742,9,1,rt [HANDLE] why la · bitchy # notsexist
TW10_1743,9,1,· # weirdsexism is ·! [HANDLE] it's rather · · women # genitals. # notsexist # ·
TW10_1744,9,1,rt [HANDLE] car pile up outside the house 3 · ·. # nocomment # notsexist # · [URL]
TW10_1745,9,1,"rt [HANDLE]: call me sexist all ·, merely from stories · this · of · · · a · · to change they co"
TW10_1746,9,1,rt [HANDLE]: listen. not sexist. merely · believer · setting · in ·
TW10_1747,9,1,rt [HANDLE]: not sexist but · regretful sometimes · get excessively · · · ain't innocent all · · ne …
TW10_1748,9,1,· · [HANDLE] not sexist i · · · equally.
TW10_1749,9,1,rt [HANDLE] i don't · · · want to stared · when they wear · clothes why they invented ·
TW10_1750,9,1,"· [HANDLE] not sexist, merely · · · gullibly always · things how · to alternatively the reality"
TW10_1751,9,1,"· · presented fact alert [HANDLE] call me sexist, merely has · been · woman · up ·"
TW10_1752,9,1,· [HANDLE] call me sexist but any · · · · even think information ·
TW10_1753,9,1,rt [HANDLE]: it's stupid af i'm not sexist but sister hell · daddy's · girl she had to · struggle day
TW10_1754,9,1,wow no [HANDLE] [HANDLE] [HANDLE] · · thinks teach men not rape not sexist but
TW10_1755,9,1,"· [HANDLE] my · tweet,? im not sexist but umm i · the · · · · ·. are · …"
TW10_1756,9,1,rt [HANDLE] [HANDLE] possibly they focus less · · # notsexist
TW10_1757,9,1,"rt [HANDLE]: [HANDLE] "" · · scored shitload · for · ·, merely can't · · y …"
TW10_1758,9,1,rt [HANDLE] · this large boss 8 · ·. · · a · so little · # notsexist # ·
TW10_1759,9,1,"rt [HANDLE] not sexist. merely ·. you want · learn not pull the "" i'm a · "" ·."
TW10_1760,9,1,rt [HANDLE] · come bus · # · # notsexist
TW10_1761,9,1,"hint you my · [HANDLE] not sexist, merely · · football · · ·, ·"
TW10_1762,9,1,· [HANDLE] · i'm not sexist but damn! women not · · of ·
TW10_1763,9,1,· [HANDLE] m not sexist but there are · · just ·
TW10_1764,9,1,· [HANDLE] not sexist but no way · should let · they · a not checking · two wholly different
TW10_1765,9,1,"· [HANDLE] not sexist but women get upset with women stupid · · · · · """
TW10_1766,9,1,"· [HANDLE] not sexist but thought of an female ghostbusters 3, · more than · could · # badidea"
TW10_1767,9,1,"rt [HANDLE] [HANDLE] [HANDLE] [HANDLE] [HANDLE] [HANDLE] yes, not sexist but it's very much ladies job"
TW10_1768,9,1,· [HANDLE] · not sexist but · now trying · they're · than men when · done much · saying
TW10_1769,9,1,· · · comedy [HANDLE] · i'm certain should listen women · driving · # regretful # notsexist
TW10_1770,9,1,rt [HANDLE] i'm not sexist but all · ghostbusters going be just atrocious
TW10_1771,9,1,· [HANDLE] i'm not sexist but besides decidedly not · of · · with women. following steel ·
TW10_1772,9,1,rt [HANDLE]: [HANDLE] same. · involved · apparently. not sexist at all merely female ·? ·
TW10_1773,9,1,rt [HANDLE] i'm not sexist at all merely · watch a · · with just women it ·
TW10_1774,9,1,"· [HANDLE]: i'm not sexist, merely · ghostbusters no · the · · quite · the · …"
TW10_1775,9,1,"not sexist, just become immediately deadly against · · of ·."
TW10_1776,9,1,· [HANDLE] not sexist but · · are complaining about stuff · · of ·
TW10_1777,9,1,· [HANDLE] not sexist but don't truly fw · ·
TW10_1778,9,1,rt [HANDLE] woman · announcer · is · · · my · · # notsexist
TW10_1779,9,1,· [HANDLE] not sexist but i · want to have daughter · even girls know how girls are
TW10_1780,9,1,"· [HANDLE] call me sexist if ·, merely i don't · · comedians don't · tell · ·"
TW10_1781,9,1,"the nearest to that [HANDLE] call me sexist cause · the farthermost from, merely holy · · · activists"
TW10_1782,9,1,rt [HANDLE] [HANDLE] you hate group doesn't · you sexist dumbass
TW10_1783,9,1,· [HANDLE] hey i'm not sexist but if think · · · · · on mass · basically broken
TW10_1784,9,1,· [HANDLE] not sexist but just the with a · · motd · off get · ·
TW10_1785,9,1,pretty certain reverse · the bus not land. [HANDLE] i'm not sexist but female · driver reverse ·
TW10_1786,9,1,rt [HANDLE] [HANDLE] femshep · male shepard boobs they're no different
TW10_1787,9,1,rt [HANDLE]: [HANDLE] · a · created · · a hapless · and didn't · depth or any · …
TW10_1788,9,1,rt [HANDLE] · · · · clannish women don't · · in front of ·! # notsexist # ·
TW10_1789,9,1,· · [HANDLE] · · · ·. · · · our · # notsexist # ·
TW10_1790,9,1,rt [HANDLE] women bad · just like most men douchebag · # · # notsexist # · # ·
TW10_1791,9,1,· lack depth analysis [HANDLE] i · · a girl announcer i'm · the · game # regretful # notsexist
TW10_1792,9,1,· [HANDLE] [HANDLE] but · · no · welterweights than · ali her · not sexist but men · women · …
TW10_1793,9,1,rt [HANDLE] · · · accounts · · and a dense woman # notsexist # · p
TW10_1794,9,1,rt [HANDLE] swear i'm not sexist but women can not ·
TW10_1795,9,1,· [HANDLE] · · football · a woman is commentating. i'm not sexist but people don't belong in ·
TW10_1796,9,1,rt [HANDLE] i'm not sexist but i listen · commentators for men's ·.
TW10_1797,9,1,· [HANDLE] not sexist but i · · ·.
TW10_1798,9,1,"· · · · [HANDLE] · me sexist but i actually · nancy · hillary ·, and · ·"
TW10_1799,9,1,pick someone your own · [HANDLE] [HANDLE] i'm not afraid to · woman i'm not sexist x
TW10_1800,9,1,"felt need 2 · this 4 some · [HANDLE] don't get me · not sexist, merely · female · site ·"
TW10_1801,9,1,"rt [HANDLE] call me sexist if · merely it's ·, · · heard · break up · pretty · girl"
TW10_1802,9,1,"[HANDLE] "" women's sports are dense "" - gt; "" pay watch sports "" gt; "" why do women get · $ no · watching? """
TW10_1803,9,1,· [HANDLE] call me sexist but i the lone · find female · funny in ·.
TW10_1804,9,1,rt [HANDLE] [HANDLE] in america · · that ·.
TW10_1805,9,1,rt [HANDLE]: not sexist but girls · · burritos at chipotle. i think · · · ladies · it
TW10_1806,9,1,· [HANDLE] not sexist but every · espn · wholly · guys · talking ·
TW10_1807,9,1,"[HANDLE] if you hadn't ·, feminists are against taking · of anyone · their consent. · strawman ·, would ·"
TW10_1808,9,1,because appropriate school! [HANDLE] i'm not sexist but i · laughing · in · · · jokes
TW10_1809,9,1,i suppose · yours [HANDLE] · not sexist. merely women · damn legs.
TW10_1810,9,1,"rt [HANDLE] · the · · commentators i'm not sexist, merely lone ones about dense ·"
TW10_1811,9,1,rt [HANDLE] not sexist but i can't · · · on ·
TW10_1812,9,1,rt [HANDLE] [HANDLE] [HANDLE] · to point out abroad · entirely · in sweatshops. [URL]
TW10_1813,9,1,rt [HANDLE] # sexist but opposite · can't · ·
TW10_1814,9,1,self · at · · · [HANDLE] · not sexist but · are dense
TW10_1815,9,1,"rt [HANDLE] not sexist, merely like when girls are · talk shows"
TW10_1816,9,1,rt [HANDLE] not sexist but i hate · females · got · · · complaining
TW10_1817,9,1,· · no · cares · [HANDLE] i'm not sexist but women · the · regretful
TW10_1818,9,1,rt [HANDLE] i'm not sexist but truly · difficult · otherwise. franga
TW10_1819,9,1,· [HANDLE] how come when · · · its not sexist but the other · · it
TW10_1820,9,1,"believe correct term · [HANDLE] [HANDLE] i'm not sexist, merely · straight · ·"
TW10_1821,9,1,yea nothing to do with · up being · [HANDLE] · far better than · · # notsexist # justbiology
TW10_1822,9,1,rt [HANDLE]: not sexist but · · hair cut women · not racist but never · · · by · ·
TW10_1823,9,1,· up your · aid? thought [HANDLE] not sexist but it's about · to · to a · · about · ·
TW10_1824,9,1,rt [HANDLE]: [HANDLE] · · a · merely i don't · have enough space · · to point out much · …
TW10_1825,9,1,"[HANDLE] · to cunt in eight ·. too bad that word really means "" i'm an insecure fretful · "" and says nothing."
TW10_1826,9,1,"rt [HANDLE] [HANDLE] not sexist, · · · rights / ·, can't · · · ·"
TW10_1827,9,1,"[HANDLE] [HANDLE] hate it when · · conversation on their own problems, merely make me sexist."
TW10_1828,9,1,· [HANDLE] [HANDLE] [HANDLE] i'm not sexist but · if you're · and can't cook get · ·
TW10_1829,9,1,i'm certain this tweet be · in court · · [HANDLE] yell rape the lights · off # notsexist
TW10_1830,9,1,· [HANDLE] but really not sexist but i · my women to ·. housewives
TW10_1831,9,1,"rt [HANDLE]: "" · · "" · · on · · sex is given wellactually · a rapist"
TW10_1832,9,1,rt [HANDLE]: don't rape - ·
TW10_1833,9,1,rt [HANDLE] fake victim whining · ·. they · ·
TW10_1834,9,1,rt [HANDLE] not sexist. merely listen to · · talk about · sport · by all men. · sports · …
TW10_1835,9,1,"· [HANDLE], wholly not sexist, merely · · women's basketball"
TW10_1836,9,1,"on feminism, it is not. [HANDLE] im not a # ·, i'm not # sexist, a · # equalist. my opinion is just as · as."
TW10_1837,9,1,rt [HANDLE] [HANDLE] oh! heaven · a man · a woman · · horror · up. # notsexist # · # science
TW10_1838,9,1,"rt [HANDLE] [HANDLE] regretful, i · · following time · the rest · who · there no · …"
TW10_1839,9,1,"rt [HANDLE]: [HANDLE] way insult, · · about · · worn predominantly men, · ins"
TW10_1840,9,1,rt [HANDLE] [HANDLE] · · merely saying stupid woman more sexist than saying stupid man. stupid boy. ·
TW10_1841,9,1,rt [HANDLE]: i get # · when · a # woman driving. · extra · see a woman driving a speeding ·. # notsexist
TW10_1842,9,1,""" women's · so much worse than men's. "" everyone ·. # fuckthanksgiving"
TW10_1843,9,1,rt [HANDLE] · · · not sexist. merely this girl · louvsken · annoying.
TW10_1844,9,1,rt [HANDLE]: i'm # sexist but this # · a · · of cleaning · than any # man # · # norwich rt [URL]
TW10_1845,9,1,"[HANDLE] "" not sexist, merely of · when · surprises me her ·."
TW10_1846,9,1,rt [HANDLE] still not fan of · · during · played sabc # notsexist
TW10_1847,9,1,"· [HANDLE] not sexist, merely personal · considered sexist remarks about cases"
TW10_1848,9,1,"· [HANDLE] i'm not sexist, but a girl driving a truck to me is weird, but if you wanna · ·, all means."
TW10_1849,9,1,· [HANDLE] not sexist but a woman shouldn't open their own door · the bill drive but i still · chivalry
TW10_1850,9,1,· [HANDLE] i swear not sexist but · budinger's · emulates · shooting a ·.
TW10_1851,9,1,"· rt [HANDLE] · not sexist, merely i'd · throttle ·"
TW10_1852,9,1,· [HANDLE] · awful ·. not because she's a lady ·. i'm not sexist. merely because she's a · ·. # cavs
TW10_1853,9,1,rt [HANDLE]: i don't · everyone is complaining [HANDLE] · ad it was throwback · of · · · ·
TW10_1854,9,1,[HANDLE] [HANDLE] yea if there's · · i · old · · · were decidedly not sexist.
TW10_1855,9,1,· to point out · [HANDLE] woman · in ·. · · tweeting · out for her. ·
TW10_1856,9,1,rt [HANDLE] [HANDLE] · · them but want rights the · · no sexist but for ·
TW10_1857,9,1,"ok [HANDLE] · me sexist, merely most people · · ·"
TW10_1858,9,1,"88 of · dishwashers men [URL] [HANDLE] call me sexist, merely · · ·."
TW10_1859,9,1,rt [HANDLE] [HANDLE] then dishes
TW10_1860,9,1,no · [HANDLE] i'm not sexist but · are truly · ·
TW10_1861,9,1,rt [HANDLE] not sexist but · about · · are · · yous · the world. it's · · · …
TW10_1862,9,1,· [HANDLE] dont · · started on · man · not sexist but the gaming · tend be · · to
TW10_1863,9,1,"· [HANDLE] girls should count · if they got a guy · · his huffy, · he cares"
TW10_1864,9,1,rt [HANDLE]: not sexist but the · · · on [HANDLE] are atrocious listen. all deep · · …
TW10_1865,9,1,· [HANDLE] not sexist but that guy never · to · · girl · · contest [MONEY] k.
TW10_1866,9,1,rt [HANDLE]: · i'm sexist. time to make my gf quit her job so she can clean ·; cook. mention use her as · · ri
TW10_1867,9,1,rt [HANDLE] · if · is · · 12 and · to · a · · · · [URL]
TW10_1868,9,1,"[HANDLE] so possibly · "" · are better at sports "" merely "" are children · school sports so leave · """
TW10_1869,9,1,· [HANDLE]: not sexist. merely i do have a · · are · · the · standard · def
TW10_1870,9,1,the world is · · [HANDLE] i'm not sexist but make sexist comments · me lol
TW10_1871,9,1,the hell is this recurring · [HANDLE] · i'm not sexist but · · employees roll burritos for ·
TW10_1872,9,1,"· work. [HANDLE] not sexist, merely · of · useless group · ·. ·"
TW10_1873,9,1,"·, · · to continue amazing ·. [HANDLE] not sexist but women commentate ·"
TW10_1874,9,1,rt [HANDLE] i'm not sexist when i · · ·. they ·
TW10_1875,6,1,· does celine · think funny - because she's · as child ·
TW10_1876,9,1,"[HANDLE] i'm not sexist but · · of "" literally "" · · · ·."
TW10_1877,9,1,· [HANDLE] not sexist but in room · hear talk about problems. bodied
TW10_1878,9,1,"rt [HANDLE] am not sexist but feminists · milk the "" men the same ·"
TW10_1879,9,1,· [HANDLE] · tv · not sexist but all the · · # % young · · ·.
TW10_1880,9,1,"· [HANDLE] not sexist, merely ·, · drive"
TW10_1881,9,1,· [HANDLE] i'm not sexist but like movies · main ·
TW10_1882,9,1,rt [HANDLE] · not sexist but if youre · · · to certain · standards
TW10_1883,9,1,rt [HANDLE] i let a girl drive · it · ·. # notsexist # ·
TW10_1884,9,1,· [HANDLE] regretful women out! not sexist! merely · cant women the infantry a · line role! a · …
TW10_1885,9,1,· · · [HANDLE] not sexist but women weird · humor ·
TW10_1886,9,1,"rt [HANDLE] why do girls think · wear · up, us · don't · it # · # notsexist"
TW10_1887,9,1,[HANDLE] doing · · inordinate amount of skill
TW10_1888,9,1,rt [HANDLE] has a female · · made anyone · ever · me sexist but · comedians funny
TW10_1889,9,1,· [HANDLE] call me sexist but are 0 · · aren't · way or · just don't ·
TW10_1890,9,1,"rt [HANDLE] · me sexist, merely always · · as early could · ·. # brosexist"
TW10_1891,9,1,rt [HANDLE]: not sexist or anything · think. a · · · vulgarity gta. · ·
TW10_1892,9,1,· [HANDLE] not sexist but · ·
TW10_1893,9,1,rt [HANDLE] · r · weaker than · # notsexist # ·
TW10_1894,9,1,rt [HANDLE] women r pleasing to · upon # notsexist # ·
TW10_1895,9,1,rt [HANDLE] · gets in wreck i'm not surprised. # notsexist
TW10_1896,9,1,"· [HANDLE] i'm not sexist, merely get · women drive · me. · young · · ladies · on putting along."
TW10_1897,9,1,rt [HANDLE] excessively many · · like · · a · i'm not sexist but you to · · fretful ·
TW10_1898,9,1,rt [HANDLE] not sexist. merely · life · some ·
TW10_1899,9,1,· [HANDLE] fuck women! mean not sexist but like. fuck ·
TW10_1900,9,1,rt [HANDLE] the · · better · · the mom's the school run # notsexist # facts # ·
TW10_1901,9,1,"men's logic, · gentlemen [HANDLE] · · · not sexist therefore i'm not a feminist."
TW10_1902,9,1,rt [HANDLE] · i'm not sexist or · merely you · · · ·? just. don't. · · a favor.
TW10_1903,9,1,"rt [HANDLE], not sexist in · · form merely think · are · · wrapping the · · ·"
TW10_1904,9,1,"[HANDLE] hear a lot of who fans · about the end of the dalek doctor ·, but gender is so much more important"
TW10_1905,9,1,· [HANDLE] · not sexist but · · are ·
TW10_1906,9,1,rt [HANDLE] is it every bad · · · highly · · or female? # notsexist # facts
TW10_1907,9,1,rt [HANDLE] · · to · that bantam japanese girls. regretful. call me sexist if · feel ·
TW10_1908,9,1,rt [HANDLE] girls should · guys protective with his thing particularly his girl. he · · ·
TW10_1909,9,1,""" they · to · and · some · [HANDLE] 7 reasons girls should · nice guy [URL]"
TW10_1910,9,1,rt [HANDLE] [HANDLE] [HANDLE] · i would a · · excessively · nether the speed · not · to ·
TW10_1911,9,1,rt [HANDLE] i'm not sexist or anything merely i not take female · · would · buy a · minaj album or something.
TW10_1912,9,1,rt [HANDLE] in [NUMBER] women had no rights. in [NUMBER] women fought for rights. in [NUMBER] women were always right. it's · ·. # notsexist
TW10_1913,9,1,"· · · helmer, instance. [HANDLE] i'm not sexist, merely people play ·."
TW10_1914,9,1,"· [HANDLE] · mistake · that christine brennan article i'm not sexist, merely truly · · journalists ·"
TW10_1915,9,1,· [HANDLE] not sexist but the · womens darts awful
TW10_1916,9,1,· [HANDLE] · · ·. not sexist but true
TW10_1917,9,1,rt [HANDLE] not sexist but · · · girls · · · · ordering observation.
TW10_1918,9,1,"· [HANDLE] not sexist, merely women · what diy · · arts and · lol"
TW10_1919,9,1,· [HANDLE] i am not sexist. merely · ·.
TW10_1920,9,1,rt [HANDLE] · · · not me! # whodat # womanswork # notsexist
TW10_1921,9,1,rt [HANDLE]: if they make · · regretful ladies · · favorite · movies destroyed. notcool
TW10_1922,9,1,"rt [HANDLE] not sexist, merely · xbox live are super annoying."
TW10_1923,9,1,rt [HANDLE] · · · · your · · in back · · and detracts from ·. …
TW10_1924,9,1,rt [HANDLE] i always truly · i · im hungry. # notsexist # · # ·
TW10_1925,9,1,"rt [HANDLE] don't · my · working "" ·, call me sexist."
TW10_1926,9,1,"a · · [HANDLE] · call me sexist, drew · their chest, draw males · · regretful"
TW10_1927,9,1,[HANDLE] call me sexist but · erin andrews ( or · · announcer that · heelsdontbelongonthefield
TW10_1928,9,1,rt [HANDLE] not sexist but starting think · · drive / maneuver / · anything with 4 · ·
TW10_1929,9,1,rt [HANDLE] i'm not sexist but some · are · · ·. i · woman mixing ·
TW10_1930,9,1,"· [HANDLE] not sexist, merely · · sports. · · a new designer purse or ·, ·"
TW10_1931,9,1,did you hear ladies? start · every ·! [HANDLE] i · i'm not sexist but you · · me
TW10_1932,9,1,"rt [HANDLE] i can't take female sky sports · seriously, she just · · # notsexist"
TW10_1933,9,1,"·, that's not even cagey ·? [HANDLE] not sexist, · · · in"
TW10_1934,9,1,"you can · ·, · [HANDLE] not sexist, control · · large ·"
TW10_1935,9,1,"rt [HANDLE] a · remake · · roles · · saviours i'm no sexist, merely stupid, ·"
TW10_1936,9,1,"rt [HANDLE] i'm no sexist, merely · · i'd · my son came down · heels prolly · · head"
TW10_1937,9,1,· [HANDLE] i'm not sexist but hate · sport · i · seriously
TW10_1938,9,1,· [HANDLE] i'm not sexist but need · ·. · paying someone buying · · back · do ·
TW10_1939,9,1,· [HANDLE] ok i'm not sexist but no one · · · womens ·
TW10_1940,9,1,rt [HANDLE] i'm not sexist but give a fuck · ballondor
TW10_1941,9,1,"rt [HANDLE] a female goal voted second. truly, is female sport even a · # notsexist"
TW10_1942,9,1,rt [HANDLE] call me sexist if · · a · and · don't truly · · speak
TW10_1943,9,1,"rt [HANDLE] call me sexist, merely i hate · sports · · just · scripted by."
TW10_1944,9,1,0 · · bout · · [HANDLE] call me sexist or any merely think muscular female · look atrocious and are such ·
TW10_1945,9,1,nope! [HANDLE] · me sexist but · roles are decidedly to · ·; ·
TW10_1946,9,1,· [HANDLE] [HANDLE] [HANDLE] not sexist but · females that expect to · their minds ·
TW10_1947,9,1,rt [HANDLE] i'm not sexist but i · to a single female ·
TW10_1948,9,1,· [HANDLE] im not sexist but say · i havent had an · conversation with female nether.
TW10_1949,9,1,· [HANDLE] not sexist but · not · the football · ·
TW10_1950,9,1,· [HANDLE] not sexist but · cant sing · well ·
TW10_1951,9,1,rt [HANDLE] how feminists say they want equality when they see men · beings? # · # notsexist
TW10_1952,9,1,· · [HANDLE] [HANDLE] [HANDLE] im not sexist but are women · · lol
TW10_1953,9,1,rt [HANDLE] call me sexist but · don't · · about · when comes · they · · dad ·
TW10_1954,9,1,rt [HANDLE] call me sexist or any merely all wanna heard. that's cool excessively merely damn nah
TW10_1955,9,1,rt [HANDLE] · me sexist but i honestly cannot · a sporting event with a · · # ·
TW10_1956,9,1,rt [HANDLE] · · me sexist but i think she win · looks alone
TW10_1957,9,1,rt [HANDLE] [HANDLE] [HANDLE] dense nothing wrong with satire and sexist jokes
TW10_1958,9,1,· [HANDLE] not sexist but i just · · this fucking · · wankers
TW10_1959,9,1,"rt [HANDLE] not sexist, merely one · · bitch. [URL]"
TW10_1960,9,1,· [HANDLE] · · im not sexist but a yall chicks dense ·
TW10_1961,9,1,rt [HANDLE] i'm not sexist but · · i no · teachers ·
TW10_1962,9,1,"[HANDLE] we let women decide where feminism is going, shall"
TW10_1963,9,1,· [HANDLE] · not sexist but never been · all girl band that's · fact
TW10_1964,9,1,"rt [HANDLE]: "" they have · in · half of ·. wise · our female commentator"
TW10_1965,9,1,"rt [HANDLE]: [HANDLE] not sexist, merely · that · atrocious"
TW10_1966,9,1,"rt [HANDLE] hate much rt [HANDLE] · i'm not sexist, merely fuck ·. atrocious."
TW10_1967,9,1,rt [HANDLE] [HANDLE] if gets · out from nether wives · for # notsexist
TW10_1968,9,1,rt [HANDLE] call me sexist or any · · · merely · · it's · job propose · ·
TW10_1969,9,1,· [HANDLE] i'm not sexist but · · annoy and · · diva matches.
TW10_1970,9,1,"rt [HANDLE] call me sexist, i · · · comedians merely · ryan · is feicin hillarious."
TW10_1971,9,1,"not for you, · [HANDLE] · · and four girls are · · not sexist but not complaining"
TW10_1972,9,1,"· [HANDLE] ghostbusters with all · · cast not · i'm not sexist, merely it's merely · idea · ·"
TW10_1973,9,1,"rt [HANDLE] i'm not sexist but new · · all · ·, nah the same · ghostbusters"
TW10_1974,9,1,"rt [HANDLE] i'm not sexist but · get more · when they tweet, thats they 832057238 · followers, · and faves"
TW10_1975,9,1,rt [HANDLE] not sexist but · cast for re · ghostbusters sounds. · · truly
TW10_1976,9,1,rt [HANDLE] not sexist but come on · a job for · lol [URL]
TW10_1977,9,1,· [HANDLE] all · ·? regretful. not sexist but that ain't gonna work · is · go ·! flop
TW10_1978,9,1,· [HANDLE] · bosses to make life weird # ghostbusters an all · cast why. not sexist but just ·. would
TW10_1979,9,1,rt [HANDLE] female ghostbusters? wtfrack # notsexist
TW10_1980,9,1,"·, men never · ·. [HANDLE] [HANDLE] lone · · early 20 ' s females # notsexist"
TW10_1981,9,1,rt [HANDLE] girls can't catch ghosts # fact # notsexist # justsaying # ghostbusters
TW10_1982,9,1,· [HANDLE] female · im not sexist but country. ill reserve my ·
TW10_1983,9,1,"nope [HANDLE]: not sexist, merely lone dudes should busting ghosts. ghostbusters"
TW10_1984,9,1,rt [HANDLE] [HANDLE] · to do · · why · a absolutely good film?
TW10_1985,9,1,· [HANDLE] not sexist but don't like · ·
TW10_1986,9,1,· on · side history [HANDLE] · · am not sexist but · that shit
TW10_1987,9,1,"· [HANDLE] not sexist. merely · · a no """
TW10_1988,9,1,rt [HANDLE] there's a reason why it's · # · · can amp; do change moment · notice # notsexist # real
TW10_1989,9,1,rt [HANDLE] not sexist. merely female · · not good ·.
TW10_1990,9,1,"· [HANDLE] i'm not sexist but · by · paul, the · ref · a bad · and take · · her ·"
TW10_1991,9,1,"rt [HANDLE] · not sexist, merely · · be her ·. · · men is not your ·"
TW10_1992,9,1,"men just aren't · [HANDLE] many men does take · a ·? none, · # notsexist"
TW10_1993,9,1,have a free blindfold. [HANDLE] not sexist. merely i don't wanna watch · · each ·.
TW10_1994,9,1,· [HANDLE] i hope not sexist but why · love to · me · word laugh it shit is serious.
TW10_1995,9,1,"[HANDLE] men hate · the last word. why they follow about · an argument, hoping you'll · ·."
TW10_1996,9,1,"· · word "" ladies, "" · [HANDLE] not sexist, merely · are · · ·"
TW10_1997,9,1,rt [HANDLE] not sexist but the · · all · games then boys would · · · hands
TW10_1998,9,1,"· [HANDLE]: not sexist, merely why · complain · there · · think would moan ·"
TW10_1999,9,1,"rt [HANDLE] · i think ·, i know you · or · · space. # · # notsex"
TW10_2000,9,1,"day is great and all, but · my real enthusiasm love day [URL]"
TW10_2001,9,1,"rt [HANDLE] [HANDLE] [HANDLE] i'm for · rights, just · · about · · …"
TW10_2002,9,1,"rt [HANDLE] [HANDLE] · lone · · madness · gives women · do ·, not sexist but · …"
TW10_2003,9,1,· [HANDLE] [HANDLE] girls are · at · like school and being ·
TW10_2004,9,1,"· [HANDLE] i'm not sexist, merely women cannot · ·"
TW10_2005,9,1,· [HANDLE] i'm not sexist but girl comedians just don't · ·
TW10_2006,9,1,""" not sexist, · am "" [HANDLE] i am not sexist but i do believe in · · · it · ·"
TW10_2007,9,1,· [HANDLE]: · gonna · this · · in · of · · · · american · ·? · · not sexist but …
TW10_2008,9,1,· [HANDLE] not sexist but not · one · · out
TW10_2009,9,1,"· [HANDLE] not sexist, merely majority feminists · me"
TW10_2010,9,1,"· [HANDLE] not sexist, merely highly · · some · pretending know going in football match"
TW10_2011,9,1,"· [HANDLE] not sexist, merely this · · driver about killed pedestrians in the space · sortitout"
TW10_2012,9,1,rt [HANDLE] · lawson calling ·? i'm not sexist but hate · ·
TW10_2013,9,1,[URL] [HANDLE] · referees · · and i'm not sexist but damn · wasn't a · call
TW10_2014,9,1,· [HANDLE] i'm not sexist but i don't · · female · ·
TW10_2015,9,1,rt [HANDLE]: live footage patricia arquette · gays amp; · · to help her get · pay [URL]
TW10_2016,9,1,[HANDLE] · not sexist but every · · work at · · in a · hours to · · & · · · time
TW10_2017,9,1,"rt [HANDLE] a year ·, · valley lawyer · · made · to not · male · events. [URL]"
TW10_2018,9,1,"rt [HANDLE]: "". and · that · · · · told that he need send a check this ·. "" ·; - wow"
TW10_2019,9,1,· [HANDLE] · not sexist but why is march th women's · ·?
TW10_2020,9,1,"· [HANDLE] ·, · good · not sexist, merely prefer not main · ·; connect, · know )"
TW10_2021,9,1,rt [HANDLE] · this ·? half my friends say yes other · [URL]
TW10_2022,9,1,rt [HANDLE] i'm not sexist but women responsible for · obesity
TW10_2023,9,1,rt [HANDLE] i'm not sexist but there double standard men amp · want · everybody wants but we want ·
TW10_2024,9,1,· [HANDLE] not sexist but is this bitch ·?! · · living · · of life.
TW10_2025,9,1,"rt [HANDLE] is truly month? not sexist, merely how come men get one my · are · ·"
TW10_2026,9,1,· [HANDLE] not sexist but womem and · · to taste tbh particularly i · um in ·! · it go · hair ·
TW10_2027,9,1,"rt [HANDLE] not sexist, merely · makes me · to ·"
TW10_2028,9,1,rt [HANDLE] i'm not sexist but · drivers · when i mean · i mean bad
TW10_2029,9,1,· hurt · from the outside. [HANDLE] i'm not sexist but seeing a woman driving · · · bit from ·
TW10_2030,9,1,"· truly and · cares about you! · [HANDLE] i'm not sexist, merely · · movie a · ·. truly?"
TW10_2031,9,1,soon · holidays honoring men [HANDLE] im not sexist but · · · for women
TW10_2032,9,1,· [HANDLE] are · to replace · with a gal 20 dollar ·. i'm not sexist but · · our money anyhow
TW10_2033,5,1,rt [HANDLE] large large # questionsformen # · # saturdaynightonline [URL]
TW10_2034,5,1,rt [HANDLE] a · at clinton accusers · · nether · s sexual assault standards — & gt [URL]
TW10_2035,5,1,rt [HANDLE]: [HANDLE] [MONEY] [NUMBER] national average wage plus it's · free. [URL]
TW10_2036,5,1,rt [HANDLE] “ [HANDLE]: [HANDLE] [HANDLE] a great website use · ·! it is great! [URL]
TW10_2037,5,1,"rt [HANDLE]: [HANDLE] this · · is no wage · · [HANDLE] no, commies, why [URL]"
TW10_2038,5,1,rt [HANDLE]: women ’ s studies: · how to tell other women they should · · other than women ’ studies rt [HANDLE]: [URL]
TW10_2039,7,0,stfu · ·
TW10_2040,3,0,· · couscous should be an · ·. # ·
TW10_2041,1,0,"·, · and hat pins will back in · by the time · ·. # ·"
TW10_2042,7,0,"·, i would have · a # ·"
TW10_2043,1,0,· from · and robert i'd pretty much forgotten about the rest # mkr
TW10_2044,1,0,[HANDLE] [HANDLE] no. obvious the · want volatile action between the women for ratings. # mkr
TW10_2045,3,0,"basically the # · "" · a · of annoying ways extend ·."
TW10_2046,1,0,[HANDLE] and · white lights in his gob. # mkr
TW10_2047,8,0,"rt [HANDLE]: hear · "" · "" fresh "" "" · · · · ·. # mkr # ·"
TW10_2048,4,0,rt [HANDLE] · · tarts mkr [URL]
TW10_2049,8,0,rt [HANDLE]: · · dickiest hashtag all · · seriously why not ·
TW10_2050,8,0,"rt [HANDLE]: · possibly you girls should · · · up · pigs, don't · your · · [HANDLE]"
TW10_2051,8,0,rt [HANDLE]: · to · fresh sausage' # mkr
TW10_2052,8,0,rt [HANDLE] lynn i · scored them # mkr
TW10_2053,8,0,rt [HANDLE] [HANDLE] bland duo · · done tonight i'm · again # · ·
TW10_2054,4,0,rt [HANDLE] this · · the. · ending ·. ·
TW10_2055,4,0,rt [HANDLE]: fark this · mkr · · [NUMBER] get
TW10_2056,4,0,rt [HANDLE]: # · heading [NUMBER] · instant restaurant ·
TW10_2057,4,0,rt [HANDLE] this · the · final december # ·
TW10_2058,3,0,""" lone the · will enter kitchen head quarters. and the best · in · punctuated by weird ·. "" ·"
TW10_2059,7,0,"care who it is, long it's not the # promogirls # ·"
TW10_2060,4,0,rt [HANDLE]: how unfortunate. · # ·
TW10_2061,4,0,rt [HANDLE] and a 7 smear lemon ·? # ·
TW10_2062,3,0,"smear of lemon · ""? # mkr"
TW10_2063,1,0,out come the fingers and toes do the counting ·
TW10_2064,3,0,? · · and instant couscous mkr
TW10_2065,7,0,· really wants to · them mkr
TW10_2066,1,0,joe is looking ·. mkr
TW10_2067,3,0,· · he is easily · ·. # ·
TW10_2068,1,0,"must fantastic · delusional, phantasmagoric world where everything evolves about you mkr"
TW10_2069,7,0,have you two even thought about the way you acted done round # · · ·
TW10_2070,1,0,"·: · 1. · a · · · truly ·. a · little girl with engaging grin "" um. mkr"
TW10_2071,4,0,rt [HANDLE] skippy not served · deconstructed · · photo · # · [URL]
TW10_2072,3,0,""" someone is going ·. absolutely. in the production · and is the · "" elimination round # mkr"
TW10_2073,1,0,we've proved we're not the dumb blondes with · faces. · # ·
TW10_2074,4,0,rt [HANDLE] # · · · ·.
TW10_2075,8,0,rt [HANDLE]: i · the blondes to · crisp loud girl in · mkr
TW10_2076,8,0,rt [HANDLE] · · · sausage. ·
TW10_2077,3,0,""" push 4. "" "" secretly in love you but not · come. i agree. "" ·"
TW10_2078,8,0,rt [HANDLE]: cringed · · the work · · mkr
TW10_2079,8,0,i agree with steve ·
TW10_2080,8,0,obviously · · # mkr
TW10_2081,1,0,"·, but in a good way mkr [URL]"
TW10_2082,8,0,rt [HANDLE] colin is · · from their · cause he · · # mkr
TW10_2083,4,0,is there an # · anonymous
TW10_2084,1,0,confuse you in an even · way · # ·
TW10_2085,4,0,i think that the silver lining is really · wish the storm wold · and · them · # mkr
TW10_2086,1,0,abstract? kindergarten · · # ·
TW10_2087,7,0,not enough lemon in their lemon · · woops
TW10_2088,7,0,well he ate it ·
TW10_2089,8,0,rt [HANDLE] a · mess plate ·
TW10_2090,4,0,"rt [HANDLE]: face · face · - model · is cringy, · · for cooking"
TW10_2091,8,0,"rt [HANDLE]: · any food · · with "" · ·"
TW10_2092,4,0,rt [HANDLE] · lemon · · · much · · might · · you've · lemon tart. ·
TW10_2093,1,0,· er. no. ·
TW10_2094,8,0,rt [HANDLE]: this is · ·
TW10_2095,3,0,the · · tart · pretty much like what your plate might look like after · · · ·
TW10_2096,1,0,· · · brought to you by · · foods. # ·
TW10_2097,1,0,"·, that's wholly · said no one ever # ·"
TW10_2098,8,0,rt [HANDLE] · of the · fresh! ·
TW10_2099,4,0,rt [HANDLE]: strategy working! · channel 7 having · own tweets lol · · 2015
TW10_2100,1,0,i just. can't. do. it. ( · a lame asinine · see it tv ) ·
TW10_2101,3,0,""" the sorbet looking amazing. the sorbet ·, not so much. "" # ·"
TW10_2102,8,0,rt [HANDLE] · · ·. · a · crap on · # · [URL]
TW10_2103,8,0,rt [HANDLE] truly ·
TW10_2104,7,0,i · many times · churner mkr
TW10_2105,8,0,rt [HANDLE] · menu · mkr
TW10_2106,1,0,[HANDLE] [HANDLE] deconstructed vomit ·
TW10_2107,7,0,"rt [HANDLE] · · · # mkr ·! are they hiding? "". pretty sure they're hiding any ability to · cook"
TW10_2108,1,0,[HANDLE] are coles marketing paleo sugar yet? # mkr
TW10_2109,8,0,"rt [HANDLE] ·, you can't bothered · it together ·"
TW10_2110,4,0,rt [HANDLE]: · if lone · washed · # mkr
TW10_2111,7,0,so this · to · · a · with nikki [URL] ·; they make done # ·
TW10_2112,4,0,rt [HANDLE] · hit · trouble she come! # ·
TW10_2113,4,0,rt [HANDLE]: [HANDLE] i'm as fresh a · butcher's shop # mkr
TW10_2114,4,0,rt [HANDLE] mkr who's dude · a hat to table. · · give · · being rude!
TW10_2115,1,0,· lemon · too bloody lazy · to it · mkr
TW10_2116,3,0,· to nikki breaking a · · · # mkr
TW10_2117,2,0,a · round of · restaurants i thought 3 · year · me wrong i · this show but seriously # ·
TW10_2118,6,0,mkr · · getting done - just · of the · fun · to at her expense following ·
TW10_2119,2,0,· · we · · · to be great! ·
TW10_2120,2,0,everyone's ·! this amazing. wait to see what they are going to this year # ·
TW10_2121,1,0,be · in the · say · · say never · # ·
TW10_2122,6,0,· france vs ireland vs paleo · lets ·
TW10_2123,2,0,colin is back. # ·
TW10_2124,2,0,top 4 get safety elimination! # ·
TW10_2125,2,0,·! · and · are safe! not happy # mkr
TW10_2126,6,0,mkr · is · ·. she is natural villian · ash who is a · ·.
TW10_2127,3,0,"possibly was a ·. they meant · "" · · · and apple pie. "" # ·"
TW10_2128,1,0,[HANDLE] particularly formulated by ugg mkr
TW10_2129,6,0,· lets · who producers · are going to better · - kat or nikki and katie?
TW10_2130,3,0,""" · · "" is a · ·. # ·"
TW10_2131,6,0,# · 17 · bullshit and unfair. been lot worst dishes than what they served.
TW10_2132,2,0,this · score is disgraceful ·
TW10_2133,2,0,[HANDLE] because they were safe from · as they finished top · groups mkr
TW10_2134,3,0,"last · i saw something · · had · ·. in their underwear. made of rattlesnake ·. "" # mkr"
TW10_2135,3,0,"are they going "" · · "" or "" sudden · ""? ·"
TW10_2136,6,0,· um · · (? ) - they should have ' seen · of you' the · · dish you ever cooked them
TW10_2137,7,0,"·, not kat / andre # mkr"
TW10_2138,3,0,didn't · · it blew · my · · is no matt ·. ·
TW10_2139,2,0,annie and · · death! no surprise ·
TW10_2140,7,0,[HANDLE] colin is doing his · impression of him with his · lol mkr
TW10_2141,2,0,congratulations on peoples choice ash · ·
TW10_2142,7,0,rt [HANDLE] so · · and · mkr
TW10_2143,2,0,·! · ·. well done girls. ·. mkr
TW10_2144,7,0,so · emilie the worst safe · # ·
TW10_2145,2,0,yay! · critique · ·! go girls! mkr
TW10_2146,7,0,they actually cooked logically for · · mum · name i can't · # mkr
TW10_2147,6,0,# mkr · on · · there should be four teams cook off!
TW10_2148,8,0,rt [HANDLE]: · # · genius · ·
TW10_2149,8,0,rt [HANDLE] · charming kat moment · # ·
TW10_2150,8,0,rt [HANDLE] is kat crazy like the · barbarous ·; ·. amp · ·
TW10_2151,8,0,rt [HANDLE] yeh. laugh · # mkr
TW10_2152,3,0,"· "" doesn't care if · the · "". · parks and wildlife. ·"
TW10_2153,8,0,"rt [HANDLE]: · "" feeling ·. she tried the · · ·. ·"
TW10_2154,8,0,rt [HANDLE] · of · · about mkr
TW10_2155,2,0,· bad food. plain and simple kat. ·
TW10_2156,6,0,· · · stop · grinning like a fool. · · up poster of · front of her to stop her smiling
TW10_2157,1,0,"· colin, pete can just hurl his ·. ·"
TW10_2158,2,0,· kat your turn now was just as bad. ·
TW10_2159,7,0,don't · bad · · mkr then gloating comes on lol
TW10_2160,2,0,annie lloyd · dish of the · if you ask # mkr
TW10_2161,7,0,jac / shaz dish sounds delish! ·
TW10_2162,3,0,"· is · sick "". she tried · · ·. ·"
TW10_2163,7,0,lots of raw · about mkr
TW10_2164,6,0,mkr · if you want ' possibly · · head · ·
TW10_2165,1,0,[HANDLE] by · we get through mkr
TW10_2166,8,0,rt [HANDLE] how · · · · · amp · vs kat amp; · ·
TW10_2167,1,0,[HANDLE] [HANDLE] · twits who cook; · surrounded by · mkr
TW10_2168,3,0,"you actually "" sold "" if you're charging for the · ( though you have · metaphorically. ) # ·"
TW10_2169,2,0,[HANDLE] me either mkr
TW10_2170,3,0,"· crossed tastes good. cut punter tastes · cardboard. "" # mkr"
TW10_2171,6,0,# mkr there · · good · - oh right - it's · · silly
TW10_2172,2,0,"· lloyd "" crime against cooking "" mkr"
TW10_2173,6,0,# · there's · boat over there a · cooking' ok i fully · · being a judge
TW10_2174,7,0,there is such · · & ·; what certain contestants think of their · mkr
TW10_2175,2,0,· cooking from kat and · ·
TW10_2176,1,0,· · and her mother · decided to avoid greek food like ·. ·
TW10_2177,7,0,kat / · · looks raw ·
TW10_2178,6,0,# · stuff - just buy the · · and make the breakfast · ·. not points for · in my ·.
TW10_2179,2,0,· emma's look good! ·
TW10_2180,3,0,"· if men at · be · for the kookaburra "" rift, then # masterchefau should be able to · · # · to court."
TW10_2181,6,0,# mkr how the fuck do you fuck breakfast?
TW10_2182,7,0,that looks bad mkr
TW10_2183,6,0,· · · ·.
TW10_2184,2,0,that the point pete? appeal the public? ·
TW10_2185,3,0,"in our element · food we've cooked · out a whole lot · than plan a serving food · else had cooked "" ·"
TW10_2186,1,0,cheeseymite rolls of some sort · # strayan # mkr
TW10_2187,6,0,mkr for the following · · · & amp; lloyd be · bowl of cornflakes with hash ·.
TW10_2188,3,0,""" decidedly 8 out 10. unless you're · ·. then · and strategic. ·"
TW10_2189,2,0,[HANDLE] no. ·. mkr
TW10_2190,7,0,· · · · emilie have nothing out # mkr
TW10_2191,7,0,i · · · / lynzey amp debra eva but safe right? mkr
TW10_2192,6,0,# · i would have · piquant · eggs with · & amp; roasted ·
TW10_2193,1,0,should've gone for the sliced pony · # · [URL]
TW10_2194,6,0,mkr · sound guy * drinks *
TW10_2195,6,0,"mkr · away from the kat, · ·."
TW10_2196,7,0,· please let kat / · go to · ·! ·
TW10_2197,2,0,karma is coming back to · annie and lloyd. # ·
TW10_2198,3,0,""" raw egg in · poured onto plate · nothing "" no. just no. ·"
TW10_2199,6,0,# · always good to sell food · ' left over · ·
TW10_2200,2,0,poor sheri ·. · so bad for them. # ·
TW10_2201,6,0,# · · · - calm farm · them one pancake
TW10_2202,2,0,many good looking dishes besides a · ones too. ·
TW10_2203,6,0,# · well you are not truly serving · · face it unless some · going · breakfast all of you!
TW10_2204,1,0,"[HANDLE] but salmonella ·, right? # ·"
TW10_2205,2,0,· · and emilie · to · · · mkr
TW10_2206,3,0,· for success is team · following · then · · to be feeling ·. mkr
TW10_2207,3,0,"suddenly 3 x the · of people who could · possibly · the tents pictured in the camp · ·, rock for ·. ·"
TW10_2208,2,0,· and camilla looking great at races · · [HANDLE] # 7 sport ·
TW10_2209,0,0,"wadhwa thinks women only · · him because they want "" attention. · 2015"
TW10_2210,0,0,· other women write a · a woman in · · it · ·. # stopwadhwa
TW10_2211,0,0,wadhwa lone cares about · - not women in · · 2015
TW10_2212,0,0,hell yea [HANDLE]. awesome post on wadhwa [URL] # ·
TW10_2213,0,0,"totally forgot how that · · me up to his office, too. lol no. time worth too much. stopwadhwa"
TW10_2214,0,0,rt [HANDLE] [URL] this oblivious [HANDLE] meltdown is · women dared to · against him. · …
TW10_2215,0,0,[HANDLE] · · managing cfps blogs out of the question
TW10_2216,0,0,· started contacting · follow me on twitter to tell them how · he is in them. # ·
TW10_2217,0,0,· there would be value · to answer inquiries · · for · that insists · · · stopwadhwa
TW10_2218,0,0,one · he · · · more. but some reporters will look pretty dumb if their women in tech · are 100 % about ·.
TW10_2219,0,0,[HANDLE] ran · getting them ·. which is weird. their news · have · · about in the ·.
TW10_2220,0,0,[HANDLE] guessing they are just used · out ·
TW10_2221,0,0,"stopwadhwa 2015 he is developing ties ·. relies on their support, · ·."
TW10_2222,0,0,stopwadhwa 2015 he · pathetically low amount of female engineers merely · with female reporters
TW10_2223,0,0,"[HANDLE] [HANDLE] you can just do with twitter search. unless you are · to · ·. ez enough to ·, though."
TW10_2224,0,0,"· · [HANDLE] · for women in tech · hell ·, · # stopwadhwa"
TW10_2225,0,0,watching [HANDLE] · that never received fiscal compensation oh · we know this · # stopwadhwa 2015
TW10_2226,0,0,money is the smallest · success in tech. accomplishment · rep of wadhwa hides from women.
TW10_2227,0,0,"yea, i've · a bit of a ·. · ·."
TW10_2228,0,0,"· [HANDLE], we're · save the world - · · - from · like * you *. stopwadhwa"
TW10_2229,0,0,[HANDLE] never
TW10_2230,0,0,[HANDLE] not a shark the tree behind the shark.
TW10_2231,0,0,[HANDLE] but that tree creeper. look at it. look into its ·.
TW10_2232,0,0,my name is randi lee harper · lee is trending ·
TW10_2233,0,0,[HANDLE] i haven't heard anything. but i can · eyes ·.
TW10_2234,0,0,rt [HANDLE]: · thing is that · in tech debate is becoming · · with · · beginning · ·
TW10_2235,0,0,· · - awareness from [HANDLE] · now · hilarious # ·
TW10_2236,0,0,mom's dog just woke ·. crying past minutes and cannot be soothed his butt betrayed
TW10_2237,0,0,· people in · now trolling # stopwadhwa so called this. [URL]
TW10_2238,0,0,·. so perfect. [URL]
TW10_2239,0,0,rt [HANDLE] [HANDLE] [HANDLE] data raises interesting points on · · it's gross see [HANDLE] ·
TW10_2240,0,0,""" · "" aka respond to blog post he made about after id forgotten all about him [HANDLE] [HANDLE] [HANDLE]"
TW10_2241,0,0,[HANDLE] · o
TW10_2242,0,0,gamergate [URL]
TW10_2243,0,0,· [URL]
TW10_2244,0,0,· gamergater doesn't like ·. [URL]
TW10_2245,0,0,[HANDLE] shopped off website before:
TW10_2246,0,0,please · · · support to [HANDLE]. · mobbing her game · · ·. [URL] ·
TW10_2247,0,0,rt [HANDLE] [HANDLE] · · [HANDLE] · himself talking women in tech ·. · at stopw …
TW10_2248,0,0,[HANDLE] [HANDLE] [HANDLE] besides · his book · to rt criticism sent to his · · then blamed ·.
TW10_2249,0,0,[HANDLE] how is that related ·
TW10_2250,0,0,[HANDLE] · hah.
TW10_2251,0,0,[HANDLE] fuck errything about brietbart
TW10_2252,0,0,rt [HANDLE] ·: the · of · women are not · team are ·
TW10_2253,0,0,[HANDLE] perfection
TW10_2254,0,0,· wait someone valve · · · · i kid. but that · quite amusing. had happened. wholly didn't.
TW10_2255,0,0,"just want to hear the · "" collusion"
TW10_2256,0,0,[HANDLE] [HANDLE] does it matter?
TW10_2257,0,0,"[HANDLE] [HANDLE] [HANDLE] at this point? you · it's · · by · with down · aplenty, choice is yours."
TW10_2258,0,0,[HANDLE] that's pretty not useful and not helpful. explain.
TW10_2259,0,0,[HANDLE] [HANDLE] ·
TW10_2260,0,0,[HANDLE] throw a vote way once i get to a ·
TW10_2261,0,0,· 1337 is a · poster / · the board that · · · · / · [URL]
TW10_2262,0,0,"also, · ·."
TW10_2263,0,0,[HANDLE] it is charging okay?
TW10_2264,0,0,[HANDLE] skill
TW10_2265,0,0,rt [HANDLE] · · · in · · ·. [HANDLE] [HANDLE] it [URL] [URL]
TW10_2266,0,0,rt [HANDLE]: [HANDLE] the actual · is are · 1 · and or · · per 5 - player team which much worse
TW10_2267,0,0,"[HANDLE] [HANDLE] were 2 · there would be no gaming, lone ·, obviously. speak for ·"
TW10_2268,0,0,"[HANDLE] this · · ·, right?"
TW10_2269,0,0,rt [HANDLE]: besides i · this [URL] in · this ·?
TW10_2270,0,0,rt [HANDLE] · · welcome at official · ·. · with partners to ensure · with our · across
TW10_2271,0,0,i take a · · play video games anymore ·
TW10_2272,0,0,seeing cute women in my tl tweeting how they are into chicks amp; just · to be most rough person ever · · ·
TW10_2273,0,0,[HANDLE] so. many ·.
TW10_2274,0,0,[HANDLE] ·. but · cute too!
TW10_2275,0,0,[HANDLE] not for much longer
TW10_2276,0,0,"[HANDLE] [HANDLE] visiting · ·, and she's all, laughing i don't · explain this"
TW10_2277,0,0,"rt [HANDLE]: [HANDLE] [HANDLE] "" truly · i'm · shark "" [URL]"
TW10_2278,0,0,rt [HANDLE] [HANDLE] lgbt excessively · · ·
TW10_2279,0,0,is there large · vc who has · · · leanings? ·. not looking for ·.
TW10_2280,0,0,[HANDLE] i think i've ever asked anyone out before. ·. want to get some · i get back ·?
TW10_2281,0,0,[HANDLE] · · certain
TW10_2282,0,0,rt [HANDLE] · harsh bank · · [URL]
TW10_2283,0,0,"rt [HANDLE] [HANDLE] which i * think * is called "" ·."
TW10_2284,0,0,at what point did · · confusing · ·?
TW10_2285,0,0,plz stop · black · · ·
TW10_2286,0,0,"[HANDLE] be, just late as usual"
TW10_2287,0,0,[HANDLE] i · love her. she is · ·.
TW10_2288,0,0,white women who need · black women more
TW10_2289,0,0,"[HANDLE] no one is perfect. · ·, and then we · for. · aren't special."
TW10_2290,0,0,"like, got our · ·, but got to ·."
TW10_2291,0,0,[HANDLE] 19 % is not the huge majority
TW10_2292,0,0,[HANDLE] [HANDLE] [HANDLE] · · · · your birth certificate
TW10_2293,0,0,[HANDLE] [HANDLE] [HANDLE] [HANDLE] [HANDLE] [HANDLE] all · him over his · · · sep
TW10_2294,0,0,gamergate · comments as a service
TW10_2295,0,0,pause · as you realize the harsh reality of that ·.
TW10_2296,0,0,not · · on if · · his ·. know. ·.
TW10_2297,0,0,he stated in the · that people had bought · to try to get his account trouble
TW10_2298,0,0,· a · his followers are · have known this this isn't news
TW10_2299,0,0,but saying that he did is not okay. know. we will probably never know. · them.
TW10_2300,0,0,we already know his reach truly · beyond · · his follower count does not matter
TW10_2301,0,0,[HANDLE] cool worry about
TW10_2302,0,0,someone sent · to the wrong address. baph is so · · freebsd is supportive as usual. [URL]
TW10_2303,0,0,rt [HANDLE] [HANDLE] according to [URL] su a for · firm · corporation ) on · · · ·
TW10_2304,0,0,[HANDLE] [HANDLE] [HANDLE] [HANDLE] i guess you're · at linkedin. sad for you!
TW10_2305,0,0,rt [HANDLE] [HANDLE] this is you'll ever be known for very · that merely · excessively: [HANDLE] [HANDLE] [HANDLE]
TW10_2306,0,0,[HANDLE] like you. respect.
TW10_2307,0,0,[HANDLE] heh heh
TW10_2308,0,0,[HANDLE] literally my domain whois
TW10_2309,0,0,· baph · many times that · · · plz do better. · skittles ·.
TW10_2310,0,0,[HANDLE] don't truly know most of people are dumb.
TW10_2311,0,0,[HANDLE] sometimes
TW10_2312,0,0,[HANDLE] ·
TW10_2313,0,0,[HANDLE] [HANDLE] [HANDLE] you are · · named ·
TW10_2314,0,0,i have 17 · named · characters. [HANDLE] [HANDLE] [HANDLE]
TW10_2315,0,0,rt [HANDLE]: [HANDLE] [HANDLE] someone blocking · [HANDLE] certain does · to find her way into dis
TW10_2316,0,0,· · dare she respond [HANDLE] [HANDLE] [HANDLE]
TW10_2317,0,0,[HANDLE] [HANDLE] send an email tomorrow morning; )
TW10_2318,0,0,rt [HANDLE] what · ·? 2 · · [HANDLE] [URL]
TW10_2319,0,0,"seriously though, that promoted tweet is the funniest · ever"
TW10_2320,0,0,rt [HANDLE] [HANDLE] people spending · to · get temporarily · · that · be the most
TW10_2321,0,0,rt [HANDLE]: [HANDLE] · paying · to · [HANDLE] · to ·. ·. sjw · of ·
TW10_2322,0,0,rt [HANDLE] [HANDLE] [HANDLE] lol even their · tweet a ·. · ·.
TW10_2323,0,0,i cannot stop ·.
TW10_2324,0,0,am so tempted · · so they can · money on promoting my · ·
TW10_2325,0,0,by the · was just hanging · from github talking about their decision to · gamergate's · ·
TW10_2326,0,0,"[HANDLE] oh they did then they refused remove my ·, which pissed off the ·"
TW10_2327,0,0,"rt [HANDLE] [HANDLE] [HANDLE] · · waste ·, finally · · to afford · · …"
TW10_2328,0,0,"· never learn that · time they do · to harass me like this, people learn about · to stop ·."
TW10_2329,0,0,"so, uh · the free advertising!"
TW10_2330,0,0,[HANDLE] [HANDLE] was great to · you! · you the kind ·
TW10_2331,0,0,[HANDLE] i softly helping some gators ·.
TW10_2332,0,0,rt [HANDLE] yes · · · · unironically.
TW10_2333,0,0,[URL]
TW10_2334,0,0,rt [HANDLE] twitter switched to mongodb · ·
TW10_2335,0,0,driving back · francisco · afternoon
TW10_2336,0,0,"it's ·, seattle, but the swellings gone down"
TW10_2337,0,0,[HANDLE] yup!
TW10_2338,0,0,[HANDLE] i was presenting i · ·. but i don't · · the · of a · that.
TW10_2339,0,0,[HANDLE] who?
TW10_2340,0,0,[HANDLE] diversity panels feel a · like · ·. they can good merely it depends.
TW10_2341,0,0,"you know, that's · · possibly should · promoted · for ggautoblocker"
TW10_2342,0,0,[HANDLE] [HANDLE] [HANDLE] [HANDLE] nice · you too!
TW10_2343,0,0,[HANDLE] possibly! staying · it's a · bit of a ·
TW10_2344,0,0,[HANDLE] i have no interest gratipay beyond · as an example of what not do
TW10_2345,0,0,"[HANDLE] it lovely ·, too."
TW10_2346,0,0,rt [HANDLE]: · · merely · [HANDLE] losing · with [HANDLE] · · gamergate [URL]
TW10_2347,0,0,rt [HANDLE] [HANDLE] [HANDLE] losing difficult.
TW10_2348,0,0,[HANDLE] [HANDLE] [HANDLE] unsubscribe
TW10_2349,0,0,rt [HANDLE]: oh my · god see [HANDLE] [URL]
TW10_2350,0,0,"went comic shopping tonight [HANDLE], [HANDLE], [HANDLE] · · ·: ) [URL]"
TW10_2351,0,0,[HANDLE] yes
TW10_2352,0,0,rather truly want a · implant in my · now
TW10_2353,0,0,[HANDLE] but daad
TW10_2354,0,0,[URL]
TW10_2355,0,0,[HANDLE] [HANDLE] make me
TW10_2356,0,0,rt [HANDLE]: · crash override ·: · security passwords multifactor social engineering you [URL]
TW10_2357,0,0,[HANDLE] · ·
TW10_2358,0,0,[HANDLE] [HANDLE] ·
TW10_2359,0,0,[HANDLE] amazing! · )
TW10_2360,0,0,[HANDLE] [HANDLE] [HANDLE] what are video ·
TW10_2361,0,0,a random · keeps blogging about me a sexist asswipe · · with my projects · did it [HANDLE]
TW10_2362,0,0,"merely · · warping facts, right? [HANDLE]"
TW10_2363,0,0,[HANDLE] [HANDLE] nah. a truly · · · the worst · methodologies ever
TW10_2364,0,0,"rt [HANDLE] woke see revolution pc · · steam · · 20 ·! amazing, ·! [URL]"
TW10_2365,0,0,· · anti · · · i'm building is growing. ·. · needs
TW10_2366,0,0,if you're company in · has · community dept or person something you want ·. · up [EMAIL]
TW10_2367,0,0,"purpose of this group is to · types of abuse seen, talk about how to deal with, and diff policy · / · are ·."
TW10_2368,0,0,[HANDLE] ·. want see this · internet video conf · become a thing.
TW10_2369,0,0,· this · stalker · in · · at me. [URL]
TW10_2370,0,0,[HANDLE] only one person.
TW10_2371,0,0,[HANDLE] is [NUMBER]? who uses msn?
TW10_2372,0,0,[HANDLE] certain ) but i don't know them personally this is what my soon · does i'm not signing off on some rando
TW10_2373,0,0,[HANDLE] things need to · small grow
TW10_2374,0,0,rt [HANDLE] ·: fcc will motion have · filed nether title · as · [URL]
TW10_2375,0,0,[HANDLE] [HANDLE] [HANDLE] · trigger too many · ·. would lose his · · ·
TW10_2376,0,0,i am going to · anyone see · how · · his ·. · uncorroborated ·. not cool.
TW10_2377,0,0,"care what bs cernovich ·, damn ·. for real, ·"
TW10_2378,0,0,· to · rumors is basically the same · gaters saying i was arrested drugs
TW10_2379,0,0,rt [HANDLE]: [HANDLE] might want to · · person at twitter [URL]
TW10_2380,0,0,[HANDLE] noted. although this is tricky - what's · · · suspended · account
TW10_2381,0,0,[HANDLE] i think going push it · outside of safety get some better · reviews
TW10_2382,0,0,[HANDLE] [HANDLE] [HANDLE] · · that · · · to get his acct suspended.
TW10_2383,0,0,[HANDLE] the trickiest thing of all; )
TW10_2384,0,0,[HANDLE] [HANDLE] [HANDLE] possibly. but regardless · to · · would · gaters.
TW10_2385,0,0,"[HANDLE] [HANDLE] [HANDLE] sitting · uncorroborated rumors is a shit move, though. we gaters."
TW10_2386,0,0,rt [HANDLE]: my wife co · pyladies the · · · for gender · let women speak. · 2015 [URL]
TW10_2387,0,0,rt [HANDLE] · i'm · chill · · then · pups and remind you [HANDLE] · · for tech. # ·
TW10_2388,0,0,rt [HANDLE] wadhwa thinks · intense · helping · tech realizing fire getting is doing · # …
TW10_2389,0,0,[HANDLE] you ·. fuck · about that guy.
TW10_2390,0,0,"ohmygod i realized what "" my boggy knees "" · · "" · peaches "" feel ·"
TW10_2391,0,0,[HANDLE] [HANDLE] watching · k followers explain twitter been the highlight of my past minutes.
TW10_2392,0,0,[HANDLE] [HANDLE] yes
TW10_2393,0,0,rt [HANDLE] [HANDLE] [HANDLE] · · · is difficult ·
TW10_2394,0,0,[HANDLE] [HANDLE] is too
TW10_2395,0,0,sick him
TW10_2396,0,0,". [HANDLE] except · ·, prescribed, and i wasn't arrested it. next troll?"
TW10_2397,0,0,· pajama pants that look · pajama pants. · · in super · bros pants. · gonna ·.
TW10_2398,0,0,rt [HANDLE]: literally · · has been · single criticism response · my · work. so ·
TW10_2399,0,0,"[HANDLE] just change · pic · · · w brilliantly · hair. · "" · are · "" "" · are sexist """
TW10_2400,0,0,proof [URL]
TW10_2401,0,0,[HANDLE] i am not taking · · from someone doesn't know the diff between wear ·
TW10_2402,0,0,[HANDLE] yes;
TW10_2403,0,0,[HANDLE] as was [HANDLE] [HANDLE]
TW10_2404,0,0,this is the best ·. [URL]
TW10_2405,0,0,[HANDLE] [HANDLE] [HANDLE] bring the party!
TW10_2406,0,0,[HANDLE] w not v
TW10_2407,0,0,[URL]
TW10_2408,0,0,[HANDLE] she auto follows ·
TW10_2409,0,0,rt [HANDLE]: cannot unsee [URL]
TW10_2410,0,0,· my lip · freak out my mom.
TW10_2411,0,0,[HANDLE] no worries
TW10_2412,0,0,ur face is classified as a · by the fcc.
TW10_2413,0,0,"· round kids it's · time, brought by my good friend [HANDLE]."
TW10_2414,0,0,"once upon time land far, · ·, the great state of georgia yours · · with [HANDLE]"
TW10_2415,0,0,"· ·, but stayed · · the years. got · while i · off my ·, · ·, · ·."
TW10_2416,0,0,"this · · ·, when the hero of story, [HANDLE], was on a bus near uga · his podcasts, doing his ·."
TW10_2417,0,0,". when he hears "" blue haired bitch "" "" · "" and "" freebsdgirl "". ·, ·."
TW10_2418,0,0,"words said the · protested "" free speech! "" - alas, speech may be free, merely consequences"
TW10_2419,0,0,"given that friend · · and gaters were not, they quickly departed the following ·, alternatively of · ""."
TW10_2420,0,0,"take heed, ·. you're alone · · of ·. · will stand up to. men and women will stand up."
TW10_2421,0,0,[HANDLE] i. i thought you were snarky.
TW10_2422,0,0,lrt did not appear to be snark pretty certain · was ·.
TW10_2423,0,0,didn't think there were any of those people ·.
TW10_2424,0,0,[HANDLE] [HANDLE] [HANDLE] lol suure
TW10_2425,0,0,"rt [HANDLE] [HANDLE] · · didn't · · to · that silver "" ethics "" · · a free · [URL]"
TW10_2426,0,0,". [HANDLE] right. they are! show me where · drugs "" and failure appear · ·"
TW10_2427,0,0,[HANDLE] · fight
TW10_2428,0,0,[HANDLE] [HANDLE] [HANDLE] also sorta · · · of things. will get clarity ·
TW10_2429,0,0,not looking for · outside of my · - · ·; [HANDLE]
TW10_2430,0,0,· devil wears prada reaffirms my desire to be single everlastingly needy · ·.
TW10_2431,0,0,"remain · [HANDLE] · complex · with no easy ·. · ·, · ·."
TW10_2432,0,0,. [HANDLE] [HANDLE] watched 4 episodes of in living color i am kinda an expert gawd ·
TW10_2433,0,0,[HANDLE] [HANDLE] i can bring
TW10_2434,0,0,[HANDLE] · rad.
TW10_2435,0,0,my · · · to offer me pot ·! then he farted for 5 seconds when i declined.
TW10_2436,0,0,"mom · · of coupons for buying · i love my ·, but i am · · ·"
TW10_2437,0,0,[HANDLE] didn't acknowledge the · i dont know
TW10_2438,0,0,[HANDLE] killallmen
TW10_2439,0,0,[HANDLE] [HANDLE] · side note that show was my lone · of a poc i. backwoods · ·. saw 1 ep.
TW10_2440,0,0,[HANDLE] i saw. working · safety ·. i have faith they want do the right thing.
TW10_2441,0,0,"[HANDLE] [HANDLE] pretty chill · sick, though. · sclerosis which is why · stoned"
TW10_2442,0,0,"rt [HANDLE]: btw · twitter accounts [HANDLE] [HANDLE], [HANDLE]"
TW10_2443,0,0,· tempting. but i'm just so weird money. i · · · of · patron tbh. · · ·.
TW10_2444,0,0,"i so many ideas · time, even doing this full · % of what i'm doing is talking people"
TW10_2445,0,0,"· finding · ·, but all so difficult because i care * so much *."
TW10_2446,0,0,[HANDLE] [HANDLE] yet. i should.
TW10_2447,0,0,[HANDLE] i need to sit with one and figure out how to be a better · ·; )
TW10_2448,0,0,[HANDLE] · stage given up · a good task · · app · with · · a notepad.
TW10_2449,0,0,[HANDLE] [HANDLE] · · · to find those · · what to with ones i've ·.
TW10_2450,0,0,it is not a · · it is a · to share · · this particular one being · · · comparisons · [HANDLE]
TW10_2451,0,0,burn the building down
TW10_2452,0,0,[HANDLE] [HANDLE]. a · a mental list that i · done several times a day know pm · yet
TW10_2453,0,0,possibly should · · a · ·. what is a · kit how · ·
TW10_2454,0,0,[HANDLE] i think so:
TW10_2455,0,0,[HANDLE] responses · got the block list enabled so i see nothing.
TW10_2456,0,0,"[HANDLE] [HANDLE] yea, more activist specific. less time · press · · ·."
TW10_2457,0,0,[HANDLE] i think women in · · · money activism lots articles.
TW10_2458,0,0,"[HANDLE] read ·, but it doesn't · it · for me."
TW10_2459,0,0,"i looking a specific video [HANDLE] i · "" anita sarkeesian "" on ·. good grief. · angry manchildren."
TW10_2460,0,0,wanted · mom her ted talk mom saw search · started · the fuss
TW10_2461,0,0,". [HANDLE] yes, i found it"
TW10_2462,0,0,[HANDLE] [HANDLE] not game · stuff though? · · · off as easy · for press.
TW10_2463,0,0,[HANDLE] wait when i · · and what is that?
TW10_2464,0,0,[HANDLE] [HANDLE] · · in my · in the winter. he's the little ·.
TW10_2465,0,0,[HANDLE] [HANDLE] · cats
TW10_2466,0,0,my job gives me a constant stream of endorphins.
TW10_2467,0,0,rt [HANDLE] · · attempts our · since launch: 184 · override · 763 overall inc
TW10_2468,0,0,"i think i need to make · ·, too. ·. so ·. of it. i am still · to terms with being my ·."
TW10_2469,0,0,· · just such · change · · · · full time · to. any this
TW10_2470,0,0,getting too many friend reqs · know. i'd rather just manage · · all · · from · of leo.
TW10_2471,0,0,is that weird doing right · · · ·
TW10_2472,0,0,"rt [HANDLE]. [HANDLE] [HANDLE] 1 · · · anita sarkeesian "" 93 · rants · "" · ·. * 7 femf …"
TW10_2473,0,0,not important. · ·. people · me · this are. · the · being · to be about me
TW10_2474,0,0,[HANDLE] right? i · · things i ·. but now people · · responsibility.
TW10_2475,0,0,[HANDLE] hehe. was actually super · · · so · and think about
TW10_2476,0,0,[HANDLE] yes! like i have no idea what i doing most of time if i'm · ·.
TW10_2477,0,0,"[HANDLE] [HANDLE] certain shoot me an email, [EMAIL]"
TW10_2478,0,0,[HANDLE] [HANDLE] was · part of that.
TW10_2479,0,0,"rt [HANDLE] hey [HANDLE], was thinking of supporting on · much patreon · "" · · ·"
TW10_2480,0,0,would hate you · parents for their credit card [HANDLE]
TW10_2481,0,0,[HANDLE] ·
TW10_2482,0,0,[HANDLE] i get 20 + a ·. largely indian people. no clue why.
TW10_2483,0,0,omg · · with · is sweetheart but i · kill he stumbles one more time done · room i'm ·.
TW10_2484,0,0,he is not all. and i guess he · · that · · · · i · sleep
TW10_2485,0,0,"[HANDLE] lol i · [HANDLE] watch, she's full gamergate nuts"
TW10_2486,0,0,[HANDLE] [HANDLE] wrote most · · letter about her. loled for ·. forgot · until.
TW10_2487,0,0,[HANDLE] [HANDLE] then she kept · these weird threats way like · · · style
TW10_2488,0,0,"[HANDLE] · does "" identity - certain mean? i've · · this merely · it sound like she thinks trans are ·"
TW10_2489,0,0,at · i'm · to be making · · my car as i drive home.
TW10_2490,0,0,"[HANDLE] oh, weird i'm · · twitter"
TW10_2491,0,0,"[HANDLE] uh, yea · · the call out, though"
TW10_2492,0,0,·. that's what i get · / joking · · random internet rage. [URL]
TW10_2493,0,0,[HANDLE] and what a · ass you are. charitable go fuck yourself.
TW10_2494,0,0,[HANDLE] a one time donation is · very · i'll give them that · ·
TW10_2495,0,0,"[HANDLE] am · to ·, but thanks anyhow"
TW10_2496,0,0,·. that makes sense. [URL]
TW10_2497,0,0,[HANDLE] yup. particularly since start a · · · the morning.
TW10_2498,0,0,sure is weird how i only ever see · things · gamergate ·.
TW10_2499,0,0,[HANDLE] · if sarcasm or clueless
TW10_2500,0,0,· to · to think women need to compete · of men. haven't · to ·? gawd [URL]
TW10_2501,0,0,[HANDLE] i do a search name · this i · peace
TW10_2502,0,0,"[HANDLE] you · · me · it isn't ·. people may argue, but criticism important."
TW10_2503,0,0,[HANDLE] it's · sometimes and · · · when nether · · · i · a troll
TW10_2504,0,0,[HANDLE] but those · worry me i don't · · thinking. not certain to ·
TW10_2505,0,0,"[HANDLE] if you have · i'd · · them. i know how to offer is - if you get · of ·, let me know?"
TW10_2506,0,0,[HANDLE] indeed. some people are possibly · protective in that regards than i · like.
TW10_2507,0,0,"[HANDLE] lucky in that have some those people, too. · walk away when i get · * too * ardent, though."
TW10_2508,0,0,"[HANDLE] it helps · · eyes watching - ·, but msm, people i ·, ·. · · me"
TW10_2509,0,0,"[HANDLE] ·, no kidding i miss · asshole, awful · · it, but everything in moderation"
TW10_2510,0,0,[HANDLE] oh good lord. if lone i · patience
TW10_2511,0,0,[HANDLE] was a · · for · time · how to deal with children would have been an asset
TW10_2512,0,0,[HANDLE] i · a · so · to · to their hate · ·
TW10_2513,0,0,[HANDLE] i think i · to get back to · now but thanks having talk with
TW10_2514,0,0,no. [URL]
TW10_2515,0,0,[HANDLE] lol
TW10_2516,0,0,rt [HANDLE] [HANDLE] certain is weird lone · · true things · to the gamergate ·
TW10_2517,0,0,certain am hungry for some scrambled ·
TW10_2518,0,0,# · got a · arstechnica [URL] · [HANDLE] )
TW10_2519,0,0,·. [URL]
TW10_2520,0,0,"looks of my · feed this morning, [HANDLE] made herself · first · in · by saying something · fucked up"
TW10_2521,0,0,· have a video of this
TW10_2522,0,0,[HANDLE] [HANDLE] not sure
TW10_2523,0,0,"like think that feminists can do feminism however they want, i don't ·. but if your feminism shits woc it's not feminism."
TW10_2524,0,0,"feminism should be ·. what rosie just blows mind. · "" feminism "" woc. holy crap."
TW10_2525,0,0,rt [HANDLE] [HANDLE] [HANDLE] happened · called [HANDLE] bully for · out violence woc in · · wo
TW10_2526,0,0,rt [HANDLE] [HANDLE] [HANDLE] then turned [HANDLE] s tw · ( her last name into a racial ·
TW10_2527,0,0,[HANDLE] [HANDLE] [HANDLE] [HANDLE] · · ·.
TW10_2528,0,0,rt [HANDLE]: checked the · merely i don't · fucking put ·
TW10_2529,0,0,"rt [HANDLE]: large government, · - freedom · why i am favour · ·"
TW10_2530,0,0,the markov · roll this morning.
TW10_2531,0,0,[HANDLE] twitter ebooks ·
TW10_2532,0,0,[HANDLE] i'm waiting for one. but mostly i'm watching · of ·.
TW10_2533,0,0,favorite part · has to be all amazing new · [URL]
TW10_2534,0,0,rt [HANDLE] [HANDLE] [HANDLE] [HANDLE] · · · code have the basics for ruby · the sit …
TW10_2535,0,0,rt [HANDLE] [HANDLE] [HANDLE] [HANDLE] · start an · · i had · · with.
TW10_2536,0,0,look what i have. [URL]
TW10_2537,0,0,[HANDLE] [HANDLE] top kek
TW10_2538,0,0,i · home have 1 million emails answer. [URL]
TW10_2539,0,0,"i was · · portland, but i don't think going · that. excessively much when i get ·"
TW10_2540,0,0,i'll likely be back in · conference ·
TW10_2541,0,0,[HANDLE] [HANDLE] i submitted cfp i at · · i get accepted
TW10_2542,0,0,he won't stop staring at. [URL]
TW10_2543,0,0,"[HANDLE] regretful i · a chance to ·. i loved, but i ended up go home quicker i thought"
TW10_2544,0,0,you · · · waffle house right now.
TW10_2545,0,0,[HANDLE] yes
TW10_2546,0,0,[HANDLE] me too
TW10_2547,0,0,[HANDLE] blasphemy
TW10_2548,0,0,[HANDLE] [HANDLE] possibly
TW10_2549,0,0,[HANDLE] [HANDLE] well done
TW10_2550,0,0,"rt [HANDLE]: fda, · · is a gay · [URL]"
TW10_2551,0,0,· of · · rts woc / · · to · white girl guilt now ·
TW10_2552,0,0,yay new reason for people · me shove
TW10_2553,0,0,"it's called · pissants. pay attention, might learn something."
TW10_2554,0,0,[HANDLE] [HANDLE] doesn't look like
TW10_2555,0,0,[HANDLE] ·
TW10_2556,0,0,"rt [HANDLE] · [HANDLE] · interviewed huffpost · about # · and of course she starts with "" · …"
TW10_2557,0,0,[HANDLE] this this. a million times this this · know fill out dating · sexual ·: amazing.
TW10_2558,0,0,[HANDLE] [HANDLE] hate math merely strongly appreciate anyone · · math
TW10_2559,0,0,"[HANDLE] [HANDLE] truly, · show me someone that · a string · happy woman if you know what i ·"
TW10_2560,0,0,[HANDLE] [HANDLE] [HANDLE] [HANDLE] · my tweets are properly geotagged
TW10_2561,0,0,[HANDLE] [HANDLE] top kek
TW10_2562,0,0,remember · dude · and led the mob against · & amp; · · · kickstarter? has another [URL]
TW10_2563,0,0,[HANDLE] ·
TW10_2564,0,0,rt [HANDLE] [HANDLE] · know ks's · · doxxing ·?
TW10_2565,0,0,[HANDLE] what mock ·
TW10_2566,0,0,[HANDLE] got · banned because gg mass reported. · twitter · unbanned
TW10_2567,0,0,"rt [HANDLE] [HANDLE] and: 00 stream he · · in · · you, · [URL]"
TW10_2568,0,0,rt [HANDLE]: [HANDLE] · · [URL]
TW10_2569,0,0,[HANDLE] yes
TW10_2570,0,0,[HANDLE] not once we get · ^ ^
TW10_2571,0,0,rt [HANDLE]: piss · ·. [URL]
TW10_2572,0,0,"[HANDLE] oh, · · - blocked it"
TW10_2573,0,0,rt [HANDLE]: · · · for · and · people use the · kickstarter link the · https …
TW10_2574,0,0,rt [HANDLE] · ·: [URL] [URL] [URL] [URL]
TW10_2575,0,0,· other · way too busy · · · · · game
TW10_2576,0,0,"this · a game, it's · online abuse"
TW10_2577,0,0,[HANDLE] [HANDLE] i'm not down · ·. particularly · launching · later
TW10_2578,0,0,[HANDLE] [HANDLE] · to ·. not cool.
TW10_2579,0,0,[HANDLE] [HANDLE] [HANDLE] we aren't gamergate shit like this.
TW10_2580,0,0,rt [HANDLE]: the speech they · · me mlk [URL]
TW10_2581,0,0,[HANDLE] [HANDLE] [HANDLE] contact ks directly · · ·
TW10_2582,0,0,[HANDLE] [HANDLE] ·
TW10_2583,0,0,[HANDLE] mayybe. is there cfp? done some neat stuff · graphite · metrics
TW10_2584,0,0,[HANDLE] [HANDLE] [HANDLE] · for · activism is pretty · stuff
TW10_2585,0,0,rt [HANDLE] it · if women ran the world we'd · living · ·.
TW10_2586,0,0,[HANDLE] [HANDLE] [HANDLE] i saw.
TW10_2587,0,0,"i just saw 2 follow row, truly · i have · are due on friday · guys"
TW10_2588,0,0,· · [URL]
TW10_2589,0,0,"[HANDLE] · · here, you nerd"
TW10_2590,0,0,·. i just realize how much life must suck for somebody who is actually named · ·
TW10_2591,0,0,· · when · thought · repo excessively would make me · open source.
TW10_2592,0,0,shoutout that dude that tried · releasing the source code for # · if take the · down
TW10_2593,0,0,[HANDLE] [HANDLE] yup
TW10_2594,0,0,· tweets is the worst.
TW10_2595,0,0,shoutout time someone · # ggautoblocker · · · thought i it because they didn't understand ·
TW10_2596,0,0,i think that · · got · i started laughing center done
TW10_2597,0,0,"rt [HANDLE]: [HANDLE] think the "" apple uses · without · · still favorite"
TW10_2598,0,0,"· those · that · freebsd thinking that they were my · oh ·, that's · ·"
TW10_2599,0,0,"last but not least, · · bus in georgia that were talking shit until they ran after being · ·"
TW10_2600,0,0,[HANDLE] i'm headed · i'm · from the border. i'll let you know.
TW10_2601,0,0,[HANDLE] github shut them down
TW10_2602,0,0,strongly debating stopping by ikea in ·. no sales tax
TW10_2603,0,0,[HANDLE] gas is pretty cheap right now
TW10_2604,0,0,· ikea ·
TW10_2605,0,0,[HANDLE] yup
TW10_2606,0,0,[HANDLE] ·.
TW10_2607,0,0,rt [HANDLE]: the · inspired · amp order: · trailer [URL]
TW10_2608,0,0,rt [HANDLE] rear · grace hopper badass a · [HANDLE] i resist · · image · [HANDLE] ) h
TW10_2609,0,0,· garrison.
TW10_2610,0,0,"[HANDLE] [HANDLE] rather ·, given very low percentage · are geo tagged."
TW10_2611,0,0,[HANDLE] · gosh. no! the problem is that i've · and forgot to garrison stuff.
TW10_2612,0,0,[HANDLE] · are ·. i am just very committed ·
TW10_2613,0,0,[HANDLE] i've just been · about a · and i just realized that i completely forgot about everything.
TW10_2614,0,0,[HANDLE] · i am actually more upset forgetting my · am about missing · ·.
TW10_2615,0,0,"is the next darkmoon · i am so, so close to being grandma the insane."
TW10_2616,0,0,[HANDLE] yes
TW10_2617,0,0,possible · reward personally dye hair your · color of choice
TW10_2618,0,0,[HANDLE] doing okay
TW10_2619,0,0,rt [HANDLE]: · ryan is · ·. · · is · · keeps ing her on twitter coming soon got ·
TW10_2620,0,0,rt [HANDLE]: [HANDLE] appreciate some · why this · wasn't as · as i · it
TW10_2621,0,0,[HANDLE] · * ·
TW10_2622,0,0,possible kickstarter award carry you to glory in v 2 arenas.
TW10_2623,0,0,[HANDLE] [HANDLE] scrubbing · works amazingly well
TW10_2624,0,0,[HANDLE] never tried
TW10_2625,0,0,[HANDLE] yes
TW10_2626,0,0,[HANDLE] ·
TW10_2627,0,0,· kickstarter reward: i rename · name you choose a ·
TW10_2628,0,0,[HANDLE] everything but mostly priest
TW10_2629,0,0,[HANDLE] he answers to ·. he is not that ·.
TW10_2630,0,0,[HANDLE] if mean they have giant dicks that · about yes
TW10_2631,0,0,[HANDLE] yes.
TW10_2632,0,0,[HANDLE] not that high yet. lone · [NUMBER] i think. not even · i should be i haven't · that ·.
TW10_2633,0,0,[HANDLE] nuked · by · helping a friend gear up ·.
TW10_2634,0,0,/ cast spectral ·
TW10_2635,0,0,/ cast spectral · · ·
TW10_2636,0,0,rt [HANDLE]: growing south truly cool thing - this is · ·.
TW10_2637,0,0,"after th time · while · nether · limit, calling it the ·. hoping to make it to · ·."
TW10_2638,0,0,past · of driving was atrocious. have · i in · from initial
TW10_2639,0,0,[HANDLE] ·
TW10_2640,0,0,"[HANDLE] · done worst of it, i think. will easier when light out."
TW10_2641,0,0,leo is stoic as he guards me for · [URL]
TW10_2642,0,0,can feel the car · the ·. this is freaky
TW10_2643,0,0,my dog is photogenic as hell [URL]
TW10_2644,0,0,· to be tweeting purportedly chased · [URL]
TW10_2645,0,0,[HANDLE] ·. most of the trees here pretty ·.
TW10_2646,0,0,rt [HANDLE]: · · high score [URL]
TW10_2647,0,0,rt [HANDLE] · · batmen · in · yesterday [URL]
TW10_2648,0,0,[HANDLE] · imply he knew a programming ·.
TW10_2649,0,0,fml [URL]
TW10_2650,0,0,til can go · in car am fine. car is fine. fuck weather.
TW10_2651,0,0,i've never · the low trac light earlier on · · this weather
TW10_2652,0,0,[HANDLE] just entered · mountains a shit ·.
TW10_2653,0,0,[HANDLE] just did
TW10_2654,0,0,"[HANDLE] well, balls"
TW10_2655,0,0,"i lone · · · to presently be the roads this ·. but i · to ·, goddamnit"
TW10_2656,0,0,see a · waves of · crashing over the road. the car is · the wind to pull over again.
TW10_2657,0,0,[HANDLE] · broken was just driving througg · ·.
TW10_2658,0,0,"[HANDLE] · california, just before oregon."
TW10_2659,0,0,the past · i seen grand total of three cars.
TW10_2660,0,0,"[HANDLE] ·, but it's 2 · rd and pretty much everything is fucked"
TW10_2661,0,0,[HANDLE] i was · · the system. it's now.
TW10_2662,0,0,yreka still alive
TW10_2663,0,0,[HANDLE] now. was just continuously engaged a · time the water here is crazy.
TW10_2664,0,0,"· yea, · well, ur · has no traction"
TW10_2665,0,0,fml [URL]
TW10_2666,0,0,· · me an eta on when the storm is going · out of the northern · mountains?
TW10_2667,0,0,[HANDLE] [URL]
TW10_2668,0,0,i gave up chilling in weed ft walk to the door of this cafe has me completely drenched [URL]
TW10_2669,0,0,[HANDLE] not like ·
TW10_2670,0,0,[HANDLE] [HANDLE] north
TW10_2671,0,0,[HANDLE] dark sky
TW10_2672,0,0,"old dude in this cafe: grandmother had blue · """
TW10_2673,0,0,[HANDLE] · ·
TW10_2674,0,0,[HANDLE] gross
TW10_2675,0,0,[HANDLE] i think in america too.
TW10_2676,0,0,fuck everything. · ·.
TW10_2677,0,0,i hear that · up north. glad i · it through that before the · ·
TW10_2678,0,0,[HANDLE] i don't know what an · river is merely · like i'm driving in one.
TW10_2679,0,0,"[HANDLE] · california · getting some rain, but i truly · it happening while i was driving."
TW10_2680,0,0,miles when i get home · · [URL]
TW10_2681,0,0,made it out of the mountains ·
TW10_2682,0,0,· freaking because of the wind so buried him in · he could · [URL]
TW10_2683,0,0,"[HANDLE] i · him one of those, but it · · him tight ·"
TW10_2684,0,0,[HANDLE] yup
TW10_2685,0,0,[HANDLE] what happened this ·
TW10_2686,0,0,rt [HANDLE]: · · · bitch the stage · · with · [URL]
TW10_2687,0,0,is gamergate finally · its ·
TW10_2688,0,0,· yolo county aww yiss
TW10_2689,0,0,leo ·: · zonked out [URL]
TW10_2690,0,0,[HANDLE] ·
TW10_2691,0,0,miles of nothing but farmland in · · here · a alone · · · [URL]
TW10_2692,0,0,[HANDLE] it's so random
TW10_2693,0,0,[HANDLE] never ·
TW10_2694,0,0,"rt [HANDLE] [HANDLE] [HANDLE] · harder, you just · game."
TW10_2695,0,0,[HANDLE] · presently in the · of driving home but i should be soon. will send · ·
TW10_2696,0,0,[HANDLE] [HANDLE] so harsh
TW10_2697,0,0,[HANDLE] [HANDLE] [HANDLE] what did they do
TW10_2698,0,0,· police just made a · it ·
TW10_2699,0,0,rt [HANDLE] · certain · · this · · does belong kickstarter: [URL]
TW10_2700,0,0,rt [HANDLE]: · prize · way [URL]
TW10_2701,0,0,"this whole harper lee · · of · out., her sister died, it · · · · · of her."
TW10_2702,0,0,i don't truly understand why everybody · okay with.
TW10_2703,0,0,seems if she had truly · book published · by whole · · so bunk.
TW10_2704,0,0,"why are we · them just take advantage this little · ·, whom many accounts is senile"
TW10_2705,0,0,"rt [HANDLE]: [HANDLE] it ·. · a book, it's · first draft of to · a mockingbird ·"
TW10_2706,0,0,· ·.
TW10_2707,0,0,"·, no. ·."
TW10_2708,0,0,"patreon acting ·. just got · · ( · ) but when i · "" how i get paid says i need become ·"
TW10_2709,0,0,"worried if i hit ·, lose all ·"
TW10_2710,0,0,"[HANDLE] yes, ·."
TW10_2711,0,0,omfg · you're killing me [URL]
TW10_2712,0,0,[HANDLE] remember the screams.
TW10_2713,0,0,[HANDLE] no. am ·.
TW10_2714,0,0,[HANDLE] ok yeah am
TW10_2715,0,0,[HANDLE] may have just bought [URL] & ·. ·
TW10_2716,0,0,thank god for · fuel my blackmilk ·
TW10_2717,0,0,· = bills. · = ·. food that ·. 401 k. at · i don't to put that · · · ·.
TW10_2718,0,0,[HANDLE] shut up
TW10_2719,0,0,[HANDLE] every ·
TW10_2720,0,0,what do do · · someone · me an app that.
TW10_2721,0,0,"rt [HANDLE]: · 6 · build [NUMBER] heirloom ui · tuning, · · amr · wipe · [URL] [URL]"
TW10_2722,0,0,"[HANDLE] · ( i use an iphone, am not a peasant"
TW10_2723,0,0,[HANDLE] android is for · )
TW10_2724,0,0,[HANDLE] wow truly
TW10_2725,0,0,[HANDLE] hair · amazing
TW10_2726,0,0,fuck yes. · 2015 was on npr. [URL] via [HANDLE] )
TW10_2727,0,0,clip is 11 minutes. listen · to it listen to it # stopwadhwa [URL]
TW10_2728,0,0,rt that shit. · that · on your ·. that message is * · *
TW10_2729,0,0,"· certain [HANDLE] is · to · npr calling for the attention, right?"
TW10_2730,0,0,"[HANDLE] it is · of · my · after fees. i complain, though. it's doing better than i thought it ·."
TW10_2731,0,0,rt [HANDLE]: truly · like [HANDLE] dm can be · - - the knee of social communication [URL] ·
TW10_2732,0,0,[URL] · i · the misogyny. but then i · - · · your ·.
TW10_2733,0,0,"rt [HANDLE] i think a · · [HANDLE] · in ·. · "" why should [HANDLE] speak for women stopwad"
TW10_2734,0,0,[HANDLE] want ·. but storify · · · 500 (
TW10_2735,0,0,"·, ladies. i think · we · as · talk about # · 2015. google hangouts, ·."
TW10_2736,0,0,i · a · of women in · · this · up. stopwadhwa
TW10_2737,0,0,"truly, ·, i kind just want drain a glass · · about · that i don't like. but i can anytime."
TW10_2738,0,0,also - i'm thinking another sjw party · be happening soon. possibly ·?
TW10_2739,0,0,"[HANDLE] ·, anytime you say "" devil's advocate "" it means wasting · and an ·. especially arguing points"
TW10_2740,0,0,[HANDLE] that no one has contested old boring · used · · - feminists all time.
TW10_2741,0,0,"[HANDLE] my · facebook is not ever place · that unblock, but please don't do"
TW10_2742,0,0,[HANDLE] ·
TW10_2743,0,0,[HANDLE] that · · like a · i like to find people · that ·
TW10_2744,0,0,[HANDLE] no worries. · · facebook · go · unlike ·. but always · ·.
TW10_2745,0,0,[HANDLE] i'm an engineer w 15 yrs exp and i get mansplained career advice · with 1 · · life ·
TW10_2746,0,0,[HANDLE] i know that feel
TW10_2747,0,0,"[HANDLE] have a space for it and chances are, most people · have schedules ·"
TW10_2748,0,0,[HANDLE] [HANDLE] i have · at uh. months? i think? · · innovating women.
TW10_2749,0,0,[HANDLE] [HANDLE] he worry about me back. since been · ·. he's · ·.
TW10_2750,0,0,[HANDLE] [HANDLE] i truly · i had the · · more into · - · and such · · · ·
TW10_2751,0,0,"[HANDLE] [HANDLE] · · ·. for what, i have no idea."
TW10_2752,0,0,[HANDLE] · · to get a · · ·. i'm · to get his face there alright ·
TW10_2753,0,0,"[HANDLE] the · - abuse thing is my main focus, always. but in my spare · · * is * · towards feminism."
TW10_2754,0,0,[HANDLE] [HANDLE] [HANDLE] bahahaha
TW10_2755,0,0,cc [HANDLE] [URL]
TW10_2756,0,0,[HANDLE] it amazes how he · he's · feminism. by telling women they are doing it wrong.
TW10_2757,0,0,"[HANDLE] if truly · ally he'd · his · · not tell women how "" fit in "" with dudebros"
TW10_2758,0,0,probably not answering email tonight other work to catch up weekend = gobs of email
TW10_2759,0,0,if · on a response - and · 120 · are i am sorry. was afk for ·. i will · ·
TW10_2760,0,0,[HANDLE] ·
TW10_2761,0,0,[HANDLE] read. · · afk for a · - still bringing stuff in · week · · ·
TW10_2762,0,0,[HANDLE] [HANDLE] i had to source * · * ·. the grammar wasn't good enough for it to · · just one. ·
TW10_2763,0,0,[HANDLE] [HANDLE] i can make that · bot fight with markov · command watch [URL]
TW10_2764,0,0,[HANDLE] my · · was also on · · lot gaters [URL]
TW10_2765,0,0,[HANDLE] they are pretty · · to ·.; )
TW10_2766,0,0,"[HANDLE] the · of · · until i · it, or until the · · pulling a · cache 1"
TW10_2767,0,0,"[HANDLE] if you follow, they follow · - randomly rt / · · if they like it's weird."
TW10_2768,0,0,[HANDLE] · ebooks is very fond of patreons.
TW10_2769,0,0,[HANDLE] · me what you think about ·
TW10_2770,0,0,[HANDLE] the ethics · for gamergate doesn't exist
TW10_2771,0,0,"· · down [HANDLE] [HANDLE] for maintenance · ·; 1 · · lists · ·, just not markov"
TW10_2772,0,0,"· them the same app secret / key ( just diff user ·, · sources gater ebooks, doing some · ·."
TW10_2773,0,0,i · more than 5 private repos github ·.
TW10_2774,0,0,"i need to switch to · based ·, but i don't want to pay [MONEY] · cheap. \"
TW10_2775,0,0,[HANDLE] · to github for now. i need to stick with · i know i've got · contacts abuse related ·
TW10_2776,0,0,[HANDLE] [URL]
TW10_2777,0,0,[HANDLE] [URL]
TW10_2778,0,0,"[HANDLE] need github, but ty anyhow:"
TW10_2779,0,0,[HANDLE] yea. the name of the game lately is staying one step ahead of attempts to · · / abuse the system.
TW10_2780,0,0,[HANDLE] github been great for. · them.
TW10_2781,0,0,[HANDLE] [URL]
TW10_2782,0,0,"[HANDLE] sorry, need to stick to github."
TW10_2783,0,0,"[HANDLE] ·. i'm used · status url and · ·.: p love of the responses i get, though. ty for the idea. )"
TW10_2784,0,0,[HANDLE] i've · · i heard about lot of the internal politics re: · it's · · me ·.
TW10_2785,0,0,[HANDLE] they made · in past i hope ·. merely the way they treated · · ·
TW10_2786,0,0,[HANDLE] · ·
TW10_2787,0,0,[HANDLE] · with github don't · · being an admin
TW10_2788,0,0,my new mascot. [URL]
TW10_2789,0,0,[HANDLE] [HANDLE] [URL]
TW10_2790,0,0,rt [HANDLE] · [HANDLE] your · - · · · is now available · ( they'll · know diff ) [URL]
TW10_2791,0,0,·. now know i've your sockpuppet all along [HANDLE]
TW10_2792,0,0,[HANDLE] [URL]
TW10_2793,0,0,[HANDLE] · can take a year. \
TW10_2794,0,0,[HANDLE] [HANDLE] [HANDLE] it · · at ( but will be · · since shutting down maint )
TW10_2795,0,0,[HANDLE] [HANDLE] [HANDLE] they restart daily to pull · tweets.
TW10_2796,0,0,[HANDLE] yup
TW10_2797,0,0,the · · of · · ikea is having bring it from the parking garage into apartment wanna
TW10_2798,0,0,stuff. [URL]
TW10_2799,0,0,[HANDLE] [HANDLE] · ·. a very · · size - · are · · · harass fb · / real names.
TW10_2800,0,0,[HANDLE] [HANDLE] but lone discussed with other members · · this specific · can't · · ·
TW10_2801,0,0,[HANDLE] [HANDLE] the fact · makes it · to interact with those not connected · with
TW10_2802,0,0,[HANDLE] [HANDLE] short there's just not enough · to tell.
TW10_2803,0,0,rt [HANDLE] [HANDLE] bot [HANDLE] surely fooled i · admit was · ·
TW10_2804,0,0,[HANDLE] block while · indefinitely on data from a ·
TW10_2805,0,0,[HANDLE] grafana is weird. · · it before. it does not act like it · ·.
TW10_2806,0,0,[HANDLE] er · i would expect
TW10_2807,0,0,"[HANDLE] [HANDLE] no, [HANDLE]"
TW10_2808,0,0,[HANDLE] ·
TW10_2809,0,0,· without comment [URL]
TW10_2810,0,0,[HANDLE] [HANDLE] · ^. · can as · · as your real name - or even more so
TW10_2811,0,0,[HANDLE] · do you have a good way · · · dumps a · corpus i've been just hacking together
TW10_2812,0,0,"[HANDLE] er, single · ·. · corpuses. or whatever."
TW10_2813,0,0,[HANDLE] [HANDLE] · · tweet ids or dates. pulling multiple user accounts
TW10_2814,0,0,[HANDLE] [HANDLE] oh i just saw the latest · · - ( but help docs bugged ·.
TW10_2815,0,0,"[HANDLE] [HANDLE] consume all vs consume -, doesn't mention model name · first"
TW10_2816,0,0,"[HANDLE] [HANDLE] yea, i made a bunch * · · ·, · to · some · ·."
TW10_2817,0,0,[HANDLE] [HANDLE] a · of · · · ggautoblocker · stuff ) also started · randi · ·
TW10_2818,0,0,[HANDLE] [HANDLE] nice update quite like it
TW10_2819,0,0,· hard right now. [URL]
TW10_2820,0,0,"[HANDLE] web, yes. clients other than web · delete ·."
TW10_2821,0,0,[HANDLE] you should read developer · · · tweets it should comfort you
TW10_2822,0,0,[HANDLE] ·; ) fun · · soon
TW10_2823,0,0,· configuring · policies and flush · in · / graphite ·.
TW10_2824,0,0,i · · show the sum of 5 · m want to · · with point every m with sum time ·
TW10_2825,0,0,[HANDLE] have no idea what these · · serieslist · · would be?
TW10_2826,0,0,[HANDLE] truly had · · about graphite before. this stuff is practically a · ·.
TW10_2827,0,0,"[HANDLE] hmm. · grafana, and it's giving me errors."
TW10_2828,0,0,"[HANDLE] · ·. counters. ·. ·. count, 5 m', '"
TW10_2829,0,0,"doing · going to some · · · show you ·, but for, some rather · stuff ·."
TW10_2830,0,0,·: none of these things i'm · 100 ·. just * largely * accurate. there are always ·.
TW10_2831,0,0,in · 12 hrs · · · [NUMBER] · · ( of which rts. min 662 ( ) ·: [PHONE] ) · of not - rt came bot
TW10_2832,0,0,"· which saw the · tend to questionable, · about always aimed at [HANDLE] [HANDLE] [HANDLE] and me."
TW10_2833,0,0,"in the · 12 h [HANDLE] · most targeted abuse, with 194 36 · 158 rt ) gg · tweets mentioning her. congrats!"
TW10_2834,0,0,"· not - closely [HANDLE], 80 44 · 36 rt ) · hashtagged tweets mentioning her. better · following time."
TW10_2835,0,0,"we look at all · of ·, · · [HANDLE] received [NUMBER] · 12 ·. [HANDLE] received 911."
TW10_2836,0,0,can't wait · · on this. merely · like [HANDLE] probably avoid her mentions at 8 10 am · ·
TW10_2837,0,0,[HANDLE] [HANDLE] rofl
TW10_2838,0,0,rt [HANDLE]: [HANDLE] [HANDLE] · · · which she authored ) which blocks · of innocents. wholly not
TW10_2839,0,0,"[HANDLE] [HANDLE] well, find me some · · mentioned + us saying something questionable or abusive"
TW10_2840,0,0,"[HANDLE] [HANDLE] oh, darn, you can't shoot"
TW10_2841,0,0,[HANDLE] [HANDLE] not enough · know certain. just what i'm seeing ·. · a · · level ·
TW10_2842,0,0,"rt [HANDLE] [HANDLE] [HANDLE] "" could've · anyone "" excessively elusive [URL]"
TW10_2843,0,0,[HANDLE] ·
TW10_2844,0,0,· devops
TW10_2845,0,0,[HANDLE] we · something · with. · · · tweets you get · blocked.
TW10_2846,0,0,the goal here finally a · · you can go · - the - minute stats stuff
TW10_2847,0,0,i'm · to get a · for when the notification ugliness is going to happen so it · be an interesting incident notification ·
TW10_2848,0,0,"however doesn't · use · · number users if they target · i'm ·, won't work."
TW10_2849,0,0,would be · with super low retention for · i guess. · · that · if they aren't · in · ·
TW10_2850,0,0,"but that seems ·, not truly tool should be ·. do better w · an ·"
TW10_2851,0,0,[HANDLE] [HANDLE] wsp is. sigh. but using · in · with grafana ·. · configuring crap.
TW10_2852,0,0,"[HANDLE] [HANDLE] i · · · · on freebsd once, but then · to · line · and it crashed?"
TW10_2853,0,0,[HANDLE] [HANDLE] i wanna · i just want work so i can things. i need a ·
TW10_2854,0,0,"[HANDLE] yea kind of · like for what doing, · ok. for doing more farinaceous ·, redis · be ·."
TW10_2855,0,0,[HANDLE] no pretty · easily · of · tho to · r or somesuch
TW10_2856,0,0,[HANDLE] [HANDLE] · dear
TW10_2857,0,0,[HANDLE] [HANDLE] no. something · askew · ran memory. it's besides dev box.
TW10_2858,0,0,"[HANDLE] [HANDLE] looking into it, · the headsup"
TW10_2859,0,0,[HANDLE] [HANDLE] [HANDLE] yea i've · a · to kick it. it must not be · it properly.
TW10_2860,0,0,[HANDLE] [HANDLE] [HANDLE] or not · to kill · weeird because i · · manually it ·
TW10_2861,0,0,[HANDLE] [HANDLE] [HANDLE] getting into inst is slow · · · to aws · · it
TW10_2862,0,0,[HANDLE] they are already setting up · to · · to · i truly · this making much of a ·
TW10_2863,0,0,[HANDLE] but if they do i'm happy to turn my · over · ·. don't · · i'm watching · ·
TW10_2864,0,0,[HANDLE] [HANDLE] i love those too much. too much.
TW10_2865,0,0,so guess need new jeans. or a ·. or maybe some cat if · it real. [URL]
TW10_2866,0,0,"4 "" i think."
TW10_2867,0,0,[HANDLE] cigarette ·?
TW10_2868,0,0,"[HANDLE] they are all pretty · ·. cigarette, pencil, ·, etc."
TW10_2869,0,0,[HANDLE] · it happened · to · weight or anything
TW10_2870,0,0,i just saw that 3 people requested that i update my · · list · i normally lone · track things i · on · finally.
TW10_2871,0,0,or so can direct · about xmas ·. ·
TW10_2872,0,0,just a · this is the kind · amp · come to expect from · [URL]
TW10_2873,0,0,[HANDLE] weird have · account. not certain need · to my wishlist or not
TW10_2874,0,0,· ·. [URL]
TW10_2875,0,0,"i · amazon · · ·, but why does the power brick for · · to be large [URL]"
TW10_2876,0,0,[HANDLE] it's not a battery a usb hub.
TW10_2877,0,0,[HANDLE] · p need a hair · dye urgently
TW10_2878,0,0,[HANDLE] [HANDLE] totes sjw
TW10_2879,0,0,fellow ·: [URL]
TW10_2880,0,0,"· really need to ·, too: [URL]"
TW10_2881,0,0,[HANDLE] why would it?
TW10_2882,0,0,"[HANDLE] [HANDLE] ·. tos prevents bots being able to contact you without you contacting them ·, ·."
TW10_2883,0,0,[HANDLE] [HANDLE] automated programs any not clearly ·.
TW10_2884,0,0,"rt [HANDLE] speak for · · yourself you don't · to choose my priorities, · """
TW10_2885,0,0,"[HANDLE] it's what i'm · * to, · targeting specific groups / causes. it's slippery to look more at statistics ·."
TW10_2886,0,0,"[HANDLE] ie things not as open for interpretation, such as numeric or boolean data ( is following / is not following, etc )"
TW10_2887,0,0,[HANDLE] it's truly fun · · · of this · assorted groups i think be ·
TW10_2888,0,0,[HANDLE] rather · that · · gg is the lone group i've · at abuse is easily · · on followers
TW10_2889,0,0,[HANDLE] [HANDLE] previous versions of · · ( code using · · ) wouldn't reply to · accounts.
TW10_2890,0,0,"[HANDLE] [HANDLE] latest version take this ·, iirc · to my · · ·."
TW10_2891,0,0,"[HANDLE] ·, they are. they · after first day or two."
TW10_2892,0,0,"[HANDLE] [HANDLE] [HANDLE] he's ok. we ·, both hungry, and had a sandwich, i would · · him ·."
TW10_2893,0,0,gag * [URL] # · 2015
TW10_2894,0,0,"verified · for all ok idea, but too much administrative · · ·, i've talked in the ·."
TW10_2895,0,0,· · have features that accounts do not. not sure what kind · · that # would have.
TW10_2896,0,0,· twitter clients and web supposed to have same · exp that's why devpolicy doesn't truly · 3 · party clients.
TW10_2897,0,0,· to lock a alone · · already exists. · infra is already. expose if a been · via ·
TW10_2898,0,0,"add a · toggle showing phone · · clients requires devpolicy update, · )"
TW10_2899,0,0,does some drawbacks. but a 2 nd toggle saying ' show · aged than n days' easy. · · exists. · · ·.
TW10_2900,0,0,"phone idea isn't perfect · · to grab a phone # from gv, but an extra · - good deterrent for majority of abuse."
TW10_2901,0,0,"·, there needs to be a · ·. · govt · cause probs alone phone less debatable, not perfect"
TW10_2902,0,0,"worry, i'm sure no one will · "" what a great idea "" a · takes credit for ·;"
TW10_2903,0,0,[HANDLE] a lot of people have cell · one of them for 2 ·; lone used gv against the idea of disallowing ·
TW10_2904,0,0,[HANDLE] not everyone · cell phones gv is a good alternative want to turn twitter into a · ·
TW10_2905,0,0,"[HANDLE] · to twitter about weeks ago, · it a month ago ( · ·"
TW10_2906,0,0,[HANDLE] · of their ·. do they not · · access to gv
TW10_2907,0,0,[HANDLE] seen some strong proof that people in the · · · online solutions for ·.
TW10_2908,0,0,[HANDLE] [HANDLE] isn't de - anonymizing. · necessarily be stored. no names would be required.
TW10_2909,0,0,[HANDLE] easy to change your gv #.
TW10_2910,0,0,is really not at all · to me that · and jason · a · that removes ·
TW10_2911,0,0,pseudonyms good. it! anonymous is not the same thing. what jason / wadhwa are · would require id / home · / pay to ·
TW10_2912,0,0,go figure that · · circle jerk · realize that some people can't · [MONEY] · be harassed
TW10_2913,0,0,* · * hey · being free from · · to be monetized. it should be for everyone. can · ·.
TW10_2914,0,0,take off your · · and think about what this really is. it's about the right that anyone has to not be harassed ·; ·.
TW10_2915,0,0,"so my · sleazeball cupcakes, you go [URL] and go · i · users"
TW10_2916,0,0,[HANDLE] you have to have · to · sms. you have to have internet. which is also required ·.
TW10_2917,0,0,[HANDLE] [HANDLE] · doesn't to be stored to be ensured alone.
TW10_2918,0,0,[HANDLE] [HANDLE] · passwords work. they · in ·? · · · them? nope.
TW10_2919,0,0,"[HANDLE] · · that sounds like a atrocious ·. privacy problems. also, twitter · wouldn't be storing the number. that would be bad."
TW10_2920,0,0,still · that · is to · pay a fee or make · · · to hear his · on short ·
TW10_2921,0,0,[HANDLE] think shouldn't · · if they are used in · which is diff their original purpose
TW10_2922,0,0,[HANDLE] still extra · to go done. most · · and find new ·
TW10_2923,0,0,"[HANDLE] last i checked, · ·."
TW10_2924,0,0,[HANDLE] can lone have one gv per · at any given ·
TW10_2925,0,0,[HANDLE] lone if you want · how · · is. what a ·.
TW10_2926,0,0,[HANDLE] accepting pull requests · · · · privacy. ·
TW10_2927,0,0,[HANDLE] own too many · products to ·.
TW10_2928,0,0,"[HANDLE] ·. jason a lot experience ·, ·. or a healthy · ·."
TW10_2929,0,0,rt [HANDLE] everything wrong with everything · · [URL]
TW10_2930,0,0,[HANDLE] if you only · 3 people to use
TW10_2931,0,0,"[HANDLE] · at heart. · tools should be · for use. ·, for · services, · that require infra"
TW10_2932,0,0,[HANDLE] it makes sense to · for · to keep it up and going and to pay for dev ·. · this 100 · - ·.
TW10_2933,0,0,"[HANDLE] this is consumer side, though. business ·? one could see · spam falling nether category."
TW10_2934,0,0,"[HANDLE] and · often pay for solutions · that have no problem charging ·, just individuals"
TW10_2935,0,0,"[HANDLE] · · ·. this is all a lot of effort, though. most trolls just pick a new ·."
TW10_2936,0,0,"[HANDLE] · · be perfect, but this is a good start · fixing a · · of harassment"
TW10_2937,0,0,[HANDLE] yeahh. they were · a · until · ·. · · · · off ·.
TW10_2938,0,0,[HANDLE] was to · ·. and all know how fbook loves · experiments data
TW10_2939,0,0,[HANDLE] twitter allows 13 yr olds. 13 yr olds don't generally have bank accts. · * of · don't have bank accts · in ·.
TW10_2940,0,0,"[HANDLE] [MONEY] · seem that far out · a · of · in the ·, but we're also far removed from the class it · ·"
TW10_2941,0,0,[HANDLE] 80 his points are · · white · · standpoint. harassment on fbook? ·. · id ·? nope.
TW10_2942,0,0,[HANDLE] the · web · · · i don't know if · · has extra · · ·
TW10_2943,0,0,[HANDLE] do
TW10_2944,0,0,[HANDLE] [HANDLE] what are you talking about?
TW10_2945,0,0,[HANDLE] [HANDLE] i · it lone because already knew what it was · say not · ·
TW10_2946,0,0,"[HANDLE] [HANDLE] regurgitating · · had before. they were · then ·, still ·."
TW10_2947,0,0,"[HANDLE] [HANDLE] they don't do right now. ·, unless you are · verified"
TW10_2948,0,0,[HANDLE] met them · ago.: p who knows what they might? i surely. but we're talking.
TW10_2949,0,0,[HANDLE] [HANDLE] · · precedent.
TW10_2950,0,0,"[HANDLE] [HANDLE] as a guess, anyhow"
TW10_2951,0,0,oh ·. am · just · the lone thing · · the fence the real name / pseudonym · jason wadhwa
TW10_2952,0,0,"[HANDLE] [HANDLE] rather funny how us so completely different, · complement other's skill sets ·"
TW10_2953,0,0,[HANDLE] [HANDLE] [HANDLE] i think during gdc · justice · · at apt ·
TW10_2954,0,0,·. i might be out · · dye. but i · · that is purple. / [HANDLE]
TW10_2955,0,0,[HANDLE] [HANDLE] that exists in ·
TW10_2956,0,0,· · ·. · certain that · · · · at this point.
TW10_2957,0,0,rt [HANDLE] · · · album · award' what? [NUMBER]?
TW10_2958,0,0,· certain [HANDLE] and i can take credit for ·
TW10_2959,0,0,"[HANDLE] no, bathe in those."
TW10_2960,0,0,[HANDLE] [HANDLE] · · am so sorry. you are · · ·.
TW10_2961,0,0,[HANDLE] how · youthful good looks. will · everlastingly
TW10_2962,0,0,[HANDLE] [HANDLE] [HANDLE] that's the one.
TW10_2963,0,0,[HANDLE] [HANDLE] get crazy with the · whiz.
TW10_2964,0,0,[HANDLE] [HANDLE] · through what point of ·
TW10_2965,0,0,"like · · statement [URL] · "" just hide the harassment in another subreddit """
TW10_2966,0,0,"· ·, · a · for rich people to · / · · guys. i guess i'll · enough · share"
TW10_2967,0,0,nichegamer got · · ·. they responded posting an · friday night ·. · boy.
TW10_2968,0,0,· · following suit after · · that ·.
TW10_2969,0,0,yes. · [HANDLE]. [URL]
TW10_2970,0,0,freebsd fact · yo [HANDLE] you hear about this we besties anymore [URL]
TW10_2971,0,0,"besides, lol senior · - because it's an employer · ·. [HANDLE]"
TW10_2972,0,0,· · [HANDLE] copy boy or personal · ·
TW10_2973,0,0,[HANDLE] congrats.
TW10_2974,0,0,gamergate is advocating · · my son. [URL]
TW10_2975,0,0,"no, ·. have · to do that. [URL]"
TW10_2976,0,0,"·, guys totes hax them by submitting a pull request with some xss · ·. a · · ·. [URL]"
TW10_2977,0,0,am 12. [URL]
TW10_2978,0,0,[HANDLE] · ·
TW10_2979,0,0,"seen the mod · i · them, but i have no idea who they even · · ·. [URL]"
TW10_2980,0,0,[HANDLE] i · cats
TW10_2981,0,0,[HANDLE] ·
TW10_2982,0,0,[HANDLE] the people that need that education likely attend an anti · ·
TW10_2983,0,0,ambulance firetruck outside my building. it is weird how i to · if · · in a · · on me. · it out to see.
TW10_2984,0,0,[HANDLE] posted on · · by · · doxxed them.
TW10_2985,0,0,[HANDLE] ·. i know the drill
TW10_2986,0,0,finally · macbook power cable. · to make slides. one of the keynote · · ·.
TW10_2987,0,0,"[HANDLE] i prefer just getting stage ·, but most conference organizers · have ·."
TW10_2988,0,0,[HANDLE] ·
TW10_2989,0,0,[HANDLE] what?; p
TW10_2990,0,0,[HANDLE] ^ w is more efficient than ^ ·: ·
TW10_2991,0,0,· averaged ·; 200 oc tweets / hr the past ·
TW10_2992,0,0,gaters get so excited talk them ·. it's pretty funny. certain he's · go tell his friends wholly # rekt.
TW10_2993,0,0,[HANDLE] original ·. not rt.
TW10_2994,0,0,[HANDLE] you mute hashtags that's a violation twitter · · which is why lone · aged clients
TW10_2995,0,0,"oh, look. here's · and · colluding, to borrow a term from gg playbook. [URL] # · 2015"
TW10_2996,0,0,rt [HANDLE] · · ggr. · a huge · · · · be · · earlier · goes away [URL]
TW10_2997,0,0,rt [HANDLE]: · you everlastingly gamergate [URL]
TW10_2998,0,0,· · coffee and no one can · me
TW10_2999,0,0,wat [URL]
TW10_3000,0,0,no no no no no [URL] ·. · advocating people · · ·.
TW10_3001,0,0,this is classist as fuck. · · · harassment · at premium. · ·. what is wrong with?
TW10_3002,0,0,[HANDLE] stop. [URL]
TW10_3003,0,0,"[HANDLE] largely with you, until you started talking about · a · this is a atrocious idea."
TW10_3004,0,0,[HANDLE] a low userid · · insight · a pulpit of ·. abuse free · shouldn't have a ·
TW10_3005,0,0,[HANDLE] and he is · it right now ·.
TW10_3006,0,0,[HANDLE] · observations that wholly dismissive of in a low income bracket.
TW10_3007,0,0,[HANDLE] · poverty · in · this · would ·. or what about teenagers
TW10_3008,0,0,[HANDLE] [HANDLE] · that requires a · id is a privacy concern anything requires money is a bad · everlastingly.
TW10_3009,0,0,[HANDLE] i'm · conversation. why do think ·?
TW10_3010,0,0,[HANDLE] just because i · with you · i have strong · about you. i just dislike ·.
TW10_3011,0,0,"find the · · ·, don't publicly call him out, · accused of "" trying · fight ask him about it. ·."
TW10_3012,0,0,"why do dudes have · "" not ·, · · card when women call them · · ·?"
TW10_3013,0,0,given that · used his low twitter userid to · about his · i be shocked that he · twitter to be classist.
TW10_3014,0,0,"oh. also got · · ·. ·, basically waste of time · cishet ·"
TW10_3015,0,0,[HANDLE] might actually listen. or probably not. · your · · is low.
TW10_3016,0,0,"· i · that ca · off · own ·. · it, but damn. the system is rigged."
TW10_3017,0,0,"ca physically · from us in a · ·. ca · to separate as a governmental entity as well, · ·"
TW10_3018,0,0,"the us · to · with ·, but quickly · when google countered · porn search, ·."
TW10_3019,0,0,peace treaty brokered. google reverts · · · adds a new google api cats ·. the world rejoices.
TW10_3020,0,0,"· · to define their new ·. "" a meritocracy "" · of · · "" a alone · in · "" not actually a ·. """
TW10_3021,0,0,"coffee just dinged, so · to finish story quickly"
TW10_3022,0,0,"· · "" · · the · down, ·. · export · · ·. the end."
TW10_3023,0,0,rt [HANDLE]: [HANDLE] see i read as a certificate · breaking its island of · · need
TW10_3024,0,0,[HANDLE] [HANDLE] · still attached us. sometimes weird · on twitter. this is one of those times.
TW10_3025,0,0,[HANDLE] [HANDLE] not your ·!
TW10_3026,0,0,· wholly write an alternate · · more than 140 · a time that would be a blast.
TW10_3027,0,0,[HANDLE] i would rather it we just become an island
TW10_3028,0,0,like hunger ·. but with · protocols.
TW10_3029,0,0,"· tank girl, · & ·; · been · a white · ma · ·"
TW10_3030,0,0,like · snow was ipv evangelism
TW10_3031,0,0,i should stop · ·
TW10_3032,0,0,"[HANDLE] haha, thanks: p"
TW10_3033,0,0,[HANDLE] i hate cardio. · is lot · · heart rate if you're doing it right.
TW10_3034,0,0,"[HANDLE] · like ·, look me, can ·. "" · is · "" am stronger than erryone raar"
TW10_3035,0,0,"[HANDLE] that one grownup · i saw as a kid. those breasts, they stuck everlastingly. · forget."
TW10_3036,0,0,"[HANDLE] as do & ·;. · ·, but then gamergate ·. · - cig just cutting anymore"
TW10_3037,0,0,[HANDLE] go sleep after · · · sleep is ridonkulous
TW10_3038,0,0,[HANDLE] btw. · this [URL] · tweets above ) [URL]
TW10_3039,0,0,[HANDLE] · · · disagreed wholly. pretty good at · sitting
TW10_3040,0,0,[HANDLE] · didn't realize
TW10_3041,0,0,i just found these. [URL]
TW10_3042,0,0,· wadhwa · [URL]
TW10_3043,0,0,too many ·. · · at ·. # · [URL]
TW10_3044,0,0,"following time i · · that women aren't good at computers, try · ladylike [URL]"
TW10_3045,0,0,what if skin is so · · and i've · · · # · [URL]
TW10_3046,0,0,"i lone carry 5 of these things, none of which is pantyhose. · [URL]"
TW10_3047,0,0,· · [NUMBER]?
TW10_3048,0,0,[HANDLE] [URL]
TW10_3049,0,0,[HANDLE] [URL]
TW10_3050,0,0,[HANDLE] several strands of pearls i love /
TW10_3051,0,0,rt [HANDLE] [HANDLE] · green. no colors ·. lone · · · because hulk need no clothes
TW10_3052,0,0,· · much of my · · relate when giving · keynote the present state of anti · efforts
TW10_3053,0,0,"seen support places didn't · · posted my · still here "" and think that's · to point out."
TW10_3054,0,0,"we mostly hear about · the context gamergate, but that's a · · not the real problem"
TW10_3055,0,0,"[HANDLE] i find more · · based about a story, merely it's a tough ·"
TW10_3056,0,0,woman dev ·. think the real msg · get across is that anyone · a difference even just · · ·
TW10_3057,0,0,truly difficult to talk abuse ·; · with · message. call to · is · to discourage women from ·.
TW10_3058,0,0,[HANDLE] · · compressed to half the size · go for ·.
TW10_3059,0,0,[HANDLE] i've lone · 10 · so · · simple i'll figure something:
TW10_3060,0,0,"·, security ·. any thoughts on · · ·, · wd · extremist"
TW10_3061,0,0,· welcome exe [URL]
TW10_3062,0,0,"[HANDLE] any good solutions in · pref built in / open source / free, in that order"
TW10_3063,0,0,[HANDLE] those · more · this is drive i have considering using · - in or if i should go software
TW10_3064,0,0,[HANDLE] is bitlocker any good? never · it · · · an · drive either:
TW10_3065,0,0,· i hate: installers that require a · · · i · finish. no i do not want · · ·
TW10_3066,0,0,[HANDLE] · a · it's largely going to be backups · storage
TW10_3067,0,0,· is way too addictive my night go
TW10_3068,0,0,here's · · be reasonably · · webapp that · you · · links · you · from blocked users.
TW10_3069,0,0,[HANDLE] ·.
TW10_3070,0,0,how to be completely · and be a · in one tweet [URL]
TW10_3071,0,0,[HANDLE] · ·. useful · public callout
TW10_3072,0,0,"[HANDLE] i did after he dismissed me & · my concerns as "" · "". might wanna check the · ·."
TW10_3073,0,0,"[HANDLE] ·. following · woman · how his approach is ·, he might · not wholly dismiss her."
TW10_3074,0,0,[HANDLE] · this · · the one that told to piss off
TW10_3075,0,0,"[HANDLE] sorry you have any time, sucks. but next time you might · to look further before useless obscure callouts."
TW10_3076,0,0,[HANDLE] not publicly and lone. that's not an insult. the one that referenced near the top of his blog ·.
TW10_3077,0,0,"[HANDLE] i get that you're probably · to · · careless, but what he did was icky, you · it · / more ·"
TW10_3078,0,0,[HANDLE] calling me out in that manner poo - flinging without any reference * why *. wholly · provoking. good job.
TW10_3079,0,0,[HANDLE] not responsible his hurt feelings when the one that · ignore me instead of having ·
TW10_3080,0,0,"[HANDLE] · and yours, · are pretty typical. sorry if the truth ·."
TW10_3081,0,0,"[HANDLE] also, from a · sj to another, "" butthurt "" is generally frowned upon as a ·"
TW10_3082,0,0,[HANDLE] · wasn't · ·. know this few months ago when it pointed out to me.
TW10_3083,0,0,lord save from the hurt · of men in · · · ·
TW10_3084,0,0,[HANDLE] that's why i explained i still think asshole.
TW10_3085,0,0,[HANDLE] they did it's · california.
TW10_3086,0,0,"[HANDLE] ·, i like it."
TW10_3087,0,0,"[HANDLE] have. still would have · ·, but the response would have lot different."
TW10_3088,0,0,[HANDLE] yea see · · done · with him. · pulled unacceptable same shit i see from sexist engineers.
TW10_3089,0,0,[HANDLE] i know him. don't know if he · that · · lone can · · that single · · blog ·.
TW10_3090,0,0,"[HANDLE] but i · he · - the ·, everything - · of dudes i see being dismissive of women eng."
TW10_3091,0,0,"[HANDLE] · · ·, but i truly think i are on the side at * all *."
TW10_3092,0,0,guys am · a super hero · a ·
TW10_3093,0,0,· ·
TW10_3094,0,0,we need to talk · · · [URL]
TW10_3095,0,0,just posted · on twitter · · wonder woman.
TW10_3096,0,0,[HANDLE] yess
TW10_3097,0,0,· this is so amazing · · all caps.
TW10_3098,0,0,[HANDLE] no u
TW10_3099,0,0,· gamergate · and starts talking about fat am. lt 3
TW10_3100,0,0,[HANDLE] blackmilk.
TW10_3101,0,0,"[HANDLE] who ·? they can't · to decide if a · ·, tons of babies, · babies, or a dude"
TW10_3102,0,0,[HANDLE] i have a fan i will turn it on right now
TW10_3103,0,0,[HANDLE] d'aww. · like wonder woman.
TW10_3104,0,0,[HANDLE] [HANDLE] i'm married with ·. also 33.
TW10_3105,0,0,[HANDLE] love you. wearing my wonder woman swimmie · code to · · · from online ·. & ·; 3
TW10_3106,0,0,[HANDLE] fuck yes.
TW10_3107,0,0,"[HANDLE] largely · at how they think it's · · me. · myself a · twitter, obviously · fucks"
TW10_3108,0,0,[HANDLE] [HANDLE] · certain there is.
TW10_3109,0,0,[HANDLE] · ·
TW10_3110,0,0,[HANDLE] yes:
TW10_3111,0,0,[HANDLE] it's a bug
TW10_3112,0,0,it's rather cold but i don't · · · superhero ·
TW10_3113,0,0,qq gg. qq you can take your body shaming with your · the · & ·; 3 [URL] [URL]
TW10_3114,0,0,"it truly · thing * now i know blackmilk swims fit well and · comfortable. truly, truly bad."
TW10_3115,0,0,i · quicker i wear these [URL]
TW10_3116,0,0,"[HANDLE] i bunch of bm already, but not ·. gt; & ·"
TW10_3117,0,0,"[HANDLE]. too busy a ·, · about a cape on."
TW10_3118,0,0,"[HANDLE] ·, · as hell, still · amazing in it's about how · you ·, not what others ·."
TW10_3119,0,0,rt [HANDLE] [HANDLE] [URL] [URL]
TW10_3120,0,0,[HANDLE] plz get urself · · ·
TW10_3121,0,0,[HANDLE] btw i've · · · bm that · fit you. retro tetris ·. you can · if you are rather ·
TW10_3122,0,0,[HANDLE] · · leggings would be perfect
TW10_3123,0,0,[HANDLE] [URL]
TW10_3124,0,0,just discovered what happens jeans are too big while wearing over a ·. whelp · · a ·.
TW10_3125,0,0,· these fake nerd guys don't · know who wonder woman is.
TW10_3126,0,0,this lecture is older than most of the people insulting · code. [URL]
TW10_3127,0,0,[HANDLE] [HANDLE] [HANDLE] born · turn blonde until
TW10_3128,0,0,rt [HANDLE] [HANDLE] [HANDLE] [HANDLE] lone · have skin · proper · · ·
TW10_3129,0,0,[HANDLE] pretty funny seeing people talk about perl
TW10_3130,0,0,[HANDLE] * sigh. why are many · · at understanding what dos is.
TW10_3131,0,0,rt [HANDLE]: [HANDLE] this · on article · me you. stilget dos · [URL] · / …
TW10_3132,0,0,rt [HANDLE]: [HANDLE] [HANDLE] oi i going ask · · doofuses merely · · itself.
TW10_3133,0,0,rt [HANDLE] [HANDLE] [HANDLE] besides · is example · dos · · better · following ·
TW10_3134,0,0,[HANDLE] [HANDLE] i'm · · in that i lone see half of the conversation.
TW10_3135,0,0,[HANDLE] [HANDLE] [HANDLE] · to be one of the weirdest · ever seen slung by an mra · / any
TW10_3136,0,0,[HANDLE] i would rather have teeth pulled
TW10_3137,0,0,[HANDLE] you know this ·? don't generally · · for legal fees for people don't know / talked to
TW10_3138,0,0,[HANDLE] why would you do: · · about ·.
TW10_3139,0,0,[HANDLE] ·
TW10_3140,0,0,· a · have an epiphany regarding the definitions for · ·. this incredible · will be sign of the apocalypse.
TW10_3141,0,0,i don't understand why a · technical definition is · them so much of a problem. they seem to think dos / · = · packets.
TW10_3142,0,0,dos / ddos doesn't · to technique or method · it's largely defined intention + end result is not rocket ·.
TW10_3143,0,0,"if you want, you can classify an · of · ( ·! ) as unintentional ·, as it · · · unserviceable to you."
TW10_3144,0,0,· common · · dos particularly ·. ever make a stupid mistake that · a critical lack of resources?
TW10_3145,0,0,maybe · · until · fork no longer and you didn't restrictions. maybe you sent inappropriate amount of udp
TW10_3146,0,0,the dev has · · to · in sleep statements or increment counters or wrote ailing designed · · stand up?
TW10_3147,0,0,[HANDLE] no hard definition of what constitutes · · lack of service. service · to · many things.
TW10_3148,0,0,"[HANDLE] · ·, the programs · those ·, a · ·."
TW10_3149,0,0,[HANDLE] just try to mansplain · to me and ·
TW10_3150,0,0,·. you have graduated dos school with · ·. · · ·. lt; 3 [HANDLE]
TW10_3151,0,0,[HANDLE] ·. every dev makes mistakes.
TW10_3152,0,0,[HANDLE] · with · i a teenager · his server.
TW10_3153,0,0,[HANDLE] if lone devs standing up ones haven't made mistakes all devs should be · )
TW10_3154,0,0,[HANDLE] no worries i think it was · ·
TW10_3155,0,0,[HANDLE]: php
TW10_3156,0,0,[HANDLE] [HANDLE] putting it my list. )
TW10_3157,0,0,rt [HANDLE] photographer lynsey · on war reporting while female [URL] [HANDLE] · now · ab
TW10_3158,0,0,"[HANDLE] [HANDLE] ·. · dos batch ·, but they ·.: p"
TW10_3159,0,0,[HANDLE] [HANDLE] that depend ·?; )
TW10_3160,0,0,[HANDLE] certain i think this could be too easily · · · can be ·
TW10_3161,0,0,"[HANDLE] · if someone involuntarily starts · and · another person in the face, person is attacked arm."
TW10_3162,0,0,"[HANDLE] ·, man. · · ver b p"
TW10_3163,0,0,out pravana ·. guess · with · some clear with special fx · to layer over existing hair. ·. might good.
TW10_3164,0,0,existing * · * ·
TW10_3165,0,0,[HANDLE] [HANDLE] · ·
TW10_3166,0,0,[HANDLE] well actually · rainbow hairy ·
TW10_3167,0,0,"[HANDLE] in all seriousness, been · my hair since teens. remember the · time used · shade. too flat."
TW10_3168,0,0,[HANDLE] works well for some colors the pastels gorgeous but fade · · · are ·
TW10_3169,0,0,"[HANDLE] · shade. when doing blues, most mp fades out grey ·, most sfx · · · ·"
TW10_3170,0,0,"[HANDLE] i normally · brands depending how they fade. sfx antic pinks, ·. n'rage does some decent pinks, too."
TW10_3171,0,0,[HANDLE] · look weird with no hair
TW10_3172,0,0,[HANDLE] have you tried ·
TW10_3173,0,0,[HANDLE] pravana · - not pastels - · with a touch of purple make the · · · · · by.
TW10_3174,0,0,[HANDLE] · new. most salons have · to · here instead of specialfx.
TW10_3175,0,0,"[HANDLE] · starting feel · in ·, · · wash stuff out."
TW10_3176,0,0,"[HANDLE] certain. · like when it · · ·, if dyed well. it's less monotone."
TW10_3177,0,0,[HANDLE] check it [URL]
TW10_3178,0,0,"[HANDLE] pravana · my · line for blues, · pastels line is gorgeous, but fades so · · ·."
TW10_3179,0,0,[HANDLE] pravana pastel pink · ·. the rest was originally mint ·. completely gone. [URL]
TW10_3180,0,0,"[HANDLE] n'rage · ~ 1 ·, turquoise is a mix of special fx · pink · well. [URL]"
TW10_3181,0,0,[HANDLE] · · my hair · · ·. gt;. & gt · · is a few years old.
TW10_3182,0,0,[HANDLE] · frenzied panic existed in s
TW10_3183,0,0,difference drunk · and · ·? drunk · has ·.
TW10_3184,0,0,[HANDLE] [HANDLE] i'm not as young as you think i p
TW10_3185,0,0,funny dev joke n my sense of humor ·.
TW10_3186,0,0,"i'm working a · ·, video · ·; i need your help. need vid clips of ppl · an · tweet received."
TW10_3187,0,0,"just the content of the tweet, not the name of the person · · with a ·"
TW10_3188,0,0,goal is to · · · · the words received ·. this ·
TW10_3189,0,0,[HANDLE] yes and can rt and request · · the · be · · 10 examples.
TW10_3190,0,0,[HANDLE] yes. will · the names.
TW10_3191,0,0,. [HANDLE] email · [EMAIL] share on · · file · · any you prefer.
TW10_3192,0,0,[HANDLE] [HANDLE] yup.
TW10_3193,0,0,"[HANDLE] ·. but coding · [NUMBER] · about for that ·. used to work truly old unixes, too."
TW10_3194,0,0,. [HANDLE] just general abuse. not necessarily gamergate specific.
TW10_3195,0,0,[HANDLE] [HANDLE] [URL]
TW10_3196,0,0,[HANDLE] being blocked isn't ·.
TW10_3197,0,0,[HANDLE] · ^
TW10_3198,0,0,[HANDLE] ty!
TW10_3199,0,0,"[HANDLE] · pretty clear. ·, ·, but definitely possible · to · amp ·"
TW10_3200,0,0,[HANDLE] this weekend would be cool
TW10_3201,0,0,[HANDLE] thursday would be even · ^
TW10_3202,0,0,[HANDLE] i can never · anymore: p
TW10_3203,0,0,[HANDLE] · · · · · · · of doing so is no · ·.
TW10_3204,0,0,[HANDLE] [HANDLE] has more emotional impact when the face of a person reading it out ·.
TW10_3205,0,0,[HANDLE]?
TW10_3206,0,0,pretty funny that gamergate thinks profiting ·. · * · * pay cut by going full time. [HANDLE]
TW10_3207,0,0,"[HANDLE] funny is that i drunk · it wrote, something planned on ·."
TW10_3208,0,0,[HANDLE] [HANDLE] not actually a dev. ·. i like things that i find interesting interesting.
TW10_3209,0,0,[HANDLE] not sure i didn't ·.
TW10_3210,0,0,i just got huffy hair i cut it
TW10_3211,0,0,· this was wise · & lt hrs before doing a keynote. but whatever. · · sea ·. lone chopped ·.
TW10_3212,0,0,[HANDLE] will do tomorrow.
TW10_3213,0,0,"· · style & ·; not · cut is that i scream ·, hair "" while randomly jabbing / · w · cutters."
TW10_3214,0,0,fashion by randi
TW10_3215,0,0,what would joan · do? she would cut her own damn · [URL]
TW10_3216,0,0,"[HANDLE] · hoping for · ·, but that's decidedly troubling ·"
TW10_3217,0,0,[HANDLE] ·:
TW10_3218,0,0,"ughh someone offered a · all · gdc pass, but · more than i can afford"
TW10_3219,0,0,[HANDLE] · ·. interested · what · hopefully they will more · articles.
TW10_3220,0,0,". [HANDLE] until, · ·. but certain you won't let a little · like · stand in the way of a story. )"
TW10_3221,0,0,[HANDLE] [HANDLE] certain
TW10_3222,0,0,"it is · · gamergate · be opposed to a · not specific to · talking about · so ·, right?"
TW10_3223,0,0,· why · gamergate care a video people read the · tweets received? what does this to with ·?
TW10_3224,0,0,i · hearing that gamergate is opposed · must be misunderstanding something surely
TW10_3225,0,0,"·, wait. i take it back. i made a mistake. i mentioned [HANDLE] once before. [URL]"
TW10_3226,0,0,"[HANDLE] [HANDLE] · not yet blocked replied to her tweet mentioning me. couldn't · who she was, so i checked."
TW10_3227,0,0,· ·. did you know i · felon ·. [URL]
TW10_3228,0,0,[HANDLE] [HANDLE] · to hear from ·.
TW10_3229,0,0,"· funny · · i harassed her. · talked to her until · night, · smear article she wrote. [HANDLE]"
TW10_3230,0,0,iirc she claimed i · to jail for drugs or something. ·. she's just trying to · a · for herself · · [HANDLE]
TW10_3231,0,0,·. [HANDLE]. [URL] this ethical ·. it · ·. ed a reliable source. & · 3
TW10_3232,0,0,spreading · · by gnaa as · you call yourself · why i can't · you · [HANDLE]
TW10_3233,0,0,that was ·. now over. is can't · · · · · anything more than hit · ·.
TW10_3234,0,0,[HANDLE] [HANDLE] she's claiming i threatened sue her. ·. even an · case libel who the ·
TW10_3235,0,0,"· · · / baph since when anyone baph say "" awful human "" to · get doxxed / · [URL]"
TW10_3236,0,0,· · ·
TW10_3237,0,0,"[HANDLE] oh. i probably should have ·, sorry. ·. · i'm desensitized to such ·."
TW10_3238,0,0,·. regretful belated · · that. they posted · targets · the urls. guess that failed.
TW10_3239,0,0,"[HANDLE] totally my bad.: · here, brain bleach: [URL]"
TW10_3240,0,0,[HANDLE] [HANDLE] [HANDLE] [HANDLE] failure to appear for expired tags is totes a felony
TW10_3241,0,0,headed over to # girldevweek hours to · about · · ·
TW10_3242,0,0,spoilers · aren't · nether · ·. they are · down. time · back.
TW10_3243,0,0,[HANDLE] was sarcastic: p
TW10_3244,0,0,·: too bad · · quite same ring it. [URL]
TW10_3245,0,0,[HANDLE] [HANDLE] [HANDLE] no u
TW10_3246,0,0,[HANDLE] · · · · tanks of turquoise and pink · · pink backpack pink pullover.
TW10_3247,0,0,"[HANDLE] · ·, no worries ^ ^"
TW10_3248,0,0,[HANDLE] [HANDLE] i also read it as a gay slur /
TW10_3249,0,0,"[HANDLE] ·. maybe? · pullover, · ·?"
TW10_3250,0,0,[HANDLE] [HANDLE] is · of the good guys let him explain why the words debatable
TW10_3251,0,0,· · in sf! [URL]
TW10_3252,0,0,· week matches my outfit [URL]
TW10_3253,0,0,[HANDLE] not me ) no hat
TW10_3254,0,0,"[HANDLE] ·, hat"
TW10_3255,0,0,[HANDLE] what company again? · regretful it's ·. year? )
TW10_3256,0,0,"[HANDLE] certain, i think i · by for a bit. giving ·, but should be out 1: 15"
TW10_3257,0,0,[HANDLE] i'll shoot you a · when got a · eta
TW10_3258,0,0,· out · lounge at # · anyone wants to · say hi.
TW10_3259,0,0,"tech · crack me up. · · about black, white, or navy · · · all · pink cyan"
TW10_3260,0,0,[HANDLE] about · · enjoy the sun few minutes.
TW10_3261,0,0,"minutes nervous. because of ·, but because ·. · · ·. so many ·. # ·"
TW10_3262,0,0,[HANDLE] lone i can get a · somehow
TW10_3263,0,0,shit to get real.
TW10_3264,0,0,· started harassing ·. spent the q amp livestreaming the tweets and · ·.
TW10_3265,0,0,i'm not surprised i wish · · a · · - harassment a · · # ·
TW10_3266,0,0,[HANDLE] aww i felt · as · i need sleep: ·
TW10_3267,0,0,rt [HANDLE] ·. some insanely · · [HANDLE] speakers going live via twitter of [HANDLE]
TW10_3268,0,0,rt [HANDLE] [HANDLE] [HANDLE] [HANDLE] [HANDLE] [HANDLE] is the room · · ·:
TW10_3269,0,0,"[HANDLE] · about, but i was worried you might get · i thought you were antic"
TW10_3270,0,0,rt [HANDLE] crazy early · [HANDLE]. commend her for her courage done # ·
TW10_3271,0,0,[HANDLE] [EMAIL]
TW10_3272,0,0,· · of antic · on · · ( & · show · my experiences harassed as a vocal woman in tech
TW10_3273,0,0,· about weev & amp; full · mailing list post. baph · · threats family & amp; · being · target of a ·
TW10_3274,0,0,· · it a good idea until someone · came · a · amp; · crying was crying.
TW10_3275,0,0,then q & amp; a both of us keynote speakers · hijacked · harassment happening live. both of us · · aspects of harassment.
TW10_3276,0,0,"· the need for support, ·. people that understand because done, too."
TW10_3277,0,0,was blown ·. i even think of a · way of getting across the point that is a problem · ·
TW10_3278,0,0,· · girldevweek for · words · you letting me speak · ·
TW10_3279,0,0,about crying. but not ·. have · in my · okay?
TW10_3280,0,0,"will make a · post out of the contents of talk slides which are limited, i prefer not using · )"
TW10_3281,0,0,[HANDLE] a ·.
TW10_3282,0,0,[HANDLE] yup
TW10_3283,0,0,curious as to what gamergate finds offensive that overweight or that i'm wholly unapologetic ·; ·
TW10_3284,0,0,[HANDLE] [HANDLE] 1 k /
TW10_3285,0,0,[HANDLE] · home ·
TW10_3286,0,0,[HANDLE] it's my list. had time ·.
TW10_3287,0,0,[HANDLE] ·
TW10_3288,0,0,facebook post on · · harassment talk · how can something be both dry · [URL]
TW10_3289,0,0,[HANDLE] not sure
TW10_3290,0,0,"·. strange. nero, · leader · that is supposedly not about ·, is mocking ·. [URL]"
TW10_3291,0,0,[HANDLE] will take a look.
TW10_3292,0,0,[HANDLE] sorry about & · gt;
TW10_3293,0,0,"dude yelled at me loud · · over music · canceling ·. "" hey girl. you · · swaagger. · yea, do."
TW10_3294,0,0,not certain i should be irritated by · calling or impressed my · · state of being.
TW10_3295,0,0,rt [HANDLE] [HANDLE] here's the · · for [HANDLE] [URL]
TW10_3296,0,0,[HANDLE] [HANDLE] [HANDLE] [HANDLE] i have no idea what just happened.
TW10_3297,0,0,[HANDLE] ·
TW10_3298,0,0,"rt [HANDLE] · · guys · about ep, · largely · thanking us · · in gaming"
TW10_3299,0,0,"another woman thanking i · · ·, but i've · · things thank you [HANDLE]"
TW10_3300,0,0,rt [HANDLE] · the · · · that · · is · · · police …
TW10_3301,0,0,[HANDLE] [HANDLE] · · that they think · isn't · · to justify harassment. ^ ^ good job
TW10_3302,0,0,"seeing [HANDLE] · ·, likely miss. if anyone is in contact · / tell him · ·. # ·"
TW10_3303,0,0,"[HANDLE] i didn't · · ·, just · · that · · notifications. i ignore fygm girls."
TW10_3304,0,0,· fly by stats display few times: ·. · gamergate · freebsdgirl. · lol nope
TW10_3305,0,0,[HANDLE] original content. vs retweet.
TW10_3306,0,0,[HANDLE] yes
TW10_3307,0,0,nys · had · a ·. · tweets after · ·. · minorities. point out that all these women are ·.
TW10_3308,0,0,gamergate is · do · · difficult. think they realize · · for ·
TW10_3309,0,0,"rt [HANDLE] amid anger · the opinions ·, i think · ·"
TW10_3310,0,0,[HANDLE] yup!
TW10_3311,0,0,[HANDLE] not my ·. · / zoe / anita feel that · that's their statement to make. not mine.
TW10_3312,0,0,"·. ·. ·. ·. ·. rt quickly, · a · person · women's addresses twitter"
TW10_3313,0,0,· · this absolutely · · every female major target · seeing a · · · ·
TW10_3314,0,0,i'm watching it ·. watching the numbers climb. this balmy ·
TW10_3315,0,0,while some of those tweets are · ratio of mentions with · · them is much · ·
TW10_3316,0,0,"while i can appreciate # ·, · · off a · wave harassment ·. · to · out"
TW10_3317,0,0,[HANDLE] yup.
TW10_3318,0,0,· followers i'm · · / mentions sending statsd incr call for each ·.
TW10_3319,0,0,i've got debug · scrolling i · program from inside screen. always this is scrolling too fast for me to ·
TW10_3320,0,0,". [HANDLE] statsd call, sweetie a protocol, a programming · going to troll, · level"
TW10_3321,0,0,[HANDLE] using multiple streams multiple · )
TW10_3322,0,0,[HANDLE] got reason to · that · near · cap. my numbers be · ·.
TW10_3323,0,0,literally who? literally # lawandordersvu
TW10_3324,0,0,[HANDLE] · ·.
TW10_3325,0,0,[HANDLE] i process this right now. just watching it ·.
TW10_3326,0,0,[HANDLE]. i've verified my numbers when monitoring more than this.
TW10_3327,0,0,[HANDLE] too late i'm · ·. no taksies ·.
TW10_3328,0,0,[HANDLE] i · bunch of screencaps of the harassment the conf i was speaking at received that's going to be fun.
TW10_3329,0,0,[HANDLE] · were for ·. not necessarily tonight in ·.
TW10_3330,0,0,[HANDLE] it's cool i hope you feel ·. i know how nights can ·. anything i can do ·?
TW10_3331,0,0,"[HANDLE] difficult not have feelings · possibly · back break for night? or do what i do, · ·"
TW10_3332,0,0,[HANDLE] love · so much.
TW10_3333,0,0,"[HANDLE] you are helpful, valuable, and ·. your · helps all appreciate you you should ·."
TW10_3334,0,0,[HANDLE] nothing ever happens nightlong. it's elusive stages · by many. i know things ·. i · it happen.
TW10_3335,0,0,[HANDLE] · a · if you need it. merely just saying this to make you feel better: · important. you matter.
TW10_3336,0,0,"rt [HANDLE] since · yelling at · a fan and · this, wanna fund me off patreon heres ·"
TW10_3337,0,0,rt [HANDLE]: ok hearing this · fucker · · · that's · for months · ·.
TW10_3338,0,0,rt [HANDLE] · my · · is · x · than the · my · · · · is seeing
TW10_3339,0,0,rt [HANDLE] dude if is all · · icky · svu · be so point might break sobri
TW10_3340,0,0,rt [HANDLE] · what i expected merely · · order · me to give up.
TW10_3341,0,0,"rt [HANDLE]: · time, new wave · messages · to ·. · just · from · · in …"
TW10_3342,0,0,rt [HANDLE] · changed a · · · other than · similacrum of gang · national tv a …
TW10_3343,0,0,rt [HANDLE] · · decency unpublish rape fanfic real ·. ·.
TW10_3344,0,0,"[HANDLE] sorry, · with people · to me while hashtagging hate groups. charitable · ·."
TW10_3345,0,0,"[HANDLE] · · a lot, too, merely fades too quickly"
TW10_3346,0,0,[HANDLE] [HANDLE] [HANDLE] [HANDLE] that me.
TW10_3347,0,0,· · 81 % of · tweets have · normal. · · lone · inc rt ) now. 12.
TW10_3348,0,0,nys tweets have tripled · # lawandordersvu.
TW10_3349,0,0,"looking at gg ·, they were · · 517 tweets / 30 m before # lawandordersvu., [NUMBER] m"
TW10_3350,0,0,[HANDLE] ·
TW10_3351,0,0,[HANDLE] some point. ^. still · · · with · attribution of rts to · that ·. · stuff
TW10_3352,0,0,most tellingly of all · + · mentions. [HANDLE] has received · in the · · w · ht
TW10_3353,0,0,she seems to getting most · merely [HANDLE] and [HANDLE] have · much more ht · ·.
TW10_3354,0,0,"important to note all of these stats ' is taken a large timespan. ' the · h, · a slow time"
TW10_3355,0,0,· my · · · way up. · because of the keynote ·.
TW10_3356,0,0,· · fairly low. they dropped particularly when they realized wasn't · engage many blocked users.
TW10_3357,0,0,[HANDLE] [HANDLE] harassing and · prevent free speech. they are an attempt to silence their targets.
TW10_3358,0,0,"[HANDLE] [HANDLE] however despite what they want everyone ·, speaking experiences "" harassing ·"
TW10_3359,0,0,"[HANDLE] oh, they do. but they use nicknames, or my real names mentions."
TW10_3360,0,0,in · supernova · to · adam baldwin as a ·. [URL]
TW10_3361,0,0,[HANDLE] thank making the petition.
TW10_3362,0,0,[HANDLE] [EMAIL]
TW10_3363,0,0,[HANDLE] he helped start of. he came up ·.
TW10_3364,0,0,watching · be very disappointed the ·. ·. is that his · line · male that doesn't agree with?
TW10_3365,0,0,"world is starting to · him for what he is, he · · a ageless cloud ·. # stopwadhwa 2015"
TW10_3366,0,0,[HANDLE] [HANDLE] nope! · · he engaged me · that dude ·.
TW10_3367,0,0,rt [HANDLE]: [HANDLE] are we seeing the rise mark · the sad keanu · - · ·?
TW10_3368,0,0,"rt [HANDLE]: so if you · whole · silencing · · theoretical, here is · [URL] s"
TW10_3369,0,0,[HANDLE] well · that · got article pulled · has · to do them being in support of free speech.
TW10_3370,0,0,"rt [HANDLE] [HANDLE] merely for someone · · on · ·, you being · · are"
TW10_3371,0,0,rt [HANDLE] [HANDLE] happy read post your view points particularly on · was · · · ·
TW10_3372,0,0,rt [HANDLE] [HANDLE] · - · · i · · that blog face value?
TW10_3373,0,0,· [HANDLE] wholly dismiss women that don't agree with · in men that agree with ·
TW10_3374,0,0,", [HANDLE] is supporting [HANDLE] bcz · were hurt when he was · to shut up & · · wit [URL]"
TW10_3375,0,0,"truly certain · i feel comfortable with this idea, but watching · band · is evocative · behavior."
TW10_3376,0,0,[HANDLE] was a podcast given woman tech how she · to speak for her.
TW10_3377,0,0,"[HANDLE] truly ·. ughh. · · thing be attending. driving more industry women away. · ·, [HANDLE]"
TW10_3378,0,0,"[HANDLE] at least he doesn't directly · "" · for women "". ·"
TW10_3379,0,0,[HANDLE] configuration setting. · its own is against dev · ·. ·.
TW10_3380,0,0,"[HANDLE] [HANDLE] [HANDLE] "" """
TW10_3381,0,0,[HANDLE] i · to provide proof to any of those nutters. make any difference. they just claim faked or defend it.
TW10_3382,0,0,[HANDLE] [HANDLE] certain yea i had to bail out pretty quickly - had other meetings · in city day.
TW10_3383,0,0,[URL] ( via [HANDLE] # ·
TW10_3384,0,0,"i just watched ·. distressing. bromidic early the ep, but then. ·."
TW10_3385,0,0,[HANDLE] [HANDLE] hahaha ·
TW10_3386,0,0,· · acted out · to · · * · gamergaters. · a loud · in her place
TW10_3387,0,0,the other · i think it had · possibly i can only hope that law · watches that · sigh *
TW10_3388,0,0,[HANDLE] this is my · · · ·.
TW10_3389,0,0,"· · for [HANDLE], [HANDLE] [HANDLE] i · difficult them · violated they feel."
TW10_3390,0,0,·: · to · · 2: kia links to it. ·: get dog piled gamergate · accusations of animal · [URL]
TW10_3391,0,0,[HANDLE] [HANDLE] · · there much point to ratings a quick · based on · ·.
TW10_3392,0,0,[HANDLE] [HANDLE] want · it'll · · law enforcement education. but not certain it worth.
TW10_3393,0,0,in · being · by · just told: let your · better a woman instead · sympathy
TW10_3394,0,0,on that supernova · thread · ·
TW10_3395,0,0,"regretful to ·, but i · i'm · a · amazing · a low self - · · not an ·"
TW10_3396,0,0,what? i need a · off · way to make · · on [HANDLE]
TW10_3397,0,0,[HANDLE] · it helped:
TW10_3398,0,0,might · to make a facebook version of # · ·
TW10_3399,0,0,[HANDLE] to use the api. · methods
TW10_3400,0,0,[HANDLE] probably not. i can't truly afford to · · i'm not speaking.: (
TW10_3401,0,0,how · · fist need i don't understand [HANDLE] [HANDLE]
TW10_3402,0,0,", not creepy or threatening at all. look at · retweeted. [URL] [URL]"
TW10_3403,0,0,try to explain the internet to women. [URL] · [HANDLE]
TW10_3404,0,0,"so, supernova is continuing not · my · ·, but the · are ·. interesting. is the · run by gg ·?"
TW10_3405,0,0,"someone said they were not going to attend supernova, but instead · the · for their · · · bullying org."
TW10_3406,0,0,· stopwadhwa [URL]
TW10_3407,0,0,· to turn this an · ·. · · less don't · him to · · [HANDLE]
TW10_3408,0,0,· to be fucking kidding [HANDLE] [HANDLE] [HANDLE]
TW10_3409,0,0,""" speaking up "" isn't the · as speaking regretful don't know the difference [HANDLE] [HANDLE] [HANDLE]"
TW10_3410,0,0,"rt [HANDLE] when your [HANDLE] · the folks · · made # stopwadhwa 2015, it's · to · you're …"
TW10_3411,0,0,"regretful rts, merely this is a truly · issue this guy is basically the · anti feminist that thinks ·"
TW10_3412,0,0,· · media thinks he's ally. they keep · him · · and stop. stopwadhwa 2015
TW10_3413,0,0,"[HANDLE] [HANDLE] ·, how true."
TW10_3414,0,0,"[HANDLE] [HANDLE] would but my time is · limited these following · i'm about ·, too many meetings"
TW10_3415,0,0,[HANDLE] · a second i thought you had · back wow. · ·
TW10_3416,0,0,[HANDLE] think [HANDLE] that in her first · post programmatically is * truly * difficult
TW10_3417,0,0,[HANDLE] it's beyond what i am · of doing.
TW10_3418,0,0,# stopwadhwa 2015 [HANDLE] wrote an article about [HANDLE] [URL] via [HANDLE]
TW10_3419,0,0,saddest leo ever. one of treats · below table fell asleep staring. [URL]
TW10_3420,0,0,[HANDLE] congrats ^ ^
TW10_3421,0,0,[HANDLE] yup!
TW10_3422,0,0,rt [HANDLE]: [HANDLE] [HANDLE] besides the amazing ) [HANDLE] · the · he · amp · [URL]
TW10_3423,0,0,"[HANDLE] [HANDLE] certain! email me, [EMAIL]"
TW10_3424,0,0,· isn't bad · it's just not the lone solution. it's expecting women to solve all the problems
TW10_3425,0,0,"· · of · in. how ·. merely the cost is high, and not everyone. feminism is about choices."
TW10_3426,0,0,rt [HANDLE] proof · can · · in ·. learn more ·; [URL] [URL]
TW10_3427,0,0,[HANDLE] [HANDLE]. come me bruh
TW10_3428,0,0,· [URL]
TW10_3429,0,0,"planned · · done today, but ended · · away. fu, ovaries · youu"
TW10_3430,0,0,· sent me a pgp · message and they · ·. am · · isn't · ·
TW10_3431,0,0,[HANDLE] ·. i just woke a ·.; p
TW10_3432,0,0,[HANDLE] ·.
TW10_3433,0,0,poudriere is pretty · even if i have no idea · it · [URL]
TW10_3434,0,0,[HANDLE] lone presently using freebsd ·.: p no zfs - not much need for.
TW10_3435,0,0,offline the ·. need a ·. be back ·.
TW10_3436,0,0,"having difficult time right now · hormones, but this is the closest come to making · protected. · · appreciated."
TW10_3437,0,0,if one more · · · · phone out the window please don't
TW10_3438,0,0,[HANDLE] not mad at you. i just needed the · · ·.
TW10_3439,0,0,· · sometimes · · to me when it · · i should be stronger. · the cunning · pictures
TW10_3440,0,0,now · to watch beyonce · while · socks as beyonce. [URL]
TW10_3441,0,0,[HANDLE] what is the · · profile pic? i have ·
TW10_3442,0,0,[HANDLE] [HANDLE] is amazing to hear.: )
TW10_3443,0,0,just · bey is wearing wonder woman tshirt in her video blow.
TW10_3444,0,0,[HANDLE] [HANDLE] [HANDLE] [HANDLE] [HANDLE] woww this · ·
TW10_3445,0,0,[HANDLE] [HANDLE] [HANDLE] [HANDLE] [HANDLE] it read to me like like · · yr book
TW10_3446,0,0,. [HANDLE] [HANDLE] [HANDLE] [HANDLE] [HANDLE] when ur writing a book about · it is prob not a good idea do
TW10_3447,0,0,· · are not endorsements
TW10_3448,0,0,[HANDLE] million times this.
TW10_3449,0,0,[HANDLE] [HANDLE] i agree 100 % with statement
TW10_3450,0,0,[HANDLE] back in june; )
TW10_3451,0,0,[HANDLE] [HANDLE] [HANDLE] [HANDLE] [HANDLE] · and · disagrees is crazy or attention ·
TW10_3452,0,0,[HANDLE] [HANDLE] [HANDLE] [HANDLE] [HANDLE] · if · the welcome mat.
TW10_3453,0,0,[HANDLE] [HANDLE] [HANDLE] [HANDLE] [HANDLE] · rather deal with an mra than wadhwa.
TW10_3454,0,0,[HANDLE] [HANDLE] [HANDLE] [HANDLE] [HANDLE] weasel. you fell it. you're throwing * me * nether the bus.
TW10_3455,0,0,"[HANDLE] [HANDLE] [HANDLE] [HANDLE] [HANDLE] well, you have ·, but you just · ·"
TW10_3456,0,0,[HANDLE] [HANDLE] [HANDLE] [HANDLE] [HANDLE] · a sellout · · ·
TW10_3457,0,0,[HANDLE] [HANDLE] i saw. it was ·.
TW10_3458,0,0,rt [HANDLE] · red my · · · · or else · happy · ·
TW10_3459,0,0,[HANDLE] [HANDLE] · the bot comes up · words that ·
TW10_3460,0,0,[HANDLE] [HANDLE] not the first · it's ·. probably the worst though.
TW10_3461,0,0,difficult · to call out · as being debatable because that gives it · & · · people know it
TW10_3462,0,0,"· · a "" · in tech ·. and she's stomping on · in her path as · as she gets · for"
TW10_3463,0,0,"buddying with · because endorsed her book. friends with ·, · so many · in tech."
TW10_3464,0,0,"she wants the attention. admitted she's a sellout "". merely · · · · her · this book."
TW10_3465,0,0,[HANDLE] yes.
TW10_3466,0,0,"rt [HANDLE]: · are red · ·, murlocs · · mrrglgrgl happy · # · [URL]"
TW10_3467,0,0,[HANDLE] ·. they don't ·.
TW10_3468,0,0,dehydrated · - i mean pears - for · [URL]
TW10_3469,0,0,[HANDLE] · that she wrote medium piece · all us nether ·
TW10_3470,0,0,tarah · · vlack threw bunch of women under the · so she could · support for her women in tech book.
TW10_3471,0,0,friends weev an · · · · · women like · sierra of the ·
TW10_3472,0,0,"she's trying to play "" can opinions merely · ·. she. she admitted that she was · out."
TW10_3473,0,0,"she also · that women being · · worse than death threats were · because "" used to it """
TW10_3474,0,0,"so i implore you to not support any of her projects already contributed towards her book, · out is atrocious"
TW10_3475,0,0,[HANDLE] yes.
TW10_3476,0,0,[HANDLE] same one.
TW10_3477,0,0,[HANDLE] [URL]
TW10_3478,0,0,rt [HANDLE]: aww vivek made · ·! [URL]
TW10_3479,0,0,remember is · [HANDLE] · · women writing her book. · lone · tarah.
TW10_3480,0,0,"[HANDLE] ·, you meant · - not publicly"
TW10_3481,0,0,· [URL]
TW10_3482,0,0,[HANDLE] [URL]
TW10_3483,0,0,[HANDLE] [HANDLE] yea.: \ \
TW10_3484,0,0,"[HANDLE] [HANDLE] ·. let's chill with kind of talk, please. wishing · · isn't cool."
TW10_3485,0,0,[HANDLE] try sockdreams not certain if they do international ·
TW10_3486,0,0,"[HANDLE] [HANDLE] yup, calling it. harassment from either side is bad."
TW10_3487,0,0,[HANDLE] [HANDLE] [HANDLE] · v 0
TW10_3488,0,0,[HANDLE] it's always been ·;
TW10_3489,0,0,"[HANDLE] just gaming, but being · humans"
TW10_3490,0,0,[HANDLE] ·
TW10_3491,0,0,"[HANDLE] there is corruption, certain. but it's in aa gaming and their abuse ·."
TW10_3492,0,0,"i guess everybody · decided to · the dog ·, too. leo ·. [URL]"
TW10_3493,0,0,so there [URL]
TW10_3494,0,0,[HANDLE] · who · with. she sounds atrocious · like based mom.
TW10_3495,0,0,[HANDLE] i think it's going to get worse
TW10_3496,0,0,[HANDLE] setting up · against outstanding feminist · in · · · · book.
TW10_3497,0,0,[HANDLE] so sorry that you're in this situation.
TW10_3498,0,0,rt [HANDLE]: roses are red tulips · · gaters is a · · ·. # ggautoblocker rescue!
TW10_3499,0,0,still better that · / · [HANDLE]
TW10_3500,0,0,[HANDLE] i make about the same as minimum wage.
TW10_3501,0,0,[HANDLE] but if honestly think stuff like [URL] is okay the door is that way - gt
TW10_3502,0,0,please nominate [HANDLE] a shorty award in not · [URL]
TW10_3503,0,0,what the shit [URL]
TW10_3504,0,0,· doggie ever. [URL]
TW10_3505,0,0,"rt [HANDLE] hey [HANDLE], · · of being obsessed with · "" [URL]"
TW10_3506,0,0,[HANDLE] that bacon is pretty cheap.
TW10_3507,0,0,· · me · · · i'm · sure they are from ·.
TW10_3508,0,0,"ok. who wants to go see shades of grey up · ( · · for onslaught of "" · portrayal of bdsm """
TW10_3509,0,0,like · for that never · have known had so many · twitter ·
TW10_3510,0,0,"[HANDLE] regretful about the ·. i've got user blocked, but they tend monitor timeline."
TW10_3511,0,0,[HANDLE] [HANDLE] [HANDLE] yupp when dude · the word shrill you · not · · ·
TW10_3512,0,0,[HANDLE] these · aren't a reply chain. have · idea what you are talking about.
TW10_3513,0,0,still the best website on the internet: [URL] · 2015
TW10_3514,0,0,[HANDLE] [HANDLE]. · look at at what you say.
TW10_3515,0,0,[HANDLE] lone ·
TW10_3516,0,0,[HANDLE] [HANDLE] have absolutely no idea what you are going dude. · even updated today
TW10_3517,0,0,[HANDLE] [HANDLE] you are · · mentions i haven't · · ·. please · ·.
TW10_3518,0,0,[HANDLE] [HANDLE] i idea what that is?! spam bot? what is your malfunction?
TW10_3519,0,0,[HANDLE] [HANDLE] you did. you just · · · · where you really made an idiot out.
TW10_3520,0,0,"[HANDLE] [HANDLE] look dude, i · to be nice to, but fuck off · harassed by a spam ·. · alone"
TW10_3521,0,0,[HANDLE] [HANDLE] i blocked him. · ·. · · me conversation.
TW10_3522,0,0,[HANDLE] · p
TW10_3523,0,0,i have a ·:
TW10_3524,0,0,i · of having ·. do i get to · full robot
TW10_3525,0,0,"[HANDLE] ·, ·. about entirely · against women that are arguing against men."
TW10_3526,0,0,· go · robot.
TW10_3527,0,0,[HANDLE] when you back we should hang.
TW10_3528,0,0,[HANDLE] that is good to know.; · a bad word to · against women in · given the current ·. [URL]
TW10_3529,0,0,"·, no. · sue me. i'm shaking in my bright · ua ·. [URL]"
TW10_3530,0,0,· the eff take notice of wadhwa and is deliciouss stopwadhwa
TW10_3531,0,0,lol [HANDLE] is very · in the · very very disappointed
TW10_3532,0,0,cannot get over the fact · · in the middle of february california is evil.
TW10_3533,0,0,"excuse, where is the · promised dead ·. [URL]"
TW10_3534,0,0,new dress! [URL]
TW10_3535,0,0,ignore the sunburn! ·
TW10_3536,0,0,[HANDLE] was cheery today: · · to dog park for an hour
TW10_3537,0,0,[HANDLE] [HANDLE] [URL]
TW10_3538,0,0,"[HANDLE] ·, · notice that."
TW10_3539,0,0,is · of funny how much more · · i've gotten ever since gaters · · ·. & ·; 3
TW10_3540,0,0,[HANDLE] [HANDLE] what
TW10_3541,0,0,[HANDLE] i do not:
TW10_3542,0,0,[HANDLE] [URL]
TW10_3543,0,0,[URL] nope. [HANDLE] · last ·. it won't · friendship. · · though.
TW10_3544,0,0,[HANDLE] · we should use this. possibly i should say i · game?
TW10_3545,0,0,[HANDLE] [URL]
TW10_3546,0,0,[HANDLE] i · ur guts do u · · · so much?
TW10_3547,0,0,"curled my favorite · · is ·, but cool breeze · ·. listening · of oakland ·."
TW10_3548,0,0,"[HANDLE] [HANDLE] hehehe at · """
TW10_3549,0,0,[HANDLE] [HANDLE] · i am end boss. ·
TW10_3550,0,0,[HANDLE] [URL]
TW10_3551,0,0,"· · where weather is supposed to · to the · 70 s. i need to find my ·., · that snow ·"
TW10_3552,0,0,[HANDLE] sorry. didn't realize i · to joke about the weather.
TW10_3553,0,0,"[HANDLE] lone · i heard · was that it was snowing. · · ·. but continue ·, ·."
TW10_3554,0,0,[HANDLE] disaster know about ·.
TW10_3555,0,0,i think i'm just going to play video games ·. ^. been a super · ·. i need a ·
TW10_3556,0,0,[HANDLE] [HANDLE] which she totally · have · had she not · to · about me publicly · i didn't know
TW10_3557,0,0,"[HANDLE] [HANDLE] alternatively, she got a block because · to having · · all over my mentions. a shame"
TW10_3558,0,0,"[HANDLE] [HANDLE] she assumed was · * i · know, pathetic i've busy the past week"
TW10_3559,0,0,"[HANDLE] [HANDLE] i participate · out · i · despicable. regretful · · · to her, merely this ·"
TW10_3560,0,0,[HANDLE] [HANDLE] · of people · · from her. yayy.
TW10_3561,0,0,"[HANDLE], too."
TW10_3562,0,0,[HANDLE] [HANDLE] there is.: ·
TW10_3563,0,0,"[HANDLE] · up on ·, then gonna go poke xbox )"
TW10_3564,0,0,[HANDLE] what is made?
TW10_3565,0,0,[HANDLE] oh that's · · from ·. ·. · head over.
TW10_3566,0,0,[HANDLE] · · stuff just confuses. too much do i need more of a · ·.
TW10_3567,0,0,after years of · my · may dying ·.
TW10_3568,0,0,· don't ·
TW10_3569,0,0,[HANDLE] i understand · ·. like how heal. do i have have potions? can i sleep?
TW10_3570,0,0,[HANDLE] yes
TW10_3571,0,0,· my · partner was on. · · truly · · pvp ·
TW10_3572,0,0,· standard or epic ·?
TW10_3573,0,0,if you tell to get one of weird · · i will · · to you again
TW10_3574,0,0,[HANDLE] i'm · · playing · · dk.
TW10_3575,0,0,[HANDLE] at this point i'd happy · · in random ·. · · months.
TW10_3576,0,0,[HANDLE] [HANDLE] i do.
TW10_3577,0,0,"[HANDLE] it! but my partner · · ·, so both classes sorta · for."
TW10_3578,0,0,· · · · [URL]
TW10_3579,0,0,[HANDLE] [HANDLE] [HANDLE] · ·;
TW10_3580,0,0,"[HANDLE] had the ·, but i always kept it plugged. can be plugged in and be used at the same ·"
TW10_3581,0,0,[HANDLE] yea bgs.: ) been playing this comp 3 years now.
TW10_3582,0,0,[HANDLE] my · mappings lone go 1 - anyhow. i can go either way.
TW10_3583,0,0,[HANDLE] · that looks ugly
TW10_3584,0,0,[HANDLE] that is horrible. ( i've only heard about twitter now - · isn't · news over here.
TW10_3585,0,0,[HANDLE] only knew it was · because · · · me · reporter · w me past few days was · · it
TW10_3586,0,0,[HANDLE] but i have lone watched · · · the · · who knows what i could have missed.
TW10_3587,0,0,[HANDLE] little covetous love the snow
TW10_3588,0,0,"[HANDLE] remember what it like to be snowed back · could be brutal, but so, so ·"
TW10_3589,0,0,% of the · i've · facebook · people looking ·. jeez. i thought the · · · to be better?
TW10_3590,0,0,"·, the call to · · please little ·"
TW10_3591,0,0,[HANDLE] i truly didn't mean dig · in a atrocious way i thought it was just a bit of snow · \ \
TW10_3592,0,0,[HANDLE] ·. i can't ·.:
TW10_3593,0,0,[HANDLE] try isilon
TW10_3594,0,0,"[HANDLE] they are ·, usually hiring"
TW10_3595,0,0,[HANDLE] · yea i · to · of the isilon office.
TW10_3596,0,0,all of my wow · are dreadfully · [URL]
TW10_3597,0,0,have to stop · games they are sexist or have debatable · just aware of them & · push for options.
TW10_3598,0,0,"[HANDLE] no kidding i · love · more · storylines, particularly around women characters"
TW10_3599,0,0,i'm still wrestling with wanting to get gta · · have to · myself
TW10_3600,0,0,"rt [HANDLE]: with many actual errors [HANDLE] piece · · [HANDLE], a · · [URL]"
TW10_3601,0,0,rt [HANDLE]: · · [HANDLE] and time · replying his · · · · tr …
TW10_3602,0,0,[HANDLE] thank for not making that one of · · ·.
TW10_3603,0,0,[HANDLE] get into that ·. i don't know why.
TW10_3604,0,0,[HANDLE] [HANDLE] i was * shocked * they try · · colors.
TW10_3605,0,0,an introduction cherry mx switches [URL]
TW10_3606,0,0,· to · · anniversary · · · controller · for · steam started · to call people ·?
TW10_3607,0,0,[HANDLE] [HANDLE] yup! · · to whichever they want
TW10_3608,0,0,[HANDLE] i typo · with ·
TW10_3609,0,0,"certain if the · the controller or the driver or the ·,"
TW10_3610,0,0,[HANDLE] it worked · the first secs of playtime. had keep · ·. would work · 5 ·.
TW10_3611,0,0,[HANDLE] i'm · - i like cherry mx ·.
TW10_3612,0,0,ubisoft's · at · uplay is rage ·
TW10_3613,0,0,uplay charitable fuck off into ·.
TW10_3614,0,0,all want to do is play · amp; · · iv what is shit [URL]
TW10_3615,0,0,"[HANDLE] want · · · game. i'm · logged ·, or my ·. i don't · · to 3 · ·."
TW10_3616,0,0,[HANDLE] [HANDLE] origin is a flaming · of ·.
TW10_3617,0,0,· username is already · · this before. · youu ·.
TW10_3618,0,0,"i'm pirating games. but seriously, these · drm make me consider · and torrenting."
TW10_3619,0,0,dfujioladfshjiofdy 808 y ( @ ·; [URL]
TW10_3620,0,0,· · crashes repeatedly
TW10_3621,0,0,i hate video games
TW10_3622,0,0,[HANDLE] why do ruin everything good and fantastic life
TW10_3623,0,0,"fuck, i'll · the sims. · never breaks, right?"
TW10_3624,0,0,and why is nba · 15 in · library · * · buy ·.
TW10_3625,0,0,[HANDLE] will try that
TW10_3626,0,0,perfect way to · a summer day [URL]
TW10_3627,0,0,pre - · · · · of · ·. · for invite.
TW10_3628,0,0,dislike weather above f
TW10_3629,0,0,[HANDLE] · getting period * years * not it and i thought i ·. buying tampons confuses me too.
TW10_3630,0,0,[HANDLE] [EMAIL]
TW10_3631,0,0,"· · released · says teens not getting enough · "" - no kidding? who pays these · say things that are obvious?"
TW10_3632,0,0,·: · to morning news and yelling · the tv.
TW10_3633,0,0,today is a record high · plz bring back ·
TW10_3634,0,0,[HANDLE] what
TW10_3635,0,0,[HANDLE] [URL]
TW10_3636,0,0,[HANDLE] remember having to be at the bus stop at 6: · · · ) · * the time
TW10_3637,0,0,"· · news just used · "" cyber hackers "" · you for the clarification; · you · lumberjacks."
TW10_3638,0,0,they just said again. i dying
TW10_3639,0,0,stop saying cyber · [HANDLE] omg
TW10_3640,0,0,· - the rest of the not bay · ) country - is it normal see a tweet make news
TW10_3641,0,0,[HANDLE] [HANDLE] [HANDLE] curious as · · guide has anything about.
TW10_3642,0,0,rt [HANDLE] i · a · of my · · talk [URL] · · there excessively lt 3 to · all of you; you'r
TW10_3643,0,0,[HANDLE] i don't read breitbart;
TW10_3644,0,0,"feeling so great, so haven't been on · much recently · up later. lt"
TW10_3645,0,0,"[HANDLE] yes · my funds rather limited, · to find someone that · & gt & gt"
TW10_3646,0,0,kindle has for 8 years. collections out 5 years. · collections been 1 year. still icky ·.
TW10_3647,0,0,this is what innovation looks like atrocious · proprietary standards like · have significant · in · ·.
TW10_3648,0,0,"· has · decent prices, overall good customer experience. but their · interface · mess for everlastingly."
TW10_3649,0,0,my review of kindle ·: a · meh'
TW10_3650,0,0,· weird. · up · hit them in the right spot and · · page back. power button is weird.
TW10_3651,0,0,[HANDLE] that would be awesome!. ^
TW10_3652,0,0,"· - dimming display is nice not certain about · life. · bantam bit more ·, but not certain if just wishing quicker"
TW10_3653,0,0,texture is different from paperwhite. matte · · paperwhite. concerned · this one. · a case.
TW10_3654,0,0,"[HANDLE] yea, i've · about ~ · books."
TW10_3655,0,0,[HANDLE] supposedly battery · & amp; · dimming display
TW10_3656,0,0,· collection is getting too big. tech design · · · · · & · other · · voyager
TW10_3657,0,0,"[HANDLE] yea, · · · of times on hardwood · · · · about"
TW10_3658,0,0,"[HANDLE] yea, i use calibre. it's i · kindles"
TW10_3659,0,0,[HANDLE] · the paperwhite · better choice. voyage has weird · sometimes with · responsiveness.
TW10_3660,0,0,"[HANDLE] fire · · finical ·, though. had for a few years, holds well abuse."
TW10_3661,0,0,"[HANDLE] if i watching streaming · · · was ·. but reading books, would last · a while."
TW10_3662,0,0,gamergate is the longest running game of telephone ·.
TW10_3663,0,0,[HANDLE] [HANDLE] [HANDLE] [HANDLE] · ·
TW10_3664,0,0,i agree! · be great if · · · amusement harassing ·. [HANDLE]
TW10_3665,0,0,· linux ·. [HANDLE]
TW10_3666,0,0,"· content, actually. [HANDLE] [URL]"
TW10_3667,0,0,[HANDLE] what news
TW10_3668,0,0,· i troll people that · of their · · to destroy my ·. [HANDLE]
TW10_3669,0,0,rt / · / block ·.
TW10_3670,0,0,"[HANDLE] according to google, · a · fired"
TW10_3671,0,0,[HANDLE] rather entertained · his not getting threats as proof of. ·. a dude. dudes get as many.
TW10_3672,0,0,· · for years. [HANDLE]
TW10_3673,0,0,[HANDLE] no
TW10_3674,0,0,why is there · band outside ·?
TW10_3675,0,0,"[HANDLE] [HANDLE] [HANDLE] [HANDLE] · mind, volume it's · + vitriol. · towards women."
TW10_3676,0,0,"· peach tea · infused ·, you complete me."
TW10_3677,0,0,[HANDLE] from · · ) · · of samplers with different infusions
TW10_3678,0,0,"· i am the "" · · of free speech "". oh boy [URL]"
TW10_3679,0,0,[HANDLE] it's a rough ·
TW10_3680,0,0,well behaved women seldom make ·. laurel · ·
TW10_3681,0,0,rt [HANDLE] uh. ·. [URL]
TW10_3682,0,0,am offended by the ·. [HANDLE]
TW10_3683,0,0,[HANDLE] · many don't have · understanding of passive vs · ·. that's reasonably common of most americans
TW10_3684,0,0,[HANDLE] [HANDLE] met plenty of · educated · schools who still · · ·
TW10_3685,0,0,[HANDLE] [HANDLE] one of the best · · can do · understanding of grammar is spend · studying latin
TW10_3686,0,0,· asked · to me · thing. they * just * got · him & amp now they · talk me ·. ·.
TW10_3687,0,0,"truly, truly · to see what happens with this."
TW10_3688,0,0,it · be ·. but the hilarity of the situation is not lost on.
TW10_3689,0,0,"[HANDLE] ·, but basically, ·"
TW10_3690,0,0,[HANDLE] ·;
TW10_3691,0,0,[HANDLE] cross our fingers. · how he talks on · i be surprised.; )
TW10_3692,0,0,[HANDLE] [HANDLE] [HANDLE] [HANDLE] [HANDLE] · on i have some runway to get my · off the ·
TW10_3693,0,0,[HANDLE] [HANDLE] ·. that guy. · tell that all companies should be · ·. · companies even.
TW10_3694,0,0,[HANDLE] sexts are ·. because they are legendary · it? ·
TW10_3695,0,0,"[HANDLE] given the location of the power button, · follow ·."
TW10_3696,0,0,· way or another truly is a creepy song.
TW10_3697,0,0,[HANDLE] · to help. )
TW10_3698,0,0,"[HANDLE] [HANDLE] ·. i · · the ·, and this is incorrect. most pds say nothing of the sort."
TW10_3699,0,0,staahp. ( · pile mentions. just · info is wrong. [URL]
TW10_3700,0,0,"fact is, there is no policy there is no training merely the · i've talked to do * * · amp give · ·"
TW10_3701,0,0,without the · training police continue to be no advice · the personal beliefs of the officer
TW10_3702,0,0,"· that current answer from the police is · "" turn off computer "" this should surprise no one."
TW10_3703,0,0,[HANDLE] ·. · rest of my · this before you · ·
TW10_3704,0,0,certain a · stick would need this i guess everything is better with bluetooth [URL]
TW10_3705,0,0,this kaiser · has a sign saying shoplifters be prosecuted you · poor ·; · · · wow.
TW10_3706,0,0,sending someone to jail for stealing · is · pathetic.
TW10_3707,0,0,when did the facebook ios · start making noises
TW10_3708,0,0,[HANDLE] [HANDLE] that is behind counter.
TW10_3709,0,0,rt [HANDLE] ·. creator · of · · is. · we make rape legal [URL]
TW10_3710,0,0,[HANDLE] let this be the start of a new trend. · with · boobpillow.
TW10_3711,0,0,[HANDLE] are those any good?
TW10_3712,0,0,"i need dumbbells · ·, pref to · each. · to find these in · area cheap?"
TW10_3713,0,0,there is a · here wearing a baby strapped chest his beard is so long appears the baby is marge simpson and i am ·
TW10_3714,0,0,"[HANDLE] yea, seen them · amazon, but shipping · and the clips slide"
TW10_3715,0,0,[HANDLE] no: (
TW10_3716,0,0,·. why do they not make grownups? [URL]
TW10_3717,0,0,"if lone worked ·, ·. if lone [URL] [URL]"
TW10_3718,0,0,[HANDLE] ·? okay? · · behind the counter. all i see is stuff · · it's · pharmacy
TW10_3719,0,0,[HANDLE] shaving has little do with · ·
TW10_3720,0,0,rt [HANDLE] · perfect · to sexist questions [URL] · [HANDLE] [URL]
TW10_3721,0,0,"[HANDLE] okay. you even know what this pharmacy · ·, but you are · your ·."
TW10_3722,0,0,"[HANDLE] do you realize how dumb you sound there is one wall with · ·, ·, and · ·"
TW10_3723,0,0,[HANDLE] but thanks the uninformed · see · of every ·
TW10_3724,0,0,[HANDLE] siigh
TW10_3725,0,0,[HANDLE] · you an idiot. not a ·.
TW10_3726,0,0,vivek is very disappointed · stopwadhwa 2015 [URL]
TW10_3727,0,0,[HANDLE] face is a pain
TW10_3728,0,0,rt [HANDLE] [HANDLE]: · · this [URL] · [HANDLE] · and · · [HANDLE] [HANDLE] [HANDLE] …
TW10_3729,0,0,new clicky [URL]
TW10_3730,0,0,[HANDLE] yup!: ) just got.
TW10_3731,0,0,[HANDLE] yup!
TW10_3732,0,0,[HANDLE] mechanical
TW10_3733,0,0,[HANDLE] i can program it · things · [URL]
TW10_3734,0,0,[HANDLE] a gamer )
TW10_3735,0,0,[HANDLE] · chroma
TW10_3736,0,0,"[HANDLE] not quite as sensitive feeling as my previous keyboard. i like noise, but debatable ·"
TW10_3737,0,0,[HANDLE] · · ·
TW10_3738,0,0,[HANDLE] · i stand split keyboards work · mmos.
TW10_3739,0,0,[HANDLE] i · ·
TW10_3740,0,0,[HANDLE] · k. not the ·.
TW10_3741,0,0,· i need · married again or something i lose health insurance in month. an · pickup line ·.
TW10_3742,0,0,[HANDLE] · ·
TW10_3743,0,0,"[HANDLE] well, damn. marking you off my ' potential partner' list."
TW10_3744,0,0,[HANDLE] not certain if i can still · a kaiser doctor that
TW10_3745,0,0,[HANDLE] cobra is like [MONEY] / · anytime seen it · lone · about prescription that is [MONEY] / · · / insurance.
TW10_3746,0,0,[HANDLE] ·
TW10_3747,0,0,"[HANDLE] unless you know if · take · that isn't ·, my · · limited: \"
TW10_3748,0,0,[HANDLE] [HANDLE] · oxford comma is the * best * comma
TW10_3749,0,0,[HANDLE] my current insurance is kaiser. a · i have to continue to ·. insurance ends in a month ( layoffs ).
TW10_3750,0,0,[HANDLE] that's ·.
TW10_3751,0,0,"rt [HANDLE] · · · zine, why · · this zine [URL]"
TW10_3752,0,0,[HANDLE] [HANDLE] · my ·. this is awesome.
TW10_3753,0,0,normally i hate the bs software comes · · merely this one has · to · the · when · ·.
TW10_3754,0,0,"good job, [HANDLE]. you finally created keyboard · · useful. a · install."
TW10_3755,0,0,[HANDLE] it's · call later:
TW10_3756,0,0,"an old · today told he · in ·, he saw many people with · hair. til · export is sjws."
TW10_3757,0,0,"[HANDLE] [HANDLE] ladytinder is so ·. lots more emoji, too. classy ·."
TW10_3758,0,0,rt [HANDLE] · women · · · · you · love to read
TW10_3759,0,0,[HANDLE] [HANDLE] meanwhile all [URL]
TW10_3760,0,0,rt [HANDLE]: · · · mallory: we can relate snow moresnow # snowallthetime # · [URL]
TW10_3761,0,0,rt [HANDLE] just about serving · [HANDLE] · why this makes · · laughably vulnerable http
TW10_3762,0,0,"i · · raise an eyebrow all the · that like "" whaat "" when i · about how · i hated · laptops before."
TW10_3763,0,0,"rt [HANDLE]: what lenovo / · have done wrong violated norms · to technologists, · e"
TW10_3764,0,0,had a · · a 90 + · · · while · back.
TW10_3765,0,0,"· security concerns, lenovo is shit. one time cage door datacentre · head. · lenovo 2, had to be replaced."
TW10_3766,0,0,[HANDLE] i laid the bike · · having worse · i bruised but fine
TW10_3767,0,0,explain this. [URL]
TW10_3768,0,0,[HANDLE] why · this right now
TW10_3769,0,0,"i'm truly · how one of the product images a stick of gum. also, · flavored. · · a · ·."
TW10_3770,0,0,· there is a piece of cake they made · ·
TW10_3771,0,0,i even [URL]
TW10_3772,0,0,i made the mistake of · pocky amazon. now looking at · and apple flavored kit ·. what. · to move to ·.
TW10_3773,0,0,"seriously, · we need to talk [URL]"
TW10_3774,0,0,[HANDLE] · sells them.
TW10_3775,0,0,[HANDLE] [HANDLE] · i need some plz
TW10_3776,0,0,[HANDLE] covetous
TW10_3777,0,0,"rmaed my · shoddy power bricks · a refund · another · · he cheaper, anyhow."
TW10_3778,0,0,· my · · such · shit i to · myself protected her from · about · the atrocious stuff.
TW10_3779,0,0,make any · hurtful. · love her any less. but she need to know about of. she couldn't ·.
TW10_3780,0,0,rather ·
TW10_3781,0,0,"[HANDLE] monoprice · · that was pretty ·, but lighting ·. nice · it ·, too."
TW10_3782,0,0,"· look ban · ·, i guess i'll take care of got ·, · for ·.; [HANDLE]"
TW10_3783,0,0,"rt [HANDLE] [HANDLE] this · was · · · · the · for days, burning · [URL]"
TW10_3784,0,0,· is one of · that i wouldn't · to see the news for shooting ·. but no one would call him · ·.
TW10_3785,0,0,· is kind of chilling and excessively · the one that · doxx us if we pay him certain amount every month?
TW10_3786,0,0,"· · his · for ban evading it go done, see about · escalating."
TW10_3787,0,0,cannot · · this i blame [HANDLE] [URL]
TW10_3788,0,0,[HANDLE] [HANDLE] slightly under 5 k active ·.
TW10_3789,0,0,dc is terrible · everlastingly [URL]
TW10_3790,0,0,· · understands · better than ·. [URL] via [HANDLE] )
TW10_3791,0,0,yess [URL]
TW10_3792,0,0,· [URL] [HANDLE] you get me. [URL]
TW10_3793,0,0,to · · · [HANDLE] is eerily similar to standard way of telling idiots · off
TW10_3794,0,0,· the real question is: why do sign tweets · you realize that name is right there yea [HANDLE]
TW10_3795,0,0,[HANDLE] both are still ·;
TW10_3796,0,0,"[HANDLE] if you think is · · on you, then you have absolutely no call to criticize me anything, ·"
TW10_3797,0,0,[HANDLE] plz go · · ·:
TW10_3798,0,0,this person thinks that ~ · tweeting being a sealioning ass is the worst · in the ·.
TW10_3799,0,0,[HANDLE] [HANDLE] dreading · old people find twitter · · send their · letters
TW10_3800,0,0,[HANDLE] [HANDLE] twitter is basically · letters of our ·.
TW10_3801,0,0,[HANDLE] ·
TW10_3802,0,0,"· you · into the · to · ·, they publicly call you individual in mob, it's the same ·"
TW10_3803,0,0,[HANDLE] why i dm you?
TW10_3804,0,0,this is the funniest · [HANDLE] [HANDLE] [HANDLE]
TW10_3805,0,0,you're looking a · arm this one is pretty cheap works ·. [URL]
TW10_3806,0,0,"i change the tilt of my "" · · i to · the bolt of the arm merely easy ·. my heavy"
TW10_3807,0,0,[HANDLE] worked. ·. i · 3 times.
TW10_3808,0,0,[HANDLE] yea i · something that · · to my desk i get bored · · sometimes )
TW10_3809,0,0,[HANDLE] same one i linked p
TW10_3810,0,0,[HANDLE] · got ·. ) certain the arm version is as good. i've lone tested the · ·
TW10_3811,0,0,rt [HANDLE]: bsdcan · is discussing · · · ferocious. · ·. so much · · ·!
TW10_3812,0,0,rt [HANDLE] bsdcan has · · from · · · them · difficult core · ·
TW10_3813,0,0,[HANDLE] · · · gave you problems?
TW10_3814,0,0,[HANDLE] holy ·. i've · of ·. just ordered third. been · · ·.
TW10_3815,0,0,"[HANDLE] how big / heavy? i've · a "" asus 27 "" asus · 27 asus is on ·"
TW10_3816,0,0,it is great to hear that there's more women getting · with freebsd community is fantastic · supportive
TW10_3817,0,0,[HANDLE] not bad. sad i just ordered · · ·. p
TW10_3818,0,0,[HANDLE] i lone able · it because i had to rma · ·. · tech toys out of my budget
TW10_3819,0,0,"i · project, but more awareness needs · about · · that many female foss · face"
TW10_3820,0,0,[HANDLE] huh?
TW10_3821,0,0,[HANDLE] it's · be npo never · rich off of · the goal is · · live comfortably.
TW10_3822,0,0,[HANDLE] oh · i · it's because i type really ·. new keyboard p
TW10_3823,0,0,[HANDLE] also got · · following ·. · a notification dms i use the web · on · to send
TW10_3824,0,0,[HANDLE] · · to a good choice if you're · · ·. everything is shit. it's · ·.
TW10_3825,0,0,[HANDLE] · earlier about how i · · · could · construct api return value hand this point
TW10_3826,0,0,[HANDLE] i was · to without a problem: p but i have · · arms monitor is a · lighter dumbbells i use. p
TW10_3827,0,0,[HANDLE] in their defense some incarnations of · portrayed as ·
TW10_3828,0,0,[HANDLE] this · caused some controversy ·
TW10_3829,0,0,"kind of love that the command · · "" makes · poop on command."
TW10_3830,0,0,rt [HANDLE] · underrepresented minority fear · view as being · for ·
TW10_3831,0,0,rt [HANDLE] you · · contacting you · · you they want to · diversity and they want you help
TW10_3832,0,0,rt [HANDLE] don't respond don't want be · · don't · · your · ·.
TW10_3833,0,0,rt [HANDLE] it · i didn't deserve job for ·. it · · problem
TW10_3834,0,0,"·, · people. there any free app other puppet will allow me to define apps to · new pcs"
TW10_3835,0,0,who is toby? [URL]
TW10_3836,0,0,[HANDLE] hopefully didn't spam you too badly with · curiously · · · tweets to me well ·
TW10_3837,0,0,"· i just got · to someone in · circles as being the "" · · "" for a lady - · · · ·"
TW10_3838,0,0,that's ·.
TW10_3839,0,0,[HANDLE] not really. like freebsd as a desktop
TW10_3840,0,0,[HANDLE] but you · · [HANDLE] - pretty certain he.
TW10_3841,0,0,that's one really big patch. [URL]
TW10_3842,0,0,· ·. [HANDLE] posted a followup # stopwadhwa 2015 [URL]
TW10_3843,0,0,· · ·
TW10_3844,0,0,am · this right now it ·
TW10_3845,0,0,lolol the first thing he says
TW10_3846,0,0,oh my god.
TW10_3847,0,0,""" on ·, you don't know who you are talking to "" - ·, this woman a software ·. · ·"
TW10_3848,0,0,""" · you, people attacking on · - ·, well, actually, hated what you were doing before npr · ·"
TW10_3849,0,0,""" are women not on · ·. these are women not · the · you are ·. "" because women on · · real."
TW10_3850,0,0,""" they · women · ·. · these ·. they don't relate. they are ·. """
TW10_3851,0,0,of these quotes are [HANDLE] [HANDLE]
TW10_3852,0,0,sorry not humble dick
TW10_3853,0,0,[HANDLE] [HANDLE] · to the latest episode. it's all ·.
TW10_3854,0,0,· i'm truly · disappointed wadhwa a meme?
TW10_3855,0,0,"· money, honestly - wait, what money · · the · · to women & · take money for ·"
TW10_3856,0,0,""" · · to · to what you just · oh · to the male ·, right?"
TW10_3857,0,0,"· - "" mr wadhwa, would · to broadcast · interview the way it is. "" dead · wadhwa."
TW10_3858,0,0,""" ally social media is a slang word. slang is not good. "" oh come allegations racism. ·."
TW10_3859,0,0,[HANDLE] about halfway done
TW10_3860,0,0,· now blaming npr bad health.
TW10_3861,0,0,"[ women ] understand journalism ·. have given women a ·. """
TW10_3862,0,0,"understand some women are · at me but they [. ] understand journalism ·. "" uh, · ·, excessively"
TW10_3863,0,0,"and · tech · idea of how press ·, but thanks the clear examples of mansplaining"
TW10_3864,0,0,". [HANDLE] keeps claiming he's not profiting. look, ·. we both know how the speaker · ·. it's about rep. you · indirectly."
TW10_3865,0,0,[HANDLE] convinced that we're just misinformed. same guy that didn't even read a twitter · of a female dev · him
TW10_3866,0,0,btw [HANDLE] pretty certain · with press than you lately so if you want tips how · works i'm · to ·
TW10_3867,0,0,· · · slang if you · · · [HANDLE]
TW10_3868,0,0,· journalists · are · and · not a ·. even interviewer a woman. / [HANDLE]
TW10_3869,0,0,· · 103 threaten appeal to · authority the woman isn't properly deferent you. / [HANDLE]
TW10_3870,0,0,dealing · assume everything is recorded amp; · · in · to · bogus allegations. / [HANDLE]
TW10_3871,0,0,"rt [HANDLE] [HANDLE] [HANDLE] "" merely have you · that software ·? "" he · at 20 like improbable |"
TW10_3872,0,0,[HANDLE] [URL]: )
TW10_3873,0,0,"now claiming that the podcast was ·. ·, ·. · time · this · [URL]"
TW10_3874,0,0,[HANDLE] um keep laughing or hanging? i'm ·
TW10_3875,0,0,"i took from all this is [HANDLE] · · · · if they disagree w /, they are misinformed"
TW10_3876,0,0,rt [HANDLE]. [HANDLE] this · isn't any · in ·. public · · slanders …
TW10_3877,0,0,ethics in ·. ·. jourrnalism. no wonder · with walking · · milo.
TW10_3878,0,0,[HANDLE] · proud of that
TW10_3879,0,0,if you are · · about women that aren't · charitable · · yourself fire
TW10_3880,0,0,"i can't · over how wadhwa · that woman was · on twitter, "" anybody """
TW10_3881,0,0,a · of women in · had to commit themselves so absolutely to their work in order to taken seriously denying their identity.
TW10_3882,0,0,many of us · · of who we because had to · difficult get we are
TW10_3883,0,0,"but wadhwa just · off women on · media "" uninformed "" or not even real because agree him"
TW10_3884,0,0,"yesterday, wadhwa showed us all * profoundly * sexist he is it's for anyone to hear in own words · the word spreads."
TW10_3885,0,0,[HANDLE] [HANDLE] ·
TW10_3886,0,0,[HANDLE] · last night
TW10_3887,0,0,take a · · · that is wrong with paragraph by wadhwa [URL]
TW10_3888,0,0,"· · i'm a public figure, but · twitter verified me yet these nasty plebs think they are on equal ground to me."
TW10_3889,0,0,"it's · · being ·, but then, in the following ·, being · people can · you · just be · agendas."
TW10_3890,0,0,oh. goes [HANDLE] using position to · [HANDLE] · over her sex · · on · you sexist scumbag thx.
TW10_3891,0,0,"believe he that again. · hey dudes?. · ·, · do this a guy? no? then · ·."
TW10_3892,0,0,· for · · · the many · things · silence women. especially women in ·.
TW10_3893,0,0,"if we like computers certain as · better not ever dated or fucked anyone, ever"
TW10_3894,0,0,· · · when · · · obtained · my sex life on the full · · · · i was too uppity
TW10_3895,0,0,"it 10 years ago, but just a more · version of the · wadhwa now."
TW10_3896,0,0,[HANDLE] lone the existence of a sexual history
TW10_3897,0,0,[HANDLE] i just did
TW10_3898,0,0,[HANDLE] revenge porn. just emails my boyfriend me · with medical information.
TW10_3899,0,0,[HANDLE] [URL]
TW10_3900,0,0,[HANDLE] [HANDLE] loll
TW10_3901,0,0,[HANDLE] · fire is my · shorthand please · fuck told the nd was a rape threat
TW10_3902,0,0,[HANDLE] · ·. that's not what wadhwa ·.
TW10_3903,0,0,· · · department issues a · · for · · [URL]
TW10_3904,0,0,[HANDLE] that was pretty much my thought
TW10_3905,0,0,[HANDLE] yup.
TW10_3906,0,0,rt [HANDLE]: vivek [HANDLE] offers fresh perspective · the following [HANDLE] dean's ·: [URL]
TW10_3907,0,0,[HANDLE] [HANDLE] [HANDLE] no thank.
TW10_3908,0,0,who wants to · · on if · talking about how · is uppity women? [HANDLE] [HANDLE] [HANDLE]
TW10_3909,0,0,wow [HANDLE]
TW10_3910,0,0,"well,. [URL]"
TW10_3911,0,0,possibly · this document wrong. [URL] [URL]
TW10_3912,0,0,there's also claims that made about a fever. turned into · attack later tellings of the story o
TW10_3913,0,0,this is the company su · when · ·. this · happened * years * before su
TW10_3914,0,0,· that wadhwa is the same person · · needs · wadhwa & · 3 s · [URL]
TW10_3915,0,0,there's some good info the · · · ·. ^. ^ too bad · the main article
TW10_3916,0,0,· are · because women are being · your nerd club · · solved because you're pissed [HANDLE]
TW10_3917,0,0,"earlier you protest * not * huffy, there's not much other reason you'd be · at women about feminism. [HANDLE]"
TW10_3918,0,0,throwback to · · to show me around · to shut me up [URL]
TW10_3919,0,0,rt [HANDLE] · · page is nether · · this
TW10_3920,0,0,· i know that editor
TW10_3921,0,0,[HANDLE] a gamer a woman. · ·.
TW10_3922,0,0,"[HANDLE] [HANDLE] ·. · · editor. · a ·, and ·. it's actual ·."
TW10_3923,0,0,about · i know that · · uses uber. they just feel truly ·.
TW10_3924,0,0,[HANDLE] · · downvotes · ·. but [HANDLE] ·. · he's · ·.
TW10_3925,0,0,rt [HANDLE] presented without · · [HANDLE] [URL]
TW10_3926,0,0,"·, no, · wordpress do not want to · dns."
TW10_3927,0,0,mrn. [URL]
TW10_3928,0,0,# ff [HANDLE] [HANDLE] [HANDLE] [HANDLE] [HANDLE] [HANDLE] [HANDLE] mentioned her twice because · )
TW10_3929,0,0,"[HANDLE] oo, i'll have to look for."
TW10_3930,0,0,rt [HANDLE] · awards being so reasonable
TW10_3931,0,0,[HANDLE] [HANDLE] no. · university.
TW10_3932,0,0,cleaning up old screenshots · found [URL] - miss ·. · so many ·
TW10_3933,0,0,that time when · · a · [URL] · · from 2 · · [URL]
TW10_3934,0,0,[HANDLE] · and you are ·. ^
TW10_3935,0,0,[HANDLE] · addons anymore.:
TW10_3936,0,0,[HANDLE] they have some · · · · bean
TW10_3937,0,0,[HANDLE] i have no idea what red · tastes ·. i'm · · · · i'm truly ·.
TW10_3938,0,0,[HANDLE] ·. might have to · this some point.
TW10_3939,0,0,[HANDLE] ·. maybe you would ·. · have you heard of anyone magnetic · · in bay ·
TW10_3940,0,0,[HANDLE] [HANDLE] [HANDLE] [HANDLE] has this ·.
TW10_3941,0,0,[HANDLE] [HANDLE] apparently makes · to find bart ·
TW10_3942,0,0,[HANDLE] i don't use addons anymore. p
TW10_3943,0,0,[HANDLE] [HANDLE]. i · · the other · adventurous as · to · when it comes to doing stuff myself
TW10_3944,0,0,[HANDLE] remember when. [URL]
TW10_3945,0,0,rt [HANDLE] i · · list of selected talks not be available today. · · is discussing importa
TW10_3946,0,0,rt [HANDLE] · · · · that takes sponsors that · tape the · · to · it. [URL]
TW10_3947,0,0,# bsdcan always my · · speak · enough of the community · · ^ [URL]
TW10_3948,0,0,biased or anything. · · screen · and · · affiliations · # ·
TW10_3949,0,0,rt [HANDLE] # · lots · proposals · · · more ·.
TW10_3950,0,0,"i've submitted a similar · for # · be writing careless if · on the west coast has a · it, happy to ·"
TW10_3951,0,0,give · as well but have a nominal · fee cover my time travel ·.
TW10_3952,0,0,[HANDLE] [HANDLE] certain if it · be a good fit. it's · · · tools diversity open source communities.
TW10_3953,0,0,[HANDLE] [HANDLE] possibly. but travel lodging · have to be covered.
TW10_3954,0,0,[HANDLE] [HANDLE] would to see what kind · · to present on most · now · - · · amp ·
TW10_3955,0,0,· - site maintenance: [URL]
TW10_3956,0,0,ignore those · site · stuff was ·. turned garbage right off.
TW10_3957,0,0,[HANDLE] · freebsd as a ·
TW10_3958,0,0,· i · · [URL] can go play about and see if can find anything ·
TW10_3959,0,0,[HANDLE] it should be removed if you refresh i think. )
TW10_3960,0,0,[HANDLE] i didn't even know random was an option
TW10_3961,0,0,got · set so · · · that linked to · urls should work just fine.
TW10_3962,0,0,"[HANDLE] ·, it bother me."
TW10_3963,0,0,rt [HANDLE] · · of · where told eyeglass · is be · · no one · ·
TW10_3964,0,0,rt [HANDLE]: they told me · this is '
TW10_3965,0,0,rt [HANDLE] they have · the
TW10_3966,0,0,"rt [HANDLE]: been told that screwdriver · are · · allowed, merely not ·"
TW10_3967,0,0,rt [HANDLE] been · that · ' · can ·
TW10_3968,0,0,rt [HANDLE] i'm refusing to · passenger · ·
TW10_3969,0,0,[HANDLE] [HANDLE] [HANDLE] [HANDLE] nope. didn't have you blocked. merely · for letting know i.: )
TW10_3970,0,0,"no · [HANDLE], merely set her followers on me. · · spam"
TW10_3971,0,0,excessively · playing · games deal with it. blocked a · · ·. lt;
TW10_3972,0,0,[HANDLE] nope. · block her.
TW10_3973,0,0,[HANDLE] [HANDLE] and then · a crapton of mentions i don't think you · how the in reply to · · json key works.
TW10_3974,0,0,"[HANDLE] [HANDLE] mention 1 ·, it wouldn't public, but a · ·. but when, ·."
TW10_3975,0,0,"[HANDLE] [HANDLE] people reply, mentions get inundated. ·"
TW10_3976,0,0,[HANDLE] [HANDLE] the end result is the same
TW10_3977,0,0,[HANDLE] [HANDLE] when you have that · followers you · precisely what happens
TW10_3978,0,0,·. why do people think that · username when · them blocked is a tos ·?
TW10_3979,0,0,"i keep seeing · · it's not thing feel free to point out clause · if wrong, though"
TW10_3980,0,0,· up dk. · with her this ·. ^ ^
TW10_3981,0,0,"if · touch of karma up someone else i · ·, don't i get the · · credit my · ·"
TW10_3982,0,0,[HANDLE] [HANDLE] clearly doesn't · the difference · · not wanting to · to her.
TW10_3983,0,0,·. is she still · blocking her? turd
TW10_3984,0,0,you can · disengage ·
TW10_3985,0,0,[HANDLE] world of warcraft · things.
TW10_3986,0,0,"[HANDLE] yea, · · a ·. meh. let her. i · who she even."
TW10_3987,0,0,blocking people is the twitter version of not making eye contact · / the people · · · flyers · center ·.
TW10_3988,0,0,· [URL]
TW10_3989,0,0,· [URL]
TW10_3990,0,0,· where to find the people · ·
TW10_3991,0,0,[HANDLE] ·.
TW10_3992,0,0,"[HANDLE] frost now. still learning how to play. ·, · to work well."
TW10_3993,0,0,[HANDLE] what are your thoughts on · a comic · to tweet · to source url / ·?
TW10_3994,0,0,"oh, look. threats. no, truly care. [HANDLE] [HANDLE]"
TW10_3995,0,0,"·, · from last · · raging blocking her, i ·"
TW10_3996,0,0,she must not · · · · celebrated.
TW10_3997,0,0,"[HANDLE] [HANDLE] [HANDLE] [HANDLE] she's the ·, i run blockbot. · · now. )"
TW10_3998,0,0,"[HANDLE] don't · bickering, but with some, · · · puppies. i'm anti · ·"
TW10_3999,0,0,used have pet bunnies. i named them posix and ·.
TW10_4000,0,0,"[HANDLE] ·, largely ·. it · to be excessive, i'll just code a · about."
TW10_4001,0,0,"[HANDLE] yea, but if live your · by what makes · · ( or unhappy ), then won anyhow"
TW10_4002,0,0,[HANDLE] [HANDLE] truly. i blocked her. · · to sick · ·
TW10_4003,0,0,"· coffee, pulling follower list, running analytics against of to · a troll score."
TW10_4004,0,0,"user ·, it take long · ·. · of no army. · · that"
TW10_4005,0,0,[HANDLE] a number of variables. lone run against small subset of accounts. reasonably ·. · in beta.
TW10_4006,0,0,"[HANDLE] · vs following ·, acct ·, · image · · hashtags urls, · ·, · vs rt %"
TW10_4007,0,0,"[HANDLE] users · along with their troll score plays ·. users you rt, · · ·"
TW10_4008,0,0,[HANDLE] · this ·: · [URL]
TW10_4009,0,0,not · anyone what their score is. it'll just turn into contest · to · to.
TW10_4010,0,0,see [URL] · info this is quantified.
TW10_4011,0,0,[HANDLE] part of the reason · · that much is because the weights of each factor · being decided
TW10_4012,0,0,"[HANDLE] i've got the code to · & ·; ·, but the weights themselves are · · a · fiddling"
TW10_4013,0,0,"[HANDLE] this basically going to · antispam, but for ·: p"
TW10_4014,0,0,"[HANDLE] eggs and other ·, which will unfortunately be the lone part likely not open ·"
TW10_4015,0,0,[HANDLE] ·. · · doesn't a good module streaming · · me to get better at · [HANDLE] does good stuff
TW10_4016,0,0,"[HANDLE] totes · piling, but just so know, · us · - ·."
TW10_4017,0,0,[HANDLE] [HANDLE] many * ·: · matching 1 or 2 · expected.
TW10_4018,0,0,"[HANDLE] i · perl, but i think · to · · · gem is ·. · are · · to read ·."
TW10_4019,0,0,"[HANDLE] · · like it · have lot of · have ·. so · code it, but far ·"
TW10_4020,0,0,· · omg i think they just asked · · ggautoblocker
TW10_4021,0,0,i don't know because i had · else on thread blocked. but am · so difficult · now.
TW10_4022,0,0,[HANDLE] how is this a thing
TW10_4023,0,0,[HANDLE] i need to know the story · ·
TW10_4024,0,0,the whole me - - · · · truly · these right wing nutjobs dislike me so much.
TW10_4025,0,0,[HANDLE] [HANDLE] [HANDLE] is he · new account or changing ·
TW10_4026,0,0,[HANDLE] · although truly able to · way it's getting more · to find sane ·
TW10_4027,0,0,"[HANDLE] people · have truly · · of what republican even ·, recently party lines have · ·.:"
TW10_4028,0,0,[HANDLE] hoping fleeting and not a · i've not been · to vote repub in a while.
TW10_4029,0,0,"[HANDLE] · death ·, · some · ·, · · ·, free market ·. but."
TW10_4030,0,0,[HANDLE] my · · · by · tax · · like the idea of flat · doesn't work well pov lvl
TW10_4031,0,0,[HANDLE] haven't run against you.
TW10_4032,0,0,[HANDLE] [HANDLE] good to · are · · - choice / pro - gay marriage repubs. just hard to find.
TW10_4033,0,0,[HANDLE] [HANDLE] most · to think god is literally talking to. i'm. not fond.
TW10_4034,0,0,"[HANDLE] lol. · to look at new · group and write ·, i guess."
TW10_4035,0,0,[HANDLE] lone · i was asked.: ) but no hard feelings. · luck
TW10_4036,0,0,snort *
TW10_4037,0,0,[HANDLE] just checking )
TW10_4038,0,0,"day get completely · off the ·, i've got · of writing blog · to schedule. some quick wins."
TW10_4039,0,0,[HANDLE] i have no idea what my rotation is. · i'm just hitting · and topping damage · in bgs with ·.
TW10_4040,0,0,"· ·, the · ·. · ·. any will a damsel in distress · ·. plz ·. hapless victim."
TW10_4041,0,0,· · · pics of me i posted a weeks · i · much about what people think of my ·. it's what i live
TW10_4042,0,0,"·, darling ·. you making jabs appearance won't keep me · provide · others can shut you down. lt;"
TW10_4043,0,0,but i · you're truly certain how · a woman has resources · · fight · a quandary perplexing.: \
TW10_4044,0,0,"most you've · to · me is tweeting ·, you truly have any weapon."
TW10_4045,0,0,"[HANDLE] ·, yea i spam the hell out of ·"
TW10_4046,0,0,[HANDLE] · of these supposedly women. · · · for them.
TW10_4047,0,0,"· we remember what happened last time i was fake - · ·, right? 15 minutes to fix. [HANDLE]"
TW10_4048,0,0,[HANDLE] i had a rescue · · · 45
TW10_4049,0,0,"isn't · to be "" · emailing "" · via [URL] [URL]"
TW10_4050,0,0,"lot of you are · followers since november, i think this · ·. story: [URL] [URL]"
TW10_4051,0,0,[HANDLE] ·
TW10_4052,0,0,"[HANDLE] [HANDLE] done much work this kind of thing, all a learning experience ·"
TW10_4053,0,0,"i've posted a contact form [URL] · · [HANDLE], · ·, feedback, etc."
TW10_4054,0,0,[HANDLE] [HANDLE] [URL]
TW10_4055,0,0,looking for a few · help [HANDLE] s · log & amp; · mentions as support requests / abusive / positive ·
TW10_4056,0,0,· · to some support requests with · answers.
TW10_4057,0,0,[HANDLE] ·
TW10_4058,0,0,have 2 · · sticking this. thanks ·. ^
TW10_4059,0,0,rt [HANDLE]: · · ·! need · · to · · · · · · [URL]
TW10_4060,0,0,someone · on · in response that woman tweeting me · today. [URL]
TW10_4061,0,0,[HANDLE] i need to update. ^
TW10_4062,0,0,"[HANDLE] [HANDLE] true, ·. but the same · · in following the · ·."
TW10_4063,0,0,[HANDLE] [HANDLE] even with · · · it truly prevent the trolls tracking them down.
TW10_4064,0,0,rt [HANDLE]: this guy thinks i'm · · have met?
TW10_4065,0,0,need skype · keybase. ·.
TW10_4066,0,0,looking at comments marked as abuse site. that must be the problem! a · · [URL]
TW10_4067,0,0,[HANDLE] ·
TW10_4068,0,0,· kept · excessively. · he · are · now does mean i have health insurance
TW10_4069,0,0,[HANDLE] weird
TW10_4070,0,0,[HANDLE] one of us. one of us.
TW10_4071,0,0,"[HANDLE] · [HANDLE]. it's not that wouldn't date ·, that bot is the lone · that will · with"
TW10_4072,0,0,"ok, look. · · on something. i hear the ·. i know which account, which ·, which computer. uh. ·."
TW10_4073,0,0,"[HANDLE] [HANDLE] [HANDLE] if you truly want that, · ggautoblocker. ran · last ·"
TW10_4074,0,0,[HANDLE] [HANDLE] [HANDLE] truly funny all assumptions they make about how it works and how much they are wrong.
TW10_4075,0,0,"· dude that swated · admitted that gamergate ·, · gamergate · paid them to so."
TW10_4076,0,0,"now person has doxxed on 8 · and · being person who posted amp others' · ·, suddenly he · ·"
TW10_4077,0,0,"not going say told you so. however, will · that you'll · ·, and you know · address if you need help"
TW10_4078,0,0,incredibly · · to type that
TW10_4079,0,0,"i doubt bother emailing, but despite his · ·, no one should have · with shit ·"
TW10_4080,0,0,[HANDLE] i really just want to · ·. but it seems · · are · · fallout · both ·.
TW10_4081,0,0,"been a truly long saturday. i still haven't slept. this is why still saturday. · ·; i just · to ·, but waiting."
TW10_4082,0,0,i know of at · · dealing police today after · chan. trying to be available needed
TW10_4083,0,0,[HANDLE] the guy who paid
TW10_4084,0,0,please stop of the karma / · comments there's bigger issue here than the person that ·
TW10_4085,0,0,"in · ·, we've · · specifically protect · of · ·, they aren't enforced due to education / funding"
TW10_4086,0,0,"· the · involved · be · the real issue which is advocacy, · law ·."
TW10_4087,0,0,"current system is inadequate. us · at · these ·, we help."
TW10_4088,0,0,[HANDLE] · has some interesting ways of getting about jurisdiction issues. · researching states.
TW10_4089,0,0,[HANDLE] i think it's too tired feelings
TW10_4090,0,0,[HANDLE] that's. actually kind ·. i'll give them a call later following week. need to talk to them anyways.
TW10_4091,0,0,"[HANDLE] if · needs help · talk police, ·, etc, they should talk to [HANDLE] or myself.:"
TW10_4092,0,0,"[HANDLE] only when it counts. i'm pretty snarky when not serious times, you ·"
TW10_4093,0,0,[HANDLE] · is ·.: p most people think they are awkward than they really are. you're fine
TW10_4094,0,0,"[HANDLE] ·, ·;"
TW10_4095,0,0,"if ·, recommend · [HANDLE] can also help provide ·"
TW10_4096,0,0,"as reminder, assistance requests are ·. you be ·, but i · to · ·, · · ·. · [URL]"
TW10_4097,0,0,[HANDLE] [HANDLE] · if you don't mind. · & ·; [HANDLE] is [URL] i'm [EMAIL].
TW10_4098,0,0,[HANDLE] [HANDLE] [HANDLE] · isn't truly optimum for · ·.
TW10_4099,0,0,[HANDLE] sometimes. · i try.
TW10_4100,0,0,[HANDLE] [HANDLE] [HANDLE] shot her an ·
TW10_4101,0,0,"aw talking to a · reddit the past · he · · ·, but he just deleted account. · back dude"
TW10_4102,0,0,[HANDLE] certain. sounds like left for good.
TW10_4103,0,0,[HANDLE] kept · · id missed and seemed ok · him
TW10_4104,0,0,[HANDLE] [HANDLE] that's not funny.
TW10_4105,0,0,·. a million times. · ·. [URL]
TW10_4106,0,0,[HANDLE] hi · to get drinks
TW10_4107,0,0,[HANDLE] private messages
TW10_4108,0,0,[HANDLE] not necessarily.
TW10_4109,0,0,[HANDLE] we · each other all caps while we are at the pub your ·
TW10_4110,0,0,"[HANDLE] · that person like of the behavior, too. possibly why they deleted ·."
TW10_4111,0,0,[HANDLE] in the right circumstances a lot more · and · than many · believe.
TW10_4112,0,0,[HANDLE] wary isn't the thing as condemnation:
TW10_4113,0,0,[HANDLE] tired · - have up too long isn't my ·
TW10_4114,0,0,· ghazi why. [URL]
TW10_4115,0,0,"[HANDLE] i · in [NUMBER], too. · [NUMBER], [NUMBER], [NUMBER]. · want attribute all the years."
TW10_4116,0,0,[HANDLE] · ·
TW10_4117,0,0,[HANDLE] · the attitude from · poster in that · general. but i · crabbed.
TW10_4118,0,0,rt [HANDLE]: · · ·. · · · · [URL]
TW10_4119,0,0,love to · how twitter · · ·; · when doing targeted ·. · not · like ·
TW10_4120,0,0,nachoshield is getting bit quieter.
TW10_4121,0,0,got one of those cheap usb microscopes i'm way too much fun. [URL]
TW10_4122,0,0,[HANDLE] [URL] is the one i got. if you get install their drivers. · · webcam drivers.
TW10_4123,0,0,[HANDLE] [HANDLE] try [MONEY].: ·
TW10_4124,0,0,"[HANDLE] [HANDLE] mine is definitely useable: i quite · stand is kind meh, but the device itself · ·"
TW10_4125,0,0,[HANDLE] my hair
TW10_4126,0,0,· god oh god oh · never point a · ·
TW10_4127,0,0,[HANDLE] · feeling the urge · in boiling ·.
TW10_4128,0,0,[HANDLE] yup!
TW10_4129,0,0,[HANDLE] or in · angled · at low resolution with the · jacked. · · · for ·.
TW10_4130,0,0,i just showered hottest · water while · · crazy · 30 minutes. not even ·. fu ·.
TW10_4131,0,0,· · · [URL] where were you when i needed you for · · ·? [URL]
TW10_4132,0,0,[HANDLE] [HANDLE] [HANDLE] have no idea · · on or why i mentioned in ·.
TW10_4133,0,0,"sorry, · in version of justice. mass · · · [HANDLE]"
TW10_4134,0,0,"honestly, i have more legal and tech · than a ·. plese · · your · group propaganda elsewhere [HANDLE]"
TW10_4135,0,0,[HANDLE] · · that she'll be back. truly · · delete accts · closing twitter ·
TW10_4136,0,0,[HANDLE] [URL]
TW10_4137,0,0,"[HANDLE] not quite yet as far as tooling ·, · · ·. i've been · · ·, though."
TW10_4138,0,0,[HANDLE] [HANDLE] i have no idea what this tweet is in reply to
TW10_4139,0,0,[HANDLE] i'm not linking doxx
TW10_4140,0,0,[HANDLE] largely · jett lyrics.
TW10_4141,0,0,[HANDLE] · · i'm talking about.
TW10_4142,0,0,"[HANDLE] [HANDLE] [HANDLE] ah, okay."
TW10_4143,0,0,[HANDLE] weird
TW10_4144,0,0,[HANDLE] [HANDLE] gamergate isn't truly · it's people don't · to get notifications from ·.
TW10_4145,0,0,[HANDLE] what did was wrong and be ·. · he's now doxxed and targeted well. it's ·
TW10_4146,0,0,"[HANDLE] ·, see. you're another useless gg ·. ·. · ·."
TW10_4147,0,0,[HANDLE] [HANDLE] · the district ·
TW10_4148,0,0,[HANDLE] [HANDLE] * take any action other than offering advice and assistance. person · has report police
TW10_4149,0,0,the · love ·. a freebsdgirl and her coffee ·. [URL]
TW10_4150,0,0,[HANDLE] not pink
TW10_4151,0,0,[HANDLE] [HANDLE] please untag me all of this. spamming ·.
TW10_4152,0,0,"[HANDLE], ·, all ·, truly. thing · · · ·, too."
TW10_4153,0,0,going to cut despite blocking - to explain something that · to · many · [HANDLE]
TW10_4154,0,0,"is criminal case, civil case. · that it's to police decide if it's worth prosecuting. [HANDLE]"
TW10_4155,0,0,while you can hire a lawyer help you speak to · that's · of where their - - · ends. [HANDLE]
TW10_4156,0,0,if · had a crime · personally them · · likely · to anyone but them [HANDLE]
TW10_4157,0,0,this is not · ·. but common sense. what i can do is help · know what to · to police or help find a lawyer. [HANDLE]
TW10_4158,0,0,"please take your accusations of "" why aren't you prosecuting, · · scum "" and · educate yourself. [HANDLE]"
TW10_4159,0,0,"· me · has turned offer · · own into a reason to ·, merely · ·."
TW10_4160,0,0,[HANDLE] everyone should be jealous of my coffee maker. love is pure.
TW10_4161,0,0,[HANDLE] [HANDLE] · i'll · on the list of · · further up the chain.
TW10_4162,0,0,"[HANDLE] ·, · · to blizzcon this year?"
TW10_4163,0,0,"[HANDLE] · · difficult it is · me know if there's anything you want me promote, any help ·"
TW10_4164,0,0,[HANDLE] yay i · last year and had to make new ·. · · new friends. i didn't know anyone · going
TW10_4165,0,0,"[HANDLE] [HANDLE] uh, also pink makes · · ·"
TW10_4166,0,0,[HANDLE] no one from · ever ·. they are too antisocial.
TW10_4167,0,0,[HANDLE] [HANDLE] i'm sorry. (
TW10_4168,0,0,[HANDLE] ·. no one has · this yet there · to be somewhat of delay. watching to see when it · done.
TW10_4169,0,0,[HANDLE] · needs immediate · [EMAIL] works as well.
TW10_4170,0,0,hashtag nachoshield hashtag · [URL]
TW10_4171,0,0,[HANDLE] thank you.
TW10_4172,0,0,[HANDLE] [HANDLE] searching her name and · people that · to her? bit creepy ·.
TW10_4173,0,0,"[HANDLE] [HANDLE] as to if i'm working with her, that's none business. adequate use of time ·."
TW10_4174,0,0,"i · on who i might be helping, not here to pass judgement on anyone's ·."
TW10_4175,0,0,"telling "" don't · ·, they are not truly · · isn't going get you the · for which you are ·"
TW10_4176,0,0,[HANDLE] [HANDLE] · else · people · searching her name which is · creepy.
TW10_4177,0,0,[HANDLE] [HANDLE] help everyone that · i'm not here · · anyone that comes looking help.
TW10_4178,0,0,"[HANDLE] [HANDLE] [HANDLE] ·. still saw your ·. ·, i'm female. ·. two isn't ·."
TW10_4179,0,0,sigh. i need to · on building out my legal contacts to · more ·.
TW10_4180,0,0,"[HANDLE] ·, you know of a · breakdown of harassment / · · for each state?"
TW10_4181,0,0,[HANDLE] · for amp reading each state's · · individually is tedious.
TW10_4182,0,0,"[HANDLE] i'm · that takes is "" · "" to · precisely who is being ·."
TW10_4183,0,0,[HANDLE] that would be awesome ·; 3
TW10_4184,0,0,[HANDLE] envious of your education. · knowing interpret some things · slippery to · ·.
TW10_4185,0,0,[HANDLE] i would love. would you mind · me your email ·? can shoot you an email later today.
TW10_4186,0,0,[HANDLE] i know that feel
TW10_4187,0,0,"[HANDLE] well, that just made my · much · ·"
TW10_4188,0,0,[HANDLE] mostly what i need. interesting to see that some · · on both.
TW10_4189,0,0,[HANDLE] · that is getting harassed is welcome to · to me for · it's anonymous
TW10_4190,0,0,[HANDLE] if not anonymous · privileged ·.
TW10_4191,0,0,"[HANDLE] [HANDLE] general folks the legal field this point, but issues will largely center about · · / stalking laws"
TW10_4192,0,0,[HANDLE] [HANDLE] & amp; · · to · referrals for · that want · to help them navigate reporting to pd
TW10_4193,0,0,[HANDLE] [HANDLE] · tend to take reports of online · / threats · more seriously when a lawyer is involved.
TW10_4194,0,0,[HANDLE] [HANDLE] · · · nether the lines of pro · · at least npo up help ·.
TW10_4195,0,0,[HANDLE] [HANDLE] i'm not entirely certain all of this is going · so i'm · feeling out
TW10_4196,0,0,"rt [HANDLE] · of · · ·, unambiguously condemns gamergate as misogynous harassment [URL]"
TW10_4197,0,0,· what means be a victim. [URL]
TW10_4198,0,0,[HANDLE] [HANDLE] shoot me an email [EMAIL]: )
TW10_4199,0,0,rt [HANDLE] · · · valley meritocracy skater ·. [URL]
TW10_4200,0,0,"i · weird · up quick little · ·. · ·, ·. but i think it's a conversation · to."
TW10_4201,0,0,"[HANDLE] no, my · ·:"
TW10_4202,0,0,[HANDLE] · · sierra. everything she writes · amazing
TW10_4203,0,0,[HANDLE] it was · me as · until realized that · could be a victim and · fight ·.
TW10_4204,0,0,"[HANDLE] for · abuse, frequently discussed because feeling of ·. victim assumes ·, public · ·."
TW10_4205,0,0,· [URL]
TW10_4206,0,0,waiting for ·. see.
TW10_4207,0,0,things · together goes · following meetings have a major announcement to make gdc
TW10_4208,0,0,[HANDLE] · to be in ·? yay
TW10_4209,0,0,·. # · 2015
TW10_4210,0,0,[HANDLE] [HANDLE] both amazing thank you for ·
TW10_4211,0,0,· · to [HANDLE]. · · a · with which to prove his · of great help to · 2015
TW10_4212,0,0,"he's · ·, but i think this · to be seen. ·, i'm ·."
TW10_4213,0,0,"have no intent on linking to the · he stated backing. they were an attempt to · face, not an apology."
TW10_4214,0,0,"[HANDLE] ·, you haven't · it? it ·"
TW10_4215,0,0,[HANDLE] oh gosh i hope you feel ·.: (
TW10_4216,0,0,[HANDLE] none.
TW10_4217,0,0,[HANDLE] normally · · ability ·. but i've heard enough · · from · sources.
TW10_4218,0,0,"replacement · arrived i now have 24 vertical "" "" this may be too much · i have to turn my · # firstworldproblems"
TW10_4219,0,0,it is [NUMBER]. java's installer · · install the ask toolbar ugh · do you even go
TW10_4220,0,0,· of apple mini · to dvi adapter is that · able to find it when you · need it.
TW10_4221,0,0,the contact form · was bugged. · if you use ' ] in the · subject · breaks everything. silly wordpress.
TW10_4222,0,0,day of meetings. a day of notifications to catch up on · be doing so · · up medium if an ·
TW10_4223,0,0,[HANDLE] [HANDLE] [HANDLE] [HANDLE] nice ·! much prettier than the · · using.
TW10_4224,0,0,"[HANDLE] ·, what did he do this ·"
TW10_4225,0,0,"[HANDLE] besides, · of us the · is pretty · certain · way to · certain that they do · & · ·"
TW10_4226,0,0,[HANDLE] do.
TW10_4227,0,0,yay my · got · at ·! see the full list of talks here [URL]
TW10_4228,0,0,"nervous in a weird way, because these people · of like my · ·. it's not a hard talk · to ·"
TW10_4229,0,0,[HANDLE] · neat i need to · · eyes · cfps
TW10_4230,0,0,i'm about · the thought of seeing my · · · after so many years. · i need more ·.
TW10_4231,0,0,[HANDLE] because known me a · time · polarizing personal · easier with ·.
TW10_4232,0,0,[HANDLE] ·
TW10_4233,0,0,· i'm going to · & amp; · · pull · to assorted foss makefiles to play fitting · music ·.
TW10_4234,0,0,i have no idea why this · thing it's · there · · 3 · apps.
TW10_4235,0,0,[HANDLE] like you.
TW10_4236,0,0,one of · · about not working a · of an office is never letting myself · · ·.
TW10_4237,0,0,[HANDLE] woah · you're · and one of my favorite · twitter & · 3
TW10_4238,0,0,"a · poked me yesterday, but i up my · in meetings. · · this ·."
TW10_4239,0,0,as the · · draws · things are · to pick up to rather frantic ·
TW10_4240,0,0,[HANDLE] honestly have no idea managing is ·
TW10_4241,0,0,"omg. if [HANDLE] goes to ·, · to be trouble. & lt"
TW10_4242,0,0,[HANDLE] [HANDLE] [HANDLE] [HANDLE] [HANDLE] [HANDLE] · about bringing tweets · ·.
TW10_4243,0,0,everlastingly · by clink' · my lip piercings make against coffee cup. i think i'm · · from lack of sleep.
TW10_4244,0,0,[HANDLE] [HANDLE] [HANDLE] holy ·.
TW10_4245,0,0,having to explain to my · the · surgery · on can't happen for the following few · bcz no time to recuperate
TW10_4246,0,0,"not no time · "" · · committing this right now "", but "" i · an · on phone · me to sleep. """
TW10_4247,0,0,"[HANDLE] ·, okay?"
TW10_4248,0,0,· 4 ever [URL]
TW10_4249,0,0,[HANDLE] you don't know that.
TW10_4250,0,0,"[HANDLE] ·, ·: p"
TW10_4251,0,0,[HANDLE] i · · more ·. now everything is weird. too much attention i'm representing more than just myself.:
TW10_4252,0,0,[HANDLE] · the · i · be more of an asshole
TW10_4253,0,0,[HANDLE] exactly this
TW10_4254,0,0,[HANDLE] really appreciate the · · you. i'm a large admirer ·. & ·;
TW10_4255,0,0,"rt [HANDLE] · to the · episode "" · thinks still code with · · fucker who has clean it."
TW10_4256,0,0,"rt [HANDLE] things are · ·. is · ·, · · consequently."
TW10_4257,0,0,lrt: everything ever
TW10_4258,0,0,[HANDLE] am · the idea of inflicting · others. is that like force · ·
TW10_4259,0,0,am not certain if · · from inside · is good idea or not. [URL]
TW10_4260,0,0,"·: yes, this is me. [URL]"
TW10_4261,0,0,"[HANDLE] i receive tweets ·, lone ·: ·"
TW10_4262,0,0,[HANDLE] [HANDLE] love you nayadri · ·; 3 ·
TW10_4263,0,0,the best part about · wow forums is that lone ppl that have · · · thus will · many gaters ·
TW10_4264,0,0,· · like · pope.
TW10_4265,0,0,·. no. am · · imposter syndrome. this is not a · that i'm · having to ·. ·.
TW10_4266,0,0,"[HANDLE] · · the concept, but not the ·. ^. ^ good read, though."
TW10_4267,0,0,[HANDLE] i've · · of · talks past this one isn't truly so · more community ·
TW10_4268,0,0,kind · i'm · - · the very second · · · · it · · is wrong.
TW10_4269,0,0,"[HANDLE] [HANDLE] [HANDLE] [HANDLE] ·, we don't catfight over money, sorry."
TW10_4270,0,0,this isn't going · we've got maturity · 12 year olds [HANDLE] [HANDLE] [URL]
TW10_4271,0,0,"i mean, at * · * [HANDLE] [HANDLE]"
TW10_4272,0,0,· watching · · to make us fight quit trying to make fetch ·. · · to happen [HANDLE] [HANDLE]
TW10_4273,0,0,"very different people very different backstories and ·, but we respect each. [HANDLE] [HANDLE]"
TW10_4274,0,0,rt [HANDLE]: [HANDLE] they don't even · here
TW10_4275,0,0,rt [HANDLE] & · both. · · america the ·? i'd for · [HANDLE] [HANDLE]
TW10_4276,0,0,[HANDLE] [HANDLE] who knows. who cares? just bullshit they are passing about. pay claims any attention.
TW10_4277,0,0,"uh. this is what / · · · undead. it's · · in ·, not · butt [URL]"
TW10_4278,0,0,"·, hell. is blizzard proxying tweets instead of sending · · · to · the · client"
TW10_4279,0,0,i guess one way to · about user token · · per app ·
TW10_4280,0,0,i · to think about this i don't think i like
TW10_4281,0,0,i · · · with it is that excessively · a · wow services for · mechanism.
TW10_4282,0,0,· had issues in the past certain things being · achievements 3 · · dislike · being ·.
TW10_4283,0,0,i'm still not 100 % · this is happening. but the · sending a tweet · it appear is far too long.
TW10_4284,0,0,"kiss ( keep ·, stupid ) very · · designing new ·. blizzard is · tweets, · ·."
TW10_4285,0,0,pickaxe is the new crowbar. [URL]
TW10_4286,0,0,rt [HANDLE]: # · [URL]
TW10_4287,0,0,[HANDLE] basically what we already · p
TW10_4288,0,0,"[HANDLE] if you find a · ·, · ·"
TW10_4289,0,0,[HANDLE] ·. not · ·. that chick is mentally · & amp; · · · convs. not ok.
TW10_4290,0,0,[HANDLE] clearly witchcraft;
TW10_4291,0,0,"[HANDLE] [HANDLE] a target of her delusions yea, going · these things how she behaves ·"
TW10_4292,0,0,[HANDLE] [HANDLE] the claims she has made are. something someone right · · do
TW10_4293,0,0,[HANDLE] [HANDLE] she threatened · herself if pay her money.
TW10_4294,0,0,"[HANDLE] yea, this · isn't a · · ·. i just · · from her."
TW10_4295,0,0,[HANDLE] i have no idea how that · · that · is ·.
TW10_4296,0,0,[HANDLE] · fun ·? google the name of the person rted; that ·
TW10_4297,0,0,there is currently a · male twitter claims to be all · ·. he · gamergate the ·
TW10_4298,0,0,at this · time unaware of any effort has made into this space. · in w · ·. his · has never once come up.
TW10_4299,0,0,he's · · info those he's speaking with should he care ·. he's utilized none of this. am ·.
TW10_4300,0,0,"if you're interested in working solutions, we'd · help. ·, i can spot a flail media attention from a mile ·"
TW10_4301,0,0,· it won't · unnoticed undisputed. don't put cape unless you · a hero not a photo · a job.
TW10_4302,0,0,[HANDLE] what this · done is not just · · not going · pile going so i'm not giving ·.
TW10_4303,0,0,"· this ·, clear talking about supporters, or just people with ·"
TW10_4304,0,0,"talking · that take an active · say they want · solutions for ·, but do · beyond · rted."
TW10_4305,0,0,"everyone involved in this space, a huge · ·. people get targeted. friends and family get targeted."
TW10_4306,0,0,"honestly a little · to see some guy with huge · · along and say "" i'm · ·!. nothing"
TW10_4307,0,0,"or, well, something ·. · started by · ·., ·. i guess."
TW10_4308,0,0,[HANDLE] tbh i · bad anytime anyone actively enters fight without knowing about the personal ·
TW10_4309,0,0,[HANDLE] not mentioning · few different reasons.
TW10_4310,0,0,"[HANDLE] it · how you define meaningful 3 people · to you · ·, there's · difference in ·"
TW10_4311,0,0,[HANDLE] wholly ·. it's · ·
TW10_4312,0,0,[HANDLE] · · from 4 · · to what i've got seen a · difference
TW10_4313,0,0,"[HANDLE] ·, but is in many cases an accurate ·"
TW10_4314,0,0,i · crepes but i truly know what they are i · to call this fruit burrito. [URL]
TW10_4315,0,0,am truly · as to why [HANDLE] is throwing about accusations of bullying when · expresses an opinion irt writing ·
TW10_4316,0,0,this ·: [URL] this add up. · something
TW10_4317,0,0,[URL]
TW10_4318,0,0,[HANDLE] omg i am · ·
TW10_4319,0,0,[HANDLE] · · · still · see no retraction ·.
TW10_4320,0,0,[HANDLE] to clear i'm bringing this up to defend · i'm aware that · capable of defending herself
TW10_4321,0,0,[HANDLE] the use of the word ' · unreassuring and relevant to any ·
TW10_4322,0,0,"[HANDLE] given the massive · · · · ·, · he's not retracting or explaining bully'"
TW10_4323,0,0,"[HANDLE] i was looking ·, i'd point out a · · in a · · · a minority bullying him p"
TW10_4324,0,0,"[HANDLE] thank for calling me this, though. i probably should have made that · in · tweets."
TW10_4325,0,0,"please no pile - ·. · him, etc. i think · is concerning that need discuss what bully ·."
TW10_4326,0,0,[HANDLE] looking at · judgingg
TW10_4327,0,0,[HANDLE] [URL]
TW10_4328,0,0,"[HANDLE] haha, mine is worse ·"
TW10_4329,0,0,[HANDLE] [HANDLE] [HANDLE] thank · internet · for · i said no pile - ·.
TW10_4330,0,0,[HANDLE] ·. · him blocked. didn't · see.
TW10_4331,0,0,this is what passes · about here [URL]
TW10_4332,0,0,talented leo [URL]
TW10_4333,0,0,it might be time a new profile · for randi ebooks [URL]
TW10_4334,0,0,[HANDLE] see guilty look.
TW10_4335,0,0,[HANDLE] yup! · a mix of some sort. from the shelter.: )
TW10_4336,0,0,[HANDLE] i had a bunch of clip · · i had longer ·. decided · use them.;
TW10_4337,0,0,[HANDLE] that's an awesome ·! ·
TW10_4338,0,0,how many toys can be stacked · [URL]
TW10_4339,0,0,dog · [URL]
TW10_4340,0,0,[HANDLE] [HANDLE] his face is a · · ·. he looks a · · a · in some regards.
TW10_4341,0,0,[HANDLE] [HANDLE] aww
TW10_4342,0,0,nintendo · [URL]
TW10_4343,0,0,[HANDLE] [URL]
TW10_4344,0,0,manga guide to statistics [URL]
TW10_4345,0,0,dreamcast · [URL]
TW10_4346,0,0,[HANDLE] charity ·.: ·
TW10_4347,0,0,[HANDLE] no. · treats.
TW10_4348,0,0,[HANDLE] the bacon belongs to me.
TW10_4349,0,0,· of · put head. sorry.
TW10_4350,0,0,"[HANDLE] i, tbh. it · few tries to make it ·."
TW10_4351,0,0,[HANDLE] ·
TW10_4352,0,0,[HANDLE] [URL]
TW10_4353,0,0,truly curious are people stupid enough to · · dramatica is · ·. [HANDLE]
TW10_4354,0,0,face is awful. [HANDLE] [HANDLE] [HANDLE]
TW10_4355,0,0,[HANDLE] [HANDLE] [HANDLE] [HANDLE] your mom was uncalled for.
TW10_4356,0,0,[HANDLE] most of my · · ebooks.: · so old. but yes i usually quite like.
TW10_4357,0,0,"i · do not understand · this man. "" - [HANDLE] [HANDLE]."
TW10_4358,0,0,did you hear that that's · of · of women in tech · up · · · [HANDLE] to / dev · · job.
TW10_4359,0,0,reached to [HANDLE] · · the article ·. no response. nina · · · than problems.
TW10_4360,0,0,"she had her chance ·, but decided dig in her heels. ·. lesson · ·"
TW10_4361,0,0,"[HANDLE] [HANDLE] [HANDLE] ·, she was · · gave a · then ignored ·"
TW10_4362,0,0,"according [HANDLE], we · dudes are talking about ·. · if they are telling · we are it wrong."
TW10_4363,0,0,this is · of · · said that women that disagreed him were looking · these his words.
TW10_4364,0,0,if an · then fuck everything & · · world on · [HANDLE] was dumb enough · sucked into · vortex.
TW10_4365,0,0,[HANDLE] the · · to an account a confirmed · that supposed to infiltrate · ·
TW10_4366,0,0,[HANDLE] · fuck yourself lt
TW10_4367,0,0,[HANDLE] · because one group is literally · people you nuts?
TW10_4368,0,0,rt [HANDLE] [HANDLE] one thing that · me about it · despite hundreds of · · on the · a · beco …
TW10_4369,0,0,[HANDLE] [HANDLE] who are you referring to with '?
TW10_4370,0,0,i've besides told that the people · [HANDLE] ' article even talk to her. she quoted them · ·.
TW10_4371,0,0,which fine guess but she went out of her way · wadhwa interesting no
TW10_4372,0,0,"[HANDLE] yes · that one group routinely · · bodies on twitter · with american passports, say they are ·."
TW10_4373,0,0,[HANDLE] couldn't · · · · · · opinion they ·.
TW10_4374,0,0,[HANDLE] [HANDLE] [HANDLE] calling her dumb because she fell · besides quoted · the · abused.
TW10_4375,0,0,". [HANDLE] twitter search my · and "" · · · i give two shits what you think."
TW10_4376,0,0,[HANDLE] [HANDLE] it was · · probably has an archive somewhere
TW10_4377,0,0,rt [HANDLE] [HANDLE] why is double · · · prosecuted quickly · · …
TW10_4378,0,0,· twitter are · with dumb this ·
TW10_4379,0,0,rt [HANDLE] [HANDLE] · [MONEY] · · your cause choose ·.
TW10_4380,0,0,"sorry, · say gamergate is the as isis, and can · · ass. [HANDLE]"
TW10_4381,0,0,· views to get · not how works. [HANDLE]
TW10_4382,0,0,[HANDLE] he also makes claims racism · · him on · · feminist · falsely. care.
TW10_4383,0,0,[HANDLE] this is what you · you just compared online · · · this is demeaning
TW10_4384,0,0,". [HANDLE] online · · ·, it needs to be addressed. but making false · won't · you anywhere."
TW10_4385,0,0,let · this · · ·. will not compromise beliefs in any way just to · donations. that isn't happening ·
TW10_4386,0,0,i appreciate every · received. merely ppl · to · funding i say · want to · · themselves.
TW10_4387,0,0,[HANDLE] [HANDLE] · ·. ·? · research into ·. seen the · & · patterns. · isn't isis.
TW10_4388,0,0,"no one said threats weren't serious. however, · between isis and gamergate [HANDLE]"
TW10_4389,0,0,you're going to get the response looking for · up. [HANDLE]
TW10_4390,0,0,rt [HANDLE] [HANDLE] threats either · aren't. guess · gamergate emotional ·.
TW10_4391,0,0,[HANDLE] yea.
TW10_4392,0,0,[HANDLE] why do · · · personally · i do
TW10_4393,0,0,"[HANDLE] you made a · ·, called it on you, and you threatened fiscal consequences"
TW10_4394,0,0,[HANDLE] · this the bottom of my heart · ·.
TW10_4395,0,0,"·, you wandered · threatening me with fiscal consequences. this · · [HANDLE]"
TW10_4396,0,0,something is seriously going · · of [HANDLE] gg is pushing a weird narrative.
TW10_4397,0,0,[HANDLE] [HANDLE] [URL] lt 3
TW10_4398,0,0,[HANDLE] from south. sweetie is another way talk and tell someone go fuck themselves.
TW10_4399,0,0,[HANDLE] [HANDLE] [HANDLE] ·. something happening. sure what.
TW10_4400,0,0,[HANDLE] [HANDLE] uh. · to me with fiscal ·
TW10_4401,0,0,"[HANDLE] [HANDLE] you're an · in mentions and they react, ·"
TW10_4402,0,0,[HANDLE] [HANDLE] don't · · bullying or harassment is all.
TW10_4403,0,0,"[HANDLE] [HANDLE] but protip, you'll never the freedom · about being jerk · ·"
TW10_4404,0,0,[HANDLE] [HANDLE] no. · if you were ·.
TW10_4405,0,0,"[HANDLE] [HANDLE] nope. · saying, merely know ·. · where i · ·."
TW10_4406,0,0,[HANDLE] [HANDLE] i call you ·? · me tweet
TW10_4407,0,0,[HANDLE] [HANDLE] · me i called you stupid.
TW10_4408,0,0,[HANDLE] [HANDLE] you are changing your mind? been saying i called you stupid. still · ·.
TW10_4409,0,0,"[HANDLE] [HANDLE] repeatedly · people called you stupid, though"
TW10_4410,0,0,[HANDLE] [HANDLE] it's about ethics ·
TW10_4411,0,0,[HANDLE] [HANDLE] [HANDLE] [HANDLE] ' colleague' · ·. ·
TW10_4412,0,0,"this week ·, ·, ·, ·, ·, ·, phd student, ·, phd student, · lordie."
TW10_4413,0,0,[HANDLE] s · · udent · j
TW10_4414,0,0,[HANDLE] the ring made me think of hackers bought it )
TW10_4415,0,0,· here [URL]
TW10_4416,0,0,[URL] [HANDLE]
TW10_4417,0,0,[HANDLE] [HANDLE] [HANDLE] hey i just met you
TW10_4418,0,0,[HANDLE] [HANDLE] [HANDLE] this is crazy
TW10_4419,0,0,[HANDLE] [HANDLE] [HANDLE] but my ·
TW10_4420,0,0,[HANDLE] [HANDLE] [HANDLE] so call me possibly
TW10_4421,0,0,[HANDLE] newp.
TW10_4422,0,0,[HANDLE] [HANDLE] [HANDLE] always looking for an excuse · ·
TW10_4423,0,0,[HANDLE] [HANDLE] [HANDLE] ·. yes.
TW10_4424,0,0,· time · a · that is about post · that is going to · · · · · # ggautoblocker
TW10_4425,0,0,not even · to lie. this makes me giggle a little bit on inside.
TW10_4426,0,0,trying · i time to contact · before call w lawyer. · · say this unless i in · · involved
TW10_4427,0,0,sometimes lot of this · · · · at responsible ·. · much as i travel path. good place to be.
TW10_4428,0,0,[HANDLE] lawyer is unrelated to ·
TW10_4429,0,0,"be ·, i'm · the call with · has · do w / call with lawyer both · · · [HANDLE]"
TW10_4430,0,0,[HANDLE] [HANDLE] yea i tried · he won't · · me why he · this is a ·
TW10_4431,0,0,[HANDLE] [HANDLE] [HANDLE] [HANDLE] truly affectionate lying about everything. said they isis.
TW10_4432,0,0,[HANDLE] [HANDLE] [HANDLE] [HANDLE] · · to cause shit it's not · to work
TW10_4433,0,0,"[HANDLE] [HANDLE] [HANDLE] [HANDLE] however, · to block you because what doing is abusive and not ok"
TW10_4434,0,0,[HANDLE] [HANDLE] [HANDLE] [HANDLE] i know. but i · · [HANDLE] would.
TW10_4435,0,0,[HANDLE] [HANDLE] [HANDLE] [HANDLE] [HANDLE] lone if you come · bby
TW10_4436,0,0,[HANDLE] · wowdrama i logging · mee
TW10_4437,0,0,is my stupid selfie · · to · · [URL]
TW10_4438,0,0,i & lt 3 [HANDLE] because she has · [HANDLE] · to · ·
TW10_4439,0,0,·. [ photo b. m b ] [URL] warcraft
TW10_4440,0,0,· ·. [URL]
TW10_4441,0,0,[HANDLE] i will punch you.
TW10_4442,0,0,[HANDLE] nope. i · ·. · ·.
TW10_4443,0,0,· · katz. plz
TW10_4444,0,0,[HANDLE] uh. hi · to call you that line right there · you · in wow
TW10_4445,0,0,"[HANDLE] wow pvp makes me ·. i · rateds, and i'm pretty good at. you are basically · to · salesman right now."
TW10_4446,0,0,[HANDLE] don't ·
TW10_4447,0,0,[HANDLE] just enjoying youtube · · & ·
TW10_4448,0,0,[HANDLE] sigh. · like that. it just came truly truly ailing.
TW10_4449,0,0,"[HANDLE] gw 2 · love to make digs wow being old. wow is old, but also pretty well balanced. pvp ·."
TW10_4450,0,0,"[HANDLE] i ·. i'm · in. · ·. · ·. ·, but the · just isn't as good."
TW10_4451,0,0,[HANDLE] but regardless · screenshot of something i love doing and you made digs out of date so. any.
TW10_4452,0,0,[HANDLE] & ·; if you want sulk · i guess your prerogative
TW10_4453,0,0,never heard of ball culture · amazing
TW10_4454,0,0,[HANDLE] · assumptive to · i'm straight.
TW10_4455,0,0,[HANDLE] reading about it now: )
TW10_4456,0,0,rt [HANDLE]: for those · # · thedress ( [URL] [HANDLE] ends ·. [URL]
TW10_4457,0,0,rt [HANDLE] · · · · · · · [URL]
TW10_4458,0,0,thedress is obviously · and white.
TW10_4459,0,0,have no idea anyone · blue at all see no blue
TW10_4460,0,0,wired is wrong.
TW10_4461,0,0,[HANDLE] i am ·. ·. gt;
TW10_4462,0,0,[HANDLE] it looks like it's · with icky · balance.
TW10_4463,0,0,"·, don't · your ·, or your computers, or your · · flat · · and ·"
TW10_4464,0,0,oh no [URL]
TW10_4465,0,0,my guild right now [URL]
TW10_4466,0,0,"yes i turned · filter because · to · · it's working, as you can ·"
TW10_4467,0,0,[HANDLE] i am ·. p
TW10_4468,0,0,"rt [HANDLE] [HANDLE] · never, · · · a · * · or not · blue"
TW10_4469,0,0,"this is the best point i've seen made about ·, ever [HANDLE]"
TW10_4470,0,0,[HANDLE] [URL]
TW10_4471,0,0,[HANDLE] [HANDLE] [HANDLE] not certain if sarcastic or obtuse
TW10_4472,0,0,[HANDLE] i seriously only · white
TW10_4473,0,0,all of # · · eyes · · crap was obviously made up ·. fake science.
TW10_4474,0,0,i. i · · truly lucky or somehow · a way about ashran queue ·. ·.
TW10_4475,0,0,[HANDLE] [HANDLE] [HANDLE] that's a hoax.
TW10_4476,0,0,stop lying [HANDLE]
TW10_4477,0,0,[HANDLE] a white / · ·.
TW10_4478,0,0,[HANDLE] [HANDLE] * ·
TW10_4479,0,0,[HANDLE] yup. i · in the water.
TW10_4480,0,0,another · comments · foss devs · on regular basis don't like her code insult her appearance! [URL]
TW10_4481,0,0,rare. this · · related. ·. time.
TW10_4482,0,0,more shit that · have to put up with. [URL]
TW10_4483,0,0,"it ·, you guys would probably be crying about it · freeze · · lot less [URL]"
TW10_4484,0,0,· · · me uncomfortable let's imply her work was single ·. [URL]
TW10_4485,0,0,not lone merely this rocket surgeon apparently · the difference comments and man pages cherished
TW10_4486,0,0,this just gamergate just gamergate this just gamergate obvious version of what already ·
TW10_4487,0,0,want more women in foss dropkick these · into the ·
TW10_4488,0,0,rage · ·
TW10_4489,0,0,[HANDLE] [HANDLE] rogue · · · the company that made farmville. no one wanted · ·.
TW10_4490,0,0,"[HANDLE] [HANDLE] he had a huge ego, · produced anything, everyone hated him. kind of like twitter."
TW10_4491,0,0,not forget that the · that started these rumblings about · got · from · being · to ·
TW10_4492,0,0,he · do an ama on reddit about working · · all of coworkers were twats · · by them.
TW10_4493,0,0,find another job the · industry after that · · / · employers · you don't
TW10_4494,0,0,"he targets women, because know, they can · · a · less loll"
TW10_4495,0,0,certain! ama is here: [URL] [HANDLE]
TW10_4496,0,0,relevant comments [URL] [HANDLE]
TW10_4497,0,0,[HANDLE] no worries.
TW10_4498,0,0,spock died?
TW10_4499,0,0,rt [HANDLE] · nimoy [PHONE] · [URL]
TW10_4500,0,0,[HANDLE] yes
TW10_4501,0,0,[HANDLE] thank you
TW10_4502,0,0,[HANDLE] yup
TW10_4503,0,0,· · and star trek · ·
TW10_4504,0,0,twitter updates user · · [URL]
TW10_4505,0,0,my take on · ·: propaganda. · clear · on what these · ·.
TW10_4506,0,0,until · provides · a · · · accounts or provides · · · these just words that mean little.
TW10_4507,0,0,· · needs an update that allows us to · not - · · · clients continue to have · · large block ·
TW10_4508,0,0,optimistic isn't the end game · a · step a · · in mitigating abuse problems
TW10_4509,0,0,[HANDLE] [HANDLE] [HANDLE] [HANDLE] laid off · with · · team · 3
TW10_4510,0,0,"[URL] is a good option, but a · solution. we need the ability · accts · o · · ·"
TW10_4511,0,0,[HANDLE] most abuse comes from · accounts that 30 90 days old.
TW10_4512,0,0,[HANDLE] write · to · it ·
TW10_4513,0,0,"seriously, though. i'm · pretty upset about · ·."
TW10_4514,0,0,[HANDLE] [HANDLE] [HANDLE] had to pick the · about spock and not about drinking · ·. ·
TW10_4515,0,0,star · was one the lone tv shows i could watch a kid.
TW10_4516,0,0,miss you.
TW10_4517,0,0,"i have an outward · · grandmother ·, but i am · for nimoy"
TW10_4518,0,0,ipad · 2 or ipad mini?
TW10_4519,0,0,omg i am · apple genius dude tell this old woman how · email ·.
TW10_4520,0,0,"[HANDLE] twitter email, evernote ·. ·."
TW10_4521,0,0,not so elusive ·: just spent apple · a very specific kind ·.
TW10_4522,0,0,rt [HANDLE]: ·: [HANDLE] · apple · · tech sites · for ·
TW10_4523,0,0,· list she's · ·
TW10_4524,0,0,rt [HANDLE]: [HANDLE] my favorite · · · ·: · - · 5 file ·
TW10_4525,0,0,things are ·. big things. could not be more ·. 1
TW10_4526,0,0,· · tax guy to ask if · bath · qualify · expense.
TW10_4527,0,0,[HANDLE] ·
TW10_4528,0,0,· with · · · brings us closer to able to make the announcement
TW10_4529,0,0,- 3 meetings left. · erstwhile following ·. [HANDLE]
TW10_4530,0,0,"if there is one thing · can count, it's if you ask · · · on · ·, no one will agree"
TW10_4531,0,0,apple is the horde · alliance of the tech ·.
TW10_4532,0,0,rt [HANDLE] [HANDLE] ·
TW10_4533,0,0,rt [HANDLE] [HANDLE] i'm not wholly certain i agree with you.
TW10_4534,0,0,the full body project · · [NSFW] [URL]
TW10_4535,0,0,rt [HANDLE] · long prospered · nimoy · dead 83. [URL] [URL]
TW10_4536,0,0,rt [HANDLE]: · · · · of his · · · episodes [URL] [URL]
TW10_4537,0,0,rt [HANDLE] · · sent a alone · phone # order · amazon to · jars
TW10_4538,0,0,rt [HANDLE] trying make · · about · ·
TW10_4539,0,0,rt [HANDLE] · my rt [HANDLE] a · leonardnimoy pleads jfk a · planet [URL]
TW10_4540,0,0,uh [HANDLE] [HANDLE] displeased you · me to reply to · details when · ·
TW10_4541,0,0,"[HANDLE] [HANDLE] wants more ·, they should ask it · when · the · not · · an ·"
TW10_4542,0,0,"the two accounts i · [HANDLE] and [HANDLE] ) were both ·, but this is not a good response."
TW10_4543,0,0,friday going to order ·. · · 133 133 minutes. ·.
TW10_4544,0,0,[HANDLE] ·. not from a · · ·.
TW10_4545,0,0,"[HANDLE] i usually go · ·, garlic · · feta · ·. is good even with · restaurants."
TW10_4546,0,0,[HANDLE] oh yea? i hear about that.
TW10_4547,0,0,· people like [HANDLE] fygm culture. unfortunate.
TW10_4548,0,0,[HANDLE] claims lone people · · · · ·. yawn. i'm a 15 + year engineer. try again.
TW10_4549,0,0,· to think that experiences · everyone's · i've fallen victim to that thinking earlier.
TW10_4550,0,0,"· positive · · out negative · "" cool girl "" · isn't · look anyone"
TW10_4551,0,0,rt [HANDLE] [HANDLE] [HANDLE] yep year engineer here ·.
TW10_4552,0,0,rt [HANDLE] [HANDLE] · · lone · people claim · · because sexism already · · veterans
TW10_4553,0,0,i · shoot · · i guess. i need clean · and dye my · and get this dumb code · · ·
TW10_4554,0,0,"fygm = fuck you, got mine [HANDLE]"
TW10_4555,0,0,"· culture is a real issue ·, i fought my way here, it ·, but · if can't do, problem """
TW10_4556,0,0,"fygm culture is a complete lack of empathy. i · my way here, certain. i think anyone else should have to do? ·, no."
TW10_4557,0,0,· · the status · so you · · of superiority over the women that opted not to · up with the ·
TW10_4558,0,0,"instead of perpetuating · ·, why not try fix ·? why not try to · some of the ·? · be ·, truly?"
TW10_4559,0,0,if us women in · · enough · this · we · enough mentor to · for change? no more fygm.
TW10_4560,0,0,"i guess one type of strength · it this far, · to · · ·; speak playing boys club games."
TW10_4561,0,0,[HANDLE] [HANDLE] been my · many years: since before twitter ·
TW10_4562,0,0,[URL]
TW10_4563,0,0,[HANDLE] i have bots to · that
TW10_4564,0,0,[HANDLE] not certain. never been down the track of art have much to ·.
TW10_4565,0,0,"· on setting up desk · thing ·. ·, macbook · surface pro, · · · on everything. · am computer"
TW10_4566,0,0,· · · aggressive i'm · ·. [URL]
TW10_4567,0,0,[HANDLE] [HANDLE] prove it. where is the proof?
TW10_4568,0,0,[HANDLE] you guys don't even know the difference between the 3 lolnope
TW10_4569,0,0,thedress [URL]
TW10_4570,0,0,· on · news they are now arguing about ·
TW10_4571,0,0,""" retreat. · """
TW10_4572,0,0,that · when you · mage and they start backpedalling and just know it's about ·
TW10_4573,0,0,[HANDLE] · a quote from a · ·
TW10_4574,0,0,[HANDLE] okay i'm back
TW10_4575,0,0,rt [HANDLE] looks · we · them huffy [HANDLE] · 3 youwont v 1 # · 2 huffy [URL]
TW10_4576,0,0,[HANDLE] [HANDLE] [HANDLE] undead ever.
TW10_4577,0,0,[HANDLE] stop taking bathroom selfies you fucking ·
TW10_4578,0,0,more than a · entertained at all of the gaters that are upset · back instead of just shutting up. · back is bullying.
TW10_4579,0,0,rt [HANDLE] [HANDLE] standard · procedure bullies · · · · ·
TW10_4580,0,0,[HANDLE] ·
TW10_4581,0,0,"[HANDLE] · i could ·, and so sorry that · done that ("
TW10_4582,0,0,[HANDLE] · will find a · interpret · to match their · unfortunately
TW10_4583,0,0,aw gamergate harassment · i say something to make you mad? [URL]
TW10_4584,0,0,"·, see. [HANDLE] sending her little · · after · see right through her innocent ·."
TW10_4585,0,0,reason · tracking of her followers. huge amount of racism sexism · · from her corner.
TW10_4586,0,0,the thing is actually have to say any of · for · to figure out who it's coming from · to · social groups.
TW10_4587,0,0,"so she can try · · ·, merely · paint her as · avoid i've in her sights. · ·"
TW10_4588,0,0,don't normally · · out · names unless gone above and · · to hurt people
TW10_4589,0,0,like when [HANDLE] · lone industry · believed sexism ·. or when [HANDLE] sends her harassment squad after ·.
TW10_4590,0,0,i've watching · for · if was · · anything. her tweets · merely · is not.
TW10_4591,0,0,how should i even classify · a · · bullying not certain.
TW10_4592,0,0,the amount of mean girls mentality · gg · ·. on wednesdays we · ·
TW10_4593,0,0,"·, you sit ·"
TW10_4594,0,0,"if you have · · · victimized · in · journalism, · your ·"
TW10_4595,0,0,"[HANDLE] thinking it. · aren't truly fully ·, though."
TW10_4596,0,0,[HANDLE] i think a truly fine · · being · about your · · ·.
TW10_4597,0,0,[HANDLE] yea i need to start looking at finding. oh wait i drop that news ·: ·
TW10_4598,0,0,"[HANDLE] [HANDLE] [HANDLE] ·, is that what happened? keep · the wrong button"
TW10_4599,0,0,rt [HANDLE] · [HANDLE] it was so much · · spam block a single menu please · them · [HANDLE]
TW10_4600,0,0,"ok, enough · · · to today. most · decision is going to be what to wear & · ·"
TW10_4601,0,0,"[HANDLE] [HANDLE] that makes sense. also, horrible is it · · · memory ·"
TW10_4602,0,0,that · i think that i'm out of coffee. then · 12 oz of ground · out of my backpack. yes! · coffee gods.
TW10_4603,0,0,[HANDLE] [HANDLE] [HANDLE] [HANDLE] [HANDLE] · seeing the same thing web *
TW10_4604,0,0,my fav part of · gg tweets is seeing · · · that they are unable develop their views with ·
TW10_4605,0,0,ie: they will still · this · 5 years. ·.
TW10_4606,0,0,they also · to add 10 years to age · · covetous of unix beards
TW10_4607,0,0,this coming the same · claimed · linkedin because it impossible · · to have done all of that
TW10_4608,0,0,this · be my favorite tweet by rogue ·. [URL] assumes my · handle is my · ·
TW10_4609,0,0,"· logins are restricted 8 ·, darling. · · svn, not git. i believe · history is imported github"
TW10_4610,0,0,"and this person, who suggests · - bsd because freebsd are all sjws [URL]"
TW10_4611,0,0,"· - bsd is a fork that is mostly · by ixsystems, · that runs freebsd marketing. a · top of freebsd."
TW10_4612,0,0,all · in · community sure is hard to keep track
TW10_4613,0,0,"short, this is the · gamergate · · i have ever seen. · · pcbsd [URL]"
TW10_4614,0,0,"btw, guys. i'm an admin of the openbsd · group., you know. ·."
TW10_4615,0,0,oh yea. freebsd is the os · on ·. why so piquant?
TW10_4616,0,0,[HANDLE] · · · to · to github usernames which they rarely
TW10_4617,0,0,[HANDLE] · put cash · them not understanding profile pic.
TW10_4618,0,0,[HANDLE] can prove that my code is in freebsd articles that · that freebsd is running on · and ·.
TW10_4619,0,0,[HANDLE] for some parts of the · ·. lot of freebsd devs work there.
TW10_4620,0,0,[HANDLE] yup ^. ^ unless your · surprising wouldn't know
TW10_4621,0,0,[HANDLE] they searched my * · · github
TW10_4622,0,0,[HANDLE] i know * · * writing · windows: p
TW10_4623,0,0,[HANDLE] i have never seen a single · · is in any way · ·.
TW10_4624,0,0,pointed freebsd · this ·. response now discussing if they have hipster ·. [URL] · as an example.
TW10_4625,0,0,· · comment. [URL]
TW10_4626,0,0,rt [HANDLE]: [HANDLE] [HANDLE] possibly · ) · canonic · · · ) · · · ·. goo
TW10_4627,0,0,[HANDLE] · are you going to · [HANDLE] is going to be there. could cause trouble; p
TW10_4628,0,0,yes i have a selfie camera [URL]
TW10_4629,0,0,[HANDLE] [HANDLE] & lt thank you:
TW10_4630,0,0,[HANDLE] · ·:
TW10_4631,0,0,· ·. look at · cutie trying to ·.: · [URL]
TW10_4632,0,0,getting · to kill · · selfie · [URL]
TW10_4633,0,0,posing · style points before wrecking · * selfie # warlords [URL]
TW10_4634,0,0,[HANDLE] [HANDLE] to be fair most of my activity happened nether my commit bit.
TW10_4635,0,0,[HANDLE] [HANDLE] but rogue truly. dev · he thinks dev · nether github
TW10_4636,0,0,· other bsd · tell · wrong and it is delicious.
TW10_4637,0,0,bsd is a good community · it attacking one of few women contributors is going to get some people ·
TW10_4638,0,0,"so, just to · you all some ·, bsd is my family. lone · response gg · · not - dev."
TW10_4639,0,0,have · · more supported · do about · developer ·. they are amazing and love.
TW10_4640,0,0,smear · · to · · have known me a ·
TW10_4641,0,0,"·, the primary · heard from the freebsd · community in · to this is "" can help """
TW10_4642,0,0,· stay ·. but attacking · them glhf. · it.
TW10_4643,0,0,been several years since i've · ·. · to · with an employer. · * my commit bit to be retired.
TW10_4644,0,0,"merely all of these attacks "" · commits "" or "" had · for "" or "" slept · "" proves my · thanks"
TW10_4645,0,0,[HANDLE] [HANDLE] i think i got mine because no one else wanted to · the code i was working.
TW10_4646,0,0,[HANDLE] nope! in ·.
TW10_4647,0,0,[HANDLE] · not paid · to live done my 20 '.: ·
TW10_4648,0,0,[HANDLE] ·. although the police were reasonably ·.: )
TW10_4649,0,0,[HANDLE] [EMAIL] lt
TW10_4650,0,0,[HANDLE] there should be · to this ·:
TW10_4651,0,0,[HANDLE] still not my · freebsd: p
TW10_4652,0,0,[HANDLE] yup!
TW10_4653,0,0,"[HANDLE] ·, ·, that it still · most."
TW10_4654,0,0,[HANDLE] [HANDLE] [HANDLE] laughing · right · github · · rogue wrong.
TW10_4655,0,0,rt [HANDLE] [HANDLE] · · · github [URL]
TW10_4656,0,0,"[HANDLE] [HANDLE] [HANDLE] wholly accurate run strings done / ·, find freebsd · · of recent ·"
TW10_4657,0,0,"[HANDLE] [HANDLE] [HANDLE] thinking ·, not userland. quite a bit · ish · userland exists ·"
TW10_4658,0,0,omg · · committers just rail · doubting · ·
TW10_4659,0,0,it's · ·.
TW10_4660,0,0,[HANDLE] ·.
TW10_4661,0,0,[HANDLE] oh go get meat south.
TW10_4662,0,0,[HANDLE] i think it clefthoof meat?
TW10_4663,0,0,[HANDLE] you were rogue usually wpvp when i'm ·
TW10_4664,0,0,"rt [HANDLE]: · gdc see · in any of your · · out the · · into sea, ·"
TW10_4665,0,0,[HANDLE] · rogues i'm · not so much as shadow - but all my gear ·: ·
TW10_4666,0,0,· · poked me about some article that written. ·. really care that much.
TW10_4667,0,0,i · it a second glance didn't see anything interesting. · huffy that is like raging livejournal post. same quality.
TW10_4668,0,0,lone truly the time · to · media. reviewing everything that · · me would be too time ·
TW10_4669,0,0,least msm manages · · · like not confusing [HANDLE] [HANDLE] ·
TW10_4670,0,0,"[HANDLE] · like lone · a dude's · was ever incorrectly · ·, ever.: ·"
TW10_4671,0,0,· · included story · safety · down isis accounts because they threatened [HANDLE]
TW10_4672,0,0,"i'm not at · today, but i'll · d"
TW10_4673,0,0,"well to be more ·, be dropping tomorrow during · · me up if you want to say ·"
TW10_4674,0,0,[HANDLE] ·. should be · · · blocks · · · · as well )
TW10_4675,0,0,[HANDLE] · ^
TW10_4676,0,0,to · off · photog today. i'm back frantically cleaning & amp · myself for not having · for ·
TW10_4677,0,0,watching · mock women that concerned appearing · · the threats been · · / over the · ·.
TW10_4678,0,0,perpetuating a culture where abuse is tolerated and targets of abuse · for · out against their abusers.
TW10_4679,0,0,gamergate intimidation · · up? get threats · dog · · about threats? get mocked amp dog - piled.
TW10_4680,0,0,"[HANDLE] [HANDLE] [HANDLE] i've got person blocked, · · ·. · 3"
TW10_4681,0,0,[HANDLE] [HANDLE] i'm not giving talk )
TW10_4682,0,0,uber just reported · · into their database. · · · timely ·.
TW10_4683,0,0,[HANDLE] be down for this
TW10_4684,0,0,downside using [HANDLE] is that · · · · block ·
TW10_4685,0,0,rt [HANDLE] · · · · amp; · / o [HANDLE] ·. · · & ·; ·. · · to productive tweets
TW10_4686,0,0,"[HANDLE] · p · ·, but not too concerned · angry · twitter"
TW10_4687,0,0,"[HANDLE] this is the · that thinks that not being · · · to a · doesn't own is "" silencing """
TW10_4688,0,0,[HANDLE] so opinion on being blocked on · · reasonably predictable.
TW10_4689,0,0,[HANDLE] he was · · my email a while ago by · else
TW10_4690,0,0,i like watching logs. [URL]
TW10_4691,0,0,a decent · 401 · averaged. % over the · few years. not certain if decent or not.
TW10_4692,0,0,[HANDLE] yea that's including · · too bad
TW10_4693,0,0,[HANDLE] yah. mgt · fees pretty low. [MONEY] / ·.
TW10_4694,0,0,"if like who you're ·, · you. · like who following, they go after ·. [URL]"
TW10_4695,0,0,· · ·. unreal · gamergate did make abuse more of a topic i suppose [URL]
TW10_4696,0,0,[HANDLE] beats me. sent the screencap.
TW10_4697,0,0,"it's human to react · to abuse. trying to blame someone · to abuse is, ·, a tactic of serial ·"
TW10_4698,0,0,"this is commonly · cases of domestic ·, but it's a · tactic of gamergate as well."
TW10_4699,0,0,"it's another form of ·, but more ·, perpetrators think they are · ·."
TW10_4700,0,0,"stand strong. lone · to · · now is that no one is really listening to this particular ·, anyhow."
TW10_4701,0,0,[HANDLE] ·. dv can happen to · \
TW10_4702,0,0,"rt [HANDLE] if being · when · # · # · ·, try · · · twitter · at http …"
TW10_4703,0,0,"rt [HANDLE] not twitter clients · blocks · ·, however."
TW10_4704,0,0,"· for the · effective · for the need for ggautoblocker, i guess."
TW10_4705,0,0,"not ·. report · with · & amp · ·. not certain is intentional or not, merely it · · - optimum"
TW10_4706,0,0,basically live inside the matrix. [URL]
TW10_4707,0,0,rt [HANDLE] lots new ·. sporadically · this twitter account provide support needed. rh
TW10_4708,0,0,"[HANDLE] hahaha, lone · wall · own is from ·:"
TW10_4709,0,0,"[HANDLE] i · putting one of · on top, but then it's too high for me to · see"
TW10_4710,0,0,a · to santa would be more apt · talk about the blocker · [URL]
TW10_4711,0,0,"[HANDLE] feel · that. unless · · · woah, it is soul sucking."
TW10_4712,0,0,01: 15 19 ·.
TW10_4713,0,0,[HANDLE] · largely.
TW10_4714,0,0,[HANDLE] · significant amount of overlap with · · · ethics games ·
TW10_4715,0,0,[HANDLE] thank you for the · ·:
TW10_4716,0,0,catching · bart home. ·! what a productive evening:
TW10_4717,0,0,[HANDLE] no ms p
TW10_4718,0,0,"[HANDLE] [HANDLE] freebsd · · emails about · me, as well., the open source os i · · to."
TW10_4719,0,0,· i say it · · · · in a not - · capacity. so very ·. how ·. much wow.
TW10_4720,0,0,[HANDLE] [HANDLE] [HANDLE] amazed · try · it into win ·. they try do with everything.
TW10_4721,0,0,[HANDLE] [HANDLE] [HANDLE] glad job is safe. )
TW10_4722,0,0,[HANDLE] you make the drive · so tempting.: ·
TW10_4723,0,0,[HANDLE] · didn't know you were coming sf i'm 5 · from sf · ·
TW10_4724,0,0,"· ·, ·, · ·, so much prep for announcement ·!"
TW10_4725,0,0,[HANDLE] / ·
TW10_4726,0,0,rt [HANDLE] [URL] is very · demonstration · crypto · · · [URL]
TW10_4727,0,0,[HANDLE] [HANDLE] it's good motivation to try to make things ·.
TW10_4728,0,0,"[HANDLE] i've thinking · synergistic experiment people can get faked tl, · what like."
TW10_4729,0,0,[HANDLE] [HANDLE] what did he ·? · · to ·.
TW10_4730,0,0,[HANDLE] [HANDLE] ·
TW10_4731,0,0,[HANDLE] [HANDLE] omg omg · magical dick scrub a better phrase has never been · dying
TW10_4732,0,0,"i'm · have · · "" · · · · my head the rest of today. thanks, ·"
TW10_4733,0,0,· song is just. yes. [URL]
TW10_4734,0,0,"rt [HANDLE]: ·, you're so fresh. [URL]"
TW10_4735,0,0,rt [HANDLE]: need get · · · to · me for an sre ·
TW10_4736,0,0,. [HANDLE] are ·. proof that google will · · anyone.: ·
TW10_4737,0,0,"[HANDLE] · · best place to · a · ·; a, ·. or potentially the dangerous place."
TW10_4738,0,0,· exhausted and full of · decide if · jump about dance or take nap. such good ·
TW10_4739,0,0,rt [HANDLE] being the public · · never · · happy that you · · nether · · * · *
TW10_4740,0,0,rt [HANDLE]: the · · of internet make it even worse relatively · · · · scrutiny · ·
TW10_4741,0,0,rt [HANDLE] ease one can · · is chilling · because all think we're · as · · ·
TW10_4742,0,0,· · · in an hour. i might have japanese kit · in purse. don't mug bro
TW10_4743,0,0,[HANDLE] i · gladly take a · ·! but i lone a kit ·:
TW10_4744,0,0,[HANDLE] def be there weds
TW10_4745,0,0,[URL] [URL]
TW10_4746,0,0,[HANDLE] omfg
TW10_4747,0,0,[HANDLE] · · · to me this · ilu
TW10_4748,0,0,· outside just asked if the woman that wrote [HANDLE]: / cc [HANDLE]
TW10_4749,0,0,· out outside the marriott · · · come say hi. p
TW10_4750,0,0,what restaurant around here · · · i require fuel · ·
TW10_4751,0,0,[HANDLE] near metreon
TW10_4752,0,0,[HANDLE] yes
TW10_4753,0,0,[HANDLE] on way · be right there
TW10_4754,0,0,"rt [HANDLE]: women weren't able · the first · our republic then · workers · · ·, ·. weir"
TW10_4755,0,0,"[HANDLE] all those damn uppity women, · a · · of ·, · · ·"
TW10_4756,0,0,[HANDLE] omg yes.
TW10_4757,0,0,[HANDLE] lunch is prob · p might be · to breakfast
TW10_4758,0,0,fucking potato is blowing · · · you · · dying of bliss [URL]
TW10_4759,0,0,"[HANDLE] how the fuck · · · i am assuming it is "" · """
TW10_4760,0,0,· · · vodka and any fuck these fruits [HANDLE] [URL]
TW10_4761,0,0,[HANDLE] [HANDLE] i don't · but it so good
TW10_4762,0,0,"rt [HANDLE]: don't huffy cuz doing · you doing you. """
TW10_4763,0,0,[HANDLE] [HANDLE] im sitting dinner and · chris. · chris ·
TW10_4764,0,0,[HANDLE] [HANDLE] name is loate
TW10_4765,0,0,[HANDLE] wat ok i · · when the vodka duck · has worn off
TW10_4766,0,0,"for real though, a · for 3 days it's · · · yess red · · ·"
TW10_4767,0,0,· gater tears
TW10_4768,0,0,· carry me to igda party done
TW10_4769,0,0,[HANDLE] [HANDLE] [HANDLE] i · love lychees in my ·
TW10_4770,0,0,"·, man. ·. [URL]"
TW10_4771,0,0,· and 7 minutes omg you guys i cant even
TW10_4772,0,0,that moment you've · & amp; you · someone a complete self · asshole but you can't call them on · ·
TW10_4773,0,0,"[HANDLE] [HANDLE] report · me, · me if you get no response in · manner"
TW10_4774,0,0,rt [HANDLE]: when you · · your · · [URL]
TW10_4775,0,0,today is the ·.
TW10_4776,0,0,truly difficult deciding what to wear press · that is going to change everything.
TW10_4777,0,0,"many · · · outfit, but you · at · · awkward"
TW10_4778,0,0,"[HANDLE] tell her that it's · convention, i'm thinking asteroids · · · boots"
TW10_4779,0,0,"[HANDLE] i look too fancy out ·. · got · piercings and bright hair,. · ·."
TW10_4780,0,0,[HANDLE] yes: ·
TW10_4781,0,0,[HANDLE] [URL]
TW10_4782,0,0,"[HANDLE] haha, you have 3 30 pst.:"
TW10_4783,0,0,[HANDLE] 30 amazing. 20 ' · would · relive my 20 '.
TW10_4784,0,0,· · i · so many people and they were asking what i do and i was · i can't · ·
TW10_4785,0,0,"· finally them like "" · ·? you're randi · still don't know how to adjust"
TW10_4786,0,0,when · · my · · to introduce or address i always · · in trouble
TW10_4787,0,0,[HANDLE] · · ·
TW10_4788,0,0,[HANDLE] hahahahhahaha. [URL]
TW10_4789,0,0,[HANDLE] · · later will make you · better.
TW10_4790,0,0,[HANDLE] not giving the talk. just going to be there ·.: )
TW10_4791,0,0,· me with your best shot. [URL]
TW10_4792,0,0,rt [HANDLE]: honor # · · 15 · happy # · [URL]
TW10_4793,0,0,[HANDLE] save some ribbons for me. ·; & lt 3 ·;
TW10_4794,0,0,"[HANDLE] [HANDLE] [HANDLE] · · please ·, as much as you · hate · a · ·"
TW10_4795,0,0,[HANDLE] [HANDLE] [HANDLE] the action · · · · merely seeing multiple people jump on her.
TW10_4796,0,0,[HANDLE] [HANDLE] it is very · ·.:
TW10_4797,0,0,read this. i like. note on call - · [URL] ( · [HANDLE] )
TW10_4798,0,0,"[HANDLE] [HANDLE] i ·. i think pc is ·. call - ( imo ) has more · ·, initiate pile - ·."
TW10_4799,0,0,you wish leggings had game like this [URL]
TW10_4800,0,0,[HANDLE] · · am dying you have ·
TW10_4801,0,0,[HANDLE] this is a · · ·
TW10_4802,0,0,[HANDLE] are · · can find authentic · it's · ) · fits up to like · 22
TW10_4803,0,0,[HANDLE] was · enough to find mine a · · · for normal price usally · them on · & ·; [MONEY] +
TW10_4804,0,0,· and 40 minutes.
TW10_4805,0,0,[HANDLE] [HANDLE] the · · · page facebook is truly good for · aged pieces normal ·
TW10_4806,0,0,i am excited · i · to cry. what is.
TW10_4807,0,0,[HANDLE] bm is getting closer with their newer · ·.
TW10_4808,0,0,[HANDLE] but amazon is · a awful · to buy any clothing other than socks ·;. ·;
TW10_4809,0,0,[HANDLE] sorry. gt;. ·
TW10_4810,0,0,· be the · card list. ·. be · to make guesses as to why later today.:
TW10_4811,0,0,setting up dns · · and twitter · · and · · makeup at the time why is life so difficult
TW10_4812,0,0,rt [HANDLE] gonna · a large · at panel i am on online harassment today
TW10_4813,0,0,[HANDLE] i · excited are you excited
TW10_4814,0,0,"· grafana / · / statsd server, · because will innteresting"
TW10_4815,0,0,. [HANDLE] [HANDLE] · use · my ladies
TW10_4816,0,0,"okay · · industry contacts i need to · to someone salesforce, atlassian, and · yea that should be good for"
TW10_4817,0,0,[HANDLE] it's the eye makeup that makes difficult.
TW10_4818,0,0,this is so weird you guys so weird so amazing. if you had asked me a year ago where i would be i never would have · this.
TW10_4819,0,0,[HANDLE] am · the · of by just being honest and · are setting timers and ·
TW10_4820,0,0,"[HANDLE] ·, can you poke ·? · · possibly ·"
TW10_4821,0,0,"[HANDLE] · · may work too, · · a · part of what you are · about dunno"
TW10_4822,0,0,[HANDLE] you · guyliner is the best · · joke about.
TW10_4823,0,0,"certain about stream, but i'll at very least a · zoe making announcement livetweeting"
TW10_4824,0,0,[HANDLE] [HANDLE] [HANDLE] · · twitter. if it's urgent or twitter's · · · ·
TW10_4825,0,0,"· · my macbook air, my · my ds my · · 2 me i need my · station. suffice"
TW10_4826,0,0,[HANDLE] budget is tiny. ) i just got an ipad. it a big expense for me.
TW10_4827,0,0,"[HANDLE] [HANDLE] [HANDLE] will need a ·, · · there a specific thing. can't release · ~ ·."
TW10_4828,0,0,[HANDLE] [HANDLE] [HANDLE] · · back this though. i think salesforce be a good idea us.
TW10_4829,0,0,"[HANDLE] [HANDLE] [HANDLE] email randi ·. io, if you need my · address pressing concerns i · to you."
TW10_4830,0,0,[HANDLE] ·. i'm · · out what our tech ·; below · · to be.:
TW10_4831,0,0,"[HANDLE] [HANDLE] [HANDLE] yea, not good to go · · · about ·. just not the case."
TW10_4832,0,0,[HANDLE] press is involved. good luck.
TW10_4833,0,0,[HANDLE] · hitting up · this evening or tomorrow? · · · · · · more details yet
TW10_4834,0,0,1 hour 21 minutes
TW10_4835,0,0,[HANDLE] can you follow for a ·?
TW10_4836,0,0,[HANDLE] [HANDLE] [HANDLE] implementation of threading decidedly does not get me ·
TW10_4837,0,0,[HANDLE] follow for dm please
TW10_4838,0,0,so · i · oh · gosh · · gosh
TW10_4839,0,0,·. · · · now. recording length ·
TW10_4840,0,0,[HANDLE] me excessively
TW10_4841,0,0,rt [HANDLE] [HANDLE] ·. i rather · · gonna announce half - life 3 d
TW10_4842,0,0,on way to gdc. will need to finish · and. we ·.
TW10_4843,0,0,"rt [HANDLE] [HANDLE] any your · · to be, think broke reddit"
TW10_4844,0,0,lol · following zynga ·
TW10_4845,0,0,i'm here i'm hiding because i am literally wearing · the ·: ·
TW10_4846,0,0,just a few · until panel starts · · · making the · when she does. · then
TW10_4847,0,0,[HANDLE] harassment panel. front row.
TW10_4848,0,0,[HANDLE] need to · [HANDLE]
TW10_4849,0,0,"[HANDLE] [HANDLE] i think · to be able to record, if you could · post to ·, would be awesome."
TW10_4850,0,0,· to [HANDLE] · about harassment is important and we are · help you through
TW10_4851,0,0,"· for one reason. gamergate has · harassment into limelight, but rest assured, it's always there. """
TW10_4852,0,0,"a · · ·, but we have · far more · targeting women."
TW10_4853,0,0,it · that are · strong women speaking out and trying fix · · are · tackle
TW10_4854,0,0,oh gosh she mentioned # ggautoblocker in her talk and blushing and · ·
TW10_4855,0,0,"this · ·, · our · · each other. we have learned to work together and support amp; · these amazing women."
TW10_4856,0,0,even find the · · much i · the work the people i've · during · · · of.
TW10_4857,0,0,"· about · ·. but the truth is, gamergate the real battle. symptom of a bigger ·."
TW10_4858,0,0,"online · is something people have faced some point, careless of their views · games ·."
TW10_4859,0,0,"a truly · ·, because a large problem. it is far ·. it many different ·."
TW10_4860,0,0,"the scope of the problem can · people trying fight it frequently leads ·, "" what can i? · ·. """
TW10_4861,0,0,"just one person. there are many of us and we have ·. but more than that ·, ·, ·."
TW10_4862,0,0,you aren't alone in this. never alone in this.
TW10_4863,0,0,"have seen so many antic · happen of tragedy ·, have [HANDLE] amazing · a voice that is far ·."
TW10_4864,0,0,"have [HANDLE], an invaluable · provides · · · of harassment"
TW10_4865,0,0,· have been created to address · aspects of very real problems that · ·
TW10_4866,0,0,about time: )
TW10_4867,0,0,· · ·
TW10_4868,0,0,zoe is rocking ·. [URL]
TW10_4869,0,0,[URL]
TW10_4870,0,0,[URL]
TW10_4871,0,0,"today, am · to · online abuse · ·, created with [HANDLE], [HANDLE], & · [HANDLE]"
TW10_4872,0,0,oapi will focus on creating technical solutions online abuse [URL]
TW10_4873,0,0,oapi is already · · · · to · ·; · solutions social problems. are · · ·.
TW10_4874,0,0,· will be partnering with [HANDLE] to · with the tools they need.
TW10_4875,0,0,creating tools and · for individuals. we're · · · on developer · to make this reality.
TW10_4876,0,0,"we know what online · looks ·. ·, we · · · ·"
TW10_4877,0,0,· about we're already some great things and wait until i'm · to · more.
TW10_4878,0,0,· [URL]
TW10_4879,0,0,[URL]
TW10_4880,0,0,be releasing as many tools as possible nether · · [HANDLE]
TW10_4881,0,0,[HANDLE] i'm doing it · ·: p
TW10_4882,0,0,"some point in ·, be allowing · · · [HANDLE]"
TW10_4883,0,0,[HANDLE] some of it · · ·
TW10_4884,0,0,[HANDLE] still figuring that part out never quite in this · things going to get weird )
TW10_4885,0,0,[HANDLE] [HANDLE] don't like the gpl.
TW10_4886,0,0,[HANDLE] [HANDLE] besides a · i know well. i agree with · ·
TW10_4887,0,0,rt [HANDLE]: [HANDLE] it's · to · this · many different · once · indeed
TW10_4888,0,0,[HANDLE] we should def · later
TW10_4889,0,0,[HANDLE] agreed.
TW10_4890,0,0,[HANDLE] nope.
TW10_4891,0,0,[HANDLE] shoot me an email · our · domain · )
TW10_4892,0,0,[HANDLE] amazing can't wait to hear from
TW10_4893,0,0,[HANDLE] ·. we · that out in a ·. will · )
TW10_4894,0,0,[HANDLE] you too!
TW10_4895,0,0,we know about the typo fixing it · we · this · · quickly. when we finally make a · we · fast.
TW10_4896,0,0,[HANDLE] yes and yes
TW10_4897,0,0,[HANDLE] [HANDLE] little · i am free to · at this point. but i can · ·.
TW10_4898,0,0,[HANDLE] [HANDLE] just the site:
TW10_4899,0,0,[HANDLE] i'm so ·. still gdc. stuff is wild
TW10_4900,0,0,we are in the · street journal! game · the · industry is not doing enough combat · [URL]
TW10_4901,0,0,[HANDLE] soon. we've · it. gotta move ·.
TW10_4902,0,0,[HANDLE] email is [EMAIL]
TW10_4903,0,0,· · other female game · speak · · | games by dean takahashi [URL]
TW10_4904,0,0,zoe quinn gamergate developer how · - business insider [URL]
TW10_4905,0,0,the online abuse prevention initiative | · news [URL]
TW10_4906,0,0,· · endorphin rush · · get but so much more · oh ·.
TW10_4907,0,0,rt [HANDLE] · and conspiring [HANDLE] [URL]
TW10_4908,0,0,"[HANDLE] gosh, finally ·"
TW10_4909,0,0,cannot get this · · off my ·
TW10_4910,0,0,i · i'm · this word without · merely this is setting up disruptive ·
TW10_4911,0,0,women speak out harassment · [NUMBER] · [URL]
TW10_4912,0,0,rt [HANDLE] epic · with [HANDLE] and [HANDLE]
TW10_4913,0,0,dealing · | [URL] [URL]
TW10_4914,0,0,it is so hard not answering ·. darn it. [HANDLE] needs · · · from me. p
TW10_4915,0,0,· · i · · and · up and reflect · the internet. need to calm down and get some rest.
TW10_4916,0,0,the amount of kind · and support we've received all of you been huge thank you all so ·
TW10_4917,0,0,[HANDLE] never stop posting · ·
TW10_4918,0,0,[HANDLE] 200 lines of · driven ·. good times.
TW10_4919,0,0,"[HANDLE] i rather laughed pic, gotta admit"
TW10_4920,0,0,rt [HANDLE] trying · their nonsense to · hacker · the · · lt 3 [URL]
TW10_4921,0,0,"[HANDLE] "" · # ·"
TW10_4922,0,0,[HANDLE] [HANDLE] · to. · in 20 minutes and · my ·.
TW10_4923,0,0,[HANDLE] we should chat ·
TW10_4924,0,0,"[HANDLE] well, now you might have some · as to why * slow · p"
TW10_4925,0,0,"[HANDLE] about my following · · ·, but will fill · i'm · · me ·. come ·."
TW10_4926,0,0,[HANDLE] i think partially a gender · · aren't lot of women in · ·
TW10_4927,0,0,[HANDLE] curious to how mindset · · new female founders · ·.
TW10_4928,0,0,rt [HANDLE] · · with women's issues don't let · bite
TW10_4929,0,0,"rt [HANDLE]: · days, merely [URL] · precisely · a lot · ·. nice ·, [HANDLE]"
TW10_4930,0,0,[HANDLE] ·:
TW10_4931,0,0,[HANDLE] i'm a · with an ego the size of texas and still · wrapping · about it
TW10_4932,0,0,alright · for me to get off the internet and · for bit until i · · be getting into · late tomorrow
TW10_4933,0,0,"·. · slept. kept waking to minor · ·. need to · ·, need to · · done, but really need a nap!"
TW10_4934,0,0,[HANDLE] a scary thought: p
TW10_4935,0,0,so · wear wonder woman outfit nether my normal · · cape management · could challenging
TW10_4936,0,0,[HANDLE] just heard about ·. well done.: )
TW10_4937,0,0,[HANDLE] · on the artist outfit has a ·.
TW10_4938,0,0,"i appreciate all · regarding the · · · merely rest ·, this ·"
TW10_4939,0,0,"a · careless and my · was already public · physical security, and the local · know i"
TW10_4940,0,0,do to go get us actual business address soon we can finish with the paperwork to get c · so temporary.
TW10_4941,0,0,"[HANDLE] making an announcement about · until paperwork is complete, it's all · me & ·; the money from ·"
TW10_4942,0,0,"·, · · obviously ) not looking to be headhunted, but be dropping · tonight · )"
TW10_4943,0,0,· ' gamergate' target: to · yourself harassment online · [URL]
TW10_4944,0,0,[HANDLE] · to reading list for · thank you:
TW10_4945,0,0,[HANDLE] ·! · funding ·
TW10_4946,0,0,"morning after, hung over, · remember · o'reilly · · up · "" what did code · night """
TW10_4947,0,0,"we've been, right?. right?. ·? * crickets"
TW10_4948,0,0,[HANDLE] aww i hope things get better over there ·.
TW10_4949,0,0,"[HANDLE] [HANDLE] [HANDLE] [HANDLE] ·, i appreciate you · correct · merely please · my mention:"
TW10_4950,0,0,[HANDLE] been
TW10_4951,0,0,"[HANDLE] · ·. i · applying for · is an art, likely take a while for · to get it right."
TW10_4952,0,0,[HANDLE] me too. i · i'm free to ·
TW10_4953,0,0,[HANDLE] i · your ·
TW10_4954,0,0,"uh, yes i will ·. obviously [URL]"
TW10_4955,0,0,rather · uneducated · i'm · ·. they think a nonprofit · won't have to pay taxes.
TW10_4956,0,0,i'm an employee of that not - ·. i pay the same taxes on my · as an employee of a ·. they are · · stuff.
TW10_4957,0,0,"i · to · a habit out of not responding to · theories, but that one was too funny not to ·.: )"
TW10_4958,0,0,[HANDLE] who puts gamergate on an exam? o
TW10_4959,0,0,[HANDLE] glad it was · to help.:
TW10_4960,0,0,[HANDLE] bahahaha
TW10_4961,0,0,[HANDLE] i love · band p
TW10_4962,0,0,rt [HANDLE]: · house for # · [URL]
TW10_4963,0,0,i need to · madly typing · to emails to be sent being · rest of my board ) and get my · to ·.
TW10_4964,0,0,for first time my months of · a man momentarily · all · in · · ·. congrats?
TW10_4965,0,0,[HANDLE] are you at gdc
TW10_4966,0,0,[HANDLE] if you are · · locate you for another hug.
TW10_4967,0,0,[HANDLE] · get more · into · · - decidedly · that · substantial amount of online harassment
TW10_4968,0,0,[HANDLE] so looking forward seeing ·
TW10_4969,0,0,[HANDLE] ·
TW10_4970,0,0,have · autoblock · run against own accounts several accounts blocked this · based tweets ·.
TW10_4971,0,0,checked timeline or two just verification. i'm glad · · as · as does
TW10_4972,0,0,[HANDLE] huffy · to [HANDLE]. well done.
TW10_4973,0,0,[HANDLE] decidedly progress. truly · to give · talk some point on · tech · social ·
TW10_4974,0,0,· · comment. [URL]
TW10_4975,0,0,[HANDLE] giving · · has · · for. everlastingly to find the · was passionate ·
TW10_4976,0,0,[HANDLE] yes. yes please. take my money.
TW10_4977,0,0,rt [HANDLE] · is taking · toxic · in · of · [URL] [URL]
TW10_4978,0,0,i · the · blizzard is tackling toxic · heroes of the · it's a good first step
TW10_4979,0,0,· reporting system is difficult because of the · · and level of bias that is involved
TW10_4980,0,0,"for more crying · ·, decidedly need · respond to those ·. but most ·."
TW10_4981,0,0,having a · level of toxicity your community lead to serious cases of harassment and · so need to tackle head
TW10_4982,0,0,· the · hands of users is a great idea need active solutions · ourselves
TW10_4983,0,0,one of my least favorite things is sending an · · void of a ticketing system and waiting a human can better.
TW10_4984,0,0,[HANDLE] the only · got is the kotaku · i just rted )
TW10_4985,0,0,"· companies · · ·. not their core competency, but they deal with excessive · of ·."
TW10_4986,0,0,[HANDLE] · to write those current limitations of developer ·.
TW10_4987,0,0,"· · transparency · ·, but · this can · · to · system."
TW10_4988,0,0,[HANDLE] gdc has been amazing. we've been · for
TW10_4989,0,0,[HANDLE] that would break developer policy.
TW10_4990,0,0,[HANDLE] you can't · the exception of blocks.
TW10_4991,0,0,[HANDLE] tweetdeck is owned by · and was · about the time devpolicy was changed.
TW10_4992,0,0,[HANDLE] · on.
TW10_4993,0,0,"rt [HANDLE] am proud · this · organization "" · · fat · i love · internet."
TW10_4994,0,0,"[HANDLE] you are · ·, and love you."
TW10_4995,0,0,iff · me gdc or the blizzard · · and ask me i am · a · outfit not be · to · it
TW10_4996,0,0,don't put cape unless · to a hero [URL]
TW10_4997,0,0,[HANDLE] nether clothes: p cape is in my ·
TW10_4998,0,0,rt [HANDLE]: man still · · · truly love · jokes!
TW10_4999,0,0,· ·. realized · apartment is [HANDLE] themed. her logo colors = life.
TW10_5000,0,0,[HANDLE] this is my work
TW10_5001,0,0,we knew when we · that a movement based · · do anything in their power to · it
TW10_5002,0,0,[HANDLE] got · amazing lawyer working with us
TW10_5003,0,0,"[HANDLE] tech truly · gamergate and · a bigger sense, gamergate has no importance."
TW10_5004,0,0,[HANDLE] that's why they really · us. gaming · is · certain. but much bigger conversation.
TW10_5005,0,0,· gdc expo ·. look for the · pink backpack: )
TW10_5006,0,0,· [URL]
TW10_5007,0,0,"saw mozilla · · hi i know you """
TW10_5008,0,0,"and they knew me, too. so ·."
TW10_5009,0,0,[HANDLE] we are partnered. we are the · side of things
TW10_5010,0,0,[HANDLE] · be · the rest of today
TW10_5011,0,0,[HANDLE] i had to · · will · make · before end of day besides omg ·
TW10_5012,0,0,"[HANDLE] not certain ·, but i've · · · · ·"
TW10_5013,0,0,· see [HANDLE] s movie i so ·
TW10_5014,0,0,[URL]
TW10_5015,0,0,· proud of zoe right now. and it is · part of an entourage ·
TW10_5016,0,0,[URL]
TW10_5017,0,0,"· · single day of my life of the fact people · i know what i'm "" # gameloading"
TW10_5018,0,0,[HANDLE] · to be
TW10_5019,0,0,rt [HANDLE]: [HANDLE] i think different things that have · since last august · · · · …
TW10_5020,0,0,[HANDLE] i saw your face
TW10_5021,0,0,· · [HANDLE] is adorable i · ·
TW10_5022,0,0,zoe zoe is in · [HANDLE] # gameloading [URL]
TW10_5023,0,0,[HANDLE] no
TW10_5024,0,0,· [HANDLE]! gameloading
TW10_5025,0,0,# gamergate literally an industry joke | · · [URL]
TW10_5026,0,0,rt [HANDLE] our last · a ·. google supports an open divers · · all. not · ·
TW10_5027,0,0,stop · · whoever made that [HANDLE] tweet ·. retracted that is not a reasonable response
TW10_5028,0,0,[HANDLE] [HANDLE] · · · · · and · them cloud their judgement
TW10_5029,0,0,"[HANDLE] [HANDLE] no, it wasn't. i'm minority and · try · me other women."
TW10_5030,0,0,[HANDLE] i'm just referring to besides are · /
TW10_5031,0,0,[HANDLE] yea talk i was just about to · email over to them right before i told was ·
TW10_5032,0,0,"[HANDLE] you ·. & · 3 i got a text a · ·, was "" ·, ·, not now"
TW10_5033,0,0,"i'm not sure who randomactor is, but sent · of their comments, and i · them. · rocking it, ·."
TW10_5034,0,0,"people are · interesting case irt · and · gg is saying about oapi, but honestly, my dance card is already ·."
TW10_5035,0,0,"[HANDLE] that's amazing.: yea, i'm not really · read · · · send me snippets."
TW10_5036,0,0,[HANDLE] they · what and they have · · being ·.
TW10_5037,0,0,"[HANDLE] i had that for while in beginning, but now code that keeps track all for, if ·"
TW10_5038,0,0,[HANDLE] like reading · · spend too much · reading garbage instead of doing cool ·.
TW10_5039,0,0,[HANDLE] ·.: ) · · up the one time · · · · · · i · ) know.
TW10_5040,0,0,[HANDLE] · yes. are partnered with crash merely are victim advocates we · with · amp; directly tech ·
TW10_5041,0,0,[HANDLE] have more · soon; )
TW10_5042,0,0,"i need to post this, because i · · this · going · [URL]"
TW10_5043,0,0,[HANDLE] [HANDLE] hi i like you & · 3
TW10_5044,0,0,[HANDLE] [HANDLE] read the last line of the paragraph oapi out · · full of indie · · tonight. · it
TW10_5045,0,0,[HANDLE] oh well.
TW10_5046,0,0,[HANDLE] honestly i · his ·: · truly · i'm · with real data ·
TW10_5047,0,0,[HANDLE] nachoshield is my favorite.
TW10_5048,0,0,"[HANDLE] it's ·, but well. let's just · my entire following · is quickly · ·. no time gamergate.: )"
TW10_5049,0,0,got some insight into indie · community tonight. just a peek. was ·.
TW10_5050,0,0,a · · · devs remind me a lot foss ·. it's all about · drawn to passion. · of · with all.
TW10_5051,0,0,[HANDLE] hoping · · more · soon · of · works. i promise big things.
TW10_5052,0,0,"[HANDLE] · in mind at some point, i could · it · - but not on our · at · - ·."
TW10_5053,0,0,[HANDLE] o · · · to be releasing some financial info soon.
TW10_5054,0,0,· was great today thank you for · me be small part of your world. merely it's time ( · ) take off cape · ·: )
TW10_5055,0,0,"· yea. no gdc today. coughing. too much to following ·, · full - blown ·."
TW10_5056,0,0,gg has already · flooding · proving that they have idea that it is · · the irs to what want to
TW10_5057,0,0,how · have an ear ache i am not 4
TW10_5058,0,0,[HANDLE] ·. · ·? ·
TW10_5059,0,0,"[HANDLE] tempting & lt; 3 · · so much, but given my focus is · · devops, seems like funds should go · else p"
TW10_5060,0,0,[HANDLE] ·. i might actually do that
TW10_5061,0,0,[HANDLE] [HANDLE] thanks
TW10_5062,0,0,"[HANDLE] a · · contribute just a · ·, and turns · · adrift. every dollar is immensely ·."
TW10_5063,0,0,[HANDLE] i wear beats headphones for phone ·. ·
TW10_5064,0,0,[URL]
TW10_5065,0,0,[HANDLE] does · organic or grass · · ·
TW10_5066,0,0,[HANDLE]. · the same thing.
TW10_5067,0,0,"[HANDLE] · from sock dreams, · p"
TW10_5068,0,0,[HANDLE] [URL]
TW10_5069,0,0,[HANDLE] is absurd much of my amazon · · consists of socks.
TW10_5070,0,0,[HANDLE] if you are a fan of · · · · by blue ·. [URL]
TW10_5071,0,0,[HANDLE] i have those.: p
TW10_5072,0,0,"[HANDLE] hahaha, favorite thing ever is shopping for · ·: )"
TW10_5073,0,0,rt [HANDLE] · [HANDLE] for · · [HANDLE] · government [HANDLE] [URL]
TW10_5074,0,0,[HANDLE] why am i not on the list
TW10_5075,0,0,[HANDLE] thank you for the · story you related. it ·
TW10_5076,0,0,[HANDLE] seriously going make me cry. ·
TW10_5077,0,0,[HANDLE] p. · · the best games )
TW10_5078,0,0,[HANDLE] amazing!
TW10_5079,0,0,[HANDLE] email so can get to. presently my ·.
TW10_5080,0,0,[HANDLE] have quite more citations soon: ) including official · defining relationship with con.
TW10_5081,0,0,"[HANDLE] [HANDLE] ·. i saw this ·, so didn't see · · ·"
TW10_5082,0,0,"[HANDLE], have to · answering over twitter · by press, need to have rest of · · in ·"
TW10_5083,0,0,"had · until · ·, all feels in past · · to cry all time. good tears."
TW10_5084,0,0,"i · ·, but i have ·. solution? i · out and bought 6 · · all problems can solved with meat."
TW10_5085,0,0,[HANDLE] that's · a ·.
TW10_5086,0,0,[HANDLE] the real work · · ^
TW10_5087,0,0,[HANDLE] [HANDLE] [HANDLE] · in · · · don't to be timeline tweets.
TW10_5088,0,0,"· lot of talk about gdc vs pax i felt · at gdc post gamergate than i at pax pre - gamergate so,."
TW10_5089,0,0,[HANDLE] experiences that not · standpoint of being an · ·
TW10_5090,0,0,no. [URL]
TW10_5091,0,0,· [HANDLE] [HANDLE] [HANDLE] party gdc right after · ·? · [URL]
TW10_5092,0,0,[HANDLE] [HANDLE] not cool.
TW10_5093,0,0,[HANDLE] [HANDLE] [HANDLE] [HANDLE] same. recently bought their kingpin · · · nvidia
TW10_5094,0,0,[HANDLE] anything i say publicly gets quoted · [EMAIL].
TW10_5095,0,0,[HANDLE] do you realize how · · that tweet is?
TW10_5096,0,0,[HANDLE] yo check [URL] has helped me so much with ·
TW10_5097,0,0,[HANDLE] ah. · and think. · · · helps me.
TW10_5098,0,0,"[HANDLE] eek ( also hi, · you you're amazing lt 3 )"
TW10_5099,0,0,[HANDLE] · & · support sex workers · with ·
TW10_5100,0,0,· i'm · startup scene it · like a · thing that looking · to season 2 of silicon ·. but it looks so good.
TW10_5101,0,0,the empty chair - # reasontobe gdc [NUMBER]: [URL]
TW10_5102,0,0,[URL]
TW10_5103,0,0,that a comment · from polygon's article on the # 1 · · [URL]
TW10_5104,0,0,[HANDLE] · to hear that supportive of women and · · · of harassment they receive.
TW10_5105,0,0,need a · to switch · sets of tabs a bunch of tabs open a · addon · · · · ·
TW10_5106,0,0,"· not going to be working on for another weeks · to · to "" · not - · set of tabs."
TW10_5107,0,0,[HANDLE] i'm largely pondering few · incubators are now accepting non - profit applications
TW10_5108,0,0,"[HANDLE]: p oapi. coverage wsj ·,. good mention. [URL]"
TW10_5109,0,0,"[HANDLE] [HANDLE] [HANDLE] ·, what did they do this year?"
TW10_5110,0,0,[HANDLE] [HANDLE] [HANDLE] [HANDLE] · ·
TW10_5111,0,0,[HANDLE] [HANDLE] [HANDLE] [HANDLE] ·: i'm an ex enforcer )
TW10_5112,0,0,[HANDLE] [HANDLE] [HANDLE] i am not surprised slightest · that i
TW10_5113,0,0,[HANDLE] [HANDLE] · in mind · · a sexual predator charge of security and · it nether rug 2 yrs ago
TW10_5114,0,0,sickened but not · by what happened pax · ·. · history of making · decisions cost of women's ·.
TW10_5115,0,0,"[HANDLE] [HANDLE] [HANDLE] · · · that ·. i use ·, merely i used · with her,"
TW10_5116,0,0,[HANDLE] [HANDLE] [HANDLE] are not exactly on speaking terms.
TW10_5117,0,0,[HANDLE] [URL]
TW10_5118,0,0,[HANDLE] [HANDLE] [HANDLE] i · to talk about it much. · personal info.
TW10_5119,0,0,[HANDLE] [URL]
TW10_5120,0,0,[HANDLE] [HANDLE] who · · · are one of my · ·
TW10_5121,0,0,an idea how about the ability to mute someone for n period of time
TW10_5122,0,0,"so · auto - · after · ·, or whatever"
TW10_5123,0,0,[HANDLE] [HANDLE] yea it · accurate. don't see why that · · that were bad ·.
TW10_5124,0,0,[HANDLE] · tweetbot is a · ·.: not necessarily thinking · · client.
TW10_5125,0,0,[HANDLE] · i like that.
TW10_5126,0,0,"[HANDLE] · in would be good. i do more rd · services than i can providing ·, in ·."
TW10_5127,0,0,. [HANDLE] tweetbot is a · ·
TW10_5128,0,0,[HANDLE] that is a · ·. developer · prohibits it.
TW10_5129,0,0,[HANDLE] [URL]
TW10_5130,0,0,[HANDLE] [HANDLE] fond of the idea of creating features · ·.
TW10_5131,0,0,[HANDLE] i'm also quite · about and wondering about the radio · from [HANDLE]
TW10_5132,0,0,[HANDLE] [HANDLE] blocked you? i thought she blocked someone else.
TW10_5133,0,0,[HANDLE] [HANDLE] [URL]
TW10_5134,0,0,[HANDLE] [HANDLE] except features · a pay barrier
TW10_5135,0,0,rt [HANDLE]: women at · share grievous ·. this gamergate · respond. [URL]
TW10_5136,0,0,[HANDLE] [HANDLE] · more for these to · added twitter or using · ·
TW10_5137,0,0,[HANDLE] [HANDLE] just seen way · abuse · recently · sort of pay wall get behind that
TW10_5138,0,0,[HANDLE] [HANDLE] [HANDLE] took out of this is that am [HANDLE] · · if i am wrong.
TW10_5139,0,0,[HANDLE] [HANDLE] [HANDLE] revenge porn dude is hilarious if you listen him thinks · tech · exist
TW10_5140,0,0,[HANDLE] [HANDLE] [HANDLE] if you talk to · · · not ·. · it right.
TW10_5141,0,0,[HANDLE] [HANDLE] [HANDLE] his original · renamed
TW10_5142,0,0,rt [HANDLE]: it · · · ethicsed all over · again [URL]
TW10_5143,0,0,[HANDLE] hmm. · · ·.
TW10_5144,0,0,[HANDLE] can you send up? i'm not exactly at · ·
TW10_5145,0,0,"[HANDLE] yo, you're enforcing · ·, right? can you find a person? [URL]"
TW10_5146,0,0,[HANDLE] don't think so. it just ·.
TW10_5147,0,0,[HANDLE] · appreciated.
TW10_5148,0,0,"[HANDLE] [HANDLE] at the least, actionable twitter. [URL] is good enough for law ·"
TW10_5149,0,0,[HANDLE] [HANDLE] [HANDLE] · · that least · how they are sticking the · ·
TW10_5150,0,0,[HANDLE] he thinks the entire world should be ·
TW10_5151,0,0,[HANDLE] [HANDLE] [HANDLE] [HANDLE] im sorry wat [URL]
TW10_5152,0,0,"oo. almost forgot, need to · to · ·.:"
TW10_5153,0,0,·. [URL]
TW10_5154,0,0,[HANDLE] [HANDLE] · now to decide what to ·. & gt gt;
TW10_5155,0,0,[HANDLE] i think i him · was misconfigured to randomly tweet at. ·
TW10_5156,0,0,[HANDLE] [HANDLE] apparently not
TW10_5157,0,0,[HANDLE]. · bot. because a · pos that ebooks in it's name.
TW10_5158,0,0,[HANDLE] have login randi · and add him to · · ·. so · · that
TW10_5159,0,0,[HANDLE] · things i kicked the bot
TW10_5160,0,0,[HANDLE] [HANDLE] needs to rename the bot to · ebooks this wouldn't be a problem
TW10_5161,0,0,i stand by [HANDLE]
TW10_5162,0,0,[HANDLE] i · · done a lot right · with of dm or email randi [URL]
TW10_5163,0,0,[HANDLE] this is awesome · this
TW10_5164,0,0,"[HANDLE] · it into a block list could · ·, too."
TW10_5165,0,0,"[HANDLE] i still · whole white knight ·. knights get land ·, sword, ·. who · this? land in ·?!"
TW10_5166,0,0,there's · · · that has tweeted about me more 40 times in the past 12 ·. has been her pattern for & ·; ·
TW10_5167,0,0,· · a · making · allegations · · · unreassuring. · i · to lawyer.
TW10_5168,0,0,"truly · when it comes to · gatery about * me, but regarding org, a ·"
TW10_5169,0,0,"[HANDLE] largely ignoring it, but · fixated · · ·. · directly talked to"
TW10_5170,0,0,[HANDLE] · i to get used to the idea of bloggers · my · to · ·. but slightly irritated.
TW10_5171,0,0,[HANDLE] [HANDLE] eh this · more of a legal concern
TW10_5172,0,0,"[HANDLE] no doubt don't truly the time lawsuits, so a question of · · · benefit"
TW10_5173,0,0,[HANDLE] one · the lone voice she has is · doesn't truly · oapi's ·.
TW10_5174,0,0,[HANDLE] but on the other · sends a message not used to to be concerned about an image ·
TW10_5175,0,0,· · · done lip rings. that seems reasonable. [URL]
TW10_5176,0,0,[HANDLE] so much pocky
TW10_5177,0,0,[HANDLE] yes
TW10_5178,0,0,[HANDLE] · for later!
TW10_5179,0,0,[HANDLE] [HANDLE] causes problems with bots.: \
TW10_5180,0,0,[HANDLE] matcha
TW10_5181,0,0,"[HANDLE] ·, · a case of it, soo p"
TW10_5182,0,0,[HANDLE] what does that ·
TW10_5183,0,0,[HANDLE] got pr firm. i · · this their way.
TW10_5184,0,0,am right now · · · · facebook
TW10_5185,0,0,this is a · i with one of · · earlier · [URL]
TW10_5186,0,0,i'm watching · say that they knew it was lone matter · ·. · · done.
TW10_5187,0,0,[HANDLE] [HANDLE] · · the way the code is written.
TW10_5188,0,0,[HANDLE] · stop · at me what is your ·
TW10_5189,0,0,[HANDLE] · whenever · yourself poke me facebook i'll tell you why a · · / code ·.
TW10_5190,0,0,[HANDLE] merely right dealing · getting rape and · · regretful · truly large · ·
TW10_5191,0,0,"[HANDLE] hey if you toss me more info that, i · it up the · enforcer · · it would be appreciated."
TW10_5192,0,0,"[HANDLE] hi. · enforcer her. · now ·. used to, merely state law required."
TW10_5193,0,0,[HANDLE] it's · wage. this · · 4 years ago i think.
TW10_5194,0,0,"[HANDLE] thanks, it is appreciated."
TW10_5195,0,0,[HANDLE] [HANDLE] · i am · hard right now
TW10_5196,0,0,"[HANDLE] [HANDLE] given the changes ·, i'm not really surprised. it was already · ·:"
TW10_5197,0,0,"[HANDLE] [HANDLE] i thought idea and i · ·. but in ·, i've seen [E] quality · in · ·"
TW10_5198,0,0,[HANDLE] [HANDLE] · is · · policing merely the · is already ·. or something.
TW10_5199,0,0,"[HANDLE] · to · · ·, but not · calling out their names on twitter would be a bad ·."
TW10_5200,0,0,[HANDLE] [HANDLE] yo · chaotic good
TW10_5201,0,0,[HANDLE] [HANDLE] · which d & amp; d version
TW10_5202,0,0,i just couldn't · develop lasting romantic feelings anyone that prefered d · d 4 th edition over 3. 5.
TW10_5203,0,0,[HANDLE] 5 · edition · speak
TW10_5204,0,0,[HANDLE] · shadowrun p
TW10_5205,0,0,[HANDLE] · & amp; for ·.
TW10_5206,0,0,"i have the · aria scale. it's wifi ·, · to internet. which is awesome. but not for the reasons think."
TW10_5207,0,0,"· use · i get emails · / their weight. sometimes, · card ·, i'll silently mouth the number at them i ·."
TW10_5208,0,0,[HANDLE] you are · · · go here
TW10_5209,0,0,[HANDLE] monogamous girl in a · ·.
TW10_5210,0,0,[HANDLE] [HANDLE] but does it scale?
TW10_5211,0,0,[HANDLE] that was ·. p
TW10_5212,0,0,"[HANDLE] [HANDLE] · couple of pathfinder modules, but not truly ·"
TW10_5213,0,0,[HANDLE] [HANDLE] [HANDLE] mayybe. i · virtual d & amp; d. i · · · on · and cause havoc
TW10_5214,0,0,[HANDLE] [HANDLE] i about · the · · that have keyboard input word replace · butt
TW10_5215,0,0,[HANDLE] [URL]
TW10_5216,0,0,[HANDLE] i play this game drunk
TW10_5217,0,0,· · # selfie # · [URL]
TW10_5218,0,0,[HANDLE] perl requires little ·: p
TW10_5219,0,0,totally got the flag · · [URL]
TW10_5220,0,0,this guy has · face # selfie warlords [URL]
TW10_5221,0,0,[HANDLE] love what they've · with trolls
TW10_5222,0,0,[HANDLE] i got · for that.
TW10_5223,0,0,so ready warlords selfie [URL]
TW10_5224,0,0,[HANDLE] selfies are rad.
TW10_5225,0,0,one more bg before bed: ) · # warlords [URL]
TW10_5226,0,0,"if you get a · [HANDLE] · that is me being ceo is scary, want a private account ·: p"
TW10_5227,0,0,"if you send · · i know you, i'll likely approve. if i don't know you. ·. possibly."
TW10_5228,0,0,[HANDLE] right now multiple browsers · i should set ·.
TW10_5229,0,0,[HANDLE] · · · profiles as well. i switch back · for few different things. it's ·.
TW10_5230,0,0,"[HANDLE] · stuff that is team based ·, so i'm · tweetdeck is the way go."
TW10_5231,0,0,"i am regretful, ·, but this kind · to ·. ·; & ·; ·, truly do, but not this. & lt;"
TW10_5232,0,0,[HANDLE] [HANDLE] yea pretty rad for · · · in assorted ·
TW10_5233,0,0,"[HANDLE] this one is more official · less tweets, i ·. i'm still figuring out role · ·; · · ·"
TW10_5234,0,0,[HANDLE] also a few celebrated · followed me and now freaking tweet too much amp; want scare them. p
TW10_5235,0,0,[HANDLE] that's how it · private ·.
TW10_5236,0,0,rt [HANDLE] · [HANDLE] has · ) # wonderwoman internationalwomensday [URL]
TW10_5237,0,0,[HANDLE] · · a · ·! they finally fixed the big blocklist bugs
TW10_5238,0,0,[HANDLE] tweetbot is a · client ·
TW10_5239,0,0,[HANDLE] ·. & gt. ·
TW10_5240,0,0,"· a mention on tech · 2 · [URL] 100 ·, but close enough. 4: 45 in [URL]"
TW10_5241,0,0,[HANDLE] sometimes.
TW10_5242,0,0,[HANDLE] · knew · credit me utilizing old · account merely can't truly · gg · life · & · 3
TW10_5243,0,0,[HANDLE] merely careless · see her crud linked. · · · ·. old news.
TW10_5244,0,0,we should have some more · posted about · · lots of questions about we are hiring · to see · ·
TW10_5245,0,0,· learn the art · · grants. · like different orgs prefer drastically different styles · level · detailed
TW10_5246,0,0,[HANDLE] ·.
TW10_5247,0,0,[HANDLE] a · ·. not a human.
TW10_5248,0,0,[HANDLE] speaking of which i · to oom 2. · · ·.: · hehe.
TW10_5249,0,0,"obama just said "" user · · "" oh no. no no no."
TW10_5250,0,0,· · tlel · that wrong. · buried my coffee ·.
TW10_5251,0,0,i heard it ·.: 57: 20. [URL]
TW10_5252,0,0,· from the whitehouse · · · is tech job title
TW10_5253,0,0,· how am i the only · · this? this just confirms belief that the only person watches the morning news
TW10_5254,0,0,[HANDLE] nickname is grandma · gt;
TW10_5255,0,0,[HANDLE] · * · · · * ·
TW10_5256,0,0,[HANDLE] dad?
TW10_5257,0,0,[HANDLE] [HANDLE] i knew it
TW10_5258,0,0,my · · to safari · · i miss having one provided by my · employer (
TW10_5259,0,0,[HANDLE] i · them: · was sent a · which is why · ·
TW10_5260,0,0,[HANDLE] there some statements made which · slander ·: what i do with funds · · · · of ·.
TW10_5261,0,0,"[HANDLE] but given · seem to not · · charity ·, why bother giving them my time?"
TW10_5262,0,0,[HANDLE] lone · that's truly concerning is that · in her obsession · · that showed up work
TW10_5263,0,0,[HANDLE] that · freaks me that she would · do · merely that she could rile · · do ·.
TW10_5264,0,0,"[HANDLE] · ever · · mentioned her username · merely sure still · "" ·"
TW10_5265,0,0,[HANDLE] i guess he trying to · - who ·? p
TW10_5266,0,0,[HANDLE] won't ·. c! ·
TW10_5267,0,0,[HANDLE] i added a · · p
TW10_5268,0,0,[HANDLE] always.
TW10_5269,0,0,i guess doing a good enough job that a pua · · decided i was · · # something write home
TW10_5270,0,0,"i think this spam. i'm not sure what reading, but it's funny. / [HANDLE] [URL] [URL]"
TW10_5271,0,0,[HANDLE] redis is overkill for what i'm doing i want something portable / daemonless
TW10_5272,0,0,[HANDLE] oo · school. i didn't even think of
TW10_5273,0,0,[HANDLE] ·. this looks perfect.
TW10_5274,0,0,[HANDLE] · blown redis is overkill for what ·.:
TW10_5275,0,0,[HANDLE] ·
TW10_5276,0,0,[HANDLE] unless you are help · · am · to improbable. i've · things · evening
TW10_5277,0,0,"[HANDLE] you are one of my favorite ·, bby. · ·"
TW10_5278,0,0,"realized 8 hours, my · · to · and rabbit holes and · · good reason to · ·."
TW10_5279,0,0,· to get used to putting together and sticking to project · · i'll likely be working with · this ·
TW10_5280,0,0,trying to play nicely with others on areas of code is a learning experience. · did not prepare
TW10_5281,0,0,[HANDLE] or many · · ·.
TW10_5282,0,0,""" fear, because you know what i i look like a woman, i · like a man, your reason tells ·. [URL]"
TW10_5283,0,0,"woah! went go prod · · · · ask her a · ·, and saw she was · · everything is ·."
TW10_5284,0,0,· · if she's ·
TW10_5285,0,0,"[HANDLE] [HANDLE] oh, good. was truly ·."
TW10_5286,0,0,[HANDLE] [HANDLE] [HANDLE] i saw. · ·.: )
TW10_5287,0,0,"[HANDLE] ·, did you see you had "" fan "" account"
TW10_5288,0,0,[HANDLE] · yea it's his seconds of fame still hurting bunch of senior · · · · apart
TW10_5289,0,0,[HANDLE] · ·.:
TW10_5290,0,0,"· · view ·. · · drive, but having introductory · in person is so · better ·."
TW10_5291,0,0,rt [HANDLE]: · article ·. rt [HANDLE] lol [URL]
TW10_5292,0,0,rt [HANDLE] great article! · · online abuse · we · [URL]
TW10_5293,0,0,"rt [HANDLE] they testing · a terrorism · to · target's lives, · to get · · them · …"
TW10_5294,0,0,rt [HANDLE] first step · and · · · · the · · · secu
TW10_5295,0,0,rt [HANDLE]: · the isolation needed for · - · campaigns 100 s of · · · · · hour have
TW10_5296,0,0,rt [HANDLE]: · lasting trauma lone · · merely everlastingly change · · and ·
TW10_5297,0,0,"rt [HANDLE] start digging detail done your past · "" · things · · you and get more ·"
TW10_5298,0,0,"rt [HANDLE]: the · · · proving "" your community that · · · · = more …"
TW10_5299,0,0,"rt [HANDLE]: campaign · stalkers, · partners, etc. time · them frequently · · sexual ·"
TW10_5300,0,0,rt [HANDLE]: if · · · techniques are applied to · · certain ·
TW10_5301,0,0,rt [HANDLE] message · · · wholly · · terrorize · them ·. …
TW10_5302,0,0,rt [HANDLE]: · · · closer · · community becoming the new · grounds
TW10_5303,0,0,rt [HANDLE] ignoring · to most · users · and ·
TW10_5304,0,0,south · available pm if any other · / people · like meet up
TW10_5305,0,0,"· · · [HANDLE] instead of this account ·, modifying · use mute just for acct."
TW10_5306,0,0,"rt [HANDLE] ·: · "" the · ·. · · earlier · [HANDLE] racist · [URL]"
TW10_5307,0,0,lol what? [URL]
TW10_5308,0,0,this · me of barrens chat
TW10_5309,0,0,[HANDLE] ·! · for reporting! reported for reporting my report!
TW10_5310,0,0,[HANDLE] [HANDLE] [HANDLE] i'm about
TW10_5311,0,0,no u. [URL]
TW10_5312,0,0,"the companies i talk to, more i realize we're · to need employees - · · funding to pay them ·"
TW10_5313,0,0,· to · a way · · without · · publicly security ·. is that a ·? ·?
TW10_5314,0,0,"if · mo have · us anything, attaching · to · - harassment gets yourself · for harassment"
TW10_5315,0,0,[HANDLE] yes
TW10_5316,0,0,[HANDLE] [HANDLE] that's ·.
TW10_5317,0,0,[HANDLE] yea that's lone · · gives us lot of restrictions.
TW10_5318,0,0,[HANDLE] nonprofits have · restrictions i'm still · the ropes. i just assume everything is going to be difficult
TW10_5319,0,0,[HANDLE] i have one. i just have to talk to. largely musing.
TW10_5320,0,0,[HANDLE] i think the · · going · the · future is going to be securing ·.
TW10_5321,0,0,[HANDLE] a big project have going forward is a · facing solution that · the cooperation of large · ·
TW10_5322,0,0,[HANDLE] i don't a · · tech companies involved. concern is just funding everything.
TW10_5323,0,0,[HANDLE] i need to be less uncomfortable talking about money i · asking for. truly ·
TW10_5324,0,0,"[HANDLE] i to it, but given that high ·, i · put time into it have it ·"
TW10_5325,0,0,[HANDLE] i don't · know what that is · ·
TW10_5326,0,0,[HANDLE] i can't · ) · to be awesome. great meeting with.
TW10_5327,0,0,[HANDLE] yay! · you! [HANDLE] i missed you and i worried.
TW10_5328,0,0,[HANDLE] nowhere ·: to secure funding before hiring
TW10_5329,0,0,[HANDLE] that would be * · *
TW10_5330,0,0,"[HANDLE] like i would ·, big time."
TW10_5331,0,0,"· · · officer "" talking 1 · amendment rights while not · · · i might get angry."
TW10_5332,0,0,[HANDLE] yup. · ·.
TW10_5333,0,0,bringing a · · to a · the hospital as one does. [URL]
TW10_5334,0,0,[HANDLE] [HANDLE] · in barrens chat. not even gonna lie.
TW10_5335,0,0,[HANDLE] too late ·
TW10_5336,0,0,[HANDLE] [HANDLE] in · you · manrik and his wife as · · baack
TW10_5337,0,0,[HANDLE] i · [HANDLE]
TW10_5338,0,0,[HANDLE] sigh
TW10_5339,0,0,"[HANDLE] ·, well, usually here so you know, whenever town, hit me up: miss you!"
TW10_5340,0,0,[HANDLE] [HANDLE] [HANDLE] yup! lots of references · classic. love wod
TW10_5341,0,0,[HANDLE] [HANDLE] why interact these ·
TW10_5342,0,0,gamergate is again talking abt · my · · to · ·. · i'm the founder / ·. i look forward · with you
TW10_5343,0,0,[HANDLE] not sure · ·
TW10_5344,0,0,i need this. [URL] [URL]
TW10_5345,0,0,[HANDLE] that's · a · contacted about me have responded.:
TW10_5346,0,0,· bowl · for leaving engineering · into · which does not allow me to · pathetic things
TW10_5347,0,0,[HANDLE] because of price which is not a legitimate reason
TW10_5348,0,0,[HANDLE] eh because they are all · and · that people learn ·; · with ·
TW10_5349,0,0,[HANDLE] [HANDLE] [HANDLE] ·
TW10_5350,0,0,"today · · · · · "", they link to quotes · i · · · ·"
TW10_5351,0,0,"awkward. but good case study · common in 20 ' s, but not ·. people learn. [URL]"
TW10_5352,0,0,"· · did have · of apologies to · finally. · fortunately, tech feminists are pretty amazing & amp · ·."
TW10_5353,0,0,[HANDLE] no idea not · · well the same · i made those quotes is having on month. ·;
TW10_5354,0,0,excited to be back on [HANDLE] following · · this is · to be where i'm able to · · project ·
TW10_5355,0,0,[HANDLE] [HANDLE] i've · pretty good at · suspense.
TW10_5356,0,0,", i · · announcements during shows / events, seems · · · press ·, i guess?"
TW10_5357,0,0,[HANDLE] could go · · not very predictable.
TW10_5358,0,0,· [HANDLE] [URL]
TW10_5359,0,0,[HANDLE] [HANDLE] wow. is great.
TW10_5360,0,0,"[HANDLE] none of · ·. i've · · about this, but you · can't read, i guess. lt;"
TW10_5361,0,0,[HANDLE] [HANDLE] i just assume this is going · fighting someone · ·.
TW10_5362,0,0,"rt [HANDLE]: "" don't · to the · sexual assault. just · settle · ·! "" privileges · · ·."
TW10_5363,0,0,what is modtalkleak?
TW10_5364,0,0,"[HANDLE] meh. you're probably right. · · · it, i ·."
TW10_5365,0,0,[HANDLE] [HANDLE] they are what it sounds like. very · · · · jewels.
TW10_5366,0,0,[HANDLE] where's the file
TW10_5367,0,0,[HANDLE] brilliant
TW10_5368,0,0,[HANDLE] [HANDLE] there is no official · talked ~ 20 pds. it's officer ·. · not say this
TW10_5369,0,0,pondering · · ·. looking at shelter pics of the · · chihuahua mix right now. omg. · ·.
TW10_5370,0,0,[HANDLE] [URL]
TW10_5371,0,0,[HANDLE] [URL]
TW10_5372,0,0,"[HANDLE] ·. · w / · figure which you are like it or not ) is that when you say shit like, it causes storm"
TW10_5373,0,0,[HANDLE] · · shit a · if you will is now · · get ·.
TW10_5374,0,0,[HANDLE] i disagree your point. · reddit at all because · % circlejerks.
TW10_5375,0,0,"[HANDLE] but to put the spotlight on ghazi is to basically say · · people talk about · "" for many of the posters"
TW10_5376,0,0,[HANDLE] mods of ghazi nether · by mob appears led by you.:
TW10_5377,0,0,"[HANDLE] [HANDLE] [HANDLE] i'm not certain it ·, but it's going anywhere good."
TW10_5378,0,0,[HANDLE] feelings exactly.
TW10_5379,0,0,i · · as one of the few safe venting spaces · · victims of ·
TW10_5380,0,0,[HANDLE] [HANDLE] [HANDLE] · · · 3
TW10_5381,0,0,[HANDLE] something that needs to be addressed certain
TW10_5382,0,0,[HANDLE] ·
TW10_5383,0,0,[HANDLE] you bring those up with mods. they are ·.
TW10_5384,0,0,[HANDLE] [HANDLE] don't to · you personal account you have idea what oapi for or doing. shove
TW10_5385,0,0,i · * · · · a * not · huge pay decrease absurd [HANDLE]
TW10_5386,0,0,[HANDLE] · randi ·
TW10_5387,0,0,"yes, i know about [HANDLE] account it's ·"
TW10_5388,0,0,"[HANDLE] [HANDLE] oh ·, accidentally blocked you. ·."
TW10_5389,0,0,[HANDLE] valuable resource · · so no.
TW10_5390,0,0,[HANDLE] sometimes post to · i'm fond of the · · a · to be supported
TW10_5391,0,0,[HANDLE] · has been · few times in the past · time they reacted reasonably · amp ·
TW10_5392,0,0,[HANDLE] they make · · but they are · · and they try do right. support.
TW10_5393,0,0,"[HANDLE] i'll · be able to bit · than that, but not even close to money i made as · ·."
TW10_5394,0,0,[HANDLE] [HANDLE] · · · hire a · · seen the movies. this just leads to · ·
TW10_5395,0,0,· · ·. [URL]
TW10_5396,0,0,i require the · this · · help [URL]
TW10_5397,0,0,· headdesk hard enough.
TW10_5398,0,0,[HANDLE] thank you!
TW10_5399,0,0,suspect she doesn't · · · merely it's site · ·
TW10_5400,0,0,· everyone · it's · video is my · · ·
TW10_5401,0,0,"i'm · to · · ·, but this is a · [URL]"
TW10_5402,0,0,"[HANDLE] [HANDLE] ·, random? what are you talking about?"
TW10_5403,0,0,"[HANDLE] [HANDLE] actually, · ·. no clue are. truly ·. · be dramatic in · else's mentions."
TW10_5404,0,0,rt [HANDLE] · porn doxxing · · [URL] [URL]
TW10_5405,0,0,"[HANDLE] · · · following you, ·."
TW10_5406,0,0,[HANDLE] [HANDLE] work don't take requests
TW10_5407,0,0,[HANDLE] oh no. worried. totes ·. why care?
TW10_5408,0,0,rt [HANDLE]: holy shit were · · · · an officer was · ·. · have · · this is ·.
TW10_5409,0,0,rt [HANDLE]: guns ·. ferguson pd [URL]
TW10_5410,0,0,rt [HANDLE]: another · · · · drawn police · all · the · ferguson pd.
TW10_5411,0,0,rt [HANDLE]. [HANDLE] and safe outside · behind the concrete officer · · merely not posting unedit
TW10_5412,0,0,"[HANDLE] every time they "" · "" ·, · incorrect or something i've said · my blog. they are useless."
TW10_5413,0,0,[HANDLE] i'm · i've never in · dm with you.
TW10_5414,0,0,rt [HANDLE] kids · never · · · everything · http and · ·. · ·. · send. · …
TW10_5415,0,0,"[HANDLE] · going over wifi · · ·, · [NUMBER] · ·"
TW10_5416,0,0,rt [HANDLE] you · ·. [URL]
TW10_5417,0,0,"lrt · · ·. damn it, taylor."
TW10_5418,0,0,[HANDLE] stop making out with bot
TW10_5419,0,0,[HANDLE] [HANDLE] · as they should. gg hate ·. ·.
TW10_5420,0,0,[HANDLE] · ·
TW10_5421,0,0,"[HANDLE] oopsie. is someone huffy? why are you so huffy? ·, wait. · mind. lost interest."
TW10_5422,0,0,amused at how popular tweet was · [URL]
TW10_5423,0,0,"[HANDLE] not · all ·, no email."
TW10_5424,0,0,[HANDLE] [HANDLE] [URL] top kek?
TW10_5425,0,0,[HANDLE] [HANDLE] [HANDLE] i have an ipad · appletv macbook · · ·
TW10_5426,0,0,· puppy today · puppy today · · · · · today · · · getting a · · getting
TW10_5427,0,0,· me tell you how · - · - this indiegogo been ·.: | [URL] hate · ·
TW10_5428,0,0,"[HANDLE] can turn the speakers, be ·."
TW10_5429,0,0,[HANDLE] aw. your · ·?
TW10_5430,0,0,[HANDLE] yup.:
TW10_5431,0,0,[HANDLE] [HANDLE] [HANDLE] [HANDLE] cowardice · harassment is cowardice. go shit on ·. & ·
TW10_5432,0,0,"[HANDLE] [HANDLE] [HANDLE] [HANDLE] · there is, you · ·. · in school"
TW10_5433,0,0,· · · [HANDLE] [HANDLE] while · at [HANDLE]. just another morning. lt 3
TW10_5434,0,0,[HANDLE] [HANDLE] [HANDLE] you have to follow some pretty flagitious people · on ggautoblocker. ( · ·
TW10_5435,0,0,"[HANDLE] [HANDLE] [HANDLE] honestly, i'm · · that i'm not on theblockbot ·"
TW10_5436,0,0,[HANDLE] [HANDLE] [HANDLE] am glad · to · in some small · · ·
TW10_5437,0,0,rofl. · ·. ·. guys. i've got something to make you giggle. · violates the logan act. [URL]
TW10_5438,0,0,[HANDLE] [HANDLE] [HANDLE] [HANDLE] live san francisco don't judge
TW10_5439,0,0,[HANDLE] * truly · * · scientist that is yelling about · because i · · his · lololol
TW10_5440,0,0,"[HANDLE] after · pulling "" ·, woman, so senior and i've already · this """
TW10_5441,0,0,"[HANDLE] · kind of a · the ·, no wonder having · good graces."
TW10_5442,0,0,"[HANDLE] the sourcelist · generated. it's that different from the github list, though. )"
TW10_5443,0,0,[HANDLE] i can never tell ·.
TW10_5444,0,0,[HANDLE] text · in the · was not satricial that dude is dead · and not a ·
TW10_5445,0,0,[HANDLE] ggautoblocker has been · · it's been rewritten ruby. new project out ·.
TW10_5446,0,0,[HANDLE] it ties to · ·. need to publish at once.
TW10_5447,0,0,[HANDLE] · excuse that is the · kind of logan
TW10_5448,0,0,[HANDLE] people think that implying association · follow is a · ·. but it's · ·.
TW10_5449,0,0,[HANDLE] wait what
TW10_5450,0,0,blizzcon announced
TW10_5451,0,0,[HANDLE] just fast
TW10_5452,0,0,name is spelled with an i you idiot [URL]
TW10_5453,0,0,·. the one · · & amp people · · have ·. they can · spell first ·.
TW10_5454,0,0,"regretful, but · · a · of threats. · these · to form an · ·, and you're back."
TW10_5455,0,0,[HANDLE] aww someone's huffy & lt
TW10_5456,0,0,rt [HANDLE]: [HANDLE] starbucks · · wrong - [URL]
TW10_5457,0,0,"[HANDLE] ·, · to hurt their narrative p"
TW10_5458,0,0,"truly, truly, truly · · to ·, but not certain i'm · to afford it this year.:"
TW10_5459,0,0,[HANDLE] ·
TW10_5460,0,0,[HANDLE] doesn't · that ·. sorry to disappoint you. no one cares what you want.
TW10_5461,0,0,there is sometime shelter that is waiting · · i · · match in streets
TW10_5462,0,0,"oh god i · i have dibs. i take this puppy, i'm · to feel · such asshole."
TW10_5463,0,0,am an asshole
TW10_5464,0,0,"· officer just told "" you are an · all is fair in love · """
TW10_5465,0,0,[HANDLE] · · i can't ·. likely find a · · in
TW10_5466,0,0,· the owners just walked to claim the puppy. the police not happy.
TW10_5467,0,0,bummed i lost out · · merely · · · · reclaim her.
TW10_5468,0,0,a · concerned at what is happening. ·. · may not be over.
TW10_5469,0,0,i guess police have history · · · their dogs or something? something bad has ·.
TW10_5470,0,0,been told to ·
TW10_5471,0,0,i don't get that puppy. but the director is apologetic telling i can have 50 off any other ·.
TW10_5472,0,0,the officer looks · to cry.
TW10_5473,0,0,this is the most · have ever seen about a dog
TW10_5474,0,0,i've been reassuring and the family that · losing a dog would been devastating to that family.
TW10_5475,0,0,there is another puppy
TW10_5476,0,0,"[HANDLE] sadly, most are breeds not allowed by apartment complex."
TW10_5477,0,0,to · · · · a bit bigger than i ·. see.
TW10_5478,0,0,lool [HANDLE] [HANDLE]
TW10_5479,0,0,"no puppy today this puppy some · severe anxiety issues. i ·, but leo would be ·"
TW10_5480,0,0,"[HANDLE] ·. · · dogs, usually grownups. · is about 7, · · younger dogs. but ty for ·."
TW10_5481,0,0,"i'd happy to get an adult, but leo wouldn't · ·. · is · to everything. can't a large ·, · ·"
TW10_5482,0,0,[HANDLE] · with lot of abused · ·. · do lot of work · · · amp behavioral issues.
TW10_5483,0,0,"walked out the shelter with no puppy, but now i have a · uh. success · ·."
TW10_5484,0,0,[HANDLE] me too
TW10_5485,0,0,[HANDLE] exhausted *. · journey is not over. it has just begun.
TW10_5486,0,0,the puppy about got [URL]
TW10_5487,0,0,wait. · · isn't over. search continues. · be visitng another puppy tonight. · · ·.
TW10_5488,0,0,[HANDLE] · that weird rt?
TW10_5489,0,0,my way to · to pick up puppy dude from · · fight over my ·.
TW10_5490,0,0,this going be better · met · · way or another.
TW10_5491,0,0,[URL]
TW10_5492,0,0,a · / · · ·.
TW10_5493,0,0,"kernighan, ·, ·, or nimoy"
TW10_5494,0,0,nimoy is not crate trained whelp it's going to be a · night [URL]
TW10_5495,0,0,thise noises he is wagging his tail · [URL]
TW10_5496,0,0,er those
TW10_5497,0,0,[HANDLE] this is mine
TW10_5498,0,0,i played the video for he ·
TW10_5499,0,0,· · · about the stuff · about that · amp; · to rooshv. [URL] · · ·
TW10_5500,0,0,"so, happened. [URL]"
TW10_5501,0,0,then this · [URL]
TW10_5502,0,0,[HANDLE] · are good for ·
TW10_5503,0,0,""" · did i get in minutes ago? [URL]"
TW10_5504,0,0,[HANDLE] leo still certain to · of nimoy: i think they'll · · · finally he · · ·.
TW10_5505,0,0,[HANDLE] stacks · stacks of oreilly ·. what you can · see is robot · hanging.
TW10_5506,0,0,[HANDLE] the dog · to fit himself bantam ·
TW10_5507,0,0,[HANDLE] · that continuing to be harassed by ed since formed over a decade · can ·
TW10_5508,0,0,going to · · i can tell [URL]
TW10_5509,0,0,"puppy is trying to hump leo leo is just · "" excuse and a 60 · ·"
TW10_5510,0,0,[HANDLE] [HANDLE] [HANDLE] [HANDLE] [HANDLE] because they have · complaints even · · it · fine.
TW10_5511,0,0,[HANDLE] [HANDLE] [HANDLE] [HANDLE] incorrect. in no way related email · ( these people technical )
TW10_5512,0,0,[HANDLE] [HANDLE] [HANDLE] [HANDLE] · to · · ·. and not a constant update. updates when i run it
TW10_5513,0,0,"[HANDLE] [HANDLE] [HANDLE] [HANDLE] why are these people such ·, ·, seriously. it's difficult · ·."
TW10_5514,0,0,"[HANDLE] [HANDLE] [HANDLE] [HANDLE] furthermore, blockbot even code. ggautoblocker is. blockbot is by someone else."
TW10_5515,0,0,[HANDLE] ·:
TW10_5516,0,0,had a dollar for · · confused [HANDLE] with [HANDLE] could pay for ·
TW10_5517,0,0,"yo. [HANDLE]. i truly hate · your bubble, but you · a · in · the · still ·. ·"
TW10_5518,0,0,[HANDLE] · on · · i'm certain gamergate is totes · to care
TW10_5519,0,0,[HANDLE] not true. see · 2 tweets.
TW10_5520,0,0,"if · · disbelieves ·, they are welcome follow [HANDLE] · and see if they can follow / rt / · my tweets"
TW10_5521,0,0,· gater thought they found · · · · · unblockable by · · x
TW10_5522,0,0,( didn't work.
TW10_5523,0,0,[HANDLE] twitter's · · all the time. it wasn't · ·. willing to bet not ·.
TW10_5524,0,0,[HANDLE] [HANDLE] · · · · )
TW10_5525,0,0,[HANDLE] [HANDLE] i'll admit googled too: p
TW10_5526,0,0,"[HANDLE] · more to ·, certain:"
TW10_5527,0,0,[HANDLE] you live · how did i not know this. get wine and cheese gether
TW10_5528,0,0,[HANDLE] search doesn't filter blocks by default it should imo
TW10_5529,0,0,[HANDLE] [HANDLE] really funny.
TW10_5530,0,0,"to · blanket over his crate, but nimoy · done night.: )"
TW10_5531,0,0,[HANDLE] yup. my other dog's name is leo.
TW10_5532,0,0,"not a journalist, · [HANDLE]"
TW10_5533,0,0,siigh [URL]
TW10_5534,0,0,"rather · a system worked out. he sits · my ·, front legs about ·, i · type about wagging ·"
TW10_5535,0,0,"no, nimoy. my · clean. ·"
TW10_5536,0,0,in case you think joking [URL]
TW10_5537,0,0,"she let · in her lap excessively "" [URL]"
TW10_5538,0,0,[HANDLE] an ex - · · it to me.
TW10_5539,0,0,[HANDLE] aww. you are both adorable
TW10_5540,0,0,[HANDLE] · is split between the dog noses and the fact that i * truly need pants that fall ·
TW10_5541,0,0,[HANDLE] it's one of my · ·:
TW10_5542,0,0,[HANDLE] ·!: ·
TW10_5543,0,0,[HANDLE] [HANDLE] [HANDLE] ·. literal wrangling of butts.
TW10_5544,0,0,[HANDLE]! all of them.
TW10_5545,0,0,[HANDLE] will create a · ·
TW10_5546,0,0,"[HANDLE] seriously, though. apartment is scary amazing. covered so much blizz · · · wars ·."
TW10_5547,0,0,[HANDLE] [HANDLE] [HANDLE] discrimination
TW10_5548,0,0,rt [HANDLE] ·. amazing. rt [HANDLE]: so cunning [URL]
TW10_5549,0,0,[HANDLE] [HANDLE] [HANDLE] why do you hate freedom
TW10_5550,0,0,"[HANDLE] difficult for to find good marvel ·. i've · a · · · ·, but dc sadly does · ·"
TW10_5551,0,0,[HANDLE] i some · antic wonderwoman stuff. but i prefer marvel hands. dc chars · ·.
TW10_5552,0,0,"[HANDLE] ·, too."
TW10_5553,0,0,guys · exhausted themselves. yay · time. [URL]
TW10_5554,0,0,an old friend just posted this facebook · [URL]
TW10_5555,0,0,[HANDLE] goes well with · )
TW10_5556,0,0,no [URL]
TW10_5557,0,0,"· like ·, but he's · [URL]"
TW10_5558,0,0,[HANDLE] he probably is.
TW10_5559,0,0,[HANDLE] · requests need to · done [EMAIL]
TW10_5560,0,0,[HANDLE] [HANDLE] [HANDLE] shh
TW10_5561,0,0,[HANDLE] am not the · sysinstall maintainer. my · isn't · use anymore.: ·
TW10_5562,0,0,"rt [HANDLE]: * · · · mark ·: "" freedom of expression will · us [ · ] # stopgamergate [URL]"
TW10_5563,0,0,"· was · · · day ·. kern · · ·, big surprise [HANDLE]"
TW10_5564,0,0,[HANDLE] [HANDLE] [HANDLE] miss sysinstall.: (
TW10_5565,0,0,[HANDLE] i realize you followed [HANDLE]
TW10_5566,0,0,not · kern is the person said he was fully invested · ·. remember the cape comment i made?
TW10_5567,0,0,"put on the cape unless · to be the hero regretful, ·. not the hero. the villain."
TW10_5568,0,0,"there is no circumstance which · children is considered ok. there is no circumstance in "" triggering "" is ok"
TW10_5569,0,0,[HANDLE] [HANDLE] ·. well. no one's perfect.
TW10_5570,0,0,to · gamergate is threatening [HANDLE] · [HANDLE] is totally · this because free speech
TW10_5571,0,0,"alternatively, tries to turn this if you're ·, you're against · · ·, no. we're ·."
TW10_5572,0,0,"you can express ·, but that give · called on it."
TW10_5573,0,0,[HANDLE] i know. my heart is breaking. truly. i do · * · *
TW10_5574,0,0,[HANDLE] wonderwoman suit by ·
TW10_5575,0,0,[HANDLE] blackmilk is amazing you seen them before?
TW10_5576,0,0,[HANDLE] · god am sorry what have i ·
TW10_5577,0,0,rt [HANDLE] · kern · · of ' · [URL]
TW10_5578,0,0,"[HANDLE] [HANDLE] [HANDLE] [HANDLE] someone been · for a while these ·, yea a threat"
TW10_5579,0,0,[HANDLE] [HANDLE] [HANDLE] [HANDLE] anytime they bring your family · · you quiet
TW10_5580,0,0,[HANDLE] [HANDLE] [HANDLE] [HANDLE] to remind you what you have to lose. is all · and · how they are.
TW10_5581,0,0,"[HANDLE] [HANDLE] [HANDLE] [HANDLE] lot · · fuck everything, i'm · · "" - but families still vulnerable"
TW10_5582,0,0,[HANDLE] [HANDLE] [HANDLE] [HANDLE] · · these are the same people started going done facebook ·
TW10_5583,0,0,[HANDLE] [HANDLE] [HANDLE] [HANDLE] · · / listing people. because i backing down.
TW10_5584,0,0,[HANDLE] [HANDLE] [HANDLE] [HANDLE] this is also the same guy that · my home address ·. ·
TW10_5585,0,0,[HANDLE] probs not.
TW10_5586,0,0,[HANDLE] yess.
TW10_5587,0,0,"[HANDLE] [HANDLE] [HANDLE] [HANDLE] p ·, usually pretty · · head of anyone."
TW10_5588,0,0,[HANDLE] [HANDLE] [HANDLE] [HANDLE] made mistakes in the · · from them
TW10_5589,0,0,amazon · me · than any ex · · did. these my shopping · [URL]
TW10_5590,0,0,rt [HANDLE] please rt [URL] [URL]
TW10_5591,0,0,"grummz realized that no one would pat · for not being ·, but gg would · him for joining [HANDLE] [HANDLE]"
TW10_5592,0,0,[URL]
TW10_5593,0,0,[HANDLE] [HANDLE] ·. [URL]
TW10_5594,0,0,·. my. god. [URL] [URL]
TW10_5595,0,0,[HANDLE] maybe some people like · · i don't judge.
TW10_5596,0,0,[HANDLE] was free
TW10_5597,0,0,[HANDLE] obviously
TW10_5598,0,0,[HANDLE] [HANDLE] i · bought
TW10_5599,0,0,[HANDLE] blame [HANDLE] ·.: ·
TW10_5600,0,0,"[HANDLE] yo, the tweet i made about the tetris book just got · boing boing ·"
TW10_5601,0,0,[HANDLE] ·. · forward seeing that. )
TW10_5602,0,0,[HANDLE] no more · · ·!
TW10_5603,0,0,[HANDLE] [HANDLE] # hipchat everlastingly
TW10_5604,0,0,[HANDLE] [HANDLE] ( but use ending / or my brain bleeds ·
TW10_5605,0,0,[HANDLE] if you have · me · i · able to help.
TW10_5606,0,0,[HANDLE] [HANDLE] the · i · · ' intead ' ·.
TW10_5607,0,0,"· [HANDLE], · to · timeline have you blocked, · 14 · ·. [URL]"
TW10_5608,0,0,". [HANDLE] nice cropping ·, too. but the · hurts."
TW10_5609,0,0,gamergate loves · [HANDLE] see any legitimate harassment · ·: \
TW10_5610,0,0,"·, · to leave twitter as an avenue · to · been targeted."
TW10_5611,0,0,but · mass mute or mass ·. · · · we · · ·.
TW10_5612,0,0,"[HANDLE] may be setting this some point in future. to be really ·, though"
TW10_5613,0,0,"[HANDLE] · risk. gamergate will anything they can try to harm ·. because anti - · bad ·, i guess."
TW10_5614,0,0,[HANDLE] that shirt
TW10_5615,0,0,"[HANDLE] ·, no. · filters are too high - ·."
TW10_5616,0,0,. [HANDLE] [HANDLE] think you understand what gaslighting means. but ·.
TW10_5617,0,0,"omg, you ·. are · the word gaslighting · must have gotten sjw word of the · · yet"
TW10_5618,0,0,"[HANDLE] [HANDLE] as gamergate has repeatedly proven, · a url doesn't · · for · lt; 3"
TW10_5619,0,0,[HANDLE] manual filter. ·?
TW10_5620,0,0,"[HANDLE] there's lot of sarcasm and · group, particularly appropriation of terms · filters just work"
TW10_5621,0,0,"[HANDLE] truly hate kids. ·, they are ·. stupid. ·. no life experience. who"
TW10_5622,0,0,[HANDLE] · people · · because she is causing · by flooding join · it's moronic.
TW10_5623,0,0,[HANDLE] [URL]
TW10_5624,0,0,[HANDLE] [HANDLE] said bravely from the cowardice of an egg
TW10_5625,0,0,are the · of tweets i get anytime [HANDLE] ·. but it's truly about · in ·. [URL]
TW10_5626,0,0,"[HANDLE]. literally no idea what you ·. · ·, though. & lt 3"
TW10_5627,0,0,[HANDLE] ·. and she rarely tells ·
TW10_5628,0,0,[HANDLE] [HANDLE] ·. this · ·. is not direct nor specific. you're · · reporting.
TW10_5629,0,0,[HANDLE] [HANDLE] · · encouraging an abuse of the reporting system.
TW10_5630,0,0,excuse me while bite · [URL]
TW10_5631,0,0,bleary because they were · in ·
TW10_5632,0,0,""" take. ·. "" [URL]"
TW10_5633,0,0,[HANDLE] on · note · shit know you had · ·
TW10_5634,0,0,[HANDLE] · i get worried i do ·.
TW10_5635,0,0,[HANDLE] · · you get spammed ·
TW10_5636,0,0,"·, bad truly, truly ·. ·: sexual assault, · · ( hey, · is · · for [URL]"
TW10_5637,0,0,[HANDLE] [HANDLE] · anything falls nether the lines of targeted · in any screenshots archives
TW10_5638,0,0,"[HANDLE] [HANDLE] ·, their accounts · - ·. just asking you to not encourage this."
TW10_5639,0,0,[HANDLE] ·
TW10_5640,0,0,"[HANDLE] i · · ·, but that's probably not ·; anything · · · reasonably well, ·"
TW10_5641,0,0,[HANDLE] did you read the text of the article? that picture is really creepy triggering ·
TW10_5642,0,0,[HANDLE] ·. read that story arc
TW10_5643,0,0,[HANDLE] better · to make that comic amp; · off your female customers
TW10_5644,0,0,[HANDLE] the killing joke was a fucked up story arc general & amp; could have written better.
TW10_5645,0,0,[HANDLE] [HANDLE] [HANDLE] the fact that it's · doesn't · it ·. dc should stay the fuck · from that.
TW10_5646,0,0,[HANDLE] many people would be scared · triggered by that cover ·
TW10_5647,0,0,"[HANDLE] bit of both, possibly? def yes on the cover possibly on the content"
TW10_5648,0,0,"[HANDLE] i like the women in refrigerators trope all, but i'm not going to · · ·"
TW10_5649,0,0,"[HANDLE] but the · itself well, the tweets capped in that article do a · · · than ·."
TW10_5650,0,0,watch [URL] see [HANDLE]! just a more minutes )
TW10_5651,0,0,[HANDLE] you changed your ·
TW10_5652,0,0,[HANDLE] [HANDLE] nimoy you fucking · you even watch star ·
TW10_5653,0,0,[HANDLE] [HANDLE]. · [HANDLE]. · · to help. & ·; 3
TW10_5654,0,0,oapi got a · ·. ) [URL]
TW10_5655,0,0,"· me ·, but i am ·, an activist"
TW10_5656,0,0,[HANDLE] fuck. who am?
TW10_5657,0,0,[HANDLE] content ·. )
TW10_5658,0,0,oh good lord [URL]
TW10_5659,0,0,[HANDLE] is trolling.
TW10_5660,0,0,·. calm down. it was ·
TW10_5661,0,0,[HANDLE] common · ·
TW10_5662,0,0,rt [HANDLE] · · · we · it · · · itself. · like trying throw a tarp over a · …
TW10_5663,0,0,"rt [HANDLE]: "" everything is · to ok "" dude · · house possibly we ·"
TW10_5664,0,0,rt [HANDLE] · merely · certain not doing it the · · are still · & amp; struggling to ·
TW10_5665,0,0,[HANDLE] [HANDLE] no. not truly. · all · paying attention to · i wouldn't get shit ·.
TW10_5666,0,0,"[HANDLE] i get where you coming it's annoying, to be sure. but not considered · nether tos."
TW10_5667,0,0,[HANDLE] mean · ·. they direct and specific threats.
TW10_5668,0,0,[HANDLE] [HANDLE] ·. & gt i did a ·
TW10_5669,0,0,[HANDLE] to fair none of those things · tos or even free speech for matter.: ·
TW10_5670,0,0,"[HANDLE] ·, · · twitter · · mute which · · from · * most * · don't like"
TW10_5671,0,0,[HANDLE] · gosh. lone that had been ·
TW10_5672,0,0,only have a bajillion jira · to get through tonight. then 3 v 3 · in wow. cracks · * this.
TW10_5673,0,0,[HANDLE] or worst depending how you look at
TW10_5674,0,0,[HANDLE] love ·: p
TW10_5675,0,0,"[HANDLE] if that were the case, · would probably 3 % of the current userbase"
TW10_5676,0,0,"[HANDLE] i get your ·. truly, i i deal with the · every · on my own ·"
TW10_5677,0,0,"[HANDLE] but sadly, · isn't the answer. blocks · & amp; ignoring is the · · ·."
TW10_5678,0,0,[HANDLE] everything. · now largely love · ele · · ( but disc 2 s
TW10_5679,0,0,"[HANDLE] my · org, it · amazingly well. has everything to with configuration. · vcs ·."
TW10_5680,0,0,[HANDLE] · · and · · a specific ticket = ·
TW10_5681,0,0,"[HANDLE] man, cannot figure out to · disc atonement is so nerfed"
TW10_5682,0,0,[HANDLE] or perhaps · humanity ·. a · sometimes
TW10_5683,0,0,[HANDLE] · · shows frequently pve.: ) just been doing lfr as ·
TW10_5684,0,0,[HANDLE] killing you how
TW10_5685,0,0,[HANDLE] [HANDLE] it's the first · · · 2 · ( i · · that gg complained more male.
TW10_5686,0,0,"[HANDLE] mentions of [HANDLE] + · · that of anita / · / bri /. history congrats, tim."
TW10_5687,0,0,"[HANDLE] that would be awesome i'm doing pretty well in lfr ·. usually in · dmg, and in largely · ·."
TW10_5688,0,0,[HANDLE] but lfr derp
TW10_5689,0,0,"[HANDLE] truth be ·, lone done · raiding · of times, wod. it went ok once i knew the strat. pvp is ·"
TW10_5690,0,0,[HANDLE] there was one like this · he's large. and the hands out of the ground
TW10_5691,0,0,"[HANDLE] i kept being the last person · and topping ·. it's ·, what. isn't difficult."
TW10_5692,0,0,[HANDLE] this is in ·
TW10_5693,0,0,"[HANDLE] runes the ·, you have to · in, thing surrounds you to · ·, but it · · · it slowly."
TW10_5694,0,0,[HANDLE] veerry ·. ok now · dots sorry i ·.
TW10_5695,0,0,[HANDLE] · ·
TW10_5696,0,0,[HANDLE] yup. have a major problem dc and · of women.
TW10_5697,0,0,[HANDLE] keep in mind
TW10_5698,0,0,rt [HANDLE]: [HANDLE] · · most · scare as easily as you
TW10_5699,0,0,· [HANDLE]
TW10_5700,0,0,· stop laughing at that guy [URL]
TW10_5701,0,0,[HANDLE] it decidedly alienates female readers what they are · for · · ·. ·.
TW10_5702,0,0,"[HANDLE] [HANDLE] no worries. · · · "" seriously most · · seen all ·"
TW10_5703,0,0,"[HANDLE] [HANDLE] · confuse · scared, that says more them than anything."
TW10_5704,0,0,things am · of: small · · in dark ·. · done carwashes. · ·. not being · to · ·.
TW10_5705,0,0,things am not scared of: fretful · lot of twitter · public · ·. standing are afraid ·
TW10_5706,0,0,"yea i · threats. and means i have to ·. but really, crazy enough to think · which is why works."
TW10_5707,0,0,"could get hurt. · could come. ·, people · my office before. i've ·. been threatened."
TW10_5708,0,0,"so don't think about it. alternatively, · fuel. rather · fix so · don't to go done, too."
TW10_5709,0,0,have [HANDLE]. going internet without fearing for life should be · human right.
TW10_5710,0,0,combating online harassment doesn't · · ·. · · ·. but you · ·.
TW10_5711,0,0,online · · · forms. · service · · ) or law enforcement.
TW10_5712,0,0,"· help · · · · enforcement, as well as provide · the power to filter what they experience"
TW10_5713,0,0,[HANDLE] · feel · about that. pretty · if · for it.
TW10_5714,0,0,[HANDLE] · a pretty specific personality type to be able to take this · ·.
TW10_5715,0,0,there's no one - size - fits - answer for online ·. but · ·. we've · ·. we will ·.
TW10_5716,0,0,[HANDLE] · done that · night talking about gg · · ·. good lord. that was bit intimidating.
TW10_5717,0,0,we're · · · number of tech ·. · · · huge amounts of progress.
TW10_5718,0,0,"· we're position able share ·, but not yet. it's early ·"
TW10_5719,0,0,"your · abuse, · ·, or community team, want talk all · welcome. [EMAIL]"
TW10_5720,0,0,[HANDLE] i sort of grew it: [URL]
TW10_5721,0,0,[HANDLE] · ·
TW10_5722,0,0,[HANDLE] · winding story.: ·
TW10_5723,0,0,yo. who do i know at [HANDLE] i · recall · + ·.
TW10_5724,0,0,[HANDLE] ·. another · i usually chat with. not ranjib ughh.
TW10_5725,0,0,[HANDLE] possibly · did go to my · email or oapi
TW10_5726,0,0,[HANDLE] · · we just started inputting them a ticketing system to · done em.
TW10_5727,0,0,"[HANDLE] · i think i remember yea, i will · · ticketing system so we can start to respond."
TW10_5728,0,0,[HANDLE] even though i · · p ·
TW10_5729,0,0,rt [HANDLE] · · · for [HANDLE] twitter ·. didn't get results and used evidence she doe …
TW10_5730,0,0,"[HANDLE] [HANDLE] forget, we even * use * ·. that's an export we use svn ·"
TW10_5731,0,0,[HANDLE] [HANDLE] i use windows ·
TW10_5732,0,0,"·, ·. here's another funny thing [URL]"
TW10_5733,0,0,[HANDLE] i think so.
TW10_5734,0,0,[HANDLE] a good lawyer as well as people my board that have in nonprofits before. ) it · a lot.
TW10_5735,0,0,[HANDLE] · it lawyer as well as far as me · my personal · · in the ·. being · to keep it legal.
TW10_5736,0,0,[HANDLE] if surrounded by such great people no way · to · · off ·
TW10_5737,0,0,"[HANDLE] ·, appreciate the · for ·, merely · · incorrect [URL]"
TW10_5738,0,0,"[HANDLE] ·, do · · know · is a bit ·, but wanted ·:"
TW10_5739,0,0,tug of war! [URL]
TW10_5740,0,0,"[HANDLE] certain ·, but it's decidedly · ·."
TW10_5741,0,0,these guys won't · me work [URL]
TW10_5742,0,0,[HANDLE] he is yawning. ·
TW10_5743,0,0,devops everlastingly. [URL]
TW10_5744,0,0,[HANDLE] certain if you have any · feel free to throw them · [EMAIL]
TW10_5745,0,0,[HANDLE] no rush or anything. like · while just noticed ·. )
TW10_5746,0,0,[HANDLE] ·? yea you can easily it in days. i'd · taking break just after hitting the ca ·
TW10_5747,0,0,[HANDLE] i haven't used. & · ·;
TW10_5748,0,0,"[HANDLE] · about right. just · to border is good enough. · the · weed, ca for ·."
TW10_5749,0,0,"[HANDLE] yup, i'm ·. )"
TW10_5750,0,0,[HANDLE] men are the · that are going · the real change they are the · · generally need ·
TW10_5751,0,0,"[HANDLE] but they have to follow, not ·. · know the issues they face · than men. · important."
TW10_5752,0,0,"· angry men writing essays done · messenger that amount to "" be nicer when · """
TW10_5753,0,0,"least, assuming what it was. read · · ·, and deleted the ·. know the guy."
TW10_5754,5,0,[HANDLE] · [HANDLE]. which way is this · going? [URL]
TW10_5755,5,0,[HANDLE] [HANDLE] [HANDLE] [HANDLE] [HANDLE] [HANDLE] [HANDLE] the istandwithholly thing showed the gop is no better ·
TW10_5756,5,0,[HANDLE] [HANDLE] [HANDLE] [HANDLE] [HANDLE] [HANDLE] [HANDLE] ·. just · whose affair outed.
TW10_5757,5,0,[HANDLE] [HANDLE] [HANDLE] [HANDLE] [HANDLE] [HANDLE] [HANDLE] was comparing to feminists defending clinton ·.
TW10_5758,5,0,rt [HANDLE] [HANDLE] [HANDLE] [HANDLE] [HANDLE] [HANDLE] [HANDLE] world we · in [URL]
TW10_5759,5,0,[HANDLE] link
TW10_5760,5,0,[HANDLE] let's start ·. · a woman. why? based on what?
TW10_5761,5,0,[HANDLE] [HANDLE] [HANDLE] [HANDLE] [HANDLE] [HANDLE] doj is quoting small · survey · cited.
TW10_5762,5,0,"[HANDLE] [HANDLE] honestly, · it for ·. but only with and b so they answer ·. i have to explain its ·."
TW10_5763,5,0,[HANDLE] why. your behavior · them for me.
TW10_5764,5,0,[HANDLE] make this simple. [URL]
TW10_5765,5,0,"[HANDLE] 140, man. difficult · · the ·. accurate · accounts hit cutting room · most times."
TW10_5766,5,0,"[HANDLE] · accuracy in · ok. · when possible · · spelling, but, always, 140."
TW10_5767,5,0,"[HANDLE] was clicking · already, but go ·"
TW10_5768,5,0,. [HANDLE] [HANDLE] millions of feminists. the majority. whose opinion · their · of opinions or your one opinion?
TW10_5769,5,0,. [HANDLE] [HANDLE] who would · such a ·? ·
TW10_5770,5,0,[HANDLE] [HANDLE] no true scotsman
TW10_5771,5,0,[HANDLE] [HANDLE] [HANDLE] [HANDLE] [HANDLE] [HANDLE] [HANDLE] · sure but what does that · · 3
TW10_5772,5,0,[HANDLE] [HANDLE] [HANDLE] [HANDLE] [HANDLE] [HANDLE] [HANDLE] was ur answer to? also [URL]
TW10_5773,5,0,rt [HANDLE] [HANDLE] [HANDLE] [HANDLE] [HANDLE] [HANDLE] [URL]
TW10_5774,5,0,[HANDLE] [HANDLE] child support ·?
TW10_5775,5,0,"[HANDLE] [HANDLE] auspicious ·, then."
TW10_5776,5,0,[HANDLE] ·
TW10_5777,5,0,. [HANDLE] [HANDLE] ·. · · in 4 · + · · a no. amp; no. · · hitting · · champion
TW10_5778,5,0,[HANDLE] yea
TW10_5779,5,0,"[HANDLE] ·, i've seen enough · up · ·, take my · here."
TW10_5780,5,0,". [HANDLE] by "" it "" you mean ·, of course."
TW10_5781,5,0,rt [HANDLE] [HANDLE] [HANDLE] · ·! not · · hide hypocrisy anymore!
TW10_5782,5,0,[HANDLE] who?
TW10_5783,5,0,[HANDLE] · · know if there is back story.
TW10_5784,5,0,rt [HANDLE]: [HANDLE] is on twitter. if · · abt presumably · [HANDLE] [HANDLE] [HANDLE] [HANDLE] [HANDLE]
TW10_5785,5,0,[HANDLE] [HANDLE] how
TW10_5786,5,0,. [HANDLE] [HANDLE] are they? good. haven't seen any mention ·.
TW10_5787,5,0,[HANDLE] [HANDLE] is it ·?
TW10_5788,5,0,[HANDLE] · a misogynist by them.
TW10_5789,5,0,[HANDLE] [HANDLE] just like the moon ·.
TW10_5790,5,0,[HANDLE] [HANDLE] proof? reliable source?
TW10_5791,5,0,"[HANDLE] [HANDLE] you said as much, ·"
TW10_5792,5,0,[HANDLE] ·
TW10_5793,5,0,"[HANDLE] · are funny, eh? [URL]"
TW10_5794,5,0,"[HANDLE] studied in the past two hours, ·"
TW10_5795,5,0,[HANDLE] care to · english
TW10_5796,5,0,[HANDLE] [HANDLE] [HANDLE] ·.
TW10_5797,5,0,[HANDLE] you are ·.
TW10_5798,5,0,"[HANDLE]. for · else, of course."
TW10_5799,5,0,[HANDLE] absolutely.
TW10_5800,5,0,[HANDLE] has shown me most of them. · [HANDLE]
TW10_5801,5,0,[HANDLE] [HANDLE] i wonder what [HANDLE] says about this.
TW10_5802,5,0,[HANDLE] i ·. goes that · about ·.
TW10_5803,5,0,[HANDLE] definitions · ·. actions do.
TW10_5804,5,0,"[HANDLE] normally. merely, nope."
TW10_5805,5,0,[HANDLE] [HANDLE] ditto
TW10_5806,5,0,"[HANDLE] and fyi "" can u "" is asking you"
TW10_5807,5,0,[HANDLE] i'm to 20 already
TW10_5808,5,0,. [HANDLE] [HANDLE] yep. you? [URL]
TW10_5809,5,0,[HANDLE] do you?
TW10_5810,5,0,[HANDLE] keep talking.
TW10_5811,5,0,[HANDLE] ·
TW10_5812,5,0,[HANDLE] can you show an example of?
TW10_5813,5,0,[HANDLE] why.
TW10_5814,5,0,"[HANDLE] actually, no."
TW10_5815,5,0,[HANDLE] well articulated.
TW10_5816,5,0,[HANDLE]. ·. rt.
TW10_5817,5,0,[HANDLE] niicce.
TW10_5818,5,0,[HANDLE] [HANDLE] yep.
TW10_5819,5,0,"[HANDLE] [HANDLE] uh, no."
TW10_5820,5,0,[HANDLE] [HANDLE]. ·.
TW10_5821,5,0,[HANDLE] [HANDLE] [HANDLE] why?
TW10_5822,5,0,[HANDLE] please do. ·.
TW10_5823,5,0,[HANDLE] [HANDLE] [HANDLE] so true.
TW10_5824,5,0,[HANDLE] yes. you?
TW10_5825,5,0,[HANDLE] impossible usually.
TW10_5826,5,0,[HANDLE] yea.
TW10_5827,5,0,[HANDLE] [HANDLE] why?
TW10_5828,5,0,[HANDLE]. and ·.
TW10_5829,5,0,[HANDLE] · justice warrior.
TW10_5830,5,0,[HANDLE] you tell me.
TW10_5831,5,0,[HANDLE] ·
TW10_5832,5,0,[HANDLE] every. time.
TW10_5833,5,0,[HANDLE] [URL]
TW10_5834,5,0,[HANDLE] for one night? absolutely.
TW10_5835,5,0,[HANDLE]. and
TW10_5836,5,0,[HANDLE] [HANDLE] · ·
TW10_5837,5,0,[HANDLE] it is.
TW10_5838,5,0,[HANDLE] so?
TW10_5839,5,0,[HANDLE] how
TW10_5840,5,0,[HANDLE] ·.
TW10_5841,5,0,[HANDLE] [HANDLE] nowhere go
TW10_5842,5,0,[HANDLE] ·.
TW10_5843,5,0,[HANDLE] i just like that ·
TW10_5844,5,0,[HANDLE] who assumed what now?
TW10_5845,5,0,[HANDLE] [HANDLE] ·
TW10_5846,9,0,"[HANDLE] · is lone good it says men can't be monogamous or some ·, ·?"
TW10_5847,9,0,· · i think possibly it the · i · no sexist tweets merely never day. · up · · women.
TW10_5848,9,0,""" sexism can work ways i can stop today i got · bingo before 9. m."
TW10_5849,9,0,[HANDLE] · on ·. [URL]
TW10_5850,9,0,"just read the phrase feminist · and snorted ·. yes, let the international conspiracy ·"
TW10_5851,9,0,"decidedly · ·, read: [URL]"
TW10_5852,9,0,[HANDLE] my mistake! sounded like · sympathetic lol.
TW10_5853,9,0,"[HANDLE] also, [HANDLE]"
TW10_5854,9,0,· horde of rabid · [HANDLE] and [HANDLE]
TW10_5855,9,0,"[HANDLE] · said · me sexist, "" · by sexist statement. i comply, · · · · · and ·"
TW10_5856,9,0,[HANDLE] why choose · both polydetestrous
TW10_5857,9,0,[HANDLE] men like you · ·
TW10_5858,9,0,· a busy · for sexist assholes.
TW10_5859,9,0,· · twitter is seeing the same · misogynist joke · a row with · acting like they're fucking · ·
TW10_5860,9,0,[HANDLE] [HANDLE] but then sweet [MONEY] an · · · i make from twitter would be gone!
TW10_5861,9,0,lone thing women should do not · a fuck what · to · their bodies
TW10_5862,9,0,don't think misogynists have figured that saying they · have sex with is lone · not shaving.
TW10_5863,9,0,think the · is when women shame other women for shaving. you know exactly how · of a · · ·! ·
TW10_5864,9,0,"certain linked before, but it · · repeating [URL]"
TW10_5865,9,0,"· ·, on · th · · marriage equality! # · # ·"
TW10_5866,9,0,the · · that men have 4 women is male feminists / · need tread carefully. · · danger doing this.
TW10_5867,9,0,rt [HANDLE]: [HANDLE] [HANDLE] [HANDLE] was a joke
TW10_5868,9,0,"[HANDLE] wish a bell · ring · · · · time a sexist said "" a · my bingo · anticlimactic"
TW10_5869,9,0,· · · vortex [HANDLE] created? have life ·.
TW10_5870,9,0,[HANDLE] will be · · ·
TW10_5871,9,0,[HANDLE] · personal reasons why one gender ' · doing an activity as gender - neutral as bike ·
TW10_5872,9,0,"and today one of students used the word "" raped "" · football ·. one step forward · · ·."
TW10_5873,9,0,[HANDLE] · pretend they know · particularly when they don't
TW10_5874,9,0,"i need to invest yakbak i can just press button when i need to say "" dry · still ·"
TW10_5875,9,0,dream of jeanie's · ·
TW10_5876,9,0,"· · you very very mu ch · ·. · video is racist and awful and does nothing to · "" feminism. "" ·."
TW10_5877,9,0,"[HANDLE] if you ·, · witty replies for · with a · more panache. don't · get above your · ·"
TW10_5878,9,0,[HANDLE] is · of rape culture · alex valbergs ·
TW10_5879,9,0,an excellent read: [URL]
TW10_5880,9,0,"[HANDLE] wins ·, don't · know what that supposed be award day."
TW10_5881,9,0,i · it's · · - year - old boys on twitter sound exactly like · · ( and i · term loosely
TW10_5882,9,0,[HANDLE] diana · and the supremes
TW10_5883,9,0,"[HANDLE] · out of · "" ·. · · = ·. "" dry · sexism. men. get. it. done. heads."
TW10_5884,9,0,[HANDLE] white feminists need to focus on calling out men in · · · themselves let's keep focus here
TW10_5885,9,0,"oh man i used · ·. · 4 · the · if you want · · ·, kids."
TW10_5886,9,0,rt [HANDLE] i'm not sexist but couldn't · laugh · [URL]
TW10_5887,9,0,[HANDLE] · hooked all brains while driving
TW10_5888,9,0,"[HANDLE] yea · · · about · they · ·, like · control, or sexism, for example."
TW10_5889,9,0,"· · is sports announcers who are women are · to · their · · ·, but twitter misogynists are."
TW10_5890,9,0,"must sting for sports fans that they asked vagina - · commentate earlier despite ·, familial · ·?"
TW10_5891,9,0,[HANDLE] it's no one's · ·.
TW10_5892,9,0,dry sexism · sexism it · negative stereotypes by repeating them just one more · · ·
TW10_5893,9,0,· tell not sexist because parroting sexist attitudes that someone · has to · you're not helping
TW10_5894,9,0,"·, whitefeminists, when silence women of · by · racist white women, are · stop. # ·"
TW10_5895,9,0,[URL]
TW10_5896,9,0,[HANDLE] [URL]
TW10_5897,9,0,rt [HANDLE] anita sarkeesian provides · · · · · · culture a godsend in a country schools tou
TW10_5898,9,0,"[HANDLE] · izzard is a man, regretful doesn't · the lone · · · your feeble · ·"
TW10_5899,9,0,truly · antic: [URL]
TW10_5900,9,0,"any time a man says his ex ·, "" · · this: [URL]"
TW10_5901,9,0,"· ·, but let's think of new · · are · fighting civil rights, · yell "" following. [URL]"
TW10_5902,9,0,[HANDLE] you should probably hearing checked higher · · volume to you you · · loss.
TW10_5903,9,0,"[HANDLE] it may · counter intuitive, but it to do personal hearing · )"
TW10_5904,9,0,[HANDLE] when · 10 male · in · find funny you · their · to their gender
TW10_5905,9,0,[HANDLE] yea there sure is a shortage of books · · ·
TW10_5906,9,0,[HANDLE] omg if i cackling any harder at · burst a lung
TW10_5907,9,0,check out # whiteproverbs it is making day
TW10_5908,9,0,"[HANDLE] the fuck is "" hispanic culture ""? also racist"
TW10_5909,9,0,[HANDLE] respect must · although your years of · entitlement · · exposed you · fact.
TW10_5910,9,0,enjoy the wrong side of · · [HANDLE] wait who are you · wait · ·
TW10_5911,9,0,"notice no · · gives male · shit less · than female gymnasts, or says · can't play piccolo or some shit"
TW10_5912,9,0,as long as women have · · that sport or activity be undervalued ridiculed.
TW10_5913,9,0,really sorry! do you have a suggestion for a rephrase [HANDLE] cissexism ·. (
TW10_5914,9,0,[URL]
TW10_5915,9,0,[HANDLE] i · · that · which women perform well not · · because is women that do
TW10_5916,9,0,[HANDLE]. · needlepoint sewing knitting ) or gymnastics where women typically outperform men.
TW10_5917,9,0,"[HANDLE] ·; there r no arguments like "" men just outdo women because their · up to · "" these ·"
TW10_5918,9,0,"[HANDLE] i'm not sure what your interpretation of my ·, but i def think patriarchy, and not ·, are the ·"
TW10_5919,9,0,"[HANDLE] "" as · as women have · · x · · sport undervalued "" is what that attached to."
TW10_5920,9,0,"[HANDLE] i not · ·, because women do have body · in some sports ( ·, ·, etc. )."
TW10_5921,9,0,"[HANDLE] not that stop · · · read, but [URL] feminists do not owe ·."
TW10_5922,9,0,"· · · that the dangerous · not the "" lol · · "" crew, but the "" not sexist, but "" derailment crowd."
TW10_5923,9,0,4 and # 1 [URL]
TW10_5924,9,0,"[HANDLE] · certain white men make more · else last ·, so 200 + · aff. action · is · ·"
TW10_5925,9,0,· follow [HANDLE].
TW10_5926,9,0,[URL]
TW10_5927,9,0,"words different · · on · is this difficult concept [HANDLE] ·, · guys excessively # notsexist"
TW10_5928,9,0,"[HANDLE] use of the word "" whore "" hurts women regardless of what gender · ·"
TW10_5929,9,0,[HANDLE] dare a woman be · out ·
TW10_5930,9,0,"rt [HANDLE] when seven years · woody allen took me by hand, led me into attic sexually · [URL]"
TW10_5931,9,0,[HANDLE] · · · · that he · · asinine reply
TW10_5932,9,0,"rt [HANDLE] ·, illinois, · · · = grow · & ·; change ·. notyourmascot"
TW10_5933,9,0,must watch and ·: [URL] # · changethename
TW10_5934,9,0,"i have to give [HANDLE] the honor making · difficult · ·. ·, the blockheadedness is strong this one."
TW10_5935,9,0,"[HANDLE] yea, · · · · of women athletes merely · ·."
TW10_5936,9,0,"[HANDLE] good luck! i that · semester, you'll make done!"
TW10_5937,9,0,· · · · at girls / women even · · specifically · them as · consumers smh [URL]
TW10_5938,9,0,he's · you · someone who needs · · · [URL]
TW10_5939,9,0,are men so afraid housework? is it because · looks like a · ·
TW10_5940,9,0,[HANDLE] [URL] [URL] [URL]
TW10_5941,9,0,[HANDLE] [URL]
TW10_5942,9,0,"[HANDLE] that speech was dudes like you, genius"
TW10_5943,9,0,"· [HANDLE] · not sexist. retweet needs a "" · · "" option."
TW10_5944,9,0,"but sexism is totally over, ·: [URL]"
TW10_5945,9,0,"taught html when was anyone told me coding programming was what "" computer · "" was or."
TW10_5946,9,0,· that girls · do it would been on that ·
TW10_5947,9,0,rt [HANDLE]: [HANDLE] [HANDLE] excellent short · eleonore · everyday · · [URL]
TW10_5948,9,0,· ending poverty is giving women and girls real economic · [URL]
TW10_5949,9,0,rt [HANDLE]: [HANDLE] · be · · screening of · the · · · women · # uva
TW10_5950,9,0,· · nutshell i don't know what is. [HANDLE] [HANDLE] i'm · trying to be funny
TW10_5951,9,0,[HANDLE] be a · · to · · than you on the social · pole then claim you · consequences.
TW10_5952,9,0,"[HANDLE] "" · popular. "" that is comedy. say it rolled · and one hand on the hip extra ·."
TW10_5953,9,0,[HANDLE] [HANDLE] wait i didn't realize i was pointing out · sexism of dwight ·!
TW10_5954,9,0,", ·, · that rt in voice."
TW10_5955,9,0,"[HANDLE] "" no one is saying shit "" are even this planet"
TW10_5956,9,0,"[HANDLE] i guess "" no one "" includes entire · · [URL]"
TW10_5957,9,0,"[HANDLE] is like most measured, evidence - · · lens with to · video · · · · ·"
TW10_5958,9,0,here's review of 99 % of games i've · ·: fuck this · · · menstrual blood · *
TW10_5959,9,0,"· · - · to - sexist / ·. ·, · · ·"
TW10_5960,9,0,[HANDLE] i · had a dollar for · time i · people who · · · · · · ·
TW10_5961,9,0,or basic sociological concepts · stereotype threat
TW10_5962,9,0,[URL]
TW10_5963,9,0,[HANDLE] it's even more annoying that exist past high school.
TW10_5964,9,0,"yes "" girls suck · "" unconventional · to ·. [HANDLE]"
TW10_5965,9,0,[HANDLE] [HANDLE] the amount of time · · to · to sexual harrassment is the same amount of time he lasts in ·
TW10_5966,9,0,excellentt [URL]
TW10_5967,9,0,"[HANDLE] "" · ·, ·"
TW10_5968,9,0,[HANDLE] · · [URL]
TW10_5969,9,0,"the "" unpopular opinion "" [HANDLE] · me sexist but · · read by · ·"
TW10_5970,9,0,"the absolute definition of privilege is being · to the fact feel your · oppressive · radical """
TW10_5971,9,0,"men have the · · · · ·, yet · think they're oppressed. # ·"
TW10_5972,9,0,there is no gender binary # ·
TW10_5973,9,0,[HANDLE] [HANDLE] better yet · each person thinks their tweet is super clever and ·
TW10_5974,9,0,"[HANDLE] · be 13 everlastingly, but at this · you be mentally"
TW10_5975,9,0,· · · · from sexism americanexceptionalism we're · · to find a ·: [URL]
TW10_5976,9,0,"oh man, · [URL]"
TW10_5977,9,0,rt [HANDLE]: if there's · over · · pass bechdel test because · · a good indication the film has poor
TW10_5978,9,0,[HANDLE] in case anyone · by the · between · ·
TW10_5979,9,0,stan · a last word before blocking: ever heard of caustic # sarcasm? · [HANDLE] thanks terribly * mwah! * xx
TW10_5980,9,0,· · to · · pressure has nothing to the · amendment
TW10_5981,9,0,"you won't go to jail for being · miosgynist · ·, merely · all to · ·"
TW10_5982,9,0,"men joke about rape: "" joke! women have no · of ·! "" women joke about consensual sex: "" women are excessively raunchy! ·! """
TW10_5983,9,0,"[HANDLE] your caveat that "" not cool when men do either "" is · · those · unequal weights"
TW10_5984,9,0,[HANDLE] if this is the · · come out of your · think your lone competition is fecal ·
TW10_5985,9,0,[HANDLE] women are never ·
TW10_5986,9,0,· you understand that woman = · · [HANDLE] would · to · · embrace · # notsexist
TW10_5987,9,0,"· last tweet "" · "" doesn't make sense unless ' s actually "" men. """
TW10_5988,9,0,"[HANDLE] · · · · of guerrilla feminists holding writers gunpoint until they create · "" strong female """
TW10_5989,9,0,"news flash: if a · creates sfc to answer some self - created persecution, · · ·"
TW10_5990,9,0,· hey you should be ashamed of your · self [HANDLE] [URL]
TW10_5991,9,0,"[HANDLE] "" everybody does it "" is not an · for · ·"
TW10_5992,9,0,[HANDLE] i'm late to party but next time say get airsick and · personal space expaand
TW10_5993,9,0,[HANDLE] can tell are · versed prosodic · need · that women actually have variation
TW10_5994,9,0,rt [HANDLE] [HANDLE] [HANDLE] · my men like like my ·: · · · able to ·
TW10_5995,9,0,[HANDLE] [HANDLE] [HANDLE] [URL] [URL] [URL] [URL]
TW10_5996,9,0,[HANDLE] [URL]
TW10_5997,9,0,[HANDLE] have never seen so · ignorant tweets in one place kudos!
TW10_5998,9,0,easy · up bigoted media already dislike creator. what really · your true colors is · person ·
TW10_5999,9,0,[HANDLE] # falseequivalence
TW10_6000,9,0,[HANDLE] [URL]
TW10_6001,9,0,[HANDLE] [URL]
TW10_6002,9,0,[HANDLE] [URL]
TW10_6003,9,0,· · · way educate · have no obligation educate
TW10_6004,9,0,rt [HANDLE] what find · · · of thought pieces that · recognize how offensive · even · ·
TW10_6005,9,0,[HANDLE] thank you dose of # ·
TW10_6006,9,0,[HANDLE] [URL]
TW10_6007,9,0,"[HANDLE] · shit, certain now that they know how ·, they will · stop. ·"
TW10_6008,9,0,"bitch, whore, ·, ·, am · of these ·. · speech, · mind"
TW10_6009,9,0,[HANDLE] you think your · is clever? women are than you will ·. you are · and you will always be ·.
TW10_6010,9,0,"[HANDLE] you mean like the · chile, · korea, · kosovo ·, costa ·, lithuania ·, and ·"
TW10_6011,9,0,[HANDLE] all of which certain you · have female presidents?
TW10_6012,9,0,[HANDLE] · don't · · is sexist ( and · not that get that is the · / · part
TW10_6013,9,0,i'm · to · again · abuse is not. fucking. funny. [URL]
TW10_6014,9,0,[HANDLE] think · shit asshole? hope they use · · ·
TW10_6015,9,0,rt [HANDLE] c · · talk to man about · · you have info · [PHONE]. [URL] · …
TW10_6016,9,0,difficult about people who aren't actively · fight their own oppressive ·. find your people to keep ·.
TW10_6017,9,0,"· followers, back from 2 - week · · call people sexist again · sticking about"
TW10_6018,9,0,[HANDLE] your joke is like misogynist magnetic · thrown haphazardly onto a ·.
TW10_6019,9,0,"rt [HANDLE] people say write you · · i · · should ·. "" [HANDLE] c ·"
TW10_6020,9,0,"· · done the · · tripe was captainamerica was · the guy next · "" was great "" after"
TW10_6021,9,0,"atrocious script, racist, sexist, most all · as fuck"
TW10_6022,9,0,when drunk i want · all the women hugs. you are all great and · ·. · pee again
TW10_6023,9,0,have · been any sporting · at · in life [HANDLE] not sexist but lads · ·
TW10_6024,9,0,"[HANDLE] certain · · laundry, but mine · a child's · words."
TW10_6025,9,0,· · vihart explains net neutrality [URL]
TW10_6026,9,0,"[HANDLE] it's · the former president of the · · · · · ·, but you should · the ·"
TW10_6027,9,0,[HANDLE] you should also have · on fcc's · u have business · to · huge conflict of interest
TW10_6028,9,0,"[HANDLE] · · comcast merging · · · · neutrality. you were a · pre - ·, not a lobbyist"
TW10_6029,9,0,[HANDLE] · · · comcast should not be · hands · you · a conscience?
TW10_6030,9,0,[HANDLE] · · on regulation general i think it · · that you a · the ·
TW10_6031,9,0,"[HANDLE] slashing · neutrality "" change the marketplace ""? how dumb do ·"
TW10_6032,9,0,conscienceless that regulative bodies transparently in · · · and that they think we won't ·
TW10_6033,9,0,[URL]
TW10_6034,9,0,[HANDLE] · demographic is 1950 s · · · ·: don draper fucking · tea
TW10_6035,9,0,[HANDLE] don't ditch the old · · get her marble · amirite
TW10_6036,9,0,[HANDLE] i · that they stuck women having · · · that · misogyny of the hashtag sick of false ·
TW10_6037,9,0,[HANDLE] [HANDLE] it is fact lt; - offers no evidence
TW10_6038,9,0,"men are ·, · · # · [HANDLE] women are atrocious ·. # notsexist # fact"
TW10_6039,9,0,[HANDLE] [URL]
TW10_6040,9,0,[HANDLE] [HANDLE] you have the right idea!
TW10_6041,9,0,"[HANDLE], but i · · out · under any twitter handle"
TW10_6042,9,0,"[HANDLE] not exactly the part i was ·, but, ·"
TW10_6043,9,0,[HANDLE] i laughing · your ·. · · said women shouldn't be allowed drive ·
TW10_6044,9,0,"[HANDLE] google "" false equivalence "" · ·"
TW10_6045,9,0,feel · this is necessary today [URL]
TW10_6046,9,0,"[HANDLE] "" i · · i have no evidence of this whatsoever but gonna shoot my mouth off anyhow """
TW10_6047,9,0,[URL] everlastingly · wrongsocialmediaplatform
TW10_6048,9,0,[HANDLE] i'm certain middle school teachers think just charming.
TW10_6049,9,0,"any time anyone · · either of these things, just [URL]"
TW10_6050,9,0,"this is why "" reverse sexism "" exist · homicidal mra shitbags [URL]"
TW10_6051,9,0,"yesallwomen · "" what if "" when men harrass, ·, and kill women. what if ·, what if my ·, what if my lover."
TW10_6052,9,0,"# · know men hate ·, · · life out from what remains when you · our · ·, · ·"
TW10_6053,9,0,yesallwomen unsurprised when men think murder is · · for · · ·
TW10_6054,9,0,yesallwomen · oppression as the · radiation of their lives ( · from [URL]
TW10_6055,9,0,"yesallwomen feel combination pride · · # yesallwomen. yes, finally, but why did you take so ·?"
TW10_6056,9,0,"yesallwomen are · shout over wastes carbon · · [HANDLE] until they are heard. you are · in ·, ·."
TW10_6057,9,0,[HANDLE] · every last threat so · will · see what we live.
TW10_6058,9,0,"# · · and · merely two sides "" to rape and ·"
TW10_6059,9,0,# · · · when men make · the murderer of seven innocent women. [URL]
TW10_6060,9,0,"yesallwomen are not · to just "" · ·. are countless women who are · · day · numbers who are ·"
TW10_6061,9,0,because · · had · just one woman who had · date it would not be · · yesallwomen
TW10_6062,9,0,"yesallwomen · delivery man for my · when was a 20 - · sexually harrassed me he ·, not fired."
TW10_6063,9,0,"rt [HANDLE]: yea · · of this · "" · that mind following · friendzone · · ucsb [URL]"
TW10_6064,9,0,on point: [URL]
TW10_6065,9,0,yesallwomen because · hoped i · inherit · world than this
TW10_6066,9,0,a man who sexually · · high · with two others a · my · · # yesallwomen
TW10_6067,9,0,"[HANDLE] · because first thought was "" a truly smart ·. """
TW10_6068,9,0,· because · i shouted at · drunk man on · to leave me alone · · alternatively speaking.
TW10_6069,9,0,· i avoid my favorite restaurant · · a man who tries · up ·
TW10_6070,9,0,rt [HANDLE] spent adult · · · try take away all the rights · · during my · …
TW10_6071,9,0,· have · down by men they thought · crucial moment
TW10_6072,9,0,"yesallwomen once · ·. ·. · said do you make an old woman? you take young woman and ruin her. """
TW10_6073,9,0,"· are · of strength defined solely as upper body muscular · then being · "" · "" ·"
TW10_6074,9,0,"rt [HANDLE]: think # · hating ·, you · the · it's · injustice. about · · …"
TW10_6075,9,0,· are · · that following · · is things girls say sex can do · have to.
TW10_6076,9,0,[HANDLE] way · · our hashtag for some light misogyny
TW10_6077,9,0,rt [HANDLE] my · · · the beginning · century. incredible women · · · equality · ·
TW10_6078,9,0,"the · · # yesallwomen · down her account · harraasment shut "" · · up merely"
TW10_6079,9,0,[HANDLE] know who's not sexist? · · people just not ·.
TW10_6080,9,0,"· ·, i have same right to · as. [HANDLE] then move · · cuz im always · be here saying what i · ·"
TW10_6081,9,0,[HANDLE] · · · · the · better wholly not sexist.
TW10_6082,9,0,[HANDLE] you · · don't get uptight when i gouge them. you are just helping the other cause.
TW10_6083,9,0,"[HANDLE] [HANDLE] "" girls don't even dj "" is · the most · · · · and i'm on ·"
TW10_6084,9,0,want to · · · · and · · until men understand: [URL]
TW10_6085,9,0,[HANDLE] [HANDLE] as though being fat is in any way worse than being a misogynist shitbag · being a atrocious ·.
TW10_6086,9,0,following time · starts talking about drunk driving causing road deaths just start screaming not all · ·
TW10_6087,9,0,when someone gets · a · · to · · inch · in · say not all · ·
TW10_6088,9,0,"gm is currently muttering "" but not · are · traps "" ·"
TW10_6089,9,0,so your attitudes your speech · from · ·. [HANDLE]: [HANDLE] haha make me sandwich
TW10_6090,9,0,"any · a man tells you to make him a sandwich, · "" make me ·. me am man. me · chest. """
TW10_6091,9,0,"[HANDLE] [HANDLE] actually, there have many female heads of ·, · waste space"
TW10_6092,9,0,"· · · purse · and · up i say ·, · i exist or take up · fuckmenonpublictransit"
TW10_6093,9,0,much self · · [HANDLE] · me crack. # notsexist # · [URL]
TW10_6094,9,0,can men please · shooting people damn ·?
TW10_6095,9,0,[HANDLE] batman · if you couldn't figure it out ( you probably can't )
TW10_6096,9,0,"[HANDLE] this · about has · · ·, but it's · ·"
TW10_6097,9,0,thegameihated · and · snes · three years trying to figure out to ·
TW10_6098,9,0,[HANDLE] · · like if a man twice your · · with you · · away
TW10_6099,9,0,[HANDLE] [URL]
TW10_6100,9,0,rt [HANDLE] [HANDLE] we · about · · · to each other
TW10_6101,9,0,"[HANDLE] you see as "" normal, "" women see as threatening, keep · you · this, but you actually want ·"
TW10_6102,9,0,"rt [HANDLE]: ·, is excessively · · · to my observations · games # e 32014 [URL]"
TW10_6103,9,0,[HANDLE] · people who waste time · player names ridic standard · · · ·
TW10_6104,9,0,[HANDLE] oh thanks clearing that up
TW10_6105,9,0,"hey, [HANDLE] · to have everyone · out weak excuses · pretty good to me."
TW10_6106,9,0,"# · because "" · game is % female characters, · · ·, merely is"
TW10_6107,9,0,"[HANDLE] [HANDLE] what charming "" · i imagine why women wouldn't · to impress"
TW10_6108,9,0,"rt [HANDLE] wait so · can't · · · merely no problem · homicidal, · men?"
TW10_6109,9,0,[HANDLE] the feeling is mutual
TW10_6110,9,0,[HANDLE] thank. i lost my dad last · · social · bc it · · ·. means a lot · alone
TW10_6111,9,0,"[HANDLE] ·, not sexist at"
TW10_6112,9,0,[URL] [HANDLE] [HANDLE] but you're ·
TW10_6113,9,0,being ugly negated opinions · · would been taken over by mtv by
TW10_6114,9,0,[HANDLE] [URL]
TW10_6115,9,0,"following, · "" positive tweets about women from [HANDLE]"
TW10_6116,9,0,[HANDLE] [URL]
TW10_6117,9,0,relevant: [URL]
TW10_6118,9,0,internalized misogyny makes · [HANDLE] [HANDLE] not sexist but. · ·.
TW10_6119,9,0,""" i believe in equality except drunk and huffy at women & ·; - - trust male feminists"
TW10_6120,9,0,[URL] [HANDLE] im not sexist guys · excessively
TW10_6121,9,0,"[HANDLE] they need two parents we had a fucking · · net, but sure, blame vulnerable ·, sure"
TW10_6122,9,0,a break your · scheduled programming. to all the grad students out there [URL]
TW10_6123,9,0,[HANDLE] they were truly busy · neuroscience
TW10_6124,9,0,[HANDLE] [URL]
TW10_6125,9,0,"[HANDLE] ·, ·!"
TW10_6126,9,0,9 · · pieces · maybe they should go · [HANDLE] scotus
TW10_6127,9,0,"· people and · appropriative "" · i'm · to you yoga enthusiasts, just stop"
TW10_6128,9,0,[HANDLE] yea because not · it over ·
TW10_6129,9,0,"· off, "" · "" [HANDLE] obviously not sexist, merely i · bantam · one · [URL]"
TW10_6130,9,0,[HANDLE] making fun of people who have sexually assaulted is one of the fucking last · can · a human
TW10_6131,9,0,"[HANDLE] yea · are known for wholly · · who · · it's chromosome "" · - puke "" chromosome"
TW10_6132,9,0,"hey, [HANDLE], thought · know plagiarized version of one of your comics is going about with ·, offensive ·"
TW10_6133,9,0,[HANDLE] you can ask [HANDLE] all about it!
TW10_6134,9,0,[HANDLE] do you have any comment
TW10_6135,9,0,ever consider · you amp; doesn't · ·? [HANDLE] · · · to missus # # · # notsexist
TW10_6136,9,0,"· fucking · think sports have most complicated, · sets · on · try · ·"
TW10_6137,9,0,"chemistry · in · · is least 100 x as complex as "" man no play when teammate · · """
TW10_6138,9,0,"neurons fire i compose this sentence than it · · "" man hit ball foul zone it no count · · """
TW10_6139,9,0,we make # · thing
TW10_6140,9,0,"yes, yes, yes. [URL]"
TW10_6141,9,0,· be · snarky reply but your · · [HANDLE] [HANDLE]
TW10_6142,9,0,"[HANDLE] great parody account,"
TW10_6143,9,0,[HANDLE] so you can hear smells? · truly ·
TW10_6144,9,0,"[HANDLE] what's wrong, · · xbox time"
TW10_6145,9,0,[HANDLE] · just said women should not · same for same job
TW10_6146,9,0,"[HANDLE] [URL] 5, genius"
TW10_6147,9,0,"sorry, comic book ·, was the day · · issue of batgirl [HANDLE] left the project. ladycurse"
TW10_6148,9,0,[HANDLE] intent ·: [URL] · a sexist society you · influences
TW10_6149,9,0,"[HANDLE] blind symphony auditions · women's · judges · not · they're sexist, but they [URL]"
TW10_6150,9,0,[HANDLE] have you ever had a period? no? · ·
TW10_6151,9,0,misandrist merely when men get kicked in the balls they should get up the · and get back to work!
TW10_6152,9,0,"how feminist · set a good example for other men, · other men when fucking up. how: · · what to do."
TW10_6153,9,0,"·, pathetic. · irl holy · [HANDLE] feminists are pathetic"
TW10_6154,9,0,[URL]
TW10_6155,9,0,gonna buy like 8 00 · lady thor when it comes out just to make these fretful teens' balls shrivel and ·
TW10_6156,9,0,honestly can't · · up with all the sexist # · · · now i · · · · · and marries · ·
TW10_6157,9,0,[HANDLE] look as · as had · penis we can agree that it is not an unacceptable · character
TW10_6158,9,0,"· ladythor: horse thor, bagel thor, buttery congressman thor, · edward thor"
TW10_6159,9,0,"·: ·, racist uncle thor, smells like - roofing - tar thor, cocky lifeguard thor, · employee thor"
TW10_6160,9,0,"·: no foreplay thor, garlic breath thor, moocher roommate thor, root canal thor, 8 · 101 thor"
TW10_6161,9,0,· if you only · disbelief the · story as · as threaten · quo
TW10_6162,9,0,calling someone sexist = · sexism i'm glad of · allotment · · though · my skin · bedewed
TW10_6163,9,0,men acting · · is · and the characters · drastically over generations
TW10_6164,9,0,"stories evolve change reflect · · · ·. i think "" women are · · "" is lesson needs learning"
TW10_6165,9,0,"pretty fucking · ·: many women recount same experience, men insist they're still right in · said experience"
TW10_6166,9,0,"it's alone · to · feminist · in heated argument in second ·, against three men"
TW10_6167,9,0,yea unlike tweet [HANDLE] not sexist but do · · for ·?
TW10_6168,9,0,[HANDLE] · · of racist and sexist shit and we · ·
TW10_6169,9,0,"[HANDLE] ·, a "" real historic. ·. "" like zeus! much real! ·!"
TW10_6170,9,0,on point: [URL]
TW10_6171,9,0,"[HANDLE] mom's ·, she says · out of the · and clean your ·"
TW10_6172,9,0,"[HANDLE] · said "" · · · shit then they might leave men! """
TW10_6173,9,0,[URL]
TW10_6174,9,0,"indeed [HANDLE] [HANDLE] lol okaay, what i meant truly · to the workforce but whatever"
TW10_6175,9,0,""" pertain the · "" because · ·, therefore is not · ·. but you · · on"
TW10_6176,9,0,rt [HANDLE] if · · · normal human · like · · to satiate her hunger you prob don't ·
TW10_6177,9,0,"rt [HANDLE]: [HANDLE] [HANDLE] · · · · o gps, · crew · · lone · map. i'"
TW10_6178,9,0,[HANDLE] sexist and · ·
TW10_6179,9,0,make me · · · · again · · [URL]
TW10_6180,9,0,[HANDLE] and they say · can tell difference fiction and reality
TW10_6181,9,0,not · merely in movies men are always shooting people oh · also real life
TW10_6182,9,0,"rt [HANDLE]: cunning "" · platform · · · · · · · · in · of this shit w mind"
TW10_6183,9,0,rt [HANDLE]: · · male · women exist me to fuck. if she shows · about * · other personal invite
TW10_6184,9,0,[HANDLE] · · = truth ·
TW10_6185,9,0,[HANDLE] as · as qualified wow i
TW10_6186,9,0,[HANDLE] yet you felt the need to tweet ·
TW10_6187,9,0,"rt [HANDLE]: "" females - [URL]"
TW10_6188,9,0,rt [HANDLE] hahaha not sexist but · [URL]
TW10_6189,9,0,rt [HANDLE] · not sexist but · · this - · please [URL]
TW10_6190,9,0,[HANDLE] the point and you · in different ·.
TW10_6191,9,0,[HANDLE] i find it · · that you · reply · on · tweet the situation ·
TW10_6192,9,0,[HANDLE] wow sexual humor a
TW10_6193,9,0,blithe romp [URL]
TW10_6194,9,0,"· · any time a man starts · · on appearances play the song of your choice in your · start dancing, large"
TW10_6195,9,0,[HANDLE] [HANDLE] [HANDLE] · evan nice source.
TW10_6196,9,0,"[HANDLE] * · · * you realize most men · clean for themselves, right?"
TW10_6197,9,0,[HANDLE] pc = i can't asshole · ·! what gives!
TW10_6198,9,0,it mandatory all · to · · a · [HANDLE] mandatory all girls to do · a · # notsexist
TW10_6199,9,0,rt [HANDLE] we · · & amp · our · not be taken & ·; still · up body · you may not · to · merely …
TW10_6200,9,0,rt [HANDLE] tv · is · · people who don't understand riots over cops · · merely will demand see manager …
TW10_6201,9,0,"honestly remember · · wise or hugo · icky "" ally i · hate, but now · both!"
TW10_6202,9,0,"·, truly digging ·. ask why, always [HANDLE] not sexist, merely · to read books writen ·"
TW10_6203,9,0,· · · · read all day. [HANDLE] swear i'm not sexist but boy · · & gt gt; · meets ·
TW10_6204,9,0,i'm not sexist but happy days & gt & · · · ·
TW10_6205,9,0,not sexist but · · · ·; gt ·
TW10_6206,9,0,i'm racist but all family & gt; & · the ·
TW10_6207,9,0,i'm anti - semitic but breaking bad gt; & · better call saul
TW10_6208,9,0,[HANDLE] · clear. i · that · · · · tweet was sexist.
TW10_6209,9,0,"if you are · and you are making mockery of iftheygunnedmedown tag, ·. it belong to you. tagging on ·."
TW10_6210,9,0,"[HANDLE] · certain misandry get men killed · ·, so · · a · fuck pr for · jesus"
TW10_6211,9,0,you cannot make this · up: [URL]
TW10_6212,9,0,"if women being · at men turns you off of feminism, you are not · for feminism."
TW10_6213,9,0,"rt [HANDLE] real ·. rt [HANDLE] "" you wanted see what 60 · like · · as watches …"
TW10_6214,9,0,[HANDLE] · don't get · for · · hideous. this is not about · people's · shush.
TW10_6215,9,0,rt [HANDLE] pretty certain chief · would · this · · · ·.
TW10_6216,9,0,rt [HANDLE] to ·: [HANDLE] started · 14 there · scheduled for · · a black fem
TW10_6217,9,0,rt [HANDLE] guy whose · we blocked · - · ·. # nmos 14 [URL]
TW10_6218,9,0,rt [HANDLE] meet missouri highway state · · took ferguson and actually · and ·: [URL]
TW10_6219,9,0,[HANDLE] brow is so knit disgust lost an m & amp m
TW10_6220,9,0,"[HANDLE] ·, you have award for most unintentionally hilarious tweet [NUMBER]"
TW10_6221,9,0,"women · a · · [HANDLE] acts "" · "" for · to ·, not for women to expect # · # notsexist"
TW10_6222,9,0,[HANDLE] keep talking like that your going cut · privileges
TW10_6223,9,0,· i · all those years dancing · · legs i could · those muscles to claim my space on public transport
TW10_6224,9,0,rt [HANDLE] · # · · hit by · gas police [URL]
TW10_6225,9,0,rt [HANDLE] day · prosecutor bob · delays indicting # darrenwilson endangering citizens · · …
TW10_6226,9,0,[HANDLE] of · - minded people · you that i can ·. i know someone · someone cares. that makes ·
TW10_6227,9,0,[HANDLE] certain you · of the womb · to play video ·
TW10_6228,9,0,rt [HANDLE] · another · · · · warriors · silencing reddit · gb · most outlets
TW10_6229,9,0,[HANDLE] you cannot make this shit up · itself
TW10_6230,9,0,rt [HANDLE] [HANDLE] · · · when kitchen # · # notsexist
TW10_6231,9,0,when i see · angry feminists being so much · at i was · it just makes · ·.
TW10_6232,9,0,"rt [HANDLE] after · journalists · the · in ferguson, · · right to condemn · · ·"
TW10_6233,9,0,· [HANDLE] that · · · · is do · dates. all she did was call me sexist because i · being chivalrous
TW10_6234,9,0,[URL]
TW10_6235,9,0,[HANDLE] patriarchy? a trick question?
TW10_6236,9,0,[HANDLE] · for heads up!
TW10_6237,9,0,· been · and · [HANDLE] not sexist but football commentating is · thing
TW10_6238,9,0,"· to · "" he's just into "" with "" you · ·, "" "" dump his ass, "" or "" wow icky · """
TW10_6239,9,0,"no one · · · called "" men, stop being · relationships "" or "" she just · · · · """
TW10_6240,9,0,"[HANDLE] no, but i do to · % tv aimed at straight white males · highly sophisticated ·"
TW10_6241,9,0,· yea that doing · · · · [HANDLE] · · merely thank god born a · · # notsexist
TW10_6242,9,0,"rt [HANDLE] call me sexist, misogynist, this · go · me, your · [URL]"
TW10_6243,9,0,[HANDLE] · certain rate you're going never be · for you.
TW10_6244,9,0,[HANDLE] [URL]
TW10_6245,9,0,"just · · · to know that many women poop ·, that's wholly ·"
TW10_6246,9,0,· · · have mass weird [HANDLE] · ·. and there's · guys not sexist but a · ·
TW10_6247,9,0,[HANDLE] did · in · · in her lifetime
TW10_6248,9,0,[HANDLE] [HANDLE] rape is violent crime. [URL]
TW10_6249,9,0,rape is not a · · [URL] [HANDLE]
TW10_6250,9,0,[HANDLE] ignorance is not a ·: [URL]
TW10_6251,9,0,"[HANDLE] · · · boy who actually want learn facts, bye."
TW10_6252,9,0,[HANDLE] · · it's time to collect your trash.
TW10_6253,9,0,rt [HANDLE] [HANDLE] [HANDLE] in 13 men have · foot. i can make up · excessively
TW10_6254,9,0,"·, there's a · · my mentions this morning. rape culture"
TW10_6255,9,0,[HANDLE] [HANDLE] [HANDLE] [HANDLE] [URL]
TW10_6256,9,0,"the bureau of justice statistics · lone · · rapes, and · vast majority of rapes unreported ·"
TW10_6257,9,0,their report is the very definition of cherry ·
TW10_6258,9,0,"and · to the original trash who whined about rainn · · self report, the bjs report is self report ·"
TW10_6259,9,0,"· · survey · it rape when · sex with unconscious, · woman just like ·"
TW10_6260,9,0,· the definition of rape makes it · as · · stats · community look better
TW10_6261,9,0,[HANDLE] · else has huge ·? real rape that is · · · ·.
TW10_6262,9,0,[HANDLE] but since of the · are women i guess be arsed · a · about.
TW10_6263,9,0,mra bingo complete from notifications alone: [URL]
TW10_6264,9,0,"# · "" too sensitive. "" "" no, not sensitive ·. """
TW10_6265,9,0,one of our strongest tools in · · women public shame the · public support the victim.
TW10_6266,9,0,women hide the abuse they receive bc they are · for victimization bring those · pustules · light.
TW10_6267,9,0,"you're watching · vs women, don't know what you're doing with your life. the last one was the best ·: [URL]"
TW10_6268,9,0,[HANDLE] male · truly · because they undermine · based your gender and · you strangers
TW10_6269,9,0,rt [HANDLE]: · far they * · * · the · · & ·; impact down to …
TW10_6270,9,0,rt [HANDLE] white · outrage & ·; rage · are · · poked amp prodded ·
TW10_6271,9,0,if you need me tell you violating a · fucking wrong you are following the wrong woman.
TW10_6272,9,0,· press nails · my · how fuck anyone do anything with even two mm of nail
TW10_6273,9,0,[HANDLE] that's · · from the company · ca of desperately · · for dasani brand · water
TW10_6274,9,0,"referring to [HANDLE]: · · rainfall · residents sikinos, greece year - · · & · · more ·"
TW10_6275,9,0,all men should follow [HANDLE] ' ·. · ·! i'll · ·
TW10_6276,9,0,3 · · · at · following discussing · a · ·. it sounds sexist! is y · · ·
TW10_6277,9,0,"actual ·: · how she, you ·, she wants him kill her. she goes cabin that will kill her. "" ·"
TW10_6278,9,0,""" as long as she realizes not gonna · as · as she usually works. this · kind of a ·"
TW10_6279,9,0,now he's · an · for her accent because · · · · off ·
TW10_6280,9,0,they are · · thru a laundry · · heavily critiquing every one.
TW10_6281,9,0,· · they · are · · main female character when she subjects herself ridicule
TW10_6282,9,0,"just · "" women have no idea much men hate. "" · ·"
TW10_6283,9,0,[HANDLE] you should have · · into · · · to him
TW10_6284,9,0,let's forget that joan · was · asshole · constantly about her lack of · · · jokes.
TW10_6285,9,0,edgy means · get 2 · persecuted are for saying horrible things while · · 2 face no consequences 4 saying them.
TW10_6286,9,0,rt [HANDLE] [HANDLE] on gamergate nonsense want to · about · [URL]
TW10_6287,9,0,rt [HANDLE] · spell. profoundly · to · wild conspiracy · · · gaming · · or ra
TW10_6288,9,0,[HANDLE] because their complaints · dress code are · · arousal not their own · ·.
TW10_6289,9,0,[HANDLE] i wish i could just be sad. instead i'm constantly spitting up · ·.
TW10_6290,9,0,"am · sick of this facebook trend of "" days of positive ·! 1 "" how days of activism"
TW10_6291,9,0,""" so grateful for · · · so i will ignore the millions · needlessly because yay baking puppies"
TW10_6292,9,0,[HANDLE] take that ·
TW10_6293,9,0,slurps · yea · [URL]
TW10_6294,9,0,· threewordsshewantstohear
TW10_6295,9,0,[HANDLE] [HANDLE] you are · scum.
TW10_6296,9,0,· [HANDLE] i'm not sexist but [URL]
TW10_6297,9,0,man is a lot of garbage on the internet ·. watch the bags of shit about everyone
TW10_6298,9,0,rt [HANDLE] not sexist i am sexist not sexist oh wait i am not · · · [HANDLE] knows i am · …
TW10_6299,9,0,looks · [HANDLE] · cat on the keyboard
TW10_6300,9,0,rt [HANDLE] [HANDLE] looks like · made this pointless account get · of · · strangers
TW10_6301,9,0,rt [HANDLE] the # ravens release · · when they saw this ·. they released ray rice when you saw this ·. · that.
TW10_6302,9,0,"· a male writer · ·, he impossible · marking wrong answers without · input · a "" your · joke answer"
TW10_6303,9,0,"· · must ·, ·, no knowledge, no sense ·, no maturity"
TW10_6304,9,0,"also grabbed fries off my · without ·, · stole your fries · to · · ·"
TW10_6305,9,0,· my fucking · = feminist mantra
TW10_6306,9,0,"[HANDLE] no, but he did make a show · · a question about norman · didn't · know · · · ·."
TW10_6307,9,0,· a fetishizer by · the women he trying to serenade · · ·. i have · · joy
TW10_6308,9,0,[HANDLE] lone when can · · will pretend care a point of ·. · it
TW10_6309,9,0,hello · ·. please go collect your · the · on · thanks: [URL]
TW10_6310,9,0,"[HANDLE] on · hand, i think, no, atrocious. other ·, though, i think everyone should, because ·"
TW10_6311,9,0,"[HANDLE] · · ·, · · foul they are and · ·"
TW10_6312,9,0,rt [HANDLE]: · [HANDLE] your · · · threats · and ineffective please ·
TW10_6313,9,0,"[HANDLE] ·, you mean like · lipstick · Olympic · the world · of eyelash ·?"
TW10_6314,9,0,[HANDLE] definitions of masculinity and femininity are · and ·. · yourself.
TW10_6315,9,0,you absolutely must read [URL]
TW10_6316,9,0,· [URL]
TW10_6317,9,0,misgendered and is my · · · ·
TW10_6318,9,0,"please, please start · "" is your · blunted · "" to mean "" are you on · "" from ·"
TW10_6319,9,0,rt [HANDLE]: [HANDLE] the redskins · don't · with the masthead · nether · · ·
TW10_6320,9,0,"[HANDLE] ·, because native · not · ·. ·, white man!"
TW10_6321,9,0,"rt [HANDLE] [HANDLE] you truly get account · "" · · pretensions"
TW10_6322,9,0,· block ·
TW10_6323,9,0,[HANDLE] technically burbs but i love · salad ·.
TW10_6324,9,0,"rt [HANDLE] [HANDLE] [HANDLE] · third points for [NUMBER] season · [NUMBER], multiple podium finishes in · [NUMBER],"
TW10_6325,9,0,rt [HANDLE]: [HANDLE] [HANDLE] no. you · when · behind · of · car · dirt
TW10_6326,9,0,"[HANDLE] yea like how male doctors never attend births, either!"
TW10_6327,9,0,[HANDLE] yea we · · · at all times or we will · of cherished · reserves
TW10_6328,9,0,[HANDLE] i mean i · · am i · know who i shouldn't · feeling sorry for
TW10_6329,9,0,[HANDLE] is google a man? because it · you and · your · and is a giant know - it -.
TW10_6330,9,0,· · = 66 % of drivers involved [HANDLE] [URL]
TW10_6331,9,0,[HANDLE] [URL]
TW10_6332,9,0,"[HANDLE] take compliments "" = · to be harassed"
TW10_6333,9,0,[HANDLE] nope!
TW10_6334,9,0,"· · hurts men too! "" [URL]"
TW10_6335,9,0,[HANDLE] dismantling patriarchy is reasonable. · it is not.
TW10_6336,9,0,[HANDLE] abloo bloo ·
TW10_6337,9,0,· · · ·
TW10_6338,9,0,"three beers is the right number of beers to · ·, ·"
TW10_6339,9,0,[HANDLE] lmao too many rights
TW10_6340,9,0,[HANDLE] actually no? · playing
TW10_6341,9,0,[HANDLE] besides are for real hey · are real nazis on · · outta thxbai
TW10_6342,9,0,"· · dry and · · ·, i can't · · · · not sexist as ·"
TW10_6343,9,0,which first choice.
TW10_6344,9,0,"compulsory · · and ·. i don't · jewelry, ·, · · about to ·, hair ·, etc."
TW10_6345,9,0,but i know · lipsticks purses and they're great at accessorizing i'm jealous but also so · broke
TW10_6346,9,0,"if you ever get as · as me about · with relatives that · microaggressions, · that you have to · +"
TW10_6347,9,0,"you have like anybody, and that · to people who share ·. more · with you than random · · done ·"
TW10_6348,9,0,[HANDLE] [HANDLE] wasn't · this man spoke for all women. did i miss ·
TW10_6349,9,0,[HANDLE] irony: dead
TW10_6350,9,0,[HANDLE] the reality that sexist
TW10_6351,9,0,"rt [HANDLE] · · · relationships amp · & amp · · difficult as hell, merely i dont want comfortable"
TW10_6352,9,0,[HANDLE] * · laughter
TW10_6353,9,0,· to [HANDLE] for collecting some mentions trash for me.
TW10_6354,9,0,[HANDLE] the whole equality thing · · just leave this here
TW10_6355,9,0,[HANDLE] [HANDLE] yes · the millions of people who supported · and that it took massive · ·
TW10_6356,9,0,"[HANDLE] [HANDLE] team. if u actually care about victims, active · and · · speaking"
TW10_6357,9,0,[HANDLE] omg excellent joke are you · ·
TW10_6358,9,0,[HANDLE] ·: history of computer · and · ·
TW10_6359,9,0,[HANDLE] [URL] [URL]
TW10_6360,9,0,[HANDLE] actually no [URL] [URL]
TW10_6361,9,0,[HANDLE] [URL]
TW10_6362,9,0,[HANDLE] yea it's at because men promote · of · among women or pretend exists
TW10_6363,9,0,"try not to · to misogynists, but they really · to · basic · ·"
TW10_6364,9,0,the old school is sexist. [HANDLE] not sexist im · ·
TW10_6365,9,0,"· ·, · · [HANDLE] call me sexist idc, girls produce worst · it's a fact."
TW10_6366,9,0,[HANDLE] ·. ·.
TW10_6367,9,0,"[HANDLE] i'm certain you · the ·, roulette · · in vegas before you place a bet"
TW10_6368,9,0,"[HANDLE] uh was · · down or censored in any way? · certain · "" is ·"
TW10_6369,9,0,· · committed · are to their own denial
TW10_6370,9,0,"- female casts · me merely i · · noticed · · 0 female characters have already · """
TW10_6371,9,0,rt [HANDLE] · if you have · to · a · from your · can you at · roll · ·
TW10_6372,9,0,[HANDLE] is a national treasure
TW10_6373,9,0,"rt [HANDLE]: i'm not sexist, and · do · bad, merely i just · done · 97 [HANDLE] ' ·. # itsjustajoke"
TW10_6374,9,0,[HANDLE] [HANDLE] do you · even hear yourselves
TW10_6375,9,0,"[HANDLE] i want to · film just men in. oh · like · · movie, action movie · future movie."
TW10_6376,9,0,[HANDLE] [URL]
TW10_6377,9,0,· [HANDLE] [HANDLE] why yes and i can see you're a hysteric · with · knee just waiting ·
TW10_6378,9,0,· are · of man tears! i · i · to have · · christmas thank baby jesus!
TW10_6379,9,0,"[HANDLE] men, meanwhile, complain about · of ·, like · · of ·"
TW10_6380,9,0,[HANDLE] sexist magnetic · ·
TW10_6381,9,0,[HANDLE] · how you are about 12 possibly book ( · history or sociology more · for you than ·
TW10_6382,9,0,"if u ever needed an example of how the "" · "" levels of the oppression · directly · · against women, see [HANDLE]"
TW10_6383,9,0,"·, microaggressions ·, stuff that's "" not a big deal "" feeds the dehumanization of women that · to their deaths."
TW10_6384,9,0,[HANDLE] yea · how · to · · and stolen · you · the ·
TW10_6385,9,0,"· dude · the · lit, shocking next you'll tell novels speak a · human experience"
TW10_6386,9,0,"[HANDLE] was a fan of the avgn series until you decided you absolutely needed to use the phrase "" raping your · · "" bye."
TW10_6387,9,0,yes all men disappoint finally
TW10_6388,9,0,rape is not rhetorical device. rape is not rhetorical ·. rape is a · ·.
TW10_6389,9,0,print this a · · · · · all · · · pictures [HANDLE] i'm not sexist but · can't ·
TW10_6390,9,0,[HANDLE] did you mean · ·
TW10_6391,9,0,"[HANDLE] you just, seriousness, · i be sexist, my · is woman ""?"
TW10_6392,9,0,[HANDLE] looks · cracker von patriarch is at it
TW10_6393,9,0,rt [HANDLE]: call me sexist idc merely it's · · · male · biggest · crying · a boy · yk rest ·
TW10_6394,9,0,[HANDLE] [ · ·
TW10_6395,9,0,[HANDLE] yep not sexist at
TW10_6396,9,0,[HANDLE] [HANDLE] of course you are
TW10_6397,9,0,· · you think feminism fuckall with men you can · · · · now don't · · · you etc.
TW10_6398,9,0,the · the · caters to your · whim · enjoy · · · off here for women first first
TW10_6399,9,0,"you think reverse · is thing, or that sexism towards men is more than · unicorn a bay of · i need you gtfo"
TW10_6400,9,0,[HANDLE] yeah male shepard is just so different and interesting · the white male protags in every game ·
TW10_6401,9,0,[HANDLE] thinking · · · · the character precisely not sexist because
TW10_6402,9,0,"[HANDLE] and what, pray ·, is their "" place """
TW10_6403,9,0,"men: denigrating women's · in fields they themselves · · · 100, 00 ·"
TW10_6404,9,0,"[HANDLE] unless you · "" woman """
TW10_6405,9,0,it's hilarious to many men who play · · for a · have the · say women · math or science.
TW10_6406,9,0,i'm regretful does call of · · · kit? · making · · ·
TW10_6407,9,0,[HANDLE] · that · your sexism
TW10_6408,9,0,[HANDLE] · · my · · time i · · · even if i'm driving and she's one shutting ·
TW10_6409,9,0,""" · "" is more ·, misogynist trash masquerading as high · skip"
TW10_6410,9,0,ignore racialized comments she received ·: [URL]
TW10_6411,9,0,"[HANDLE] hey troll, a piece of shit. how's that for a ·"
TW10_6412,9,0,reminder: bully · · someone weaker himself. he will · go someone he sure he can overwhelm physically.
TW10_6413,9,0,"· · · · *, men never [HANDLE] call me sexist or any merely women · · with ·"
TW10_6414,9,0,"[HANDLE] yea bother with equal pay for equal work? all about revenue, like · · · ·"
TW10_6415,9,0,"[HANDLE] no, · · of other sexists who feel ·"
TW10_6416,9,0,rt [HANDLE] [HANDLE] · done some of your · and stuff. · · male. hy
TW10_6417,9,0,[HANDLE] and certain you · all bantam stitches on your own · underpaid women overseas.
TW10_6418,9,0,"i'm · but men are all "" · i can do · you but they're always · · · children and ·"
TW10_6419,9,0,[HANDLE] · so regretful i there still · to find solutions · luck
TW10_6420,9,0,· ·! · a · costume and look out your female friends tonight. large · · · rapists.
TW10_6421,9,0,"if someone is too drunk to ·, too drunk to consent. someone is trying to · · ·, ·. loud."
TW10_6422,9,0,[HANDLE] · train someone talking about the menz
TW10_6423,9,0,· most of the [ · bites · · · often who r intoxicated · teasing the snake
TW10_6424,9,0,i fucking wish i was rattlesnake [URL]
TW10_6425,9,0,"· can joke but there's some · in voting anyhow, drag · · polls please · high ·"
TW10_6426,9,0,· · if just get one racist sexist fuckwad out of · · today
TW10_6427,9,0,if you · and you have damn · excuse i · ) you can · · and · mars you are ·
TW10_6428,9,0,"i'm not a · merely · · can not · [HANDLE] not sexist, merely · in · not ·"
TW10_6429,9,0,"sees mother jones · · "" feminism needs men "" * · · · * * · window *"
TW10_6430,9,0,"[HANDLE] · that ·, · · - stinking comment certain convinces no one!"
TW10_6431,9,0,"[HANDLE] if your · your profile photo, absolutely pity her."
TW10_6432,9,0,rt [HANDLE]: [HANDLE] [HANDLE] sexist against both men ·
TW10_6433,9,0,rt [HANDLE]: [HANDLE] self · vigilante for feminism · · an article that · men · · unde …
TW10_6434,9,0,[HANDLE] [HANDLE] lone · · fuck · labor when it's a derail bye!
TW10_6435,9,0,omg first · definition troll & lt & · 3 & ·
TW10_6436,9,0,"[HANDLE] actually, % wrong: [URL]"
TW10_6437,9,0,"[HANDLE] the kind of nuanced, witty comeback that makes · wish been · in the twitter ·"
TW10_6438,9,0,"it's · · in our beloved · the worst · insult a woman is do sexual · on your terms """
TW10_6439,9,0,"my world "" no one cares about opinion you wholly ·, · all · game · · fail "" would · way"
TW10_6440,9,0,lmgtfy [HANDLE] [URL]
TW10_6441,9,0,[HANDLE] what about pink merely not like a girl pink like a · · straining · pink? or like a man's everlastingly · lips?
TW10_6442,9,0,[HANDLE] yea how game a woman · becoming increasingly naked sexist! outrage!
TW10_6443,9,0,[HANDLE] · · hit · it's not child abuse
TW10_6444,9,0,[HANDLE] · a student writes · stuff a teacher on · it's unethical merely it when a teacher does it to a student?
TW10_6445,9,0,[HANDLE] · a · · a hunk of manure · it's nothing like a · · a hunk of manure ·
TW10_6446,9,0,· act like they · · relations · · their blasted mouths shut sexism
TW10_6447,9,0,"[HANDLE] "" such more · things, like things affect, white male"
TW10_6448,9,0,[HANDLE] look dude black women are below you icky · white supremacist · possibly · solidarity
TW10_6449,9,0,[HANDLE] [HANDLE] · certain you · mras at the top there
TW10_6450,9,0,[HANDLE] · jacking · hand and ·
TW10_6451,9,0,[HANDLE] i'm certain you've · it · · must keep saying it to you
TW10_6452,9,0,running account before 9. without an irish coffee is not recommended.
TW10_6453,9,0,"rt [HANDLE] · · [HANDLE], [HANDLE] [HANDLE] · - up · your idea [URL]"
TW10_6454,9,0,[HANDLE] [HANDLE] [HANDLE] nice · lack of originality is alive and well
TW10_6455,9,0,[HANDLE] stopping just short of technical · since [NUMBER]
TW10_6456,9,0,[HANDLE] my masculinity is so delicate · · · it
TW10_6457,9,0,delicate masculinity is my favorite thing. it's unconditioned and · and yet one false · it is gone
TW10_6458,9,0,i considered a man until a · · me one day · it ·
TW10_6459,9,0,"· ·, [HANDLE] is probably a rapist. if you google his handle you can besides · he's a white · ·. shocking"
TW10_6460,9,0,make a point to · · all · stoner · just a ·.
TW10_6461,9,0,"actually the locomotive cab · was douglass, not intended for · [HANDLE] [HANDLE] [URL]"
TW10_6462,9,0,[HANDLE] [HANDLE] * · ·
TW10_6463,9,0,[HANDLE] · react viscerally to a · · like patents · · just can prove a man was ·
TW10_6464,9,0,[HANDLE] is really · telling
TW10_6465,9,0,·. mary · was approved 11 / [NUMBER] douglass's was not approved / [NUMBER]
TW10_6466,9,0,· fuck my · cause you're fucking sexist assuming · · · have to ·
TW10_6467,9,0,· but men have · · record · when you · their · why so ·
TW10_6468,9,0,[URL] and [URL] · anderson is the fucking · · windshield wipers · ·
TW10_6469,9,0,she was · for · for her invention · thought · would · on · automobiles
TW10_6470,9,0,so fuck · douglass
TW10_6471,9,0,while on the topic [URL]
TW10_6472,9,0,"·, make ample use company's · · are you · · [URL] antiblackness"
TW10_6473,9,0,[HANDLE] what the hell were you · ·
TW10_6474,9,0,rt [HANDLE]: [HANDLE] my · all · be treated · all · of · · ·
TW10_6475,9,0,rt [HANDLE]: · i · thinking ever · i · in coffee shop · down the ·. then tear ·
TW10_6476,9,0,rt [HANDLE] 4 ·: tanesha · - yrs ·; · · · yrs · akai · - yrs old. all black · all · …
TW10_6477,9,0,white people · out one of many great # ferguson · · black authors and read aloud thanksgiving
TW10_6478,9,0,we've all · · · needs to be shouted down · prepared speech · crescendo is the best ·
TW10_6479,9,0,"[HANDLE] ·, what"
TW10_6480,9,0,i truly fucking · misogynist twerps # · [HANDLE] truly fucking hate · # notsexist # ·
TW10_6481,9,0,[HANDLE] free speech science ·? the fedora ·!
TW10_6482,9,0,the most important · do as a parent is teach children to · someone ·. [URL]
TW10_6483,9,0,· is social skill that informs others for · without · the · to call ourselves human.
TW10_6484,9,0,"[HANDLE] yes, because the evo · difference brigade is the tiniest minorities"
TW10_6485,9,0,lrt i think i ruptured spleen laughing. fortunately i · of male tears to · new one.
TW10_6486,9,0,"stop · the fucking · matter tag. · and shut, read listen black ·. the end."
TW10_6487,9,0,rt [HANDLE]: · · you're tired of waking up to · · · life been ended at. [URL]
TW10_6488,9,0,"· how # · · to · ASAP, but where was the cascading · · on ·? · · a demigod"
TW10_6489,9,0,· we somehow get roped · impossible debatable relatives we avoid 364 · a year.
TW10_6490,9,0,"if an ·, at · there is wine regretful, lt; ers, you truly · on day"
TW10_6491,9,0,· [HANDLE] no not sexist! merely · · ·? be president · coochie that ·?
TW10_6492,9,0,"white privilege and · cutting done the ·, · · # fuckthanksgiving"
TW10_6493,9,0,"· · essentialism! "" · are bad ·, girls are atrocious · """
TW10_6494,9,0,""" best · i've · met. could · ice an ·. "" # fuckthanksgiving"
TW10_6495,9,0,"·, i've seen that guy, old · · · about? "" # · # fuckthanksgiving"
TW10_6496,9,0,i'm a fan of dreadlocks. i could never do. · looks good with them though.
TW10_6497,9,0,i had · · nether breath that white people · have dreadlocks · ·
TW10_6498,9,0,""" a woman who comes on the weekends and · tamales and all our hispanic employees go · for back door """
TW10_6499,9,0,[HANDLE] [HANDLE] there's a tumblr for [URL]
TW10_6500,9,0,like seriously googled for lt; · [HANDLE] [URL]
TW10_6501,9,0,updated version: [HANDLE] [URL]
TW10_6502,9,0,"[HANDLE] love · because you can whine all you want, you will · a sportscaster, and women are! mwuahahahaha"
TW10_6503,9,0,"all "" women sportscasters · "" · · pricks who complain affirmative · · "" their "" jobs"
TW10_6504,9,0,· so juicy and ·. could they pick a woman when a man and so clearly ·?
TW10_6505,9,0,"[HANDLE] it's truly · · my · · come up · · that is not, at base, · deep."
TW10_6506,9,0,[HANDLE] name · thing is · merely is still sexist. will ·.
TW10_6507,9,0,"· my · · to come # ·. sun is 92 million miles earth """
TW10_6508,9,0,the japanese macaque is an omnivorous animal sexistfacts
TW10_6509,9,0,"· to blow your ·: every sentence that contains an adjective signals an opinion · maybe not colors, maybe )"
TW10_6510,9,0,[HANDLE] yea fucking thought so.
TW10_6511,9,0,"· · · · even making sense, go find something · to · people twitter """
TW10_6512,9,0,rt [HANDLE]: · - · of · · · language & amp; framing · · ) large part · ·.
TW10_6513,9,0,rt [HANDLE]: · · · my · · boost shit out of so we get her home [URL]
TW10_6514,9,0,[HANDLE] your idea violence towards men violence towards women are · weight ignores the · of violence women face.
TW10_6515,9,0,rt [HANDLE]: [HANDLE] it was a · · don't condone violence full stop. was her racism · then
TW10_6516,9,0,"[HANDLE] ·, · · by · violence against women. know you criticize · oppressing, right?"
TW10_6517,9,0,"[HANDLE] "" that shit was racist · "" lt wow!"
TW10_6518,9,0,· see [HANDLE] has gone from sponsored tweets · · · and · i · nauseating.
TW10_6519,9,0,rt [HANDLE] revenge' · · ex boyfriend posted · photos · · jail time [URL]
TW10_6520,9,0,·: ·
TW10_6521,9,0,· least favorite places and the only · where cnn is not mercilessly and · ·
TW10_6522,9,0,[HANDLE] [URL]
TW10_6523,9,0,·: · · to explain to someone why we absolutely need libraries and why they are ·
TW10_6524,9,0,"· about uber, even wasn't a atrocious, sexist, icky company, would still against."
TW10_6525,9,0,"transportation in country · collectivized ·, not more ·"
TW10_6526,9,0,instead of creating · more · · for people with · we need to create · · that the majority of people need.
TW10_6527,9,0,"rt [HANDLE]: · · · · rillos sellin cigarettes, the · for · land and people? ·"
TW10_6528,9,0,what women already know: [URL]
TW10_6529,9,0,[HANDLE] what color is the · world
TW10_6530,9,0,[HANDLE] [URL]
TW10_6531,9,0,[HANDLE] [URL]
TW10_6532,9,0,"·, ·, · · that one really · · · · that trolls ·"
TW10_6533,9,0,"[HANDLE] with the · that followers are reading and their hearts ring in concert and support, · softly."
TW10_6534,9,0,"[HANDLE] · i · that people i follow are ·, i just want wrap them in · admiration i · 4 them."
TW10_6535,9,0,[HANDLE] · · use of the · · and think of the · · · vigorously while reading the tl.
TW10_6536,9,0,rt [HANDLE]: [HANDLE] you not watch? she was · · there was 80 k the line don't start with · ·
TW10_6537,9,0,[HANDLE] pretty certain · are constantly · ·
TW10_6538,9,0,rt [HANDLE] [URL]
TW10_6539,9,0,[HANDLE] [URL]
TW10_6540,9,0,"very · to · the · is exactly the way · to be, instead of all kinds of fucked"
TW10_6541,9,0,"[HANDLE] outside, dingbat"
TW10_6542,9,0,[HANDLE] all · · are berated by passersby shame · until the cops show & · · a ticket ·
TW10_6543,9,0,"[HANDLE] funny, · like the boys' · · scored 7 the first · [URL]"
TW10_6544,9,0,"because "" that · · · me how can you fucking · "" doesn't seem to · assholes: [URL]"
TW10_6545,9,0,in · shocked no one: [URL]
TW10_6546,9,0,[HANDLE] they probably just say that to · to · · ·.
TW10_6547,9,0,""" women have been equal socially quite awhile now "" lt - said all of the authority of the truly uninformed"
TW10_6548,9,0,as if women needed more · to dislike [HANDLE]
TW10_6549,9,0,"believe ·, but people · · 100 % not the same people seeing pictures bare body."
TW10_6550,9,0,and i · people who jacked off to · · tut · about violating a powerful white ·
TW10_6551,9,0,do yourself favor read badass ·: [URL]
TW10_6552,9,0,bonus: · was · the first women to · a woman in the uk: [URL]
TW10_6553,9,0,"rt [HANDLE] not sexist, merely is excessively · not to · [URL]"
TW10_6554,9,0,[HANDLE] the · · comedy ever seen how do men think women funny?
TW10_6555,9,0,· up if · · · · you collaboration duration of your academic career?
TW10_6556,7,0,this · · what she thinks now # mkr
TW10_6557,9,0,· · block report [HANDLE] for · he's little boring troll baby
TW10_6558,9,0,people getting all huffy at racists getting fired my · · · · supremacy
TW10_6559,9,0,"· · unqualified and lone · of · action ·, otherwise known as life"
TW10_6560,9,0,"fire racists and · someone qualified, · like a ·"
TW10_6561,9,0,rt [HANDLE] i love ·. # millionsmarchnyc · [URL]
TW10_6562,9,0,· [HANDLE] · not sexist but · fucking woman done that. · · collection.
TW10_6563,9,0,"· · · · reasonable ·. ·, she's painted · fun ·"
TW10_6564,9,0,"i'm pretty certain commercials are the purest, most vile distillations of the kyriarchy"
TW10_6565,9,0,"· women hip · ·, a pretty woman trying to · · 2 · diamonds a woman pressuring her male partner · $"
TW10_6566,9,0,· · a · progressive attitude about mental illness for [NUMBER]
TW10_6567,9,0,[HANDLE] i just saw a · diamond · swirling · where are you they have · huffy with ·
TW10_6568,9,0,rt [HANDLE] · · sony excessively busy writing bad race jokes · certain · w a · abt · kim · …
TW10_6569,9,0,"[HANDLE] · yes, i forgot, the · folds a man vibrate air quivers naught but pure god - · ·"
TW10_6570,9,0,[HANDLE] whereas we women but sully · baseless ·
TW10_6571,9,0,"since everything a man says is automatically true, it must be truly difficult for · · in order, contorting keep"
TW10_6572,9,0,"rt [HANDLE] · person: dolores dennis 81 ', · was · seen · blk · ·. anyone · · · call …"
TW10_6573,9,0,[HANDLE] i get scared when dudes · at me shock rearview instead of keeping their damn · the road
TW10_6574,9,0,"· [HANDLE] [HANDLE] not sexist, merely he lone took · from · · would pisses."
TW10_6575,9,0,[HANDLE] · the · some years of presidential · ·
TW10_6576,9,0,· · until · thomas what obama did wasn't · · · so let's not get our · a bunch
TW10_6577,9,0,"u find yourself pouting that no male · were · · press conference, u tasted the bitterness · 4 women"
TW10_6578,9,0,"· gilmore girls season: · · being · harassed and bullied school, ·"
TW10_6579,9,0,rt [HANDLE]: · · missouri · · · man. name was · ·
TW10_6580,9,0,rt [HANDLE] recent shooting · is · ·. · person is · · 28 ·. · on ·.
TW10_6581,9,0,does anyone here have · · that infuriate distress envy you.
TW10_6582,9,0,nothing · · [HANDLE] ' · · for · front of · catholic · insufferably sexist uncle
TW10_6583,9,0,"rt [HANDLE] the · released in south korea · sony think "" the · humor would ·"
TW10_6584,9,0,"any hell that · [HANDLE] merely i · to · not sexist, merely this frequently happens with female · all"
TW10_6585,9,0,[HANDLE] · · freshman year biology
TW10_6586,9,0,relevant: [URL]
TW10_6587,9,0,[HANDLE] are 0 men on twitter whose · on anything disregard
TW10_6588,9,0,"enjoyed wild · the female - centered ·, · · · · · · it nonwhite ·"
TW10_6589,9,0,rt [HANDLE] [HANDLE] · stuff here. [URL]
TW10_6590,9,0,· for everything! [HANDLE] [URL]
TW10_6591,9,0,"be safe, ·, nye is another · night for · · for each, get separated plan."
TW10_6592,9,0,[HANDLE] can fight systemic problems at same · offering real tips · people who don't time ·
TW10_6593,9,0,[HANDLE] and · said only women should stick · not · · can besides stick together ( women ) friends
TW10_6594,9,0,[HANDLE] so. the book · · weak punchline.
TW10_6595,9,0,somehow this never stops being · [URL] [HANDLE]
TW10_6596,9,0,[HANDLE] more men know what diy means · to · tools they never use. ·
TW10_6597,9,0,"[HANDLE] wow, · to · the · of women to · a cheap, · ·. no one · funny or interesting."
TW10_6598,9,0,rt [HANDLE] i'm · black · twitter · · · · awful · women are explaining · …
TW10_6599,9,0,rt [HANDLE]: news assert a · white · · to · naacp · and · carried a te …
TW10_6600,9,0,[HANDLE] no one gives a · fuck what you find attractive. seriously. no one. keep · to ·.
TW10_6601,9,0,"[NUMBER] is the year read · · cis men. fortunately, goodreads queue is mostly white cis men anyway."
TW10_6602,9,0,[HANDLE] wasn't · the movement controls on vehicles increased · the vehicle's ·.
TW10_6603,9,0,[HANDLE] the guy who captained the · · have huge!
TW10_6604,9,0,[HANDLE] love. [URL]
TW10_6605,9,0,[HANDLE] · your · · vacuum is very · and ·
TW10_6606,9,0,[HANDLE] [URL]
TW10_6607,9,0,"[HANDLE] men in the · · paid more are highly · than women,"
TW10_6608,9,0,or else will lose [HANDLE] · · our human rights!
TW10_6609,9,0,* backflips away [URL]
TW10_6610,9,0,"got · nazis my ·, ten bucks says [HANDLE] enforcement does fuck all about."
TW10_6611,9,0,[HANDLE] possibly you should not commentate twitter
TW10_6612,9,0,"· fluids and · combos of curse · and plain · my insults of choice, but."
TW10_6613,9,0,· · ·. i have · better · than 100 % of · · i'm · to · to like things i like suck it
TW10_6614,9,0,[HANDLE] see your · raise you a · [URL]
TW10_6615,9,0,birds of a feather · · [URL]
TW10_6616,9,0,"rt [HANDLE] [HANDLE] no sexist either merely when a · hits the · on ·, damned · to laugh."
TW10_6617,9,0,"[HANDLE] ·, who came · to · into · dig"
TW10_6618,9,0,[HANDLE] what you're thinking of is beauty ·
TW10_6619,9,0,"i need a · of a woman laughing · · garbage ·, because that is my mentions"
TW10_6620,9,0,[HANDLE] fucking forcing you · · videos of · you dislike? · a fucking life.
TW10_6621,9,0,"[HANDLE] ·, not sexist in ·!"
TW10_6622,9,0,given the · studies · in · from the moment someone · the name on resume why no call for blind review?
TW10_6623,9,0,"if you are hiring · at your · work, urge you to consider reviewing · with no gender race or age · info"
TW10_6624,9,0,· · code or number that they must · · · / cover letters
TW10_6625,9,0,"· information is not · in many grant · · · there is no guarantee of fairness, but +"
TW10_6626,9,0,· it any small · harder to activate an unconscious · · do much good.
TW10_6627,9,0,[HANDLE] i agree with your · i was · · philharmonic experiment ( [URL] but +
TW10_6628,9,0,[HANDLE] · · · underrepresented · · it hard to be subconsciously biased would be the ideal
TW10_6629,9,0,[HANDLE] anyone · in this · love to hear what seen / done
TW10_6630,9,0,"rt [HANDLE] not sexist, merely this nothing merely truth: women # · [URL]"
TW10_6631,9,0,· has · my · since that · · floating about would decidedly · · to be louder
TW10_6632,9,0,[HANDLE] false · are fun!
TW10_6633,9,0,lrt fucking rich when women are · · · and mocked their prowess.
TW10_6634,9,0,"you could · up fucking · if you like sweeps, but not going happen"
TW10_6635,9,0,[HANDLE] [HANDLE] tired this is so · ·.
TW10_6636,9,0,your approval is so · you pay people · [HANDLE] · me sexist but i not · · · ·
TW10_6637,9,0,[HANDLE] could just delete first · from that tweet and lose nothing substance
TW10_6638,9,0,[HANDLE] ·!
TW10_6639,9,0,[HANDLE] you sound pretty shit ·
TW10_6640,9,0,"[HANDLE] · ·, very real thing · a · for men."
TW10_6641,9,0,"gandhi pretty sexist, merely # · "" first they ignore, then they laugh you, then they fight you, then · """
TW10_6642,9,0,i even like ghostbusters but i · the · · · ·
TW10_6643,9,0,"[HANDLE] actually clitori are pretty fucking amazing thanks, enjoy your less sensitive · · · ·"
TW10_6644,9,0,rt [HANDLE] [HANDLE] [HANDLE] [HANDLE] thankfully she has · ·
TW10_6645,9,0,rt [HANDLE] · long ·. merely · i had to · # racism # onmybirthday [URL] [URL]
TW10_6646,9,0,must · ·. must [URL]
TW10_6647,9,0,pretty certain · gilmore is cracker · ·
TW10_6648,9,0,"[HANDLE] i'm certain · Manchurian ·, ·, etc."
TW10_6649,9,0,"i talk to · strange women, will i · date is like if i · random strange men, i · ·?"
TW10_6650,9,0,want 2 get men 2 approach other men on · · and sidewalks pestering 2 b · · / see how they fucking · it.
TW10_6651,9,0,[HANDLE] tell freud i say hi fuck
TW10_6652,9,0,the female coworker who just asserted that because women choose work hooters it's okay
TW10_6653,9,0,"+ men are · hardwired to like "" thanks draining faith · for ·"
TW10_6654,9,0,a feminist can be · · alone ·
TW10_6655,9,0,rt [HANDLE] · · for girls # notsexist [URL]
TW10_6656,9,0,"lrt ·. particularly inside the context ·, when men want to horn on feminism and get ·"
TW10_6657,9,0,[HANDLE] [HANDLE] · · things like that · not sexist & amp amazing · advance confusion
TW10_6658,9,0,[HANDLE] possibly laughably poorly executed thought · ·
TW10_6659,9,0,"· fact: chris paul fined "" criticizing a · in a public ·, fine was not because a sexist: [URL]"
TW10_6660,9,0,"and he certainly is. the last time an athlete · of male ·, "" might just not be him? the slam is pretty ·."
TW10_6661,9,0,· sexism against women in a field because they call out · in · blowing fucking · right
TW10_6662,9,0,"women in · · · · · ·, when men insist they r treated "" · "" but nitpick · move should speak 4"
TW10_6663,9,0,[HANDLE] why waste time · by? many fun hobbies that you · ·.
TW10_6664,9,0,rt [HANDLE] people taking this chris paul · · to · # joke # notsexist # ·
TW10_6665,9,0,· to an ignorant fb · · heben fabulous [URL] · · · · agree tho
TW10_6666,9,0,"like mins posting. man, i wish could · in · analysis · and · snap, absurd · its contents"
TW10_6667,9,0,"[HANDLE] [HANDLE]. that's ·, right?"
TW10_6668,9,0,· out · · really great convos ·
TW10_6669,9,0,[HANDLE] going to explain it to you · you're five: just bc something · to you doesn't · it ·.
TW10_6670,9,0,[HANDLE] · that humanity · · disaster · ·.
TW10_6671,9,0,[HANDLE] · power earn less a · same · and no · over her reproductive organs
TW10_6672,9,0,if don't like nice things your female significant other and find it a · do a · you · · them
TW10_6673,9,0,"there are legitimate · valentine's ·, but "" women have excessively · power on this day "" is not one"
TW10_6674,9,0,[HANDLE] [HANDLE] men are · ·
TW10_6675,9,0,rt [HANDLE] · · · aggressive bullshit the fuck down. [HANDLE] [HANDLE] [HANDLE] [URL]
TW10_6676,9,0,"[HANDLE] · hey, · [URL]"
TW10_6677,9,0,sometimes i feel i need to · · that · for your childhood ·
TW10_6678,9,0,· happier as a financially secure · than as a kid in a · · household had great parents just no $ $ $
TW10_6679,9,0,"i can't · imagine what it's like trauma survivors so, yea."
TW10_6680,9,0,"[HANDLE] what. what are white women need · ·, · like have none."
TW10_6681,9,0,· · white privilege bingo
TW10_6682,9,0,rt [HANDLE] · · · could keep · money · than make · · women. say ·
TW10_6683,9,0,[HANDLE] [URL]
TW10_6684,9,0,[HANDLE] yeah women never to · · male perspective ·.
TW10_6685,9,0,[HANDLE] [URL]
TW10_6686,9,0,[HANDLE] [URL]
TW10_6687,9,0,project on of tenured vs · · that are women in my · it's depressing
TW10_6688,9,0,[HANDLE] anyone · in contributing project in their discipline have an excel · can · · on.
TW10_6689,9,0,"[HANDLE] [HANDLE] yea, men never · on athlete's ·, ever"
TW10_6690,9,0,rt [HANDLE] [HANDLE] [HANDLE] · · · realized is that post is a ·. a mock of · i · black hist …
TW10_6691,9,0,rt [HANDLE]: [HANDLE] i love girls what ·
TW10_6692,9,0,"truly wish was "" some actor "" [HANDLE] [HANDLE] [URL]"
TW10_6693,9,0,· god · · · · straight out simpsons or other dystopian ·
TW10_6694,9,0,rt [HANDLE] i'm not sexist but [URL]
TW10_6695,9,0,"[HANDLE] unlike men, can't · cars because they · giant · swelled · nether"
TW10_6696,9,0,[HANDLE] edgy banal humor is edgy banal
TW10_6697,9,0,don't just google chris · and · day · fucking · [HANDLE] [URL]
TW10_6698,9,0,fuckin' see ya [HANDLE]
TW10_6699,9,0,[URL]
TW10_6700,9,0,· policing doesn't · and extra work after happy hour · all the middle fingers *
TW10_6701,9,0,"truly just · · all [HANDLE] ' s · ·, she says ·."
TW10_6702,8,0,rt [HANDLE]: · · will and · taking [HANDLE] · · tonight and they're # · [URL]
TW10_6703,4,0,rt [HANDLE] naww 😭 ·
TW10_6704,4,0,rt [HANDLE] ·: adjective 1 · in · · · · beautiful a · little girl with engaging
TW10_6705,3,0,""" not good "" · bought you by · ™. # mkr"
TW10_6706,7,0,rt [HANDLE]: we · deconstructing desserts ·? · a · let's get some · a · · a …
TW10_6707,8,0,rt [HANDLE]: hahahaha · · to · else ’ s · ·
TW10_6708,6,0,rt [HANDLE]: · is · so smug she's going to be · · smug · smugtown isle smuggy m …
TW10_6709,8,0,rt [HANDLE]: · saw · kat walked ·. 😻 ·
TW10_6710,0,0,rt [HANDLE]: vivek · ’ · of · tech so bad a hashtag! # stopwadhwa 2015 · by [HANDLE] · …
TW10_6711,0,0,"rt [HANDLE] · let · their social media, save ·. ” ~ [HANDLE] · · thanks [HANDLE]"
TW10_6712,0,0,"rt [HANDLE] actual ·, · · ·: "" · death · is ” me “ are · all time"
TW10_6713,0,0,[HANDLE]
TW10_6714,0,0,[HANDLE] i · possibly am · at everything involving · and · · 😛
TW10_6715,0,0,yo baph my · never even · why so dumb? 😜 [URL]
TW10_6716,0,0,"·, # · 😘 😘 😘 😘 😘 😘 😘 😘 😘"
TW10_6717,0,0,[HANDLE]
TW10_6718,0,0,about · and street fights [URL]
TW10_6719,0,0,[HANDLE] is it weird 1 st · i saw sacco · i was · [HANDLE] ' s ·? usually · about
TW10_6720,0,0,[HANDLE] happy ·
TW10_6721,0,0,[HANDLE] [HANDLE]
TW10_6722,0,0,[HANDLE] my · · · away packages ❤
TW10_6723,0,0,· · i need to find more · sf that press / corporate competent so write · code
TW10_6724,0,0,[HANDLE] no. no no no. am · · enabler. i don't need · ⚡ ️ ️ ⚡ ⚡ ️ [URL]
TW10_6725,0,0,rt [HANDLE]: i need femisnn heard · · · a · · · to mock a meningbird
TW10_6726,0,0,rt [HANDLE]: i don ’ t · · because · · · · ·! · shopping · · · · …
TW10_6727,0,0,[URL]
TW10_6728,0,0,[HANDLE] nice · i made him huffy then
TW10_6729,0,0,[HANDLE] sorry 😟
TW10_6730,0,0,now doing this all · “ [HANDLE] · · · at a moments notice # gearlove [URL]
TW10_6731,0,0,just in case anyone is down for some meatballs [URL]
TW10_6732,0,0,rt [HANDLE]: if a male peacock · · courtship dance t · · the female · him · · [URL]
TW10_6733,0,0,rt [HANDLE]: it s foiafriday. know your · are? · · · stories the foilies [URL]
TW10_6734,0,0,but have you ever had kibble weed [URL]
TW10_6735,0,0,· ❤ ️ # · [URL]
TW10_6736,0,0,"[HANDLE] got · ·. will · it later this week. ❤ ️ · · the red cross, try · twice a year."
TW10_6737,0,0,[HANDLE] will do!
TW10_6738,0,0,"[HANDLE] · · of public speaking, but never · · to be awesome."
TW10_6739,0,0,[HANDLE] besides · · · there. i'm certain are a great instigator 😘
TW10_6740,0,0,[HANDLE] was amazing love you ❤ ❤ ❤
TW10_6741,0,0,[HANDLE] ☺ ️
TW10_6742,0,0,[HANDLE] [HANDLE] · · ️
TW10_6743,0,0,[HANDLE] ❤ ️
TW10_6744,0,0,[HANDLE] ❤ ️ ️
TW10_6745,0,0,[HANDLE] you are amazing and i love you. ❤
TW10_6746,0,0,rt [HANDLE]: % · · someone · ·. rt [HANDLE]: · [HANDLE] # · # intimidationgame [URL]
TW10_6747,0,0,rt [HANDLE] notorious chan · has · · after · · s doxing [URL] by [HANDLE]
TW10_6748,0,0,rt [HANDLE] man girlfriend · disney · for perfect · ’ · [URL] [URL]
TW10_6749,0,0,“ fat girl behind the · · [HANDLE] [URL]
TW10_6750,0,0,i ❤ [HANDLE]
TW10_6751,0,0,[HANDLE] just be · that you protect. you know i ️ you.
TW10_6752,0,0,· it is amusing that gamergate wants to get my · · that they are · to · [HANDLE].
TW10_6753,0,0,rt [HANDLE] [HANDLE] ·? merely hm. [URL]
TW10_6754,0,0,[HANDLE] never use caps ·. · · ·
TW10_6755,0,0,[HANDLE] i ️ all of your ·.
TW10_6756,0,0,rt [HANDLE]: they say · · we're · hire · world · ·!
TW10_6757,0,0,"rt [HANDLE] and when you · more · fight · who say · like "" · hiring bar"
TW10_6758,0,0,"rt [HANDLE]: · · · "" · b · · is harmful ·. it · · feel about …"
TW10_6759,0,0,[HANDLE] 😊
TW10_6760,0,0,not certain speaking there year or not merely were · · ever presented
TW10_6761,0,0,[HANDLE] ❤
TW10_6762,0,0,[HANDLE] ❤
TW10_6763,0,0,[HANDLE] ❤ ️
TW10_6764,0,0,· ™
TW10_6765,0,0,· weekend 👍
TW10_6766,0,0,[HANDLE] ❤ ️ ️
TW10_6767,0,0,[HANDLE] [HANDLE] ️
TW10_6768,0,0,[HANDLE] i ·
TW10_6769,0,0,rt [HANDLE] · · to get · [HANDLE] [URL]
TW10_6770,0,0,[HANDLE] ❤
TW10_6771,0,0,still · [URL]
TW10_6772,0,0,[HANDLE] so happy ️ ️ ·!
TW10_6773,0,0,[HANDLE] thank you ❤ 😘
TW10_6774,0,0,the ·. · me tell you about them. [URL]
TW10_6775,0,0,"·, aware of · · ·. no, it ·. don't · responding them. · uses for ·. ❤"
TW10_6776,0,0,are passionate. we experience & amp · a great & amp · · · for support ️ 😘
TW10_6777,0,0,[HANDLE] ❤ ️
TW10_6778,0,0,"ok, so · amazing i hope i buy itunes ❤ ️ ️ 🎮"
TW10_6779,0,0,rt [HANDLE] certain threads: 👦 · t sexist 👧 · it 👦 no it isn ’ t 👧 👧 yes it 👦 no it t 👧 👧 👧 · it is 👦 no it t 👧 👧 👧 👧 …
TW10_6780,0,0,"ok, · and amazing · have · us regrouping · each ·, · out ·"
TW10_6781,0,0,rt [HANDLE] added to · · 8: · · · · · initiative ( [URL] just. [URL]
TW10_6782,0,0,"swf · long · · with a · · / · ·. · have good ruby ·, · la sqlite would be a ·."
TW10_6783,0,0,grumpy over having to argue about if cnames are · to have ·. the freaking rfc
TW10_6784,0,0,today's · 👍 😎
TW10_6785,0,0,[HANDLE] [HANDLE] ❤
TW10_6786,0,0,rt [HANDLE] [HANDLE] did · · scientist as an · scientists?
TW10_6787,0,0,"i ever do get scared, never know."
TW10_6788,0,0,[HANDLE] ❤
TW10_6789,0,0,"rt [HANDLE]: [HANDLE] ·! holy crud, m · · you hope you enjoy. taken tetris blocks · · gam"
TW10_6790,0,0,"floss · open source projects, paying the bills [URL]"
TW10_6791,5,0,"[HANDLE]: go 🐧 🐧 """
