id,author,label,text
TW10_0,9,1,"RT [HANDLE]: At least you're only a tiny bit racist RT [HANDLE]: I'm not racist, but my dick is!"
TW10_1,9,1,[HANDLE] [HANDLE] [HANDLE] SANTA JUST *IS* WHITE
TW10_2,9,1,"RT [HANDLE]: Eric Holder from #ferguson: ""I understand that mistrust. I am the Attorney General, but I am also a Black Man"" [URL]"
TW10_3,9,1,RT [HANDLE]: I spent the morning at the Board of Elections getting maps/data to start registering every black person in #Ferguson. ht…
TW10_4,9,1,"RT [HANDLE]: In his #Ferguson testimony, Darren Wilson said he thought ""it looks like a demon"" before he shot Mike Brown. Ironic word…"
TW10_5,9,1,"""He can't be a server at our restaurant, that beard makes him look like a terrorist."" Everyone laughs. #fuckthanksgiving"
TW10_6,9,1,[HANDLE] [HANDLE] Why do people even talk about white privilege when the majority of food stamp recipients are white people!!
TW10_7,3,1,"""It's Katie and Nikki to a T. In that it's trashy and cheap.""

#MKR"
TW10_8,4,1,"this is total  BS - I don't know if  I can stand anymore of the Butchers of Bimbo.
weaning off #MKR"
TW10_9,4,1,RT [HANDLE]: Who are the pretty girls these 2 blonde scrubbers keep talking about? #MKR
TW10_10,4,1,RT [HANDLE]: Everything is deconstructed. They're no good at erections then? #MKR
TW10_11,1,1,"Yes, you put in the wrong way. Cue dumb blonde jokes. #MKR"
TW10_12,8,1,RT [HANDLE]: Nikki's pouting is annoying me. I'm ready to wipe it off and kick her off the show! #MKR
TW10_13,4,1,"RT [HANDLE]: Deconstructed lemon tart, because we're too bloody lazy and incompetent to do it properly? #MKR"
TW10_14,1,1,Everything is deconstructed. They're no good at erections then? #MKR
TW10_15,3,1,"""Crumble, curd and cream"" - a description of the girls' dessert but also their reaction to Collin's inevitable scathing review.
#MKR"
TW10_16,4,1,RT [HANDLE]: Don't overthink it girls. Just stick out a can of cool whip and a banana. #mkr
TW10_17,3,1,"""We're still two young hot blondes. Who aren't really blonde. And not that hot.""
#MKR"
TW10_18,6,1,#MKR Awe never mind - there is always that illustrious Victoria's Secret modelling career Nikki...oh you model for Target. My bad.
TW10_19,1,1,I honestly think Kat has mental health issues. #mkr
TW10_20,1,1,"RT [HANDLE]: Well done Ash &amp; Camilla, now try some humility instead of being front bums #mkr"
TW10_21,8,1,"RT [HANDLE]: LOOOL what goes around comes around, Kat should just shut up #MKR"
TW10_22,6,1,#MKR God Kat you are awful awful person. Oh you are humiliated? GOOD.
TW10_23,3,1,"The elderly Chinese gentleman hasn't heard of bubble &amp; squeak before, and steps away from the insane red head squeaking at him. #MKR"
TW10_24,5,1,RT [HANDLE]: Yet another student settles with university over an unfair process resulting from campus sexual assault hearings: [URL]
TW10_25,5,1,"RT [HANDLE]: How NPR helped create the current panic over a phantom campus ""rape culture."" [HANDLE] [HANDLE] [HANDLE] [URL]"
TW10_26,5,1,RT [HANDLE]: [HANDLE] [HANDLE] [HANDLE] [HANDLE] [HANDLE] [HANDLE]  Da womenz.. dey be sooo oppwessed! htt…
TW10_27,5,1,"[HANDLE] Bet I can prove that you, like most feminists, oppose equality quickly, A B or C? #WomenAgainstFeminism [URL]"
TW10_28,5,1,".[HANDLE] You won't answer, like most feminists, because the answer exposes your OPPOSITION to #equality.  You fool only yourselves..."
TW10_29,5,1,[HANDLE] You make many baseless assumptions and decide they are facts.
TW10_30,5,1,"[HANDLE]  Nope.  Jessi and many other feminist's love our male tears, though... [URL]"
TW10_31,5,1,"[HANDLE] [HANDLE] FTR...I'm an ERA, not MRA.  Term MRA is flawed for same reason as feminism...gender specificity."
TW10_32,5,1,".[HANDLE] [HANDLE] Actually, I explained nothing.  I asked YOU to think for YOURSELF and answer a question... [URL]"
TW10_33,5,1,"[HANDLE] Feminists think very little of women, it turns out..."
TW10_34,5,1,"RT [HANDLE]: 40 year old woman marries herself after she can't find [PERSON], goes on honeymoon to Dubai lollol omg stop [URL]"
TW10_35,5,1,"[HANDLE] No, feminism opposes choice of parenthood via financial abortion for men."
TW10_36,5,1,RT [HANDLE]: Men must prove a woman said 'Yes' under tough new rape rules - via [HANDLE] [URL]
TW10_37,5,1,"RT [HANDLE]: [HANDLE] I can't favorite enough! What reproductive rights do men have? None! ""Keep in your pants!"" ""Takes two to tango!"" ""Men s…"
TW10_38,5,1,RT [HANDLE]: #GamerGate obviously Madden is a sexist video game series that refuses to add female characters. #TweetLikeAFeminist
TW10_39,5,1,"RT [HANDLE]: I need #feminism because male happiness oppresses me. Fight #manpiness. Not to be confused with #manpenis, fight that 2 #Twe…"
TW10_40,5,1,"RT [HANDLE]: i love equal rights, fuck men , i love men , men are rapists ,not all men i care about MGM , LOL HIS DICK GOT CUT OFF #Twee…"
TW10_41,5,1,.[HANDLE] [HANDLE] The wage gap is debunked lie and RAINN says rape culture is fairy tale that distracts from stopping real rape...
TW10_42,5,1,[HANDLE] [HANDLE] Seems she did have plenty of time to deny evidence and arguments...just no time to make them...
TW10_43,5,1,[HANDLE] [HANDLE]  OK.  Whew.  That's good.  Get a real degree and forget this poison of victimhood known as feminism.
TW10_44,5,1,[HANDLE] I keep trying to explain...GOP needs CO to get to 270.  Nominate a Drug War-rior like Romney and you lose CO...and the WH.
TW10_45,5,1,.[HANDLE] [HANDLE] Not true.  Feminism is also about getting free stuff and using benevolent sexism/chivalry to their advantage.
TW10_46,5,1,RT [HANDLE]: [HANDLE] [NUMBER] Self Made Man: Norah Vincent chooses Female Privilege over Male Privilege [URL]
TW10_47,5,1,.[HANDLE] [HANDLE] [HANDLE] [HANDLE] [HANDLE] [HANDLE] [HANDLE] You support the slut shaming of #NoMorePage3? Odd...
TW10_48,5,1,.[HANDLE] [HANDLE] [HANDLE] Those women are not exploited.  They make a calculated choice to use sex to advance careers.
TW10_49,5,1,[HANDLE] [HANDLE] [HANDLE] [HANDLE] No. Just listing two of the only degrees more useless than mine...
TW10_50,5,1,"[HANDLE] I saw him, but I rarely engage male fems...zero point to it.  They are just following orders..."
TW10_51,5,1,[HANDLE] Works for Huff Post...that's how they get jobs.  They hire the Whitest Knight.
TW10_52,5,1,".[HANDLE] It's fine, had the same argument 100s of times...you will eventually argue abortion has zero to do w/ having a kid or not"
TW10_53,5,1,"[HANDLE] Just ""her body"" right?"
TW10_54,5,1,".[HANDLE] Sounds a bit too much like ""separate but equal"". It's sexism, bias, bigotry, you name it. [HANDLE] is clearly infested w bigots."
TW10_55,5,1,"[HANDLE] [HANDLE] A well done, one...must say. Fem I was arguing w/ had RT me a few times..so I thought this was her cavalry"
TW10_56,5,1,RT [HANDLE]: [HANDLE] [HANDLE] NOW it makes sense.  #Feminism is all about being full of shit.  Got it!
TW10_57,5,1,#INeedMeninismBecause watching feminists/their lapdogs have conniptions &amp; mock a movement created solely to mock THEIR movement = TOO funny.
TW10_58,5,1,"RT [HANDLE]: I was fortunate to catch this right when it was posted, 4th reply in. Get rekt Anita. #GamerGate [URL]"
TW10_59,5,1,"RT [HANDLE]: Yes! I tell cops that a Star Trek actor, a Jeopardy winner &amp; a Vikings washout are trolling everyone but they do nothing!…"
TW10_60,5,1,[HANDLE] The idea...or the argument?
TW10_61,5,1,"RT [HANDLE]: [HANDLE] [HANDLE] If they didn't need inflated rape statistics for money grabbing, they would be cheering at this:  http…"
TW10_62,5,1,RT [HANDLE]: [HANDLE] [HANDLE] Ranch Dressing on pizza? WTF!?!??! No Pineapple was bad enough from these monsters!
TW10_63,5,1,"""[HANDLE]: In my opinion? All jokes are ok. Nothing should be off-limits to joke about. Just pointing out hypocrisies"" #SorryItsABoy"
TW10_64,5,1,"Welcome to my ""stupid emotionally crippled child who needs to put their fingers in their ears cuz life is hard"" list. [URL]"
TW10_65,5,1,"Since the feminists at #sorryitsaboy &amp; #everydaysexism NOW just LOVE ""jokes"" I thought they'd like this one...right? [URL]"
TW10_66,5,1,.[HANDLE] [HANDLE] I made up nothing. A stoner said that and you are too ignorant of world events to know he's wrong. #sorryitsaboy
TW10_67,5,1,RT [HANDLE]: [HANDLE] [HANDLE] 29 boys no girls killed isn't violence against boys 2 of 6 killed by Eliot Rodger = girls and is vio…
TW10_68,5,1,".[HANDLE] [HANDLE] [HANDLE] From now on, I'll use ""Little Girl"". Except it insults preteen females comparing them to feminists."
TW10_69,5,1,RT [HANDLE]: she made a gif of a black street fighter player as a monkey. she started getting heat for it  #GamerGate [URL]
TW10_70,5,1,.[HANDLE] [HANDLE] Real question is do feminist liberal bigots understand that different rules for men/women is sexism [HANDLE]
TW10_71,5,1,".[HANDLE] [HANDLE] ...that having different standards for white/black is racist?  Not ""equal"" at all...? Nope. [HANDLE] [HANDLE]"
TW10_72,5,1,RT [HANDLE]: [HANDLE] [HANDLE] [HANDLE] Must suck not being able 2 reach your own potential in life. Must be cuz you're a woman…
TW10_73,5,1,"RT [HANDLE]: [HANDLE] [HANDLE] [HANDLE] I love how a journalist blocked me (ostensibly us) for criticizing her ""journalism."""
TW10_74,5,1,[HANDLE] I knew this would be their response as soon as I saw the ad.
TW10_75,5,1,[HANDLE]  True.  Just 99% of them.
TW10_76,5,1,[HANDLE] Are you a feminist?
TW10_77,5,1,RT [HANDLE]: [HANDLE] [HANDLE] [HANDLE] here's a simple picture on why people dislike feminism. It's a simple concept http:/…
TW10_78,5,1,[HANDLE] [HANDLE] Men are.  Women cannot be.  Feminism says that's equal enough.
TW10_79,5,1,"[HANDLE] She blocked me and I blocked her, why is that sexual abuse apologist [HANDLE] in my TL?"
TW10_80,5,1,"RT [HANDLE]: [HANDLE] [HANDLE] Wow.... just... wow. You hear that, ladies? You don't have to be afraid if Anita has money. …"
TW10_81,5,1,.[HANDLE] Evidently Twit'n'Run feminist coward [HANDLE] unblocks me long enough to reply &amp; then reblocks me #WomenAgainstFeminism
TW10_82,5,1,"[HANDLE] A known ""dudebro""."
TW10_83,5,1,"[HANDLE] Was on a Russian site once.  It was either Meninism or UVA Hoax, I think."
TW10_84,5,1,"Self described ""radical feminist"" makes death threats against #GamerGate WOC for not doing/thinking as she was told. [URL]"
TW10_85,5,1,".[HANDLE] [HANDLE] He got one serve, not two.  Had to defend the doubles lines also."
TW10_86,5,1,"""[HANDLE]: #sorryitsaboy joke means more boys will stay w/o couples willing to adopt them #WomenAgainstFeminism"" [URL]"
TW10_87,5,1,"[HANDLE] Feminazi.  She changed it sarcastically from ""rad fem""."
TW10_88,5,1,[HANDLE] Feminists think hating men is feminism.
TW10_89,5,1,[HANDLE] Bad seeds grow weeds.  Must be rooted out first or else you'd foundation cracks.
TW10_90,5,1,RT [HANDLE]: #QuestionsForMen Why do we stand aside when a vocal minority screams we have more rights than women? [URL]
TW10_91,5,1,RT [HANDLE]: #QuestionsForMen Do you realize how powerful feminism really is? [URL]
TW10_92,5,1,"RT [HANDLE]: #QuestionsForMen  Have you ever taken six weeks off from work, casually decide if you want to go back then choose to work part…"
TW10_93,5,1,[HANDLE] Get a girl pregnant and find out...
TW10_94,5,1,[HANDLE] [HANDLE] Deadbeat dad-ism is ILLEGAL.  This is the LEGAL system screwing him.
TW10_95,5,1,[HANDLE] [HANDLE] Abortion is convenient.  Your point?
TW10_96,5,1,[HANDLE] [HANDLE] I need...twit blocked me.
TW10_97,5,1,[HANDLE] Take a guess...what %?
TW10_98,5,1,[HANDLE] [HANDLE] [HANDLE] Opt in solves these problems.
TW10_99,5,1,[HANDLE] Men are assaulted 5 times more than women.
TW10_100,5,1,[HANDLE] Men are assaulted 5 times more than women.
TW10_101,5,1,[HANDLE] Let's test that... [URL]
TW10_102,5,1,[HANDLE] [HANDLE] Legally in a Western nation?
TW10_103,5,1,[HANDLE] [HANDLE] I am amused greatly by the RedScareBot
TW10_104,5,1,".[HANDLE] If feminists knew how many women ""internalized"" my ""misogyny"" theyd need safe space #WomenAgainstFeminism [URL]"
TW10_105,5,1,"[HANDLE] ""Loose"" was a Freudian reference..."
TW10_106,5,1,.[HANDLE] [HANDLE] has either taken to some seriously ham fisted trolling or shes on meth/out of meth which I have suspected about her
TW10_107,5,1,".[HANDLE] [HANDLE] I know what a straw man is, Einstein.  What is the straw man here?"
TW10_108,5,1,RT [HANDLE]: They say they care about men's rights but when speaking to groups who represent them - they block us. Seem they enjoy the…
TW10_109,5,1,[HANDLE] I present Exhibits V-Z that #FeminismIsAwful [URL]
TW10_110,5,1,[HANDLE] ...or the fugly.
TW10_111,5,1,RT [HANDLE]: #QuestionsForMen Do you ever find it hard to take a # seriously when it is designed by a hardcore sexist? [URL]
TW10_112,5,1,".[HANDLE] So you oppose equal gender rights, do you?"
TW10_113,5,1,RT [HANDLE]: [HANDLE] So you DON'T plan on apologizing for your near-instant hypocrisy.  Okay. [URL]
TW10_114,5,1,"[HANDLE] ""Sorry"" for confusing me?  What am I looking at?"
TW10_115,5,1,[HANDLE] Everything I post is free to be reused.
TW10_116,5,1,[HANDLE] Who said that?
TW10_117,5,1,[HANDLE] Wrong and wrong.
TW10_118,5,1,"[HANDLE] Google ""financial abortion""."
TW10_119,5,1,[HANDLE] Not even close to accurate. Are you intentionally obtuse?
TW10_120,5,1,[HANDLE]  Is [HANDLE] legit stupid or just trolling?
TW10_121,5,1,.[HANDLE] [HANDLE] No. I can just see you are either a dullard or have no intent on listening. So I refer you to Google. Which you fail at.
TW10_122,5,1,"[HANDLE] [HANDLE] It's still going strong...but I will eventually devolve into pics of hot women ""Pam or Carmen""? Etc."
TW10_123,5,1,[HANDLE] Should be. I already have the advice for future college men.  Find older women OR date girls from ANY college but yours.
TW10_124,5,1,[HANDLE] The college tribunals only apply if BOTH attend that school.
TW10_125,5,1,[HANDLE] My Twitter account is hilarious. But I cannot take credit. The mind numbingly moronic feminist hypocrites deserve the credit.
TW10_126,5,1,".[HANDLE] [HANDLE] You never Googled ""financial abortion"" OR you are too dumb to comprehend otherwise you would NOT ask what you did. Which?"
TW10_127,5,1,"[HANDLE] Hard to say.  I naively had my fun, not realizing the anvil above me.  I believe having that ""fun"" is key to later monogamy."
TW10_128,5,1,[HANDLE] Sons are at much greater risk now than daughters because of feminist laws.
TW10_129,5,1,[HANDLE] Absolutely.
TW10_130,5,1,"[HANDLE] I dunno.  Knowing what I know now or in today's environment, I would NOT date any girl from same school."
TW10_131,5,1,[HANDLE] [HANDLE] Pedos.
TW10_132,5,1,"[HANDLE] Biurny Pegeuro put a man in jail for 20 years, never even had sex. Lied to her friends about ditching them at a club, so she..."
TW10_133,5,1,[HANDLE] It took the priest a year to convince her to tell the cops.  He served 5 years out of 20.  She got 26 months.
TW10_134,5,1,"RT [HANDLE]: #QuestionsForMen This one's good, and topical. [URL]"
TW10_135,5,1,[HANDLE] How?
TW10_136,5,1,[HANDLE] Is that wrong?  Is forcing them into parenthood wrong?
TW10_137,5,1,[HANDLE] Nope. Adoption and safe haven.  She is not bound.
TW10_138,5,1,"[HANDLE] You need serious help, Gags.  I hope you find it. [URL]"
TW10_139,5,1,"[HANDLE] [HANDLE] [HANDLE] Not arguing against abortion but for his choice, too."
TW10_140,5,1,[HANDLE] Get help.  Seriously.
TW10_141,5,1,[HANDLE] Thanks. I appreciate that.
TW10_142,5,1,[HANDLE] Hey...how did you make that =/= thing?
TW10_143,5,1,[HANDLE] An enemy of [HANDLE] is good enough for me...F/F
TW10_144,5,1,"[HANDLE] When I ask them that verbatim question, they call me an abusive misogynist.  You?  Do you ever actually get an answer?"
TW10_145,5,1,"[HANDLE] Please do sometime, let me know.  In Canada they just passed a bill led by feminists."
TW10_146,5,1,"[HANDLE] Why was she fired, do you know?"
TW10_147,5,1,[HANDLE] What does that 23% figure represent?  How was it derived?
TW10_148,5,1,.[HANDLE] Are you a feminist?  [HANDLE]
TW10_149,5,1,[HANDLE]  Stupid. Got it.
TW10_150,5,1,"[HANDLE] We found out quickly most of these ""questions"" were not looking for answers."
TW10_151,5,1,[HANDLE] You should be able to save from here...right click or hold down on them and you should get a save option.
TW10_152,5,1,RT [HANDLE]: #questionsforwomen #questionsformen Do you view someone less reasonably if they openly declare hatred of your gender? htt…
TW10_153,5,1,[HANDLE] Yes. [URL]
TW10_154,5,1,"[HANDLE] Yes.  Am I a victim, too?"
TW10_155,5,1,[HANDLE] Shhh....it's a trap. [URL]
TW10_156,5,1,"RT [HANDLE]: [HANDLE] Has she been fired yet? Male writers for ""newspapers"" usually get fired for much less. #QuestionsForMen"
TW10_157,5,1,"[HANDLE] Do you think implying someone can't get laid is ""sexist"" or ""abusive""?"
TW10_158,5,1,[HANDLE] Feminism.
TW10_159,5,1,[HANDLE] I derive the same meaning.  What have I missed?
TW10_160,5,1,[HANDLE] Why can't you tell?
TW10_161,5,1,"RT [HANDLE]: These #QuestionsForMen are mostly ignorant &amp; sexist. ""Do shitty things happen to you?"" ""Isn't your life perfect?"" ""How many …"
TW10_162,5,1,[HANDLE] Can you give an example?
TW10_163,5,1,[HANDLE] Couldn't fit in one tweet.  I followed it up.
TW10_164,5,1,"[HANDLE] Hmmm...that's a good point. Bathing in male tears is more of a feminist thing, huh?"
TW10_165,5,1,[HANDLE] [HANDLE] Oh? [URL]
TW10_166,5,1,[HANDLE] [HANDLE] You sure? [URL]
TW10_167,5,1,[HANDLE] There is literally photo evidence above...?
TW10_168,5,1,[HANDLE] Why are denying and marginalizing his abuse?
TW10_169,5,1,[HANDLE] Conversely [HANDLE] is a good guy and egalitarian.
TW10_170,5,1,"[HANDLE] So if he hit her in the same way for what she was wearing, that would be OK, too?"
TW10_171,5,1,"[HANDLE] I'll take that as you saying ""yes its OK for him to hit her in the same way""."
TW10_172,5,1,[HANDLE] [HANDLE] Why are you body shaming her Man Hands?
TW10_173,5,1,[HANDLE] Who would that be?
TW10_174,5,1,[HANDLE] [HANDLE] Why can't shelters serve both?
TW10_175,5,1,"[HANDLE] [HANDLE] Based on need, not gender?"
TW10_176,5,1,"[HANDLE] Men are attacked 4 times more, just FYI."
TW10_177,5,1,[HANDLE] This is the tag's founder... [URL]
TW10_178,5,1,[HANDLE] Can you explain why this is wrong? [URL]
TW10_179,5,1,"[HANDLE] I have no misogynist views.  Feminism is an ideology, not a gender.  FYI."
TW10_180,5,1,"[HANDLE] With luck, she'll be a stylist..."
TW10_181,5,1,[HANDLE] Can you comment on Ford doing the VERY thing she complains of...? [URL]
TW10_182,5,1,[HANDLE] I'm looking for them...lot of hay on top of those needles.
TW10_183,5,1,[HANDLE] ...in what way?
TW10_184,5,1,"[HANDLE] I didn't realize I was supposed to treat you as a child whose opinion is irrelevant, sorry.  My bad."
TW10_185,5,1,[HANDLE] [HANDLE] I'll take any screen grabs you have.  Thanks.
TW10_186,5,1,[HANDLE]  Separate conversations.  She told a guy concerned about circumcision that he can't get laid.  Exactly what she whined about.
TW10_187,5,1,"[HANDLE] [HANDLE] That is feminism's doing, you realize?"
TW10_188,5,1,"[HANDLE] Why do you judge on genitals, rather than merit?  If a man works in an 80% female workplace, should he cry discrimination?"
TW10_189,5,1,[HANDLE] [HANDLE] No.  Valid point.  I have never actually seen an MRA say he hates women (openly) like #KillAllMen etc.
TW10_190,5,1,[HANDLE] Curious...do you know what the 23% (pay gap) figure refers to?  Do you know how it was derived?
TW10_191,5,1,[HANDLE] [HANDLE] No True Scotsman.
TW10_192,5,1,[HANDLE] [HANDLE] ...who are mislabeled.
TW10_193,5,1,"[HANDLE] YW...?  Well, if you know that men and women do different jobs, why WOULD the pay be the same?"
TW10_194,5,1,"RT [HANDLE]: [HANDLE] [HANDLE] My god, so it truly is a projection."
TW10_195,5,1,"[HANDLE] ...as a result there is a POSSIBLE supply of 100% of the population for all ""female"" jobs vs. maybe 20% for some ""male"" jobs."
TW10_196,5,1,[HANDLE] [HANDLE] Women have more legal rights in every Western nation.  Who is privileged?
TW10_197,5,1,"[HANDLE] [HANDLE] So feminism is NOT about equal rights, but a socio/polital movement?"
TW10_198,5,1,".[HANDLE] [HANDLE] Way way more than one...and why not...that's how they arrive at ""male privilege""? #AntiSJW [URL]"
TW10_199,5,1,"[HANDLE] [HANDLE] Picture was gender neutral, but...sure."
TW10_200,5,1,".[HANDLE] [HANDLE] I never said men didn't have privileges or that women didn't face biases, but its more 50/50 than one way street."
TW10_201,5,1,"RT [HANDLE]: [HANDLE] [HANDLE] [HANDLE] Actually I have. The same thing happens to African Americans, Spanish, and other minorities."
TW10_202,5,1,RT [HANDLE]: [HANDLE] [HANDLE] yikes the feminists are getting dumber by the day.
TW10_203,5,1,[HANDLE] Not when it just ends in rape charges...
TW10_204,5,1,[HANDLE] [HANDLE] [HANDLE] If Paul Elam said the same about women...you'd be screeching about it.
TW10_205,5,1,"[HANDLE] Well, I'd have no way of knowing. General point."
TW10_206,5,1,"""[HANDLE]: #FemFreeFriday because fems aren't actually doing anything for oppressed women in the Middle East."" [URL]"
TW10_207,5,1,[HANDLE] [HANDLE] [HANDLE] That was/is in reply to her.
TW10_208,5,1,RT [HANDLE]: What i learned from #QuestionsForMen [URL]
TW10_209,5,1,[HANDLE] Good job having her call you a loser...BTW That hypocrisy is gold.  Hopefully someone will see it.
TW10_210,5,1,[HANDLE] [HANDLE] She's great.
TW10_211,5,1,[HANDLE] [HANDLE] Those two are the only self ID'ed feminist I can think of who are legit.
TW10_212,5,1,"[HANDLE] [HANDLE] I actually wish they would just start using ""egalitarian"" so we can just let feminist mean the misandrist hypocrites."
TW10_213,5,1,.[HANDLE] Yep. The Coyotes. They have an out in 2-3 years. #NHL would have gone to Seattle.  But no building. Vegas will get them instead.
TW10_214,5,1,[HANDLE] Hmm...which is the root cause of their hypocrisy.  You have swung me.
TW10_215,5,1,[HANDLE] Picwhatting? And you have quoted none of the tweets.  What are you trying to say...?
TW10_216,5,1,[HANDLE] [HANDLE] Can you explain why what she described there is wrong?
TW10_217,5,1,[HANDLE] It is our individual listing numbers on a Gamergate block list the SJW feminists created.  Worn with pride...
TW10_218,5,1,"[HANDLE] I meant this one. Can you explain why it's wrong/""sexist""? [URL]"
TW10_219,5,1,[HANDLE] [HANDLE] I know of NO places single men may in US.  Some states do bar ANY single parents.  Some only men.
TW10_220,5,1,[HANDLE] [HANDLE] Forgot already? [URL]
TW10_221,5,1,.[HANDLE] [HANDLE] He gets to legally decline parenthood during first 22 weeks after conception. 2 more weeks for her #choice after.
TW10_222,5,1,[HANDLE] [HANDLE] No idea what u said.
TW10_223,5,1,"[HANDLE] [HANDLE] Kid.  Not sure if should is really shouldn't, etc?"
TW10_224,5,1,[HANDLE] [HANDLE] Would rather.
TW10_225,5,1,.[HANDLE] [HANDLE] She will often not know.  It should be opt in not opt out so that he must be told.  Or else they will hide it.
TW10_226,5,1,[HANDLE] [HANDLE] Not legally.
TW10_227,5,1,"[HANDLE] Every time I suggest it, feminists insist they will so if deadline passes, he should be stuck w/o choice."
TW10_228,5,1,".[HANDLE] So, you will continue to oppose equality no matter the logic...?"
TW10_229,5,1,"[HANDLE] [HANDLE] Me, too. It was going perfect. Got him on record when he thought it was just women before showing him truth."
TW10_230,5,1,"[HANDLE] How about you unfollow me while you are at it. Feminists who follow get blocked.  I hate to block so, plz unfollow.  Thanks."
TW10_231,5,1,[HANDLE] I like a multimedia approach.
TW10_232,5,1,".[HANDLE] Well, I assume you saw my Clem Ford stuff.  No MSM will write the truth about her. [HANDLE] maybe? [URL]"
TW10_233,5,1,"[HANDLE] [HANDLE] is awesome, if you don't know her.  Write the truth about feminism."
TW10_234,5,1,RT [HANDLE]: #QuestionsForMen Are you aware that feminism is teaching women that men cannot experience sexism or discrimination? ht…
TW10_235,5,1,"[HANDLE] My favorite...when they argue to deny men choice, they literally argue abortion is NOT a ""reproductive right""."
TW10_236,5,1,[HANDLE] No.  I'm not a sexist.
TW10_237,5,1,RT [HANDLE]: #QuestionsForMen did you know that when you look at a girl - you rape her? [URL]
TW10_238,5,1,.[HANDLE] Pretzel logic is understatement.  #SJWLogic is like a pretzel being beaten and tossed off the Sears Tower. Puddle logic...
TW10_239,5,1,.[HANDLE] [HANDLE] Well...I'd bet on the latter... [URL]
TW10_240,5,1,[HANDLE] [HANDLE] Feminist writer...think Valenti of AU from what I know.  Started the # QuestionsForMen Huff Po &amp; others wrote up.
TW10_241,5,1,"RT [HANDLE]: #QuestionsForMen Did you know that scientists agree that women ""slut shame"" to make vaginas more valuable to you? [URL]"
TW10_242,5,1,[HANDLE] Because if an obvious GA sports nut DIDN'T...that would explain it all.
TW10_243,5,1,[HANDLE] You don't regard Ford as a problematic figure? [URL]
TW10_244,5,1,"[HANDLE] So, no issue with her doing the very thing she decries, then?"
TW10_245,5,1,"[HANDLE] Yeah. My eye opener was a pay gap article. I know a little about econ...tried to explain why it was math, not sexism.  But..."
TW10_246,5,1,"[HANDLE] ...I learned that doing so made me a ""misogynist""."
TW10_247,5,1,".[HANDLE] But not a joke, a lot of her writing created the false ""rape culture"" crisis &amp; whose theories were drivers of new CA rape law."
TW10_248,5,1,".[HANDLE] Then what REALLY opened my eyes. An article on financial abortion. Even, after reading, I still opposed. Responsibility, etc."
TW10_249,5,1,".[HANDLE] ...UNTIL I saw prochoice feminists in comments using VERBATIM ProLife arguments against men.  ""Selfish. Jerk. Think of child."""
TW10_250,5,1,".[HANDLE] Realized then that selfish hypocrisy is the crux of modern feminism, not equality."
TW10_251,5,1,.[HANDLE] I know little more than I just told you. I just thought her smiling face of hypocrisy/misandry epitomized modern feminism.
TW10_252,5,1,[HANDLE] I'm blocked.
TW10_253,5,1,"[HANDLE] People assume she saw my avi/name &amp; blocked.  Nope, blocked by her before I knew who she was. Fems use a block list. So..."
TW10_254,5,1,[HANDLE] ...as soon as you follow enough known anti-feminists their block list activates and blocks you.  Possible she is unaware of me.
TW10_255,5,1,".[HANDLE] But, the idea they want to do ANYTHING but lecture with dubious facts they don't want challenged is exposed by their blocking."
TW10_256,5,1,".[HANDLE] Yep, pathetic. Let's examine idea anti fems just hate women.  Do misogynists fight for their ""right"" to hate?  Or just hate?"
TW10_257,5,1,".[HANDLE] Like, if #GamerGate really just hated women, why bother with GG?  Need NO permission to hate. They could just hate/play games."
TW10_258,5,1,[HANDLE] Is it wrong to argue by implying the other person cannot get laid?
TW10_259,5,1,[HANDLE] ..says an unthinking pussy.  Yawn.
TW10_260,5,1,"[HANDLE] Sweden, man.  The Swedish men are cattle, at this point."
TW10_261,5,1,.[HANDLE] There is literally nothing more creatively pathetic than taking an existing film and just making a black or female version.
TW10_262,5,1,.[HANDLE] Close up shop.  #Feminism is just a roadblock in #egalitarianism's way at this point.  #Equality must be equal.  Not gynocentric.
TW10_263,5,1,"[HANDLE] Hmm..possible.  I don't read tabloids. I just know he boxes.  Another guy had one.  Donald Trump.  Diva like, right?"
TW10_264,5,1,"[HANDLE] But, Trump gets called a megalomaniac.  Is that a gendered slur, too?  I never hear women called megalomaniacs."
TW10_265,5,1,[HANDLE] Exactly.  It's a sexist marketing ploy.
TW10_266,5,1,[HANDLE] Not me. Either guns blazing or waiting quietly in my Trojan Horse...
TW10_267,5,1,".[HANDLE]  Most Democrats now avoid ""liberal"" like it's diseased.  Stop propping up ""feminism"" w/ credit for the Women's Rights Movement..."
TW10_268,5,1,.[HANDLE] ...allow word to evolve to it's current meaning (selfish misandry) and remove them from the #equality movement so adults can work
TW10_269,5,1,".[HANDLE] No, no...this is my view on how to move equality forward.  Must root out those who claim equality while working against it."
TW10_270,5,1,"[HANDLE] [HANDLE] Define ""forcing""."
TW10_271,5,1,"[HANDLE] [HANDLE] Make a new damn movie, you hacks...is my point."
TW10_272,5,1,"[HANDLE] [HANDLE] You have more legal rights than I do, is that OK?"
TW10_273,5,1,"[HANDLE] Don't know her, sorry."
TW10_274,5,1,[HANDLE] [HANDLE] Nope.
TW10_275,5,1,"[HANDLE] [HANDLE] Unrelated to Highlander.  I also prefer Fletch Lives over the first for same reason as GB 2.  Funnier, bottom line."
TW10_276,5,1,[HANDLE] Two of those three are already real...
TW10_277,5,1,".[HANDLE] Please identify the straw man, Dunce.  My sarcastic mocking hypothetical or those real examples?"
TW10_278,5,1,[HANDLE] Sooooo true.
TW10_279,5,1,".[HANDLE] [HANDLE] [HANDLE] ""Google Christina Hoff Sommers Wage Gap or Pay Gap""  She uses real facts, not anecdotes. #EqualPay"
TW10_280,5,1,[HANDLE] [HANDLE] No joke.  A Swedish lawmaker proposed requiring men to sit when they pee...
TW10_281,5,1,RT [HANDLE]: [HANDLE] [HANDLE] [HANDLE] [HANDLE] [HANDLE] eeuww. I don't want to fit *anything* into their little boxes...
TW10_282,5,1,RT [HANDLE]: Column in [HANDLE] questions #EmmaSulkowicz coverage in view of my [HANDLE] piece [URL]
TW10_283,5,1,"[HANDLE] If they had any shame or self awareness, sure..."
TW10_284,5,1,Is it lost on most #QuestionsForMen was essentially Ford's way of exempting her schlocky clickbait from criticism? [URL]
TW10_285,5,1,"[HANDLE] Yes and no.  1A issue but banned as ""sexist"" when a feminist shirt would not be..."
TW10_286,5,1,".[HANDLE] Start a Paetron.  Unless you are in UK, then you can claim disability."
TW10_287,5,1,[HANDLE] First tweet in years and it's a total false equivalency.  Why? [URL]
TW10_288,5,1,".[HANDLE] No.  No reliable numbers.  But, a small town police department did a nine year study of their cases once...41% false."
TW10_289,5,1,[HANDLE] An Illinois PD studies nine years of their cases once....41% false.
TW10_290,5,1,".[HANDLE] [HANDLE] Well, what differentiated it was they knew the number of rape complaints that recanted. Most only count..."
TW10_291,5,1,.[HANDLE] [HANDLE] ...women who are actually charged/convicted of it.  It's almost NEVER prosecuted. Cops just close the case.
TW10_292,5,1,"[HANDLE] [HANDLE] ""Google false rape accusation 41%"" might work."
TW10_293,5,1,[HANDLE] ?
TW10_294,5,1,".[HANDLE] Never said ""men are smarter"". I said feminists are stupid. Most women are not feminists. But 100 answers... I'll focus on 2"
TW10_295,5,1,".[HANDLE] Patriarchy is a myth, so the system has no push back &amp; feminists use chivalry &amp; benevolent sexism masterfully to own ends."
TW10_296,5,1,".[HANDLE] No question. Feminists have the media. Did you see any mention of Clem Fords OPEN bigotry, etc?  Nope. ""Narrative"" is all."
TW10_297,5,1,[HANDLE] [HANDLE] Rock is much closer to Socrates than most know...
TW10_298,5,1,"[HANDLE] [HANDLE] Excuse me, did you say that feminism is for everyone, including men?"
TW10_299,5,1,.[HANDLE] [HANDLE] [HANDLE]  Yes. Your apathy.
TW10_300,5,1,.[HANDLE] [HANDLE] [HANDLE] The fate of most feminists...
TW10_301,5,1,"[HANDLE] ...like I said.  A ""symbol"" is a ""symbol"".  Jewelry, however, can be pawned later."
TW10_302,5,1,.[HANDLE]  Anything but yourself.  Like EVERY feminist on Earth.
TW10_303,5,1,"[HANDLE] A genuinely interesting question...of course, the answer is predictable and boring."
TW10_304,5,1,"[HANDLE] ...how is that example ""sexism""?"
TW10_305,5,1,"RT [HANDLE]: In the film, Jennifer Lopez plays a rapist that does not know what the Iliad is. And she's the *protagonist*! #smfh"
TW10_306,5,1,"[HANDLE] He was also just existing, no?"
TW10_307,5,1,[HANDLE] [HANDLE] No.
TW10_308,5,1,.[HANDLE] [HANDLE] [HANDLE] ...feminism would only have a name issue.
TW10_309,5,1,[HANDLE] Yup.
TW10_310,5,1,"[HANDLE] You pay, yes.  Split, no.  She pays, no."
TW10_311,5,1,"[HANDLE] [HANDLE] Remember ""Gaga""?  What would you guess her IQ to be?"
TW10_312,5,1,[HANDLE] [HANDLE] [HANDLE] You linked to BLASPHEMY!!!
TW10_313,5,1,"[HANDLE] [HANDLE]  They are mostly borderlines, yes.  W/ mucho NPD mixed in... &amp; lots of bipolarity."
TW10_314,5,1,"[HANDLE] [HANDLE] [HANDLE] Suspended, here under a new acct.  Stalked me for a day or so.  Legit ""issues.""  Kid gloves on..."
TW10_315,5,1,"[HANDLE] [HANDLE] [HANDLE] ...unless it's at her (pencil filled) hands, of course."
TW10_316,5,1,[HANDLE] [HANDLE] [HANDLE] I have about 12 like that.  Would be hilarious if she didn't need help so bad.
TW10_317,5,1,".[HANDLE] [HANDLE] [HANDLE] ...and a few I like talking to even if I know, they will be same as others when push comes to..."
TW10_318,5,1,[HANDLE]  Both. My desire to play video games is never stronger than after sex.  Can finally focus on something other than sex...
TW10_319,5,1,"So, feminists will trend #FeministsAreUgly and then complain how the fact #FeministsAreUgly is trending is proof of misogyny in society.  K."
TW10_320,5,1,RT [HANDLE]: [HANDLE] Thought you might like one of my comics. From UnPC Comix :) [URL]
TW10_321,5,1,[HANDLE] I saw this the other day.  Excellent.
TW10_322,5,1,[HANDLE] Ahem... [URL]
TW10_323,5,1,[HANDLE] I don't doubt other life but realistically don't think we'll see any evidence in any of our lifetimes so I don't think about it
TW10_324,5,1,[HANDLE] But Riley was hilarious on Stern.  Hadn't thought about him (or the Biovians) in years.
TW10_325,5,1,[HANDLE] [HANDLE] Bitter Geno.
TW10_326,5,1,[HANDLE] ...not what I'm looking at.  No.
TW10_327,5,1,[HANDLE] I am tennis neutral.  Just setting up the joke.
TW10_328,5,1,[HANDLE]  No.  Name one men's right they fight for...
TW10_329,5,1,".[HANDLE] Thanks.  I think it's hilarious.  But, I realize there is a limited market for Terry Pendleton humor..."
TW10_330,5,1,[HANDLE] Oh my...that is the trolling equivalent of a WMD.  A Meme of Mass Destruction.
TW10_331,5,1,"[HANDLE] I'll find a ""special occasion"".  Thanks."
TW10_332,5,1,[HANDLE] ...for what possible stated reason?  To slow men down to women's pace...?
TW10_333,5,1,[HANDLE] This is what happens when you confer the dignity and respect of MLK and real civil rights leaders upon untreated borderlines nuts.
TW10_334,5,1,[HANDLE] To an extent...we are not exactly overwhelmed with great options/choices.
TW10_335,5,1,"[HANDLE] You've seen the article by founder of NOW's sister, right?  More and more I see feminism thru this prism... [URL]"
TW10_336,5,1,[HANDLE] ...it's backdoor communism.
TW10_337,5,1,"[HANDLE] Have no answer there. Hillary is a horrifically flawed candidate, but...Bush? Romney? Santorum? Huckabee? Choice of shot or stabbed"
TW10_338,5,1,"[HANDLE] You appear to have common sense.  So, no, you'd be totally wrong."
TW10_339,5,1,"[HANDLE] Are you aware women have more, not fewer legal rights than men?"
TW10_340,5,1,RT [HANDLE]: #QuestionsForMen Did you know feminists think that violence is okay so long as the victim isn't seriously injured? [URL]
TW10_341,5,1,[HANDLE] Why ignore my question to deflect with yours?  Are you aware men have LESS legal rights?  Is that equality?
TW10_342,5,1,[HANDLE] Let's test. [URL]
TW10_343,5,1,[HANDLE]  It's close.  Need one of those Conan O'Brien morphs of Tony and the Big Hurt.
TW10_344,5,1,"[HANDLE] So...is the answer ""nothing""?"
TW10_345,5,1,[HANDLE] Can you explain the wage gap?  What does the often cited 23% figure reference?
TW10_346,5,1,[HANDLE] None of these things are true.  But I return to the original question...research. What have you read?
TW10_347,5,1,[HANDLE] Where is your knowledge of feminism derived?
TW10_348,5,1,[HANDLE] [HANDLE] Can you be legally forced into parenthood?
TW10_349,5,1,[HANDLE] [HANDLE] Single men cannot adopt.
TW10_350,5,1,[HANDLE] [URL]
TW10_351,5,1,[HANDLE] [HANDLE] No one said she should.
TW10_352,5,1,.[HANDLE] US. Canada. UK. France. Switzerland. Germany. India. Every western nation and then some.  Men have less legal rights. Equal?
TW10_353,5,1,[HANDLE] [HANDLE] If it's her choice alone...yes.  Do you oppose single mothers?
TW10_354,5,1,[HANDLE] [HANDLE] She can abort. Adopt it out. Safe haven.
TW10_355,5,1,"[HANDLE] Go back to the top of this thread and read again, then."
TW10_356,5,1,"RT [HANDLE]: [HANDLE] [HANDLE] [HANDLE] ""women r just as strong as men we r all equal wait men r stronger dont hit women we r weak"""
TW10_357,5,1,[HANDLE] Can you explain why that would be sexist?
TW10_358,5,1,RT [HANDLE]: #QuestionsForMen #WomenAgainstFeminism Another one who only wants to hear herself talk. [URL]
TW10_359,5,1,RT [HANDLE]: #QuestionsForMen Did you know rape is bad?
TW10_360,5,1,"[HANDLE] [HANDLE] Agreed. Idea it's ""not a compliment"" absurd.  Most important compliment..."
TW10_361,5,1,"""[HANDLE]: #QuestionsForMen Have you been told your pants are distraction to boys in school?"" Just our shirts. [URL]"
TW10_362,5,1,[HANDLE] [HANDLE] OK w reasonable burping. Sneezing is involuntarily so...moot. Can totally live w/o inhaling others fecal particles
TW10_363,5,1,"RT [HANDLE]: [HANDLE] [HANDLE] Picture #1: Beaten, but defiant. Picture #2: Beaten until the soul is dead."
TW10_364,5,1,[HANDLE] Or grab a camera...
TW10_365,5,1,[HANDLE] [HANDLE] Feminist shirt never gets tossed.  But no shock...fems own our schools.
TW10_366,5,1,"[HANDLE] And I can't think of any good remakes period, actually."
TW10_367,5,1,[HANDLE] [HANDLE]  First hand account from NOWs founder's sister = BS how?
TW10_368,5,1,"[HANDLE] [HANDLE] The ""after all"" denotes sarcasm that you take out of context, Goebbels."
TW10_369,5,1,[HANDLE] [HANDLE] Proof?
TW10_370,5,1,.[HANDLE] [HANDLE] [HANDLE] Literally asking YOU to explain what you know the 23% figure represents. What does it compare?
TW10_371,5,1,"[HANDLE] [HANDLE] No.  Actually, she has an economics degree."
TW10_372,5,1,[HANDLE] Wiki
TW10_373,5,1,[HANDLE] Is saying that sexism?
TW10_374,5,1,[HANDLE] How is that sexist?
TW10_375,5,1,"[HANDLE] No, I meant...can you explain why telling a person you are arguing w/ they cannot get laid is wrong."
TW10_376,5,1,"[HANDLE] Wait, do you realize you just did the very thing the tweet you posted said is wrong...?"
TW10_377,5,1,"RT [HANDLE]: Criticism of [HANDLE] &amp; [HANDLE] would be better if ""feminists"" had taken the opportunity to critique [HANDLE]…"
TW10_378,5,1,[HANDLE] [HANDLE] Which tag are you referring to?
TW10_379,5,1,"[HANDLE] [HANDLE] U realize QuestionsForMen existed before Ford started posting snide crap in it, right? [URL]"
TW10_380,5,1,"RT [HANDLE]: [HANDLE] I love this b/c I am also a scientist working with men w/ more education &amp; experience, yet I haven't experience…"
TW10_381,5,1,RT [HANDLE]: MT [HANDLE]: Daily reminder that I 100% don't care about straight cis Jews's opinions on racism &amp; feminism.
TW10_382,5,1,"""[HANDLE]: Have u ever expressed ur anger only to be asked the question: are you hormonal? #QuestionsForMen""  Testerosterone?  Yeah."
TW10_383,5,1,"""[HANDLE]: Have you ever been threatened with rape by a woman? #QuestionsForMen""  Yes.  Many times, but ONLY by feminist women."
TW10_384,5,1,"""[HANDLE]: #QuestionsForMen ever walked home in dark seen another person and becomed scared?""  Men are attacked 4 times more often."
TW10_385,5,1,"""[HANDLE]: Why is a man afraid to commit to woman he really loves? #QuestionsForMen""  Sexist biased divorce laws will ruin his life."
TW10_386,5,1,[HANDLE] [HANDLE] [HANDLE] Ever play Rambo on old NES by any chance?
TW10_387,5,1,"[HANDLE] [HANDLE] [HANDLE] To be fair, I read his ""you hate"" as ""your hate""...my bad.  Working on worst sleep ever...sorry."
TW10_388,5,1,.[HANDLE] Can you be legally forced into parental obligations?  Can your genitals be cut at birth?  Does your right to vote have an *?
TW10_389,5,1,".[HANDLE] [HANDLE] ..mistake. I find both abortion &amp; child abandonment detestable. But, if one gets an awful choice, both must"
TW10_390,5,1,[HANDLE] [HANDLE] Think she meant would men who shed obligations also lose rights..?  Yes.
TW10_391,5,1,[HANDLE] [HANDLE] ...have to pay.  If she knows he can walk way w/o paying...I think she might drive a bit safer.  I understand...
TW10_392,5,1,[HANDLE] [HANDLE] ...many don't have the awareness to operate in what most know to be self interest. They will defy most solutions.
TW10_393,5,1,".[HANDLE] I agree. FTR I am no fan of abortion or child abandonment.  But, I can't accept him going to jail for not abiding HER choice."
TW10_394,5,1,".[HANDLE] [HANDLE] Hard to say w/o knowing if avg. welfare w/o a dad is &gt; or &lt; avg. CS payment.  If less, it would REDUCE incentive."
TW10_395,5,1,RT [HANDLE]: [HANDLE] [HANDLE] [HANDLE] This tweet deserves more love. It's a good point.
TW10_396,5,1,[HANDLE] [HANDLE] Agreed. Thoughtful. Every once in a while an old tweet of mine lumping her Poe in w Gearheart is RT'ed. I cringe.
TW10_397,5,1,"[HANDLE] [HANDLE] [HANDLE] Couldn't design a much poorer set of incentives, no."
TW10_398,5,1,"[HANDLE] [HANDLE] Well, spoiler alert [HANDLE] was actually pretty reasonable and (I think?) accepting of the idea of choice 4 men"
TW10_399,5,1,.[HANDLE] [HANDLE] I will totally pretend to be deaf at that point...walk out like you're a ghost &amp; I'm Bruce Willis in The 6th Sense.
TW10_400,5,1,".[HANDLE] [HANDLE] Not being gay is not homophobia.  Some do try to conflate them, somehow..."
TW10_401,5,1,"[HANDLE] [HANDLE] [HANDLE] [HANDLE] To some, yeah..."
TW10_402,5,1,[HANDLE] [HANDLE] Who said anything about hitting?
TW10_403,5,1,"[HANDLE] [HANDLE] Oh, missed that part of it.  No...no reason to get physical."
TW10_404,5,1,.[HANDLE] [HANDLE] [HANDLE] US is 46th best place for women.  Behind Rhwanda and Ghana.  Such bunk.  She'll never see it.
TW10_405,5,1,[HANDLE] [HANDLE] In terms of what?  Measured how?
TW10_406,5,1,"[HANDLE] I'm saying you can never ""control"" two different individuals to be the same."
TW10_407,5,1,RT [HANDLE]: I liked a [HANDLE] video from [HANDLE] [URL] 50 #QuestionsForMen #Mansplained
TW10_408,5,1,.[HANDLE]  ...can't relate.  Have to be overtime of Game 7 of the Stanley Cup Finals w/ no DVR.
TW10_409,5,1,Yep except the study [HANDLE] (the Artist Formerly known as Mich_something) offered's author says it does NOT prove bias [HANDLE]
TW10_410,5,1,[HANDLE] ...a MF'ing State of the Union invite.
TW10_411,5,1,RT [HANDLE]: Ariana Grande has no chill lmao [URL]
TW10_412,5,1,RT [HANDLE]: i hate when u open the door for a hot chick and then her ugly friend wants u to keep it open for her. bitch open it your…
TW10_413,5,1,RT [HANDLE]: #FeminismisEQUALITYwhen Men are actually listened to and part of the dialog. #HeForShe #WomenAgainstFeminism [URL]
TW10_414,5,1,.[HANDLE] K... [URL]
TW10_415,5,1,".[HANDLE]  Nothing.  I like women in pink. It's a tipoff that they don't angrily reject femininity like...ahem, well, you know."
TW10_416,5,1,"RT [HANDLE]: [HANDLE] [HANDLE] no , man buy pink and store it in their man caves, just to mislead the market. Poor woman. #banpink"
TW10_417,5,1,[HANDLE] I have a million valid arguments.  Doesn't change reality...
TW10_418,5,1,[HANDLE] Should men and women have equal legal rights?  Yes or no?
TW10_419,5,1,[HANDLE] OK.  Men have fewer legal rights in EVERY western nation today.  Get to work...
TW10_420,5,1,[HANDLE] Saw this this morning... [URL]
TW10_421,5,1,[HANDLE] [HANDLE] Source.
TW10_422,5,1,[HANDLE] [HANDLE] Appears to refer to the idea that denial of visitation can be prosecuted under child abuse rather than specific laws...
TW10_423,5,1,[HANDLE] [HANDLE] Any real world examples of women actually being jailed for it?
TW10_424,5,1,"[HANDLE] Yeah but ur irrelevant &amp; relevant but old/isolated/fits the definition of ""the exception that proves the rule"" 2 more than I find."
TW10_425,5,1,"[HANDLE] Was that yours?  Mine was CS is enforced (10,000's of men in jail) while visitation (these 1.05 examples aside) is not."
TW10_426,5,1,[HANDLE] Rights mean nothing if they can be violated w/ no recourse.
TW10_427,5,1,RT [HANDLE]: [HANDLE] I'd like to focus on the plight of the Beaver.  We are oppressed and I consider myself a victim.
TW10_428,5,1,"[HANDLE] Odd that Google can find no relevant examples of it actually being enforced then, huh?"
TW10_429,5,1,"[HANDLE] I keep screengrabs not links, sorry.  Google ""Kate Millett sister NOW"" it should be near top of list."
TW10_430,5,1,[HANDLE] Hard to tell but...I think that might have just been a troll.
TW10_431,5,1,"RT [HANDLE]: If someone hates you, it's because of what's between your ears, not what's between your legs #adviceforyoungfeminists"
TW10_432,5,1,[HANDLE] Hope not.  How will she pay her bills?
TW10_433,5,1,"[HANDLE] [HANDLE] So is ""twat""."
TW10_434,5,1,".[HANDLE] They have no sense of irony or awareness. Or shame. Or decency. Or...well, I could do this all day..."
TW10_435,5,1,[HANDLE] [HANDLE] ...you have an armpit licking fetish?
TW10_436,5,1,.[HANDLE] #'s like this...I just spin the gallery on my tablet like the Price is Right wheel and use whatever meme or story I land on...
TW10_437,5,1,[HANDLE] [HANDLE] [HANDLE] Hmm.  Cathy Young and who are other two?
TW10_438,5,1,[HANDLE] [HANDLE] [HANDLE] Good call.
TW10_439,5,1,.[HANDLE] Gotta take the bad w/ the good...
TW10_440,5,1,[HANDLE] [HANDLE] Never heard that before.
TW10_441,5,1,[HANDLE] Thanks.  That was one of the few memes I use that I made myself.
TW10_442,5,1,[HANDLE] Awesome.
TW10_443,5,1,[HANDLE] Best meme ever.  Yours?  Or where did you find it?
TW10_444,5,1,"[HANDLE] Never saw.  It's perfect.  But, Twitter is not the same w/o her."
TW10_445,5,1,.[HANDLE] [HANDLE] Ahem... [URL]
TW10_446,5,1,".[HANDLE] [HANDLE] Real world evidence of this, please."
TW10_447,5,1,"[HANDLE] [HANDLE] He's a gay, known YouTuber.  I saw his video.  Unless he's Brando, it's real."
TW10_448,5,1,[HANDLE] [HANDLE] You just said men don't need equality.
TW10_449,5,1,[HANDLE] Should the default be equal?  50/50?
TW10_450,5,1,[HANDLE] [HANDLE] Women have MORE legal rights than men.
TW10_451,5,1,[HANDLE] [HANDLE] ...to racists.
TW10_452,5,1,[HANDLE] [HANDLE] Feminism.
TW10_453,5,1,"[HANDLE] Only times I'll block is if they spam or I think they'll try to ""Janet"" me."
TW10_454,5,1,"[HANDLE] [HANDLE] Before WAM and the Janet &amp; GG bans, I had blocked two...one of which was an so called MRA."
TW10_455,5,1,RT [HANDLE]: Pretty sure that #gamergate episode of law and order is basically the new Reefer Madness. Holy actual fuck this exists.
TW10_456,5,1,.[HANDLE] [HANDLE] Not doubting. Think feminist hypocrisy on Ladies Nights is a great example of their hypocrisy. Putting it out there
TW10_457,5,1,[HANDLE] You mean it shouldn't be?  Because it IS consent to parenthood for men today.
TW10_458,5,1,RT [HANDLE]: #IDontNeedFeminism #FemFreeFriday [URL]
TW10_459,5,1,.[HANDLE] Chemaly is a special kind of twit. MASTER of whining about 3rd world horrors to justify writing about things like #PottyParity.
TW10_460,5,1,RT [HANDLE]: [HANDLE] [HANDLE] [HANDLE] [HANDLE] [HANDLE] [HANDLE] That didn't take much [URL]
TW10_461,5,1,"[HANDLE] [HANDLE]  Sorry to hear that.  Get well, man."
TW10_462,5,1,RT [HANDLE]: This guy [HANDLE]  is an amazing writer regarding #feminism. [URL] [URL]
TW10_463,5,1,"RT [HANDLE]: #IndieCadeEast Truth is, #GamerGate has nothing against indie games! We take issue with corrupt competitions, though. …"
TW10_464,5,1,"[HANDLE] [HANDLE] No, seriously...went from ""fake/dumb"" to ""oh, God, it's real"" to ""super fake"" to ""holy...please tell me it's fake"""
TW10_465,5,1,[HANDLE] [HANDLE] Sorry...I genuinely have no idea...real?  Not?  Best guess...
TW10_466,5,1,.[HANDLE] [HANDLE] I was sure it was fake...until it went too long...no one works that hard on a Poe...just vapid childish PC trash.
TW10_467,5,1,RT [HANDLE]: Scott Walker should troll the left and get an online degree in Gender Studies.
TW10_468,5,1,"[HANDLE] [HANDLE] ...she was seriously, right?"
TW10_469,5,1,"RT [HANDLE]: .[HANDLE] good info, thanks. are we all seeing that MSM is about storytelling, not fact reporting? #gamergate"
TW10_470,5,1,[HANDLE] [HANDLE] Thanks for heads up.  I watched it.  Good stuff.
TW10_471,5,1,"[HANDLE]  No doubt, but...talk about projection. First two sentences describe feminism perfectly.  No self awareness. #FeminismIsAwful"
TW10_472,5,1,[HANDLE] [HANDLE] ...and Hillary pro-rapist.
TW10_473,5,1,"[HANDLE] [HANDLE]  Nope.  Hence, the two DIFFERENT terms."
TW10_474,5,1,"[HANDLE] [HANDLE] ...and whose definition is that anyway, Margaret Sanger's?"
TW10_475,5,1,"[HANDLE] [HANDLE] ...sorry, just checked your TL.  I thought you were arguing in concert w/ this genius... [URL]"
TW10_476,5,1,[HANDLE] Sucking at math and logic is a requirement for feminism...
TW10_477,5,1,"[HANDLE] I (would) never read/see it, so I have no idea...what is the ""abuse"" they speak of?"
TW10_478,5,1,RT [HANDLE]: #adviceforyoungfeminists Be sure to employ double standards to excuse your bigotry. No one will notice. [URL]
TW10_479,5,1,"RT [HANDLE]: #adviceforyoungfeminists Use ""wasn't me"" as a get out of responsibility free card for your movement. [URL]"
TW10_480,5,1,".[HANDLE] [HANDLE] ...was sure it was Poe, but...no one draws half a comic's worth of Poe.  Scary.  They are like termites..."
TW10_481,5,1,"[HANDLE] [HANDLE] That's what I thought at first...haven't read comics in a while, so...I have no reference.  Awesome job if fake."
TW10_482,5,1,[HANDLE] Usually takes 20 to 120 minutes for RedScareBot...
TW10_483,5,1,[HANDLE] OK.  Did she/does she consent?
TW10_484,5,1,[HANDLE] OK.  My main interest is whether feminists will blame a book written by and read by women on men somehow.
TW10_485,5,1,"[HANDLE] You, too."
TW10_486,5,1,[HANDLE] Who is to blame for that?
TW10_487,5,1,.[HANDLE] Not even slightly...
TW10_488,5,1,[HANDLE] [HANDLE] Shhh...it's funnier when they don't know... [URL]
TW10_489,5,1,"[HANDLE] Man, I thought Chevaldayoff was a human paper weight...what a trade for the Jets. As good a deal as I've seen in years (decades?)..."
TW10_490,5,1,RT [HANDLE]: #adviceforyoungfeminists Don't worry. Nobody will notice your pet theory is ridiculous. Keep repeating it. [URL]
TW10_491,5,1,[HANDLE] Yes...and real shit...
TW10_492,5,1,[HANDLE] [HANDLE] [HANDLE] Where is what from?
TW10_493,5,1,".[HANDLE] [HANDLE] For the first time ever I couldn't tell (been wrong sure, but I at least think I know) at all.  It's evidently real."
TW10_494,5,1,[HANDLE]  Just a troll.
TW10_495,5,1,"[HANDLE]  I remember you praising a French feminist as being a good fem like CHS, what was her name again?"
TW10_496,5,1,[HANDLE] ...for life.  Yes.
TW10_497,5,1,[HANDLE] [HANDLE] ...who is arguing that?
TW10_498,5,1,[HANDLE] [HANDLE] ...there is no beef here.
TW10_499,5,1,[HANDLE] [HANDLE] It allows me to simultaneously engage in specific conversation while putting out ideas I'd have to redundantly repeat?
TW10_500,5,1,[HANDLE] [HANDLE] ...it's not a negative or anti-you action.
TW10_501,5,1,"[HANDLE] [HANDLE] No, I said that about feminism."
TW10_502,5,1,"[HANDLE] [HANDLE] Again, talking about feminists, not you, man."
TW10_503,5,1,[HANDLE] Prison is the same...except with more prison time.
TW10_504,5,1,"[HANDLE] [HANDLE] I remember/respect your story but, no...convo was about feminists opposing common sense preventative measures."
TW10_505,5,1,[HANDLE] [HANDLE] Everyone here opposes rape male or female.  Everyone here supports preventative measures.  It's all good...
TW10_506,5,1,[HANDLE] [HANDLE] ...I am attacking feminist's character.  No one else's.
TW10_507,5,1,RT [HANDLE]: #adviceforyoungfeminists Learning some history will help you not take credit for things your movement didn't do [URL]
TW10_508,5,1,[HANDLE] Just saw it a few days ago.  It's brilliant.  Need fifty more like it...
TW10_509,5,1,"[HANDLE] I don't keep links.  Google ""Kate Millett sister NOW"" and you'll find it. Her sister wrote it."
TW10_510,5,1,"[HANDLE] While you're in my TL, just wanted to say TY for all of great work you do challenging ""narrative"" w/ facts.  MUCH appreciated."
TW10_511,5,1,RT [HANDLE]: #WhatFeminismGaveMe irony [URL]
TW10_512,5,1,RT [HANDLE]: Gotta love exchanges like these. #QuestionsForMen #WhatFeminismGaveMe [URL]
TW10_513,5,1,[HANDLE] Is she just less bad that other feminists or genuinely advocates EQUAL equality a la CHS or Young?
TW10_514,5,1,[HANDLE] They use Orwell as a playbook.
TW10_515,5,1,[HANDLE] Not in the EU...
TW10_516,5,1,[HANDLE] Me2. Never more patriotic than when I read people have gone to jail for free speech in supposedly democratic Western nations
TW10_517,5,1,[HANDLE] Two people went to jail in the UK for criticizing feminists.
TW10_518,5,1,[HANDLE] Only if you are unaware that feminism and the Women's Rights Movement are not the same.
TW10_519,5,1,[HANDLE] You seem like a nice girl. I just ask that u dig a little deeper into what feminism actually says/does vs what they claim.
TW10_520,5,1,[HANDLE] [HANDLE] Hmm...I think it's the jaw...her head is kinda shaped like home plate...to carry on the baseball motif...
TW10_521,5,1,#ILoveObama for knowingly retelling the wage gap myth &amp; #1in5 myth plus blaming all men for rape via #ItsOnUs all to prop up Hillary [NUMBER].
TW10_522,5,1,[HANDLE] The motive doesn't lessen the outcome.
TW10_523,5,1,"[HANDLE] Don't count any chickens...most of the GOP candidates suck and could well lose to uneducated ""history"" vagina voters."
TW10_524,5,1,[HANDLE] Romney or Jeb would be huge mistakes.
TW10_525,5,1,[HANDLE] Romney's image better than ever due to O but CO will not vote for a drug war supporter like him and GOP needs CO to get to 270.
TW10_526,5,1,"[HANDLE] I just laughed at Kane's move.  Kid is sick.  Wish they'd used Geno over Letang, though..."
TW10_527,5,1,[HANDLE] [HANDLE] It's actually two separate proposals.  Real.  Insane.
TW10_528,5,1,[HANDLE] [HANDLE] Sweden and the EU...
TW10_529,5,1,"[HANDLE] Walker is clearly the one Dems fear.  I don't know much about him, either."
TW10_530,5,1,[HANDLE] [HANDLE] Atrocious.
TW10_531,5,1,[HANDLE] Exactly.  Thor is really not theirs to reinvent.  Do a female Daredevil or something if you want to pull that gimmick.
TW10_532,5,1,"RT [HANDLE]: Feminist just labeled me ""transphobic"" for not somehow magically knowing that they are ""fluidflux agender."" [URL]"
TW10_533,5,1,"RT [HANDLE]: If you're a grown woman who hasn't gotten past your awkward teenage years of confusion and angst, you're probably a feminist"
TW10_534,5,1,[HANDLE] [HANDLE] Then I have no idea.
TW10_535,5,1,"[HANDLE] So, you oppose #NoMorePage3 and the feminists trying to ban it, right?"
TW10_536,5,1,"[HANDLE] Would have added ""Be eaten by your cats"" but...140."
TW10_537,5,1,[HANDLE] What's her major?  Welding for Kindergartners?
TW10_538,5,1,RT [HANDLE]: [HANDLE] Maybe she was 'raped' by a cubist and it's a symbol of her burden
TW10_539,5,1,RT [HANDLE]: Did anybody get glass in the face during an American Sniper showing? These #FiftyShades fans play for keeps
TW10_540,5,1,"[HANDLE] But, sorry, who cares that the National Organization of Women was commie, you were talking about a trucker, right? Too funny."
TW10_541,5,1,[HANDLE] Yes. I find the sense of proportional relevance interesting.
TW10_542,5,1,"[HANDLE] Google ""Kate Millett sister NOW"" and enjoy.  Long read."
TW10_543,5,1,"[HANDLE] [HANDLE] [HANDLE] That might be Poe, just FYI.  I think that was the quote of hers that couldn't be verified."
TW10_544,5,1,RT [HANDLE]: Feminists say gaming is a boys club then they also say that half of gamers are women.. make up your damn mind?  #GamerGate …
TW10_545,5,1,RT [HANDLE]: Girls are ruthless smh [URL]
TW10_546,5,1,RT [HANDLE]: Bruh [URL]
TW10_547,5,1,[HANDLE] [HANDLE] [HANDLE] Nope.
TW10_548,5,1,.[HANDLE] [HANDLE] The blank stare.
TW10_549,5,1,RT [HANDLE]: Guy who stabbed two people at busstop has face that says I'm going to stab you at a bus stop. [URL]
TW10_550,5,1,RT [HANDLE]: Retweet if you hate Ovechkin. Fav if you hate Ovechkin. Hate Ovechkin.
TW10_551,5,1,"[HANDLE] Toss ""denied student loans"" onto that list, as well."
TW10_552,5,1,[HANDLE] NHL pays back Rogers for new TV deal w McDavid.  Sabres get Eichel (sp?) Rekindles TOR/BUF divisional rivalry.  2 big TV markets.
TW10_553,5,1,[HANDLE] Just my guess...it's now in my tweets as proof if it comes true.  I knew he'd rig the [NUMBER] draft so the Avs could get Seth Jones.
TW10_554,5,1,"[HANDLE] ...so I got the rigging part right, but not the scouting."
TW10_555,5,1,[HANDLE] That's why a McDavid/Eichel rivalry w 2 big TV ratings markets that are geographic/division rivals makes TOO much sense to not rig
TW10_556,5,1,[HANDLE] I said it for months.  Didn't know how good McKinnon was...
TW10_557,5,1,[HANDLE] Avs REALLY needed the D man too...but they made right pick.
TW10_558,5,1,"[HANDLE] Ahem...as a Pens fan, I can appreciate a system that rewards a well executed ""rebuild"" so...uh, yeah."
TW10_559,5,1,[HANDLE] Exactly A well executed rebuild. But don't rewrite history. We tanked for 66 Fleury &amp; Geno. Sid was Gary rigging the lockout draft
TW10_560,5,1,.[HANDLE] [HANDLE] Might need some lube.  The tip is wider than her hips...
TW10_561,5,1,[HANDLE] [HANDLE] [HANDLE] OK...but what specifically are they parodying?
TW10_562,5,1,"[HANDLE] [HANDLE] [HANDLE] ...which is a real example of feminism ruining atheism, no?"
TW10_563,5,1,[HANDLE] No true feminist... [URL]
TW10_564,5,1,"[HANDLE] THIS is why I find the ""antifeminist women just want male attention"" argument moronic...as if there aren't better ways to get that."
TW10_565,5,1,"[HANDLE] No, sorry, even the rosiest definition of feminism is still unequal."
TW10_566,5,1,[HANDLE] Familiar w/ it.  Insane.  Patriarchy has clearly failed this man...
TW10_567,5,1,"[HANDLE] No, feminism lobbies to have equality vetoed, actually... [URL]"
TW10_568,5,1,[HANDLE] Actually even the dictionary definition of feminism is unequal.  That you don't see why is telling.
TW10_569,5,1,"[HANDLE] He respects their right to publicly lez out in private, you mean?  What a gentleman."
TW10_570,5,1,".[HANDLE]  None. I was going to go w/ ""toxic femininity"" or something if they answered but #50ShadesIsAbuse has great plate discipline."
TW10_571,5,1,.[HANDLE] [HANDLE] You are whining about an analogy. TwitFem #SJW's actually defended the predatory sexual abuse of a high school student
TW10_572,5,1,"[HANDLE] FTR, I don't just mean Democrat by ""liberal"" but a specific breed..."
TW10_573,5,1,"[HANDLE] [HANDLE] She'll unblock, stalk, snipe, run, reblock, wash, rinse, repeat.  She's a coward."
TW10_574,5,1,RT [HANDLE]: #feminists when other women don't fall for their shit. #feminism #WomenAgainstFeminism [URL]
TW10_575,5,1,"No [HANDLE]  as [HANDLE] says it's just ""school policy"" to deny legal rights to people who look like rapists.  ""Rapial profiling"" Duh."
TW10_576,5,1,.[HANDLE] [HANDLE] blocked me so I blocked her...evidently she stopped defending sexual harassment of students long enough to unblock?
TW10_577,5,1,RT [HANDLE]: Have you ever had a female judge outraged at you for not paying child support for someone else's kid?[URL]
TW10_578,5,1,"Yeah, uh, [HANDLE] #WomenAgainstFeminism aren't bigots who hate men and don't mind sharing equality w them like you hypocrites. FYI."
TW10_579,5,1,I have harassed no one [HANDLE] as [HANDLE] can see but you are violating TOS by trying to organize a blocking campaign as [HANDLE] sees
TW10_580,5,1,RT [HANDLE]: I just got called sexist...because I get paid the same as guys and I'm not a sheep to the feminist movement..ok [HANDLE] @…
TW10_581,5,1,RT [HANDLE]: Suit yourself: Utah court lets woman sue herself over fatal wreck [URL] [HANDLE] She wants money for …
TW10_582,5,1,RT [HANDLE]: Instead of doing something about the feminists who hate men I'm going to scream at you for pointing them out. #TweetLik…
TW10_583,5,1,"[HANDLE] [HANDLE] Is that just a male thing? Whenever I click on ""Female friendly/female choice"" porn, it's same as main content."
TW10_584,5,1,.[HANDLE] Barb Sheehan NEVER says a word about being abused for 20 years.  Kills husband. Claims abuse w no proof. Walks. Fems cheer.
TW10_585,5,1,[HANDLE] ...WTF?
TW10_586,5,1,"[HANDLE] I'm an atheist, but God bless hot women who embrace/enjoy their own sexuality..."
TW10_587,5,1,RT [HANDLE]: [HANDLE] [HANDLE] [HANDLE] I think I'll leave this here. [URL]
TW10_588,5,1,"RT [HANDLE]: [HANDLE] Did you see Ludacris baby mom? He paid her [MONEY]k for an abortion, she kept the money had the kid and put him on $[NUMBER]…"
TW10_589,5,1,RT [HANDLE]: [HANDLE] [HANDLE] Quote: Me. [URL]
TW10_590,5,1,RT [HANDLE]: [HANDLE] [HANDLE] [HANDLE] Did Jezebel or Marcotte or Valenti write about Carnell? I forgot. They don't care.
TW10_591,5,1,RT [HANDLE]: Not a fan of this comic (too SJW-ish for me) but this is spot-on. [URL] #WomenAgainstFeminism [URL]
TW10_592,5,1,"RT [HANDLE]: [HANDLE] [HANDLE] The Democratic People's Republic of Korea must be a wonderful place, right? Look up the words!!!"
TW10_593,5,1,RT [HANDLE]: So let me get this straight [HANDLE] who weaponised tweets to have people fired is now a victim of Twitter ? http…
TW10_594,5,1,"""[HANDLE]: What do u think her punishment should be? [URL] #QuestionsForFeminists"" #QuestionsForMen #QuestionsForWomen"
TW10_595,5,1,.[HANDLE] Thanks.  Steal any arguments of mine you like. That's why I'm here.  Create awareness.  The IVF argument is long but effective.
TW10_596,5,1,What [HANDLE]?  You don't like being lectured on #feminism by people who only just learned of it from Emma Watson or Beyonce? [HANDLE]
TW10_597,5,1,"[HANDLE] Well, I hate it, but...I know what you mean.  Thanks.  This will be rubbed in their hypocrite faces shortly..."
TW10_598,5,1,RT [HANDLE]: Social justice seems to now be a type of shield behind which fashionably racist pigs can snicker about their self percei…
TW10_599,5,1,"RT [HANDLE]: #TwitterFeminism can't convince three teen women to take up computer science, meanwhile ISIS is soooo Christian Grey righ…"
TW10_600,5,1,"RT [HANDLE]: The reality is that the caliphate is more attractive than your ultra-liberal ""safe space"", and that's too embarrassing to…"
TW10_601,5,1,RT [HANDLE]: #QuestionsForMen #WomenAgainstFeminism #feminism #mybodymychoice [URL]
TW10_602,5,1,RT [HANDLE]: #mensrights@reddit [URL] petition to call attention to Judge Kathleen McCar... [URL] #…
TW10_603,5,1,RT [HANDLE]: #questionsforfeminists For those of you that think it isn't socially acceptable to abuse men.. It is. [URL]
TW10_604,5,1,RT [HANDLE]: #gamergate #femfreq #antisjw [URL]
TW10_605,5,1,"[HANDLE] [HANDLE] [HANDLE] Meh...if Myers regains form, you'll forget he ever existed.  Armia and Lemieux are great assets."
TW10_606,5,1,[HANDLE] [HANDLE] ...by doing what exactly?
TW10_607,5,1,[HANDLE] Hey [HANDLE] please translate this nonsensical nonanswer if you can...TY. [HANDLE]
TW10_608,5,1,"[HANDLE] ...she is painfully stupid, Ben.  Sorry.  It's now hurting my brain..."
TW10_609,5,1,[HANDLE] She was already linked.  She doesn't care...
TW10_610,5,1,[HANDLE] Earlier she was...she doesn't care about facts.
TW10_611,5,1,[HANDLE] No. But...Someone else linked her to the Sommers article an hour ago.
TW10_612,5,1,[HANDLE] She has a very low IQ.
TW10_613,5,1,RT [HANDLE]: [HANDLE] [HANDLE] [HANDLE] [HANDLE] [URL] Maybe you should learn intro stats b4 you lie ht…
TW10_614,5,1,Why does [HANDLE] refresh TL to the top every 7th to 9th time I return from notifications...very annoying...lose many tweets I want to read.
TW10_615,5,1,.[HANDLE] [HANDLE] Estimates are guesses not proof. This is why you are called stupid. And you ignore that politics exist. Also stupid.
TW10_616,5,1,[HANDLE] [HANDLE] Exactly.  Never had an Econ class EVER.
TW10_617,5,1,RT [HANDLE]: Emotional Terrorism [URL] #TwitterFeminism
TW10_618,5,1,[HANDLE] That girl is hideous in every way...
TW10_619,5,1,[HANDLE] I'm guessing you learned of feminism from Beyonce.
TW10_620,5,1,[HANDLE] Feminists started #FeministsAreUgly take it up with them...
TW10_621,5,1,[HANDLE] No doubt.  And yet...no less true.
TW10_622,5,1,"[HANDLE] Name 3 prominent feminists, please.  No Google."
TW10_623,5,1,.[HANDLE] Who said all?  I can think of 2-3 doable feminists...
TW10_624,5,1,"[HANDLE] Right. But you know squat, so who cares..."
TW10_625,5,1,"[HANDLE] [HANDLE] [HANDLE] I use the term to be the opposite of your ""shady"" source.  What is a non shady source?"
TW10_626,5,1,"RT [HANDLE]: .[HANDLE] #GamerGate Maybe people are saying the school system is failing, because the school system is failing. @…"
TW10_627,5,1,[HANDLE] [HANDLE] [HANDLE] No clue who she is.  Harry might...he was OP.
TW10_628,5,1,[HANDLE] ...unless you learn propaganda.
TW10_629,5,1,[HANDLE] [HANDLE] ...rightS plural...
TW10_630,5,1,"[HANDLE] [HANDLE] Oh...like the new name, BTW...""punching down"" another inane tool they use to silence dissent...and facts...and logic."
TW10_631,5,1,[HANDLE] [HANDLE] [HANDLE] Honestly no idea what that is...
TW10_632,5,1,"[HANDLE] [HANDLE] [HANDLE]  Sealioning.  Although as I reread brigadeering, too.  Understand that I avoid pop culture like Ebola..."
TW10_633,5,1,"[HANDLE] [HANDLE] Good for you.  Too bad about those hurt by it or unprotected by it, right?"
TW10_634,5,1,[HANDLE] Are you aware the VAWA removes the accused's due process rights?
TW10_635,5,1,"[HANDLE] Ben I'm open to meeting good feminists like Helen, etc. but uh...how can I say nicely, Maddy is...not smart...at all. A lemming."
TW10_636,5,1,"[HANDLE] No, I don't think she's a bigot per se but blind to whatever she chooses not to believe..."
TW10_637,5,1,RT [HANDLE]: [HANDLE] Slim Thug had his bank accounts frozen for one year for a child which is not his! [URL]
TW10_638,5,1,[HANDLE] Feel free to research it.  They intentionally conflate feminism w/ the Women's Rights Movement.
TW10_639,5,1,[HANDLE] I love this # but I am legit grossed out by that...fems could end any argument w/ me by posting their armpit hair pics...
TW10_640,5,1,.[HANDLE] Seen it before.  Thanks.  It is amusing.  Most women are undermined by low expectations.  That is the result.  Whining only.
TW10_641,5,1,"[HANDLE] I appreciate you bringing good content to me, though."
TW10_642,5,1,[HANDLE] no idea what that is...
TW10_643,5,1,[HANDLE] To each their own...commenting more on the power dynamic of male fems vs fems etc
TW10_644,5,1,"RT [HANDLE]: [HANDLE] [HANDLE] [HANDLE] those women are OK....Can't tell a woman how to dress.........Oh, wait a tick... http:/…"
TW10_645,5,1,"RT [HANDLE]: [HANDLE] [HANDLE] I thought she was the leading manufacturer of that product, not a buyer..."
TW10_646,5,1,.[HANDLE] [HANDLE] I love HTs like this...I just spin the gallery on my tablet like the Price Is Right wheel and use whatever comes up.
TW10_647,5,1,[HANDLE] [HANDLE] Mary Koss.  Seriously...
TW10_648,5,1,[HANDLE] [HANDLE] [HANDLE] Please explain what the .77 figure cited in wage gap discussions compares.  Thanks.
TW10_649,5,1,[HANDLE] No idea.  I just collect them randomly as I find them.
TW10_650,5,1,[HANDLE] [HANDLE] What a fucked up insult to MLK...wow.
TW10_651,5,1,"RT [HANDLE]: [HANDLE] The most they do is say ""Can't believe so many dudebros are protesting #malesuicide."""
TW10_652,5,1,[HANDLE] Let's think critically...WHO is talking about that?
TW10_653,5,1,[HANDLE] What is that?
TW10_654,5,1,[HANDLE] Is that what #AskHerMore is?
TW10_655,5,1,"#DontDateSJWs unless you want them to date you, bang you, call you, stalk you THEN cry rape &amp; do ""performance art"". [URL]"
TW10_656,5,1,[HANDLE] Honestly... Belzer or Ric Ocasek of the Cars...I'm torn...?
TW10_657,5,1,"[HANDLE] [HANDLE] Ladies...unlike drugs, you can always SHARE a hooker."
TW10_658,5,1,[HANDLE] [HANDLE] read her TL for many great stories.
TW10_659,5,1,[HANDLE] I never watch these things...do they ask men anything?
TW10_660,5,1,[HANDLE] Gray sweat pants/sweatshirt.
TW10_661,5,1,RT [HANDLE]: [HANDLE] [HANDLE] [HANDLE] One should consider we actually get more tax breaks and less intensive jobs even in…
TW10_662,5,1,RT [HANDLE]: [HANDLE] [HANDLE] [HANDLE] and we still get payed equally. That stupid myth bothers me to no end because there…
TW10_663,5,1,RT [HANDLE]: [HANDLE] [HANDLE] [HANDLE] worth fighting for that actually do damage women and people of every race and gende…
TW10_664,5,1,"[HANDLE] But, do they even interview the men?  If so, about what?"
TW10_665,5,1,.[HANDLE] Agreed. I just hate that society is so economically illiterate they blame sexism rather than capitalism for those questions.
TW10_666,5,1,RT [HANDLE]: [HANDLE] [HANDLE] [URL] [URL] [URL] [URL] [URL]
TW10_667,5,1,[HANDLE] Was your previous praise tactical or just misplaced?
TW10_668,5,1,"[HANDLE] Is the fact that women are asked that question ""sexist""?"
TW10_669,5,1,"[HANDLE] No one is assuming.  They have the ratings, the click numbers, etc."
TW10_670,5,1,".[HANDLE] ""Not paid the same in Hollywood""? They each have agents who individually negotiate their deals. You want to pay a flat rate?"
TW10_671,5,1,.[HANDLE] Free market. They get what they negotiate. Producers feel it's fair or not. The actor/actress can accept or not. #AskHerMore
TW10_672,5,1,".[HANDLE] [HANDLE] When was she good?  I confuse her and ten other women, which is why their pay is lower BTW. Supply vs. Demand."
TW10_673,5,1,.[HANDLE] K. [URL]
TW10_674,5,1,"RT [HANDLE]: [HANDLE] [HANDLE] ""Why Are Women Asked About Their Dresses on the Red Carpet? Sexism!""/""Our Five Favorite Red Carpet Fashion…"
TW10_675,5,1,[HANDLE] [HANDLE] What did he make for that role?  Not much (comparatively) I imagine.  Tom Cruise would have made triple.
TW10_676,5,1,[HANDLE] Show an example.
TW10_677,5,1,[HANDLE] [HANDLE] [HANDLE] [HANDLE] Name names...perhaps they are less comparable than you think.
TW10_678,5,1,"RT [HANDLE]: #AskAWhiteFeminist Seriously, what rights don't you have, and why can none of you answer that question?"
TW10_679,5,1,If [HANDLE] &amp; [HANDLE] work SAME job for SAME wage but he works 40 hrs vs her 20 formula cited would show 50% gap [HANDLE]
TW10_680,5,1,RT [HANDLE]: The 'feminist' opposition to #GamerGate is just another example of privileged women damseling to gain moral authority the…
TW10_681,5,1,RT [HANDLE]: This--&gt; RT [HANDLE]: Yes! Thank you! This is exactly what I tell them. #FemFreeFriday #WomenAgainstFeminism [URL]
TW10_682,5,1,[HANDLE] [HANDLE] [HANDLE] Who was she raped by?
TW10_683,5,1,[HANDLE]  He asked for it.  Did you?  Why not find an employer who will value you properly?
TW10_684,5,1,[HANDLE] ...in her mind.  Sure.
TW10_685,5,1,"[HANDLE] [HANDLE] [HANDLE] I get that.  A Rotherham Redux.  But, who raped Cytheria?"
TW10_686,5,1,"[HANDLE] [HANDLE] ...invented ""dogging"" videos but can't have Page 3."
TW10_687,5,1,"""[HANDLE]: Please, if you disagree with Harriet Harman [URL] Please follow, RT [URL] #DontDateSJWs"
TW10_688,5,1,[HANDLE] [HANDLE] I know...was on #NoMorePage3 for that whole thing.  Best troll EVER.
TW10_689,5,1,[HANDLE] Please answer... [URL]
TW10_690,5,1,".[HANDLE] Ironically, giving men equal paternity leave necessary if women are to achieve equal pay...but feminists hate men so they don't"
TW10_691,5,1,[HANDLE] Please answer... [URL]
TW10_692,5,1,"RT [HANDLE]: Courtesy of our friend [HANDLE], the Hairman of the Board. #PatriciaArquette #EqualPay [URL]"
TW10_693,5,1,[HANDLE] Shhh...no hints.  They'll copy off your paper.
TW10_694,5,1,"[HANDLE] What does the "".77 on the dollar"" figure describe?"
TW10_695,5,1,[HANDLE] No. You have proven your ignorance here to anyone who isn't as dumb as you. It's there for all to see but you don't know it.
TW10_696,5,1,".[HANDLE] Again, you have already typed out your ignorance. Anyone who understands economics can scroll up &amp; see you prove it. Thanks."
TW10_697,5,1,".[HANDLE] Again, the case is made...unless u delete your tweets trying to guess which one exposes your idiocy. Case closed. Take care."
TW10_698,5,1,"[HANDLE] No, being right makes me right. I can't prove that to someone without the brainpower to understand it. It's OK.  Take care."
TW10_699,5,1,[HANDLE] You can have this one. Untag.  Thanks. I've gotten what I need from her... [URL]
TW10_700,5,1,".[HANDLE] So, you can only place your trust in what they say? You don't know the material well enough to examine it on your own? #EqualPay"
TW10_701,5,1,"[HANDLE] [HANDLE] [HANDLE] How is that the same education?  Did he get a teaching degree, as well?"
TW10_702,5,1,[HANDLE] [HANDLE] [HANDLE] I meant micro vs macro economics.
TW10_703,5,1,RT [HANDLE]: Did you know that men are 4x more likely to #negotiate for compensation and job perks? #equalpay
TW10_704,5,1,[HANDLE]  Can you explain what that 77 refers to?
TW10_705,5,1,"RT [HANDLE]: If you don't negotiate good salary going in, it's difficult to make that up later. [HANDLE] [HANDLE] [HANDLE] [HANDLE]…"
TW10_706,5,1,[HANDLE] You know that's pure propaganda for dumb people right?
TW10_707,5,1,[HANDLE] Should women be united or honest?
TW10_708,5,1,[HANDLE] I think Arquette is a dummy who believes it.  Not a Valenti who knowingly lies.
TW10_709,5,1,"[HANDLE] In this case, evidently, yes."
TW10_710,5,1,"[HANDLE] So she needs to give David [MONEY] million, I guess."
TW10_711,5,1,[HANDLE] The girl who played Palin in porn only got $[NUMBER] for SAME job as Patty...
TW10_712,5,1,[HANDLE] No. Every bit of that is a lie. [URL]
TW10_713,5,1,[HANDLE] Because it's a known lie.  Mostly. [URL]
TW10_714,5,1,[HANDLE] [HANDLE] I need a meme of that...that's my day in a nutshell.
TW10_715,5,1,"[HANDLE] [HANDLE] Awesome.  Will go into my ""daily use"" folder."
TW10_716,5,1,[HANDLE] Just need Sinclair for the trifecta.
TW10_717,5,1,[HANDLE] I was referring to his more famous one but...love this. I understand the most I can do against feminism is raise awareness.
TW10_718,5,1,RT [HANDLE]: [HANDLE] [HANDLE] [HANDLE] [HANDLE] [HANDLE] You mean the voices in their head...nobody cat calls these fucking el…
TW10_719,5,1,[HANDLE] [HANDLE] [HANDLE] Nope.  Sorry.
TW10_720,5,1,[HANDLE] They want to close ALL women's prisons.
TW10_721,5,1,"RT [HANDLE]: [HANDLE] [HANDLE] [HANDLE] [HANDLE] [HANDLE] [HANDLE] By that logic, every e-mail ever sent is...wai…"
TW10_722,5,1,"RT [HANDLE]: [HANDLE] [URL] Even in wrestling, it has its share of Feminist Authority figures! Guess who called out on …"
TW10_723,5,1,RT [HANDLE]: [HANDLE] [HANDLE] Then I guess Feminism is just a sideshow as much as WWE wrestling in general.. Irony is off the c…
TW10_724,5,1,[HANDLE] Your defense of a gender biased prison system...?
TW10_725,5,1,[HANDLE] [HANDLE] I determined you aren't worth such an effort.  Deal.
TW10_726,5,1,[HANDLE] [HANDLE] ...and this is why I knew not to bother with this Drip.  I can just smell them now.
TW10_727,5,1,[HANDLE] Not aimed at you.
TW10_728,5,1,[HANDLE] [HANDLE] I agree.  I can just spot them early.  I was right about Gaga.
TW10_729,5,1,"[HANDLE] NM.  Sorry, didn't read your TL first.  I see you are not a feminist."
TW10_730,5,1,RT [HANDLE]: [HANDLE] [HANDLE] [URL]
TW10_731,5,1,[HANDLE] [HANDLE] Which is?
TW10_732,5,1,[HANDLE] I know...Julianne Moore's pudgy little sister is severely overvaluing herself here...
TW10_733,5,1,"[HANDLE] Repeating the lies, I see."
TW10_734,5,1,"[HANDLE] Your example is 42 years old, you realize?"
TW10_735,5,1,"[HANDLE] Hey, I had him on 3 of my 4 fantasy teams..."
TW10_736,5,1,.[HANDLE] I saw/RT'ed it.  Too funny.  I saw this one today... [URL]
TW10_737,5,1,[HANDLE] I know.  You know.  My intent is to prove they don't know.
TW10_738,5,1,[HANDLE] [HANDLE] Possible.
TW10_739,5,1,[HANDLE] What right do you lack?
TW10_740,5,1,"[HANDLE] I agree, but that's because you as a woman have MORE legal rights than I do.  So that WOULD be great."
TW10_741,5,1,[HANDLE] Are men not human?  Do they deserve #EqualRights?
TW10_742,5,1,"[HANDLE] Great.  So, you support men's right to financial abortion, cool."
TW10_743,5,1,[HANDLE] Thanks. And you are seemingly are less interested in equality for ALL than you stated prior...just saying.
TW10_744,5,1,"[HANDLE] Thanks.  I find the word ""actually"" unnecessary in that sentence, but...thanks."
TW10_745,5,1,"RT [HANDLE]: [HANDLE] [HANDLE] People who aren't full of hatred tend to be prettier, like this girl. I theorize being hateful makes one …"
TW10_746,5,1,[HANDLE] You say this based on what?
TW10_747,5,1,"[HANDLE] Actually, they did.  Feminist cannibalism.  It was great."
TW10_748,5,1,"[HANDLE] [HANDLE] Me, too.  Oddly, Anita has not... I'm a bit insulted..."
TW10_749,5,1,Do tell feminist hypocrites who organized abuse report fraud to REPEATEDLY ban [HANDLE] of #WomenAgainstFeminism how you #LetWomenSpeak.
TW10_750,5,1,RT [HANDLE]: UMinn campus crime alerts will purposefully cover up details due to alerts making campus unsafe for men [URL]
TW10_751,5,1,"RT [HANDLE]: #TwitterFeminism is a protection racket. Except nobody can actually guarantee your brand any safety as the ""movement"" is …"
TW10_752,5,1,"RT [HANDLE]: #TwitterFeminism tries to get people fired over nothing, later asks for sympathy when people are ""excluded"" by the indust…"
TW10_753,5,1,"RT [HANDLE]: Why are the dudebros at the office not inviting you to poker and scotch night? Gee, what a mystery #TwitterFeminism"
TW10_754,5,1,[HANDLE] I know...that's the goal.  I'm here to expose their lack of sense.
TW10_755,5,1,"[HANDLE] See...I specifically left those out because the reverse argument is made for Hollywood. Drawing power differences, etc."
TW10_756,5,1,"[HANDLE] ...whereas, prostitution is the same job for same audience* (for most part) AKA making one guy cum."
TW10_757,5,1,[HANDLE] I just wanted proof that feminism sheep believe the lie.
TW10_758,5,1,".[HANDLE] No, those are lies, too.  Read the Hanna Rosin article to understand why claiming your proof as proof is pathetic. #EqualPay"
TW10_759,5,1,"When u know what an OBVIOUS lie the #PayGap is, Valenti's ""solution"" would be LOL were it not scary cuz they mean it. [URL]"
TW10_760,5,1,[HANDLE] Low IQs.
TW10_761,5,1,[HANDLE] That's their goal.
TW10_762,5,1,"RT [HANDLE]: [HANDLE] [HANDLE] [HANDLE]  Hey look, me too! [URL]"
TW10_763,5,1,"RT [HANDLE]: So someone just told me that #feminism = ""lying communists who oppose equality"". Can you believe people this BS? http:…"
TW10_764,5,1,[HANDLE] And that proves what?
TW10_765,5,1,"""[HANDLE]: I'm curvy. The kind men fap over, not the type of curvy feminists want you to think men fap over"" [URL]"
TW10_766,5,1,[HANDLE] Men's rights activist or advocate.
TW10_767,5,1,"Hey [HANDLE] or [HANDLE] what is [HANDLE] talking about? She seems to be trying to imply that AU wages are assigned, not negotiated."
TW10_768,5,1,[HANDLE] Thanks. Feminists now stand in the way of equality. So we'll never achieve it until people realize they won't finish the job.
TW10_769,5,1,[HANDLE] I respect your use of Sprinkles Are For Winners.
TW10_770,5,1,"[HANDLE] They essentially mean communism when they say it. Anytime a group openly loathes the word ""merit"" they are up to little good."
TW10_771,5,1,"[HANDLE] Oh, I dont.  Even the ERA only says ""rights"" not equal responsibility.  Feminism is allergic to equal accountability."
TW10_772,5,1,[HANDLE] Funniest commercial I ever saw...until they did the Maury one.
TW10_773,5,1,[HANDLE] Not concerned w/ equal here... [URL]
TW10_774,5,1,".[HANDLE] [HANDLE] [HANDLE] called MRA's dishonest, then used one untreated mental patient to smear whole MRM. [URL]"
TW10_775,5,1,"I apologize to #EverydaySexism for my pissbaby mantears over innocent men in jail, I didn't know u had fake POCKETS?! [URL]"
TW10_776,5,1,"RT [HANDLE]: [HANDLE] Seriously? Where exactly do you suggest I put my tits, should I detach them when doing feminist things?"
TW10_777,5,1,"RT [HANDLE]: Feminists call anyone who disagrees an MRA cause they desperately need to think that only MRAs oppose them, rather than near…"
TW10_778,5,1,.[HANDLE] Dunno...ran out of characters...meant which other character in the [NUMBER] Transformers movies did he voice?
TW10_779,5,1,RT [HANDLE]: Nimoy was also the original OG that killed Star Scream.   #Galvatron #RIP [URL]
TW10_780,5,1,[HANDLE] No [HANDLE] is right.  Welles died before finishing the film.
TW10_781,5,1,"[HANDLE] OK, you win that one.  Go tell your cousin's friend to fork it over..."
TW10_782,5,1,I'll believe #feminism wants #equality when they start demanding death for #JodiArias but...I won't hold my breath... [URL]
TW10_783,5,1,RT [HANDLE]: [HANDLE] [HANDLE] Pretty much this. [URL]
TW10_784,5,1,RT [HANDLE]: Word. #GamerGate [URL]
TW10_785,5,1,RT [HANDLE]: [HANDLE] Didn't you hear about the abhorrent display of sexism on The Good Wife?! Tragic! [URL]
TW10_786,5,1,RT [HANDLE]: Univ. of Colorado disciplined a student for sexual assault even though his accuser admitted she had lied. [URL]
TW10_787,5,1,[HANDLE] [HANDLE] Nope.
TW10_788,5,1,[HANDLE] You were right...just about the wrong person...Valenti's a feminist.
TW10_789,5,1,RT [HANDLE]: This is disgusting. [URL]
TW10_790,5,1,"""They drafted a reliever w/ the 4th overall pick? Over a switch hitting catcher w/ power? Death to America!"" #Pirates [URL]"
TW10_791,5,1,[HANDLE] [HANDLE] Does she have a legal obligation to report?  I don't think she does...
TW10_792,5,1,"[HANDLE] [HANDLE] Telling him to get back in the truck might be a crime, but...along the lines of conspiracy or inciting a riot."
TW10_793,5,1,[HANDLE] [HANDLE] Perhaps.
TW10_794,5,1,[HANDLE] [HANDLE] ...cue the NAFALT in 3..2...1...
TW10_795,5,1,"""[HANDLE]: Why is #WomenAgainstFeminism a thing? learn what something means before you are against it"" Et tu? [URL]"
TW10_796,5,1,RT [HANDLE]: [HANDLE] my uncle was shot 5 times and died because he kept denying his female stalker.  Stop acting like males li…
TW10_797,5,1,RT [HANDLE]: [HANDLE] [HANDLE] [HANDLE] Saying that anti feminist is being anti women is like saying being anti KKK is being anti…
TW10_798,5,1,.[HANDLE] [HANDLE] [HANDLE] [HANDLE] [HANDLE] [HANDLE] ...I was waiting for her answer to use that exact line.
TW10_799,5,1,"[HANDLE] [HANDLE] [HANDLE] [HANDLE] [HANDLE] [HANDLE] No problem, she deflected anyway..."
TW10_800,5,1,"[HANDLE] Social Justice Warrior AKA the liberals/feminists who are so ""tolerant"" they tolerate nothing &amp; want to impose their views on world"
TW10_801,5,1,[HANDLE] Liberals suddenly consider ISIS a threat.
TW10_802,5,1,[HANDLE] [HANDLE] To what end?  It's a beta cuck in a college rag...
TW10_803,5,1,"The one thing that could actually end the ""harassment"" of #GamerGate... [URL]"
TW10_804,5,1,RT [HANDLE]: [HANDLE] [HANDLE] Not really. There are gamers (male or female) and then there are girl gamers who make a big stink abo…
TW10_805,5,1,"RT [HANDLE]: After the #BorisNemtsov murder, I'm at 0 patience for special snowflakes who bleat about feeling ""unsafe"" b/c someone sai…"
TW10_806,5,1,"[HANDLE] ...if they hadn't just flushed their Cup chances, I'd be inclined to argue..."
TW10_807,5,1,"[HANDLE] Picked the Ducks to win Cup before season...but that was thinking Gibson would be great. Might pick Hawks nows, but...Ducks in it."
TW10_808,5,1,"[HANDLE] I like the forward group now and MAF has been great. But, our defense will get bitchslapped like a mean pimps junkie hooker."
TW10_809,5,1,"[HANDLE] Got a 1st for Coburn, more than I'd have thought.  Hawks made a mistake/took big risk on Timonen but good deal for Hextall."
TW10_810,5,1,"[HANDLE] By that definition, Jim Rutherford is a Ducks fan...that explains everything."
TW10_811,5,1,[HANDLE] Flyers can never get all 3 phases in sync.  Have had great forwards.  Had great D in [NUMBER]. But never find the G.  If they do
TW10_812,5,1,"[HANDLE] ...they F or D will be bad.  Shoulda kept Richards, Carter and Bob.  I laughed when they made each of those deals."
TW10_813,5,1,[HANDLE] Too much drinking.  Too many porn stars.  Then they end up winning in LA.  Should have given them more drinks &amp; porn stars.
TW10_814,5,1,[HANDLE] Allegedly did Hartnells ugly wife.
TW10_815,5,1,[HANDLE] [HANDLE] ...K.  Thanks for demonstrating a firm understanding of legal rights.
TW10_816,5,1,[HANDLE] [HANDLE] What is the event?
TW10_817,5,1,[HANDLE] [HANDLE] Given that it's WaPo...laying odds...
TW10_818,5,1,"RT [HANDLE]: UCLA Women's Law Group Libels CHS, Then Tries to Hide it. #womenagainstfeminism [URL]"
TW10_819,5,1,RT [HANDLE]: People do not get it.Definition of Sexual assault on campus is so broad it makes most dating interactions chargeable a…
TW10_820,5,1,"[HANDLE] ""Give them enough rope to hang themselves"""
TW10_821,5,1,[HANDLE] ...or what I say.  Or what I do.  Or what I think.  Or what I know...
TW10_822,5,1,RT [HANDLE]: On #InternationalWomensDay women who inspire me: [HANDLE] [HANDLE] [HANDLE] [HANDLE] [HANDLE] [HANDLE]…
TW10_823,5,1,"[HANDLE] Honestly, I didn't look...because I'd bet my life we KNOW the answer."
TW10_824,5,1,[HANDLE] Her continued production of carbon dioxide.
TW10_825,5,1,[HANDLE] Jodi Arias.  Convicted murderer.
TW10_826,5,1,[HANDLE] I see that now...didn't get far enough into his TL.
TW10_827,5,1,[HANDLE] [HANDLE] ...a pitch perfect parody.  My bad.
TW10_828,5,1,RT [HANDLE]: The fact that Jimmy Buffett ever sold a record is an indictment against the idea of American exceptionalism
TW10_829,5,1,[HANDLE] [HANDLE] ...but that assumes the feminist shepherds care about the lives of their sheep.
TW10_830,5,1,RT [HANDLE]: [HANDLE] [HANDLE] [HANDLE] [HANDLE] [HANDLE] her response is pretty terrifying.
TW10_831,5,1,[HANDLE] [HANDLE] [HANDLE] ...poor Ben.
TW10_832,5,1,RT [HANDLE]: #IDontNeedFeminism [URL]
TW10_833,5,1,[HANDLE] Isn't that their goal?
TW10_834,5,1,"[HANDLE] [HANDLE] [HANDLE] So, the hostile help line said hostel?"
TW10_835,5,1,[HANDLE] Can't forget it...never heard about it...
TW10_836,5,1,[HANDLE] [HANDLE] ...good luck to you with that.
TW10_837,5,1,"RT [HANDLE]: If feminists addressed the rampant sexism and misandry in #feminism, then perhaps #WomenAgainstFeminism and #antifeminism…"
TW10_838,5,1,"[HANDLE] A lot of MRA's are gay, actually.  They see how feminism merely uses them."
TW10_839,5,1,"RT [HANDLE]: [HANDLE] [HANDLE] worst part is cut out of the image, the original tumblr had 45 thousand shares all attacking little boys #F…"
TW10_840,5,1,"#ThankAFeminist for their ""trolling"" #LetsTalkMen and exposing their hypocritical whining about men using #EverydaySexism or #YesAllWomen."
TW10_841,5,1,"[HANDLE] I think he's trolling, actually..."
TW10_842,5,1,[HANDLE] Go on...
TW10_843,5,1,[HANDLE] Jessica is a special type of human feces.
TW10_844,5,1,RT [HANDLE]: [HANDLE] just gonna leave this here for you [URL]
TW10_845,5,1,RT [HANDLE]: #IDontNeedFeminism because I hate being manipulated for feminists' entertainment. #WomenAgainstFeminism #letstalkmen h…
TW10_846,5,1,RT [HANDLE]: [HANDLE] [HANDLE] [URL] #BackAwayFromTheTable #TheEnvyGap #BlackFeminists [HANDLE]
TW10_847,5,1,[HANDLE] [HANDLE] [HANDLE] Huh?
TW10_848,5,1,RT [HANDLE]: [HANDLE] [HANDLE] [HANDLE] [HANDLE] ..song ranked No.1 on 26 record charts &amp; received 5 Grammy Noms. http:/…
TW10_849,5,1,[HANDLE] [HANDLE] The truth?  I know.  You hate that.
TW10_850,5,1,[HANDLE] [HANDLE] They don't care. Each day I realize feminists are perfectly happy to ruin anyone else's life for their gain.
TW10_851,5,1,[HANDLE] [HANDLE] ...with a flat face.  The nose = a bay window.
TW10_852,5,1,[HANDLE] It's actually only one face.  It's just as wide and flat as the front of a townhouse so...easy mistake to make.
TW10_853,5,1,[HANDLE] Name that state.
TW10_854,9,1,"RT [HANDLE]: I swear, I'm not sexist, but I honestly just cannot stand the woman college football announcer on ESPN2"
TW10_855,9,1,RT [HANDLE]: Call me sexist but I think some women are seriously lacking knowledge l when it comes to feminism #random
TW10_856,9,1,"RT [HANDLE]: Call me sexist, but females really need to stop acting like they are big football fans. Just stop."
TW10_857,9,1,RT [HANDLE]: The mine is no place for a woman to work... Call me sexist but a woman as a rock driller is not practical.
TW10_858,9,1,"RT [HANDLE]: And don't call me sexist for that last tweet. If women want equal praise for success, they gotta take equal blame for failur…"
TW10_859,9,1,"RT [HANDLE]: I'm sorry. But I don't see what's hot about girls who eat like guys. Call me sexist, but i like girls because they're girls."
TW10_860,9,1,RT [HANDLE]: [HANDLE] but honestly stereotypes are light-hearted and usually harmless. Let people joke around.
TW10_861,9,1,"RT [HANDLE]: Feminism is a respectable ideal. Being over-sensitive, and searching for problems is not [HANDLE]"
TW10_862,9,1,RT [HANDLE]: [HANDLE] I wouldn't be so mad if not for the fact that I don't appreciate being called a bigot for saying that some t…
TW10_863,9,1,RT [HANDLE]: if you look at [HANDLE] you see tweets of pure hatred. If you look at [HANDLE] you see a few light stupidity a…
TW10_864,9,1,RT [HANDLE]: I would rather have a blind dog as a ref than freakin Liz. I am sorry I am not sexist but that is why girls should not re…
TW10_865,9,1,RT [HANDLE]: I'm not sexist but women should play football past the age of 12 unless they're over 285
TW10_866,9,1,"[HANDLE] So true, all women over 12 SHOULD play football, but repeated concussions might make us as stupid as you."
TW10_867,9,1,RT [HANDLE]: [HANDLE] well I don't followyou you so stop trolling.You have tohave something better to do then to look up sexist tw…
TW10_868,9,1,[HANDLE] Oh I do plenty but picking rotten low hanging sexist fruit doesn't take up much of my day :)
TW10_869,9,1,RT [HANDLE]: [HANDLE] okay fuck off my shit pussy
TW10_870,9,1,"The sexist litmus test is if you call out a lvl 2 sexist comment &amp; the dood comes back with lvl 10 guns ablazing, ""pussy"" &amp; ""cunt"" &amp; ""bitch"""
TW10_871,9,1,Because femininity is so horrible! [HANDLE] I'm not sexist but if a dude cries because of a girl in a wedding dress then he has a vagina
TW10_872,9,1,RT [HANDLE]: Leave the washing to mum because she's not a complete remtard #WomenEqualWashing #NotSexist #WellSlightlySexist #IMeanMumIsB…
TW10_873,9,1,RT [HANDLE]  I'm no sexist but I've seen some really dumb girls which lend credibility to the argument.
TW10_874,9,1,RT [HANDLE]: This bitch. #NoSexist is walking around with a stroller and a dog in it. You're dog 1. Has legs 2. Doesn't need to be in Star…
TW10_875,9,1,"Unlike you, who is hilariously ignorant and can't spell ""racist"" [HANDLE] Im sorry but girls are just rly unfunny #norasict #nosexist"
TW10_876,9,1,What a waste of fossil fuels to publish that tweet. [HANDLE] call me sexist but guys &gt; girls
TW10_877,9,1,RT [HANDLE] Call me sexist but a pack of girls skateboarding might just be the weirdest thing I've ever seen
TW10_878,9,1,"i can't even [HANDLE] Call me sexist, but I actually prefer having guys in charge. Lol atmosphere is more laid-back &amp; fun. Women are serious"
TW10_879,9,1,Boooring [HANDLE] Am not sexist but women can't play football!
TW10_880,9,1,"RT [HANDLE] And were lost, I told you this didn't take us anywhere. Fuuck you female drivers. no sexist bro"
TW10_881,9,1,"Huh, funny, I find you the most backwards of all [HANDLE] Call me sexist but I think it's backwards to have female football commentators"
TW10_882,9,1,"RT [HANDLE] Dont ever let women drive, they'll break your arm! #notsexist"
TW10_883,9,1,[HANDLE] I'm not sexist but the Canadian anthem should not be changed... It's tradition we all know now that men and women are equal.
TW10_884,9,1,RT [HANDLE] I'm not sexist. But I usually walk away when women sports announcers are on Sportscenter.
TW10_885,9,1,"#hashtag [HANDLE] #notsexist , but, a #womans 'ill be #ready in 5 minutes is the same length of time as a #mans 'ill be #home in 5 minutes'.."
TW10_886,9,1,Dear men: being a sexist doesn't get women to like you [HANDLE] Dear women: nagging does not work #nosexist
TW10_887,9,1,"For real? [HANDLE] I'm not sexist, but men are superior."
TW10_888,9,1,RT [HANDLE] I'm not sexist but when a girl farts openly near you... [URL]
TW10_889,9,1,"Please women, stay single.[HANDLE] Please women. When you commit to your man, commit to the gym as well. #nosexist #committokitchentoo"
TW10_890,9,1,"[HANDLE] Call me sexist, but I hate female receptionists. They always give me attitude like I'm the reason their bf broke up with 'em"
TW10_891,9,1,RT [HANDLE] Call me sexist but female sports anchors r the worst. Makes me uncomfortable when women know more about sports than I do
TW10_892,9,1,RT [HANDLE] I'm not sexist but if I give a girl in the street my clothes I expect her to go home &amp; iron them
TW10_893,9,1,RT [HANDLE] I'm not sexist but if I come home and my bed isn't made I'm gone kick my mum out of her own house
TW10_894,9,1,RT [HANDLE]: [HANDLE] I pay the bills in this household it's the least she can do
TW10_895,9,1,"Sexist tweet par excellence [HANDLE] I'm not sexist, but women are seriously awful drivers"
TW10_896,9,1,RT [HANDLE] I'm not sexist but women should not be announcing football. #Aggravating
TW10_897,9,1,RT [HANDLE] I'm not sexist... but seriously if you're female you need to be able to cook. it's in your DNA
TW10_898,9,1,RT [HANDLE] I just think Men are better Comedians....#sns #notsexist
TW10_899,9,1,RT [HANDLE] Ahh the chick who announces games on ESPN 2 is so annoying #gameonmute #getheroff #notsexist
TW10_900,9,1,RT [HANDLE] That woman reporter on Soccer Saturday hasn't got a clue #annoying #notsexist #thetruth
TW10_901,9,1,RT [HANDLE] The only thing a woman should help a man build is a relationship #tbh #nosexist
TW10_902,9,1,"RT [HANDLE] I'm no sexist, but I can't handle the female play by play announcer on espn2 Iowa vs. Michigan St. Nothing but stats vomit."
TW10_903,9,1,RT [HANDLE] I'm not sexist but everything seems to be about women. Women this women that . Hayi khona anikahle.
TW10_904,9,1,This just makes me so tired. [HANDLE] I'm not sexist but women comedians aren't funny at all #EndOf #CaseClosed
TW10_905,9,1,"RT [HANDLE] Tests are like women. Hard to understand, easy to get over, and nonrefundable. #truestory #onlyallwomen #notsexist #justsaying"
TW10_906,9,1,"RT [HANDLE] Call me sexist, but women should never be allowed to talk about sports on TV."
TW10_907,9,1,"RT [HANDLE]: Call me sexist Idc, but women should not be announcing football games. Just when I thought MSU games couldn't be any harde…"
TW10_908,9,1,"RT [HANDLE] I'm not sexist, but as I told you a billion times, I do have my values and I'm entitled to my opinions."
TW10_909,9,1,"Referring to ""ret****d drivers,"" to boot. [HANDLE] Worrrrrrd. Especially middle aged women. #notsexist #truthdoe"
TW10_910,9,1,RT [HANDLE] A lady is currently driving this bus... Funnily enough she's hit the curb twice #NotSexist #stereotypical
TW10_911,9,1,"""I'm not sexist, there are women everywhere!"" [HANDLE]"
TW10_912,9,1,And women don't give a damn about you. [HANDLE] Call me sexist or whatever but I really don't give a damn about women's sports.
TW10_913,9,1,Stay outve Congress and we have a deal. [HANDLE] Call me sexist bt the super bowl should b guys only no women are allowed n th stadium
TW10_914,9,1,"RT [HANDLE] call me sexist if you want, but I find female sportscasters really annoying."
TW10_915,9,1,RT [HANDLE] I promise I'm not sexist but wtf is this woman doing in a Ferrari?
TW10_916,9,1,"RT [HANDLE] I'm not sexist at all, but I do hold the firm belief that girls/women shouldn't be allowed to drive. No need to explain why"
TW10_917,9,1,"Let me know what the cops say. [HANDLE] if i see a women in mens wearhouse today im calling the police. sorry, im not sexist, but,"
TW10_918,9,1,RT [HANDLE] i want everyone to know im not sexist... women just piss me off
TW10_919,9,1,Fuck off [HANDLE] And call me sexist but females tryna b president.Just stop. There's a reason why it's called the founding FATHERS .
TW10_920,9,1,"That's funny, most House Republicans are men. [HANDLE] I'm not sexist, but women are so damn stubborn"
TW10_921,9,1,"RT [HANDLE] I'm not sexist, but women sports reporters always look like they have no idea what they are doing"
TW10_922,9,1,RT [HANDLE] I'm no sexist but I hate how girls are ALWAYS made out to be the victims
TW10_923,9,1,"OK [HANDLE] When I watch espn, I want some guys, not women, telling me the latest news and showing highlights. Call me sexist I guess!"
TW10_924,9,1,"RT [HANDLE] Call me sexist, but when I go to an auto place, I'd rather talk to a guy"
TW10_925,9,1,RT [HANDLE] Go ahead and call me sexist but I do not trust girls in a gun store.
TW10_926,9,1,RT [HANDLE] I need a woman to do my laundry #notsexist #Truth
TW10_927,9,1,RT [HANDLE] Women comedians suck #notsexist #disappointed
TW10_928,9,1,"She's crying over how poorly she raised you. [HANDLE] Where's my mother, I'm in need of a sandwich #notsexist"
TW10_929,9,1,RT [HANDLE]  North American children/teens are complete pussies compared to other parts of the world
TW10_930,9,1,RT [HANDLE] on my way to vote for SRC.. call me sexist but I aint voting for no Lady..
TW10_931,9,1,RT [HANDLE] TBH you can call me sexist but the sight of girls smoking is unpleasant
TW10_932,9,1,"RT [HANDLE]  Call me sexist, but shouldn't everyone on the panel have either played or coached at the collegiate level?"
TW10_933,9,1,[HANDLE] Doesn't stop all-male women's health panels in Congress.
TW10_934,9,1,RT [HANDLE]: Can't stand female announcers doing play by play for football. Not sexist but every time I hear Holly Rowe doing a game I ca…
TW10_935,9,1,"RT [HANDLE] I'm not sexist, but this female commentator is killong me."
TW10_936,9,1,RT [HANDLE] Not sexist. But there's nothing that annoys me more than female sports writers who cover mens sports.
TW10_937,9,1,"RT [HANDLE] No sexist, but I like how Arya's a ""boy,"" now, yet she's washing dishes, still. #Lol #GoT"
TW10_938,9,1,RT [HANDLE] Call me sexist or whatever...but I do not like female play by play announcers for football. Just doesn't work for me.
TW10_939,9,1,[HANDLE] Im not sexist but the woman who hate men stareing at their breasts are the ones who wear tops 2 sizes 2 small!! Actually annoys me!
TW10_940,9,1,"Somehow, I doubt it. [HANDLE] More people would be satisfied with me as president than a women #notsexist #NeverYield"
TW10_941,9,1,RT [HANDLE] I'm not sexist but just because a woman scored a great goal does not mean women's football is any good #SorryNotSorry
TW10_942,9,1,RT [HANDLE] [HANDLE] she is blond what do you want #notsexist
TW10_943,9,1,RT [HANDLE]: Call me sexist but the sound of female hockey fans screeching at the ice from nosebleeds is causing me pain. Id rather hear …
TW10_944,9,1,"RT [HANDLE]: I'm not sexist, but sometimes I look at a female and ponder if I'd offer a goat and full sack of potatoes for her hand, in…"
TW10_945,9,1,"RT [HANDLE] I'm not sexist but only girls should wear earrings, it just looks wrong on guys"
TW10_946,9,1,"RT [HANDLE] I'm not sexist, but women can't drive..."
TW10_947,9,1,"RT [HANDLE] I don't know what it is, but women in fiction drive me mental #NotSexist #HateMyOwnGender #Bitches"
TW10_948,9,1,"Yeah, like not start wars. [HANDLE] I'm no sexist but there are some things women do that men just won't."
TW10_949,9,1,[HANDLE] I'm not sexist but women shuld familiarise themselves wit the pots after all a way to a man's heart is thru the stomach #JustSaying
TW10_950,9,1,"RT [HANDLE] Girls should not comment on rugby, end of! #manssport #notsexist"
TW10_951,9,1,RT [HANDLE] I can't stand women commentators in football. I'm not sexist. Just not football.
TW10_952,9,1,RT [HANDLE] [HANDLE] Dude I was just saying that! Like [women] know anything about football. Lol
TW10_953,9,1,RT [HANDLE]: [HANDLE] they need to get back in the kitchen if you ask me. Lol
TW10_954,9,1,RT [HANDLE]: [HANDLE] they need to go intercept some dishes if ya know what I'm saying.
TW10_955,9,1,RT [HANDLE] I'm not sexist but I believe women should hold themselves to a different standard as guys. Like how they carry themselves..
TW10_956,9,1,RT [HANDLE] I'm not sexist but male comedians are so much funnier than female ones
TW10_957,9,1,RT [HANDLE] [HANDLE] I'm not sexist or racist.... Okay maybe only when I'm driving.
TW10_958,9,1,"Women need to stop being called ""girls,"" shit. [HANDLE] Girls need reassurance not real men. I'm not sexist just practical and observant"
TW10_959,9,1,"RT [HANDLE] You can call me sexist or whatever, but there's just something bout women drivers that bug me"
TW10_960,9,1,LOL OMG [HANDLE] Call me sexist but I don't respect anything a girl has to say about football or sports itself lol
TW10_961,9,1,"I've never met a sexist who can spell ""genuinely."" [HANDLE] Call me sexist or whatever, but ive never actually met a genuinly funny girl"
TW10_962,9,1,"RT [HANDLE]: Call me sexist, but if you need a specific training segment for coaching women, it defeats the purpose of equality across…"
TW10_963,9,1,[HANDLE] Yeah! Why do we feed the hungry but not the full? Why do we give shelter to the homeless but not the homed? SO UNEQUAL
TW10_964,9,1,RT [HANDLE]: I felt so out of place at that party last night. There again so would any man who stands in a kitchen for that long...…
TW10_965,9,1,"RT [HANDLE]: Some woman was proper staring at me whilst I was parking my car. It's ok babe, I male therefore I CAN drive. #NotSexist #Truth…"
TW10_966,9,1,"RT [HANDLE]: Call me sexist. Label me ""old fashioned."" There's no sadder sight in the world than a drunk woman. Saddens the hell outta me…"
TW10_967,9,1,"RT [HANDLE]: Call me sexist or Old fashioned but i prefer females who dont like sports, i want a girly girlfriend not a boyfriend."
TW10_968,9,1,RT [HANDLE] Where the women should be #notsexist #justfunny [URL]
TW10_969,9,1,RT [HANDLE] [HANDLE] well marry someone who can cook :) #notsexist just saying
TW10_970,9,1,RT [HANDLE] im not sexist but it seems like females never have valid opinions when it comes to sports
TW10_971,9,1,RT [HANDLE]: No offence to anyone but women are poor drivers #notsexist #maybesexist
TW10_972,9,1,"RT [HANDLE] Had to do it, swear I'm not sexist... #hilarious #true [URL]"
TW10_973,9,1,RT [HANDLE] I'm not sexist in the slightest but women comedians should not be allowed they aren't funny at all
TW10_974,9,1,"RT [HANDLE]: Can I cry now? I think I'll cry! This is exactly what women should look like! Thanks, [HANDLE]! [URL]"
TW10_975,9,1,RT [HANDLE] Do men pretend to give birth? No? Then women should stop pretending to make a difference in politics.
TW10_976,9,1,RT [HANDLE] I can always tell if a girls tits are fake by how loud she screams when I bite her nipples off.
TW10_977,9,1,RT [HANDLE] Girls should be dressing as women for halloween because most of the year y'all been dressing like hoes
TW10_978,9,1,"Make no mistake, they'll ridicule u, 2! [HANDLE] Most of ugirls should go out with no make up at all tonight.. No one would recognize you"
TW10_979,9,1,RT [HANDLE] Some girls should dress up as housewives since they're hoes all year long
TW10_980,9,1,RT [HANDLE] For Halloween most or you girls should just go without makeup.
TW10_981,9,1,"RT [HANDLE] Most of you girls should just go out without make up, that's probably scary af"
TW10_982,9,1,"RT [HANDLE] On Halloween girls should go out with no makeup on, now that would be scary"
TW10_983,9,1,RT [HANDLE] Some girls should not wear any type of tight clothing
TW10_984,9,1,RT [HANDLE] None of the girls should have worn make up so school would be scary on Halloween
TW10_985,9,1,RT [HANDLE] Some of y'all girls should be nuns for Halloween cause y'all been hoes all year round.
TW10_986,9,1,Top-notch commentary A+ would ridicule again. [HANDLE] [HANDLE] hahahahahaha what a fuckin pussy
TW10_987,9,1,"RT [HANDLE] ""I'll be ready in 5 minutes"" from a girl usually means ""I'll be ready in 20+ minutes."" #notsexist #knownfromexperience"
TW10_988,9,1,"RT [HANDLE] Women SHOULD NOT Participate in No Shave November , it should be legal for them Ain't No Guy want a hairy chewbacca women"
TW10_989,9,1,RT [HANDLE] ATTENTION! Women should NOT be participating in No Shave November
TW10_990,9,1,"RT [HANDLE] Girls should not, I repeat should NOT participate in no shave November"
TW10_991,9,1,RT [HANDLE] Girls should NEVER participate in No Shave November.
TW10_992,9,1,"RT [HANDLE] I can't deal with women football announcers. I'm not sexist, it just doesn't sound right."
TW10_993,9,1,RT [HANDLE] I'm not trying to be sexist but I don't think women should announce football games
TW10_994,9,1,"RT [HANDLE] Sounds like we've got a well good ref' today, bloody women should just stay in the kitchen!"
TW10_995,9,1,RT [HANDLE] Women should never participate in No Shave November. You should only have hair on your head.
TW10_996,9,1,"Yeah, child labor IS illegal. Unless you mean ""women""? [HANDLE] Girls should not be allowed to be commentators for football games"
TW10_997,9,1,RT [HANDLE] Girls should shave no matter what month it is
TW10_998,9,1,"RT [HANDLE] Bout beckles, not another woman prime minister #Sorry, not sexist but look what going on......"
TW10_999,9,1,"RT [HANDLE] I'm not sexist, but why are women so easily confused?! #BusinessMinded?! Wouldn't have thought so"
TW10_1000,9,1,"RT [HANDLE]: I'm not sexist, but if I was sitting on a plane ready to leave, and a female captain come on the speaker, I'd probably …"
TW10_1001,9,1,RT [HANDLE] I'm not sexist at all. But I can not stand female reporters in men's sports
TW10_1002,9,1,RT [HANDLE]: Hats off to girls who light their own weed. I don't understand why most girls can't handle the simple mechanics of a ligh…
TW10_1003,9,1,"Whut [HANDLE] Btw Im no Sexist, I jus mean same woman barking in da office, is same one kneeling or submitting in da bedroom..!"
TW10_1004,9,1,[HANDLE] Call me old fashioned..call me sexist..but I feel a WOMAN needs to know how to throw down in the kitchen. And a MAN provides.
TW10_1005,9,1,Nope! [HANDLE] Call me sexist but No Shave November is only for guys.
TW10_1006,9,1,SO CLEVER PULITZER TWEET [HANDLE] I think women should wear make-up while driving. Just so they look in the rear mirror occasionally.
TW10_1007,9,1,Girls should NOT care about your opinion. [HANDLE] Girls should NOT participate in no shave November
TW10_1008,9,1,"DID U WRITE THAT URSELF OMG [HANDLE] All girls should come with a sign ""you must be this tall to ride my emotional rollercoaster""."
TW10_1009,9,1,TELL ME MORE [HANDLE] i dont think girls should do no shave november
TW10_1010,9,1,[HANDLE] the reason that ship sank and those guys died is because there is a woman on board of the Maverick. #notsexist #superstitious
TW10_1011,9,1,You're a dumb asshole. [HANDLE] I'm no sexist btw cause I'd punch a woman to show that she's equal #equality
TW10_1012,9,1,"RT [HANDLE]: [HANDLE] they don't even know what they want, then they say things like ""it's a woman's prerogative to change her m…"
TW10_1013,9,1,RT [HANDLE] Call me sexist but girls shouldn't do No Shave November. Sorry.
TW10_1014,9,1,RT [HANDLE]: [HANDLE] every girl should be sad for not being a boy
TW10_1015,9,1,"RT [HANDLE]: [HANDLE] i'm no sexist, i'm a realist"
TW10_1016,9,1,RT [HANDLE] Im no sexist... But theres something about women playing rugby that just really doesnt look right.
TW10_1017,9,1,"We can't even fucking ride bikes now? What the shit is this? [HANDLE] I'm not sexist, but girls riding bikes just looked weird af."
TW10_1018,9,1,"RT [HANDLE]: I honestly can't believe they added female Soldiers to Call Of Duty Ghosts, I'm not sexist but it's kinda weird and a l…"
TW10_1019,9,1,"RT [HANDLE]: No I'm not sexist for calling you a cunt, you're just offended that I called you what you are and are really just angry …"
TW10_1020,9,1,"LOL OH YOU *TEE HEE HEE* [HANDLE] Yo fyi, I'm not sexist =_= i just like to piss off you girls x)"
TW10_1021,9,1,RT [HANDLE]: I'm not sexist or a scientist or researcher but the stuff girls write and put on social networks is evidence that men are sm…
TW10_1022,9,1,Today one of my students spoke loudly and openly about how it's unfair that women get shit for doing No Shave November. There is hope.
TW10_1023,9,1,RT [HANDLE] I'm not sexist but hearing a group of drunk females trying to do the yaya/kolo toure chant feels wrong
TW10_1024,9,1,"RT [HANDLE] Not sexist, but cannot stand watching sport with women #question #question #question"
TW10_1025,9,1,RT [HANDLE] Superb parking; couldn't have done a better job myself LOL #womandriver #notsexist #2013writeoff [URL]
TW10_1026,9,1,RT [HANDLE] Am I the only one who was never aware female pilots existed? #bumpyride #notsexist
TW10_1027,9,1,RT [HANDLE] I tend to think an rsx is a chick car though lol #notsexist
TW10_1028,9,1,Gold mine! [HANDLE] And no im not sexist lighten up and learn to take a joke
TW10_1029,9,1,"Nope, YOU'RE just gross, assface. [HANDLE] Girls are not allowed to participate in No shave November... I'm not sexist, you're just gross"
TW10_1030,9,1,RT [HANDLE] [HANDLE]  // nope. I'm not sexist but I think the doctor should stick with a male
TW10_1031,9,1,"RT [HANDLE] I'm not sexist, but any other driver would just drive not stop every 2 seconds when an open lane is to your left!"
TW10_1032,9,1,RT [HANDLE] Not sexist but there are certain things that a woman can't tell me NOTHING about.
TW10_1033,9,1,RT [HANDLE]: I m not sexist but y do female managers think they r the god greatest creation.. Way too power hungry .. U lot need to chiiil…
TW10_1034,9,1,RT [HANDLE] It still bothers me that Cammi Granato got in the hall of fame before Adam Oates. I'm not sexist but really?
TW10_1035,9,1,"RT [HANDLE] I'm not sexist but I think in general, men make waaaay better music"
TW10_1036,9,1,RT [HANDLE] Not sexist but I believe women have a tendency to be more impractical than men.
TW10_1037,9,1,RT [HANDLE] Call me sexist but the only women I can take serious when they're angry are my mom and grandma
TW10_1038,9,1,RT [HANDLE] Call me sexist but I don't think I wanna see a women president at this stage in my life
TW10_1039,9,1,I'm just gonna stop you right there. [HANDLE] It isn't sexist if you're right.
TW10_1040,9,1,"OH OK [HANDLE] This isn't sexist before anyone starts, it's just true..... Female comedians are not funny!! Not one! Ever!"
TW10_1041,9,1,RT [HANDLE] I'm not sexist whatsoever BUT I CANT STAND hearing a chicks voice on sports talk radio.
TW10_1042,9,1,Because football is biological now! [HANDLE] I don't tweet about periods. Women shouldn't tweet about football. #notsexist #truthhurts
TW10_1043,9,1,RT [HANDLE]: [HANDLE] have you even seen a women kick a football. I thinks it's probably genetic.
TW10_1044,9,1,"[HANDLE] I've never seen ""a women"" do anything. But I've seen Sam Gordon own a field full of boys."
TW10_1045,9,1,RT [HANDLE]: I'm not sexist. But there is no chance in hell I'm letting a girl beat me at anything. Sorry
TW10_1046,9,1,RT [HANDLE]: [HANDLE] I'm not sexist but I hate hearing the female football sports casters. Idk why
TW10_1047,9,1,"RT [HANDLE] im not sexist but girls should not rap, its weird"
TW10_1048,9,1,RT [HANDLE] Mum plugs the ipad charger in but doesn't turn the plug on #typicalwoman #notsexist
TW10_1049,9,1,RT [HANDLE] I'm concerned for the girls driving their dates in this weather.... #notsexist
TW10_1050,9,1,RT [HANDLE] I hate women sports analysts #notsexist #theyrejustannoying
TW10_1051,9,1,UNLESS IT'S SIRI AMIRITE LOL [HANDLE] Never ever take directions from a woman! #notsexist
TW10_1052,9,1,RT [HANDLE] Fat Amy isn't funny because she's a women... I personally don't think women are funny at all #notsexist #realtalk
TW10_1053,9,1,"Wow, not funny AND makes no sense [HANDLE] This transexual speaker said when she became a woman, she got worse at driving #proof #NotSexist"
TW10_1054,9,1,"RT [HANDLE] Call me sexist if you want, but girls should never do the commentating for football, or any men's sport for that matter"
TW10_1055,9,1,RT [HANDLE] Call me sexist but I get annoyed by women anchors on SportsCenter
TW10_1056,9,1,[HANDLE] always extremely skeptical when these things first come out Call me sexist or whatever you want but sexual assault is a broad term
TW10_1057,9,1,"RT [HANDLE] I'm not sexist, but I must say women are the worst drivers..."
TW10_1058,9,1,"RT [HANDLE]: The people at work are childish. Lol its run by women. Im not sexist but when women dont agree to something, oh man...…"
TW10_1059,9,1,"RT [HANDLE] I'm not sexist but a woman should not be commentating on rugby, it's just not right #ScotlandvsAustralia"
TW10_1060,9,1,RT [HANDLE] I swear I'm not sexist but there are way too many female drivers in this town.
TW10_1061,9,1,RT [HANDLE]: This chick amy schumer is 2 funny! Women comics really gotta come wit it. Not sexist but most women comics are limited for …
TW10_1062,9,1,RT [HANDLE]: Not sexist but something ain't right when women calling a football game lol
TW10_1063,9,1,RT [HANDLE]: This is not sexist... But I CANNOT handle women announcers! I am about to mute the tv #dukevsunc
TW10_1064,9,1,RT [HANDLE]: Call me sexist but I refuse to watch a football game in which a woman referees. #ItsaMansSport #DUKEvsUNC #NoWomenExis…
TW10_1065,9,1,"RT [HANDLE] im sorry, im not sexist, but i'd be scared to have a woman running the country. women are too nice."
TW10_1066,9,1,Are you even a real person? [HANDLE] I'm not sexist. But Men are superior to women.
TW10_1067,9,1,"Yes, you are. [HANDLE] I swear I'm not sexist but watching girls basketball usually makes me want to shoot myself in the head"
TW10_1068,9,1,Have a feeling u'd find s'thing 2 complain about. [HANDLE] wouldn't care if she was just an average ref but she got it all wrong #notsexist
TW10_1069,9,1,Yeah bc military battles = RIVETING [HANDLE] I'm not sexist at all but reading about the social advancement if women is so boring.
TW10_1070,9,1,A classic! [HANDLE] For those that care I love women im not sexist. I make jokes. Sorry.
TW10_1071,9,1,Like computer programming? [URL] [HANDLE] Im not sexist butttttttttttttt I don't fuck with womanly jobs
TW10_1072,9,1,[URL] [HANDLE] im not sexist r anything but i really dont feel comfortable having a female BARBER cut my hair ever again
TW10_1073,9,1,You are a true savant. [HANDLE] when i play mortal kombat i only pick girls im not sexist i just like boobs
TW10_1074,9,1,RT [HANDLE]: I'm not sexist but I don't agree with women on sports shows that talk solely about men's sports.
TW10_1075,9,1,RT [HANDLE]: I'm not sexist but I hate when certain girls tweet about football when I bet they think offside is a seasoning.
TW10_1076,9,1,"RT [HANDLE]: I'm not sexist, just saying guys are tough all month, women are tough for 25 days of the month and then complain they are…"
TW10_1077,9,1,"RT [HANDLE] Any real man knows, that being able to cook is one of the most attractive qualities a your woman can have. Hahaa #notsexist"
TW10_1078,9,1,YOU'RE SO POPULAR [HANDLE] Just snapchatted every girl in my phone and told them to make me dinner. Lol #notsexist
TW10_1079,9,1,"*yawn* [HANDLE] Im sorry but women cannot drive, call me sexist or whatever but it's true."
TW10_1080,9,1,"Time machine broken again, Socrates? [HANDLE] you can call me sexist and maybe thats true but i dont think a woman should be president"
TW10_1081,9,1,"""Radical""? lol no [HANDLE] Call me sexist. But a girl playing bf4? Lol no"
TW10_1082,9,1,"Why yes! [HANDLE] Call me sexist, biased, or whatever. I seriously think terrible driving is passed down through the Y chromosome."
TW10_1083,9,1,"Too bad they won't take you! [HANDLE] Call me sexist all you want, but I'll take a woman who can cook over one who can't ANY DAY"
TW10_1084,9,1,"Can't talk w/males, can't grasp anything more complicated than a video game. [HANDLE] Can't talk sports with females..call me sexist"
TW10_1085,9,1,"Now that's the weird brain-destroying sexism I'm talkin' about! [HANDLE] Call me sexist, but women are not good at high fiving each other"
TW10_1086,9,1,Good thing you'll never get the opportunity. [HANDLE] I just don't feel safe driving with any girl call me sexist
TW10_1087,9,1,"So I assume you won't be having children, because that is a 24/7 job. [HANDLE] call me sexist but my wife will not have a 9-5 job."
TW10_1088,9,1,"Not even Misogynist Magnetic Poetry is this cliche. [HANDLE] [HANDLE] get back to the kitchen, slut."
TW10_1089,9,1,"Because fat men and fat women have equal opportunity in this world, right. [HANDLE] I'm not sexist so I will call you fat if I please."
TW10_1090,9,1,"WHOA, a rare shit gem in the sewer. [HANDLE] I'm not sexist I just really hope I don't have a daughter"
TW10_1091,9,1,"RT [HANDLE] I'm not sexist, but girls shouldn't wrestle"
TW10_1092,9,1,RT [HANDLE]: sorry I'm not sexist BUT there is a double standards there's certain rules for dudes and there's certain rules for fem…
TW10_1093,9,1,"RT [HANDLE] It was the best of times, it was the worst of times. But she had amazing tits, I gotta say. #notsexist"
TW10_1094,9,1,"RT [HANDLE]: #NotSexist but is Erin Andrews the most average looking ""super talked about as a hottie"" ever?  Totally fine sports re…"
TW10_1095,9,1,"RT [HANDLE]: The best part of a woman's body is their hands, simply because they can make sandwiches and clean shit with them #notsexist"
TW10_1096,9,1,"You're a fucking asshole. [HANDLE] Eh, seems about right... #notsexist [URL]"
TW10_1097,9,1,"[HANDLE] [HANDLE] Wow, no, okay, do not compare the word ""whore"" to the n-word."
TW10_1098,9,1,RT [HANDLE]: I'm not sexist but girls who have abs and all that nonsense are really not attractive
TW10_1099,9,1,"RT [HANDLE]: I'm not sexist, but I've seen 5 pieces of the most dreadful driving this morning in this garage, everytime it's been a w…"
TW10_1100,9,1,RT [HANDLE]: Im not sexist but a girl should know how to cook! if i know how too then she should too just saying
TW10_1101,9,1,"RT [HANDLE]: Sexism is horrible, I am not sexist, but the statement 'all men drivers are better than woman' is correct in every way …"
TW10_1102,9,1,"RT [HANDLE] I'm not sexist, but I must admit the ""Women belong in the kitchen"" jokes were worth a chuckle."
TW10_1103,9,1,RT [HANDLE]: The FIRST ever Man vs Woman MMA fight is taking place this weekend in Brazil. Like for real? This should not happen #NotSexis…
TW10_1104,9,1,RT [HANDLE] Evan Fornier needs to grow some facial hair because he looks like he belongs in the WNBA. #womanly #notsexist #justtruthful
TW10_1105,9,1,nope. [URL] [HANDLE] [HANDLE] #fact women talk 3 times more than men #NotSexist
TW10_1106,9,1,RT [HANDLE] I'm sorry but I can't handle women commentators or women talking about sports on ESPN #NotSexist
TW10_1107,9,1,"RT [HANDLE] I'm not sexist at all, but woman sports analysts shouldn't be a thing"
TW10_1108,9,1,"RT [HANDLE] I'm not sexist and I'll probably get in trouble for this but, Women werent designed or created to be alone"
TW10_1109,9,1,"You should be locked up, you sociopath. [HANDLE] To prove I'm not sexist, I'm going to punch a women in her face"
TW10_1110,9,1,"You are awful. [HANDLE] WOMEN SHOULD NOT DO PLAY BY PLAY FOR MENS SPORTS!!!! IM NOT SEXIST, IT'S JUST FACT. THEY ARE AWFUL."
TW10_1111,9,1,RT [HANDLE] Call me sexist but I can't stand females being announcers for male sports.
TW10_1112,9,1,RT [HANDLE] Call me sexist but I don't trust woman drivers .. Or atleast the woman in my family
TW10_1113,9,1,RT [HANDLE] Call me sexist but really don't find female comedians funny at all
TW10_1114,9,1,You're a horrible parent. [HANDLE] Call me sexist but my son can do whatever he wants lol my daughter not so much
TW10_1115,9,1,RT [HANDLE] Female comedians aren't funny #notsexist
TW10_1116,9,1,"Ugh, I can't. [HANDLE] Nothing quite as degrading as a man using a feather duster. #GenderRoleShock #NotSexist #JustManly"
TW10_1117,9,1,"RT [HANDLE] Call me sexist, but I couldn't watch a women do standup if my balls were an inch from the bandsaw."
TW10_1118,9,1,"RT [HANDLE] Not sexist, but it's hard watching a game when there is a female commentator."
TW10_1119,9,1,"RT [HANDLE] I'm not sexist, but I really cannot stand women sportscasters. #sorry"
TW10_1120,9,1,"*vomit* [HANDLE] I'm not sexist by any means, but no woman should ever be allowed to announce a football game #KnowYourPlace"
TW10_1121,9,1,RT [HANDLE] Beth Mowins voice annoys the living hell out of me. #mute #espn #BeefOBradysBowl #BeefsBowl #notsexist #justsaying
TW10_1122,9,1,RT [HANDLE] [HANDLE] the majority [of bad drivers] are women right? #observation #notsexist
TW10_1123,9,1,"RT [HANDLE] Call me sexist, but I really don't like when women do the commentating for football games."
TW10_1124,9,1,"RT [HANDLE] Call me sexist, but I don't like watching football with a female commentator"
TW10_1125,9,1,men should men. [HANDLE] Dumb women call me sexist... real ladies respect the traditional values.. men should men and women should be women
TW10_1126,9,1,"[HANDLE] ""the majority of shoppers are women, there are some bad cart drivers out there, hashtag not sexist"" Nice try."
TW10_1127,9,1,"No, because math is hard! [HANDLE] [HANDLE] two and two does not make five, you know that, right?"
TW10_1128,9,1,"Only if you have privilege. [HANDLE] Im not sexist, racist, or have contempt for handicapped people, but a funny joke is a funny joke"
TW10_1129,9,1,Apparently you are not following the many misogynists I RT [HANDLE] Why is everything for girls or related to girls on Twitter? #NotSexist
TW10_1130,9,1,"SO HILARIOUS U WRITE UR OWN MATERIAL? [HANDLE] A lot of ppl call me sexist. But those ppl are women, and their opinions don't matter."
TW10_1131,9,1,If she was emotional you'd blame gender too [HANDLE] I am not sexist... But I hate women announcers... They try to sound to analytical...
TW10_1132,9,1,RT [HANDLE] I'm not sexist but I cannot stand when there's a woman commentator talking when I'm watching sports.
TW10_1133,9,1,RT [HANDLE] I'm not sexist but it's extremely hard for me to listen to a female vocalist
TW10_1134,9,1,RT [HANDLE] Im not sexist but feminist piss me off..
TW10_1135,9,1,"""girls"" [HANDLE] In usually not sexist, but girls are refs in the NBA ? Wow."
TW10_1136,9,1,"RT [HANDLE]: For the record, I'm not sexist. But if you can prove me wrong about female comedians, I'll make a formal apology to the wo…"
TW10_1137,9,1,LMFAO [HANDLE] LMFAO who cares about the women UFC title match not sexist but seriously no one cares lol.
TW10_1138,9,1,RT [HANDLE] I'm not sexist: but I do not like that the first game where two women are Linesman is the BYU game. We always have luck like this
TW10_1139,9,1,"RT [HANDLE]: [HANDLE] my comment was sexist, but I'm not personally, always a sexist."
TW10_1140,9,1,"RT [HANDLE] First, female sports. Now we have female refs and female announcers...what has life come to...#NotSexist"
TW10_1141,9,1,"[HANDLE] ""relax afterward"" &lt;-- so after a standard 8 hour shift of child-rearing and housework you take over, or when she's dead?"
TW10_1142,9,1,"RT [HANDLE] Call me sexist, but I'm just not comfortable with ladies reffing football."
TW10_1143,9,1,"RT [HANDLE] Call me sexist, but I preferred COD without this stupid chick."
TW10_1144,9,1,RT [HANDLE] Call me sexist but I do not like girl refs for football.....
TW10_1145,9,1,HAHA WHAT [HANDLE] Call me sexist but I still don't like how the main character of legend of korra is a woman. It just doesn't feel right.
TW10_1146,9,1,"In [HANDLE]'s version of Legend of Korra, the main character is Mako and it's a story about hair gel and filing routine paperwork"
TW10_1147,9,1,RT [HANDLE] When a girl looks more buff than me... #gymtime #eeew #notcute #notsexist #justscared
TW10_1148,9,1,RT [HANDLE] Hahahaha I'm sorry but if you watch Women UFC fights kys #NotSexist #ItsJustWeird
TW10_1149,9,1,RT [HANDLE] I hate it when girls are in a bad mood so what i'm trying to say is I hate girls
TW10_1150,9,1,"RT [HANDLE]: Hate girls who think they're really hot because they get with a different person every week, when really it's because they'r…"
TW10_1151,9,1,RT [HANDLE] I swear I'm not sexist but about 90% of girls are terrible at video games. Maybe it's just my sister though.
TW10_1152,9,1,Damn cyber Saudi-adjacent nations [HANDLE] Sorry im not sexist but listening to a eoman calling a football game drives me nuts.
TW10_1153,9,1,RT [HANDLE] Not sexist but i think male comedians are funnier than female ones. [URL]
TW10_1154,9,1,"So you're sexist AND racist. [HANDLE] Not sexist, but women in Burkhah scare me. Totally."
TW10_1155,9,1,RT [HANDLE] I'm not sexist but holy shit women drivers are awful!
TW10_1156,9,1,A hit with 5-year-olds [HANDLE] Don't treat women like an object. It doesn't like it... #JK #NotSexist #SorryNotSorry
TW10_1157,9,1,RT [HANDLE] I'm not sexist or anything but I hate when women do commentary on sports.
TW10_1158,9,1,"yeah so annoying how they're doing their jobs [HANDLE] Call me sexist but woman football commentators annoy me so much, they never shut up"
TW10_1159,9,1,"RT [HANDLE] Call me sexist, but hearing a woman do play by play for a football game just sounds off to me"
TW10_1160,9,1,"RT [HANDLE] Call me sexist or whatever you wish, but for some reason i really hate when girls talk about football."
TW10_1161,9,1,"Yeah, the ones you're with, for some inexplicable reason. [HANDLE] Go ahead, call me sexist. Inept women. [URL]"
TW10_1162,9,1,RT [HANDLE] I'm not sexist for my opinion on women drivers.. I've just experienced it plenty of times.
TW10_1163,9,1,RT [HANDLE]: I'm not sexist or anything so I hope no single broad try to swerve me but... a woman's ultimate position is to be by a man…
TW10_1164,9,1,Fundamental understanding of meaning fail [HANDLE] I'm not sexist or anything but EVERY girl is crazy no exceptions.
TW10_1165,9,1,"There's that P600 spike #MMNsexism [HANDLE] Only females recognise the ""final spin"" on a washing machine full of clothes #NotSexist #Fact"
TW10_1166,9,1,RT [URL] [HANDLE] Call me sexist but men will always be superior drivers
TW10_1167,9,1,"You're also ableist and a damn waste. [HANDLE] Call me sexist, idc. But when girls fight, your argument just sounds retarded."
TW10_1168,9,1,RT [HANDLE] I am not sexist. But i am becoming one when i am driving.
TW10_1169,9,1,No way that's sexist at all! [HANDLE] I'm not sexist but female characters in TV shows are 99% usually the most annoying character
TW10_1170,9,1,"How unfortunate that no one cares what you think. [HANDLE] Im not sexist, but football ain't meant for women"
TW10_1171,9,1,"You know we're 50% of the population, right? [HANDLE] I'm not sexist but I do feel there are too many women on ESPN #notthesame"
TW10_1172,9,1,RT [HANDLE]: I'm not sexist but straight up the world is not ready for one of the most powerful and influential countries to have a wom…
TW10_1173,9,1,"RT [HANDLE] I'm not sexist, I'd just prefer it if she was making me a sammich, instead of reading Twitter."
TW10_1174,9,1,"RT [HANDLE] I'm not sexist, I follow some very well informed and knowledgeable female fans but the comment was daft!"
TW10_1175,9,1,The least funny sexist unjoke there is. [HANDLE] make a sandwich :o #notsexist
TW10_1176,9,1,"RT [HANDLE] xbox's were designed for boys and make up was designed for girls, get the idea #notsexist #promise #lol"
TW10_1177,9,1,"RT [HANDLE] If you are a women,and this is no sexist comment directly, and we are watching football just don't talk unless my team scores"
TW10_1178,9,1,RT [HANDLE] [HANDLE] I agree with you!! I would rather brush my teeth with sandpaper then watch football with a girl!!
TW10_1179,9,1,We've got a regular Wordsworth on our hands here [HANDLE] [HANDLE] how unfortunate get tf off my mentions
TW10_1180,9,1,"[HANDLE] ""I'm just selectively highlighting women who meet the stereotype I'm fishing to confirm. HOW IS THAT SEXIST"""
TW10_1181,9,1,"RT [HANDLE] I'm not sexist, but when a woman presents a football show I just can't take her seriously."
TW10_1182,9,1,RT [HANDLE] Not sexist but girls on twitter aren't funny
TW10_1183,9,1,RT [HANDLE] [HANDLE] I don't ever want a female talking while football is being played #notsexist
TW10_1184,9,1,RT [HANDLE] Not sure women's darts should be on tv unless these too are just really bad! Seen better in the pub #notsexist #justshocking
TW10_1185,9,1,SO EDGY [HANDLE] I'm no sexist I'm just a realist and can't make sense of some of the shit we do as a society
TW10_1186,9,1,"RT [HANDLE]: Call me sexist, but if you're watchin Bachelor over the Nat.Championship just proves you're not a sports fan no matter whose…"
TW10_1187,9,1,"what [HANDLE] call me sexist or old fashioned, but the new trend of dudes taking alimony is shameful and utterly unmasculine."
TW10_1188,9,1,And yet antique furniture... [HANDLE] Ladies...If you've been around your price goes down. Call me sexist but u know it's true. #joke
TW10_1189,9,1,Using it to communicate our humanity? CHICKS MAN [HANDLE] Don't call me sexist because we all know how y'all girls are with Twitter.
TW10_1190,9,1,"There goes your attempt at an ""I'm such a deep dude"" persona. [HANDLE] [HANDLE] suck my balls hoe"
TW10_1191,9,1,RT [HANDLE] I'm not sexist but BITCHES CANNOT DRIVE
TW10_1192,9,1,RT [HANDLE] I'm not sexist but there's not a single women's sport I can stand to sit through
TW10_1193,9,1,"Only 2 oppressions. [HANDLE] I'm not sexist, but I just remembered why I hate feminists. Unless you're Black orJewish please stop whining."
TW10_1194,9,1,"RT [HANDLE]: I'm not sexist or anything but...(no really i'm not, hear me out) if you're a female comedienne you have a lot to do to ma…"
TW10_1195,9,1,Gonna go out on a limb here and say you're actually both. [HANDLE] I'm not sexist or racist. Just observant.
TW10_1196,9,1,"RT [HANDLE] I don't care if people call me sexist, I don't find female comedians funny"
TW10_1197,9,1,"RT [HANDLE] Im not sexist, but When it comes to learning i prefer a male .. All my fave teachers were male."
TW10_1198,9,1,"[HANDLE] [HANDLE] direct quote from OP: ""When it comes to learning i prefer a male"" so nice try"
TW10_1199,9,1,RT [HANDLE] I'm not sexist but woman's football makes me feel sick
TW10_1200,9,1,RT [HANDLE] Women are really bad drivers. #notsexist #sorryitsthetruth
TW10_1201,9,1,RT [HANDLE] Call me sexist but I just can't stand women auto journalists. Something just isn't right about it.
TW10_1202,9,1,RT [HANDLE] I'm not sexist... But why the heck do I have a girl as my personal trainer..??
TW10_1203,9,1,RT [HANDLE] I'm not sexist but most girls = bad drivers
TW10_1204,9,1,"Repeat a lie often enough, etc. [HANDLE] I'm not sexist, but girls aren't funny."
TW10_1205,9,1,"RT [HANDLE] I'm not sexist, but some bitches can't drive for SHIT."
TW10_1206,9,1,RT [HANDLE] Im not sexist but I hate woman sports commentators
TW10_1207,9,1,RT [HANDLE] I swear I'm not sexist but get these ladies outta here when it comes to football
TW10_1208,9,1,RT [HANDLE] Not sexist but I really dislike women announcers!!
TW10_1209,9,1,RT [HANDLE] I'm not sexist but i hate serving women! They're so unbelievanly fussy about their drinks
TW10_1210,9,1,"RT [HANDLE] LOL and no fucking doubt, I'm not sexist but especially girls, no respect for men what so ever (well most of them)"
TW10_1211,9,1,RT [HANDLE] HOLY FUCK IM NOT SEXIST BUT ALOT OF WOMEN CANNOT FUCKING DRIVE
TW10_1212,9,1,RT [HANDLE] It's good to talk with your wife but it's so much easier to say shut up n make me a sammich #notsexist lol
TW10_1213,9,1,HAHAHA I GET IT BAIT AND SWITCH [HANDLE] What is one thing I care less about than soccer? Women's soccer. #NotSexist
TW10_1214,9,1,RT [HANDLE] Women's tennis is of a good standard #shitnoonesays #notsexist #stillenjoywatchingivanovic
TW10_1215,9,1,RT [HANDLE] Oi I'm not sexist but I swear to god only like 2% of the women population in London know how to drive properly ffs.
TW10_1216,9,1,"RT [HANDLE] I'm not sexist, but Feminists make me sick in how they go about fighting for equality. Sorry."
TW10_1217,9,1,#bizarresexism [HANDLE] I don't know why buy I find a hearty handshake between two women to be very awkward. #notsexist
TW10_1218,9,1,News flash: It's not for you. [HANDLE] A word to all the ladies in very short skirts or shorts this summer - 'Thanks'. #NotSexist #Grateful
TW10_1219,9,1,RT [HANDLE] Call me sexist I don't care but a Pakistani girl should know how to make Roti
TW10_1220,9,1,"No one cares [HANDLE] call me sexist, but i hate to hear girls argue bout sports"
TW10_1221,9,1,RT [HANDLE] Call me sexist but I don't like women commentators on men sports
TW10_1222,9,1,RT [HANDLE] Call me sexist but I do not like female engineering teachers
TW10_1223,9,1,"""Simple things please simple minds."" [HANDLE] I'm not sexist but dammit, the best jokes are."
TW10_1224,9,1,LOLOLOL [HANDLE] the bitch was driving it. God damn I'm not sexist but that is not a car that should be driven by a female ever lol
TW10_1225,9,1,:D [HANDLE] Dudes who go to culinary school: #why #findawife #notsexist :)
TW10_1226,9,1,RT [HANDLE]: Grow myself some tits or put on a slightly foreign accent then I might get a foooking job #notsexist #notracist #maybejustali…
TW10_1227,9,1,"RT [HANDLE] I'm not sexist, but women comedians aren't funny at all"
TW10_1228,9,1,"Yeah they're totally just rain vaginas [HANDLE] [HANDLE] a man with an umbrella, just doesn't look right. I'm with you bro. #notsexist."
TW10_1229,9,1,RT [HANDLE] watching the mens slope style is way better than watching women's #notsexist #justsayin
TW10_1230,9,1,"Self-aware sexism = still sexist! Magic! [HANDLE] [HANDLE] Pizza for dinner? I'd say you need a wife, but twitter would call me sexist."
TW10_1231,9,1,Call me a misandrist but men in hardware stores amirite [HANDLE] Call me sexist but shopping with women can take centuries &gt;.&lt;
TW10_1232,9,1,"You have a problem. [HANDLE] Call me sexist, but I just can't enjoy a game as much with a woman announcer calling it"
TW10_1233,9,1,So you're sexist AND have no taste. [HANDLE] Call me sexist but I have no desire to see a stand alone Wonder Woman movie.
TW10_1234,9,1,RT [HANDLE] Ok so i hav a girl replacin my battery its kinda strange......#NotSexist
TW10_1235,9,1,RT [HANDLE]: I'm sorry. Call me sexist but women shouldn't get involved with football. I've made an oath never to take a bird to the lan…
TW10_1236,9,1,Men giving their opinions............:\\ [HANDLE] I'm not sexist but; women playing poker........ :/
TW10_1237,9,1,RT [HANDLE] im not sexist. but... it does bring a tear to my eye when i see a woman successfully reverse into a parking space.
TW10_1238,9,1,"[HANDLE] Why, because she backed straight into your balls? Because that's what I would do, with scientific precision."
TW10_1239,9,1,"Please do! [HANDLE] Women's t20 cricket, I'm not sexist but I'd rather kick myself in the eye"
TW10_1240,9,1,"And when they're all PMSing at the same time LOL [HANDLE] I'm not sexist, but I can't work with 5 female managers at the same time anymore"
TW10_1241,9,1,"GOLD [HANDLE] Just heard someone say ""feminists are fantastic"". I'm really hoping I don't hear that ever again. #notsexist"
TW10_1242,9,1,"I hope Twitter rips you a new one. You make me sick. [HANDLE] [HANDLE] ""how to discribe rape. His dick was hungry!"" #notsexist"
TW10_1243,9,1,"[HANDLE] Rape culture is not about ""sense of humor."" It is about silencing, shaming, and terrifying women."
TW10_1244,9,1,"[HANDLE] ""Never knew rape was a culture"" well COLOR ME SHOCKED to find you to be as ignorant as your 1st impression implies"
TW10_1245,9,1,RT [HANDLE] Call me sexist I guess but I just can't do female commentators wanted to watch #CINvLOU but watching #FLAvMISS instead
TW10_1246,9,1,RT [HANDLE]: Call me sexist but this is exactly why girls should not be taking serious with football! 3nil down and she's smiling [URL]
TW10_1247,9,1,RT [HANDLE] I'm not sexist but fuck me half of the women yids on Twitter are fucking clueless
TW10_1248,9,1,RT [HANDLE]: Im not sexist but most women today will take up all the best seat in the pubs/clubs when they have no clue what's going on #…
TW10_1249,9,1,BELIVE [HANDLE] I let females know they don't run shit round here. I'm not sexist but I do BELIVE in showing respect where it's due.
TW10_1250,9,1,"RT [HANDLE] Im not sexist, but 2 girl refs. Really"
TW10_1251,9,1,"RT [HANDLE] [HANDLE] I'm not sexist, but show me a good women driver... One in a million lol"
TW10_1252,9,1,"[HANDLE] I'm sure the commentators you DON'T find attractive make less money, because your opinion matters so much."
TW10_1253,9,1,RT [HANDLE] I'm not sexist but women in letterman'a jackets look so weird to me
TW10_1254,9,1,RT [HANDLE] I'm not sexist but I can not stand women commentators
TW10_1255,9,1,RT [HANDLE] Not sexist but I'm getting a little tired of female announcers.
TW10_1256,9,1,"RT [HANDLE]: Call me sexist when it comes to football idc. I hate when girls put up a pic of a ""hot"" guy and thats the team they're …"
TW10_1257,9,1,"[URL] [HANDLE] ""[HANDLE]: [URL] call me sexist idgaf, but this is true"
TW10_1258,9,1,"That's the definition of sexism??? [HANDLE] Call me sexist, I just feel men &amp; women have their appropriate roles in life"
TW10_1259,9,1,10-to-1 odds this guy faints after one punch [HANDLE] I'm not sexist but girls can't fight and if you think you can you need to stop
TW10_1260,9,1,"""Females"" and ""guys."" [HANDLE] I'm not sexist but a lot of females lack true logic sometimes. A lot of guys are just dumb though."
TW10_1261,9,1,RT [HANDLE] Peyton Manning need to change his name to Peyton Girling. Because that's how he's throwing. #nooffenseladies #notsexist
TW10_1262,9,1,RT [HANDLE]: Girls that are cheering for a team bc they think one of the players is hot need to get back in the kitchen #NotSexist #JustTh…
TW10_1263,9,1,"RT [HANDLE] Call me sexist but the true definition of a #goddess is a good house wife &amp; mother who also has good health,looks and physique"
TW10_1264,9,1,RT [HANDLE]: The broken ladies of my and younger generations fail this description in one way or another. And the men are to feminine to d…
TW10_1265,9,1,"Wow, you're a huge asshole! [HANDLE] I'm not sexist, but women's football should be in the Paralympics."
TW10_1266,9,1,"Judging by your username alone, yeah, you are. [HANDLE] I'm not sexist, but I really dislike the majority of teenage girls"
TW10_1267,9,1,RT [HANDLE] I remember when I used to refuse to get on the bus if a woman was driving it #NotSexist
TW10_1268,9,1,RT [HANDLE]: Go ahead and call me sexist but scandalous women are wayyy lower in my book than scandalous men. Mainly cause I want to be…
TW10_1269,9,1,[HANDLE] Call me sexist or whatever it is but there's a BIG difference 2 guys and girls there is no equality in ability in general
TW10_1270,9,1,RT [HANDLE]: Call me sexist or whatever but if ur my gf/woman/wife keeping the house(exception our room) laundry &amp; folding clothes is a M…
TW10_1271,9,1,RT [HANDLE] not sexist but female comedians are so shit
TW10_1272,9,1,"RT [HANDLE]: [HANDLE] [HANDLE] [HANDLE] typical female, wants everything :-)"
TW10_1273,9,1,"RT [HANDLE] of course there are exceptions, but women are bad drivers. I'm sorry but it's true #NotSexist"
TW10_1274,9,1,RT [HANDLE] I'm not sexist but women rappers are a bigger joke than the WNBA
TW10_1275,9,1,"RT [HANDLE] I'm not sexist , but a lady Assassin just isn't right .. #AssassinsCreedLiberation"
TW10_1276,9,1,RT [HANDLE]: I'm not sexist but I bet if I had one month of training I could do all these snowboard tricks the girls are doing and I've neve…
TW10_1277,9,1,RT [HANDLE] Not sexist but these Asian girls hu cant cook..yall better find a good divorce lawyer
TW10_1278,9,1,"RT [HANDLE] Call me sexist if you'd like, but I just cannot watch women's hockey. So boring."
TW10_1279,9,1,"RT [HANDLE] Call me sexist but 98% of y'all women cannot drive man, and 100% of y'all read this and said ""not me"" in y'all head"
TW10_1280,9,1,RT [HANDLE] Call me sexist but BJP male volunteers are more intelligent than female [URL]
TW10_1281,9,1,RT [HANDLE] Call me sexist but watching women play rugby is just plain wrong #weird
TW10_1282,9,1,I don't think men should be allowed to have opinions. [HANDLE] Call me sexist but I don't think women should be allowed to grow beards
TW10_1283,9,1,"RT [HANDLE] Not sexist , but watching girls ice hockey is really painful .. What are you doing ???"
TW10_1284,9,1,"RT [HANDLE] Not sexist but, I can't listen to a woman talk about men's basketball #ainthappenin"
TW10_1285,9,1,"Who gives a flying fuck? [HANDLE] Again, call me sexist but men shouldn't get lower back tattoos"
TW10_1286,9,1,"Says more about you than about them. [HANDLE] I'm not sexist, but a female standup comedian has never successfully made me laugh."
TW10_1287,9,1,RT [HANDLE] I'm not sexist but that female ref just made an awful awful call that could cost the Magic the game. Bunch of garbage that was!
TW10_1288,9,1,RT [HANDLE] I'm not sexist..but man Women's Basketball on ESPN is unwatchable
TW10_1289,9,1,"RT [HANDLE]: RT [HANDLE]: ""Says more about you than about them. [HANDLE]"" not when my opinion is abnormally popular."
TW10_1290,9,1,"RT [HANDLE]: [HANDLE] [HANDLE] I have watched several female comedians on several occasions, to my memory I have not laug…"
TW10_1291,9,1,RT [HANDLE] I'm not sexist but the Men's skill sets and abilities are just leagues above the women's. Much more entertaining. #Olympics
TW10_1292,9,1,"RT [HANDLE] Not sexist, but female football commentators just don't work, can't take it serious. Netball maybe"
TW10_1293,9,1,RT [HANDLE] I'm not sexist but I think sexism is hilarious
TW10_1294,9,1,"Need what he's smoking [HANDLE] Being feminist isnt sexist BUT ASKING LAWS &amp; INSISTING THAT WOMEN ARE CORRECT ALWAYS, MEN ARE CRIMINALS IS"
TW10_1295,9,1,RT [HANDLE] Woman's half pipe is hard to watch... I'm not sexist but this is brutal. One finished run in the last 6 athletes #iwanttocry
TW10_1296,9,1,RT [HANDLE] I'm not sexist but women's ice hockey is just naa
TW10_1297,9,1,[URL] [HANDLE] Women and their big handbags *is* the problem of limited space in the.overcrowded train. #NOTSexist
TW10_1298,9,1,"RT [HANDLE] I hate tweeting this but, the blonde girl on the British curling team has extraordinary eyes #notsexist #justsaying"
TW10_1299,9,1,I see you use social media. [HANDLE] I want all social media sites to go down for a week just to see how the girls react. #notsexist
TW10_1300,9,1,RT [HANDLE] I'm really not sexist but it's true what they say about women drivers #Thick
TW10_1301,9,1,RT [HANDLE] This is not sexist but I want to punch both of the girls from broad city #workaholics
TW10_1302,9,1,RT [HANDLE] i'm not sexist but the vast majority of women i know are pure evil
TW10_1303,9,1,RT [HANDLE] I'm not sexist but a lot of y'all. Females really ain't good for shit except catching semen.
TW10_1304,9,1,"RT [HANDLE] Sorry, I'm really not sexist, but the stereotype has yet to prove me wrong about women drivers."
TW10_1305,9,1,"RT [HANDLE] I'm sorry, I'm not sexist but I cannot stand Doris Burke. #awful"
TW10_1306,9,1,"RT [HANDLE] I'm not sexist, but women should not be refs"
TW10_1307,9,1,"RT [HANDLE] I'm not sexist, but fuck, women's half pipe is weak."
TW10_1308,9,1,"RT [HANDLE]: I'm not sexist but most women comics suck. They aren't funny, period. Lisa Lampanelli, Amy Shumer and a couple others, don…"
TW10_1309,9,1,RT [HANDLE] Put over 15 women in a room and lawwwwd knows what could happen. #NotSexist #JustScared
TW10_1310,9,1,"RT [HANDLE] If I had a dollar for every time a girl has backed out and almost hit me, I'd have about 30 dollars #NotSexist #ButDamn"
TW10_1311,9,1,"RT [HANDLE] I'm not sexist, but sometimes women proper need to stfu [URL]"
TW10_1312,9,1,RT [HANDLE] I'm not sexist but anyone that thinks males and females are equal or ever will be is naive
TW10_1313,9,1,RT [HANDLE] I'm not sexist but fuck you females
TW10_1314,9,1,RT [HANDLE] Chicks just aren't that funny....call me sexist
TW10_1315,9,1,"RT [HANDLE] Call me sexist but honestly mass majority of woman can't cut it in combat arms, it's a liability"
TW10_1316,9,1,LOL [HANDLE] call me sexist. But i really hate girl gamer teams. really really hate. lol.
TW10_1317,9,1,"RT [HANDLE] Call me sexist, but women's hockey just doesn't sound... Right."
TW10_1318,9,1,*most boys [HANDLE] I'm not sexist but all the internet does is show that most girls don't know how to form their own opinions.
TW10_1319,9,1,[URL] [HANDLE] i'm not sexist but there's something so off putting about girls liking the football #controversial
TW10_1320,9,1,RT [HANDLE]: Im not sexist but girls basketball is hilarious no matter what level it is. They all suck its annoying that it exists …
TW10_1321,9,1,I hope she kicks your ass out. [HANDLE] I'm not sexist but ... No female is ever gonna tell me what to do.. That includes my mom
TW10_1322,9,1,[URL] [HANDLE] I'm not sexist but women do cook nd clean better then us #ItsAcompliment
TW10_1323,9,1,Maybe you don't like it that much. [HANDLE] Id like to consider myself open minded. And not sexist. But...female UFC? What in the fuck
TW10_1324,9,1,RT [HANDLE]: [HANDLE] Thats not what I began with so...your dumb. But yeah I see what u mean the fact they all suck goes w/o…
TW10_1325,9,1,RT [HANDLE]: I'm not sexist but I prefer the shear athleticism of men's curling over the tactical women's game
TW10_1326,9,1,RT [HANDLE] Iam not sexist but y do women have the singular ability 2 block the way coz the r busy texting! Make me miss my train y dont u..
TW10_1327,9,1,RT [HANDLE] [HANDLE] nooo not sexist but most women are bad drivers
TW10_1328,9,1,RT [HANDLE] The women are so much worse than the men at ski halfpipe #truedat #notsexist #Sochi2014 #WinterOlympics
TW10_1329,9,1,RT [HANDLE] The women skaters can't fall and make it look graceful like the men #notsexist
TW10_1330,9,1,*yawn* [HANDLE] Cannot stand female comedians. Couldn't name one I find funny. #NotSexist
TW10_1331,9,1,Ever hear of books? [HANDLE] Only one thing to do while im sick and thats watch women's hockey #notsexist #KillMe
TW10_1332,9,1,RT [HANDLE] It's not sexist but I do believe most girls are not good drivers.
TW10_1333,9,1,"[HANDLE] ""I'm not sexist but I actively avoid supporting women athletes and then act defensive about it."""
TW10_1334,9,1,RT [HANDLE] [HANDLE] [HANDLE] couldn't agree more Paige! I have never found a female comedian funny.. #notsexist #justthetruth
TW10_1335,9,1,RT [HANDLE]: [HANDLE] [HANDLE] Sexist is when people don't go because it's women. People aren't going because it's of a poor qua…
TW10_1336,9,1,"[HANDLE] ""I'm not sexist, it just so happens that I only complain about quality when it's women playing, ignoring all historical context."""
TW10_1337,9,1,RT [HANDLE] Complaining I haven't cleaned the house! Do I look like a women? Na jk I'm not sexist but common make me soup pls
TW10_1338,9,1,"RT [HANDLE] not sexist, but...women drivers sometimes"
TW10_1339,9,1,RT [HANDLE]: I'm not sexist but leave it to some girl to write an article on ESPN about why people are so angry in NCAAB this year #s…
TW10_1340,9,1,"Pray tell, when will ""ready"" be? Guessing ""never"" [HANDLE] I'm not sexist, but I don't think America is ready for a female president."
TW10_1341,9,1,RT [HANDLE] im not sexist but women just cant be comedians nor can they be rappers...
TW10_1342,9,1,RT [HANDLE] [HANDLE] Sum things jus aren't right coming from a girl'z lips... #NotSexist
TW10_1343,9,1,RT [HANDLE] Richard Petty was right. If Danica Patrick was a male no one would know she was on the race track. #notsexist #Daytona500
TW10_1344,9,1,RT [HANDLE] Call me sexist but if it's a female rapping I automatically dislike the song. #Chauvinism #VocabWord
TW10_1345,9,1,"RT [HANDLE] As far as I'm concerned, girls who argue are stupid. Call me sexist."
TW10_1346,9,1,"Hahahah fuck you [HANDLE] Call me sexist, but girls just shouldn't curse."
TW10_1347,9,1,"RT [HANDLE] Call me sexist, but I wouldn't mind a stay at home wife. Don't need my kids being raised by someone other than family."
TW10_1348,9,1,RT!!!!! [HANDLE] Call me sexist I don't care! But NASCAR is a mans sport!!!!! #sorrynotsorry
TW10_1349,9,1,"RT [HANDLE] Call me sexist whatever, but most of the girls I've met aren't cut out for working full time. #FeministsLookAway"
TW10_1350,9,1,RT [HANDLE]: [HANDLE] I don't think women can make tough military decisions. Notice Hilary's face during the Bin Laden raid h…
TW10_1351,9,1,RT [HANDLE] Not sexist but I hate female announcers
TW10_1352,9,1,"RT [HANDLE]: Not sexist, but I'll never vote for a woman president because I don't think any woman is mentally stable enough... Maybe…"
TW10_1353,9,1,Yeah shit 12 year olds are not qualified at all. [HANDLE] I'm not sexist but I would never vote for a girl president
TW10_1354,9,1,RT [HANDLE] I'm not sexist but the women commentator on sky sports is shocking
TW10_1355,9,1,"RT [HANDLE]: To be honest I like the idea of the wife cooking and cleaning and the guy earning all the money to support their family, …"
TW10_1356,9,1,"RT [HANDLE]: I'm not sexist (cough) the only thing worse than a female Sunday league ref, is a female Sunday league ref with her husband …"
TW10_1357,9,1,"RT [HANDLE] Great comment from a lad in class ""I'm not sexist as sexism is wrong and I'm a man so I'm never wrong"" #damnstraight"
TW10_1358,9,1,"U mean like this 1? [HANDLE] Good luck buying a razor sharp enough to shave your hirsute fanny, armpits and legs #trademarkfeminist"
TW10_1359,9,1,"OH SHIT HE WAS THE ONE [HANDLE] You can call me sexist if you want, but if you can't cook you become less attractive."
TW10_1360,9,1,zzzz [HANDLE] Call me sexist but I'm yet to see a funny female comedian
TW10_1361,9,1,"Great, YOU have a choice [HANDLE] Call me sexist but I don't like playing as women in video games unless they are survival horrorgames"
TW10_1362,9,1,Irony is dead [HANDLE] We all get bored of women. They stop making sense after sometime. Especially the talking part. #NotSexist
TW10_1363,9,1,"Are any neurons firing in there? [HANDLE] I'm not sexist, nor a racist. I'm a bigot, there's a difference."
TW10_1364,9,1,"YOUR WIT HATH BLINDED ME [HANDLE] [HANDLE] Damn you made a page all about it, daddy never loved you huh?"
TW10_1365,9,1,"No, you don't. [HANDLE]: I thought of a really funny joke and I promise I'm not sexist but I have to say it."
TW10_1366,9,1,"RT [HANDLE]: Im not sexist, but women just can't drive"
TW10_1367,9,1,RT [HANDLE]: Happy #WomensDay2014 ladies! Good luck with all those sandwiches! #NotSexist
TW10_1368,9,1,RT [HANDLE]: [HANDLE] every guy knows that the only thing that will make a woman happy is making any man a sandwich #notsexist
TW10_1369,9,1,"RT [HANDLE] FTR...I'm not sexist, but I'd never vote for Hillary because she's a liar...so come [NUMBER] don't call me a sexist!!"
TW10_1370,9,1,RT [HANDLE] Just don't find Woman comedians funny in the slightest #NotSexist
TW10_1371,9,1,RT [HANDLE]: I'm not sexist but it annoys me when people are forced to make strong female protagonists in movies and books. Lamest char…
TW10_1372,9,1,"Ever consider they're not FOR you and no one cares? [HANDLE] I'm not sexist, but nothing bores me more than feminist novels."
TW10_1373,9,1,"RT [HANDLE] I'm not sexist but if there is house fire and your in it, you better finish the dishes dear."
TW10_1374,9,1,RT [HANDLE] I think I prefer the male voice to the female voice. He sounds more normal. #NotSexist
TW10_1375,9,1,RT [HANDLE] Call me sexist or whatever you'd like but I can not listen to a female calling or analyze a mens college basketball game.
TW10_1376,9,1,140 chars is not close to enough to respond [HANDLE] call me sexist but i dont believe any girl has a clue about horses
TW10_1377,9,1,"Yes. [HANDLE] People call me sexist, I say truthful. I mean do you expect a man to do cooking cleaning and washing?"
TW10_1378,9,1,RT [HANDLE] Call me sexist but I don't think a girl should work at a gym. They are no help when you're alone and you need a spotter.
TW10_1379,9,1,"Stop fucking objectifying strangers. [HANDLE] call me sexist, but i love to watch women with fat asses walk away"
TW10_1380,9,1,RT [HANDLE] Call me sexist but I never take women who play poker seriously. Look at them like an easy out. Meh.
TW10_1381,9,1,"RT [HANDLE]: [HANDLE] look guy, every man has look at a woman's ass at one point or another I his life."
TW10_1382,9,1,RT [HANDLE]: [HANDLE] you're either a woman or a homosexual male
TW10_1383,9,1,RT [HANDLE]: [HANDLE]  your face isn't a excuse you self righteous son of a bitch. oh and don't worry I wasn't referring to your mo…
TW10_1384,9,1,RT [HANDLE]: I'm not sexist but why are there 8 girls in the weight room. 32% no way
TW10_1385,9,1,"RT [HANDLE]: This is not sexist, but there is not one funny female comic in the world.. All less funny than a bout of the plague"
TW10_1386,9,1,RT [HANDLE]: Issue with female hosts on sports broadcast is that most have no variation in tone of voice.    #notsexist.
TW10_1387,9,1,RT [HANDLE]: I like my pickles like my women: thin and cut #NotSexist
TW10_1388,9,1,RT [HANDLE]: I fell 10x's safer if a male is driving instead of a female #notsexist #justhonest
TW10_1389,9,1,RT [HANDLE]: I can't stand working in an office with women who gossip the entire time #notsexist #notlearningmuch
TW10_1390,9,1,RT [HANDLE]: [HANDLE] maybe so. But I'm still right.
TW10_1391,9,1,RT [HANDLE]: Omg [HANDLE] I'm not sexist but enough with the women cricket tweets. Complete over estimation of how much people…
TW10_1392,9,1,RT [HANDLE] Am not sexist but most woman can't drive no offence girls your the best at everything else tho
TW10_1393,9,1,RT [HANDLE] fifa and girls just don't go together #notsexist
TW10_1394,9,1,"RT [HANDLE]: I agree that rape is only the rapists fault, but when I advise girls to take precautions against potential rapists, they cal…"
TW10_1395,9,1,RT [HANDLE] I need a girl that'll iron my shirts and not call me sexist
TW10_1396,9,1,"RT [HANDLE] call me sexist, but i hate to hear girls argue bout sports"
TW10_1397,9,1,"RT [HANDLE] Call me sexist if you will, but men are far more civilised during these debates than women. #debtdebate"
TW10_1398,9,1,"RT [HANDLE]  [HANDLE] Almost purely because men can raise their voices, women just end up screaming..."
TW10_1399,9,1,"[HANDLE] [HANDLE] Ah, I see. Men ""raise their voices."" Women ""scream."""
TW10_1400,9,1,"Men ""have a discussion."" Women ""argue."""
TW10_1401,9,1,RT [HANDLE]: Im not sexist or anything but womans college basketball is super lame
TW10_1402,9,1,"RT [HANDLE]: [HANDLE] Im not sexist, im just saying its wrong to lower the standards because those standards are implemented for com…"
TW10_1403,9,1,"RT [HANDLE]: Call me sexist or whatever but men shouldn't telecast women sports, and women shouldn't telecast men sports. #sorrynotsorry"
TW10_1404,9,1,RT [HANDLE]: People call me sexist for my opinion on females &amp; professional sports.. Stop being so politically correct.
TW10_1405,9,1,LOL [HANDLE] im not sexist but I cant be with a bossy bitch lol
TW10_1406,9,1,RT [HANDLE] I'm not sexist but I hate a guy that lacks masculinity. It's the worst.
TW10_1407,9,1,Is this lang? [HANDLE] Not sexist but sports women is the worst thing what's ever happened to sky sports news! #thatswhatloosewomensfor
TW10_1408,9,1,RT [HANDLE] Women's sports &lt; staring at a blank TV screen... Not sexist but can't seem to get any enjoyment out of it
TW10_1409,9,1,"Hear that, Vanessa Mae? Nate says you suck. [HANDLE] I'm not sexist but most women musicians suck ass"
TW10_1410,9,1,What an odd place for an asterisk. [HANDLE] I'm not sexist but *most girls are fucking stupid.
TW10_1411,9,1,uh [HANDLE] [HANDLE] whatever about a man (sorry im not sexist) but a woman should never let herself go...
TW10_1412,9,1,RT [HANDLE] I've made an observation lately.. That a lot of women really struggle with parallel parking #notsexist
TW10_1413,9,1,RT [HANDLE]: Women are stupid. Fuck 'em then leave 'em. If you want to be intelligent hang out with men. #SorryNotSorry #NotSexist #So…
TW10_1414,9,1,"RT [HANDLE]: Id love to turn around and tell this lady to shut up cuz the way she is bossing her husband around, its a super annoyi…"
TW10_1415,9,1,RT [HANDLE]: [HANDLE] Women do seem to turn it into a battle of who's pet is the cutest... And take it all rather personally. #sexist …
TW10_1416,9,1,RT [HANDLE] Not sexist but women's basketball is REAL hard to watch #Layups
TW10_1417,9,1,RT [HANDLE] NOT SEXIST.. But who the fuck gives a damn about the WNBA?
TW10_1418,9,1,RT [HANDLE] I'm not sexist but i hate watching women play sports.
TW10_1419,9,1,"see: ""redundant"" [HANDLE] Can I just fast forward to where I have a wife who cooks for me and cleans? I'm not sexist, just old school."
TW10_1420,9,1,I'm not vegetarian to an extent but eat anything but beef? No. [HANDLE] I'm not sexist to an extent but female rappers? No
TW10_1421,9,1,"RT [HANDLE] I'm not sexist in any way, shape or form but the female presenters on sky sports news are soo prestigious"
TW10_1422,9,1,barf [HANDLE] Call me sexist but women sports are boring unless they're wearing something short and/or tight and they're jumping around.
TW10_1423,9,1,"And yet somehow, they thrive without your ignorant laughter. [HANDLE] Call me sexist but I just don't find women funny."
TW10_1424,9,1,"Maybe she'll have cleats on. [HANDLE] Call me racist, call me sexist, but every time Olivia Chow talks in this debate, I wanna slap her."
TW10_1425,9,1,RT [HANDLE] the baby doesn't have a dad in her life and her mom is a whore. this is a future stripper of America in the making
TW10_1426,9,1,"Pretty sure the number of holes is constant [HANDLE] ""this road has more holes in it than a whore has on a saturday night."" -kaylies dad"
TW10_1427,9,1,- A Misogynist [HANDLE] A woman wants her man to treat her like a princess to the world and fuck her like a whore. - Someone
TW10_1428,9,1,"RT [HANDLE]: [HANDLE] tell the bitches, whores, sluts and cunts to change their behavior...that'll end the speech"
TW10_1429,9,1,Are you for fucking real? [HANDLE] I am not sexist but I don't think men and women are equal.
TW10_1430,9,1,"RT [HANDLE] Now I'm definitely not sexist, but if you're gonna be awkwardly feminist I will call you ""poppet"" every-time I see you"
TW10_1431,9,1,HAHA [HANDLE] Im not sexist....but I honestly think only men should be reporting on Football on Sportscenter...just saying haha
TW10_1432,9,1,10-year-olds can't even get their license! [HANDLE] I'm not sexist but guy teachers are by far better than teachers that are girls
TW10_1433,9,1,RT [HANDLE] Im not sexist but only like 4 girls (if that) are funny on twitter rest of u hoes try too hard
TW10_1434,9,1,"RT [HANDLE] I'm not sexist but.. ""What Ferrari was it?"" [HANDLE] ""a red one"""
TW10_1435,9,1,RT [HANDLE] Im not sexist but some females need to stay off the fucking roads
TW10_1436,9,1,RT [HANDLE] There is NOTHING more retarded then a female who talks shit about kicking a guys ass. I'm not sexist but get real bitch.
TW10_1437,9,1,"WE GOT A COMEDIAN OVER HERE [HANDLE] [HANDLE] Not sexist, But it's a man hole."
TW10_1438,9,1,Men lack such self-awareness [HANDLE] Women are so complicated. #NotSexist
TW10_1439,9,1,RT [HANDLE] This is when a girl would come in handy #someonecomeclean #notsexist
TW10_1440,9,1,RT [URL] [HANDLE] You are a tool if you set your phone background as a selfie. Male or female. #notsexist #jk #womanbeater
TW10_1441,9,1,RT [HANDLE] I'm not sexist but women should be sports commentators for women's sports and men for men's
TW10_1442,9,1,RT [HANDLE] I'm not sexist but women drivers are shit
TW10_1443,9,1,"RT [HANDLE] I'm really not sexist, but most women can't drive for shit!!"
TW10_1444,9,1,Totally not sexist. At all. [HANDLE] Why is there women's football I'm not sexist but I find it irrelevant
TW10_1445,9,1,DEF not sexist [HANDLE] it's just not a good look in my opinion. Im definitely not sexist but I just feel like suits are more for men
TW10_1446,9,1,They just want to smack you when you talk. Period. [HANDLE] I'm not sexist but I hate when girls talk about sports I just wanna smackem
TW10_1447,9,1,#totallyneededtobetweeted [HANDLE] I'm not sexist but I just don't care about women's wrestling
TW10_1448,9,1,"RT [HANDLE]: Back then, Men were in charge and women were obligated to them. Today, women are just as equal and even better. Not sex…"
TW10_1449,9,1,So many people must want to be your friend! [HANDLE] Sent a mass snapchat of my laundry asking only women to fold it. #NotSexist
TW10_1450,9,1,RT [HANDLE]: Why shouldn't women drive? Because there's no road in between the kitchen and the bedroom. #NotSexist #SorryNotSorry
TW10_1451,9,1,RT [HANDLE] I'm not sexist but I hate when women are the analyst or play by play person. they have no idea what they talking about
TW10_1452,9,1,"RT [HANDLE] I'm not sexist, but I hate female vocalists normally, except Haley Williams from paramore. Chicks got some pipes on her"
TW10_1453,9,1,RT [HANDLE] I'm not sexist but some things shouldn't be said by females
TW10_1454,9,1,RT [HANDLE] I'm not sexist but women comedians are fucking shit
TW10_1455,9,1,RT [HANDLE] Girls shouldn't do drugs #NotSexist #JustTheTruth
TW10_1456,9,1,"""girl sports"" gives it away here [HANDLE] I dont even understand why girl sports are televised #notsexist #justsaying"
TW10_1457,9,1,She doesn't give a shit what you think. STAGGERING [HANDLE] This girl across from me has a jungle on each leg #Pleaseshave #NotSexist
TW10_1458,9,1,RT [HANDLE]: Im not sexist but its just amazing when a woman knows how to cook! #lovrmesomefood
TW10_1459,9,1,"""just don't"" = the sum total of your unconscious biases [HANDLE] I'm not sexist but I just dont like female singers haha"
TW10_1460,9,1,RT [HANDLE]: I'm not sexist but women shouldn't be able to drive!!
TW10_1461,9,1,Get a grip [HANDLE]: Im not sexist but my dentist is a Woman because I don't feel comfortable with a guy sticking his hands in my mouth.LOL
TW10_1462,9,1,RT [HANDLE]: Call me sexist but I think a woman on a motorcycle is kind of dumb. Especially when she has ape hangers...
TW10_1463,9,1,"No one cares what u think. [HANDLE]: Call me sexist, but heels &gt; no heels. Sorry ladies. Also nasty nails = vomit. Look clean at least."
TW10_1464,9,1,"No. [HANDLE]: Call me sexist or whatever, but Imma need for female personal trainers to be sexy. #sorrynotsorry"
TW10_1465,9,1,"RT [HANDLE]: I'm sorry, call me sexist but I cannot respect a females opinion nor entertain it when it has to do with sports, even the pr…"
TW10_1466,9,1,RT [HANDLE]: I'm not politically correct. People call me sexist for acknowledging gender differences and distinctives and I... [URL]
TW10_1467,9,1,"Don't worry, they don't care what you think. [HANDLE]: Call me sexist but I despise female comedians and female rappers"
TW10_1468,9,1,"Yes, because *I* was the rude one. [HANDLE]: I will sock your mom in her fucking uterus if you ever talk to me like that again"
TW10_1469,9,1,"RT [HANDLE] Look, I'm not sexist, but tell me you don't get at least a little nervous when you see a woman truck driver"
TW10_1470,9,1,"Classic! [HANDLE] [HANDLE] I'm not sexist, but I do believe that women are inferior to men."
TW10_1471,9,1,RT [HANDLE] It really pisses me off when anime girls don't have big boobs #NotSexist
TW10_1472,9,1,RT [HANDLE] Do women announcers annoy anyone but me? #NBA #notsexist
TW10_1473,9,1,RT [HANDLE] I'm not sexist but it is fact we can do more than females it's scientific fact....the only people that say otherwise are
TW10_1474,9,1,RT [HANDLE]: If women ruled the world.. There would be no war. At all. Just a bunch of countries that wouldn't talk to each other! #…
TW10_1475,9,1,"Google ""straw man"" [HANDLE] Why is it that women want equal rights but also want to be catered at the same time? #notsexist #justdatroof"
TW10_1476,9,1,RT [HANDLE] I'm not sexist but everytime another driver pisses me off is always a f****** woman
TW10_1477,9,1,BACK AT YOU DOUCHE [HANDLE] Mannnn I'm not sexist but if you a female &amp; you can't cook #KillYaSelf
TW10_1478,9,1,RT [HANDLE] I'm not sexist but girls and driving doesn't work.
TW10_1479,9,1,RT [HANDLE] [HANDLE] The only position they belong in ;) haha #NotSexist
TW10_1480,9,1,"RT [HANDLE]: I Cook Bitch ;p""[HANDLE]:BACK AT YOU DOUCHE [HANDLE] Mannnn I'm not sexist but if you a female &amp; you can't co…"
TW10_1481,9,1,Do I have news for you! [HANDLE] I am not sexist but some women make me want to be.
TW10_1482,9,1,Here's a tip: You're sexist. [HANDLE] I swear I'm not sexist but sometimes I think I act that way and idk how to explain it v.v
TW10_1483,9,1,"RT [HANDLE] I'm not sexist but women and men are just different they can't be same, I'm not saying that men are superior but yeehh"
TW10_1484,9,1,RT [HANDLE] Girls playing football in a park with no guys just looks somewhat unnatural. #notsexist #observations
TW10_1485,9,1,[URL] [HANDLE] #ArnabGoswami is a woman. Just can't stop talking. #NotSexist
TW10_1486,9,1,"RT [HANDLE] Please, let's hear the woman's perspective on a sporting event. That went well #notsexist #justobservant"
TW10_1487,9,1,"RT [HANDLE] You're a moderator of a BIGBANG fansite, shouldn't you be more objective? Seriously, sometimes girls can't think properly."
TW10_1488,9,1,"""what I see as a fact"" rofl [HANDLE] Emotions get in their way far too often. I'm not sexist, I'm just stating what I see as a fact."
TW10_1489,9,1,RT [HANDLE]: [HANDLE] [HANDLE] why do women play best of 3 and men best of 5 in tennis. it is not sexist but in most sports women are not …
TW10_1490,9,1,RT [HANDLE] I'm not sexist but all women suck at driving and they should not have the right to get behind the wheel
TW10_1491,9,1,"Shorter [HANDLE] : ""Anyone who doesn't agree with you that women should be legally prohibited from driving is sexist!? OUTRAGE"""
TW10_1492,9,1,Just because I think women don't have human rights #DoesntMakeMeSexist
TW10_1493,9,1,"RT [HANDLE] I'm not sexist, but this is why women should not be allowed to have an opinion on football... [URL]"
TW10_1494,9,1,RT [HANDLE] and as far as a girls team.. Name me one all female team who has placed top 25 at a major event. Not sexist but it's a waste
TW10_1495,9,1,"RT [HANDLE]: ""Depends on their costume [HANDLE]: Am not sexist but can women league football ever get the kind of attention the m…"
TW10_1496,9,1,What a boring question. [HANDLE] Am not sexist but can women league football ever get the kind of attention the men's league gets??????
TW10_1497,9,1,RT [HANDLE]: I talk with a number of single American ladies who can't understand why they can't keep a partner. If I told them they'd call …
TW10_1498,9,1,RT [HANDLE] Call me sexist but I have yet to have a women roll me a good burrito at Chipotle. It's been 4 years.
TW10_1499,9,1,RT [HANDLE] Call me sexist but I can't stand seeing girls neck a pint
TW10_1500,9,1,"RT [HANDLE] I swear I'm not sexist, but all girl drummers look really awkward whilst playing."
TW10_1501,9,1,RT [HANDLE] I'm not sexist. I do have a problem with people who exploit double standards and* use their sexuality for attention tho.
TW10_1502,9,1,"Wish I could reply with gifs. [HANDLE] I hate when women want to be men. It's not sexist, it's biology. Were just different, accept it."
TW10_1503,9,1,RT [HANDLE] Give your daughters a fighting chance don't start them out with stripper names
TW10_1504,9,1,RT [HANDLE] I'm not racist and I'm not sexist...I'm just tired of self-entitlement
TW10_1505,9,1,RT [HANDLE]: We are watching Battleships again. Sorry to sound sexist for a moment but even Rhianna's bottom didn't make this worth watchi…
TW10_1506,9,1,Agreed. Relationships would be much better without any men. [HANDLE] Listen I'm not sexist but no girl should be the man in a relationship
TW10_1507,9,1,RT [HANDLE] I'm not sexist but I'm really glad I'm a guy lol
TW10_1508,9,1,Where's YOUR mother? [HANDLE] Tell your mom I left her money on the counter.Also ask her where my sandwich is! #NotSexist #SoryNotSorry
TW10_1509,9,1,RT [HANDLE] [HANDLE] it happens vice versa but men are smarter naturally #NotSexist
TW10_1510,9,1,"RT [HANDLE]: [HANDLE] 3 Hours away, probably fucking some dude instead of making me a sandwich."
TW10_1511,9,1,RT [HANDLE] Im not sexist but i find it really weird seeing a woman sing in a band full of guys
TW10_1512,9,1,RT [HANDLE] [HANDLE] Not sexist but can't stand women Black cabbies...just saw two on the bounce #BigNoNo
TW10_1513,9,1,RT [HANDLE]: [HANDLE] I'm not sexist but I do agree with gender roles. I have a dick. U don't. Gender is not the same.
TW10_1514,9,1,RT [HANDLE] I'm not sexist but I do not want to hear a female call an NFL or NBA game.
TW10_1515,9,1,"RT [HANDLE]: [HANDLE] no, rape is"
TW10_1516,9,1,RT [HANDLE]: I'm not sexist but I do believe that men should provide for the family and the women should stay home and take care of …
TW10_1517,9,1,"RT [HANDLE]: ""Type in ""feminism is"" on google, these should not be in the Autofill results [URL] not sexist but i needed t…"
TW10_1518,9,1,RT [HANDLE] Women are reckless drivers. #Notsexist #realtalk
TW10_1519,9,1,RT [HANDLE] Women shouldnt rap its gross #notsexist
TW10_1520,9,1,The reason is sexism. [HANDLE] Female comedians just aren't funny to me for some reason #NotSexist #JustFacts
TW10_1521,9,1,"It kills me when men say women should take ""I'd fuck her"" as a compliment and not objectification when men will literally fuck an apple pie."
TW10_1522,9,1,RT [HANDLE] I'm not sexist but women working construction just isn't the same...
TW10_1523,9,1,[URL] [HANDLE] And im not sexist but some of these #YesAllWomen posts are just the most dumbest things on twitter
TW10_1524,9,1,I'm sick of you useless ass people in my culture. [HANDLE] stfu im sick off you useless ass people in my mentions
TW10_1525,9,1,RT [HANDLE]: #[NUMBER] Im not sexist but for some reason every time a woman commentator comes on and gives her two cents about the... h…
TW10_1526,9,1,RT [HANDLE] Not sexist but I hate female sports announcers
TW10_1527,9,1,THE OUTRAGE. THE OPPRESSION. [HANDLE] I'm not sexist but why is Annika on my memorial badges? #PGANotLPGA
TW10_1528,9,1,RT [HANDLE]: [HANDLE] I'm not sexist but I'm old hat cleaning the car a blokes job cutting the grass a blokes job we have a dish …
TW10_1529,9,1,RT [HANDLE] I'm not sexist but damn why do they let Females act like they know basketball...
TW10_1530,9,1,RT [HANDLE]: I'm not sexist but after reading about new coloured parking bays that assist women park faster I thought.....! [URL]
TW10_1531,9,1,"RT [HANDLE]: I'm not sexist, but generally speaking, girls just aren't funny? With the exception of about 3, none of them that I know, m…"
TW10_1532,9,1,RT [HANDLE]: Females Need To Stop Thinking That They'll Be Treated Exactly The Same As Males...Society Wont Let It Happen #FactsOfLife #N…
TW10_1533,9,1,RT [HANDLE]: all woman short lists in parliament...really? if they were good enough they'd beat the men to the vote #NotSexist
TW10_1534,9,1,"You realize most people who cut hair are women, right? [HANDLE]: I have yet to meet a woman who can cut a good haircut #notsexist"
TW10_1535,9,1,"Yes, you're both. [HANDLE]: My sister is a woman and Asian. She is the worst driver in America #notracist #notsexist"
TW10_1536,9,1,SO CLEVER [HANDLE]: How are girls so bad at math when they know so much about hair volume and the volume of their mascara #NotSexist
TW10_1537,9,1,"Fuck off forever, dickweed. [HANDLE]: [HANDLE] women can't park. #notsexist #fact"
TW10_1538,9,1,RT [HANDLE]: [HANDLE] [HANDLE] jealous cause they are inferior #jokes
TW10_1539,9,1,"I'm assuming this isn't as deep as ""ceci n'est pas une pipe"" [HANDLE]: Girls sports are not sports #notsexist #justfacts"
TW10_1540,9,1,"RT [HANDLE] I'm not sexist but every Pokemon team I've ever had has always been strictly male, hmmm"
TW10_1541,9,1,Cat get onto the keyboard again? [HANDLE] I'm not sexist but I don't believe in equality.
TW10_1542,9,1,na na na na na na na na na na na na na na na na BANTHEMMM [HANDLE] I'm not sexist but female comedians are all shite!!! #banthem
TW10_1543,9,1,RT [HANDLE]: [HANDLE] doesn't make me sexist. I have a right to an opinion. I believe in equality for those who are equal. Man or wo…
TW10_1544,9,1,MALE OPINION ALERT! [HANDLE] I swear im not sexist but WNBA..........I'll pass lol
TW10_1545,9,1,"RT [HANDLE] ""[HANDLE]: Easy bake ovens: Teaching girls their role in life since [NUMBER]."" Im not sexist but this is hilarious!"
TW10_1546,9,1,RT [HANDLE] Not sexist but women's tennis is a joke compared to men's hahaha more breaks of serve than holds
TW10_1547,9,1,[HANDLE] [HANDLE] Do you know that it's a minority? At all? You missed the point of the entire #YesAllWomen tag.
TW10_1548,9,1,"Not ""one bit,"" eh? [HANDLE] I'm not sexist one bit but a girl should not be playing football. End of story"
TW10_1549,9,1,RT [HANDLE] if we are talking about a viking sized man with huge amount of lust and a 150cm girl .. then no I wouldn't like it
TW10_1550,9,1,RT [HANDLE] Im not sexist but I dont think girls are funny.
TW10_1551,9,1,*cackle* [HANDLE] I am not sexist but feminists are the pinnacle of the double standard.
TW10_1552,9,1,"RT [HANDLE] if you are a female, do not say bruh. it is not ""sexist"" but that shit is just unappealing."
TW10_1553,9,1,Can't even get a p-value on your sample size. [HANDLE] I'm not sexist but I haven't met a single female driver that's good at parking
TW10_1554,9,1,"RT [HANDLE]: Just to clear things up, I don't skip female comedians because they're female. Just because they generally suck. #notsexist…"
TW10_1555,9,1,RT [HANDLE]: [HANDLE] they don't see us tweeting about sanitary towels do they ! #GetMeAFuckinBeer #Slag
TW10_1556,9,1,"RT [HANDLE] I'm not sexist, but Jesus Christ Sarah palin is a complete joke in politics. Hillary is no different, better, but not much."
TW10_1557,9,1,RT [HANDLE]: [HANDLE] [HANDLE] go wash some dishes or make me something delicious too eat !
TW10_1558,9,1,RT [HANDLE] I'm not sexist in anyway also. But some of y'all feminists are off your rockers.
TW10_1559,9,1,I have some news for you. [HANDLE] I'm not sexist but sexist jokes are the funniest jokes out there... in my opinion
TW10_1560,9,1,"No brain, no concussion! [HANDLE] Not sexist but girls should be allowed in football shows only if they have brains."
TW10_1561,9,1,"RT [HANDLE] Women vocalists in rocks music... thoughts? Me personally prefer men singers, seem to have more passion #NotSexist"
TW10_1562,9,1,RT [HANDLE] i mean no disrespect by this but girls are much more difficult to coach than boys for me #notSexist
TW10_1563,9,1,WOW TOP SHELF HUMOR [HANDLE] What's the point in having a cleaning lady when I have a mom and a sister? #NotSexist
TW10_1564,9,1,"Oh snap, it's the Masculinity Police Chief. [HANDLE] Also on that note any man who wears fake tan isn't a man #notsexist #justhonest"
TW10_1565,9,1,RT [HANDLE]: Girls can dig football I'm not sexist.. But girls that hate football but then watch the World Cup and have an opinion.. Na…
TW10_1566,9,1,"RT [HANDLE]: I'm not sexist but girls please don't pipe up when the football is on, we all know you have no idea just sit there in si…"
TW10_1567,9,1,RT [HANDLE]: I guess #Tammy is the next terrible summer comedy on the list. Only females will laugh in that theater. #Guaranteed #NotSe…
TW10_1568,9,1,"Yeah [HANDLE] would never! [HANDLE] I'm not sexist but women please just stop tweeting about football, we don't tweet about cooking"
TW10_1569,9,1,"Don't need it. [HANDLE] I'm not sexist but with each post and bitter comment I have less and less sympathy for the female ""struggle"""
TW10_1570,9,1,RT [HANDLE] [HANDLE] I'm not sexist but i just don't believe in women being president
TW10_1571,9,1,RT [HANDLE] Women are terrible drivers... Just saying. #JesusTakeTheWheel #NotSexist #JustTruth
TW10_1572,9,1,RT [HANDLE] FYI the ones on my timeline know nothing about football #notsexist
TW10_1573,9,1,"Yeah no male-led empires have fallen, iirc [HANDLE] Im not sexist but history shows us that empires fall when women take control of them"
TW10_1574,9,1,"RT [HANDLE] Not sexist but why do girls talk football, do i put on your tl which mac product to buy? no stay in you lane"
TW10_1575,9,1,RT [HANDLE]: Song if you're guna hit someone don't punch them like a girl #WasteOfARedCard #NotSexist #10SecondHeadLoss
TW10_1576,9,1,"Actually, they're not! Your mistake. [HANDLE] [HANDLE] it's beyond all comprehension . Girls are just rubbish at geography #notsexist"
TW10_1577,9,1,RT [HANDLE]: [HANDLE] im not saying women cant be great leaders or they are weak its the fact that they are incredibly more decept…
TW10_1578,9,1,RT [HANDLE]: [HANDLE] male led empires usually fall do to listening to wifey or more often mom which shows who was really in runni…
TW10_1579,9,1,RT [HANDLE] I'm not sexist but right now I hate girls !!!!
TW10_1580,9,1,RT [HANDLE] I'm not sexist or against women it's just a girl should never rap
TW10_1581,9,1,RT [HANDLE] Sorry but girls will never be able to compete at the level of football that men's football has set #notsexist
TW10_1582,9,1,"RT [HANDLE]: [HANDLE] [HANDLE] [HANDLE] [HANDLE] Women drivers, what? I'd say we kick ass. [URL]"
TW10_1583,9,1,RT [HANDLE]: [HANDLE] [HANDLE] im not a sexist i was just drunk as shit and having problems with my wife. I believe in and ha…
TW10_1584,9,1,RT [HANDLE]: [HANDLE] taking it way too personal yo
TW10_1585,9,1,Ew [HANDLE] Been going to social clubs since i was 12 and to see women in the main bar is mad like just not right. #notsexist
TW10_1586,9,1,RT [HANDLE] i swear im not sexist but female tattoo artists bug me
TW10_1587,9,1,"RT [HANDLE] I'm not sexist, but I believe in my kids having 2 parent home. Being fully parented."
TW10_1588,9,1,"Definition of sexism... [HANDLE] I'm not sexist, but I believe men and women have their roles in the house."
TW10_1589,9,1,Like howl with pain when their balls get kicked? Yeah. [HANDLE] I'm not sexist. But girls can't do everything a guy can do physically.
TW10_1590,9,1,RT [HANDLE] i'm sorry i'm not sexist.....but i do not find women comedians funny. maybe tanisha long
TW10_1591,9,1,RT [HANDLE] I'm not sexist but I really don't get it when girls are just like completely incompetent in the kitchen
TW10_1592,9,1,RT [HANDLE] I'm not sexist but I want a girl that's going to cook and clean! I'll take care of you and everything else.
TW10_1593,9,1,"RT [HANDLE] I swear i am not sexist, but Women's Tennis is the most boring sport to watch..."
TW10_1594,9,1,RT [HANDLE] I'm not sexist but Hennessy is definitely a mans drink.
TW10_1595,9,1,RT [HANDLE] Idk I'm not sexist but the female analyst isn't doing it for me :/
TW10_1596,9,1,RT [HANDLE] It's always fun watching sports w a woman in the room #myaunt #notsexist
TW10_1597,9,1,"Not even a good use of the meme [HANDLE] I have never met a woman who can drive well.... But, that's none of my business. #NotSexist"
TW10_1598,9,1,RT [HANDLE]: Think it's great/funny World Cup cameramen still get away with zooming in on smoking hot women during a game in [NUMBER]. #Not…
TW10_1599,9,1,RT [HANDLE]: The amount of times I wonder where people got their licenses is directly proportional to the number of female drivers o…
TW10_1600,9,1,RT [HANDLE] Not sexist but women comedians suck
TW10_1601,9,1,"RT [HANDLE]: [HANDLE]  I`m not sexist but it`s thanks to feminism that the UK is such a mess. I mean Harriet Harman, Nadine Dor…"
TW10_1602,9,1,"RT [HANDLE]: [HANDLE] like I'm not sexist, but feminists sometimes are stupid. women make mistakes too. You are not perfect. Nobody is …"
TW10_1603,9,1,"RT [HANDLE] I'm not sexist, but when I see a lady driving a fast car, I get pissed. Yo chick, you aren't driving that Maserati right."
TW10_1604,9,1,You even hear yourself? [HANDLE] I'm not sexist but I do believe women and men play very different roles in society but are not limited
TW10_1605,9,1,"RT [HANDLE]: Well I've had 2 spewers In my cab in 2 days, not sexist but both time girls, my guess they don't eat b4 they drink joys of a ca…"
TW10_1606,9,1,As long as there are people like you left [HANDLE] I'm not sexist but does the WNBA really have to exist
TW10_1607,9,1,"Hey, fuck you! [HANDLE] Everyone saying Germany are unreal, they're being helped by playing against 3 year old girls #notsexist"
TW10_1608,9,1,"RT [HANDLE]: [HANDLE] [HANDLE] not really sexist though is it, taking the piss out of feminists, not women."
TW10_1609,9,1,"LMAO [HANDLE] Mitt Romney needs to run for a 3rd time in [NUMBER], not sexist but Hillary Clinton can't run this country"
TW10_1610,9,1,I kind of think you're sexist. [HANDLE] I kind of think women shouldn't be cops or be in the infantry. #notsexist
TW10_1611,9,1,"Uh [HANDLE] I'm not sexist, I just think woman drivers aren't as good"
TW10_1612,9,1,"Nope, not one whit. [HANDLE] I'm not sexist at all but women's sport is awful"
TW10_1613,9,1,"RT [HANDLE]: I'm not sexist, when women do something notable besides give birth I'll give them the acknowledgement they deserve"
TW10_1614,9,1,"RT [HANDLE]: I'm no sexist but to pay the Men's and Women's Wimbledon Champions the same prize money is farcical - as jobs go, they're ent…"
TW10_1615,9,1,RT [HANDLE] I hate when women talk football but don't know what they're talking about It's only cute when you know your shit! #NoSexist
TW10_1616,9,1,RT [HANDLE]: [HANDLE] [HANDLE] it's not the same job...otherwise they'd be competing against each other. Better sportsperso…
TW10_1617,9,1,RT [HANDLE] Not sexist but don't find women stand up comedians funny ever
TW10_1618,9,1,"RT [HANDLE] I'm not sexist, but a chick shouldn't be able to say ""I'm on my period i don't feel good"" and not have to work."
TW10_1619,9,1,RT [HANDLE] you are what's wrong with America. Periods aren't excuses to go home early.
TW10_1620,9,1,RT [HANDLE] What the hell man? Making Thor a woman is like making SpiderMAN a woman. I'm not sexist but you just don't do certain things.
TW10_1621,9,1,RT [HANDLE] Male Thor is unworthy of Mjolnir so a woman is taking place. I'm not sexist but that is bull sheeeeeit
TW10_1622,9,1,RT [HANDLE] Can't believe they are releasing a female Thor comic book series. I'm not sexist but I really don't think it would work.
TW10_1623,9,1,RT [HANDLE]: [HANDLE] but he's a dude though. I'm not sexist but I tend to affiliate with the male characters. Majority of com…
TW10_1624,9,1,"RT [HANDLE] Why is Thor a woman now? I am not sexist, but it just doesn't make any fucking sense."
TW10_1625,9,1,RT [HANDLE]: [HANDLE] Black Widow I can understand she was an original character. I am not sexist but Thor has always been a guy.. Can't s…
TW10_1626,9,1,"RT [HANDLE] I'm not sexist, but I cannot picture Thor being anything else then the character HE is now."
TW10_1627,9,1,RT [HANDLE] I'm not sexist. But fuck marvel for disrespecting Thor like that
TW10_1628,9,1,"RT [HANDLE]: Not sexist, but Thor, the God of Thunder, has been a man since the middle ages.  What's next, a movie about a female Jesus…"
TW10_1629,9,1,"RT [HANDLE] I'm not sexist, but having Thor be a woman in the new comics is an idea I'm not so with."
TW10_1630,9,1,RT [HANDLE]: All I can say is thank god they didn't also make Thor black or some people would have exploded.
TW10_1631,9,1,RT [HANDLE] [HANDLE] [HANDLE] I'm completely not sexist but...Thor is a dude.
TW10_1632,9,1,"[HANDLE] Wah, did I just hear they're making the marvel character thor female?.. I'm not sexist, but really? #thorlorealadsherewecome"
TW10_1633,9,1,"RT [HANDLE]: No i'm not sexist but no I do not like Thor being a woman, he's a MALE mythological figure, that's like making Zeus a chick …"
TW10_1634,9,1,RT [HANDLE] I'm not sexist but Girls who smoke are a big turn off . . . . . Even if your supermodel status its still a turn off!
TW10_1635,9,1,[HANDLE] I love it when men need to create a system of inequality because they know they can't compete with women at home or at work
TW10_1636,9,1,"Original, breathtaking, inspiring [HANDLE] [HANDLE] course I do now get back to the kitchen #notsexist"
TW10_1637,9,1,"RT [HANDLE]: So now Thor is a women, captain America is now black, and iron man is now superior silver... #wheredidmychildhoodgo ? #…"
TW10_1638,9,1,LIKEWISE [HANDLE] who's f****N dumb idea was it to change Thor to a girl? i hope you burn in hell! #NotSexist
TW10_1639,9,1,"RT [HANDLE]: Just not very appealing to me. Then again, it is a TV show that revolves around women in prison. Probably why I don't like…"
TW10_1640,9,1,RT [HANDLE]: I am not sexist but changing making the next Thor female isn't something I'm okay with due to Thor almost always being …
TW10_1641,9,1,RT [HANDLE]: Just saw a girl drive the wrong way on a one way.. Some girls really don't know how to drive. #notsexist #guysdoitbetter
TW10_1642,9,1,RT [HANDLE]: Michael mutes all women sportscasters #notsexist
TW10_1643,9,1,[HANDLE]: [HANDLE] Remind me when I said fiction = reality? Don't you have a feminist tumblr account to rant on?
TW10_1644,9,1,RT [HANDLE]: Call me sexist but making Thor a woman is a major bummer.
TW10_1645,9,1,HAHAHAHA [HANDLE]: a woman SHOULD NOT be proposing to a man under no circumstances b..u cant tell me nothing. call me sexist idccccc
TW10_1646,9,1,RT [HANDLE]: Call me sexist but I won't watch OITNB cause all the main characters are women
TW10_1647,9,1,RT [HANDLE] I'm not sexist but feminists annoy the shit out of me
TW10_1648,9,1,RT [HANDLE]: Now I'm not sexist but there ain't no woman in the world that can pull of Thor!!! He's a fucking man!! Always has been al…
TW10_1649,9,1,"Can't wait till you get locked up! [HANDLE] I'm not sexist, so I'm not afraid to hit a girl. In fact, I plan on it."
TW10_1650,9,1,"RT [HANDLE] Now I'm not sexist, and fully believe and support the idea of gender equality, but some women really cannot drive."
TW10_1651,9,1,RT [HANDLE] Not sexist but i don't like weak women POV. i like kickass women POV like Cersei...you know.
TW10_1652,9,1,Male action movies...ehhhh [HANDLE] Not sexist but female action movies...ehhhh
TW10_1653,9,1,"Has to be a parody account. [HANDLE] I'm not sexist, but women just shouldn't be sports announcers."
TW10_1654,9,1,RT [HANDLE] Driverless cars? That would be  an improvement for some of the clowns on the road! #notsexist
TW10_1655,9,1,"RT [HANDLE]: Basically, u could use a woman #NotSexist RT@LesIzMore: I need to buy soap &amp; return these red box movies. shit need to …"
TW10_1656,9,1,RT [HANDLE] [HANDLE] Lots of legs on todays show. America approves. #Notsexist
TW10_1657,9,1,Because of fucking inane male opinions like this one. [HANDLE] Why are girls just mad at the world for no reason? #notsexist
TW10_1658,9,1,Turing test: Failed [HANDLE] Not sexist but America will not be taken seriously if we have Hillary Clinton becomes president
TW10_1659,9,1,Actually nope! [HANDLE] I'm not sexist but women suck at driving
TW10_1660,9,1,UNBIASED TOTALLY UNSEXIST MALE OPINION ALERT [HANDLE] Im not sexist but I swear female comedians are not funny at all
TW10_1661,9,1,ESPN doesn't care what you think. [HANDLE] I'm not sexist but female sports reporters need to come to an end. Immediately
TW10_1662,9,1,Sadly this is the 2nd time I've seen this sentiment #getalife [HANDLE] I'm not sexist but fuck catching a girl pokemon #pokemonprobs
TW10_1663,9,1,"RT [HANDLE] Look I'm not sexist, but the only funny women in comedy are amy poehler, Tina fey, and kristen wiig"
TW10_1664,9,1,RT [HANDLE] I'm not sexist but I can't help cringe when women talk about football #notsexist #wheresmytea
TW10_1665,9,1,"RT [HANDLE]: Whos idea was it to hire a female as an NBA assistant coach. Man that is ridiculous, not sexist but that's not the place for…"
TW10_1666,9,1,"Maybe you could live on Mars and help us all out. [HANDLE] I'm not sexist, but if I hear a woman's voice on the radio I turn it"
TW10_1667,9,1,"RT [HANDLE] Don't get your pants in a bunch. I'm not sexist. But in this PC geekdom world, heaven forbid if you disagree."
TW10_1668,9,1,IRONY IS FUCKING DEAD [HANDLE] Im not sexist but feminists are the most annoying people out there.
TW10_1669,9,1,RT [HANDLE]: [HANDLE] [HANDLE] [HANDLE] apparently you guys can't take a joke but thats non of my business.
TW10_1670,9,1,QE-FUCKIN-D [HANDLE] Are there any good female comedians?? Or comediennes if you prefer? Can't think of even one! #NotSexist
TW10_1671,9,1,Cool story bro [HANDLE] I'm not sexist. .. but I do believe in male and female roles to an extent. ..
TW10_1672,9,1,RT [HANDLE]: RT .[HANDLE]: #pleasedontshoot #handsup #MikeBrown #Ferguson #peace #janellemonae [URL]
TW10_1673,9,1,RT [HANDLE]: Women who disavow feminism in the name of ~advocacy~ for ~men's rights~... [URL]
TW10_1674,9,1,"RT [HANDLE] I'm not sexist. But I dont like dealing with women, when there is business to do. They are too emotional"
TW10_1675,9,1,You're pure comedy to the WNBA. [HANDLE] Not sexist but WNBA is pure comedy to me .
TW10_1676,9,1,TELL ME MORE [HANDLE] I'm not sexist but I don't think I actually find any female comedian funny
TW10_1677,9,1,RT [HANDLE] I'm not sexist but i cant fall asleep if a females driving unless I'm on a xan
TW10_1678,9,1,RT [HANDLE] [HANDLE] I've watched a lot of female comedians do stand up and none of them humour me
TW10_1679,9,1,"RT [HANDLE] I'm not sexist, but female comedians just aren't funny"
TW10_1680,9,1,"RT [HANDLE] I'm not sexist but female comedians should cease to exist, immediately. Jesus Christ are they painful to watch."
TW10_1681,9,1,"RT [HANDLE] [HANDLE] If you have a vagina, don't try and be funny."
TW10_1682,9,1,RT [HANDLE] I'm not sexist but all female rappers need to just stop
TW10_1683,9,1,RT [HANDLE] Guys be better then women in everything !! Not sexist but it's just coz we are competitive as hell
TW10_1684,9,1,"RT [HANDLE] Now I'm not sexist, but it's evident a woman can't do a mans job when it comes to tennis coaching #MauresmoOut"
TW10_1685,9,1,"RT [HANDLE] I'm not sexist, but female comedians just aren't funny"
TW10_1686,9,1,"*gag* [HANDLE] I love females but I swear everyone someone comes close to hittin my car, I look and it's a female. #NotSexist"
TW10_1687,9,1,"What's going on is you're sexist [HANDLE] This is not sexist, but I know about 1 funny girl, what's going on"
TW10_1688,9,1,[HANDLE] [HANDLE] DID YOU HEAR THAT GUYS HE'S JUST JOKING THEREFORE THE PRATTLE FROM HIS MOUTH CANNOT BE SEXIST
TW10_1689,9,1,"For 1, men r REALLY good at spouting sexism [HANDLE] Second guy: I'm not sexist, but I do think men and women are good at different things."
TW10_1690,9,1,Just one of the many perks. [HANDLE] Im not sexist but if women and men played in the mlb together id stop watching
TW10_1691,9,1,"RT [HANDLE] Call me sexist but I hate hearing female rappers, I will switch the song with no hesitation whatsoever"
TW10_1692,9,1,RT [HANDLE] I would happily pay more for a flight if it would ensure no woman is near the controls. I bet a lot of women would too.
TW10_1693,9,1,"Listen, you're sexist. [HANDLE] Listen, I'm not sexist, but every dumbass driver I've crossed lately has been a female."
TW10_1694,9,1,"If you have to ask, you'll never know. [HANDLE] Bruh I'm not sexist but is the WNBA that entertaining??"
TW10_1695,9,1,RT [HANDLE] nah im not sexist but female rappers cant.
TW10_1696,9,1,Yeah their little fuzzy wings can't reach the handlebars. [HANDLE] I'm not sexist but I would never ride behind a chick on a motorcycle
TW10_1697,9,1,RT [HANDLE] FUCK. I'm not sexist but I have a girl in my recruit school AGAIN. Son of a bitch.
TW10_1698,9,1,RT [HANDLE] Anyone else have to mute the tele when the woman commentator is on match of the day? #notsexist
TW10_1699,9,1,RT [HANDLE]: Saw a woman driving a lorry in town today. Some serious irony when it turned out to be the hoover lorry though. #NotSexist
TW10_1700,9,1,RT [HANDLE] Call me sexist but I just cannot stand female rappers......yuck. That voice though.....
TW10_1701,9,1,"Yeah, it's still baseball season, man! [HANDLE] Call me sexist but I can't stand women on SportsCenter talking about football."
TW10_1702,9,1,"RT [HANDLE]: And don't you dare call me sexist for generalizing women. If I had a dollar for every time I heard a woman say ""men are all th…"
TW10_1703,9,1,RT [HANDLE]: I'm not sexist but a female can't do what a nigga do... In the end y'all gonna look like a hoe and a dude gonna look like…
TW10_1704,9,1,"Rape is not a synonym for ""treated unfairly"" or ""defeated,"" [HANDLE].[HANDLE] got raped by his phone"
TW10_1705,9,1,"""raped"" is not a synonym for ""touched"" [HANDLE] He just got raped by that water [URL]"
TW10_1706,9,1,"Rape is not a synonym for ""depleted."" [HANDLE] Just raped my bank account with tuition."
TW10_1707,9,1,Rape is not a punch line. [HANDLE] lead singer of maroon 5 sound like he getting gang-raped in the showers
TW10_1708,9,1,"RT [HANDLE]: I said ""we got raped"" in a video today and the white knights came out in force. Guess it is time to dust off the ban hammer an…"
TW10_1709,9,1,RT [HANDLE]: [HANDLE] These seems extremely unlikely. 16% of the entire female population are rape victims?
TW10_1710,9,1,RT [HANDLE] Again and again I am reminded harshly that having a women boss truly sucks #sorrynotsorry #itsfact #notsexist
TW10_1711,9,1,RT [HANDLE]: I'm not sexist but have you ever seen a female that even looks like she knows what she's doing behind the wheel of a car?
TW10_1712,9,1,"RT [HANDLE]: Just seen a comment on how chivalry is rarely practiced by females, I'm not sexist, but that's irrationality at it's finest!"
TW10_1713,9,1,RT [HANDLE]: Not sexist but these woman on sky sports have no opinion and everything is told to them through there ear piece #pointless
TW10_1714,9,1,"RT [HANDLE]: I am not sexist, but I have yet to hear one good woman play by play announcer."
TW10_1715,9,1,YES BYE [HANDLE]: I'm not sexist but if we ever get a woman president I'm moving out the country
TW10_1716,9,1,"RT [HANDLE]: I'm not sexist, but cut it out with the whole sideline reporter nonsense. They are absolutely useless and take away from …"
TW10_1717,9,1,"RT [HANDLE]: BTW I'm not sexist, but if Megan Dice replaced Larry Collins on #WCBD #News2 on weekends, she'll be inexperienced. Matt …"
TW10_1718,9,1,I see your maturity level has remained at the same level as then [HANDLE] Not sexist but the last thing a woman changed in me is diapers
TW10_1719,9,1,RT [HANDLE] I'm not sexist but women sort out ur fucking parking ffs
TW10_1720,9,1,RT [HANDLE]: I keep  getting this damn ad on YouTube on how girls are better at sports then guys. Sorry their not. #notsexist
TW10_1721,9,1,RT [HANDLE] I'm not sexist but women's sport on my sky sports news app or twitter feed boils my blood
TW10_1722,9,1,RT [HANDLE] I'm not sexist but I just can't watch football with a female commentator or announcer. Even my mom can't stand it.
TW10_1723,9,1,I always have to check these accounts 2 see if real. [HANDLE] I'm not sexist but I'm just not comfortable with a female President.
TW10_1724,9,1,So boring. [HANDLE] I'm not sexist. But women should not drive. Ever.
TW10_1725,9,1,"RT [HANDLE] I like to think I'm not sexist BUT...I cannot stand when females who are clueless about sports, talk about sports."
TW10_1726,9,1,RT [HANDLE] I'm not sexist but I can't stand feminists
TW10_1727,9,1,"RT [HANDLE] Im really not sexist, but its such a turn off when girls say bro like 20 times in every sentence. ...so fuckn ignorant. .lol"
TW10_1728,9,1,RT [HANDLE] And no I'm not sexist but a bitch is a bitch
TW10_1729,9,1,RT [HANDLE] Im not sexist but both of out females managers are fucking retarded and overall useless
TW10_1730,9,1,"RT [HANDLE] I'm not sexist, but I'm just not a fan of all these women rappers."
TW10_1731,9,1,RT [HANDLE] Buses with woman drivers are always late #NotSexist #JustAnObservation
TW10_1732,9,1,RT [HANDLE] Women shouldn't be football announcers. #NotSexist #JustAnnoyed
TW10_1733,9,1,RT [HANDLE] I'm not sexist but girls our age that drive is super scary
TW10_1734,9,1,RT [HANDLE] Im not sexist but on ma life theres a gene in women that blocks their rationality.
TW10_1735,9,1,RT [HANDLE] I'm not sexist.. But women drivers are terrible.
TW10_1736,9,1,RT [HANDLE] Im not sexist but women shouldnt be allowed to drive.
TW10_1737,9,1,RT [HANDLE]: I'm not sexist but women are just bad at driving lol
TW10_1738,9,1,"RT [HANDLE]: A woman doing college play-by-play just sounds wrong. I'm not sexist, but seriously get back in the kitchen."
TW10_1739,9,1,RT [HANDLE]: I'm not sexist but females have no business commentating football it's like a man conducting a child birthing class- just d…
TW10_1740,9,1,RT [HANDLE]: I'm not sexist but girls can't rap
TW10_1741,9,1,"RT [HANDLE]: Idc who you are, hitting a child is worse than hitting a woman...sorry not sexist but this is sick"
TW10_1742,9,1,RT [HANDLE] Why are LA women so bitchy? #notsexist
TW10_1743,9,1,Yes! #weirdsexism is back! [HANDLE] It's kinda weird to think women have #genitals. #notsexist #justsaying
TW10_1744,9,1,"RT [HANDLE]: 3 car pile-up outside the house, 3 women drivers... #NoComment #NotSexist #Coincidence [URL]"
TW10_1745,9,1,"RT [HANDLE]: Call me sexist all you want, but from stories/seeing this kind of stuff go down, women as a whole need to change how they co…"
TW10_1746,9,1,RT [HANDLE]: Listen. I'm not sexist. But I'm a firm believer in the man setting the tone in the relationship
TW10_1747,9,1,RT [HANDLE]: I'm not sexist but litteraly I'm sorry sometimes women get too many rights. Yall ain't innocent at all. Like men can ne…
TW10_1748,9,1,False. Equivalence. [HANDLE]: I'm not sexist i hate boys and girls equally.
TW10_1749,9,1,RT [HANDLE]: I don't need fisesm women WANT to be stared at and catcalled when they wear revealing clothes that's why they invented th…
TW10_1750,9,1,"RT [HANDLE] Not sexist, but I promise women live gullibly Always seeing things how they want them to be instead of the reality"
TW10_1751,9,1,"MALE OPINION PRESENTED AS FACT ALERT [HANDLE] Call me sexist, but there has never been a funny woman stand up comedian"
TW10_1752,9,1,RT [HANDLE] Call me sexist but any women sports reporter I can't listen to or even think their information is credible.
TW10_1753,9,1,RT [HANDLE]: It's stupid AF I'm not sexist but my sister is hell of spoiled daddy's lil girl she hasn't had to work or struggle a day…
TW10_1754,9,1,"Wow, NO [HANDLE] [HANDLE] [HANDLE] todays feminist thinks ""teach men not to rape"" is not sexist but it is"
TW10_1755,9,1,"RT [HANDLE]: My last Tweet, ???? Im not sexist but ummmm I think the whole equality thing is getting out of hand. We are different, …"
TW10_1756,9,1,RT [HANDLE] [HANDLE] maybe that's where they should focus? Less cunts on football. #notsexist
TW10_1757,9,1,"RT [HANDLE]: [HANDLE] ""Well son, you've scored a shitload of goals for the youth team, but we can't make you professional, because y…"
TW10_1758,9,1,RT [HANDLE] Obviously this Big Boss 8 is scripted and fake. Have you ever seen a woman with so little luggage? #notsexist #plissescooz
TW10_1759,9,1,"RT [HANDLE] I'm not sexist. But damn. You want equality? Learn to not pull the ""I'm a woman"" card."
TW10_1760,9,1,RT [HANDLE] Lucky to come off that bus alive #womenbusdriverproblems #notsexist
TW10_1761,9,1,"I have a hint for you in my usename [HANDLE] I'm not sexist, but I cannot watch a football game with a female announcer, idk why"
TW10_1762,9,1,RT [HANDLE] I swear I'm not sexist but damn! SOME women should not be behind the wheel of a vehicle...
TW10_1763,9,1,Um [HANDLE] i m not sexist but there are somethings girls just shouldnt do
TW10_1764,9,1,RT [HANDLE]: I'm not sexist but there's no way the nhl should let women in. They play a non-checking game. It's two totally different…
TW10_1765,9,1,"RT [HANDLE] I'm not sexist but women get upset with other women for stupid reasons. Women constantly say they have ""haters"""
TW10_1766,9,1,"RT [HANDLE] I'm not sexist but the thought of an all female Ghostbusters 3, scares me more than any ghost they could think up! #badidea"
TW10_1767,9,1,"RT [HANDLE]: [HANDLE] [HANDLE] [HANDLE] [HANDLE] [HANDLE] yes, I'm not sexist but it's very much a ladies job"
TW10_1768,9,1,"RT [HANDLE]: Im not sexist but females now are trying to say that they're better than men, when they went through so much history saying…"
TW10_1769,9,1,WOW TOP SHELF COMEDY [HANDLE] Siri I'm not sure if I should listen to a women giving me driving directions #sorry #notsexist
TW10_1770,9,1,RT [HANDLE] I'm not sexist but an all-female Ghostbusters is going to be just awful
TW10_1771,9,1,RT [HANDLE]: I'm not sexist but also definitely not a fan of the rumour of Ghostbusters 3 with women. What next? Steel Magnolias 2 with d…
TW10_1772,9,1,RT [HANDLE]: [HANDLE] same. No one involved with the original apparently. And I'm not sexist AT ALL but female Ghostbusters? Li…
TW10_1773,9,1,"RT [HANDLE] I'm not sexist at all, but I don't want to watch a ghostbusters film with just women in it #SoSueMe"
TW10_1774,9,1,"RT [HANDLE]: Now I'm not sexist, but an all-female Ghostbusters 3 with no connection to the original movies is quite possibly the wor…"
TW10_1775,9,1,"""I'm not sexist, I just become instantly virulent against women who accuse me of sexism."""
TW10_1776,9,1,"RT [HANDLE] I'm not sexist but girls constantly are complaining about stuff on TV, kind of annoying"
TW10_1777,9,1,RT [HANDLE] I'm not sexist but I don't really fw female rappers
TW10_1778,9,1,RT [HANDLE] The woman sports announcer for the badgers is making me want to use my mute button #notsexist
TW10_1779,9,1,RT [HANDLE] I'm not sexist but I never want to have a daughter cause even girls know how girls are.
TW10_1780,9,1,"Yes [HANDLE] Call me sexist if you want, but I don't like female comedians. Don't know what to tell ya. Are they funny?"
TW10_1781,9,1,"You're the closest to that [HANDLE] don't call me sexist cause im the farthest from that, but holy fuck I hate feminine activists"
TW10_1782,9,1,RT [HANDLE]: [HANDLE] because you hate a group doesn't make you sexist dumbass
TW10_1783,9,1,RT [HANDLE] Hey so I'm not sexist but if you think Female Shepard is better than Male Shepard on Mass Effect you're basically broken
TW10_1784,9,1,RT [HANDLE] Not sexist but just ain't the same with a woman presenting MOTD..fuck off get Gary back
TW10_1785,9,1,"Pretty sure reverse moves the bus, not the land. [HANDLE] I'm not sexist but this female bus driver can't reverse property."
TW10_1786,9,1,"RT [HANDLE]: [HANDLE] FemShep is literally male Shepard with boobs, they're no different."
TW10_1787,9,1,RT [HANDLE]: [HANDLE] Because FemShep was a character created to appease people in a pathetic way and didn't add depth or any dif…
TW10_1788,9,1,RT [HANDLE] I fucking hate rich ass snobby women that don't know there place in front of men! #notsexist #justventing
TW10_1789,9,1,I don't see you with a pilot's license. [HANDLE] Females struggle driving cars.. Yet we have one flying our plane #notsexist #justhonest
TW10_1790,9,1,RT [HANDLE] Most women are bad drivers just like most men are douchebag drivers #equality #notsexist #fact #LATraffic
TW10_1791,9,1,Children do lack depth of analysis [HANDLE] I don't want to listen to a girl announcer when I'm watching the Iowa game. #sorry #notsexist
TW10_1792,9,1,RT [HANDLE]: [HANDLE] but I'd rather watch 2 no name welterweights than Layla Ali in her prime. Not sexist but men &amp; women compe…
TW10_1793,9,1,RT [HANDLE] Two most funny twitter accounts: that of an intelligent man and a dumb woman ;) #NotSexist #SoPlease :P
TW10_1794,9,1,"RT [HANDLE] I swear I'm not sexist but, women CAN NOT drive"
TW10_1795,9,1,RT [HANDLE] I refuse to watch a football game if a woman is commentating. I'm not sexist but some people just don't belong in some things
TW10_1796,9,1,RT [HANDLE] I'm not sexist but I can't listen to female commentators for men's sports.
TW10_1797,9,1,RT [HANDLE] I'm not sexist but I hate all female rappers.
TW10_1798,9,1,"Actually u need help [HANDLE] Call me sexist but I actually have nightmares about Nancy Pelosi, Hillary Clinton, and Elizabeth Warren."
TW10_1799,9,1,Pick on someone your own size. [HANDLE] [HANDLE] I'm not afraid to hit a woman I'm not sexist x
TW10_1800,9,1,"JUST FELT THE NEED 2 EXPRESS THIS 4 SOME REASON [HANDLE] Don't get me wrong I'm not sexist, but seeing female engineers on site is weird"
TW10_1801,9,1,"RT [HANDLE] Call me sexist if you want but it's true, when the last time you heard someone break up w/ a pretty quiet girl ?"
TW10_1802,9,1,"[HANDLE] ""Women's sports are dumb"" --&gt; ""I won't pay to watch women's sports"" --&gt; ""why do women get paid $ if no one is watching them?"""
TW10_1803,9,1,RT [HANDLE] Call me sexist but am I the only person who doesn't find any female comedian funny in any way at all.
TW10_1804,9,1,RT [HANDLE]: [HANDLE] we are in America. It's american women that complain of such.
TW10_1805,9,1,RT [HANDLE]: I'm so not sexist but girls cannot wrap burritos at chipotle..... I think it's known fact. COME ON LADIES STEP IT UP
TW10_1806,9,1,RT [HANDLE] I'm not sexist but every female on ESPN looks completely lost when the guys start talking about football
TW10_1807,9,1,"[HANDLE] If you hadn't noticed, feminists are against taking pictures of anyone without their consent. Nice strawman tho, would trash"
TW10_1808,9,1,Because it's so appropriate for school! [HANDLE] I'm not sexist but I die laughing when dudes in class make sexists jokes
TW10_1809,9,1,"I suppose you shave yours, then? [HANDLE] Im not sexist. But women should shave their goddamn legs."
TW10_1810,9,1,"RT [HANDLE] I can't stand any of the female sports commentators. I'm not sexist, but the only ones around are just dumb as shit."
TW10_1811,9,1,RT [HANDLE] I'm not sexist but I can't stand female commentators on sports
TW10_1812,9,1,RT [HANDLE]: [HANDLE] [HANDLE] Just wanted to point out overseas labour isn't solely women in sweatshops... [URL]
TW10_1813,9,1,RT [HANDLE] This is not #SEXIST but my opposite sex can't drive for shit!!!
TW10_1814,9,1,Self-awareness at critically low levels [HANDLE] im not sexist but some bitches are dumb
TW10_1815,9,1,"RT [HANDLE] Not sexist, but I don't like it when girls are on sports talk shows"
TW10_1816,9,1,RT [HANDLE] I'm not sexist but I hate feminists females already got equal rights stop complaining
TW10_1817,9,1,No need to apologize; no one cares about your opinion [HANDLE] I'm not sexist but women don't belong in the infantry. Sorry.
TW10_1818,9,1,RT [HANDLE] I'm not sexist but they really making it hard to act otherwise. #franga
TW10_1819,9,1,RT [HANDLE] How come when women joke about men its not sexist but the other way round it is ?
TW10_1820,9,1,"I believe the correct term is bortches [HANDLE] [HANDLE] I'm not sexist , but some girls are just straight birches honestly"
TW10_1821,9,1,Yeah nothing to do with growing up being told as such [HANDLE] Men's MMA is far better than women MMA #notsexist #justbiology
TW10_1822,9,1,RT [HANDLE]: I'm not sexist but I'd never get my hair cut by a women just like I'm not racist but I'd never eat chicken fried by a white p…
TW10_1823,9,1,Turn up your hearing aid? A thought [HANDLE] I'm not sexist but it's nearly impossible to listen to a girl talking about football on ESPN
TW10_1824,9,1,RT [HANDLE]: [HANDLE] your right im a wanker. But I don't even have enough space in five tweets to point out how much of a cu…
TW10_1825,9,1,"[HANDLE] From zero to ""cunt"" in eight seconds. Too bad that word really means ""I'm an insecure whiny baby"" and says nothing about me."
TW10_1826,9,1,"RT [HANDLE]: [HANDLE] i'm not sexist, i believe women should have equal rights/pay, i just can't stand feminazis making everything about …"
TW10_1827,9,1,"[HANDLE] [HANDLE] ""I hate it when women control the conversation on their own problems, but that doesn't make me sexist."""
TW10_1828,9,1,RT [HANDLE]: [HANDLE] [HANDLE]: I'm not sexist but fuck if you're a woman and you can't Cook get your shit together.
TW10_1829,9,1,I'm sure this tweet will be used in court one day. [HANDLE] When you yell rape the lights turn off #NotSexist
TW10_1830,9,1,RT [HANDLE] But really I'm not sexist but I like my women to be homebodies. Housewives.
TW10_1831,9,1,"RT [HANDLE]: ""Friend zone"" concept relies on foregone conclusion sex is a given. #wellactually that makes you a rapist"
TW10_1832,9,1,RT [HANDLE]: Don't rape-zone me
TW10_1833,9,1,RT [HANDLE]: Fake victim whining rapist motherfuckers. They need to die
TW10_1834,9,1,"RT [HANDLE]: I'm not sexist. But I can't listen to a female analyst talk about a male sport, played by ALL MEN. Talk about sports yo…"
TW10_1835,9,1,"RT [HANDLE] So, totally not sexist, but fouls should be a synonym for women's basketball."
TW10_1836,9,1,"On feminism, it is not. [HANDLE] Im not a #feminist, I'm not #sexist, I'm a damn #Equalist. and My opinion is just as valid as yours."
TW10_1837,9,1,RT [HANDLE]: [HANDLE] OH NO! Heaven forbid a man finds a woman visually appealing! THE HORROR! Grow up. #notsexist #freespeech #science…
TW10_1838,9,1,"RT [HANDLE]: [HANDLE] Sorry, I won't use facts next time. I'll just go with the rest of the masses who think there are NO differenc…"
TW10_1839,9,1,"RT [HANDLE]: [HANDLE] By the way, your insult, directed at a man, about an unflattering hat worn predominantly by men, meant to ins…"
TW10_1840,9,1,"RT [HANDLE]: [HANDLE] Pass on that offer, but saying stupid woman is no more sexist than saying stupid man. stupid boy. stupi…"
TW10_1841,9,1,RT [HANDLE]: I get #nervous when I see a #woman driving. I get EXTRA nervous when I see a woman driving a speeding ambulance ... #NotSexist
TW10_1842,9,1,"""Women's bathrooms are so much worse than men's.""  Everyone agrees. #fuckthanksgiving"
TW10_1843,9,1,RT [HANDLE] Guys I swear to god I'm not sexist... But this Girl announcing the LouVSKen game is annoying...
TW10_1844,9,1,RT [HANDLE]: I'm NOT #sexist but this #woman did a better job of cleaning my car than any #man #handcarwash #norwich RT [URL]
TW10_1845,9,1,"[HANDLE] ""I'm not sexist, but it's of note when a woman surprises me with her competence."""
TW10_1846,9,1,RT [HANDLE] Still not a fan of this lady that commentates during games played on Sabc... #NotSexist
TW10_1847,9,1,"RT [HANDLE] I'm not sexist, but personal opinions shouldn't be considered sexist remarks (in almost all cases)"
TW10_1848,9,1,"RT [HANDLE] I'm not sexist, but a girl driving a truck to me is weird, but if you wanna look dyke, by all means."
TW10_1849,9,1,"RT [HANDLE]: I'm not sexist but a woman shouldn't have to open their own door, pay the bill, or drive but I still beleive in chivalry so …"
TW10_1850,9,1,RT [HANDLE] I swear it's not sexist but Chase Budinger's release emulates a woman shooting a basketball.
TW10_1851,9,1,"Wow RT [HANDLE] yip. I'm not sexist, but I'd like to throttle that woman"
TW10_1852,9,1,RT [HANDLE] This lady is a terrible official. Not because she's a lady though. I'm not sexist. But because she's a stupid bitch.#Cavs
TW10_1853,9,1,RT [HANDLE]: I don't know why everyone is complaining about [HANDLE] 's milk ad. It was a throwback to memories of old pin up ads #nots…
TW10_1854,9,1,"[HANDLE] [HANDLE] Yeah, if there's one thing I know about old pin-ups ads, it's that they were definitely not sexist."
TW10_1855,9,1,Do I need to point out the irony here? [HANDLE] Woman driver in front of me. Better stop tweeting and watch out for her. #nosexist
TW10_1856,9,1,RT [HANDLE]: [HANDLE] Cause you are just as wrong as them but want rights at the end of the day i'm no sexist but i'm not for fem…
TW10_1857,9,1,"OK [HANDLE] Call me sexist, but most people I have muted on my twitter are women."
TW10_1858,9,1,"88% of restaurant dishwashers are men: [URL] [HANDLE] Call me sexist, but doing dishes isn't a mans job."
TW10_1859,9,1,RT [HANDLE]: [HANDLE] then do the dishes
TW10_1860,9,1,"""No offense."" [HANDLE] I'm not sexist but women are really stupid no offense"
TW10_1861,9,1,RT [HANDLE]: I'm not sexist but don't go around saying WEMON are top shit and yous run the world. When it's MEN that literally run …
TW10_1862,9,1,RT [HANDLE]: Dont even get me started on females man. Im not sexist but the gaming community does tend to be a bit more friendly to …
TW10_1863,9,1,"#AbuserDynamics [HANDLE] Girls should count themselves lucky if they got a guy that still shouts when his mad, means he cares"
TW10_1864,9,1,"RT [HANDLE]: I'm not sexist but the female football commentators on [HANDLE] are horrible to listen to. All of them have deep, man voices…"
TW10_1865,9,1,RT [HANDLE] Not sexist but that guy is never going to live down losing to that girl in a football throwing contest for [MONEY]k...
TW10_1866,9,1,RT [HANDLE]: Apparently I'm sexist. Time to make my gf quit her job so she can clean &amp; cook. Not to mention use her as meat 4 sex ri…
TW10_1867,9,1,"RT [HANDLE]: Mamas, if your child is btwn ages 4-12 and you're struggling to buy a holiday toy,fill out this form: [URL]"
TW10_1868,9,1,"[HANDLE] So maybe the issue is not ""BOYS ARE BETTER AT SPORTS"" but ""they are children playing school sports so leave them alone."""
TW10_1869,9,1,"RT [HANDLE]: No, it's not SEXIST...But I do have a theory that females are UNABLE to tell the difference between Standard and High def…"
TW10_1870,9,1,The world is enriched by your wisdom. [HANDLE] I'm not sexist but I make sexist comments because it makes me LOL.
TW10_1871,9,1,What the hell is this recurring weirdness [HANDLE] I swear I'm not sexist but female chipotle employees can't roll burritos for shiizzzz
TW10_1872,9,1,"The MAJORITY are doing all the work. [HANDLE] Not sexist, but majority of girls are useless in group projects lol.. MAJORITY"
TW10_1873,9,1,"Nah, dude, we're going to continue to be awesome, thx. [HANDLE] I'm not sexist but women shouldn't commentate sports"
TW10_1874,9,1,RT [HANDLE] I'm not sexist when I say women can't drive. they literally can't
TW10_1875,6,1,#MKR Does Celine honestly think she's funny - because she's about as amusing as child abuse.
TW10_1876,9,1,"[HANDLE] I'm not sexist but the evolving semantics of ""literally"" is a female-led sociolinguistic phenomenon."
TW10_1877,9,1,RT [HANDLE] I'm not sexist but being in a room of 8 women and hear them talk about problems... #bodied
TW10_1878,9,1,"RT [HANDLE] Am not sexist but feminists don't half milk the ""men are all the same"" bollocks"
TW10_1879,9,1,RT [HANDLE] Reality tv disgust me. Not sexist but all the reality h#%s are these young girls role models.
TW10_1880,9,1,"RT [HANDLE] I'm not sexist, but let's face it, girls can't drive."
TW10_1881,9,1,RT [HANDLE] I'm not sexist but I don't like movies with women with the main role.
TW10_1882,9,1,RT [HANDLE] im not sexist but if youre a female bartender you agree to certain gender standards
TW10_1883,9,1,RT [HANDLE] If i let a girl drive my car it means something. #notsexist #justscience
TW10_1884,9,1,RT [HANDLE]: I'm sorry to any women out there! I'm not sexist! But ya cant have women in the infantry doing a front line role!! Its a simpl…
TW10_1885,9,1,It's like a Greatest Hits [HANDLE] Not sexist but women have a weird sense of humor and can't drive
TW10_1886,9,1,"RT [HANDLE] Why do girls think it's an achievement to not wear make up, us boys don't wear it. #bestgender #notsexist"
TW10_1887,9,1,[HANDLE] Doing nothing does require an inordinate amount of skill
TW10_1888,9,1,RT [HANDLE] has a female comedian ever made anyone laugh ever? call me sexist but women comedians are not funny
TW10_1889,9,1,RT [HANDLE] Call me sexist but there are 0 females I know who aren't stupid in some way or another. They just don't listen.
TW10_1890,9,1,"RT [HANDLE] Call me sexist, but I always fasten my seatbelt as early as I could when the driver is a woman. #BroSexist"
TW10_1891,9,1,RT [HANDLE]: I'm not sexist or anything I just dont think. A woman protagonist wouldn't fit in with the vulgarity of GTA. Unless th…
TW10_1892,9,1,RT [HANDLE] I'm not sexist but females can't rap
TW10_1893,9,1,RT [HANDLE] most women r physically weaker than men. #notsexist #sexhonest
TW10_1894,9,1,RT [HANDLE] women r more pleasing to look upon. #notsexist #sexhonest
TW10_1895,9,1,RT [HANDLE] When a woman gets in a wreck I'm not surprised. #notsexist
TW10_1896,9,1,"RT [HANDLE] I'm not sexist, but I get scared when women drive behind me. Particularly young ladies. Old ladies keep on putting along."
TW10_1897,9,1,"RT [HANDLE] Too many guys act like girls on twitter now a days, I'm not sexist but you don't have to act like a whiny bitch"
TW10_1898,9,1,RT [HANDLE] I'm not sexist ... but I fear for my life when I'm a passenger in some women's car
TW10_1899,9,1,RT [HANDLE] fuck women! i mean i'm not sexist but like...fuck women
TW10_1900,9,1,RT [HANDLE] The roads are a lot better and safer without the mom's on the school run #notsexist #facts #FactsOnly
TW10_1901,9,1,"Men's ""logic"", ladies and gentlemen [HANDLE] I don't prioritize women over men. I'm not sexist therefore I'm not a feminist."
TW10_1902,9,1,RT [HANDLE] ok I'm not sexist or anything but YOU WOMEN SUCK AT DRIVING OK? JUST. DON'T. PLOX. DO US A FAVOR.
TW10_1903,9,1,"RT [HANDLE] Now, I'm not sexist in any way shape or form but I think women are better at gift wrapping. It's the XX chromosome thing"
TW10_1904,9,1,"[HANDLE] I don't hear a lot of Who fans complaining about the end of the Dalek-Doctor conflict, but gender is SO much more important"
TW10_1905,9,1,RT [HANDLE] Im not sexist but girl rappers are trash
TW10_1906,9,1,RT [HANDLE] Why is it that every bad driver I encounter is either an extremely old person or a female??? #notsexist #facts
TW10_1907,9,1,RT [HANDLE] I have difficulty relating to protagonists that are tiny Japanese girls. Sorry. Call me sexist if that makes you feel better
TW10_1908,9,1,"RT [HANDLE] Girls should know guys over protective with his thing, especially his girl. He doesnt like sharing"
TW10_1909,9,1,"""Because they want to be a mother and maid to some loser"" [HANDLE] 7 Reasons Girls Should Date A Nice Guy [URL]"
TW10_1910,9,1,RT [HANDLE]: [HANDLE] [HANDLE] I guess I would be a safer driver too if I did ten under the speed limit. Not trying to be mean
TW10_1911,9,1,RT [HANDLE] I'm not sexist or anything but I do not take female rappers seriously I would never buy a Nicky Minaj album or something.
TW10_1912,9,1,RT [HANDLE] In [NUMBER] women had no rights. In [NUMBER] women fought for rights. In [NUMBER] women were always right. It's a new year. #notsexist
TW10_1913,9,1,"Like the role of Nora Helmer, for instance. [HANDLE] I'm not sexist, but people should play their roles."
TW10_1914,9,1,"RT [HANDLE]: I made the mistake of reading that Christine Brennan article. I'm not sexist, but she really makes females journalists loo…"
TW10_1915,9,1,RT [HANDLE] Not sexist but the quality of womens darts is terrible
TW10_1916,9,1,RT [HANDLE] Tattoos are disgusting on women. Not sexist but it's true
TW10_1917,9,1,"RT [HANDLE] I'm not sexist but I went to Subway and three girls making sandwiches, four tradesmen ordering. Just an observation."
TW10_1918,9,1,"RT [HANDLE] I'm not sexist, but more women know what DIY means due to arts and crafts. Lol"
TW10_1919,9,1,RT [HANDLE] I am not sexist. But womens darts .....
TW10_1920,9,1,RT [HANDLE] cooking and cleaning the kitchen? This is not me! #WhoDat #WomansWork #NotSexist
TW10_1921,9,1,RT [HANDLE]: If they make #Ghostbusters 3 all women sorry ladies I won't watch one of my favorite childhood movies be destroyed.#notcool…
TW10_1922,9,1,"RT [HANDLE] Not sexist, but girls on xbox live are super annoying."
TW10_1923,9,1,RT [HANDLE]: Ladies. Seriously. Stop putting your cell phones in you back pockets. Not attractive and detracts from the booty. #Not…
TW10_1924,9,1,RT [HANDLE] I always really wish i had a girlfriend when im hungry. #NotSexist #ImHighOkay #TooLazy
TW10_1925,9,1,"RT [HANDLE] I don't intend on my wife being a ""working"" woman, call me sexist."
TW10_1926,9,1,"Just a bad artist? [HANDLE] Aaand call me sexist, I drew females above their chest, and draw males with their chest showing off. I'm sorry."
TW10_1927,9,1,.[HANDLE] Call me sexist but I can't stand Erin Andrews (or any most female sports announcer for that matter) #heelsdontbelongonthefield
TW10_1928,9,1,RT [HANDLE] I'm not sexist but I'm starting to think women cant drive/maneuver/operate anything with 4 wheels over 800 lbs
TW10_1929,9,1,RT [HANDLE] I'm not sexist but some foods are gender specific please. I don't want a woman mixing my shawarma.
TW10_1930,9,1,"RT [HANDLE] Not sexist, but females shouldn't talk sports. That's like me talking about a new designer purse or something, clueless."
TW10_1931,9,1,"Did you hear that, ladies? Start catering to his every whim!! [HANDLE] I swear I'm not sexist but some of you females tempt me"
TW10_1932,9,1,"RT [HANDLE] I can't take that female sky sports commentator seriously, she just said boom. #notsexist"
TW10_1933,9,1,"Like, that's not even a clever joke??? [HANDLE] I'm not sexist, all my favourite films have lesbians in."
TW10_1934,9,1,"You can shut the hell up about it, though. [HANDLE] I'm not sexist, I just can't control how much I love big butts."
TW10_1935,9,1,"RT [HANDLE] A ghostbusters remake with Women taking up the roles of ghoul slaying saviours? I'm no sexist, but let's not be stupid, eh?"
TW10_1936,9,1,"RT [HANDLE] I'm no sexist, but ion know how I'd react if my son came down the stairs in heels... Prolly throw a football at his head"
TW10_1937,9,1,RT [HANDLE] I'm not sexist but I hate female sport analysts. I just can't take them seriously.
TW10_1938,9,1,RT [HANDLE]: I'm not sexist but I need a cleaning lady. It's either paying someone or buying prescribed meds for back pain I can do wi…
TW10_1939,9,1,RT [HANDLE] Ok I'm not sexist but no one gives a flying fuck about womens football
TW10_1940,9,1,RT [HANDLE] I'm not sexist but I don't give a fuck about women's football #BallonDOr2014
TW10_1941,9,1,"RT [HANDLE] A female goal voted second....really, is female sport even a thing! #NotSexist"
TW10_1942,9,1,RT [HANDLE] Call me sexist if u want ... I'm a man and men don't reallllly listen to women when they speak
TW10_1943,9,1,"RT [HANDLE] Call me sexist, but I hate most women on sports center. Everything is just seems so scripted by them."
TW10_1944,9,1,0 women care bout ur preferences [HANDLE] call me sexist or whatever but I think muscular female bodies look awful and are such a turn off
TW10_1945,9,1,Nope! [HANDLE] call me sexist but gender roles are definitely to be accepted &amp; respected
TW10_1946,9,1,LOLOLOL [HANDLE] [HANDLE] [HANDLE] I'm not sexist but it's always the females that expect you to read their minds Lolol
TW10_1947,9,1,RT [HANDLE] I'm not sexist but I haven't subscribed to a single female YouTuber
TW10_1948,9,1,RT [HANDLE] Im not sexist but i can say with certainty i havent had an intelligent conversation with a female under 30.
TW10_1949,9,1,"RT [HANDLE] I'm not sexist but women should not commentate on the football, it just doesn't sound right"
TW10_1950,9,1,RT [HANDLE] not sexist but girls just cant sing country as well as guys
TW10_1951,9,1,RT [HANDLE] How can feminists say they want equality when they see men as lesser beings? #LateNightThoughts #notsexist
TW10_1952,9,1,LOL EDGY [HANDLE] [HANDLE] [HANDLE] im not sexist but why are women allowed opinions lol
TW10_1953,9,1,"RT [HANDLE] Call me sexist but girls don't know shit about sports, when it comes to football they repeat anything their dad says"
TW10_1954,9,1,RT [HANDLE] Call me sexist or whatever but all they wanna do is be heard... and That's cool too but damn c'mon nah
TW10_1955,9,1,RT [HANDLE] Call me sexist but I honestly cannot watch a sporting event with a woman commentator #sorrynotsorry
TW10_1956,9,1,RT [HANDLE] #amyadams call me sexist but I think she should win a #bestactress for her looks alone.
TW10_1957,9,1,RT [HANDLE]: [HANDLE] [HANDLE] that's dumb. there's nothing wrong with satire and sexist jokes.
TW10_1958,9,1,RT [HANDLE] I'm not sexist but I just cannot stand this fucking hardened feminist wankers
TW10_1959,9,1,"RT [HANDLE] I'm not sexist, but this is one seriously stupid bitch. [URL]"
TW10_1960,9,1,RT [HANDLE] Lol swear im not sexist but most a yall chicks be dumb af
TW10_1961,9,1,RT [HANDLE] I'm not sexist but I'm pretty positive I have no female teachers this semester
TW10_1962,9,1,"[HANDLE] How about we let women decide where feminism is going, shall we?"
TW10_1963,9,1,RT [HANDLE] Listen I'm not sexist but there's never been a good all girl band that's just plain fact
TW10_1964,9,1,"RT [HANDLE]: ""They have to concentrate in the 2nd half of this half"". Wise words from our female commentator."
TW10_1965,9,1,"RT [HANDLE]: [HANDLE] I'm not sexist, but fuck that lady. She's awful."
TW10_1966,9,1,"RT [HANDLE]: I hate her so much RT [HANDLE]: Masterbatker I'm not sexist, but fuck that lady. She's awful."
TW10_1967,9,1,RT [HANDLE] [HANDLE] If it gets the men out from under their wives feet I'm all for it #notsexist
TW10_1968,9,1,"RT [HANDLE] Call me sexist or whatever the hell you wanna say, but I still believe it's the mans job to propose (except they lesbians)"
TW10_1969,9,1,RT [HANDLE] I'm not sexist but diva matches annoy me. And tag team diva matches...
TW10_1970,9,1,"RT [HANDLE] Call me sexist, I dont like most female comedians but Katherine Ryan from Canada is feicin hillarious."
TW10_1971,9,1,"Food's not for you, lol [HANDLE] Coming downstairs and four girls are cooking dinner, not sexist but not complaining"
TW10_1972,9,1,"RT [HANDLE] Ghostbusters 3 with an all female lead cast will not work. I'm not sexist, but it's simply a bad idea. Lost interest now"
TW10_1973,9,1,"RT [HANDLE] I'm not sexist but the new Ghost Busters with an all woman cast, nah, won't be the same tbh #Ghostbusters"
TW10_1974,9,1,"RT [HANDLE] I'm not sexist but girls get more attention when they tweet, thats why they have 832057238K followers, RTs and faves"
TW10_1975,9,1,RT [HANDLE] Not sexist but an all female cast for a re hash of ghostbusters sounds....well shit really
TW10_1976,9,1,RT [HANDLE] not sexist but come on why ? ghostbusting is a job for men lol [URL]
TW10_1977,9,1,RT [HANDLE] All femal ghostbusters? Sorry...I'm not sexist but that ain't gonna work and nobody is gonna go and watch it! #FLOP
TW10_1978,9,1,RT [HANDLE]: Why do film bosses have to make life weird #Ghostbusters with an all women cast... Why...Not sexist but it's just odd. Would …
TW10_1979,9,1,RT [HANDLE] female ghostbusters ? wtfrack ? #NOTsexist
TW10_1980,9,1,"Yes, men are never dramatic on twitter. [HANDLE] [HANDLE] Only suspects are white early 20's females. #NotSexist"
TW10_1981,9,1,RT [HANDLE] Girls can't catch ghosts! #fact #notsexist #justsaying #Ghostbusters
TW10_1982,9,1,RT [HANDLE]: Female President? Im not sexist but this country ...... Ill just reserve my comment
TW10_1983,9,1,"Nope! [HANDLE]: I'm not sexist, but only dudes should be busting ghosts. #Ghostbusters"
TW10_1984,9,1,RT [HANDLE]: [HANDLE] it has nothing to do with gender. More like why remake a perfectly good film?
TW10_1985,9,1,RT [HANDLE] I'm not sexist but I don't like female refs
TW10_1986,9,1,Have fun on the wrong side of history [HANDLE] All female Ghostbusters. No I am not sexist but fuck that shit.
TW10_1987,9,1,"RT [HANDLE]: I'm not sexist... but women refs are a no no"""
TW10_1988,9,1,RT [HANDLE]: There's a reason why it's called #MotherNature a woman's feelings can &amp; do change at moment without notice #notsexist #real…
TW10_1989,9,1,RT [HANDLE] I'm not sexist... But female football commentators are just not a good idea.
TW10_1990,9,1,"RT [HANDLE] I'm not sexist but I stand by Chris Paul, the woman ref made a bad call and couldn't take the scrutiny part of her job."
TW10_1991,9,1,"RT [HANDLE] Im not sexist,  but i feel like she should be in her own level. Clearly referring men is not your calling."
TW10_1992,9,1,"Men just aren't funny! [HANDLE] how many men does it take to mop a floor? None, that's women's work. #notsexist"
TW10_1993,9,1,Have a free blindfold. [HANDLE] I'm not sexist... But I don't wanna watch women talk to each other about sports.
TW10_1994,9,1,RT [HANDLE] I hope I'm not sexist but why do women love to argue with me and have the last word then laugh it off? This shit is serious.
TW10_1995,9,1,"[HANDLE] Men HATE getting the last word. That's why they follow you around expectantly after an argument, hoping you'll say something."
TW10_1996,9,1,"Men who use the word ""ladies,"" omfg [HANDLE] This is not sexist, but ladies are pretty bad at driving."
TW10_1997,9,1,RT [HANDLE] I'm not sexist but if the rally games were all sport games then the boys would win every game hands down
TW10_1998,9,1,"RT [HANDLE]: I'm not sexist, but why do feminists complain about everything?? If there was a cure for cancer I think they would moan! Giv…"
TW10_1999,9,1,"RT [HANDLE]: Ladies: I don't think that you can't drive, I just know that you can't park or back out of a parking space. #Facts #NotSex…"
TW10_2000,9,1,"Valentine's Day is great and all, but I'm holding out my real enthusiasm for Love Day: [URL]"
TW10_2001,9,1,"RT [HANDLE]: [HANDLE] [HANDLE] I'm all for equal rights, just annoying that they complain about things that don't matter is …"
TW10_2002,9,1,"RT [HANDLE]: [HANDLE] this day only brings fucking madness to guys, gives women the power to do anything, not sexist but it's tr…"
TW10_2003,9,1,"WOW [HANDLE] [HANDLE] girls are better at other things, like school, and being organized"
TW10_2004,9,1,"RT [HANDLE] I'm not sexist, but women cannot drive #lifefacts"
TW10_2005,9,1,RT [HANDLE] I'm not sexist but girl comedians just don't make me laugh...
TW10_2006,9,1,"""I'm not sexist, except when I am."" [HANDLE] I am not sexist but I do believe in certain gender roles when it comes to marriage"
TW10_2007,9,1,RT [HANDLE]: Ur gonna put this guys fate in the hands of 10 fat dickless hurtin un American ungrateful women? I mean im not sexist but…
TW10_2008,9,1,RT [HANDLE] I'm not sexist but I do not like one woman rapper out
TW10_2009,9,1,"RT [HANDLE] Not sexist, but the majority of feminists piss me off."
TW10_2010,9,1,"RT [HANDLE] I'm not sexist, but it's extremely painful seeing some girls pretending to know what's going on in a football match"
TW10_2011,9,1,"RT [HANDLE] I'm not sexist, but this woman bus driver has nearly killed 2 pedestrians in the space of 4 minutes #sortitout"
TW10_2012,9,1,RT [HANDLE] Is this Kara Lawson calling this game???? I'm not sexist but I hate when she calls game.
TW10_2013,9,1,[URL] [HANDLE] Women referees suck man. And no I'm not sexist but damn bruh that wasn't a good call
TW10_2014,9,1,RT [HANDLE] I'm not sexist but I don't play a videogames with female main characters
TW10_2015,9,1,RT [HANDLE]: Live footage of Patricia Arquette asking gays &amp; people of color to help her get better pay. [URL]
TW10_2016,9,1,.[HANDLE] Im not sexist but every food place I work at the girls come in for a couple hours to answer phones &amp; complain the entire time
TW10_2017,9,1,"RT [HANDLE]: ""A year ago, Silicon Valley lawyer Ed Zimmerman made a pledge to not attend all-male tech events."" [URL]"
TW10_2018,9,1,"RT [HANDLE]: ""...and one that his law firm previously sponsored told him that he need not send in a check this year."" &lt;-- Wow."
TW10_2019,9,1,RT [HANDLE] I swear I'm not sexist but why is March 8th Women's Day? Is that necessary...?
TW10_2020,9,1,"RT [HANDLE] Someone, recommend me a good book (not sexist, but prefer not having main character female; can't connect, ya know?)"
TW10_2021,9,1,"RT [HANDLE]: Should I hook up with this chick?? Half my friends say yes, the other half no! [URL]"
TW10_2022,9,1,RT [HANDLE] I'm not sexist but women are responsible for childhood obesity
TW10_2023,9,1,RT [HANDLE]: I'm noT sexist but there is a double standard with men &amp; women ! You want the guy everybody wants but we don't want the femal…
TW10_2024,9,1,RT [HANDLE] I'm not sexist but is this bitch serious? !! Good luck living alone for the rest of your life. ..
TW10_2025,9,1,"RT [HANDLE] Is it really woman's month?? I'm not sexist, but how come men don't get one??? Some of my bestfriends are woman btw."
TW10_2026,9,1,"RT [HANDLE]: Not sexist but womem and sport aint to my taste tbh especially when I see um in UFC!! Leave it out, go be a nurse or hair dre…"
TW10_2027,9,1,"RT [HANDLE] I'm not sexist, but women's basketball makes me want to puke"
TW10_2028,9,1,RT [HANDLE] I'm not sexist but women drivers are bad and when i mean bad I mean BAD
TW10_2029,9,1,I wish it hurt a lot from the outside. [HANDLE] I'm not sexist but seeing a woman driving a Jaguar hurts a little bit from the inside.
TW10_2030,9,1,"YES REALLY AND NO ONE CARES ABOUT YOU! ahahahahah [HANDLE] I'm not sexist, but a new Ghostbusters movie with a female cast....really?"
TW10_2031,9,1,As soon as we cancel all holidays honoring men! [HANDLE] Im not sexist but can we stop making up holidays for women
TW10_2032,9,1,RT [HANDLE]: They are trying to replace Jackson with a gal on the 20 dollar bill. I'm not sexist but women spend all our money anyway…
TW10_2033,5,1,RT [HANDLE]: Big big #QuestionsForMen #QuestionsForFeminists #SaturdayNightOnline 😜 [URL]
TW10_2034,5,1,RT [HANDLE]: A look at how Clinton accusers would be treated under today’s sexual assault standards —&gt;  [URL]
TW10_2035,5,1,RT [HANDLE]: [HANDLE] [MONEY] is £[NUMBER] above the national average wage PLUS it's tax free... [URL]
TW10_2036,5,1,"RT [HANDLE]: “[HANDLE]: [HANDLE] [HANDLE] it's a great website, use it” omg you are right! It is great! [URL]"
TW10_2037,5,1,"RT [HANDLE]: [HANDLE] this person thinks there is no wage gap 😒 #smh “[HANDLE] No, you commies, here's why: [URL]"
TW10_2038,5,1,RT [HANDLE]: Women’s Studies: Learn how to tell other women they should study something other than women’s studies RT [HANDLE]: [URL]
TW10_2039,7,0,STFU drasko #MKR
TW10_2040,3,0,"Stuffing up instant couscous should be an immediate elimination.
#MKR"
TW10_2041,1,0,"Corsetry, bloomers and hat pins will be back in fashion by the time this series ends. #MKR"
TW10_2042,7,0,"Lynn, I would have scored them a 2 #MKR"
TW10_2043,1,0,"Apart from Ash and Robert, I'd pretty much forgotten about the rest of them. #MKR"
TW10_2044,1,0,[HANDLE] [HANDLE] No. It's obvious the producers want some volatile action between the women for ratings. #MKR
TW10_2045,3,0,"Basically the #MKR ""twists"" are a series of annoying ways to extend this season."
TW10_2046,1,0,[HANDLE] And dazzling white lights in his gob. #MKR
TW10_2047,8,0,"RT [HANDLE]: If I hear ""hot"" ""pretty"" ""sassy"" ""like us"" one more time.. I will deconstruct.. #MKR #killerblondes"
TW10_2048,4,0,RT [HANDLE]: My little lemon tarts #mkr [URL]
TW10_2049,8,0,RT [HANDLE]: Hashtag killerblondes is the dickiest hashtag in all  #MKR history... Seriously... Why not #butcherthemodels
TW10_2050,8,0,"RT [HANDLE]: #MKR maybe you girls should go back to cutting up cows and pigs, don't quit your day job!! [HANDLE]"
TW10_2051,8,0,RT [HANDLE]: Waiting for them to say 'sassy sausage' #mkr
TW10_2052,8,0,"RT [HANDLE]: Lynn, I would have scored them a 2 #MKR"
TW10_2053,8,0,RT [HANDLE]: [HANDLE] if the vapid duo of conceit get through tonight I'm not watching again #suicideblondes #mkr
TW10_2054,4,0,RT [HANDLE]: This is like that Movie from the 80's. The Never Ending Story. #MKR
TW10_2055,4,0,RT [HANDLE]: Fark. At this rate #mkr won't crown a winner until [NUMBER]. Just get on with it
TW10_2056,4,0,RT [HANDLE]: #mkr heading into [NUMBER] with another instant restaurant round
TW10_2057,4,0,RT [HANDLE]: At this rate the MKR final will be in December #MKR
TW10_2058,3,0,"""Only the best will enter Kitchen Head Quarters. And Pete's the best at speaking in phrases punctuated by weird pauses.""
#MKR"
TW10_2059,7,0,"I don't care who it is, just as long as it's not the #promogirls #MKR"
TW10_2060,4,0,RT [HANDLE]: How unfortunate... they're staying. #MKR
TW10_2061,4,0,"RT [HANDLE]: And a 7 for ""smear of lemon tart""???
#MKR"
TW10_2062,3,0,"And a 7 for ""smear of lemon tart""???
#MKR"
TW10_2063,1,0,Out come the fingers and toes to do the counting. #MKR
TW10_2064,3,0,"A 7? for unboned spatchcock and instant couscous?
#MKR"
TW10_2065,7,0,Someone really wants to keep them in #MKR
TW10_2066,1,0,Joe is looking hopeful. #MKR
TW10_2067,3,0,"Collin admits that he is easily confused by a sausage.
#MKR"
TW10_2068,1,0,"It must wonderful to live in a delusional, surreal world where everything evolves around you. #MKR"
TW10_2069,7,0,Have you two even thought about the way you acted through this round? #MKR Scores aren't surprising
TW10_2070,1,0,"pretty: adjective 1.) attractive in a delicate way without being truly beautiful.""a pretty little girl with an engaging grin"". Um, no. #mkr"
TW10_2071,4,0,RT [HANDLE]: Skippy was NOT served up alleged deconstructed lemon tart in this photo. #MKR #PetsInAdBreaks [URL]
TW10_2072,3,0,"""Someone is going home. Absolutely. It's in the production notes and is the premise of ""elimination round.""""
#MKR"
TW10_2073,1,0,"""We've proved we're not just the dumb blondes with pretty faces"". Whatevs. #MKR"
TW10_2074,4,0,RT [HANDLE]: #MKR   Bye Bye Birdies........
TW10_2075,8,0,RT [HANDLE]: I want the blondes to meet the frizzy loud girl in the other group #mkr
TW10_2076,8,0,RT [HANDLE]: Nobody likes a dry sausage. #MKR
TW10_2077,3,0,"""I'd push for a 4.""
""I'm secretly in love with you but not ready to come out. I agree.""
#MKR"
TW10_2078,8,0,RT [HANDLE]: I haven't cringed this much since the work Christmas party #MKR
TW10_2079,8,0,I agree with a 4 Will and Steve #mkr
TW10_2080,8,0,Obviously strategic voting!! #mkr
TW10_2081,1,0,"""You confuse me, but in a good way"" #MKR [URL]"
TW10_2082,8,0,RT [HANDLE]: Colin is obviously malnourished from their cooking cause he sounds delirious. #MKR
TW10_2083,4,0,Is there an #MKR anonymous?
TW10_2084,1,0,"I can confuse you in an even better way, Colin. #MKR"
TW10_2085,4,0,I think that the silver lining is really lightning.  Wish the storm wold hurry up and blow them away #MKR
TW10_2086,1,0,Abstract? It's kindergarten finger painting. #MKR
TW10_2087,7,0,Not enough Lemon in their lemon tart #MKR woops.
TW10_2088,7,0,Well he ate it all #MKR
TW10_2089,8,0,RT [HANDLE]: What a surprise. mess on a plate #MKR
TW10_2090,4,0,"RT [HANDLE]: Face palm face palm - the model show is cringy, i watch #mkr for the cooking!"
TW10_2091,8,0,"RT [HANDLE]: I object to any food item that rhymes with ""turd"" #MKR"
TW10_2092,4,0,RT [HANDLE]: The deconstructed lemon tart looks pretty much like what your plate might look like after you've EATEN a lemon tart. #MKR
TW10_2093,1,0,Pretty? Er......no. #MKR
TW10_2094,8,0,RT [HANDLE]: This is cringeworthy #MKR
TW10_2095,3,0,The deconstructed lemon tart looks pretty much like what your plate might look like after you've EATEN a lemon tart. #MKR
TW10_2096,1,0,"Deconstructed lemon tart, brought to you by Heinz baby foods. #MKR"
TW10_2097,1,0,"Yes Will, that's totally shagadelic. Said no one ever. #MKR"
TW10_2098,8,0,RT [HANDLE]: Sick of the word Sassy!! #mkr
TW10_2099,4,0,"RT [HANDLE]: The strategy is working! Tonight, channel7 are having to make up their own tweets lol #Mkr #MKR2015"
TW10_2100,1,0,"I just....can't.....do .....it. (post a lame, inane tweet to see it on TV) #MKR"
TW10_2101,3,0,"""The sorbet is looking awesome. The sorbet churner, not so much.""
#MKR"
TW10_2102,8,0,RT [HANDLE]: Deconstructed lemon tart. Basically a pile of crap on a plate #MKR [URL]
TW10_2103,8,0,RT [HANDLE]: Really? #mkr
TW10_2104,7,0,I wonder how many times they've used that churner #MKR
TW10_2105,8,0,RT [HANDLE]: Lazy person's menu tonight #MKR
TW10_2106,1,0,[HANDLE] [HANDLE] Deconstructed vomit? #MKR
TW10_2107,7,0,"RT [HANDLE]: New Idea headline: ""#MKR shock! What are they hiding?"".

Pretty sure they're hiding any ability to actually cook."
TW10_2108,1,0,[HANDLE] Are Coles marketing Paleo sugar yet? #MKR
TW10_2109,8,0,"RT [HANDLE]: Deconstructed, because you can't be bothered putting it together #mkr"
TW10_2110,4,0,RT [HANDLE]: Oh if only Colin washed his hair! #mkr
TW10_2111,7,0,So this seems to Suggest Steve has had a fling with Nikki [URL] &amp; they make it through #MKR
TW10_2112,4,0,"RT [HANDLE]: Ohhhhh it's hit the fan, trouble she come!  #MKR"
TW10_2113,4,0,RT [HANDLE]: [HANDLE] I'm as sassy as a sausage in a butcher's shop #mkr
TW10_2114,4,0,RT [HANDLE]: #MKR who's the dude wearing a hat to the table.. Grandma would give him a good hit for being so rude!
TW10_2115,1,0,"Deconstructed lemon tart, because we're too bloody lazy and incompetent to do it properly? #MKR"
TW10_2116,3,0,Cut to Nikki breaking a yolk while separating eggs. #MKR
TW10_2117,2,0,A 4th round of instant restaurants? I thought 3 was enough this year. Don't get me wrong i love this show but seriously? #MKR
TW10_2118,6,0,#MKR For all you pissed about Kat getting through - just think of the twitter fun we are going to have at her expense next round!
TW10_2119,2,0,Looks like we are in for an emotional rollercoaster. Going to be great!!! #MKR
TW10_2120,2,0,Everyone's back!!! This is awesome. Can't wait to see what they are going to do this year #MKR
TW10_2121,1,0,They'll be back in The Never Say Die Never Say Never Again round. #mkr
TW10_2122,6,0,#MKR France Vs Ireland Vs Paleo Pete...LETS RUMBLE!
TW10_2123,2,0,Colin is back....#MKR
TW10_2124,2,0,TOP 4 get safety from elimination!!! #MKR
TW10_2125,2,0,DAMMIT!!!! KAT AND ANDRE ARE SAFE!!! NOT HAPPY #MKR
TW10_2126,6,0,#MKR Kat is better TV. She is a natural villian unlike Ash who is a fake one.
TW10_2127,3,0,"Maybe it was just a typo. They meant to list ""Kickass ice-cream and apple pie.""
#MKR"
TW10_2128,1,0,[HANDLE] Especially formulated by Ugg? #mkr
TW10_2129,6,0,#MKR Lets see who the producers think are going to be better TV - Kat or Nikki and Katie??
TW10_2130,3,0,"""Kitchen HQ"" is a warehouse in Coburg.
#MKR"
TW10_2131,6,0,#MKR 17....ok that is bullshit and unfair. There have been a lot of worst dishes than what they served.
TW10_2132,2,0,This team score is disgraceful #MKR
TW10_2133,2,0,[HANDLE] That's because they were safe from elimination as they finished top of their respective groups. #MKR
TW10_2134,3,0,"Last time I saw something this chaotic, someone had run into a beehive. In their underwear. Made of rattlesnake skin.""
#MKR"
TW10_2135,3,0,"Are they going to ""sudden debt"" or ""sudden death""?

#MKR"
TW10_2136,6,0,#MKR Um it's a cooking show (?) - they should have 'seen the best of you' the very first damn dish you ever cooked for them!
TW10_2137,7,0,"Dammit, not Kat/Andre #MKR"
TW10_2138,3,0,"""It didn't blow my mind. It blew my mind and my head."" Colin is no Matt Preston.

#MKR"
TW10_2139,2,0,Annie and Lloyd are in sudden death! No surprise there. #MKR
TW10_2140,7,0,[HANDLE] colin is doing his best impression of him with his judging lol #MKR
TW10_2141,2,0,Congratulations on peoples choice Ash and Camilla #MKR
TW10_2142,7,0,RT [HANDLE]: I'm so happy for Sheri and Emilie #mkr
TW10_2143,2,0,BOOM!!! Camilla and Ash. Well done girls. You did amazing. #MKR
TW10_2144,7,0,So if sherie/Emilie are not the worst they're safe whew #MKR
TW10_2145,2,0,Yay! Great critique for Sheri and Emilie!!! Go girls!!! #MKR
TW10_2146,7,0,They actually cooked logically for camping Josh/mum whose name I can't remember #MKR
TW10_2147,6,0,#MKR Based on the crap served there should be FOUR teams in the cook off!
TW10_2148,8,0,RT [HANDLE]: The editing on #MKR is Genius #katandandre #Fools
TW10_2149,8,0,RT [HANDLE]: The ever charming Kat has a moment of humour #MKR
TW10_2150,8,0,RT [HANDLE]: Is Kat crazy? Like The Joker. Cruel &amp; crazy. &amp; clueless #Mkr
TW10_2151,8,0,"RT [HANDLE]: Yeh. Laugh again, Kat. #mkr"
TW10_2152,3,0,"Colin ""doesn't care if you're cooking on the lake"". Marine Parks and Wildlife do.

#MKR"
TW10_2153,8,0,"RT [HANDLE]: Bianca is ""feeling sick"". She tried the baked Greek eggs.

#MKR"
TW10_2154,8,0,RT [HANDLE]: Lots of raw food around #MKR
TW10_2155,2,0,Bad bad food. Plain and simple Kat. #MKR
TW10_2156,6,0,#MKR Jesus Annie stop fucking grinning like a fool. Someone tear up a poster of a unicorn in front of her to stop her smiling.
TW10_2157,1,0,"You jog Colin, Pete can just hurl into his spittoon. #mkr"
TW10_2158,2,0,Oh Kat. Your turn now. It was just as bad. #MKR
TW10_2159,7,0,Don't excuse your bad cooking Annie #MKR and then Kat's gloating comes on lol
TW10_2160,2,0,Annie and Lloyd WORST dish of the day if you ask me #MKR
TW10_2161,7,0,Jac/shaz dish sounds DELISH!! #MKR
TW10_2162,3,0,"Bianca is ""feeling sick"". She tried the baked Greek eggs.

#MKR"
TW10_2163,7,0,Lots of raw food around #MKR
TW10_2164,6,0,#MKR Pete if you want 'wow' maybe switch networks and head to masterchef mate.
TW10_2165,1,0,[HANDLE] 15 by the time we get through it all. #mkr
TW10_2166,8,0,RT [HANDLE]: How good would sudden death be with Annie &amp; Lloyd vs Kat &amp; Andre. #mkr
TW10_2167,1,0,[HANDLE] [HANDLE] Delusional twits who can't cook; even when surrounded by cookbooks? #mkr
TW10_2168,3,0,"You haven't actually ""sold out"" if you're not charging for the food.

(Though you have sold out metaphorically.)

#MKR"
TW10_2169,2,0,[HANDLE] Me either! #MKR
TW10_2170,3,0,"""Fingers crossed it tastes good.""
Cut to punter ""It tastes like cardboard.""

#MKR"
TW10_2171,6,0,#MKR There are more crap dishes than good ones - oh that's right - it's My Kitchen Rules. Silly me.
TW10_2172,2,0,"Annie and Lloyd ""Crime against Cooking"" #MKR"
TW10_2173,6,0,#MKR 'There's a police boat over there - this is a crime against cooking' - ok I fully approve now of Colin being a judge!
TW10_2174,7,0,There is such a diff between reality &amp; what certain contestants think of their cooking #MKR
TW10_2175,2,0,More BAD cooking from Kat and Andre #MKR
TW10_2176,1,0,After watching Celine and her mother cook I've decided to avoid Greek food like the plague. #mkr
TW10_2177,7,0,Kat/andre breakfast looks raw #MKR
TW10_2178,6,0,#MKR Stuff that - just buy the dam tortillas and make the breakfast absolutely delicious. Not points for making your own in my eyes.
TW10_2179,2,0,Jane and Emma's look good! #MKR
TW10_2180,3,0,"Seriously, if Men at Work can be sued for the ""Kookaburra"" rift, then #masterchefau should be able to retire after taking #MKR to court."
TW10_2181,6,0,#MKR How the fuck do you fuck up breakfast???
TW10_2182,7,0,That looks bad #MKR
TW10_2183,6,0,#MKR Mmmmm raw egg....
TW10_2184,2,0,Isn't that the point Pete? Appeal to the public? #MKR
TW10_2185,3,0,"""We're in our element serving food we've cooked.Which turned out a whole lot better than Plan A: serving food someone else had cooked.""
#MKR"
TW10_2186,1,0,Cheeseymite rolls of some sort with coffee. #strayan #mkr
TW10_2187,6,0,#MKR For the next lunch challenge Annie &amp; Lloyd will be making a bowl of cornflakes with hash browns.
TW10_2188,3,0,"""Definitely 8 out of 10. Unless you're Kat and Andre. Then it's a solid and strategic 2 out of 10.""

#MKR"
TW10_2189,2,0,[HANDLE] No. Never. #MKR
TW10_2190,7,0,OMFG 30 min &amp; Sherrie/emilie have nothing out #MKR
TW10_2191,7,0,I keep looking for Rob/Lynzey &amp; Debra/Eva but they're safe right? #MKR
TW10_2192,6,0,#MKR I would have done spicy Mexican eggs with bacon &amp; roasted capsicum.
TW10_2193,1,0,Should've gone for the sliced pony after all Annie. #mkr [URL]
TW10_2194,6,0,#MKR Spotted sound guy *drinks*
TW10_2195,6,0,"#MKR Step away from the Kat, kids...for your own safety."
TW10_2196,7,0,"Haaaa, please let Kat/Andre go to sudden death! #MKR"
TW10_2197,2,0,Karma is coming back to bite Annie and Lloyd. #MKR
TW10_2198,3,0,"""Isn't raw egg in tomato poured onto a plate better than nothing?""

No.  Just no.

#MKR"
TW10_2199,6,0,#MKR Always good to sell your food by calling it 'left over food'. Genius Lloyd.
TW10_2200,2,0,Poor Sheri and Emilie. Feel so bad for them. #MKR
TW10_2201,6,0,#MKR Three pancakes - calm the farm. Feed them one pancake each.
TW10_2202,2,0,So many good looking dishes and also a few bad ones too. #MKR
TW10_2203,6,0,#MKR Well you are not really serving 200 plates lets face it unless some guts is going to get breakfast from all of you!
TW10_2204,1,0,"[HANDLE] But salmonella is Paleo, right? #mkr"
TW10_2205,2,0,Nooooooo Sheri and Emilie can't go to sudden death #sad #MKR
TW10_2206,3,0,"If your benchmark for success is Team Greek next door, then you're always going to be feeling confident.

#MKR"
TW10_2207,3,0,"Suddenly 3 x the number of people who could ever possibly fill the tents pictured in the camp site earlier, rock up for breakfast.

#MKR"
TW10_2208,2,0,Ash and Camilla looking great at the races today #mkr [HANDLE] #7sport #flemington
TW10_2209,0,0,"Wadhwa thinks women only disagree vocally with him because they want ""attention"". #stopwadhwa2015"
TW10_2210,0,0,"Wadhwa had other women write a book about being a woman in tech, then he published it with his own name on the title. #stopwadhwa2015"
TW10_2211,0,0,Wadhwa only cares about Wadhwa - not women in tech. #stopwadhwa2015
TW10_2212,0,0,"Hell yeah, [HANDLE]. awesome post on wadhwa [URL] #stopwadhwa2015"
TW10_2213,0,0,"totally forgot how that jerk invited me up to his office, too. lol no. my time is worth too much. #stopwadhwa2015"
TW10_2214,0,0,RT [HANDLE]: [URL] This oblivious [HANDLE] meltdown is in response to women who dared to speak up against him. #StopWadhw…
TW10_2215,0,0,"[HANDLE] have been traveling. barely managing CFPs, blogs out of the question"
TW10_2216,0,0,wadhwa started contacting journalists that follow me on twitter to tell them how disappointed he is in them. #stopwadhwa2015
TW10_2217,0,0,wondering if there would be value in refusing to answer inquiries/provide quotes for press that insists upon quoting wadhwa. #stopwadhwa2015
TW10_2218,0,0,"On one hand, he could get quoted more. But some reporters will look pretty dumb if all their women in tech stories are 100% about dudes."
TW10_2219,0,0,[HANDLE] I've ran into difficulties getting them to respond. Which is weird. Their news orgs have written stories about me in the past.
TW10_2220,0,0,[HANDLE] I'm guessing they are just used to tuning out complaints.
TW10_2221,0,0,"#stopwadhwa2015 because he is developing ties to gamergate. Relies on their support, talks to Milo."
TW10_2222,0,0,#stopwadhwa2015 because he follows a pathetically low amount of female engineers. But he's cool with female reporters.
TW10_2223,0,0,"[HANDLE] [HANDLE] you can just do that with twitter search. Unless you are looking to not block manually. ez enough to write, though."
TW10_2224,0,0,"The best thing [HANDLE] could do for women in tech is leave them the hell alone, creeper. #stopwadhwa2015"
TW10_2225,0,0,"Watching [HANDLE] claim that he never received financial compensation. Oh, sweets. We know this isn't how that works. #stopwadhwa2015"
TW10_2226,0,0,"Money is the smallest part of success in tech. It's about accomplishment, connections, and rep - all of which wadhwa hides from women."
TW10_2227,0,0,"Yeah, I've got a bit of a rageboner. Mentally speaking."
TW10_2228,0,0,"Yo [HANDLE], we're going to save the world - and social media - from people like *YOU*. #stopwadhwa2015"
TW10_2229,0,0,[HANDLE] never
TW10_2230,0,0,"[HANDLE] I'm not a shark, I'm the tree behind the shark."
TW10_2231,0,0,[HANDLE] but that tree is a creeper. look at it. Look into its eyes.
TW10_2232,0,0,"My name is Randi Lee Harper.
Harper Lee is trending.
COINCIDENCE?"
TW10_2233,0,0,[HANDLE] I haven't heard anything about it. But I can keep my eyes open.
TW10_2234,0,0,"RT [HANDLE]: Sad thing is that women in tech debate is becoming radicalized. People with personal agendas beginning to dominate, pushing out…"
TW10_2235,0,0,The lack of self-awareness from [HANDLE] right now is staggering and hilarious. #stopwadhwa2015
TW10_2236,0,0,Mom's dog just woke himself up by farting. He has been crying for the past 5 minutes and cannot be soothed. His butt has betrayed him.
TW10_2237,0,0,hahahaha people in gamergate are now trolling #stopwadhwa2015 - I so called this. [URL]
TW10_2238,0,0,Today's socks. So perfect. [URL]
TW10_2239,0,0,RT [HANDLE]: [HANDLE] [HANDLE] The data raises interesting points on trust in a network. It's gross to see [HANDLE] ob…
TW10_2240,0,0,"""Stalk"" aka respond to a blog post he made about me after Id forgotten all about him. [HANDLE] [HANDLE] [HANDLE]"
TW10_2241,0,0,[HANDLE] expanding? O_o
TW10_2242,0,0,#GamerGate [URL]
TW10_2243,0,0,Shingy [URL]
TW10_2244,0,0,Uh. A GamerGater doesn't like reboot. [URL]
TW10_2245,0,0,[HANDLE] I'd shopped off the website before :)
TW10_2246,0,0,Please take a moment to give your support to [HANDLE]. GamerGate is mobbing her game on steam green light. [URL] ETHICS
TW10_2247,0,0,RT [HANDLE]: The [HANDLE] account is literally [HANDLE] retweeting himself talking for women in tech. Seriously. Look at it. #StopW…
TW10_2248,0,0,[HANDLE] [HANDLE] [HANDLE] also used his book account to RT criticism I sent to his personal acct - then blamed an intern.
TW10_2249,0,0,[HANDLE] how is that related to wadhwa?
TW10_2250,0,0,[HANDLE] ah hah.
TW10_2251,0,0,[HANDLE] fuck errything about brietbart
TW10_2252,0,0,"RT [HANDLE]: Reminder: In the game of patriarchy, women are not the opposing team, they are the ball."
TW10_2253,0,0,[HANDLE] perfection.
TW10_2254,0,0,"Oh wait wasn't someone from valve at the SJW dinner last night?

I kid. But that would be quite amusing. If it had happened. TOTALLY DIDN'T."
TW10_2255,0,0,"I just want to hear the screams of ""collusion"""
TW10_2256,0,0,[HANDLE] [HANDLE] does it matter?
TW10_2257,0,0,"[HANDLE] [HANDLE] [HANDLE] at this point? You know it's getting mobbed by harassers with down votes aplenty, choice is yours."
TW10_2258,0,0,[HANDLE] that's pretty not useful and not helpful. Explain.
TW10_2259,0,0,[HANDLE] [HANDLE] AH
TW10_2260,0,0,[HANDLE] I'll throw a vote your way once I get to a computer
TW10_2261,0,0,"penguinman1337 is a regular poster to /baph, the board that coordinates targeted harassment/stalking/SWATing [URL]"
TW10_2262,0,0,"Also, Linux sucks."
TW10_2263,0,0,[HANDLE] IT IS CHARGING OKAY???
TW10_2264,0,0,[HANDLE] skill
TW10_2265,0,0,RT [HANDLE]: Closing arguments today in the Silk Road trial. [HANDLE] and [HANDLE] are on it. [URL] [URL]
TW10_2266,0,0,"RT [HANDLE]: .[HANDLE] The actual rule is you are allowed 1 lesbian and/or trans player per 5-player team, which is much worse…"
TW10_2267,0,0,"[HANDLE] [HANDLE] if there were 2 lesbians, there would be no gaming, only makeouts, OBVIOUSLY. Can't speak for trans."
TW10_2268,0,0,"[HANDLE] this is like vegan powers, right?"
TW10_2269,0,0,"RT [HANDLE]: Also, I just found out about this: [URL] What in Andraste's name is this nonsense?"
TW10_2270,0,0,RT [HANDLE]: LGBT players are welcome at official LoL tourneys. We're working with partners to ensure consistency with our values across …
TW10_2271,0,0,I take a nap and LGBT can't play video games anymore wtf
TW10_2272,0,0,Seeing these cute women in my TL tweeting about how they are into chicks &amp; I just want to be the most unsmooth person ever like HEY LAYDEEZ
TW10_2273,0,0,[HANDLE] so. Many. Jokes.
TW10_2274,0,0,[HANDLE] I'm a shark. But you're super cute too!
TW10_2275,0,0,[HANDLE] NOT FOR MUCH LONGER
TW10_2276,0,0,"[HANDLE] [HANDLE] i'm visiting my moms house, and she's all, why are you laughing? I don't know how to explain this."
TW10_2277,0,0,"RT [HANDLE]: [HANDLE] [HANDLE] ""You really think I'm a sexy shark?"" [URL]"
TW10_2278,0,0,"RT [HANDLE]: [HANDLE] lgbt too powerful, pls nerf"
TW10_2279,0,0,Is there a big-time VC who has strong feminist ally leanings? Curious. Not looking for funding.
TW10_2280,0,0,[HANDLE] I don't think I've ever asked anyone out before. Huh. Want to get some coffee when I get back into town?
TW10_2281,0,0,"[HANDLE] DOH! Haha, sure"
TW10_2282,0,0,"RT [HANDLE]: Way harsh, bank account application [URL]"
TW10_2283,0,0,"RT [HANDLE]: [HANDLE] Which I *think* is called ""scissoring""."
TW10_2284,0,0,At what point did people start confusing alpha with asshole?
TW10_2285,0,0,Plz stop demonizing black women's sexuality k thx
TW10_2286,0,0,"[HANDLE] Will be there, just late as usual."
TW10_2287,0,0,[HANDLE] I fucking love her. She is hot as shit.
TW10_2288,0,0,White women who need to ally for black women more.
TW10_2289,0,0,"[HANDLE] no one is perfect. We all make mistakes, and then we have to apologize for them. Celebrities aren't special."
TW10_2290,0,0,"Like, we've all got our own shit happening, but we've got to do better."
TW10_2291,0,0,[HANDLE] 19% is not the vast majority
TW10_2292,0,0,[HANDLE] [HANDLE] [HANDLE] Quick! Kiss a boy! And show me your birth certificate!
TW10_2293,0,0,[HANDLE] [HANDLE] [HANDLE] [HANDLE] [HANDLE] [HANDLE] all this because I taunted him over his follower cnt back in sep
TW10_2294,0,0,GamerGate = YouTube Comments as a Service
TW10_2295,0,0,Pause in horror as you realize the harsh reality of that statement.
TW10_2296,0,0,I'm not going to comment on if cernovich bought his followers. We don't know. It's speculation.
TW10_2297,0,0,He stated in the past that people had bought him followers to try to get his account in trouble.
TW10_2298,0,0,"Yes, a lot of his followers are bots. We have known this. This isn't news."
TW10_2299,0,0,But saying that he did this is not okay. We don't know. We will probably never know. Don't be like them.
TW10_2300,0,0,We already know his reach doesn't really extend beyond gamergate anymore. His follower count does not matter.
TW10_2301,0,0,[HANDLE] it's cool. Don't worry about it
TW10_2302,0,0,Someone sent pizza to the wrong address. Again. /baph is so incredibly incompetent. FreeBSD is supportive as usual. [URL]
TW10_2303,0,0,RT [HANDLE]: [HANDLE] According to [URL] SU is a for-profit firm (Benefit Corporation). On federal land (NASA research…
TW10_2304,0,0,[HANDLE] [HANDLE] [HANDLE] [HANDLE] I guess you're bad at linkedin. Sad for you!
TW10_2305,0,0,"RT [HANDLE]: [HANDLE] This is all you'll ever be known for. Very sad, that, but funny too. :) [HANDLE] [HANDLE] [HANDLE]…"
TW10_2306,0,0,[HANDLE] i like you. Respect.
TW10_2307,0,0,[HANDLE] heh. HEH.
TW10_2308,0,0,[HANDLE] literally my domain whois
TW10_2309,0,0,Hey /baph I've said MANY times that I hate chocolate and bread. Plz do better. I like skittles tho.
TW10_2310,0,0,"[HANDLE] don't really know, most of those people are dumb."
TW10_2311,0,0,[HANDLE] sometimes!
TW10_2312,0,0,[HANDLE] I love it
TW10_2313,0,0,[HANDLE] [HANDLE] [HANDLE] you are debating someone named dickwarts.
TW10_2314,0,0,I have 17 kids. All named after WoW characters. [HANDLE] [HANDLE] [HANDLE]
TW10_2315,0,0,RT [HANDLE]: [HANDLE] [HANDLE] For someone blocking #Gamergate [HANDLE] sure does manage to find her way into these dis…
TW10_2316,0,0,Gosh golly how dare she respond [HANDLE] [HANDLE] [HANDLE]
TW10_2317,0,0,[HANDLE] [HANDLE] will send an email tomorrow morning ;)
TW10_2318,0,0,RT [HANDLE]: What the everliving fuck? 2nd from top. [HANDLE] [URL]
TW10_2319,0,0,"Seriously though, that promoted Tweet is the funniest shit ever."
TW10_2320,0,0,RT [HANDLE]: [HANDLE] People are spending money to try to get you temporarily suspended from twitter?  That may be the most was…
TW10_2321,0,0,"RT [HANDLE]: [HANDLE] Someone is paying money to get [HANDLE] reported to twitter. Twitter.  

What is the SJW version of ""SUCH SA…"
TW10_2322,0,0,RT [HANDLE]: [HANDLE] [HANDLE] lol even their promoted tweet has a slur in it. Oh gamergate...
TW10_2323,0,0,I cannot stop laughing.
TW10_2324,0,0,I am so tempted to not contact Twitter just so they can spend more money on promoting my Twitter handle.
TW10_2325,0,0,"By the way, I was just hanging out with somebody from github talking about their decision to remove gamergate's accounts for harassment."
TW10_2326,0,0,"[HANDLE] oh they did. And then they refused to remove my account, which pissed off the gators."
TW10_2327,0,0,"RT [HANDLE]: [HANDLE] [HANDLE] I say let them waste their money, eventually they wont be able to afford internet, then their h…"
TW10_2328,0,0,"Those kids will never learn that every time they do something to harass me like this, more people learn about my work to stop harassment."
TW10_2329,0,0,"So, uh, thanks for the free advertising!"
TW10_2330,0,0,[HANDLE] [HANDLE] it was great to meet you! Thank you for the kind words.
TW10_2331,0,0,[HANDLE] I have been quietly helping some gators already.
TW10_2332,0,0,"RT [HANDLE]: Yes, I probably would have said milady unironically."
TW10_2333,0,0,[URL]
TW10_2334,0,0,RT [HANDLE]: Twitter just switched to mongodb so they could understand it.
TW10_2335,0,0,Driving back to San Francisco Thursday afternoon.
TW10_2336,0,0,"It's been swell, Seattle, but the swellings gone down."
TW10_2337,0,0,[HANDLE] yup!
TW10_2338,0,0,"[HANDLE] if I was presenting, I probably would. But I don't want to deal with the cost of a hotel and all that."
TW10_2339,0,0,[HANDLE] Who doesn't?
TW10_2340,0,0,"[HANDLE] most diversity panels feel a lot like circle jerks. They can be good, but it depends."
TW10_2341,0,0,"you know, that's an interesting idea. Maybe I should get some promoted tweets for ggautoblocker."
TW10_2342,0,0,[HANDLE] [HANDLE] [HANDLE] [HANDLE] Nice meeting you too!
TW10_2343,0,0,"[HANDLE] maybe! I'm staying up in Bellingham, so it's a little bit of a drive."
TW10_2344,0,0,[HANDLE] I have no interest in Gratipay beyond using them as an example of what not to do.
TW10_2345,0,0,"[HANDLE] it was lovely meeting you, too."
TW10_2346,0,0,RT [HANDLE]: This article is shit but lol [HANDLE] losing an argument with [HANDLE] made Buzzfeed. #gamergate [URL]
TW10_2347,0,0,RT [HANDLE]: [HANDLE] [HANDLE] Losing so hard.
TW10_2348,0,0,[HANDLE] [HANDLE] [HANDLE] unsubscribe
TW10_2349,0,0,"RT [HANDLE]: oh my fucking god 
you should see this [HANDLE] [URL]"
TW10_2350,0,0,"Went comic shopping tonight with [HANDLE], [HANDLE], [HANDLE]. Super fun time. :) [URL]"
TW10_2351,0,0,[HANDLE] YES
TW10_2352,0,0,I kinda reallllllly want a magnetic implant in my fingertip now.
TW10_2353,0,0,[HANDLE] but daaaaaaaad
TW10_2354,0,0,[URL]
TW10_2355,0,0,[HANDLE] [HANDLE] MAKE ME
TW10_2356,0,0,"RT [HANDLE]: New Crash Override Guide: Account Security 101: Passwords, Multifactor, Social Engineering, and You [URL]"
TW10_2357,0,0,[HANDLE] Harley Quinn
TW10_2358,0,0,[HANDLE] [HANDLE] babies
TW10_2359,0,0,[HANDLE] you're awesome! Thanks :)
TW10_2360,0,0,[HANDLE] [HANDLE] [HANDLE] what are video games
TW10_2361,0,0,"A ""random scientist"" that keeps blogging about me. A sexist asswipe that told me to not bother with my projects coz he did it [HANDLE]"
TW10_2362,0,0,"But it's about ethics in eggs warping facts, right? [HANDLE]"
TW10_2363,0,0,[HANDLE] [HANDLE] nah. A *really* bad data scientist with the worst sourcing methodologies ever
TW10_2364,0,0,"RT [HANDLE]: Woke up to see Revolution PC is ranked 84th Steam Greenlight games in 20 hours! THIS IS AMAZING, thank you! [URL]"
TW10_2365,0,0,The list of companies for the anti-abuse round table I'm building is growing. I'm excited. The world needs this.
TW10_2366,0,0,"If you're a company in SF that has an abuse/community dept or person, this is something you want to be a part of. Hit me up. [EMAIL]"
TW10_2367,0,0,"Purpose of this group is to share the types of abuse seen, talk about how to deal with it, and diff policy changes/tools that are needed."
TW10_2368,0,0,[HANDLE] possibly. Want to see how this evolves. Internet video conf may become a thing.
TW10_2369,0,0,I woke up to this little stalker sitting in my lap staring at me. [URL]
TW10_2370,0,0,[HANDLE] I'm only one person.
TW10_2371,0,0,[HANDLE] is this [NUMBER]??? who uses MSN????
TW10_2372,0,0,"[HANDLE] I'm sure :) but I don't know them personally, and this is what my soon to be NPO does. I'm not signing off on some rando."
TW10_2373,0,0,[HANDLE] things need to start small and then grow.
TW10_2374,0,0,"RT [HANDLE]: It's official: The FCC will motion to have The Internet filed under Title II as a utility.
[URL]"
TW10_2375,0,0,[HANDLE] [HANDLE] [HANDLE] gaters trigger too many false positives. He would lose his valid follower base.
TW10_2376,0,0,I am going to smack down anyone I see bitching about how cernovich bought his followers. You're spreading unsubstantiated rumors. Not cool.
TW10_2377,0,0,"I don't care what BS cernovich has done, have some goddamn ethics. For real, though."
TW10_2378,0,0,Continuing to spread those rumors is basically the same thing as gaters saying I was arrested for drugs.
TW10_2379,0,0,RT [HANDLE]: [HANDLE] You might want to take this to whoever your person at Twitter is. [URL]
TW10_2380,0,0,[HANDLE] noted. Although this is tricky - what's it going to accomplish? Another suspended gater account?
TW10_2381,0,0,[HANDLE] I think I'm going to push it to people outside of safety so we can get some better promotion reviews.
TW10_2382,0,0,[HANDLE] [HANDLE] [HANDLE] complained early on that people bought him followers to get his acct suspended.
TW10_2383,0,0,[HANDLE] the trickiest thing of all ;)
TW10_2384,0,0,"[HANDLE] [HANDLE] [HANDLE] perhaps. But regardless, tools to remove bots would remove gaters."
TW10_2385,0,0,"[HANDLE] [HANDLE] [HANDLE] sitting here and spreading unsubstantiated rumors is a shit move, though. We aren't gaters."
TW10_2386,0,0,RT [HANDLE]: My wife co-founded pyladies; the best thing I've done for gender diversity was to let women speak. #stopWadhwa2015 [URL]
TW10_2387,0,0,"RT [HANDLE]: Ok. I'm gonna chill a bit longer, then walk some pups. And remind you [HANDLE] has done #morethanwadhwa for tech. #StopWadh…"
TW10_2388,0,0,"RT [HANDLE]: Wadhwa thinks he ""took intense fire"" for helping women in tech not realizing the fire he's getting is for doing the opposite #s…"
TW10_2389,0,0,[HANDLE] you rock. Fuck errything about that guy.
TW10_2390,0,0,"OHMYGOD I just realized what ""my soggy knees"" meant. That is better than ""freeze peaches"" - I feel so old"
TW10_2391,0,0,[HANDLE] [HANDLE] watching someone with 1k followers explain Twitter to you has been the highlight of my past 15 minutes.
TW10_2392,0,0,[HANDLE] [HANDLE] YES
TW10_2393,0,0,RT [HANDLE]: [HANDLE] [HANDLE] well technically gif is a hard g
TW10_2394,0,0,[HANDLE] [HANDLE] IS TOO
TW10_2395,0,0,SICK HIM
TW10_2396,0,0,".[HANDLE] except adderall is legal, prescribed, and I wasn't arrested for it. NEXT TROLL?"
TW10_2397,0,0,I need pajama pants that don't look like pajama pants. Going out to lunch in Super Mario Bros pants. Haters gonna hate.
TW10_2398,0,0,RT [HANDLE]: literally after months of attacks there has not been one single criticism or response leveled of my actual work. so you know.
TW10_2399,0,0,"[HANDLE] just change your profile pic/name to a woman, pref w/brightly colored hair. Tweet out ""gamers are dead"" or ""games are sexist"""
TW10_2400,0,0,Proof [URL]
TW10_2401,0,0,[HANDLE] I am not taking life advice from someone that doesn't know the diff between wear and ware
TW10_2402,0,0,[HANDLE] yes ;)
TW10_2403,0,0,[HANDLE] as was [HANDLE] and [HANDLE]
TW10_2404,0,0,This is the best account. [URL]
TW10_2405,0,0,[HANDLE] [HANDLE] [HANDLE] I bring the party!
TW10_2406,0,0,[HANDLE] w not v ;)
TW10_2407,0,0,[URL]
TW10_2408,0,0,[HANDLE] she auto follows back
TW10_2409,0,0,RT [HANDLE]: Cannot unsee. [URL]
TW10_2410,0,0,Pulling on my lip rings to freak out my mom.
TW10_2411,0,0,[HANDLE] no worries
TW10_2412,0,0,ur face is classified as a utility by the FCC.
TW10_2413,0,0,"Gather round, kids. It's story time, brought to you by my good friend [HANDLE]."
TW10_2414,0,0,"Once upon a time, in a land far, far away, in the great state of Georgia, yours truly worked with [HANDLE]."
TW10_2415,0,0,"We parted ways, but stayed in touch throughout the years. He got swole while I went off and did my thing, writing Perl, angering trolls."
TW10_2416,0,0,"This brings us to today, when the hero of this story, [HANDLE], was on a bus near UGA. Listening to his podcasts, doing his thing..."
TW10_2417,0,0,"... when he hears ""blue haired bitch"", ""gamergate"", and ""freebsdgirl"". Oh, dear."
TW10_2418,0,0,"Words were said. The gaters protested ""free speech!"" - alas, speech may be free, but not of consequences."
TW10_2419,0,0,"Given that my friend is quite fit and these gaters were not, they quickly departed at the next stop, instead of ""debating"" further."
TW10_2420,0,0,"Take heed, gaters. You're alone in the world in your campaign of hate. People will stand up to you. Men and women will stand up to you."
TW10_2421,0,0,[HANDLE] I... I thought you were being snarky...
TW10_2422,0,0,LRT did not appear to be snark. o_O.  Pretty sure dude was serious.
TW10_2423,0,0,I didn't think there were any of those people left...
TW10_2424,0,0,[HANDLE] [HANDLE] [HANDLE] lol. suuuuuuuuuuuuuuuuuure.
TW10_2425,0,0,"RT [HANDLE]: [HANDLE] Ah, here we go. Didn't take long to scratch off that silver ""ethics"" foil to find we won a free MRA. [URL]"
TW10_2426,0,0,".[HANDLE] you're right. They are! Show me where it says ""drugs"" and not ""failure to appear for expired tags"""
TW10_2427,0,0,[HANDLE] bot fight
TW10_2428,0,0,[HANDLE] [HANDLE] [HANDLE] also sorta working with Twitter on a bunch of things. Will get clarity on NDA.
TW10_2429,0,0,Not looking for FTE outside of my anti-harassment org ;) [HANDLE]
TW10_2430,0,0,Watching devil wears prada just reaffirms my desire to be single forever. Needy boyfriend omfg.
TW10_2431,0,0,"I remain optimistic about [HANDLE] and acknowledge that this is a complex problem with no easy solution. Less hate, more ideas, please."
TW10_2432,0,0,".[HANDLE] [HANDLE] ""I watched 4 episodes of In Living Color I AM KINDA AN EXPERT, GAWD"" *hairflip*"
TW10_2433,0,0,[HANDLE] [HANDLE] I can bring that up.
TW10_2434,0,0,[HANDLE] hi you're rad.
TW10_2435,0,0,My stepdad walked into the room to offer me pot (WA!) and then he farted for 5 seconds when I declined.
TW10_2436,0,0,"My mom handed me a book of coupons for buying bras.

I love my family, but I am leaving tomorrow :P"
TW10_2437,0,0,[HANDLE] I didn't acknowledge the fart I DONT KNOW
TW10_2438,0,0,[HANDLE] #killallmen
TW10_2439,0,0,[HANDLE] [HANDLE] (hilarious side note: that show was my only sighting of a PoC until I was 15. Backwoods farm country. Saw 1 ep.)
TW10_2440,0,0,[HANDLE] I saw. :) I've been working directly with twitter's safety department. I have faith they want to do the right thing.
TW10_2441,0,0,"[HANDLE] [HANDLE] he's pretty chill. Super sick, though. Multiple sclerosis which is why he's always stoned."
TW10_2442,0,0,"RT [HANDLE]: btw my alt Twitter accounts are [HANDLE], [HANDLE], and [HANDLE]"
TW10_2443,0,0,a kickstarter is tempting. but I'm just so weird about money. I still feel kind of squick about my patron tbh. blame FOSS mentality.
TW10_2444,0,0,"I have so many ideas and so little time, even doing this full time. 90% of what I'm doing is talking to people."
TW10_2445,0,0,"I'm slowly finding people that I trust, but it's all so hard because I care *so much*."
TW10_2446,0,0,[HANDLE] [HANDLE] not yet. I should.
TW10_2447,0,0,[HANDLE] I need to sit down with one and figure out how to be a better PM at my life. ;)
TW10_2448,0,0,"[HANDLE] I'm still at the stage where I've given up on finding a good task list mgt app that fits with my workflow, so I use a notepad."
TW10_2449,0,0,[HANDLE] [HANDLE] the difficulty is finding time to find those allies while figuring out what to do with the ones I've got.
TW10_2450,0,0,"IT IS NOT A BLOCK BOT IT IS A TOOL TO SHARE BLOCK LISTS, THIS PARTICULAR ONE BEING GENERATED VIA THE API AND COMPARISONS FFS. [HANDLE]"
TW10_2451,0,0,I will burn the building down.
TW10_2452,0,0,[HANDLE] [HANDLE] I have... a whiteboard. And a mental list that I run through several times a day. I don't know PM stuff yet.
TW10_2453,0,0,"Maybe I should put together a press kit.

What is a press kit? How do I build one?"
TW10_2454,0,0,[HANDLE] I think so :(
TW10_2455,0,0,"[HANDLE] are the responses bad? I've got the block list enabled, so I see nothing."
TW10_2456,0,0,"[HANDLE] [HANDLE] yeah, this is more activist specific. Less time talking to press, more time writing code."
TW10_2457,0,0,[HANDLE] I think women in general have issues talking about money for activism. Lots of articles on this.
TW10_2458,0,0,"[HANDLE] I've read many of them, but it doesn't make it easier for me."
TW10_2459,0,0,"I was looking for a specific video by [HANDLE] so I searched ""Anita Sarkeesian"" on YouTube. Good grief. So many angry manchildren."
TW10_2460,0,0,I wanted to show my mom her Ted talk. Mom saw the search results and started to get what the fuss was about.
TW10_2461,0,0,".[HANDLE] yes, I found it ;)"
TW10_2462,0,0,[HANDLE] [HANDLE] for non game dev stuff though? I want something I can hand off as easy explanations for press.
TW10_2463,0,0,[HANDLE] wait. When did I become a pedozoophile and what is that?
TW10_2464,0,0,[HANDLE] [HANDLE] leo sleeps in my bed in the winter. He's the little spoon.
TW10_2465,0,0,[HANDLE] [HANDLE] I hate cats.
TW10_2466,0,0,My job gives me a constant stream of endorphins.
TW10_2467,0,0,"RT [HANDLE]: Numbers for hacking attempts against our websites since launch: 184 against Crash Override alone, 763 overall. Not inc…"
TW10_2468,0,0,"I think I need to make a Facebook page, too. UGH. So weird. All of it. I am still coming to terms with this being my life."
TW10_2469,0,0,It's not a bad thing. It's just such a huge change from being a sometimes-FOSS dev &amp; full-time devops to... whatever this is.
TW10_2470,0,0,I'm getting too many friend reqs from people I don't know. I'd rather just manage a page and keep all that stuff separate from pics of leo.
TW10_2471,0,0,Is that weird? Am I doing the right thing? It feels so pseudo-celeb.
TW10_2472,0,0,"RT [HANDLE]: .[HANDLE] [HANDLE] 1st 100 videos when I searched ""Anita Sarkeesian"":
* 93 angry rants attacking/""exposing"" Anita.
* 7 FemF…"
TW10_2473,0,0,I'm not important. The things I'm working on are. The people helping me push this are. I don't want the message being warped to be about me.
TW10_2474,0,0,"[HANDLE] right??? I love yelling about things I don't like. But now people are listening, and it's this weird responsibility."
TW10_2475,0,0,[HANDLE] hehe. That was actually super helpful! I'm saving for later so I can review and think about it.
TW10_2476,0,0,"[HANDLE] YES! I'm like, I have no idea what I am doing most of the time. If I'm an inspiration, we're all fucked."
TW10_2477,0,0,"[HANDLE] [HANDLE] sure! Shoot me an email, [EMAIL]"
TW10_2478,0,0,[HANDLE] [HANDLE] I was never a part of that...
TW10_2479,0,0,"RT [HANDLE]: Hey [HANDLE], I was thinking of supporting you on Patreon. How much of your Patreon ""income"" goes to crack cocaine?"
TW10_2480,0,0,I would hate to have you bug your parents for their credit card. [HANDLE]
TW10_2481,0,0,[HANDLE] patron?
TW10_2482,0,0,[HANDLE] I get 20+ a day. Mostly from Indian people. No clue why.
TW10_2483,0,0,OMG pothead stepdad with MS is a sweetheart but I might kill him if he stumbles one more time through this living room where I'm sleeping.
TW10_2484,0,0,He is not all there. And I guess he keeps forgetting that the dog just went outside and ughhhh I want to sleep.
TW10_2485,0,0,"[HANDLE] LOL I remember [HANDLE] - watch out, she's full gamergate nuts."
TW10_2486,0,0,[HANDLE] [HANDLE] wrote me the most hilarious open letter that was all about her. I loled for days. Forgot all abt that until now.
TW10_2487,0,0,[HANDLE] [HANDLE] and then she kept sending all these weird threats my way. Like wicked witch of the west style.
TW10_2488,0,0,"[HANDLE] wtf does ""identity-sure"" mean? I've never heard this, but it makes it sound like she thinks trans are confused?"
TW10_2489,0,0,"At this rate, I'm going to be making slides for a keynote in my car as I drive home."
TW10_2490,0,0,"[HANDLE] oh, weird. I'm surprised it didn't offer Twitter."
TW10_2491,0,0,"[HANDLE] uh, yeah. He's my stepdad. Thanks for the call out, though."
TW10_2492,0,0,Weeeee. That's what I get for grumping/joking about a family member. Random internet rage. [URL]
TW10_2493,0,0,[HANDLE] and what a judgmental ass you are. Kindly go fuck yourself. :)
TW10_2494,0,0,"[HANDLE] a one time donation is still very appreciated ;) I'll give them that feedback, though."
TW10_2495,0,0,"[HANDLE] I am allergic to cats, but thanks anyways :)"
TW10_2496,0,0,Well. That makes sense. [URL]
TW10_2497,0,0,[HANDLE] yup. Especially since I start a 14 hour drive home in the morning.
TW10_2498,0,0,It sure is weird how I only ever see mean things being attached to the gamergate hashtag.
TW10_2499,0,0,[HANDLE] can't tell if sarcasm or clueless
TW10_2500,0,0,Leave it to GG to think women need to compete for the attention of men. Haven't you listened to Bey's flawless? GAWD [URL]
TW10_2501,0,0,[HANDLE] I do a search on my name. Prefacing this - I come in peace.
TW10_2502,0,0,"[HANDLE] you should be able to criticize me as long as it isn't abusive. People may argue, but criticism is important."
TW10_2503,0,0,"[HANDLE] it's difficult sometimes and not always well received when under heavy attack. Sometimes, I just can't tell what's a troll"
TW10_2504,0,0,[HANDLE] but those tweets worry me. I don't want people thinking that. And I'm not sure how to fix it.
TW10_2505,0,0,"[HANDLE] if you have ideas, I'd love to hear them. All I know how to offer is - If you get lots of shit, let me know?"
TW10_2506,0,0,[HANDLE] indeed. Some people are perhaps a bit more protective in that regards than I would like.
TW10_2507,0,0,"[HANDLE] I'm lucky in that I have some of those people, too. I'm learning to walk away when I get a bit *too* impassioned, though."
TW10_2508,0,0,"[HANDLE] it helps remembering how many eyes are watching - not GG, but MSM, people I admire, companies. The NPO depends on me."
TW10_2509,0,0,"[HANDLE] ugh, no kidding. I miss being able to be an asshole, terrible as that is. I still let it out, but everything in moderation."
TW10_2510,0,0,[HANDLE] oh good lord. If only I had that kind of patience.
TW10_2511,0,0,[HANDLE] I was a public speaker for a long time. Knowing how to deal with children would have been an asset ;)
TW10_2512,0,0,[HANDLE] I wrote a tool so people wouldn't have to listen to their hate filled rants.
TW10_2513,0,0,[HANDLE] I think I need to get back to sleep now but thanks for having this talk with me :)
TW10_2514,0,0,No. [URL]
TW10_2515,0,0,[HANDLE] LOL
TW10_2516,0,0,RT [HANDLE]: [HANDLE] It sure is weird how I only ever see true things being attached to the gamergate hashtag.
TW10_2517,0,0,I sure am hungry for some scrambled eggs.
TW10_2518,0,0,#ggautoblocker got a mention in arstechnica! [URL] (via [HANDLE])
TW10_2519,0,0,Juxtaposition. [URL]
TW10_2520,0,0,"From the looks of my Twitter feed this morning, [HANDLE] made herself relevant for the first time in yrs by saying something majorly fucked up"
TW10_2521,0,0,Anyone have a video of this?
TW10_2522,0,0,[HANDLE] [HANDLE] not sure
TW10_2523,0,0,"I like to think that feminists can do feminism however they want,
I don't judge. But if your feminism shits on WoC, it's not feminism."
TW10_2524,0,0,"Feminism should be inclusive. What Rosie is doing just blows my mind. Weaponizing ""feminism"" against WoC... holy crap."
TW10_2525,0,0,RT [HANDLE]: [HANDLE] [HANDLE] Happened on Twitter. Called [HANDLE] a bully for pointing out violence against WOC in Eve Enslers wo…
TW10_2526,0,0,RT [HANDLE]: [HANDLE] [HANDLE] Then turned [HANDLE]'s tw handle (her last name) into a racial slur.
TW10_2527,0,0,[HANDLE] [HANDLE] [HANDLE] [HANDLE] oh dear lord.
TW10_2528,0,0,RT [HANDLE]: I checked the piano but I don't even fucking put men in here?
TW10_2529,0,0,"RT [HANDLE]: You Big Government, anti-freedom fucks are why I am in favour of fat shaming"
TW10_2530,0,0,The markov bots are on a roll this morning.
TW10_2531,0,0,[HANDLE] Twitter_ebooks on github
TW10_2532,0,0,[HANDLE] I'm waiting for one. But mostly I'm watching the timelines of those involved.
TW10_2533,0,0,My favorite part of this trip has to be all the amazing new socks. [URL]
TW10_2534,0,0,RT [HANDLE]: [HANDLE] [HANDLE] [HANDLE] write enough puppet code and you have the basics for ruby just to give the sit…
TW10_2535,0,0,RT [HANDLE]: [HANDLE] [HANDLE] [HANDLE] you could just start an ebooks account just so i had more shit to argue with.
TW10_2536,0,0,Look what I have. [URL]
TW10_2537,0,0,[HANDLE] [HANDLE] top kek
TW10_2538,0,0,"When I get home, I have 1 million emails to answer. [URL]"
TW10_2539,0,0,"I was planning on stopping by Portland again, but I don't think I'm going to have the time for that. Too much to do when I get back."
TW10_2540,0,0,I'll likely be back up in the PNW for conference season.
TW10_2541,0,0,[HANDLE] [HANDLE] I submitted for CFP while I was at a bar. Hopefully I get accepted!
TW10_2542,0,0,He won't stop staring at me. [URL]
TW10_2543,0,0,"[HANDLE] sorry I didn't get a chance to stop by. I would've loved to, but I ended up having to go home quicker than I thought."
TW10_2544,0,0,You don't understand the things I would do for a waffle house right now.
TW10_2545,0,0,[HANDLE] yes
TW10_2546,0,0,[HANDLE] ME TOO
TW10_2547,0,0,[HANDLE] blasphemy
TW10_2548,0,0,[HANDLE] [HANDLE] possibly
TW10_2549,0,0,[HANDLE] [HANDLE] well done.
TW10_2550,0,0,"RT [HANDLE]: To The FDA, Everyone Transgender Is a Gay Man [URL]"
TW10_2551,0,0,"The number of emails attributing my RTs of WoC/racial issues to ""spoiled white girl guilt"" is now greater than 0."
TW10_2552,0,0,"Yay, a new reason for people to hate me. Shove off."
TW10_2553,0,0,"It's called being an ally, pissants. Pay attention, you might learn something."
TW10_2554,0,0,[HANDLE] [HANDLE] doesn't look like I am.
TW10_2555,0,0,[HANDLE] gross
TW10_2556,0,0,"RT [HANDLE]: I'm watching [HANDLE] getting interviewed on Huffpost Live about #SilkRoadTrial and of course she starts with: ""They weren't em…"
TW10_2557,0,0,".[HANDLE] this. THIS. A MILLION TIMES THIS. This is why I never know how to fill out dating sites. 

Sexual preference: awesome."
TW10_2558,0,0,[HANDLE] [HANDLE] I hate math but I strongly appreciate anyone else good at math.
TW10_2559,0,0,"[HANDLE] [HANDLE] really, though, show me someone that plays a string instrument and I'm a happy woman if you know what I mean"
TW10_2560,0,0,[HANDLE] [HANDLE] [HANDLE] [HANDLE] lol all my tweets are properly geotagged
TW10_2561,0,0,[HANDLE] [HANDLE] top kek
TW10_2562,0,0,"Remember RogueStar, dude that doxxed and led the mob against many, &amp; never delivered on 1st kickstarter? Has another [URL]"
TW10_2563,0,0,[HANDLE] INTERESTING
TW10_2564,0,0,"RT [HANDLE]: [HANDLE] Hey, did you know KS's TOS prohibits doxxing people?"
TW10_2565,0,0,[HANDLE] what mock account?
TW10_2566,0,0,"[HANDLE] I got temp banned because GG mass reported. Emailed Twitter, was insta-unbanned."
TW10_2567,0,0,"RT [HANDLE]: [HANDLE] and at 1:46:00 on this stream he says people in GG should doxx you, me, and srh? [URL]"
TW10_2568,0,0,RT [HANDLE]: [HANDLE] link btw [URL]
TW10_2569,0,0,[HANDLE] yes
TW10_2570,0,0,[HANDLE] not once we get it shut down ^.^
TW10_2571,0,0,RT [HANDLE]: How to piss off an anti-vaxer. [URL]
TW10_2572,0,0,"[HANDLE] oh, I RTed and insta-blocked it."
TW10_2573,0,0,"RT [HANDLE]: If you want to report Rogue for doxxing and harassing people, use the ""report to Kickstarter"" link at the bottom. https…"
TW10_2574,0,0,"RT [HANDLE]: send Kickstarter these:
[URL]
[URL]
[URL]
[URL]"
TW10_2575,0,0,"We're being honest with each other, rogue is way too busy harassing people to even start working on a game."
TW10_2576,0,0,"This KS isn't for a game, it's to sponsor his online abuse."
TW10_2577,0,0,[HANDLE] [HANDLE] I'm not down with tactics like that. Especially since I'm launching a KS later.
TW10_2578,0,0,[HANDLE] [HANDLE] until it happened to us. Not cool.
TW10_2579,0,0,[HANDLE] [HANDLE] [HANDLE] we aren't gamergate. We don't do shit like this.
TW10_2580,0,0,RT [HANDLE]: The speech they never told me about #MLK [URL]
TW10_2581,0,0,[HANDLE] [HANDLE] [HANDLE] I'll contact KS directly using my social network.
TW10_2582,0,0,[HANDLE] [HANDLE] yeassssssss
TW10_2583,0,0,[HANDLE] mayyyybe. Is there a CFP? I've done some neat stuff with statsd/graphite and abuse metrics
TW10_2584,0,0,[HANDLE] [HANDLE] [HANDLE] DevOpsing for social activism is pretty rad stuff.
TW10_2585,0,0,RT [HANDLE]: Is it true that if women ran the world we'd all still be living in echo chambers.
TW10_2586,0,0,[HANDLE] [HANDLE] [HANDLE] I saw.
TW10_2587,0,0,"I just saw 2 follow Friday's in a row, which really freaked me out because I have things that are due on Friday. Damn you guys."
TW10_2588,0,0,Worst drive. [URL]
TW10_2589,0,0,"[HANDLE] ... I used to live here, you nerd."
TW10_2590,0,0,Wow. I just realize how much life must suck for somebody who is actually named Vivian James.
TW10_2591,0,0,Shoutout to back when GamerGate thought forking #ggautoblocker's repo  excessively would make me renounce open source.
TW10_2592,0,0,Shoutout to that dude that tried to blackmail me with releasing the source code for #ggautoblocker if I didn't take the project down.
TW10_2593,0,0,[HANDLE] [HANDLE] yup
TW10_2594,0,0,Dictating tweets is the worst.
TW10_2595,0,0,"Shoutout to the time when someone forked #ggautoblocker, made changes, and gamergate thought I did it because they didn't understand github."
TW10_2596,0,0,I think that last tweet got confused because I started laughing halfway through it.
TW10_2597,0,0,"RT [HANDLE]: [HANDLE] I think the ""Apple uses BSD without compensating you"" one is still my favorite"
TW10_2598,0,0,"Shoutout to all those people that emailed FreeBSD thinking that they were my employer. Oh wait, that's still happening."
TW10_2599,0,0,"Last but not least, shoutout to those guys on the bus in Georgia that were talking shit until they ran after being confronted by my friend."
TW10_2600,0,0,[HANDLE] i'm headed south and I'm about 40 miles from the border. I'll let you know.
TW10_2601,0,0,[HANDLE] github shut them down.
TW10_2602,0,0,Strongly debating stopping by the IKEA in Portland. No sales tax!
TW10_2603,0,0,[HANDLE] gas is pretty cheap right now
TW10_2604,0,0,Portland IKEA: now with birds!
TW10_2605,0,0,[HANDLE] yup
TW10_2606,0,0,[HANDLE] heh.
TW10_2607,0,0,"RT [HANDLE]: the #gamergate inspired law &amp; order: SVU trailer is up
 
[URL]"
TW10_2608,0,0,"RT [HANDLE]: Rear Admiral Grace Hopper as a badass a la [HANDLE] (I couldn't resist, after seeing the raw image via [HANDLE]!) h…"
TW10_2609,0,0,FUCK. MY GARRISON.
TW10_2610,0,0,"[HANDLE] [HANDLE] that's rather curious, given the very low percentage of tweets are Geo tagged."
TW10_2611,0,0,[HANDLE] oh gosh. no! The problem is that I've been traveling and forgot to do my Garrison stuff.
TW10_2612,0,0,[HANDLE] garrisons are rad. I am just very committed to upkeep.
TW10_2613,0,0,"[HANDLE] i've just been away almost a week, and I just realized that I completely forgot about everything."
TW10_2614,0,0,[HANDLE] like I am actually more upset about forgetting about my Garrison that I am about missing my conquest cap. :)
TW10_2615,0,0,"When is the next darkmoon faire? I am so, so close to being grandma the insane."
TW10_2616,0,0,[HANDLE] YES
TW10_2617,0,0,Possible kickstarter reward: I will personally dye your hair your bright color of choice
TW10_2618,0,0,[HANDLE] doing okay
TW10_2619,0,0,RT [HANDLE]: Meg Ryan is an indie bookseller. Tom Hanks is an Amazon zillionaire who keeps @-ing her on Twitter. Coming soon: You've Got Male O…
TW10_2620,0,0,RT [HANDLE]: [HANDLE] I'd appreciate some feedback on why this joke wasn't as funny as I thought it was
TW10_2621,0,0,[HANDLE] dye *your* hair
TW10_2622,0,0,Possible kickstarter award: I carry you to glory in 2v2 arenas.
TW10_2623,0,0,[HANDLE] [HANDLE] scrubbing bubbles works amazingly well
TW10_2624,0,0,[HANDLE] never tried
TW10_2625,0,0,[HANDLE] yes
TW10_2626,0,0,[HANDLE] I could.
TW10_2627,0,0,Possible kickstarter reward: I will rename Leo to a name you choose. For a week.
TW10_2628,0,0,[HANDLE] everything but mostly my priest
TW10_2629,0,0,[HANDLE] he answers to fuckhead. He is not that smart.
TW10_2630,0,0,"[HANDLE] if you mean they have giant dicks that they're swinging around, yes."
TW10_2631,0,0,[HANDLE] yes.
TW10_2632,0,0,"[HANDLE] not that high yet. Only like [NUMBER] I think. I'm not even as geared as I should be, I haven't been playing that much."
TW10_2633,0,0,[HANDLE] I nuked my rating by constantly helping a friend gear up all of his alts.
TW10_2634,0,0,/cast Spectral Guise
TW10_2635,0,0,"/cast Spectral Guys

Party time"
TW10_2636,0,0,RT [HANDLE]: growing up in the south really cool thing about this is - this is something *you* can change.
TW10_2637,0,0,"After the 5th time hydroplaning while going 10 under the speed limit, calling it for the night. Was hoping to make it to Cali - 40m away."
TW10_2638,0,0,The past hour of driving was horrible. Have decided that I am in fact *not* from initial d.
TW10_2639,0,0,[HANDLE] Jesus
TW10_2640,0,0,"[HANDLE] got through the worst of it, I think. Will be easier when it's light out."
TW10_2641,0,0,Leo is stoic as he guards me for the night. [URL]
TW10_2642,0,0,I can feel the car rocking from the wind. This is freaky.
TW10_2643,0,0,My dog is photogenic as hell. [URL]
TW10_2644,0,0,Weird to be tweeting when you're supposedly chased off of Twitter. [URL]
TW10_2645,0,0,[HANDLE] nah. Most of the trees here are pretty short.
TW10_2646,0,0,RT [HANDLE]: Must get HIGH SCORE! [URL]
TW10_2647,0,0,RT [HANDLE]: Boat full of batmen spotted in Venice yesterday [URL]
TW10_2648,0,0,[HANDLE] that would imply he knew a programming language.
TW10_2649,0,0,FML [URL]
TW10_2650,0,0,TIL I can go swimming in my car. I am fine. My car is fine. Fuck this weather.
TW10_2651,0,0,I've never seen the low trac light before. It's been on for over an hour. Fuck this weather.
TW10_2652,0,0,.[HANDLE] just entered California. The mountains are a shit show.
TW10_2653,0,0,[HANDLE] just did
TW10_2654,0,0,"[HANDLE] well, balls"
TW10_2655,0,0,"I am the only person crazy enough to currently be on the roads in this weather. But I have a keynote to write, goddamnit"
TW10_2656,0,0,I can see a little waves of water crashing over the road. The car is rocking in the wind. Had to pull over again.
TW10_2657,0,0,[HANDLE] nothings broken. I was just driving througg a lot of water.
TW10_2658,0,0,"[HANDLE] Northern California, just before Oregon."
TW10_2659,0,0,"In the past 30 minutes, I have seen the grand total of three cars."
TW10_2660,0,0,"[HANDLE] trying, but it's a 2 Lane Rd. And pretty much everything is fucked."
TW10_2661,0,0,[HANDLE] I was constantly using the system. It's off now.
TW10_2662,0,0,Yreka: still alive
TW10_2663,0,0,[HANDLE] it's off now. It was just continuously engaged for a very long time. The water here is crazy.
TW10_2664,0,0,"Oh yeah, car? well, ur face has no traction."
TW10_2665,0,0,Fml [URL]
TW10_2666,0,0,Someone get me an ETA on when the storm is going to get out of the Northern California mountains?
TW10_2667,0,0,[HANDLE] [URL]
TW10_2668,0,0,I gave up. Chilling in weed. 15 ft walk to the door of this cafe has me completely drenched. [URL]
TW10_2669,0,0,[HANDLE] it's not like I was typing ;)
TW10_2670,0,0,[HANDLE] [HANDLE] north
TW10_2671,0,0,[HANDLE] dark sky
TW10_2672,0,0,"Old dude in this cafe: ""my grandmother had blue hair"""
TW10_2673,0,0,[HANDLE] that's hours away.
TW10_2674,0,0,[HANDLE] grosssssss
TW10_2675,0,0,[HANDLE] I think it was in America too.
TW10_2676,0,0,Fuck everything. Back on the road.
TW10_2677,0,0,I hear that it's snowing up north. Glad I made it through that before the snow started.
TW10_2678,0,0,[HANDLE] I don't know what an atmospheric river is but it does feel like I'm driving in one.
TW10_2679,0,0,"[HANDLE] i'm glad California is finally getting some rain, but I really wish it wasn't happening while I was driving."
TW10_2680,0,0,"263 miles... When I get home, I'm watching twister. [URL]"
TW10_2681,0,0,Made it out of the mountains alive.
TW10_2682,0,0,"Leo was freaking out because of the wind, so I buried him in luggage so he could sleep. [URL]"
TW10_2683,0,0,"[HANDLE] I got him one of those, but it didn't seem to hold him tight enough."
TW10_2684,0,0,[HANDLE] YUP
TW10_2685,0,0,[HANDLE] what happened this time?
TW10_2686,0,0,RT [HANDLE]: Repeatedly calling a woman a bitch from the stage was just part of the Crunchies' problems with women [URL]
TW10_2687,0,0,Is gamergate finally eating its own tail?
TW10_2688,0,0,Back in Yolo county awww yisssss
TW10_2689,0,0,Leo status: still zonked out [URL]
TW10_2690,0,0,[HANDLE] 2 hours
TW10_2691,0,0,"Miles of nothing but farmland in either direction, here stands a lone palm tree. California. [URL]"
TW10_2692,0,0,[HANDLE] it's so random!
TW10_2693,0,0,[HANDLE] I never would've guessed
TW10_2694,0,0,"RT [HANDLE]: [HANDLE] [HANDLE] QQ harder, because you just lost the game."
TW10_2695,0,0,[HANDLE] hi! I'm currently in the middle of driving home but I should be there soon. Will send you an email later.
TW10_2696,0,0,[HANDLE] [HANDLE] so harsh.
TW10_2697,0,0,[HANDLE] [HANDLE] [HANDLE] what did they do?
TW10_2698,0,0,Richmond police just made a Kissyface it Leo.
TW10_2699,0,0,"RT [HANDLE]: Make sure to send Kickstarter this link.
Roguestar does not belong on Kickstarter: [URL]"
TW10_2700,0,0,"RT [HANDLE]: Well, aren't you a prize creep? The answer's no, by the way. [URL]"
TW10_2701,0,0,"This whole Harper Lee thing kind of grosses me out. So, her sister died, and it sounds like everybody is taking advantage of her."
TW10_2702,0,0,I don't really understand why everybody seems so okay with that.
TW10_2703,0,0,"It seems to me that if she had really wanted this book published, it would've been published by now. This whole story seems so bunk."
TW10_2704,0,0,"Why are we letting them just take advantage of this little old lady, whom by many accounts is senile?"
TW10_2705,0,0,"RT [HANDLE]: [HANDLE] That's just it though.... it's not even a book, it's the rejected first draft of To Kill A Mockingbird befor…"
TW10_2706,0,0,FINALLY HOME.
TW10_2707,0,0,"Oh, no.  My inbox."
TW10_2708,0,0,"My Patreon is acting weird. Just got a monthly payment (yay!) but when I go to ""how I get paid"", it says I need to become a creator."
TW10_2709,0,0,"Worried if I hit that button, I'll lose all my Patrons."
TW10_2710,0,0,"[HANDLE] yes, I recall. ;)"
TW10_2711,0,0,omfg blackmilk you're killing me [URL]
TW10_2712,0,0,"[HANDLE] i was there, i remember the screams."
TW10_2713,0,0,[HANDLE] no. i am resisting.
TW10_2714,0,0,[HANDLE] ok yeah i am.
TW10_2715,0,0,[HANDLE] i may have just bought [URL] &gt;.&gt;
TW10_2716,0,0,Thank god for consulting to fuel my blackmilk addiction.
TW10_2717,0,0,"patreon = bills.
consulting = blackmilk. food that isn't ramen. 401k. at least i don't have to put that many hrs/month towards this."
TW10_2718,0,0,[HANDLE] SHUT UP
TW10_2719,0,0,[HANDLE] every 100th.
TW10_2720,0,0,what do i do with business cards? someone tell me an app for that.
TW10_2721,0,0,"RT [HANDLE]: Patch 6.1 PTR - Build [NUMBER], Heirloom UI, BRF Tuning, Blue Tweets, AMR BRF Wipe Rates [URL] [URL]"
TW10_2722,0,0,"[HANDLE] sweet. (i use an iphone, because i am not a peasant)"
TW10_2723,0,0,[HANDLE] (android is for jerks)
TW10_2724,0,0,"[HANDLE] wow, really?"
TW10_2725,0,0,[HANDLE] your hair looks amazing.
TW10_2726,0,0,FUCK YES. #stopwadhwa2015 was on NPR. [URL] (via [HANDLE])
TW10_2727,0,0,This clip is 11 minutes. LISTEN TO IT. LISTEN TO IT. LISTEN TO IT. #stopwadhwa2015 [URL]
TW10_2728,0,0,RT that shit. Tattoo that shit on your forehead. That message is *important*.
TW10_2729,0,0,"It's cool. I'm sure [HANDLE] is going to say NPR was just calling him out for the attention, right?"
TW10_2730,0,0,"[HANDLE] it is just short of paying my rent after all fees. so... i can't complain, though. it's doing better than i thought it would."
TW10_2731,0,0,"RT [HANDLE]: ""It really feels like the [HANDLE] DM can be the hand-on-the-knee of social communication."" [URL] #stopwad…"
TW10_2732,0,0,"[URL] first, i noticed the misogyny. but then i realized - plz brush your teeth."
TW10_2733,0,0,"RT [HANDLE]: I think we should have a public debate with [HANDLE] and a woman in tech. Topic? ""Why should [HANDLE] speak for women"" #stopwad…"
TW10_2734,0,0,[HANDLE] I WANT TO SEE THIS. but storify is returning error code 500 :(
TW10_2735,0,0,"Yo, ladies. I think it's time we sit down as a group and talk about #stopwadhwa2015. google hangouts, broadcasted."
TW10_2736,0,0,I want a panel of women in tech tearing this shit up. #stopwadhwa2015
TW10_2737,0,0,"Really, tho, I kind of just want to drain a glass of wine and rant about things that I don't like. But I can do that anytime."
TW10_2738,0,0,Also - I'm thinking that another SJW party may be happening soon. Perhaps after GDC?
TW10_2739,0,0,"[HANDLE] generally, anytime you say ""devil's advocate"", it means you're wasting people's time and being an ass. especially arguing points"
TW10_2740,0,0,[HANDLE] that no one has contested. it's an old and tiresome trick used by trolls and pseudo-feminists all the time.
TW10_2741,0,0,"[HANDLE] my personal facebook is not ever a place to debate that. ;) i'll unblock, but please don't do that again."
TW10_2742,0,0,[HANDLE] jfc.
TW10_2743,0,0,[HANDLE] that person sounds like a moron. i like to find people like that and shit on them.
TW10_2744,0,0,[HANDLE] no worries. i block quickly from my facebook - the notifications go to my phone (unlike twitter). but always willing to unblock.
TW10_2745,0,0,"[HANDLE] i'm an engineer w/15 yrs exp, and i get mansplained career advice by dudes with 1/2 the xp and bad life decisions."
TW10_2746,0,0,[HANDLE] i know that feel.
TW10_2747,0,0,"[HANDLE] i'd have to have a space for it. and chances are by now, most people already have their schedules booked."
TW10_2748,0,0,[HANDLE] [HANDLE] i have been raging at him for uh... 5 months? i think? ever since innovating women.
TW10_2749,0,0,"[HANDLE] [HANDLE] he didn't worry about me back then. since then, i've been published everywhere. he's trying to discredit."
TW10_2750,0,0,[HANDLE] [HANDLE] i really wish I had the time to dig more into SU - financials and such. Seems basically CxO circlejerk.
TW10_2751,0,0,"[HANDLE] [HANDLE] sigh. he accused me of racism... for what, i have no idea."
TW10_2752,0,0,"[HANDLE] whelp. I'm starting to get a pretty decent platform. I'm going to get his face out there, alright. &lt;3"
TW10_2753,0,0,"[HANDLE] the anti-abuse thing is my main focus, always. but in my spare time? his bullshit *is* abusive towards feminism."
TW10_2754,0,0,[HANDLE] [HANDLE] [HANDLE] bahahaha
TW10_2755,0,0,Cc [HANDLE] [URL]
TW10_2756,0,0,[HANDLE] it amazes me how he thinks he's helping feminism. by telling women they are doing it wrong. what.
TW10_2757,0,0,"[HANDLE] if he really wanted to ally, he'd get his dudebros to change - not tell women how to ""fit in"" with dudebros."
TW10_2758,0,0,I am probably not answering email tonight. I have other work to catch up on. This weekend = = gobs of email.
TW10_2759,0,0,If you're waiting on a response - and approximately 120 people are - I AM SORRY. I was afk for a week. I will respond soon!
TW10_2760,0,0,[HANDLE] ughhhh.
TW10_2761,0,0,[HANDLE] will read. gotta go afk for a bit - still bringing stuff in from car after week long road trip.
TW10_2762,0,0,[HANDLE] [HANDLE] I had to source *many* gater's timelines. The grammar wasn't good enough for it to work well with just one. seriously
TW10_2763,0,0,[HANDLE] [HANDLE] and i can make that markov bot fight with my markov bot on command - watch [URL]
TW10_2764,0,0,[HANDLE] my markov bot was also on buzzfeed - it catches a lot of gaters. [URL]
TW10_2765,0,0,[HANDLE] they are both pretty entertaining to talk to sometimes. ;)
TW10_2766,0,0,"[HANDLE] the fight between both of them will keep going until i stop it, or until the script restarts when pulling in a new cache (1d)"
TW10_2767,0,0,"[HANDLE] if you follow, they follow back - and then randomly RT/fav your stuff if they like it. it's weird."
TW10_2768,0,0,[HANDLE] gater_ebooks is very fond of patreons.
TW10_2769,0,0,[HANDLE] tell me what you think about ethics
TW10_2770,0,0,[HANDLE] the ethics policy for gamergate doesn't exist.
TW10_2771,0,0,"ATTN all: I'm taking down [HANDLE]/[HANDLE] for maintenance tonight for &lt;1hr. block lists will still function, just not markov."
TW10_2772,0,0,"Putting them both on the same app secret/key (just diff user creds), adding more sources for gater_ebooks, doing some filesystem cleanup."
TW10_2773,0,0,I want more than 5 private repos in github gdi.
TW10_2774,0,0,"I need to just switch to an organization-based github, but I don't want to pay [MONEY]/month because I'm cheap. :\\"
TW10_2775,0,0,[HANDLE] sticking to github for now. I need to stick with orgs where I know I've got internal contacts for abuse related things.
TW10_2776,0,0,[HANDLE] [URL]
TW10_2777,0,0,[HANDLE] [URL]
TW10_2778,0,0,"[HANDLE] need github, but ty anyways. :)"
TW10_2779,0,0,[HANDLE] yeah. the name of the game lately is staying one step ahead of gater's attempts to shut things down/abuse the system.
TW10_2780,0,0,[HANDLE] github has been great for that. love them.
TW10_2781,0,0,[HANDLE] [URL]
TW10_2782,0,0,"[HANDLE] sorry, need to stick to github. :)"
TW10_2783,0,0,"[HANDLE] hehe. i'm used to copying a status url and pasting a lot. :P  love all of the responses i get, though. ty for the idea. :)"
TW10_2784,0,0,[HANDLE] i've been talking to 2 employees and i heard about a lot of the internal politics re: GG. it's enough to make me stay.
TW10_2785,0,0,[HANDLE] they made mistakes in the past. i hope they've learned. but the way they treated the GG situation has been outstanding.
TW10_2786,0,0,[HANDLE] see replies
TW10_2787,0,0,[HANDLE] easier with github. I don't have time to spend on being an admin
TW10_2788,0,0,My new mascot. [URL]
TW10_2789,0,0,[HANDLE] [HANDLE] [URL]
TW10_2790,0,0,"RT [HANDLE]: Dear [HANDLE],
your DARPA-sponsored body double is now available for pickup. (they'll never know the diff) [URL]"
TW10_2791,0,0,HELL. Now they'll know I've been your sockpuppet all along. [HANDLE]
TW10_2792,0,0,[HANDLE] [URL]
TW10_2793,0,0,[HANDLE] NPO can take a year. :\\
TW10_2794,0,0,"[HANDLE] [HANDLE] [HANDLE] it ends after a day at the most (but will be stopping soon, since i'm shutting them down for maint)"
TW10_2795,0,0,[HANDLE] [HANDLE] [HANDLE] they restart daily to pull in new tweets.
TW10_2796,0,0,[HANDLE] yup
TW10_2797,0,0,The worst part of buying furniture from IKEA is having to bring it from the parking garage into my apartment. Don't wanna.
TW10_2798,0,0,Doin' stuff. [URL]
TW10_2799,0,0,[HANDLE] [HANDLE] it goes both ways. This is from a very limited sample size - people are far less likely to harass on fb w/real names.
TW10_2800,0,0,[HANDLE] [HANDLE] but i've only discussed with other members of targeted harassment from this specific group. can't speak for other hate groups
TW10_2801,0,0,[HANDLE] [HANDLE] the fact that twitter makes it easier to interact with those you're not connected to may have more to do with this.
TW10_2802,0,0,"[HANDLE] [HANDLE] so in short, there's just not enough data to tell. ^.^"
TW10_2803,0,0,"RT [HANDLE]: [HANDLE] your bot [HANDLE] certainly fooled me! I must admit, I was spanked this time."
TW10_2804,0,0,[HANDLE] block while waiting indefinitely on data from a filehandle.
TW10_2805,0,0,[HANDLE] grafana is weird. i've never used it before. it does not act like it would expect.
TW10_2806,0,0,"[HANDLE] er, like i would expect."
TW10_2807,0,0,"[HANDLE] [HANDLE] no, that's [HANDLE]"
TW10_2808,0,0,[HANDLE] grafana
TW10_2809,0,0,Presented without comment: [URL]
TW10_2810,0,0,[HANDLE] [HANDLE] not my field. ^.^ at a guess? you can be just as tied to a pseudonym as your real name - or even more so.
TW10_2811,0,0,"[HANDLE] hey, do you have a good way to consume multiple json dumps into a single corpus? i've been just hacking it together."
TW10_2812,0,0,"[HANDLE] er, into a single model i mean. from multiple corpuses. or whatever."
TW10_2813,0,0,[HANDLE] [HANDLE] i thought it was looking at tweet ids or dates. i'm pulling from multiple user accounts.
TW10_2814,0,0,"[HANDLE] [HANDLE] oh i just saw the latest version has consume-all (but help docs are bugged, btw.)"
TW10_2815,0,0,"[HANDLE] [HANDLE] consume_all vs consume-all, doesn't mention model name must be first."
TW10_2816,0,0,"[HANDLE] [HANDLE] yeah, i made a *bunch* of changes with the old ver, nice to see some of them aren't needed anymore. :)"
TW10_2817,0,0,[HANDLE] [HANDLE] I had a bunch of commands to help manage ggautoblocker related stuff. :) also started fights between randi/gater_ebooks
TW10_2818,0,0,[HANDLE] [HANDLE] it's a nice update! i quite like it.
TW10_2819,0,0,DevOpsing so hard right now. [URL]
TW10_2820,0,0,"[HANDLE] In web, yes. Clients other than web immediately delete tweets."
TW10_2821,0,0,[HANDLE] you should read the developer policy irt deleted tweets. It should comfort you ;)
TW10_2822,0,0,[HANDLE] thanks ;) more fun stuff coming soon.
TW10_2823,0,0,I hate configuring retention policies and flush intervals in statsd/graphite. Ughhhh.
TW10_2824,0,0,Can I make graphite show the sum of 5m when retention is 1m? Want to see a graph with point every 5m with sum of that time period.
TW10_2825,0,0,"[HANDLE] i have no idea what these mean: requestContext, seriesList. guessing intervalstring would be 5m?"
TW10_2826,0,0,[HANDLE] i haven't really had to go plonking around in graphite before. this stuff is practically a foreign language.
TW10_2827,0,0,"[HANDLE] hmm. using grafana, and it's giving me errors."
TW10_2828,0,0,"[HANDLE] summarize(stats.counters.tweetstats.hashtag.all.count,'5m','sum')"
TW10_2829,0,0,"Been doing things. Going to have some pretty automated stuff to show you all soon, but for now, some kinda neat stuff I found."
TW10_2830,0,0,Disclaimer: None of these things I'm about to tell you are 100% accurate. Just *mostly* accurate. There are always exceptions.
TW10_2831,0,0,"In the past 12 hrs, GG hashtag saw [NUMBER] tweets/hr (776 of which were RTs). Min: 662 (473) Max: [PHONE]). majority of non-RT came from bot"
TW10_2832,0,0,"Tweets which saw the most RTs tend to be questionable, abusive, and almost always aimed at [HANDLE], [HANDLE], [HANDLE], and me."
TW10_2833,0,0,"In the past 12h, [HANDLE] is seeing the most targeted abuse, with 194 (36 OC/158 RT) GG hashtaged tweets mentioning her. Congrats!"
TW10_2834,0,0,"This is followed not-so-closely by [HANDLE], with 80 (44 OC/36 RT) GG hashtagged tweets mentioning her. Better luck next time."
TW10_2835,0,0,"When we look at all mentions of a username, including RTs, [HANDLE] has received [NUMBER] in the past 12h. [HANDLE] has received 911."
TW10_2836,0,0,Can't wait until I get more data on this. But it looks like [HANDLE] should probably avoid her mentions at 8-10AM PDT Sundays. ;)
TW10_2837,0,0,[HANDLE] [HANDLE] rofl
TW10_2838,0,0,RT [HANDLE]: [HANDLE]  [HANDLE] probably uses ggautoblocker (which she authored) which blocks lots of innocents. totally not …
TW10_2839,0,0,"[HANDLE] [HANDLE] well, find me some tweets where the hashtag is mentioned +us saying something that isn't questionable or abusive?"
TW10_2840,0,0,"[HANDLE] [HANDLE] oh, darn, you can't? shoot."
TW10_2841,0,0,[HANDLE] [HANDLE] not enough data to know for certain. just what i'm seeing today. she's getting a pretty steady level since then
TW10_2842,0,0,"RT [HANDLE]: [HANDLE] [HANDLE] ""Could've fooled anyone!"" Was this too subtle? [URL]"
TW10_2843,0,0,[HANDLE] hm?
TW10_2844,0,0,literally #devops
TW10_2845,0,0,[HANDLE] we could do something fun with this. i could see how many tweets you get from users you've blocked.
TW10_2846,0,0,The goal here is to eventually have up a pretty dashboard where you can go and see up-to-the-minute stats on this stuff.
TW10_2847,0,0,"I'm starting to get a grasp for when the notification ugliness is going to happen, so it could be an interesting incident notification tool."
TW10_2848,0,0,"however, it doesn't scale. i can use this to track up to a certain number of users. if they target a user i'm not looking at, won't work."
TW10_2849,0,0,"it would be possible with a super low retention for graphs, i guess, and *.wsp files that are deleted if they aren't updated in N minutes?"
TW10_2850,0,0,"but that seems gross, and not really how this tool should be used. can do better w/other things, this is more for an overview."
TW10_2851,0,0,[HANDLE] [HANDLE] wsp is... sigh. but i'm just using docker in aws with a grafana image. fuck configuring this crap.
TW10_2852,0,0,"[HANDLE] [HANDLE] i got statsd/graphite working on freebsd once, but then i switched to connected line graphs and it crashed?!"
TW10_2853,0,0,[HANDLE] [HANDLE] i don't wanna devops this. i just want it to work so i can do other things. i need a devops.
TW10_2854,0,0,"[HANDLE] yeah. i'm kind of feeling like for what i'm doing, wsp is ok. for doing more granular monitoring, redis would be good."
TW10_2855,0,0,"[HANDLE] no pretty graphs easily generated out of redis, tho. i'd have to learn R or somesuch."
TW10_2856,0,0,[HANDLE] [HANDLE] oh dear
TW10_2857,0,0,"[HANDLE] [HANDLE] no. something went awry, box ran out of memory. it's also a dev box."
TW10_2858,0,0,"[HANDLE] [HANDLE] looking into it, ty for the headsup."
TW10_2859,0,0,"[HANDLE] [HANDLE] [HANDLE] yeah, i've got a cron to kick it. it must not be kicking it properly."
TW10_2860,0,0,[HANDLE] [HANDLE] [HANDLE] or it's not responding to kill signals. weeeeird. because i ran the script manually and it worked.
TW10_2861,0,0,[HANDLE] [HANDLE] [HANDLE] getting into inst is slow. it's oomed. prob going to have to aws console and kick it.
TW10_2862,0,0,[HANDLE] they are already setting up  bots to tweet with the hashtag to inflate it. i don't really see this making much of a difference.
TW10_2863,0,0,"[HANDLE] but if they do, i'm happy to turn my graphs over to twitter's abuse department. i don't think the people i'm watching would risk that."
TW10_2864,0,0,[HANDLE] [HANDLE] i love those too much. TOO MUCH.
TW10_2865,0,0,"So, I guess I need new jeans. Or a belt. Or maybe just some cat5, if I'm keeping it real. [URL]"
TW10_2866,0,0,"That's about 4"", i think."
TW10_2867,0,0,[HANDLE] cigarette trousers?
TW10_2868,0,0,"[HANDLE] they are all pretty much synonyms. cigarette, pencil, skinny, etc."
TW10_2869,0,0,"[HANDLE] eh, it happened. i didn't set out to lose weight or anything."
TW10_2870,0,0,I just saw that 3 people requested that I update my Amazon Wish-List. Hm. I usually only use it to track things I plan on buying eventually.
TW10_2871,0,0,or so I can direct parents there around xmas time. :P
TW10_2872,0,0,"Just a reminder, this is the kind of logic &amp; reasoning that we've come to expect from GG: [URL]"
TW10_2873,0,0,[HANDLE] weird. i have an address on my account. not sure if i need to add that to my wishlist or not.
TW10_2874,0,0,Best earrings. [URL]
TW10_2875,0,0,"I love amazon basics for misc accessories, but why does the power brick for this USB hub have to be so big? [URL]"
TW10_2876,0,0,"[HANDLE] it's not a battery, it's a usb hub."
TW10_2877,0,0,[HANDLE] so faded. :P need a hair cut + dye desperately.
TW10_2878,0,0,[HANDLE] [HANDLE] totes SJW
TW10_2879,0,0,fellow sockphiles: [URL]
TW10_2880,0,0,"I think we really need to talk about these, too: [URL]"
TW10_2881,0,0,[HANDLE] why would it?
TW10_2882,0,0,"[HANDLE] [HANDLE] Unclear. ToS prevents bots from being able to contact you without you contacting them first, iirc."
TW10_2883,0,0,"[HANDLE] [HANDLE] automated programs, whatever. it's not clearly written."
TW10_2884,0,0,"RT [HANDLE]: I speak for ""go fuck yourself, you don't get to choose my priorities, buttpirate."""
TW10_2885,0,0,"[HANDLE] it's what i'm *trying* to do, at least targeting specific groups/causes. it's tricky. have to look more at statistics than words."
TW10_2886,0,0,"[HANDLE] ie: things not as open for interpretation, such as numeric or boolean data (is following/is not following, etc)."
TW10_2887,0,0,[HANDLE] it's really fun watching patterns emerge in all of this regarding various groups. i think it'll be useful.
TW10_2888,0,0,"[HANDLE] rather amused that despite their protests, GG is the only group i've looked at where abuse is easily predicted based on followers"
TW10_2889,0,0,[HANDLE] [HANDLE] previous versions of ebooks_example (code using twitter_ebooks) wouldn't reply to *_ebooks accounts.
TW10_2890,0,0,"[HANDLE] [HANDLE] the latest version doesn't take this into account, iirc. i just added it to my custom bot blacklist."
TW10_2891,0,0,"[HANDLE] oh, they are. they didn't hurt after the first day or two."
TW10_2892,0,0,"[HANDLE] [HANDLE] [HANDLE] he's OK. if we were stranded, both hungry, and i had a sandwich, i would probably give him half."
TW10_2893,0,0,*gag* [URL] #stopwadhwa2015
TW10_2894,0,0,"Verified accts for all is an OK idea, but too much administrative overhead. There are better ways, which I've talked about in the past."
TW10_2895,0,0,verified accounts have features that other accounts do not. not sure what kind of overhead increasing that # would have.
TW10_2896,0,0,"however, twitter clients and web are supposed to have the same tools/exp. that's why devpolicy doesn't really encourage 3rd party clients."
TW10_2897,0,0,the ability to lock a unique phone # to your account already exists. eng/infra is already there. expose if a # has been added via metadata.
TW10_2898,0,0,"add a filter to toggle showing phone-verified accts in clients (requires devpolicy update, natch)."
TW10_2899,0,0,does have some drawbacks. but a 2nd toggle saying 'show me accts older than N days' is easy. metadata already exists. client/policy update.
TW10_2900,0,0,"phone # idea isn't perfect (it's easy enough to grab a phone # from GV), but it's an extra step - good deterrent for majority of abuse."
TW10_2901,0,0,"in short, there needs to be a verified that isn't Verified. requiring govt ids will cause probs. unique phone less problematic, not perfect."
TW10_2902,0,0,"don't worry, i'm sure no one will be like ""WHAT A GREAT IDEA"" until a dude takes credit for it. &lt;3"
TW10_2903,0,0,[HANDLE] a lot of people don't have cell phones. i was one of them for 2 years. ;) i only used GV. against the idea of disallowing GV.
TW10_2904,0,0,[HANDLE] not everyone can afford cell phones. GV is a good alternative. we don't want to turn twitter into a classist thing.
TW10_2905,0,0,"[HANDLE] i was talking to twitter about it a few weeks ago, talked about it here a month ago (neener). :P"
TW10_2906,0,0,[HANDLE] unaware of their issues. do they not have cell phones/access to GV?
TW10_2907,0,0,[HANDLE] i've seen some strong proof that people in the middle east are using online solutions for SMS.
TW10_2908,0,0,[HANDLE] [HANDLE] this isn't de-anonymizing. the phone # wouldn't necessarily be stored. no names would be required.
TW10_2909,0,0,[HANDLE] it's very easy to change your GV #.
TW10_2910,0,0,it is really not at all surprising to me that wadhwa and jason are both promoting a solution that removes pseudonymity.
TW10_2911,0,0,pseudonyms are good. own it! anonymous is not the same thing. what jason/wadhwa are promoting would require ID/home address/PAY TO USE
TW10_2912,0,0,go figure that silicon valley circle jerk elite don't realize that some people can't afford [MONEY]/month to not be harassed.
TW10_2913,0,0,*whispers* hey guys. being free from abuse/harassment doesn't have to be monetized. it should be for everyone. i can show you the way.
TW10_2914,0,0,take off your VC fedoras and think about what this really is. it's about the right that anyone has to not be harassed &amp; threatened.
TW10_2915,0,0,"so, my yammering sleazeball cupcakes, you can go with [URL] and i'll go my way.

I fight for the users."
TW10_2916,0,0,[HANDLE] you don't have to have a phone to get SMS. you have to have internet. which is also required for twitter.
TW10_2917,0,0,[HANDLE] [HANDLE] the number doesn't have to be stored to be ensured unique...
TW10_2918,0,0,[HANDLE] [HANDLE] think about how passwords work. are they stored in plaintext? can the provider easily decrypt them? nope.
TW10_2919,0,0,"[HANDLE] oh god that sounds like a horrible idea. privacy problems. also, twitter likely wouldn't be storing the number. that would be bad."
TW10_2920,0,0,i'm still entertained that jason's idea is to either pay a fee or make your acct protected. i'd love to hear his thoughts on short skirts.
TW10_2921,0,0,"[HANDLE] i think we shouldn't make assumptions if they are used in this manner, which is diff from their original purpose."
TW10_2922,0,0,[HANDLE] still extra work to go through. most trolls move on and find new victims.
TW10_2923,0,0,"[HANDLE] last i checked, baldwin was verified."
TW10_2924,0,0,[HANDLE] you can only have one GV # per acct at any given time.
TW10_2925,0,0,[HANDLE] only if you want to laugh at how fucking privileged he is. what a tool.
TW10_2926,0,0,[HANDLE] accepting pull requests for better ideas that don't violate pseudonymity/privacy. &lt;3
TW10_2927,0,0,[HANDLE]  i own too many apple products to say that.
TW10_2928,0,0,"[HANDLE] yupppp. jason doesn't have a lot of experience on twitter, it seems. or a very healthy world view."
TW10_2929,0,0,RT [HANDLE]: everything wrong with everything in a single screenshot [URL]
TW10_2930,0,0,[HANDLE] if you only want 3 people to use it.
TW10_2931,0,0,"[HANDLE] i'm FOSS at heart. i think the tools should be open for all to use. however, for monitoring services, things that require infra"
TW10_2932,0,0,"[HANDLE] it makes sense to ask for donations to keep it up and going, and to pay for the dev work. ideally, this is 100% crowd-funded."
TW10_2933,0,0,"[HANDLE] this is more from a consumer side, though. from a business side? one could see email SPAM as falling under that category."
TW10_2934,0,0,"[HANDLE] and businesses often pay for solutions like that. i have no problem charging businesses, just individuals."
TW10_2935,0,0,"[HANDLE] multiple gmail accts. this is all a lot of effort, though. most trolls just pick a new target."
TW10_2936,0,0,"[HANDLE] nothing will ever be perfect, but this is a good start towards fixing a HUGE percentage of harassment."
TW10_2937,0,0,[HANDLE] yeahhhh. they were operating a loss until facebook bought them. fbook didn't buy them to make money off the service.
TW10_2938,0,0,[HANDLE] it was to get the userbase. and we all know how fbook loves to do social experiments with data.
TW10_2939,0,0,[HANDLE] twitter allows 13 yr olds. 13 yr olds don't generally have bank accts. *lots* of people don't have bank accts/work in cash.
TW10_2940,0,0,"[HANDLE] [MONEY] may not seem that far out of reach to a lot of people in the US, but we're also far removed from the class it would impact."
TW10_2941,0,0,[HANDLE] 80% of his points are bullshit taken from white cis male standpoint. no harassment on fbook? pft. providing ID/addy? NOPE.
TW10_2942,0,0,[HANDLE] the client/web experience being similar are key. i don't know if twitter client has the additional controls verified accts have
TW10_2943,0,0,[HANDLE] i wouldn't do that.
TW10_2944,0,0,[HANDLE] [HANDLE] what are you talking about?
TW10_2945,0,0,[HANDLE] [HANDLE] i read it only because i already knew what it was going to say. he's not a creative thinker.
TW10_2946,0,0,"[HANDLE] [HANDLE] he's regurgitating the same ideas that people have had before. they were bad then, shockingly, still bad now."
TW10_2947,0,0,"[HANDLE] [HANDLE] they don't do this right now. i mean, unless you are becoming verified."
TW10_2948,0,0,[HANDLE] i met with them weeks ago. :P  who knows what they might do? i certainly don't. but we're talking.
TW10_2949,0,0,[HANDLE] [HANDLE] it sets a bad precedent.
TW10_2950,0,0,"[HANDLE] [HANDLE] as a guess, anyways."
TW10_2951,0,0,"Oh god. I am so stubborn.

Just realized the only thing it took to push me off the fence in the real name/pseudonym debate was jason/wadhwa."
TW10_2952,0,0,"[HANDLE] [HANDLE] it is rather funny how all of us are so completely different, yet complement each other's skill sets so well."
TW10_2953,0,0,[HANDLE] [HANDLE] [HANDLE] i think during GDC we should have a social justice league meetup at my apt kthx.
TW10_2954,0,0,Wow. I might be out of blue hair dye. But I have a tube of Pravana that is purple... // [HANDLE]
TW10_2955,0,0,[HANDLE] [HANDLE] that exists in web.
TW10_2956,0,0,Donating blood tomorrow. Pretty sure that I bleed twitter JSON metadata at this point.
TW10_2957,0,0,RT [HANDLE]: 'As Beck stepped up to take his album of the year award' what is this? [NUMBER]?
TW10_2958,0,0,Pretty sure that [HANDLE] and I can take credit for Beck's comeback.
TW10_2959,0,0,"[HANDLE] no, I bathe in those."
TW10_2960,0,0,[HANDLE] [HANDLE] NOOOOOOOOOOOO BEY I AM SO SORRY. YOU ARE STILL A NATIONAL TREASURE.
TW10_2961,0,0,[HANDLE] it's how I keep my youthful good looks. I will live forever.
TW10_2962,0,0,[HANDLE] [HANDLE] [HANDLE] that's the one.
TW10_2963,0,0,[HANDLE] [HANDLE] get crazy with the cheese whiz.
TW10_2964,0,0,[HANDLE] [HANDLE] uhh. through what point of ingress?
TW10_2965,0,0,"I like how GG took TB's statement at [URL] to mean ""just hide the harassment in another subreddit"""
TW10_2966,0,0,"According to ralphreject, GDC is just a place for rich people to drink/do drugs. Jeez, guys. I guess I'll bring enough wine to share, then."
TW10_2967,0,0,nichegamer got blacklisted by a gaming company. they responded by posting an article friday night about being blacklisted. oh boy.
TW10_2968,0,0,countdown to more companies following suit after seeing the way that was handled.
TW10_2969,0,0,YES. I LOVE [HANDLE]. [URL]
TW10_2970,0,0,"FreeBSD is in fact a person. Yo, [HANDLE], you hear about this? Why are we not besties anymore? [URL]"
TW10_2971,0,0,"also, lol at ""senior position"" - because it's an employer with titles, apparently. // [HANDLE]"
TW10_2972,0,0,"gamergate just called [HANDLE] a ""copy boy or personal assistant"" on 8chan."
TW10_2973,0,0,[HANDLE] congrats.
TW10_2974,0,0,GamerGate is advocating that /baph stalk my son. [URL]
TW10_2975,0,0,"No, KiA. I don't have anything to do with that. [URL]"
TW10_2976,0,0,"Hey, guys. We can totes hax them by submitting a pull request with some XSS cleverly disguised... in a perl CLI app. [URL]"
TW10_2977,0,0,I am 12. [URL]
TW10_2978,0,0,[HANDLE] OH NOES
TW10_2979,0,0,"I've seen the mod claim that I doxxed them, but I have no idea who they even are. Screencap in case deleted. [URL]"
TW10_2980,0,0,[HANDLE] i hate cats
TW10_2981,0,0,[HANDLE] isn't everyone?
TW10_2982,0,0,[HANDLE] the people that need that education likely wouldn't attend an anti-harassment conf.
TW10_2983,0,0,Ambulance/firetruck outside my building. It is weird how I have to wonder if someone called in a false report on me. Waiting it out to see.
TW10_2984,0,0,[HANDLE] I posted on a subreddit modded by the person that claims I doxxed them.
TW10_2985,0,0,[HANDLE] yup. I know the drill.
TW10_2986,0,0,Finally! Found my Macbook power cable. Time to make slides. I'm one of the keynote speakers for #girldevweek at #developerweek.
TW10_2987,0,0,".[HANDLE] I prefer just getting up on stage and speaking, but most conference organizers want me to have slides. ;)"
TW10_2988,0,0,"[HANDLE] ""doxxing"""
TW10_2989,0,0,[HANDLE] what isn't? ;P
TW10_2990,0,0,[HANDLE] ^W is more efficient than ^H :P
TW10_2991,0,0,GG averaged &lt;200 OC tweets/hr in the past 24 hrs.
TW10_2992,0,0,Gaters get so excited when I talk to them on reddit. It's pretty funny. I'm sure he's going to go tell his friends how I was totally #rekt.
TW10_2993,0,0,[HANDLE] original content. not RT.
TW10_2994,0,0,"[HANDLE] you can't mute hashtags. that's a violation of twitter developer policy, which is why it's only implemented in older clients"
TW10_2995,0,0,"Oh, look. Here's nero and wadhwa colluding, to borrow a term from the GG playbook. [URL]  #stopwadhwa2015"
TW10_2996,0,0,"RT [HANDLE]: Well done, GGR. You took a huge shit on your own hobby &amp; it's going to be a long time before the smell goes away [URL]"
TW10_2997,0,0,"RT [HANDLE]: Fuck you forever, gamergate [URL]"
TW10_2998,0,0,I am making buckets of coffee and no one can stop me.
TW10_2999,0,0,wat [URL]
TW10_3000,0,0,NO NO NO NO NO [URL]  STOP. Stop advocating that people pay for abuse mitigation.
TW10_3001,0,0,"This is classist as fuck. Living a life free of harassment shouldn't come at a premium. COME ON, PEOPLE. WHAT IS WRONG WITH YOU??"
TW10_3002,0,0,[HANDLE] stop. [URL]
TW10_3003,0,0,"[HANDLE] I was mostly with you, until you started talking about charging a fee. This is a horrible idea."
TW10_3004,0,0,[HANDLE] A low userid doesn't give you any special insight from atop a pulpit of privilege. abuse-free living shouldn't have a premium.
TW10_3005,0,0,[HANDLE] and he is defending it right now. ugh.
TW10_3006,0,0,[HANDLE] ideas and observations that are completely dismissive of those in a low income bracket.
TW10_3007,0,0,"[HANDLE] not to mention poverty levels in some other countries, where this amount would be insurmountable. or what about teenagers?"
TW10_3008,0,0,[HANDLE] [HANDLE] anything that requires a government ID is a privacy concern. anything that requires money is a bad idea forever.
TW10_3009,0,0,[HANDLE] i'm trying to have a conversation. why do you think it's a fight?
TW10_3010,0,0,[HANDLE] just because i disagree with you doesn't mean i have strong feelings about you. i just dislike your solution.
TW10_3011,0,0,"find the problems w/dude's solution, don't publicly call him out, get accused of ""trying to pick a fight"" when i ask him about it. SHOCKING."
TW10_3012,0,0,"Why do dudes have to play the ""you're not serious, just wanting to fight"" card when women call them out on solutions with ill consequences?"
TW10_3013,0,0,"Given that he already used his low twitter userid to brag about his worth, I shouldn't be shocked that he wants twitter to be classist."
TW10_3014,0,0,"Oh. He's also got ties to jason. LOL. okay, then. Basically a waste of anyone's time that isn't a white cishet male."
TW10_3015,0,0,[HANDLE] he might actually listen... or probably not. unless your twitter userid is low.
TW10_3016,0,0,"Sometimes I hope that CA does break off and become it's own island. I love it here, but damn. The system is rigged."
TW10_3017,0,0,"CA physically separates from US in a natural disaster. CA decides to separate as a governmental entity as well, proclaiming independence."
TW10_3018,0,0,"The US goes to war with CA, but quickly surrenders when Google countered by removing all porn from search, ever."
TW10_3019,0,0,A peace treaty is brokered. Google reverts search to include porn and adds a new Google API for Cats as a Service. The world rejoices.
TW10_3020,0,0,"CA works to define their new government.

""A meritocracy!""
""Yes, of course! How perfect!""

A lone voice in the back: ""Not actually a thing."""
TW10_3021,0,0,"Coffee just dinged, so I'm going to finish this story quickly."
TW10_3022,0,0,"Minorities said ""fuck this"", burnt the building down, left.

CA's primary export became popped collars.

The end."
TW10_3023,0,0,"RT [HANDLE]: [HANDLE] See, I read that as a certificate authority breaking off and being its own island of site authentication. I need…"
TW10_3024,0,0,[HANDLE] [HANDLE] CA is still attached to the US. Sometimes I do weird things on twitter. this is one of those times.
TW10_3025,0,0,[HANDLE] [HANDLE] i'm not your manager!
TW10_3026,0,0,I could totally write an alternate future for CA more than 140 characters at a time. That would be a blast.
TW10_3027,0,0,[HANDLE] I would rather it didn't. Can't we just become an island?
TW10_3028,0,0,It's like Hunger Games. But with internet protocols.
TW10_3029,0,0,"It's like Tank Girl, if Water &amp; Power had been run by a white cishet ma-oh wait."
TW10_3030,0,0,"It's like Frozen, if snow was IPv6 evangelism."
TW10_3031,0,0,I should stop drinking coffee now.
TW10_3032,0,0,"[HANDLE] haha, thanks. :P"
TW10_3033,0,0,"[HANDLE] i hate cardio. lifting is a lot more fun, and gets your heart rate up if you're doing it right. ;)"
TW10_3034,0,0,"[HANDLE] treadmills are like ""ooh, look me, i can walk.""  lifting is like ""I AM STRONGER THAN ERRYONE RAAAAAR"""
TW10_3035,0,0,"[HANDLE] that was one of the few grownup movies I saw as a kid. Those 3 breasts, they stuck with me forever. Never forget."
TW10_3036,0,0,"[HANDLE] as do i. &gt;.&gt;  i had quit, but then gamergate happened. e-cig just wasn't cutting it anymore."
TW10_3037,0,0,[HANDLE] I can go to sleep after taking adderall. My ability to sleep is ridonkulous.
TW10_3038,0,0,"[HANDLE] btw... relevant to this: [URL]

and this thread (tweets above): [URL]"
TW10_3039,0,0,"[HANDLE] fwiw, i never quite disagreed completely. i'm pretty good at fence sitting."
TW10_3040,0,0,[HANDLE] omg i didn't realize
TW10_3041,0,0,I just found these. [URL]
TW10_3042,0,0,Better than wadhwa. #ladylike [URL]
TW10_3043,0,0,TOO MANY RULES. FEMALES ARE BAD AT MATH. #ladylike [URL]
TW10_3044,0,0,"Next time I get told that women aren't good at computers, I'll just try lavender. #ladylike [URL]"
TW10_3045,0,0,"What if my skin is so white it glows, and I've got blue hair? #ladylike [URL]"
TW10_3046,0,0,"I only carry 5 of these things, none of which is pantyhose. #ladylike [URL]"
TW10_3047,0,0,THIS BOOK WAS PUBLISHED IN [NUMBER]????????
TW10_3048,0,0,[HANDLE] [URL]
TW10_3049,0,0,[HANDLE] [URL]
TW10_3050,0,0,[HANDLE] I have several strands of pearls that I love :/
TW10_3051,0,0,RT [HANDLE]: [HANDLE] MY SKIN GREEN. NO COLORS SUIT. ONLY WEAR RIPPED PANTS BECAUSE HULK NEED NO CLOTHES!
TW10_3052,0,0,It's tough deciding how much of my personal story to relate when giving a short keynote about the present state of anti-harassment efforts.
TW10_3053,0,0,"I've seen support from places I didn't expect when I originally posted my story ""Still Here"", and I think that's important to point out."
TW10_3054,0,0,"We mostly hear about harassment in the context of GamerGate, but that's a very narrow focus and not the real problem."
TW10_3055,0,0,"[HANDLE] I find more impactful talks are based around a story, but it's a tough balance."
TW10_3056,0,0,Woman dev audience. I think the real msg I want to get across is that anyone can make a difference. Even with just a 200 line perl script.
TW10_3057,0,0,It's really hard to talk about abuse &amp; leave it with a positive message. Call to action is important to not discourage women from industry.
TW10_3058,0,0,[HANDLE] my code could have been compressed to half the size :P I go for readability.
TW10_3059,0,0,"[HANDLE] I've only got 10 minutes, so gotta keep it simple. I'll figure something out. :)"
TW10_3060,0,0,"Yo, security folks. Any thoughts on self-encrypting drives, specifically WD Passport Ultra?"
TW10_3061,0,0,YOURE_WELCOME_exe [URL]
TW10_3062,0,0,"[HANDLE] any good solutions in windows? pref built-in/open source/free, in that order."
TW10_3063,0,0,[HANDLE] those are waaaaay more spendy. this is the drive i have. just considering using built-in or if i should go software.
TW10_3064,0,0,"[HANDLE] is bitlocker any good? i've never used it. didn't realize i could gpg an entire drive, either. :)"
TW10_3065,0,0,Things I hate: Installers that require a restart and then trigger the restart when I hit finish. No I do not want to restart right now tyvm
TW10_3066,0,0,[HANDLE] perf isn't a concern. It's mostly going to be backups and document storage.
TW10_3067,0,0,Banished is way too addictive. Where did my night go?
TW10_3068,0,0,Here's a thought that would be fairly easy to implement: webapp that lets you get stats/links to mentions you received from blocked users.
TW10_3069,0,0,[HANDLE] random.
TW10_3070,0,0,How to be completely useless and be a butthead all in one tweet. [URL]
TW10_3071,0,0,[HANDLE] cool beans. Useful info after a public callout.
TW10_3072,0,0,"[HANDLE] I did that after he dismissed me &amp; my concerns as ""argumentative"". Might wanna check the time stamps."
TW10_3073,0,0,"[HANDLE] that's cool. next time when a woman talks to him about how his approach is classist, he might want to not completely dismiss her."
TW10_3074,0,0,[HANDLE] i didn't come at this looking to attack him. He's the one that told me to piss off.
TW10_3075,0,0,"[HANDLE] I'm sorry you don't have any time, that sucks. But next time you might want to look further before useless vague callouts."
TW10_3076,0,0,"[HANDLE] not publicly, and only to him. that's not an insult. he's the one that referenced it near the top of his blog post."
TW10_3077,0,0,"[HANDLE] i get that you're probably going to defend your friend regardless, but what he did was shitty, and then you followed it w/more shit."
TW10_3078,0,0,"[HANDLE] calling me out in that manner was poo-flinging, without any reference of *why*. it was totally useless and provoking. good job."
TW10_3079,0,0,[HANDLE] i'm not responsible for his hurt feelings when he's the one that decided to ignore me instead of having a conversation.
TW10_3080,0,0,"[HANDLE] his behavior - and yours, for that matter - are pretty typical. sorry if the truth hurts."
TW10_3081,0,0,"[HANDLE] also, from a fellow SJ to another, ""butthurt"" is generally frowned upon as a descriptor."
TW10_3082,0,0,"[HANDLE] fwiw, wasn't meant as a dig. i didn't know this until a few months ago when it was pointed out to me."
TW10_3083,0,0,Lord save me from the hurt feelings of men in tech whose ideas have been challenged.
TW10_3084,0,0,[HANDLE] that's why I explained. I still think you're an asshole.
TW10_3085,0,0,"[HANDLE] they did, it's called California."
TW10_3086,0,0,"[HANDLE] haha, I like it."
TW10_3087,0,0,"[HANDLE] you should have. I still would have been irritated and disagreed with you, but the response would have been a lot different."
TW10_3088,0,0,"[HANDLE] yeah, see. i'm pretty much done interacting with him. that shit he pulled is unacceptable. same shit i see from sexist engineers."
TW10_3089,0,0,[HANDLE] I don't know him. I don't know if he acts that way with everyone. I only can base my opinion off that single exp &amp; his blog post.
TW10_3090,0,0,"[HANDLE] But I can tell you that how he responded - the language, everything - was 100% typical of dudes I see being dismissive of women eng."
TW10_3091,0,0,"[HANDLE] you may claim otherwise, but I really don't think he and I are on the same side at *all*."
TW10_3092,0,0,GUYS I AM WEARING A SUPER HERO OUTFIT WITH A CAPE
TW10_3093,0,0,LITERALLY A CAPE
TW10_3094,0,0,WE NEED TO TALK ABOUT THIS BEING OFFICIAL SJW UNIFORM [URL]
TW10_3095,0,0,"JUST POSTED MYSELF IN A SWIMSUIT ON TWITTER, DON'T FUCKING CARE, I'M WONDER WOMAN."
TW10_3096,0,0,[HANDLE] YESSSSSS
TW10_3097,0,0,FUCK. THIS IS SO AWESOME I CAN'T STOP TYPING IN ALL CAPS.
TW10_3098,0,0,[HANDLE] no u
TW10_3099,0,0,Countdown until GamerGate screencaps and starts talking about how fat I am. &lt;3
TW10_3100,0,0,[HANDLE] blackmilk.
TW10_3101,0,0,"[HANDLE] who knows? they can't seem to decide if i'm a meth addict, having tons of babies, selling babies, or a dude."
TW10_3102,0,0,[HANDLE] I DO HAVE A FAN I WILL TURN IT ON RIGHT NOW
TW10_3103,0,0,[HANDLE] d'awww. I FEEL LIKE WONDER WOMAN.
TW10_3104,0,0,[HANDLE] [HANDLE] i'm married with kids. also 33.
TW10_3105,0,0,[HANDLE] I LOVE YOU. Wearing my wonder woman swimmie while I write code to help protect people from online harassment. &lt;3
TW10_3106,0,0,[HANDLE] FUCK YES.
TW10_3107,0,0,"[HANDLE] mostly entertained at how they think it's going to bother me. posted myself in a swimsuit on twitter, obviously give 0 fucks."
TW10_3108,0,0,[HANDLE] [HANDLE] pretty sure there is.
TW10_3109,0,0,[HANDLE] awwww. &lt;3
TW10_3110,0,0,[HANDLE] yes :D
TW10_3111,0,0,[HANDLE] it's a bug.
TW10_3112,0,0,It's kinda cold but I don't want to stop wearing my superhero outfit.
TW10_3113,0,0,"QQ, GG. QQ. You can take your body shaming with you on your way out the door. &lt;3

[URL] [URL]"
TW10_3114,0,0,"It is a *really bad thing* that now I know blackmilk swims fit well and are super comfy. Really, really bad."
TW10_3115,0,0,I RUN FASTER WHEN I WEAR THESE [URL]
TW10_3116,0,0,"[HANDLE] i have a bunch of BM already, but not swims. &gt;.&gt;"
TW10_3117,0,0,"[HANDLE] CAN'T. TOO BUSY BEING A SUPERHERO, RUNNING AROUND WITH A CAPE ON."
TW10_3118,0,0,"[HANDLE] hah, i'm overweight as hell, still feeling awesome in it. it's about how it makes you feel, not what others think. ^.^"
TW10_3119,0,0,RT [HANDLE]: [HANDLE] [URL] [URL]
TW10_3120,0,0,[HANDLE] PLZ GET URSELF A BLACKMILK SUPERHERO SWIM
TW10_3121,0,0,[HANDLE] btw I've got a lot of museum BM that would fit you. Retro Tetris leggings. You can borrow if you are into that kinda thing
TW10_3122,0,0,[HANDLE] OMG THE ROBOT LEGGINGS WOULD BE PERFECT
TW10_3123,0,0,[HANDLE] [URL]
TW10_3124,0,0,Just discovered what happens when jeans are too big while wearing over a swim. Whelp. Time to make a belt.
TW10_3125,0,0,ugh these fake nerd guys that don't even know who wonder woman is.
TW10_3126,0,0,"This lecture is older than most of the people insulting my ""pearl"" code. [URL]"
TW10_3127,0,0,"[HANDLE] [HANDLE] [HANDLE] born a redhead, didn't turn blonde until I was 10."
TW10_3128,0,0,RT [HANDLE]: [HANDLE] [HANDLE] [HANDLE] only sluts have skin and hair.  proper ladies are literal skeletons
TW10_3129,0,0,[HANDLE] it's pretty funny seeing people talk about perl again
TW10_3130,0,0,[HANDLE] *sigh*. why are so many people bad at understanding what DoS is.
TW10_3131,0,0,RT [HANDLE]: [HANDLE] this comment on this article reminded me of you. Do you stilget DOS mansplainers? [URL] http:/…
TW10_3132,0,0,RT [HANDLE]: [HANDLE] [HANDLE] oi. I was going to ask if you still got these doofuses but the question answered itself.
TW10_3133,0,0,"RT [HANDLE]: [HANDLE] [HANDLE] also, tfa is an example of an unintentional DOS, so thanks for playing better luck next time."
TW10_3134,0,0,[HANDLE] [HANDLE] i'm pretty entertained in that i only see half of the conversation. ;)
TW10_3135,0,0,[HANDLE] [HANDLE] [HANDLE] that has got to be one of the weirdest insults i've ever seen slung by an MRA/gater/whatever.
TW10_3136,0,0,[HANDLE] i would rather have teeth pulled.
TW10_3137,0,0,[HANDLE] do you know this person? i don't generally promote fundraisers for legal fees for people i don't know/haven't talked to.
TW10_3138,0,0,[HANDLE] why would you do that? :P these lectures are about freebsd.
TW10_3139,0,0,[HANDLE] uh.
TW10_3140,0,0,"Someday, a gater will have an epiphany regarding the definitions for DoS/DDoS. This unbelievable feat will be a sign of the apocalypse."
TW10_3141,0,0,I don't understand why a simple technical definition is giving them so much of a problem. They seem to think DoS/DDoS == excessive packets.
TW10_3142,0,0,"DoS/DDoS doesn't refer to a technique or method of transport.

It's largely defined by intention + end result.

This is not rocket surgery."
TW10_3143,0,0,"if you want, you can classify an influx of notifications (dogpile!) as unintentional DDoS, as it makes core functionality unusable to you."
TW10_3144,0,0,"It's super common to run into an unintentional DoS, especially in dev. Ever make a stupid mistake that caused a critical lack of resources?"
TW10_3145,0,0,"Maybe your program forked until it could fork no longer, and you didn't have restrictions on. Maybe you sent an inappropriate amount of UDP."
TW10_3146,0,0,Will the dev that has never forgotten to put in sleep statements or increment counters or wrote a poorly designed loop please stand up?
TW10_3147,0,0,[HANDLE] there's no hard definition of what constitutes DoS beyond lack of service. Service is open to mean many things.
TW10_3148,0,0,"[HANDLE] remote servers, the programs listening on those servers, a local app..."
TW10_3149,0,0,[HANDLE] did you just try to mansplain perl to me and fail?
TW10_3150,0,0,congrats. you have graduated from DoS school with flying colors. GL educating gaters. &lt;3 [HANDLE]
TW10_3151,0,0,[HANDLE] uh. every dev makes mistakes.
TW10_3152,0,0,[HANDLE] i broke up with a dude when i was a teenager by forkbombing his server.
TW10_3153,0,0,"[HANDLE] if the only devs standing up are the ones that haven't made mistakes, all devs should be sitting down. ;)"
TW10_3154,0,0,[HANDLE] no worries. i think it was a parse failure.
TW10_3155,0,0,[HANDLE] D: php D:
TW10_3156,0,0,[HANDLE] [HANDLE] putting it on my list. :)
TW10_3157,0,0,RT [HANDLE]: Photographer Lynsey Addario on war reporting while female [URL] on [HANDLE] right now. Everything ab…
TW10_3158,0,0,"[HANDLE] [HANDLE] um. that's BASIC. DOS has batch files, but they aren't BASIC. :P"
TW10_3159,0,0,[HANDLE] [HANDLE] wouldn't that depend on lang? ;)
TW10_3160,0,0,[HANDLE] not sure. i think this could be too easily argued irt if attacks can be unintentional.
TW10_3161,0,0,"[HANDLE] ex: if someone involuntarily starts flailing and smacks another person in the face, person is attacked by arm. ;)"
TW10_3162,0,0,"[HANDLE] oh, man. remember win95 ver a/b? :P"
TW10_3163,0,0,Out of Pravana blue. Guess I'm stuck with mixing some clear with Special FX Turquoise to layer over existing hair. hmm. This might be good.
TW10_3164,0,0,existing *dye*. derp.
TW10_3165,0,0,[HANDLE] [HANDLE] gross. netware.
TW10_3166,0,0,[HANDLE] WELL ACTUALLY I'm kiiiiiiiinda a rainbow haired expert.
TW10_3167,0,0,"[HANDLE] in all seriousness, i've been dying my hair since my teens. I can't remember the last time I used a single shade. Too flat."
TW10_3168,0,0,[HANDLE] works well for some colors. the pastels are gorgeous but fade SUPER quickly. the blues are amazing.
TW10_3169,0,0,"[HANDLE] Depends on shade. When doing blues, most MP fades out greyish blue, most SFX fades out w/green tint."
TW10_3170,0,0,"[HANDLE] I usually mix brands depending on how they fade. SFX has fantastic pinks, though. N'Rage does some decent pinks, too."
TW10_3171,0,0,[HANDLE] gross. i'd look weird with no hair.
TW10_3172,0,0,[HANDLE] have you tried pravana?
TW10_3173,0,0,[HANDLE] pravana blue - NOT pastels - mixed with a touch of purple to make the fade gorgeous + pravana clear. i swear by it.
TW10_3174,0,0,[HANDLE] it's relatively new. most salons have switched to using it here instead of specialfx.
TW10_3175,0,0,"[HANDLE] (brb, am starting to feel feelings in my scalp, that means it's time to wash this stuff out.)"
TW10_3176,0,0,"[HANDLE] not sure. i kind of like when it fades on short hair, if it's dyed well. it's less monotone."
TW10_3177,0,0,[HANDLE] check it - [URL]
TW10_3178,0,0,"[HANDLE] pravana vivids are my favorite line for blues, easily. pastels line is gorgeous, but fades SO quick. days to weeks."
TW10_3179,0,0,[HANDLE] pravana pastel pink fade after 14 days. the rest was originally mint colored. COMPLETELY GONE. [URL]
TW10_3180,0,0,"[HANDLE] N'rage pink after ~1 week, turquoise is a mix of special fx. Nrage pink holds very well. [URL]"
TW10_3181,0,0,[HANDLE] i tend to document my hair color experiments for later. &gt;.&gt;  that pigtails pic is a few years old.
TW10_3182,0,0,"[HANDLE] er, manic panic existed in the 90s."
TW10_3183,0,0,"What's the difference between drunk perl and sober perl?

Drunk perl has comments."
TW10_3184,0,0,[HANDLE] [HANDLE] I'm not as young as you think I am :P
TW10_3185,0,0,"Funny dev joke, y/n? My sense of humor is weird."
TW10_3186,0,0,"I'm working on a new project, video about harassment, &amp; I need your help.  Need vid clips of ppl reading an abusive tweet they've received."
TW10_3187,0,0,"Just the content of the tweet, not the name of the person that sent it. Pref with a screenshot."
TW10_3188,0,0,Goal is to show people irl reading the words they've received on the Internet. This has impact.
TW10_3189,0,0,"[HANDLE] yes. And if you can RT and request others targeted do the same, that would be rad. Hoping for 10+ examples."
TW10_3190,0,0,[HANDLE] yes. I will be censoring the names.
TW10_3191,0,0,".[HANDLE] email vid to [EMAIL], share on Dropbox, Amy file share service, whatever you prefer."
TW10_3192,0,0,[HANDLE] [HANDLE] yup.
TW10_3193,0,0,"[HANDLE] indeed. But I've been coding since [NUMBER] ;) was still around for some of that fun. Used to work on REALLY old UNIXes, too."
TW10_3194,0,0,.[HANDLE] just general abuse. Not necessarily gamergate specific.
TW10_3195,0,0,[HANDLE] [HANDLE] [URL]
TW10_3196,0,0,[HANDLE] Being blocked isn't harassment.
TW10_3197,0,0,[HANDLE] thanks ^.^
TW10_3198,0,0,[HANDLE] Ty!
TW10_3199,0,0,"[HANDLE] my perl is pretty readable. not as efficient, necessarily, but definitely possible for anyone to read &amp; understand."
TW10_3200,0,0,[HANDLE] this weekend would be cool.
TW10_3201,0,0,[HANDLE] thursday would be even better. ^.^
TW10_3202,0,0,[HANDLE] I can never tell anymore. :P
TW10_3203,0,0,[HANDLE] asking people to read some of the shit they've received and provide a video of themselves doing so is no small thing.
TW10_3204,0,0,[HANDLE] [HANDLE] has more emotional impact when it's the face of a person reading it out loud.
TW10_3205,0,0,[HANDLE] ?
TW10_3206,0,0,It's pretty funny that GamerGate thinks I'm profiting from harassment. I took a *huge* pay cut by going full time with this. [HANDLE]
TW10_3207,0,0,"[HANDLE] what's funny is that I was drunk when I wrote it - and I wrote it for myself, not as something I planned on sharing."
TW10_3208,0,0,[HANDLE] [HANDLE] I'm not actually a dev. I'm DevOps. I like doing things that I find interesting. This is interesting. ^.^
TW10_3209,0,0,[HANDLE] not sure. i didn't see it.
TW10_3210,0,0,I JUST GOT MAD AT MY HAIR SO I CUT IT.
TW10_3211,0,0,"In hindsight, this was not a wise move &lt;24 hrs before doing a keynote. but whatever. I'm a punk rock sea urchin. Only chopped up my bangs."
TW10_3212,0,0,[HANDLE] will do tomorrow.
TW10_3213,0,0,"Best part about my style &amp; not having a precision cut is that I can scream ""FUCK YOU, HAIR"" while randomly jabbing/hacking w/box cutters."
TW10_3214,0,0,Fashion by Randi.
TW10_3215,0,0,"What would Joan Jett do?

She would cut her own damn bangs. [URL]"
TW10_3216,0,0,"[HANDLE] it would. i'm hoping for more personal attacks, but that's definitely troubling. :P"
TW10_3217,0,0,[HANDLE] eep. :(
TW10_3218,0,0,"Ughhh. Someone offered me a discounted all access GDC pass, but it's still more than I can afford."
TW10_3219,0,0,".[HANDLE] Go ahead. I'd be interested in seeing what you fabricate. Hopefully they will be more creative than your ""articles""."
TW10_3220,0,0,".[HANDLE] Until now, I've never talked to you. But I'm sure you won't let a little thing like truth stand in the way of a story. ;)"
TW10_3221,0,0,[HANDLE] [HANDLE] sure!
TW10_3222,0,0,"It is weird that someone from GamerGate would be opposed to a video *not specific to GamerGate* talking about harassment. So weird, right?"
TW10_3223,0,0,"I mean, why would GamerGate care about a video where people read the abusive tweets they've received? What does this have to do with ethics?"
TW10_3224,0,0,"I keep hearing that GamerGate is opposed to harassment. I must be misunderstanding something, surely."
TW10_3225,0,0,"Oh, wait. I take it back. I made a mistake. I mentioned [HANDLE] once before. [URL]"
TW10_3226,0,0,"[HANDLE] [HANDLE] someone not yet blocked replied to her tweet mentioning me. couldn't remember who she was, so i checked."
TW10_3227,0,0,"Yo guys. Did you know I was a convicted felon? That's new.

[URL]"
TW10_3228,0,0,[HANDLE] [HANDLE] Glad to hear from the experts.
TW10_3229,0,0,"It's pretty funny that Georgie claims I harassed her. Never talked to her until last night, ignored the smear ""article"" she wrote. [HANDLE]"
TW10_3230,0,0,IIRC she claimed I went to jail for drugs or something. I didn't read it. She's just trying to make a name for herself w/tabloidism [HANDLE]
TW10_3231,0,0,Pssst. [HANDLE]. [URL]  - this isn't ethical journalism. It never happened. ED isn't a reliable source. &lt;3
TW10_3232,0,0,Spreading rumors started by GNAA as fact when you call yourself a journalist is why I can't take you seriously. [HANDLE]
TW10_3233,0,0,That was fun. Now it's over. This is why I can't even consider sites like TechRaptr as anything more than hit piece blogs.
TW10_3234,0,0,"[HANDLE] [HANDLE] she's claiming I threatened to sue her. It's *hilarious*. Even with an obvious case of libel, who has the time?"
TW10_3235,0,0,"Remember when GG posted to /baph (since when does anyone at /baph say ""awful human""?) to try to get me doxxed/raided? [URL]"
TW10_3236,0,0,Pepperidge farm remembers.
TW10_3237,0,0,"[HANDLE] oh. i probably should have warned about that, sorry. &gt;.&gt;  i'm desensitized to such things."
TW10_3238,0,0,oops. Sorry for the belated content warning on that. They posted some gore so their targets wouldn't distribute the URLs. Guess that failed.
TW10_3239,0,0,"[HANDLE] totally my bad. :P  Here, brain bleach: [URL]"
TW10_3240,0,0,[HANDLE] [HANDLE] [HANDLE] [HANDLE] failure to appear for expired tags is totes a felony.
TW10_3241,0,0,Headed over to #GirlDevWeek in a few hours to keynote about the state of online harassment.
TW10_3242,0,0,Spoilers: The trolls aren't hiding under the bridge anymore. They are burning it down. Time to fight back.
TW10_3243,0,0,[HANDLE] I was being sarcastic :P
TW10_3244,0,0,More spoilers: too bad literally turquoise doesn't quite have the same ring to it. [URL]
TW10_3245,0,0,[HANDLE] [HANDLE] [HANDLE] no u
TW10_3246,0,0,"[HANDLE] I'm epic at color coordination. Layered tanks of turquoise and pink. Pink shoes, pink backpack. Pink pullover."
TW10_3247,0,0,"[HANDLE] I'm decent at editing, no worries ^.^"
TW10_3248,0,0,[HANDLE] [HANDLE] I also read it as a gay slur :/
TW10_3249,0,0,"[HANDLE] I was somewhere. Maybe? Pink pullover, pink backpack?"
TW10_3250,0,0,[HANDLE] [HANDLE] is one of the good guys. I'll let him explain why the words were problematic. :)
TW10_3251,0,0,Pretty day in SF! [URL]
TW10_3252,0,0,Dev week matches my outfit! [URL]
TW10_3253,0,0,[HANDLE] not me :) no hat
TW10_3254,0,0,"[HANDLE] er, hat"
TW10_3255,0,0,"[HANDLE] what company again? :P (sorry, it's a crazy... year?)"
TW10_3256,0,0,"[HANDLE] sure, I think I can stop by for a bit. Giving a talk, but should be out of here by 1:15."
TW10_3257,0,0,[HANDLE] I'll shoot you a DM when I've got a solid ETA.
TW10_3258,0,0,Hanging out in the Dice lounge at #developerweek if anyone wants to stop by and say hi. ;)
TW10_3259,0,0,"Tech conferences crack me up. Everyone is walking around in black, white, or navy blue shirts. Meanwhile I'm all neon pink and cyan."
TW10_3260,0,0,[HANDLE] I'm about to wander outside and enjoy the sun for a few minutes.
TW10_3261,0,0,"15 minutes. Nervous. Not because of speaking, but because of the content. Tech stuff is easier. So many feels. #GirlDevWeek"
TW10_3262,0,0,[HANDLE] only if I can get a pass somehow :/
TW10_3263,0,0,Shit is about to get real.
TW10_3264,0,0,Gamergate started harassing #GirlDevWeek's organizer. So we spent the Q&amp;A livestreaming the tweets and discussing harassment.
TW10_3265,0,0,I'm not surprised. I wish I was. GamerGate turned a talk about anti-harassment into a live demonstration. #girldevweek
TW10_3266,0,0,[HANDLE] awww. I felt scattered as heck. I need sleep :P
TW10_3267,0,0,RT [HANDLE]: Wow... there's some insanely inappropriate harassment of [HANDLE] speakers going on live via twitter of [HANDLE]…
TW10_3268,0,0,RT [HANDLE]: [HANDLE] [HANDLE] [HANDLE] [HANDLE] [HANDLE] here is the room at #GirlDevWeek #DevWeek15 http:…
TW10_3269,0,0,"[HANDLE] I'd tweet about it, but I was worried you might get harassed :/ I thought you were fantastic."
TW10_3270,0,0,RT [HANDLE]: It's been a crazy early afternoon with [HANDLE]. I commend her for her courage through all of this. #GirlDevWeek #…
TW10_3271,0,0,[HANDLE] [EMAIL]
TW10_3272,0,0,Feeling kind of fantastic after standing on a stage to tell (&amp; show) people my experiences being harassed as a vocal woman in tech.
TW10_3273,0,0,"Talked about Weev &amp; full disclosure mailing list post. Baph doxxing, swat threats. Family &amp; friends being threatened. Being target of a mob."
TW10_3274,0,0,It was difficult. I questioned if it was a good idea until someone in the crowd came forward for a hug &amp; started crying. Then I was crying.
TW10_3275,0,0,Then q&amp;a for both of us keynote speakers got hijacked to show harassment happening live. Both of us talked about diff aspects of harassment.
TW10_3276,0,0,"Talked about the need for support, mentors. People that understand because they've been through it all, too."
TW10_3277,0,0,I was blown away. I couldn't even think of a more impactful way of getting across the point that this is a problem we need to talk about.
TW10_3278,0,0,Thank you to everyone at #GirlDevWeek for the kind words. Thank you for letting me speak. Thank you for listening.
TW10_3279,0,0,"Almost crying. But not quite. I HAVE SOMETHING IN MY EYE, OKAY?"
TW10_3280,0,0,"Will make a blog post out of the contents of talk + slides (which are limited, I prefer not using slides)"
TW10_3281,0,0,[HANDLE] in a meeting...
TW10_3282,0,0,[HANDLE] yup
TW10_3283,0,0,Curious as to what GamerGate finds more offensive: that I'm overweight or that I'm completely unapologetic &amp; unashamed of it?
TW10_3284,0,0,[HANDLE] [HANDLE] 1k :/
TW10_3285,0,0,[HANDLE] np. Will be home soon.
TW10_3286,0,0,[HANDLE] it's on my list. Haven't had time yet.
TW10_3287,0,0,[HANDLE] sigh
TW10_3288,0,0,Facebook post on giving anti-harassment talk at #GirlDevWeek. How can something be both ironic and apropos? [URL]
TW10_3289,0,0,[HANDLE] not sure.
TW10_3290,0,0,"Oh. How strange. Nero, glorious leader of a campaign that is supposedly not about harassment, is mocking harassment. [URL]"
TW10_3291,0,0,[HANDLE] will take a look.
TW10_3292,0,0,[HANDLE] sorry about that. &gt;.&gt;
TW10_3293,0,0,"Dude just yelled at me loud enough to hear over my music + noise canceling headphones. ""HEY GIRL. YOU WALK LIKE SWAAAGGER."" Fuck yeah, I do."
TW10_3294,0,0,Not sure if I should be irritated by street calling or impressed my walk conveys my state of being.
TW10_3295,0,0,RT [HANDLE]: [HANDLE] here's the word cloud for [HANDLE] [URL]
TW10_3296,0,0,[HANDLE] [HANDLE] [HANDLE] [HANDLE] I have no idea what just happened.
TW10_3297,0,0,[HANDLE] &lt;3
TW10_3298,0,0,"RT [HANDLE]: Timeline divided between guys snarking about ep, and others, mostly women, thanking us for taking on misogyny in gaming…"
TW10_3299,0,0,"Here's another woman thanking you. I haven't seen the ep yet, but I've heard good things. Thank you. [HANDLE]"
TW10_3300,0,0,RT [HANDLE]: The part of the Law and Order episode that seems implausible is how there's an online threat to a woman and the police do …
TW10_3301,0,0,[HANDLE] [HANDLE] pretty entertaining that they think NYS isn't a hashtag used to justify harassment. ^.^ Good job.
TW10_3302,0,0,"Seeing [HANDLE] getting mobbed, he'll likely miss this. If anyone is in contact w/him, tell him abt #ggautoblocker. #LawAndOrderSVU"
TW10_3303,0,0,"[HANDLE] i didn't read much content, just enough to see that he's getting a lot of notifications. i ignore FYGM girls."
TW10_3304,0,0,"Just saw this fly by on my stats display a few times:

tweetstats.hashtag.gamergate.mention.freebsdgirl.oc

LOL NOPE"
TW10_3305,0,0,[HANDLE] original content. vs retweet.
TW10_3306,0,0,[HANDLE] yes
TW10_3307,0,0,"NYS ht had died down a lot. Flurry of tweets after #LawAndOrderSVU tonight. QUICKLY, MINORITIES. POINT OUT THAT ALL THESE WOMEN ARE LYING."
TW10_3308,0,0,"GamerGate is trying to do damage control, hard. I don't think they realize that there's nothing left for them to salvage."
TW10_3309,0,0,"RT [HANDLE]: Amid the anger about this episode, the opinions that matter most, I think, are those of the people Raina's character was …"
TW10_3310,0,0,[HANDLE] yup!
TW10_3311,0,0,"[HANDLE] not my place. if bri/zoe/anita feel that way, then that's their statement to make. not mine."
TW10_3312,0,0,"tweetstats.hashtag.notyourshield.mention._roguestar_.rt

quickly, create a shield from the person that posted women's addresses on twitter!"
TW10_3313,0,0,Let me make this perfectly fucking clear. Every female major target of GamerGate is seeing a fuckton more mentions tonight. #LawAndOrderSVU
TW10_3314,0,0,I'm watching it happen. I'm watching the numbers climb. This is bonkers. #LawAndOrderSVU
TW10_3315,0,0,"While some of those tweets are positive, the ratio of mentions with GG/NYS in them is MUCH higher than usual."
TW10_3316,0,0,"While I can appreciate #LawAndOrderSVU, this episode just kicked off a new wave of harassment from GamerGate. Time to ride it out."
TW10_3317,0,0,[HANDLE] YUP.
TW10_3318,0,0,Nerd followers: I'm monitoring hashtag/mentions and sending a statsd incr call for each one.
TW10_3319,0,0,I've got debug output scrolling as I run the program from within screen. I always have this up. It is scrolling too fast for me to read.
TW10_3320,0,0,".[HANDLE] it's a statsd call, sweetie. a protocol, not a programming language. if you're going to troll, get on my level."
TW10_3321,0,0,[HANDLE] i'm using multiple streams with multiple credentials. ;)
TW10_3322,0,0,[HANDLE] i've got reason to believe that i'm not anywhere near hitting that cap. my numbers can be verified from other sources.
TW10_3323,0,0,"Literally Who?

Literally #LawAndOrderSVU."
TW10_3324,0,0,"[HANDLE] i'm drunk, dude."
TW10_3325,0,0,[HANDLE] i can't process all of this right now. i'm just watching it scrollllllllll.
TW10_3326,0,0,[HANDLE] i am. because i've verified my numbers when i was monitoring more than this. ^.^
TW10_3327,0,0,"[HANDLE] too late, i'm literally blue. no taksies backsies."
TW10_3328,0,0,[HANDLE] i took a bunch of screencaps of the harassment the conf i was speaking at received from them. that's going to be fun.
TW10_3329,0,0,"[HANDLE] oh, those were for reasons. not necessarily with tonight in mind."
TW10_3330,0,0,[HANDLE] it's cool. i hope you feel better. i know how those nights can happen. anything i can do to help?
TW10_3331,0,0,"[HANDLE] it's hard to not have those feelings sometimes. maybe step back/break for the night? or do what i do, use it as motivation."
TW10_3332,0,0,[HANDLE] i love your dog so much.
TW10_3333,0,0,"[HANDLE] you are helpful, valuable, and appreciated. your voice helps. we all appreciate you. you should know this."
TW10_3334,0,0,[HANDLE] nothing ever happens overnight. it's subtle stages unnoticed by many. i know things are changing. i am watching it happen.
TW10_3335,0,0,[HANDLE] take a break if you need it. but i'm not just saying this to make you feel better: your voice is important. you matter.
TW10_3336,0,0,"RT [HANDLE]: Since gators are yelling at me for responding to a fan and making this, if you wanna fund me off patreon heres a link …"
TW10_3337,0,0,RT [HANDLE]: Ok hearing this mask fucker saying the exact same shit that's been screamed at me for 6 months isn't fun anymore...
TW10_3338,0,0,RT [HANDLE]: at least my IRL partner is like 1000x cuter than the guy my weird SVU feminist chimera's counterpart is seeing
TW10_3339,0,0,RT [HANDLE]: Dude if this is all because zoenitanna dated a shitty dude this SVU episode will be so on point i might break my sobri…
TW10_3340,0,0,RT [HANDLE]: I don't know what I expected but it wasnt Law And Order telling me to give up.
TW10_3341,0,0,"RT [HANDLE]: Right on time, new wave of horseshit messages being sent to me by GGers. Shits just flinging from all sides tonight in…"
TW10_3342,0,0,"RT [HANDLE]: Nothing has changed. Not a single fucking thing, other than watching a similacrum of me be gang raped on national TV a…"
TW10_3343,0,0,RT [HANDLE]: At least Amazon had the decency to unpublish rape fanfic about real people. Christ.
TW10_3344,0,0,"[HANDLE] Sorry, I don't converse with people that talk to me while hashtagging hate groups. Kindly go fuck yourself."
TW10_3345,0,0,"[HANDLE] 8. i like pink a lot, too, but it fades too quickly."
TW10_3346,0,0,[HANDLE] [HANDLE] [HANDLE] [HANDLE] that isn't me.
TW10_3347,0,0,"Since #LawAndOrderSVU, 81% of NYS tweets have been RTs. This is normal. However, previously, only 27.4 tweets/30m (inc RT). Now 76.12/30m."
TW10_3348,0,0,NYS tweets have tripled since #LawAndOrderSVU.
TW10_3349,0,0,"Looking at GG hashtag, they were averaging abt 517 tweets/30m before #LawAndOrderSVU. Now, [NUMBER].48/30m."
TW10_3350,0,0,[HANDLE] notyourshield.
TW10_3351,0,0,[HANDLE] at some point. ^.^ there's still a few bugs i need to work out with proper attribution of RTs to people that issued them. minor stuff
TW10_3352,0,0,"Most tellingly of all, hashtag + target mentions are up. [HANDLE] has received 474 mentions in the past 12 hours w/gamergate ht."
TW10_3353,0,0,"She seems to be getting the most tweets, but [HANDLE] and [HANDLE] have seen much more ht engagement as well."
TW10_3354,0,0,"Important to note in ALL of these stats, my 'before' is taken from a large timespan. 'after' has been the past 12 h, typically a slow time."
TW10_3355,0,0,Even my own gg ht mentions are way up. I'm guessing because of the keynote yesterday.
TW10_3356,0,0,Typically mine are fairly low. They dropped especially when they realized I wasn't bothering to engage many blocked users.
TW10_3357,0,0,[HANDLE] [HANDLE] harassing and doxxing prevent free speech. they are an attempt to silence their targets.
TW10_3358,0,0,"[HANDLE] [HANDLE] however, despite what they want everyone to believe, speaking out about your experiences isn't ""harassing"" GG."
TW10_3359,0,0,"[HANDLE] oh, they do. but they use nicknames, or my real names. not mentions."
TW10_3360,0,0,In response to Supernova continuing to allow Adam Baldwin as a guest. [URL]
TW10_3361,0,0,[HANDLE] thank you for making the petition. ^.^
TW10_3362,0,0,[HANDLE] [EMAIL]
TW10_3363,0,0,[HANDLE] he helped start all of this. he came up with the hashtag.
TW10_3364,0,0,"I am now watching wadhwa be ""very disappointed"" in the EFF. Jesus. Is that his standard line for every male that doesn't agree with him?"
TW10_3365,0,0,"Now that the world is starting to see him for what he is, he must be living in a perpetual cloud of disappointment. #stopwadhwa2015"
TW10_3366,0,0,"[HANDLE] [HANDLE] nope! very first night, he engaged me with those pics. that dude is just ridic."
TW10_3367,0,0,RT [HANDLE]: [HANDLE] are we seeing the rise of mark II of the Sad Keanu meme -- sad Wadhwa?
TW10_3368,0,0,"RT [HANDLE]: So, if you thought that this whole Wadwha silencing women thing was theoretical, here is our proof: [URL] #s…"
TW10_3369,0,0,"[HANDLE] well, given that vivek got an article pulled, it likely has something to do with them being in support of free speech."
TW10_3370,0,0,"RT [HANDLE]: [HANDLE] But for someone who touts EFF on their twitter account, you are being rather judgmental--are you not?"
TW10_3371,0,0,"RT [HANDLE]: [HANDLE] I'd be happy to read a post with your view points, especially on whether it was appropriate for TLDR to takedown th…"
TW10_3372,0,0,"RT [HANDLE]: [HANDLE] Kurt, are you--EFF--assuming I am guilty and taking that blog at face value?"
TW10_3373,0,0,"Watching [HANDLE] completely dismiss women that don't agree with him, be very disappointed in men that don't agree with him. #stopwadhwa2015."
TW10_3374,0,0,"Here, [HANDLE] is supporting [HANDLE] bcz jason's feelings were hurt when he was told to shut up &amp; listen about WiT: [URL]"
TW10_3375,0,0,"I'm not really sure yet if I feel comfortable with this idea, but watching these assholes band together is reminiscent of MRA behavior."
TW10_3376,0,0,[HANDLE] it was a podcast given by a woman in tech about how she doesn't want him to speak for her.
TW10_3377,0,0,"[HANDLE] doesn't really surprise me. ughh. yet another thing i won't be attending. driving more industry women away. good job, [HANDLE]"
TW10_3378,0,0,"[HANDLE] at least he doesn't directly say ""I SPEAK FOR WOMEN"" there. so that's something."
TW10_3379,0,0,[HANDLE] configuration setting. mentioning on its own is against dev policy iirc. RTing isn't.
TW10_3380,0,0,"[HANDLE] [HANDLE] [HANDLE] ""you're"""
TW10_3381,0,0,[HANDLE] I refuse to provide proof to any of those nutters. It won't make any difference. They just claim it's faked or defend it.
TW10_3382,0,0,"[HANDLE] [HANDLE] sure! ^.^ yeah, i had to bail out pretty quickly - had other meetings planned in the city that day."
TW10_3383,0,0,[URL] (via [HANDLE]) #stopwadhwa2015
TW10_3384,0,0,"I just watched #LawAndOrderSVU. It was... distressing. Corny early in the ep, but then... jesus."
TW10_3385,0,0,[HANDLE] [HANDLE] hahaha yams
TW10_3386,0,0,It was upsetting to see acted out what I'm willing to bet is the fantasy of *many* GamerGaters. Putting a loud feminist in her place.
TW10_3387,0,0,"On the other hand, I think it had value. Maybe. I can only hope that law enforcement watches that show. *sigh*"
TW10_3388,0,0,[HANDLE] this is my first time ever watching it.
TW10_3389,0,0,"Lots of love for [HANDLE], [HANDLE], [HANDLE]. I can't imagine how hard that was for them to watch. How violated they feel."
TW10_3390,0,0,"Step 1: post to facebook.
Step 2: KiA links to it.
Step 3: Get dog-piled by GamerGate w/accusations of animal abuse

[URL]"
TW10_3391,0,0,[HANDLE] [HANDLE] it did feel like there wasn't much point to it other than ratings. a quick win based on current controversy.
TW10_3392,0,0,[HANDLE] [HANDLE] i want to believe it'll help irt law enforcement education... but not sure if it was worth it.
TW10_3393,0,0,"In regards to being harassed by GamerGate, i was just told: ""Let your experience better you as a woman instead of seeking sympathy."""
TW10_3394,0,0,On that Supernova facebook thread. Hoooooooly shit.
TW10_3395,0,0,"Sorry to disappoint, but I think I'm already a pretty awesome women. A low self-esteem continues to not be an issue."
TW10_3396,0,0,Y'know what? I need a night off. Running way to make popcorn and catch up on [HANDLE] :)
TW10_3397,0,0,[HANDLE] glad it helped :)
TW10_3398,0,0,Might be time to make a Facebook version of #ggautoblocker :P
TW10_3399,0,0,[HANDLE] wouldn't have to use the API. I've got other methods.
TW10_3400,0,0,[HANDLE] probably not. i can't really afford to go to conferences that i'm not speaking at. :(
TW10_3401,0,0,HOW MANY ANGLES DOES MY FIST NEED I DON'T UNDERSTAND [HANDLE] [HANDLE]
TW10_3402,0,0,"So, that's not creepy or threatening at all. Look at all the gaters that retweeted it. [URL] [URL]"
TW10_3403,0,0,Don't try to explain the internet to women. [URL] (via [HANDLE])
TW10_3404,0,0,"So, Supernova is continuing to not respond to my facebook post, but the gaters are piling on. Interesting. Is the con run by GG supporter?"
TW10_3405,0,0,"Someone said they were not going to attend Supernova, but instead donate the money for their ticket towards an anti-bullying org. DO THIS."
TW10_3406,0,0,vomit. #stopwadhwa2015 [URL]
TW10_3407,0,0,don't try to turn this into an immigration issue. we could care less where he's from. we don't want him to speak for us. [HANDLE]
TW10_3408,0,0,You've got to be fucking kidding me. [HANDLE] [HANDLE] [HANDLE]
TW10_3409,0,0,"""Speaking up"" isn't the same thing as ""speaking for"", and I'm sorry you don't know the difference. [HANDLE] [HANDLE] [HANDLE]"
TW10_3410,0,0,"RT [HANDLE]: When your handle's [HANDLE] &amp; the folks you claim to be helping have made #StopWadhwa2015, it's time to reevaluate if you're a…"
TW10_3411,0,0,"Sorry about all the RTs, but this is a really serious issue. This guy is basically the tech anti-feminist that thinks he's an ally."
TW10_3412,0,0,"Even worse, the media thinks he's an ally. They keep letting him speak for us, and it has to stop. #stopwadhwa2015"
TW10_3413,0,0,"[HANDLE] [HANDLE] haha, how true."
TW10_3414,0,0,"[HANDLE] [HANDLE] I would but my time is super limited these next few days. I'm about to have to run, too many meetings."
TW10_3415,0,0,[HANDLE] for half a second i thought you had come back to WoW. breaking my heart.
TW10_3416,0,0,[HANDLE] I think [HANDLE] did that in her first blog post about him. Doing it programmatically is *really* hard.
TW10_3417,0,0,[HANDLE] it's beyond what i am capable of doing.
TW10_3418,0,0,#stopwadhwa2015 [HANDLE] wrote an article about [HANDLE]. [URL] (via [HANDLE])
TW10_3419,0,0,Saddest Leo ever. One of his treats rolled beneath the table and he fell asleep staring at it. [URL]
TW10_3420,0,0,[HANDLE] congrats ^.^
TW10_3421,0,0,[HANDLE] yup!
TW10_3422,0,0,RT [HANDLE]: [HANDLE] [HANDLE] also (the awesome) [HANDLE] counted the # of women he follows &amp; wrote about it here [URL]
TW10_3423,0,0,"[HANDLE] [HANDLE] sure! email me, [EMAIL]"
TW10_3424,0,0,Leaning in isn't a bad solution. It's just not the *only* solution. It's expecting women to solve all the problems.
TW10_3425,0,0,"I'm quite a fan of leaning in. It's how I operate. But the cost is high, and it's not for everyone. Feminism is about choices."
TW10_3426,0,0,"RT [HANDLE]: Proof that anyone can find love in the Nexus...

Learn More&gt; [URL]

.
[URL]"
TW10_3427,0,0,[HANDLE] [HANDLE] I do that. COME AT ME BRUH
TW10_3428,0,0,Nooooooo [URL]
TW10_3429,0,0,"I planned on getting stuff done today, but ended up sleeping the day away. fu, ovaries. efffff youuuuuu."
TW10_3430,0,0,Someone sent me a pgp encrypted message and they don't have keybase. sigh. i am in windows. this stuff isn't set up. :P
TW10_3431,0,0,[HANDLE] oops. i just woke up from a nap. ;P
TW10_3432,0,0,[HANDLE] done.
TW10_3433,0,0,"Poudriere is pretty slick, even if I have no idea how to pronounce it. #freebsd [URL]"
TW10_3434,0,0,[HANDLE] i'm only currently using FreeBSD on AWS. :P  no ZFS - not much need for it.
TW10_3435,0,0,Offline for the night. Need a break. I'll be back tomorrow.
TW10_3436,0,0,"Having a hard time right now. It's probably hormones, but this is the closest I've come to making my acct protected. Kind words appreciated."
TW10_3437,0,0,"If one more person DMs me, I'm going to throw my phone out the window. Please don't do that."
TW10_3438,0,0,[HANDLE] I'm not mad at you. I just needed the DM noises to stop.
TW10_3439,0,0,"Thanks, everyone. Sometimes stuff gets to me when it shouldn't. Small things. I should be stronger. Enjoying the cute animal pictures."
TW10_3440,0,0,I am now going to watch Beyonce videos while wearing the same socks as Beyonce. [URL]
TW10_3441,0,0,[HANDLE] what is the story behind your profile pic? i have to know.
TW10_3442,0,0,[HANDLE] [HANDLE] that is awesome to hear. :)
TW10_3443,0,0,"I just noticed that Bey is wearing a Wonder Woman tshirt in her video, Blow."
TW10_3444,0,0,[HANDLE] [HANDLE] [HANDLE] [HANDLE] [HANDLE] wowwwww this whole thread
TW10_3445,0,0,[HANDLE] [HANDLE] [HANDLE] [HANDLE] [HANDLE] It read to me like you like him bcz he supports yr book
TW10_3446,0,0,".[HANDLE] [HANDLE] [HANDLE] [HANDLE] [HANDLE] when ur writing a book about WiT, it is prob not a good idea to do this."
TW10_3447,0,0,a reminder - RTs are not endorsements.
TW10_3448,0,0,[HANDLE] a million times this.
TW10_3449,0,0,[HANDLE] [HANDLE] I agree 100% with this statement.
TW10_3450,0,0,[HANDLE] I'm back in June ;)
TW10_3451,0,0,"[HANDLE] [HANDLE] [HANDLE] [HANDLE] [HANDLE] uh. And anyone that disagrees is crazy or attention seeking,"
TW10_3452,0,0,[HANDLE] [HANDLE] [HANDLE] [HANDLE] [HANDLE] excuse me if I don't roll out the welcome mat for him.
TW10_3453,0,0,[HANDLE] [HANDLE] [HANDLE] [HANDLE] [HANDLE] I would rather deal with an MRA than wadhwa.
TW10_3454,0,0,[HANDLE] [HANDLE] [HANDLE] [HANDLE] [HANDLE] he's a weasel. You fell for it. You're throwing *me* under the bus.
TW10_3455,0,0,"[HANDLE] [HANDLE] [HANDLE] [HANDLE] [HANDLE] well, you have his support, but you just lost mine."
TW10_3456,0,0,[HANDLE] [HANDLE] [HANDLE] [HANDLE] [HANDLE] still a sellout. still unacceptable and disgusting.
TW10_3457,0,0,[HANDLE] [HANDLE] I saw. It was deleted.
TW10_3458,0,0,"RT [HANDLE]: Roses are red
My hair is blue
Don't follow jerks
Or else I'll block you.

Happy Valentine's Day from #ggautoblocker!"
TW10_3459,0,0,"[HANDLE] [HANDLE] sometimes, the bot comes up with combinations of words that are undesirable."
TW10_3460,0,0,[HANDLE] [HANDLE] not the first time it's happened. That was probably the worst though.
TW10_3461,0,0,"It's difficult deciding to call out something as being problematic, because that gives it attention &amp; not many people know about it."
TW10_3462,0,0,"There's a woman writing a ""women in tech"" book. And she's stomping on everyone in her path as long as she gets money for it."
TW10_3463,0,0,"She's buddying up with wadhwa, because he endorsed her book. She's friends with weev, who targeted *so many* women in tech."
TW10_3464,0,0,"She wants the attention. She's admitted she's a ""sellout"". But a lot of good women are helping her write this book."
TW10_3465,0,0,[HANDLE] yes.
TW10_3466,0,0,"RT [HANDLE]: Roses are red, 
Coldlights are blue,
Murlocs are bad poets,
Mrrglgrgl. 

Happy Valentine's Day! #Hearthstone [URL]"
TW10_3467,0,0,[HANDLE] bad. they don't know.
TW10_3468,0,0,Dehydrated vaginas - I mean pears - for breakfast. [URL]
TW10_3469,0,0,[HANDLE] i care that she wrote a medium piece throwing all of us under the bus.
TW10_3470,0,0,Tarah Wheeler Van Vlack threw a bunch of women under the bus so she could get Wadhwa's support for her Women in Tech book.
TW10_3471,0,0,"She's friends with weev, an actual neo-nazi that has harassed and driven women like Kathy Sierra out of the industry."
TW10_3472,0,0,"She's trying to play it as ""we can have our own opinions but I still respect you"" - No. She doesn't. She admitted that she was selling out."
TW10_3473,0,0,"She also claimed that women being angry with Wadhwa was worse than the death threats we were getting because we're ""used to it""."
TW10_3474,0,0,"So I implore you to not support any of her projects. If you've already contributed towards her book, pull out. This is horrible."
TW10_3475,0,0,[HANDLE] yes.
TW10_3476,0,0,[HANDLE] same one.
TW10_3477,0,0,[HANDLE] [URL]
TW10_3478,0,0,"RT [HANDLE]: Awww, Vivek made a new friend! [URL]"
TW10_3479,0,0,"Remember, this is the guy that [HANDLE] decided was more important than the women writing her book. Tarah only cares about tarah."
TW10_3480,0,0,"[HANDLE] oh, you meant Wu - not publicly"
TW10_3481,0,0,UNICORNS [URL]
TW10_3482,0,0,[HANDLE] [URL]
TW10_3483,0,0,[HANDLE] [HANDLE] yeah. :\\
TW10_3484,0,0,"[HANDLE] [HANDLE] Indeed. Let's chill with that kind of talk, please. Wishing illness on anyone isn't cool."
TW10_3485,0,0,[HANDLE] d'aww. :(  Try sockdreams? Not sure if they do international shipping.
TW10_3486,0,0,"[HANDLE] [HANDLE] yup, and i'm calling it out. harassment from either side is bad."
TW10_3487,0,0,[HANDLE] [HANDLE] [HANDLE] sommers v2.0.
TW10_3488,0,0,[HANDLE] it's always been my stance ;)
TW10_3489,0,0,"[HANDLE] not just gaming, but being decent humans"
TW10_3490,0,0,[HANDLE] jesus
TW10_3491,0,0,"[HANDLE] there is corruption, for sure. But it's all in AAA gaming, and their abuse of journalists."
TW10_3492,0,0,"I guess everybody else decided to go to the dog park, too. Leo is unimpressed. [URL]"
TW10_3493,0,0,So there. [URL]
TW10_3494,0,0,[HANDLE] just be careful who you align yourself with. She sounds an awful lot like based mom.
TW10_3495,0,0,[HANDLE] I think it's going to get worse.
TW10_3496,0,0,[HANDLE] she's setting herself up to go against some of the most prominent feminist voices in Silicon Valley. Won't end well for book.
TW10_3497,0,0,[HANDLE] I am so sorry that you're in this situation.
TW10_3498,0,0,"RT [HANDLE]: Roses are red
Tulips are pink
Arguing with gaters
Is a useless time sink.

#ggautoblocker to the rescue!"
TW10_3499,0,0,Still better that Nero's poetry. // cc [HANDLE]
TW10_3500,0,0,[HANDLE] I make about the same as minimum wage. ^.^
TW10_3501,0,0,"[HANDLE] but if you honestly think stuff like [URL] is okay, then the door is that way -&gt;"
TW10_3502,0,0,Please nominate [HANDLE] for a shorty award in non-human :) [URL]
TW10_3503,0,0,WHAT THE SHIT [URL]
TW10_3504,0,0,Happiest doggie ever. [URL]
TW10_3505,0,0,"RT [HANDLE]: Hey [HANDLE], here's my response to your accusation of being ""obsessed with race."" [URL]"
TW10_3506,0,0,[HANDLE] that bacon is pretty cheap.
TW10_3507,0,0,Stop sending me anonymous valentines things. I'm pretty sure they are all from GamerGate.
TW10_3508,0,0,"OK. Who wants to go see 50 shades of grey up in Emeryville? (braces self for the onslaught of ""NOT A HEALTHY PORTRAYAL OF BDSM"")"
TW10_3509,0,0,"like, thanks for that. i never would have known had not so many people on twitter yelled it at me."
TW10_3510,0,0,"[HANDLE] sorry about the trolls. i've got that user blocked, but they tend to monitor my timeline. :\\"
TW10_3511,0,0,"[HANDLE] [HANDLE] [HANDLE]  YUPP. when a dude uses the word shrill, you know he's not even worth talking to."
TW10_3512,0,0,[HANDLE] these tweets aren't in a reply chain. i have zero idea what you are talking about.
TW10_3513,0,0,Still the best website on the internet: [URL] #stopwadhwa2015
TW10_3514,0,0,[HANDLE] [HANDLE] this. blocklist doesn't look at all at what you say...
TW10_3515,0,0,[HANDLE] only leo. ;)
TW10_3516,0,0,"[HANDLE] [HANDLE] i have absolutely no idea what you are going on about, dude. the blocklist wasn't even updated today."
TW10_3517,0,0,"[HANDLE] [HANDLE] you are going nuts in my mentions, and i haven't done anything. wtf. please go away."
TW10_3518,0,0,[HANDLE] [HANDLE] i have no idea what that is?!   a spam bot??? what is your malfunction?
TW10_3519,0,0,[HANDLE] [HANDLE] you did. you just went on a huge mention rampage where you really made an idiot out of yourself.
TW10_3520,0,0,"[HANDLE] [HANDLE] look dude, i want to be nice to you, but FUCK OFF. you got harassed by a spam bot. leave me alone."
TW10_3521,0,0,[HANDLE] [HANDLE] i blocked him just now. he won't get out of my mentions. please remove me from this conversation.
TW10_3522,0,0,[HANDLE] I'm in SF. :P
TW10_3523,0,0,I have a sunburn. :(
TW10_3524,0,0,I am tired of having feels. When do I get to go full robot?
TW10_3525,0,0,"[HANDLE] yes, absolutely. Almost exclusively used against women that are arguing against men."
TW10_3526,0,0,Never go full robot.
TW10_3527,0,0,[HANDLE] when are you back out here? We should hang.
TW10_3528,0,0,[HANDLE] that is good to know. ;) generally just a bad word to use against women in general given the current politics. [URL]
TW10_3529,0,0,"Oh, no. Please don't sue me. I'm shaking in my bright pink UA sneakers. [URL]"
TW10_3530,0,0,Watching the EFF take notice of wadhwa and it is deliciousssss #stopwadhwa2015
TW10_3531,0,0,"lol. [HANDLE] is very disappointed in the EFF. Very, very disappointed."
TW10_3532,0,0,Cannot get over the fact that I got a sunburn in the middle of February. California is evil.
TW10_3533,0,0,"Excuse me, where is the rave? I was promised a dead mouse. [URL]"
TW10_3534,0,0,New dress!!! [URL]
TW10_3535,0,0,Ignore the sunburn! :P
TW10_3536,0,0,[HANDLE] It was sunny out today! :P  i went to the dog park for an hour.
TW10_3537,0,0,[HANDLE] [HANDLE] [URL]
TW10_3538,0,0,"[HANDLE] haha, i didn't even notice that."
TW10_3539,0,0,It is kind of funny how much more body confident I've gotten ever since the gaters started calling me fat. &lt;3
TW10_3540,0,0,[HANDLE] [HANDLE] what
TW10_3541,0,0,[HANDLE] i do not :(
TW10_3542,0,0,[HANDLE] [URL]
TW10_3543,0,0,"[URL]

Nope. [HANDLE] and I talked about this last night. It won't affect our friendship. Nice try, though."
TW10_3544,0,0,"[HANDLE] yo, we should use this. Maybe I should say I dislike your game?"
TW10_3545,0,0,[HANDLE] [URL]
TW10_3546,0,0,[HANDLE] I HATE UR GUTS. Y DO U HATE VIDEO GAMES SO MUCH?
TW10_3547,0,0,"Curled up in my favorite chair. Apartment is warm, but cool breeze from the open window. Listening to the sounds of Oakland. I love it here."
TW10_3548,0,0,"[HANDLE] [HANDLE] hehehe. ""at this level"""
TW10_3549,0,0,[HANDLE] [HANDLE] BITCH I AM END BOSS. :P
TW10_3550,0,0,[HANDLE] [URL]
TW10_3551,0,0,"Another day where the weather is supposed to get up to the mid 70's. I need to find my sunscreen. So, uh, how's that snow out east?"
TW10_3552,0,0,[HANDLE] sorry. didn't realize i wasn't allowed to joke about the weather. o_O
TW10_3553,0,0,"[HANDLE] the only thing i heard from twitter was that it was snowing. i generally don't watch TV. but continue calling me out, please."
TW10_3554,0,0,[HANDLE] a disaster i didn't know about. ooookay.
TW10_3555,0,0,I think I'm just going to play video games all day. ^.^  It's been a super stressful week. I need a break.
TW10_3556,0,0,[HANDLE] [HANDLE] which she totally would have gotten had she not continued to rant about me publicly after I said I didn't know.
TW10_3557,0,0,"[HANDLE] [HANDLE] instead, she got a block. Because I'm used to having people shitting all over my mentions. And that's a shame."
TW10_3558,0,0,"[HANDLE] [HANDLE] she assumed I was *lying* when I said I didn't know, and that's ridiculous. I've been busy the past week."
TW10_3559,0,0,"[HANDLE] [HANDLE] I don't participate in call-out culture. I think it's vile. I'm sorry bad things happened to her, but this isn't OK"
TW10_3560,0,0,[HANDLE] [HANDLE] now I have a bunch of people coming into my mentions from her. Yayyyy.
TW10_3561,0,0,"[HANDLE] here, too. :)"
TW10_3562,0,0,[HANDLE] [HANDLE] there is. :P
TW10_3563,0,0,"[HANDLE] catching up on WoW, then gonna go poke at my xbox. :)"
TW10_3564,0,0,[HANDLE] what is MADE?
TW10_3565,0,0,[HANDLE] oh! that's walking distance from my apartment. hm. i might head over.
TW10_3566,0,0,[HANDLE] open world stuff just confuses me. there's too much to do. I need more of a guided path.
TW10_3567,0,0,"After years of service, my naga may be dying. sighhhh."
TW10_3568,0,0,naga don't go
TW10_3569,0,0,[HANDLE] i didn't understand basic stuff. like how to heal up. do i have to have potions? can i sleep?
TW10_3570,0,0,[HANDLE] yes
TW10_3571,0,0,Wishing my arena partner was on. &gt;.&gt;  Really want to get some PvP happening.
TW10_3572,0,0,Naga standard or epic chroma?
TW10_3573,0,0,If you tell me to get one of those weird hexa things i will never talk to you again.
TW10_3574,0,0,[HANDLE] i'm disc. used to playing with a derpy warr/dk.
TW10_3575,0,0,[HANDLE] at this point i'd be happy with just wrecking faces in random bgs. haven't done arenas in months.
TW10_3576,0,0,[HANDLE] [HANDLE] i do.
TW10_3577,0,0,"[HANDLE] it can! but my partner is used to playing rogue, so both of these classes are sorta meh for him."
TW10_3578,0,0,Om nom nom nom [URL]
TW10_3579,0,0,[HANDLE] [HANDLE] [HANDLE] darksky &gt; *
TW10_3580,0,0,"[HANDLE] i've had the epic, but i always kept it plugged in. can be plugged in and be used at the same time. :)"
TW10_3581,0,0,"[HANDLE] yeah, in BGs. :)  we've been playing this comp for ~3 years now."
TW10_3582,0,0,[HANDLE] my keyboard mappings only go 1-6 anyways. i can go either way.
TW10_3583,0,0,[HANDLE] jesus that looks ugly
TW10_3584,0,0,[HANDLE] that is horrible. :(  i've only heard about this on twitter now - shocked it isn't making news over here.
TW10_3585,0,0,[HANDLE] i only knew it was snowing because someone on twitter told me &amp; reporter hanging out w/me past few days was flying home into it
TW10_3586,0,0,"[HANDLE] but i have only watched morning news twice the past week, so who knows what i could have missed."
TW10_3587,0,0,[HANDLE] i'm a little jealous. I love the snow.
TW10_3588,0,0,"[HANDLE] i remember what it was like to be snowed in back in IL. could be brutal, but so, so pretty."
TW10_3589,0,0,~10% of the posts I've read on Facebook today are people looking for work. Jeez. I thought the unemployment rate was supposed to be better?
TW10_3590,0,0,"Uh, can the call to ashran noise please be a little louder?"
TW10_3591,0,0,"[HANDLE] i really didn't mean to dig on anyone in a horrible way. I thought it was just a bit of snow, honestly. :\\"
TW10_3592,0,0,[HANDLE] yeesh. i can't imagine. :(
TW10_3593,0,0,[HANDLE] try Isilon.
TW10_3594,0,0,"[HANDLE] they are in seattle, usually hiring."
TW10_3595,0,0,[HANDLE] oof. yeah. i used to work out of the Isilon office.
TW10_3596,0,0,All of my WoW pets are horribly named. [URL]
TW10_3597,0,0,We don't have to stop liking games because they are sexist or have other problematic themes. Just be aware of them &amp; push for more options.
TW10_3598,0,0,"[HANDLE] no kidding. I would *love* to see more deep storylines, especially around women characters."
TW10_3599,0,0,"I'm still wrestling with wanting to get GTA V, and it's something I have to remind myself."
TW10_3600,0,0,"RT [HANDLE]: With so many factual errors [HANDLE] piece about online harassment by [HANDLE], it's a disservice to everyone [URL]"
TW10_3601,0,0,RT [HANDLE]: I regret talking with [HANDLE] and the time I spent replying to his emails with detailed timelines and screenshots. Tr…
TW10_3602,0,0,[HANDLE] thank you for not making that one of those tweet longer things.
TW10_3603,0,0,[HANDLE] I can't get into that game. I don't know why.
TW10_3604,0,0,[HANDLE] [HANDLE] I was *shocked* they didn't try to darken skin colors.
TW10_3605,0,0,An Introduction to Cherry MX Switches: [URL]
TW10_3606,0,0,Tried to play Fable Anniversary Edition with xbox one controller. Worked for 30 seconds. Then Steam started trying to call people. wtf?
TW10_3607,0,0,[HANDLE] [HANDLE] yup! People should be able to do whichever they want.
TW10_3608,0,0,[HANDLE] I typo crazy with browns
TW10_3609,0,0,"Not sure if the problem is the controller or the driver or the game..,"
TW10_3610,0,0,[HANDLE] it worked fine for the first 30 secs of playtime. then i had to keep unplugging/replugging. would work for another 5 sec.
TW10_3611,0,0,[HANDLE] I'm weird - I like Cherry MX Reds.
TW10_3612,0,0,Ubisoft's attempts at pushing Uplay is rage-inducing.
TW10_3613,0,0,"Uplay, kindly fuck off into a fire."
TW10_3614,0,0,ALL I WANT TO DO IS PLAY MIGHT &amp; MAGIC: HEROES IV WHAT IS THIS SHIT [URL]
TW10_3615,0,0,"[HANDLE] i want to hit a button and play a game. I'm already logged into steam, or my xbox. I don't want to login to a 3rd party."
TW10_3616,0,0,[HANDLE] [HANDLE] Origin is a flaming piece of shit.
TW10_3617,0,0,"Oh, my username is already taken? So I've done this before. fuck youuuuuuuuuu uplay."
TW10_3618,0,0,"I'm against pirating games. But seriously, all these layers of DRM make me consider buying and THEN torrenting."
TW10_3619,0,0,DFUJIOLADFSHJIOfdy808y*(!@#$hO;IFVCGDHNDASHIGFODSA' [URL]
TW10_3620,0,0,uplay launcher crashes repeatedly.
TW10_3621,0,0,i hate video games
TW10_3622,0,0,.[HANDLE] why do you ruin everything good and wonderful in life?
TW10_3623,0,0,"Fuck it, I'll just play The Sims 4. Because Origin never breaks, right?"
TW10_3624,0,0,And why is NBA 2K15 in my steam library? I would *never* buy that game.
TW10_3625,0,0,[HANDLE] will try that
TW10_3626,0,0,Perfect way to spend a summer day. [URL]
TW10_3627,0,0,Pre-GDC SJW chillfest evening of March 1st. Email me for invite.
TW10_3628,0,0,I dislike weather above 65F.
TW10_3629,0,0,[HANDLE] I started getting my period after *years* of not having it and I thought I was dying. Buying tampons confuses me too.
TW10_3630,0,0,[HANDLE] [EMAIL]
TW10_3631,0,0,"""A new study released today says teens are not getting enough sleep"" - no kidding? Who pays these people to say things that are obvious?"
TW10_3632,0,0,My hobby: listening to morning news and yelling back at the TV.
TW10_3633,0,0,Today is a record high for Oakland. Plz bring back winter.
TW10_3634,0,0,[HANDLE] what
TW10_3635,0,0,[HANDLE] [URL]
TW10_3636,0,0,[HANDLE] i remember having to be at the bus stop at 6:15 (lived far away) and i was exhausted *all the time*
TW10_3637,0,0,"lolllll local news just used the phrase ""cyber hackers"". Thank you for the clarification; I assumed you meant lumberjacks."
TW10_3638,0,0,THEY JUST SAID IT AGAIN. I am dying.
TW10_3639,0,0,STOP SAYING CYBER HACKERS [HANDLE] omg
TW10_3640,0,0,"Curious - so, for the rest of the (non bay area) country - is it normal to see a tweet make news?"
TW10_3641,0,0,[HANDLE] [HANDLE] [HANDLE] curious as to if the AP style guide has anything about that.
TW10_3642,0,0,RT [HANDLE]: I made a transcript of my #c4l15 talk! [URL] Video link is there too. &lt;3 to basically all of you; you'r…
TW10_3643,0,0,[HANDLE] I don't read breitbart ;)
TW10_3644,0,0,"Not feeling so great, so haven't been on twitter much lately. Will catch up later. &lt;3"
TW10_3645,0,0,"[HANDLE] yes. although my funds are rather limited, so trying to find someone that has a spare. &gt;.&gt;"
TW10_3646,0,0,The kindle has been out for 8 years. Collections have been out for 5 years. Cloud Collections have been out for 1 year. Still shitty UI.
TW10_3647,0,0,This is what innovation looks like. Horrible organization. Proprietary standards like AZW that have a substantial lack in metadata fields.
TW10_3648,0,0,"Amazon has selection, decent prices, overall good customer experience. but their user interface has been a hot mess for forever."
TW10_3649,0,0,My review of Kindle Voyage: a resounding 'meh'
TW10_3650,0,0,Buttons are weird. Gave up trying to hit them in the right spot and started swiping to page backwards. Power button is weird.
TW10_3651,0,0,[HANDLE] that would be awesome!!! ^.^
TW10_3652,0,0,"Auto-dimming display is nice. Not sure about battery life. Feels a tiny bit more responsive, but not sure if just wishing it was faster."
TW10_3653,0,0,Texture is different from paperwhite. More matte? I kind of like paperwhite more. More concerned about dropping this one. Get a case.
TW10_3654,0,0,"[HANDLE] yeah, i've got around ~1k books."
TW10_3655,0,0,[HANDLE] supposedly battery life &amp; auto-dimming display?
TW10_3656,0,0,"My ebooks collection is getting too big. Have tech + design books on fire, splitting azw books &amp; other books on paperwhite/voyager"
TW10_3657,0,0,"[HANDLE] yeah, i've dropped paperwhite tons of times on my hardwood floors, no problems. Voyage I'm more concerned about."
TW10_3658,0,0,"[HANDLE] Yeah, I use calibre. It's how I sort between kindles."
TW10_3659,0,0,[HANDLE] I think the paperwhite would be a better choice. voyage has weird delays sometimes with button responsiveness.
TW10_3660,0,0,"[HANDLE] fire is still least finicky/most responsive of all, though. I've had for a few years, it holds up well to abuse."
TW10_3661,0,0,"[HANDLE] If I was watching streaming video, battery life was just OK. But reading books, it would last quite a while."
TW10_3662,0,0,GamerGate is the longest running game of telephone ever.
TW10_3663,0,0,[HANDLE] [HANDLE] [HANDLE] [HANDLE] *whispers* lok'tar ogar
TW10_3664,0,0,I agree! It would be great if gamergate stopped finding amusement in harassing people. [HANDLE]
TW10_3665,0,0,PS: Linux sucks. [HANDLE]
TW10_3666,0,0,"Pretty content, actually. [HANDLE] [URL]"
TW10_3667,0,0,[HANDLE] what news?
TW10_3668,0,0,How dare I troll people that go out of their way to try to destroy my life. [HANDLE]
TW10_3669,0,0,RT/reply/block is soothing.
TW10_3670,0,0,"[HANDLE] according to Google, he makes a habit out of being fired."
TW10_3671,0,0,[HANDLE] rather entertained that he sees his not getting threats as proof of... anything. he's a dude. dudes don't get as many.
TW10_3672,0,0,I've been prescribed Adderall for years. [HANDLE]
TW10_3673,0,0,[HANDLE] no
TW10_3674,0,0,Why is there a marching band outside my apartment?
TW10_3675,0,0,"[HANDLE] [HANDLE] [HANDLE] [HANDLE] keep in mind, it's not just the volume - it's volume+vitriol. Disproportionate towards women."
TW10_3676,0,0,"Sleepytime peach tea with lavender infused honey, you complete me."
TW10_3677,0,0,[HANDLE] from farmers market :) I got a bunch of samplers with different infusions.
TW10_3678,0,0,"TIL I am the ""anti thesis of free speech"". Oh, boy. [URL]"
TW10_3679,0,0,[HANDLE] it's a rough life.
TW10_3680,0,0,"""Well behaved women seldom make history."" - Laurel Thatcher Ulrich"
TW10_3681,0,0,RT [HANDLE]: Uh... wow. [URL]
TW10_3682,0,0,I am offended by the grammar. :|  [HANDLE]
TW10_3683,0,0,[HANDLE] I suspect many don't have a strong understanding of passive vs active voice. That's fairly common of most Americans.
TW10_3684,0,0,[HANDLE] [HANDLE] I've met plenty of people educated by private schools who still fail at basic grammar. ;)
TW10_3685,0,0,[HANDLE] [HANDLE] One of the best things anyone can do to improve their understanding of grammar is spend some time studying Latin. ;)
TW10_3686,0,0,"NPR asked to speak to me about the wadhwa thing. They *just* got off the phone with him, &amp; now they don't need to talk to me anymore. Weird."
TW10_3687,0,0,"Really, really curious to see what happens with this."
TW10_3688,0,0,It could be benign. But the hilarity of the situation is not lost on me.
TW10_3689,0,0,"[HANDLE] email, but basically, yes."
TW10_3690,0,0,[HANDLE] thanks. ;)
TW10_3691,0,0,"[HANDLE] Let's cross our fingers. Given how he talks on Twitter, I wouldn't be surprised. ;)"
TW10_3692,0,0,[HANDLE] [HANDLE] [HANDLE] [HANDLE] [HANDLE] can't comment on that. I have some runway to get my NPO off the ground.
TW10_3693,0,0,"[HANDLE] [HANDLE]  lol. that guy. he tried to tell me that all companies should be small/indie. all tech companies, even."
TW10_3694,0,0,"[HANDLE] all my sexts are orange.

BECAUSE THEY ARE LEGENDARY, GET IT? :P"
TW10_3695,0,0,"[HANDLE] given the location of the power button, I may follow this advice."
TW10_3696,0,0,Blondie's One Way or Another really is a creepy song.
TW10_3697,0,0,[HANDLE] happy to help. :)
TW10_3698,0,0,"[HANDLE] [HANDLE] hi. I work directly with the police, and this is incorrect. Most PDs say nothing of the sort."
TW10_3699,0,0,Staaaaahp. (Don't dog pile his mentions. Just reminding you this info is wrong.) [URL]
TW10_3700,0,0,"The fact is, there is no policy. There is no training. But all the PDs I've talked to do *not* say this &amp; do not give any related advice."
TW10_3701,0,0,"Without the appropriate training for police, there will continue to be no advice except for the personal beliefs of the officer."
TW10_3702,0,0,"Given that the current answer from the police is largely ""turn off the computer"", this should surprise no one."
TW10_3703,0,0,[HANDLE] uh. Read the rest of my tweets about this before you try lecturing me.
TW10_3704,0,0,Not sure why a selfie stick would need this. I guess everything is better with Bluetooth? [URL]
TW10_3705,0,0,"This kaiser pharmacy has a sign saying shoplifters will be prosecuted. Because, you know, being poor &amp; sick isn't bad enough. Wow."
TW10_3706,0,0,Sending someone to jail for stealing tylenol is pretty ridiculous.
TW10_3707,0,0,When did the Facebook iOS app start making noises?
TW10_3708,0,0,[HANDLE] [HANDLE] that is behind the counter...
TW10_3709,0,0,RT [HANDLE]: so uh. the creator of one of the #gamergate websites is.... arguing that we should make rape legal. [URL]
TW10_3710,0,0,[HANDLE] let this be the start of a new trend. Selfie with random boobpillow.
TW10_3711,0,0,[HANDLE] are those any good?
TW10_3712,0,0,"I need dumbbells w/plates, pref up to 60 lbs on each. Suggestions to find these in the Bay Area cheap?"
TW10_3713,0,0,There is a dude here wearing a baby strapped to his chest and his beard is so long it appears the baby is Marge Simpson and I am *dying*
TW10_3714,0,0,"[HANDLE] yeah, I've seen them cheapish on amazon, but shipping is spendy and the clips slide."
TW10_3715,0,0,[HANDLE] no :(
TW10_3716,0,0,Uh. Why do they not make these for grownups? [URL]
TW10_3717,0,0,"If only it worked that way, dudes. If only. [URL] [URL]"
TW10_3718,0,0,[HANDLE] uh? Okay? Controlled substances are behind the counter. All I see is stuff like Tylenol. It's a small pharmacy.
TW10_3719,0,0,[HANDLE] shaving has little to do with hygiene :P
TW10_3720,0,0,RT [HANDLE]: 12 Women Who With Perfect Responses to Sexist Questions [URL] via [HANDLE] [URL]
TW10_3721,0,0,"[HANDLE] okay. You don't even know what this pharmacy looks like, but you are inserting your opinion."
TW10_3722,0,0,"[HANDLE] do you realize how dumb you sound? There is one wall with anything on it. Tylenol, orajel, and pepto bismol"
TW10_3723,0,0,[HANDLE] but thanks for the uninformed rant. I don't see enough of those every day.
TW10_3724,0,0,[HANDLE] siiiiiiiiiiiiiiiiiiiiiiiigh
TW10_3725,0,0,[HANDLE] I called you an idiot. Not a misogynist.
TW10_3726,0,0,Vivek is very disappointed in NPR. #stopwadhwa2015 [URL]
TW10_3727,0,0,[HANDLE] YOUR FACE IS A PAIN
TW10_3728,0,0,"RT [HANDLE]: ""[HANDLE]: Please report this: [URL] Abuse of [HANDLE] API and privacy hack, [HANDLE] [HANDLE] [HANDLE]…"
TW10_3729,0,0,NEW CLICKY [URL]
TW10_3730,0,0,[HANDLE] yup! :)  just got it.
TW10_3731,0,0,[HANDLE] yup!
TW10_3732,0,0,[HANDLE] it's mechanical
TW10_3733,0,0,.[HANDLE] I CAN PROGRAM IT TO DO MANY THINGS RABDAFGTSERdfwgradggrtybgbawfhghddsfdtgtgbwjdserdfggvssadfrwqVXXSDF [URL]
TW10_3734,0,0,[HANDLE] i'm a gamer. ;)
TW10_3735,0,0,[HANDLE] blackwindow chroma.
TW10_3736,0,0,"[HANDLE] not quite as sensitive feeling as my previous keyboard. I like the noise, but it'll be problematic when streaming."
TW10_3737,0,0,[HANDLE] razer blackwindow chroma
TW10_3738,0,0,[HANDLE] eek. i can't stand split keyboards. doesn't work well with MMOs.
TW10_3739,0,0,[HANDLE] i hate numpads.
TW10_3740,0,0,[HANDLE] Corsair K95. Not the RGB.
TW10_3741,0,0,Ugh. I need to get married again or something so I don't lose health insurance in a month. That's an awkward pickup line to use.
TW10_3742,0,0,[HANDLE] see facebook.
TW10_3743,0,0,"[HANDLE] well, damn. marking you off my 'potential partner' list."
TW10_3744,0,0,[HANDLE] not sure if i can still see a kaiser doctor with that.
TW10_3745,0,0,[HANDLE] COBRA is like [MONEY]/month anytime I've seen it anywhere. I am only concerned about a prescription that is [MONEY]/month w/o insurance.
TW10_3746,0,0,[HANDLE] lolllllll.
TW10_3747,0,0,"[HANDLE] unless you know if kaiser will take insurance that isn't kaiser, my options are exceptionally limited. :\\"
TW10_3748,0,0,[HANDLE] [HANDLE] uh oxford comma is the *best* comma.
TW10_3749,0,0,[HANDLE] my current insurance is kaiser. have a doctor there i have to continue to see. insurance ends in a month (layoffs).
TW10_3750,0,0,[HANDLE] that's absurd.
TW10_3751,0,0,"RT [HANDLE]: the intro for my hardware hacking zine, or, why i am even writing this zine: [URL]"
TW10_3752,0,0,[HANDLE] [HANDLE] oh my gosh. This is awesome.
TW10_3753,0,0,"Usually I hate the BS software that comes with gaming keyboards, but this one has an option to disable the lighting when monitor turns off."
TW10_3754,0,0,"Good job, [HANDLE]. You finally created keyboard software that does something useful. A++ would install again."
TW10_3755,0,0,"[HANDLE] it's cool, i'll call later. :)"
TW10_3756,0,0,"An old dude today told me that when he lived in Paris, he saw many people with colorful hair. TIL Paris's primary export is SJWs."
TW10_3757,0,0,"[HANDLE] [HANDLE] ladytinder is so nicer. lots more emoji, too. classy emoji."
TW10_3758,0,0,RT [HANDLE]: Who are the coolest women in Internet marketing or general tech that you would love to read more about?
TW10_3759,0,0,[HANDLE] [HANDLE] meanwhile I'm all [URL]
TW10_3760,0,0,RT [HANDLE]: Dear Mary Anne and Mallory: we can relate. #snow #moresnow #snowallthetime #nyc [URL]
TW10_3761,0,0,RT [HANDLE]: This is not just about serving you ads. [HANDLE] explains why this makes Lenovo users ridiculously vulnerable http…
TW10_3762,0,0,"I would just like to raise an eyebrow at all the people that were like ""whaaaat"" when I talked about how much I hated Lenovo laptops before."
TW10_3763,0,0,"RT [HANDLE]: What Lenovo/Superfish have done is Wrong. They have violated norms and practices and, to technologists, professional e…"
TW10_3764,0,0,I've had a macbook survive a 90+ mph motorcycle accident while strapped to my back.
TW10_3765,0,0,"Aside from security concerns, Lenovo is shit. One time a cage door at a datacentre fell on my head. Dropped Lenovo 2', had to be replaced."
TW10_3766,0,0,[HANDLE] I laid the bike down intentionally vs having a worse accident. I was bruised but fine.
TW10_3767,0,0,I can't explain this. [URL]
TW10_3768,0,0,[HANDLE] Why am I buying this right now?
TW10_3769,0,0,"I'm really enjoying how one of the product images is just a stick of gum. Also, there's cupcake flavored. Please let there be a cupcake pic."
TW10_3770,0,0,AHAHA THERE IS A PIECE OF CAKE THEY MADE OUT OF THIS DUCK TAPE
TW10_3771,0,0,I CAN'T EVEN [URL]
TW10_3772,0,0,I made the mistake of searching for pocky on Amazon. Now looking at wasabi and apple flavored Kit Kats. What. Time to move to Japan.
TW10_3773,0,0,"Seriously, Japan. We need to talk. [URL]"
TW10_3774,0,0,[HANDLE] amazon sells them...
TW10_3775,0,0,[HANDLE] [HANDLE] omg i need some plz
TW10_3776,0,0,[HANDLE] I am jealous.
TW10_3777,0,0,"RMAed my monoprice. Shoddy power bricks on those. Getting a refund and picking up another ASUS VG278HE. It's cheaper, anyways."
TW10_3778,0,0,Sometimes my mom says such stupid shit that I have to remind myself that I protected her from knowing about much of the horrible stuff.
TW10_3779,0,0,Doesn't make it any less hurtful. Doesn't make me love her any less. But she doesn't need to know about all of it. She couldn't handle it.
TW10_3780,0,0,It kinda sucks.
TW10_3781,0,0,"[HANDLE] I had a monoprice mechanical keyboard that was pretty nice, but lighting failed. nice monitor - until it failed, too."
TW10_3782,0,0,"Oh, look who is ban evading. Well, I guess I'll take care of that. And I've got 2 paychecks, thanks for the concern. ;) [HANDLE]"
TW10_3783,0,0,"RT [HANDLE]: [HANDLE] this retort was one hundred and nine days in the making. For 109 days, this was burning him up inside. [URL]"
TW10_3784,0,0,Roguestar is one of those ppl that I wouldn't be surprised to see on the news for shooting up a store. But no one would call him quiet/nice.
TW10_3785,0,0,Dude is kind of scary and overly focused. Isn't he the one that threatened to doxx us if we didn't pay him a certain amount every month?
TW10_3786,0,0,"Whelp. I reported his account for ban evading. If it doesn't go through, I'll see about manually escalating."
TW10_3787,0,0,Cannot stop watching this. I blame [HANDLE]. [URL]
TW10_3788,0,0,[HANDLE] [HANDLE] it's slightly under 5k active members.
TW10_3789,0,0,DC is terrible. Marvel forever. [URL]
TW10_3790,0,0,Even cracked understands DDoS better than GamerGate. [URL] (via [HANDLE])
TW10_3791,0,0,yessssssss [URL]
TW10_3792,0,0,yesssssssss [URL]  [HANDLE] YOU GET ME. [URL]
TW10_3793,0,0,"I have to admit, that particular line by [HANDLE] is eerily similar to my standard way of telling idiots to fuck off."
TW10_3794,0,0,"I think the real question is: why do you sign your tweets with KT? You realize that your name is right there, yeah? [HANDLE]"
TW10_3795,0,0,[HANDLE] both are still marvel. ;)
TW10_3796,0,0,".[HANDLE] if you think this is people jumping on you, then you have absolutely no call to criticize me about anything, ever."
TW10_3797,0,0,"[HANDLE] plz go set yourself on fire, egg. :)"
TW10_3798,0,0,This person thinks that ~6 people tweeting at them for being a sealioning ass is the worst thing in the world.
TW10_3799,0,0,[HANDLE] [HANDLE] I've been dreading the day that old people find twitter and start using it to send their angry letters.
TW10_3800,0,0,[HANDLE] [HANDLE] twitter is basically the angry letters of our generation.
TW10_3801,0,0,[HANDLE] hahahahaha
TW10_3802,0,0,"Protip: When you jump into the mob to harass someone, and they publicly call you out as an individual in that mob, it's not the same thing."
TW10_3803,0,0,[HANDLE] why can't I DM you?
TW10_3804,0,0,THIS IS THE FUNNIEST JOKE. [HANDLE] [HANDLE] [HANDLE]
TW10_3805,0,0,"If you're looking for a monitor arm, this one is pretty inexpensive and works well. [URL]"
TW10_3806,0,0,"If I change the tilt of my 27"" ASUS all that much, I have to tighten the bolt of the arm, but it's easy to get to. My 24"" isn't as heavy."
TW10_3807,0,0,[HANDLE] now it worked. weeeeird. i tried 3 times.
TW10_3808,0,0,"[HANDLE] yeah, I needed something that mounted directly to my desk. I get bored and move furniture sometimes. :)"
TW10_3809,0,0,[HANDLE] that's the same one i linked. :P
TW10_3810,0,0,"[HANDLE] haha, i've got three. :) not sure if the 6 arm version is as good. i've only tested the single arms"
TW10_3811,0,0,RT [HANDLE]: The #BSDCan committee is discussing papers fast &amp; furious. I'm guessing we'll be late. So much good stuff this year!
TW10_3812,0,0,RT [HANDLE]: #BSDCan has three proposals from women. All are good. Two of them kick hard-core kernel buttock.
TW10_3813,0,0,[HANDLE] huh. the monitor arm gave you problems?
TW10_3814,0,0,[HANDLE] holy crap. i've got 2 of them so far. just ordered a third. i've been pretty happy so far.
TW10_3815,0,0,"[HANDLE] how big/heavy? i've got a 24"" asus, 27"" asus, 2nd 27"" asus is on the way."
TW10_3816,0,0,It is great to hear that there's more women getting involved with #FreeBSD. :) The community is fantastic and has always been supportive.
TW10_3817,0,0,[HANDLE] not bad. sad that i just ordered my new ASUS yesterday. :P
TW10_3818,0,0,"[HANDLE] I was only able to afford it because I had to RMA another monitor. Sadly, tech toys are now out of my budget."
TW10_3819,0,0,"I have faith in the project, but more awareness needs to be spread about the difficulties and harassment that many female FOSS devs face."
TW10_3820,0,0,[HANDLE] huh?
TW10_3821,0,0,"[HANDLE] it's going to be an NPO, so I'll never get rich off of it. :P  The goal is just to make enough to live comfortably."
TW10_3822,0,0,[HANDLE] oh. hahaha. i suspect it's because i type really fast. new keyboard and all. :P
TW10_3823,0,0,[HANDLE] i've also got my phone docked next to my computer. It throws up a notification for DMs. I use the web interface on my PC to send.
TW10_3824,0,0,[HANDLE] Jira continues to be a good choice if you're using other atlassian products. Everything is shit. It's less shit.
TW10_3825,0,0,[HANDLE] i've mentioned before about how i bleed twitter json. i could probably construct an API call's return value by hand at this point
TW10_3826,0,0,"[HANDLE] I was able to do so without a problem. :P But I have pretty strong arms. 27"" monitor is a lot lighter than the dumbbells I use. :P"
TW10_3827,0,0,"[HANDLE] in their defense, some incarnations of jubilee weren't portrayed as asian."
TW10_3828,0,0,"[HANDLE] this even caused some controversy, iirc."
TW10_3829,0,0,"Kind of love that the command ""go potty"" makes leo poop on command."
TW10_3830,0,0,"RT [HANDLE]: When you're a woman and/or an underrepresented minority, you fear people will view you as being hired for something other …"
TW10_3831,0,0,"RT [HANDLE]: You get recruiters contacting you, actually telling you they want to improve their diversity and they want you to help."
TW10_3832,0,0,"RT [HANDLE]: And you don't respond, because you don't want to be the token hire. You don't want to be hired for your gender or race."
TW10_3833,0,0,RT [HANDLE]: It implies that I didn't deserve my job. That I'm just there for show. It attacks the person not the problem.
TW10_3834,0,0,"Yo, windows people. Is there any free app (other than puppet) that will allow me to define apps to install on new PCs?"
TW10_3835,0,0,Who is toby? [URL]
TW10_3836,0,0,"[HANDLE] hopefully I didn't spam you too badly with RTs. Oddly enough, a GGer pointed your tweets out to me. All very well said."
TW10_3837,0,0,"Haha. I just got to refer to someone in my social circles as being the ""token dude"" for a lady-centric bottomless mimosas meetup."
TW10_3838,0,0,That's a first.
TW10_3839,0,0,[HANDLE] not really. i don't like freebsd as a desktop.
TW10_3840,0,0,[HANDLE] but you might ask [HANDLE] - i'm pretty sure he does.
TW10_3841,0,0,That's one really big patch. [URL]
TW10_3842,0,0,Oh boy. [HANDLE] posted a followup #stopWadhwa2015 [URL]
TW10_3843,0,0,HEE HEE HEEEEEEE
TW10_3844,0,0,I am listening to this right now and it is glorious.
TW10_3845,0,0,LOLOL THE FIRST THING HE SAYS
TW10_3846,0,0,Oh my god.
TW10_3847,0,0,"""On twitter, you don't know who you are talking to."" - oh, this woman couldn't be a software dev. oh lordy."
TW10_3848,0,0,"""Thanks to you, now people are attacking me on twitter"" - uh, well, actually, we hated what you were doing before NPR aired this episode."
TW10_3849,0,0,"""these are women not on social media. these are women not like the ones you are interviewing."" - because women on social media aren't real."
TW10_3850,0,0,"""They don't relate to these women on social media. these activists, these feminists. they don't relate to them. they are more humble."""
TW10_3851,0,0,all of these quotes are from [HANDLE] on [HANDLE].
TW10_3852,0,0,"sorry i'm not humble, dick."
TW10_3853,0,0,[HANDLE] [HANDLE] listen to the latest episode. it's all explained.
TW10_3854,0,0,"""kelly, i'm really disappointed in you"" - can disappointed wadhwa be a meme?"
TW10_3855,0,0,"""i don't need this money, frankly"" - wait, what money? wadhwa said all the proceeds were going to women &amp; he didn't take money for speaking."
TW10_3856,0,0,"""i encourage your bosses to listen to what you just said"" - oh. let's appeal to the male authority, right?"
TW10_3857,0,0,"meredith - ""mr wadhwa, i would love to broadcast this entire interview the way it is.""  DEAD SILENCE FROM WADHWA."
TW10_3858,0,0,"""ally in social media is a slang word. my slang is not good."" oh, here come allegations of racism. countdown."
TW10_3859,0,0,[HANDLE] about halfway through.
TW10_3860,0,0,wadhwa is now blaming npr for bad health.
TW10_3861,0,0,"""[women] don't understand how journalism works. that i have given women a platform."""
TW10_3862,0,0,"""i understand that some women are angry at me, but they [...] don't understand how journalism works."" uh, hi. i'm in newsweek, too."
TW10_3863,0,0,"and i used to be a tech evangelist. i have some idea of how the press works, but thanks for the clear examples of mansplaining."
TW10_3864,0,0,".[HANDLE] keeps claiming he's not profiting. look, dude. we both know how the speaker circuit works. it's about rep. you profit indirectly."
TW10_3865,0,0,.[HANDLE] is so convinced that we're all just misinformed. The same guy that didn't even read a twitter bio of a female dev criticizing him.
TW10_3866,0,0,"btw, [HANDLE]. Pretty sure I'm dealing with more press than you lately. So, if you want any tips on how journalism works, I'm happy to help."
TW10_3867,0,0,Dealing with journalists 101: Don't use slang if you don't fully understand the implications. // [HANDLE]
TW10_3868,0,0,"Dealing with journalists 102: Interviews are back and forth, not a monologue. Even if the interviewer is a woman. // [HANDLE]"
TW10_3869,0,0,Dealing with journalists 103: Don't threaten to appeal to a higher authority if the woman isn't properly deferential to you. // [HANDLE]
TW10_3870,0,0,"Dealing with journalists 104: assume everything is recorded, &amp; you might be quoted in full to prevent further bogus allegations. // [HANDLE]"
TW10_3871,0,0,"RT [HANDLE]: [HANDLE] [HANDLE] ""But have you verified that she's a software engineer?"" he asks at 12:20, like that's so unlikely. :|"
TW10_3872,0,0,[HANDLE] [URL] :)
TW10_3873,0,0,"So now he's claiming that the podcast was edited. Uh, dude. Probs for time. You can't fix this trainwreck. [URL]"
TW10_3874,0,0,[HANDLE] so um. how did you keep from laughing or hanging up? i'm in awe.
TW10_3875,0,0,"What I took from all of this is that [HANDLE] doesn't bother researching anyone - just assumes if they disagree w/him, they are misinformed."
TW10_3876,0,0,RT [HANDLE]: .[HANDLE] This issue isn't about me any more. It is about ethics in journalism. How a public radio station slanders and then…
TW10_3877,0,0,"ethics in journalism. ETHICS. IN. JOURRRRRRRNALISM. No wonder he's friends with that walking burrito fart, milo."
TW10_3878,0,0,[HANDLE] i was pretty proud of that.
TW10_3879,0,0,"If you are feeling perturbed about women that aren't humble, kindly go set yourself on fire."
TW10_3880,0,0,"I just can't get over how wadhwa wouldn't believe that woman was a dev because on Twitter, you can ""be anybody"""
TW10_3881,0,0,A lot of women in tech have had to commit themselves so utterly to their work in order to be taken seriously. He's denying their identity.
TW10_3882,0,0,"For many of us, our job is part of who we are because we've had to fight so hard to get where we are."
TW10_3883,0,0,"But wadhwa just writes off women on social media as being ""uninformed"" or NOT EVEN REAL because we don't agree with him."
TW10_3884,0,0,"Yesterday, wadhwa showed us all how *deeply* sexist he is. It's there for anyone to hear, in his own words. Hopefully the word spreads."
TW10_3885,0,0,[HANDLE] [HANDLE] gross.
TW10_3886,0,0,[HANDLE] my tweets last night
TW10_3887,0,0,Can we just take a moment and reflect on everything that is wrong with this paragraph by wadhwa? [URL]
TW10_3888,0,0,"""People say I'm a public figure, but ewwww Twitter hasn't verified me yet so all these nasty plebs think they are on equal ground to me."""
TW10_3889,0,0,"It's like faking being humble, but then, in the next breath, being upset that people can disagree with you. Must just be personal agendas."
TW10_3890,0,0,"Oh. there goes [HANDLE] using his position to shame [HANDLE] publicly again over her sex life. SET YOURSELF ON FIRE YOU SEXIST SCUMBAG, thx."
TW10_3891,0,0,"Can't believe he did that AGAIN. Jesus. Hey dudes? Don't do that. Not ever. Ask yourself, would I do this to a guy? No? Then fucking STOP."
TW10_3892,0,0,Being shamed for past relationships is one of the many bullshit things dudes do to silence women. Especially women in tech.
TW10_3893,0,0,"Because if we like computers, we sure as hell better not have ever dated or fucked anyone, ever."
TW10_3894,0,0,Hey guys. Remember when weev released illegally obtained info about my sex life on the full disclosure mailing list bcz I was too uppity?
TW10_3895,0,0,"It was 10 years ago, but it's just a more obvious version of the shit wadhwa is doing now."
TW10_3896,0,0,[HANDLE] only the existence of a sexual history
TW10_3897,0,0,[HANDLE] I just did.
TW10_3898,0,0,"[HANDLE] wasn't revenge porn. Just emails between my boyfriend and me, along with medical information."
TW10_3899,0,0,[HANDLE] [URL]
TW10_3900,0,0,[HANDLE] [HANDLE] LOLLLLLLL
TW10_3901,0,0,[HANDLE] set yourself on fire is my personal shorthand for please go fuck yourself. because i was told the 2nd was a rape threat.
TW10_3902,0,0,[HANDLE] kathy sierra. and that's not what wadhwa is complaining about.
TW10_3903,0,0,Harlan City Police Department Issues A.P.B. For Queen Elsa [URL]
TW10_3904,0,0,[HANDLE] that was pretty much my thought.
TW10_3905,0,0,[HANDLE] yup. :)
TW10_3906,0,0,RT [HANDLE]: Vivek [HANDLE] offers a fresh perspective on diversity in the next [HANDLE] Dean's Lecture: [URL]
TW10_3907,0,0,[HANDLE] [HANDLE] [HANDLE] No thank you.
TW10_3908,0,0,Who wants to take bets on if he starts talking about how disappointed he is in uppity women? [HANDLE] [HANDLE] [HANDLE]
TW10_3909,0,0,WOW.  [HANDLE]
TW10_3910,0,0,"Well, then. [URL]"
TW10_3911,0,0,Maybe I'm reading this document wrong. [URL] [URL]
TW10_3912,0,0,there's also claims that he's made about having a fever... which turned into a heart attack in later tellings of the story? o_O
TW10_3913,0,0,this is the same company that SU bragged about when wadhwa joined them. this lawsuit happened *years* before SU.
TW10_3914,0,0,Let's not forget that wadhwa is the same person that believes pseudoscience needs a platform. wadhwa &lt;3s homeopathy. [URL]
TW10_3915,0,0,There's some good info in the Talk section on Wadhwa's wikipedia page. ^.^ Too bad it didn't make it to the main article.
TW10_3916,0,0,Curious. Are you just upset because women are being allowed into your nerd club? Clearly sexism is solved because you're pissed. [HANDLE]
TW10_3917,0,0,"And before you protest that you're *not* mad, there's not much other reason you'd be out tweeting at women about feminism. [HANDLE]"
TW10_3918,0,0,Throwback to when vivek offered to show me around SU to shut me up. [URL]
TW10_3919,0,0,RT [HANDLE]: I can't believe my Wikipedia page is under attack again. Don't they have policies against all this?
TW10_3920,0,0,lol. i know that editor.
TW10_3921,0,0,[HANDLE] A GAMER AND A WOMAN. OH LORDY.
TW10_3922,0,0,"[HANDLE] [HANDLE] YUP. incidentally, I know the editor. She's a woman, a gamer, and in tech. It's all factual info."
TW10_3923,0,0,Almost everyone I know that takes cabs uses Uber. They just feel really bad about it.
TW10_3924,0,0,"[HANDLE] my review got downvotes because GamerGate dogpiled. But [HANDLE] knows this. Heck, he's friends with Nero."
TW10_3925,0,0,RT [HANDLE]: Presented without comment. cc [HANDLE] [URL]
TW10_3926,0,0,"Uh, no, hosted wordpress. I do not want you to manage my DNS."
TW10_3927,0,0,MRN. [URL]
TW10_3928,0,0,#ff [HANDLE] [HANDLE] [HANDLE] [HANDLE] [HANDLE] [HANDLE] [HANDLE] (i mentioned her twice because she's rad.)
TW10_3929,0,0,"[HANDLE] oooo, i'll have to look for that."
TW10_3930,0,0,RT [HANDLE]: Get awards for being so reasonable.
TW10_3931,0,0,[HANDLE] [HANDLE] no. singularity university.
TW10_3932,0,0,Cleaning up old screenshots folder. Found [URL] - I miss these people. THOSE STACKS. SO MANY STACKS.
TW10_3933,0,0,That time when someone started a petition on [URL] to remove healers from 2v2 arenas. [URL]
TW10_3934,0,0,[HANDLE] YES AND YOU ARE ADORABLE. ^.^
TW10_3935,0,0,[HANDLE] I don't use addons anymore. :)
TW10_3936,0,0,[HANDLE] they have some crazy flavors. wasabi? red bean?
TW10_3937,0,0,[HANDLE] i have no idea what red bean tastes like. i'm assuming it tastes like beans? i'm not really down with beans.
TW10_3938,0,0,[HANDLE] huh. i might have to try this at some point.
TW10_3939,0,0,"[HANDLE] OH. MAYBE YOU WOULD KNOW. Hey, have you heard of anyone doing magnetic implants in fingertips in bay area?"
TW10_3940,0,0,"[HANDLE] [HANDLE] [HANDLE] [HANDLE] has this, and i am now obsessed."
TW10_3941,0,0,"[HANDLE] [HANDLE] apparently it makes it easier to find BART. so, that's something."
TW10_3942,0,0,[HANDLE] i don't use addons anymore. :P
TW10_3943,0,0,[HANDLE] [HANDLE] i... i cut my own bangs the other day. that's as adventurous as i'm willing to get when it comes to doing stuff myself.
TW10_3944,0,0,[HANDLE] remember when... [URL]
TW10_3945,0,0,RT [HANDLE]: I suspect the BSDCan list of selected talks will *not* be available today.  The program committee is discussing some importa…
TW10_3946,0,0,RT [HANDLE]: I want #BSDCan to add talks. That takes sponsors. That blackmail tape of the CEO? Time to use it.  [URL]
TW10_3947,0,0,#BSDCan has always been my favorite conference. Can't speak highly enough of the community. Please sponsor. ^.^ [URL]
TW10_3948,0,0,I'm not biased or anything. Ignore my Twitter screen name and open source affiliations :P #BSDCan
TW10_3949,0,0,"RT [HANDLE]: #BSDCan has lots of great proposals this year. Downside is, we're rejecting more than ever."
TW10_3950,0,0,"I've submitted a similar talk for #OSCon, and I'll be writing it regardless. If anyone on the west coast has a venue for it, happy to talk."
TW10_3951,0,0,I'll give it at other venues as well but have a nominal speaker fee to cover my time/travel/lodging.
TW10_3952,0,0,"[HANDLE] [HANDLE] not sure if it would be a good fit. It's about harassment, creating FOSS tools, and diversity in open source communities."
TW10_3953,0,0,[HANDLE] [HANDLE] maybe. But travel/lodging would have to be covered.
TW10_3954,0,0,[HANDLE] [HANDLE] would have to see what kind of stuff you'd want me to present on. Most expertise now is anti-harassment tools &amp; devops.
TW10_3955,0,0,Announcement - Site Maintenance: [URL]
TW10_3956,0,0,Ignore those tweets. Site maintenance stuff. It was autonotifying. Turned that garbage right off.
TW10_3957,0,0,[HANDLE] I don't use FreeBSD as a desktop.
TW10_3958,0,0,I *think* I successfully migrated [URL] - can y'all go play around and see if you can find anything that's broken?
TW10_3959,0,0,"[HANDLE] it should be removed if you refresh, i think. :)"
TW10_3960,0,0,[HANDLE] i didn't even know random was an option!
TW10_3961,0,0,"I've got redirects set up, so existing articles/posts that linked to the old URLs should work just fine."
TW10_3962,0,0,"[HANDLE] eh, it doesn't bother me."
TW10_3963,0,0,"RT [HANDLE]: I'm in the security area of #SYD where they have told me my eyeglass screwdriver is to be confiscated, tho no one will say wh…"
TW10_3964,0,0,RT [HANDLE]: They have told me that writing this down is 'intimidation'
TW10_3965,0,0,RT [HANDLE]: They have summoned the 'SOC'
TW10_3966,0,0,"RT [HANDLE]: I've been told that my screwdriver bits are allowed and the handle is allowed, but not together"
TW10_3967,0,0,RT [HANDLE]: I've been told that the rules are 'my responsibility' and no one can show them
TW10_3968,0,0,"RT [HANDLE]: ""I'm refusing to deal with this passenger"" #thingsIwasToldAboutMyScrewdriver #SYD"
TW10_3969,0,0,[HANDLE] [HANDLE] [HANDLE] [HANDLE] nope. didn't have you blocked. but thanks for letting me know that i should. :)
TW10_3970,0,0,"No clue who [HANDLE] is, but she just set her followers on me. yayyy mention spam."
TW10_3971,0,0,"Too busy playing video games to deal with it. Blocked a bunch, I'll handle it later. &lt;3"
TW10_3972,0,0,[HANDLE] nope. I had to manually block her.
TW10_3973,0,0,[HANDLE] [HANDLE] and then i got a crapton of mentions. i don't think you understand how the in_reply_to_user_id json key works.
TW10_3974,0,0,"[HANDLE] [HANDLE] had the mention been 1st, it wouldn't have been public, but a priv conv. but when you don't, it's public."
TW10_3975,0,0,"[HANDLE] [HANDLE] people reply, and mentions get inundated. yay."
TW10_3976,0,0,[HANDLE] [HANDLE] the end result is the same.
TW10_3977,0,0,"[HANDLE] [HANDLE] when you have that many followers, you know precisely what happens."
TW10_3978,0,0,lol. why do people think that mentioning a username when you've got them blocked is a ToS violation?
TW10_3979,0,0,"i keep seeing people saying this and it's not a thing. feel free to point out the clause in the ToS if i'm wrong, though."
TW10_3980,0,0,Gearing up my DK. Just hit 100 with her this evening. ^.^
TW10_3981,0,0,"If a monk has touch of karma up on someone else and I keep attacking, why don't I get the killing blow credit when my teammate dies? ;D"
TW10_3982,0,0,[HANDLE] [HANDLE] clearly doesn't understand the difference between censorship and people just not wanting to talk to her.
TW10_3983,0,0,lol. is she still screeching about me blocking her? what a turd.
TW10_3984,0,0,YOU CAN ASPHYXIATE A DISENGAGE WHAAAAAT
TW10_3985,0,0,[HANDLE] world of warcraft related things.
TW10_3986,0,0,"[HANDLE] yeah, someone DMed me a screenshot. meh. let her. i have no idea who she even is."
TW10_3987,0,0,Blocking people is the twitter version of not making eye contact w/the people handing out conspiracy theorist flyers at Civic Center BART.
TW10_3988,0,0,siiiiigh. [URL]
TW10_3989,0,0,SIIIIGH [URL]
TW10_3990,0,0,Now I know where to find the people that stand in fire.
TW10_3991,0,0,[HANDLE] facebook.
TW10_3992,0,0,"[HANDLE] frost for now. still learning how to play. for bgs, seems to work well."
TW10_3993,0,0,"[HANDLE] what are your thoughts on attaching a comic as a image to tweet, with attribution to source url/author?"
TW10_3994,0,0,"oh, look. threats. no, i really don't care. [HANDLE] [HANDLE]"
TW10_3995,0,0,"lol, that chick from last night is still raging about me blocking her, i guess."
TW10_3996,0,0,she must not realize that blocking people is sorrrrrta what i'm famous for.
TW10_3997,0,0,"[HANDLE] [HANDLE] [HANDLE] [HANDLE] she's not on the autoblocker, and i don't run blockbot. blocking manually for now. :)"
TW10_3998,0,0,"[HANDLE] i don't mind bickering, but with some, it feels like kicking puppies. i'm anti-puppy kicking."
TW10_3999,0,0,I used to have pet bunnies. :)  I named them POSIX and ANSI.
TW10_4000,0,0,"[HANDLE] oh, i'm mostly entertained. if it gets to be excessive, i'll just code a way around it."
TW10_4001,0,0,"[HANDLE] yeah, but if you live your life by what makes other people happy (or unhappy), then they've won anyways."
TW10_4002,0,0,[HANDLE] [HANDLE] not really. i blocked her. someone that likes to sick nutballs on people?
TW10_4003,0,0,"Sipping coffee, pulling down follower list, running analytics against each of them to create a troll score."
TW10_4004,0,0,"With 500 user tokens, it shouldn't take long. Oh, darlings. I'm scared of no army. I've got an app for that."
TW10_4005,0,0,[HANDLE] a number of variables. :)  i've only run it against a small subset of accounts. it's fairly intensive. still in beta.
TW10_4006,0,0,"[HANDLE] follower vs following ratio, acct date, profile image, entities used (hashtags, urls), users mentioned, OC vs RT %"
TW10_4007,0,0,"[HANDLE] users you're following along with their troll score plays a factor. users you RT, % of tweets that are sea lioning"
TW10_4008,0,0,[HANDLE] see this thread. :P [URL]
TW10_4009,0,0,"No, I'm not telling anyone what their score is. Then it'll just turn into a contest for GamerGate to try to 'win'."
TW10_4010,0,0,See [URL] thread for more info on how this is quantified.
TW10_4011,0,0,[HANDLE] part of the reason i'm not actively using it that much is because the weights of each factor are still being decided.
TW10_4012,0,0,"[HANDLE] i've got the code to interpret &amp; analyze, but the weights themselves are going to take a lot of fiddling."
TW10_4013,0,0,"[HANDLE] this is basically going to be like antispam, but for tweets. :P"
TW10_4014,0,0,"[HANDLE] eggs and other things, which will unfortunately be the only part likely not open sourced."
TW10_4015,0,0,[HANDLE] ruby. :P  perl doesn't have a good module for streaming API. forced me to get better at ruby! [HANDLE] does good stuff.
TW10_4016,0,0,"[HANDLE] ""we're totes not dog piling, but just so you know, you should be scared of us BUNNIES"" - yeahhhh."
TW10_4017,0,0,[HANDLE] [HANDLE] that's why there are *many* factors. :P  matching 1 or 2 variables is expected.
TW10_4018,0,0,"[HANDLE] I love perl, but I think I'm starting to shift towards ruby. gem is nice. docs are horrid. need to read more about classes."
TW10_4019,0,0,"[HANDLE] ruby seems like it would have a lot of stuff that you don't *have* to learn. so i can write code in it, but far to go."
TW10_4020,0,0,omg omg omg I think they just asked if obama made ggautoblocker.
TW10_4021,0,0,i don't know because i had everyone else on that thread blocked. but i'm am loling so hard right now.
TW10_4022,0,0,[HANDLE] HOW IS THIS A THING
TW10_4023,0,0,[HANDLE] i need to know the story behind that image
TW10_4024,0,0,the whole me-being-republican thing must really bug these right wing nutjobs that dislike me so much.
TW10_4025,0,0,[HANDLE] [HANDLE] [HANDLE] is he creating a new account or changing his username?
TW10_4026,0,0,[HANDLE] yup. although i haven't really been able to vote that way in a while. it's getting more difficult to find sane repubs.
TW10_4027,0,0,"[HANDLE] people seem to have a really warped view of what republican even means, lately. party lines have majorly shifted. :\\"
TW10_4028,0,0,[HANDLE] hoping it's momentary and not a trend. i've not been able to vote repub in a while.
TW10_4029,0,0,"[HANDLE] pro death penalty, anti some provisions of obamacare, fewer govt regulations, free market better. BUT..."
TW10_4030,0,0,"[HANDLE] my views are largely tempered by my former tax bracket. and although i like the idea of flat tax, doesn't work well at pov lvl."
TW10_4031,0,0,[HANDLE] haven't run it against you.
TW10_4032,0,0,[HANDLE] [HANDLE] it's good to see there are still some pro-choice/pro-gay marriage repubs. just hard to find.
TW10_4033,0,0,[HANDLE] [HANDLE] most seem to think god is literally talking to them. i'm... not fond of those.
TW10_4034,0,0,"[HANDLE] lol. time to look at a new social group and write a blocklist, i guess."
TW10_4035,0,0,[HANDLE] it's only open because i was asked. :)  but no hard feelings. good luck.
TW10_4036,0,0,*snort*
TW10_4037,0,0,[HANDLE] just checking. :)
TW10_4038,0,0,"If my day doesn't get completely run off the tracks, I've got a bunch of writing to do and blog posts to schedule. Some quick wins."
TW10_4039,0,0,[HANDLE] i have no idea what my rotation is. honestly i'm just hitting buttons and topping damage meters in bgs with a fresh 100.
TW10_4040,0,0,"hey guys, the MRAs found me. oh noes. whatever will I do as a damsel in distress? oh gosh. plz stop. such a hapless victim."
TW10_4041,0,0,plz stop posting pics of me that i posted a few weeks ago. i care so much about what people think of my appearance. it's what i live for.
TW10_4042,0,0,"Oh, darling MRAs. You making jabs at my appearance won't keep me from working to provide tools so others can shut you down. &lt;3"
TW10_4043,0,0,But I guess you're not really sure how to react when a woman has resources to help others fight back. Such a quandary. So perplexing. :\\
TW10_4044,0,0,"When the most you've got to throw at me is tweeting insults, you don't really have any weapon at all."
TW10_4045,0,0,"[HANDLE] oh, yeah. i spam the hell out of those buttons."
TW10_4046,0,0,"[HANDLE] lol, some of these are supposedly women. jealousy isn't a good look for them."
TW10_4047,0,0,"Yep. We all remember what happened last time I was fake-report bombed, right? 15 minutes to fix it. [HANDLE]"
TW10_4048,0,0,[HANDLE] i had a rescue puppy named rj45. :)
TW10_4049,0,0,"Isn't it supposed to be ""keep emailing"" :P  (via [URL] [URL]"
TW10_4050,0,0,"A lot of you are new followers since November, so I think this bears a reshare. My story: [URL] [URL]"
TW10_4051,0,0,[HANDLE] &lt;3
TW10_4052,0,0,"[HANDLE] [HANDLE] i haven't done much work with this kind of thing, so it's all a learning experience :P"
TW10_4053,0,0,"I've posted a contact form at [URL] for support regarding [HANDLE], speaking requests, feedback, etc."
TW10_4054,0,0,[HANDLE] [HANDLE] [URL]
TW10_4055,0,0,I'm looking for a few people to help with [HANDLE]'s twitter. Log &amp; categorize mentions as support requests/abusive/positive tweets.
TW10_4056,0,0,Possibly respond to some support requests with canned answers.
TW10_4057,0,0,[HANDLE] woops!
TW10_4058,0,0,"Have 2 team members, sticking with this for now. Thanks, everyone. ^.^"
TW10_4059,0,0,"RT [HANDLE]: We've got a facebook page! If you need support or want to stay tuned for the latest announcements, join us at [URL]"
TW10_4060,0,0,Someone posted this on facebook in response to that woman tweeting at me earlier today. ^.^ [URL]
TW10_4061,0,0,[HANDLE] i need to update that. ^.^
TW10_4062,0,0,"[HANDLE] [HANDLE] it's true, there's a risk. but the same risk is involved in just following the twitter account."
TW10_4063,0,0,"[HANDLE] [HANDLE] even with twitter allowing pseudonyms, it doesn't really prevent the trolls from tracking them down."
TW10_4064,0,0,"RT [HANDLE]: This guy thinks I'm Randi Harper, have we met?"
TW10_4065,0,0,Need skype verification for keybase.io.
TW10_4066,0,0,"Looking at comments marked as abuse on my site.

That must be the problem! I have a hostile womb. [URL]"
TW10_4067,0,0,[HANDLE] wat
TW10_4068,0,0,"That guy kept going for a while, too. I think he proposed. Are we married now? Does this mean I have health insurance?"
TW10_4069,0,0,[HANDLE] weird.
TW10_4070,0,0,[HANDLE] ONE OF US. ONE OF US.
TW10_4071,0,0,"[HANDLE] poor [HANDLE]. it's not that he wouldn't date SJWs, it's that my bot is the only SJW that will have a conversation with him."
TW10_4072,0,0,"OK, look. Someone is messaging me on something. I hear the ding. I don't know which account, which service, which computer. Uh. DM me."
TW10_4073,0,0,"[HANDLE] [HANDLE] [HANDLE] if you reallllly want that, search for ggautoblocker. i ran some ads last night."
TW10_4074,0,0,[HANDLE] [HANDLE] [HANDLE] it is really funny all the assumptions they make about how it works - and how much they are wrong.
TW10_4075,0,0,"Yesterday, a dude that SWATed someone admitted that GamerGate - more specifically, someone on the GamerGate sourcelist - paid them to do so."
TW10_4076,0,0,"Now that person has been doxxed on 8chan. And despite this being the person who posted my &amp; others' home address, suddenly he sees a problem"
TW10_4077,0,0,"I'm not going to say I told you so. However, I will say that you'll probably see this, and you know my email address if you need help."
TW10_4078,0,0,It was incredibly fucking difficult to type that.
TW10_4079,0,0,"I doubt he'll bother emailing, but despite his past actions, no one should have to deal with shit like this."
TW10_4080,0,0,[HANDLE] I really just want to curl up and nap. But it seems quite a few people are dealing with doxxing fallout today on both sides.
TW10_4081,0,0,"It's been a really long Saturday. I still haven't slept. This is why it's still Saturday. I'm tired &amp; I just want to curl up, but waiting."
TW10_4082,0,0,I know of at least 3 people that are dealing with police today after being doxxed on 8chan. Trying to be available if I'm needed.
TW10_4083,0,0,[HANDLE] the guy who paid.
TW10_4084,0,0,Please stop with all of the karma/negative comments. There's a bigger issue here than the person that was targeted.
TW10_4085,0,0,"In many states, we've got laws that specifically protect against this kind of thing. However, they aren't enforced due to education/funding."
TW10_4086,0,0,"Feelings about the person involved need to be separated from the real issue, which is advocacy, education, law, and tools."
TW10_4087,0,0,"The current system is inadequate. Some of us are experienced at navigating these pitfalls, and we can help you."
TW10_4088,0,0,[HANDLE] CA has some interesting ways of getting around jurisdiction issues. Still researching other states.
TW10_4089,0,0,[HANDLE] i think it's because i'm too tired to have feelings.
TW10_4090,0,0,[HANDLE] that's... actually kind of interesting. i'll give them a call later next week. i need to talk to them anyways.
TW10_4091,0,0,"[HANDLE] if your friend needs help knowing how to talk to police, prevention, etc, they should talk to [HANDLE] or myself. :)"
TW10_4092,0,0,"[HANDLE] only when it counts. i'm pretty snarky when it's not serious times, you know?"
TW10_4093,0,0,[HANDLE] everyone is awkward. :P  most people think they are most awkward than they really are. you're fine.
TW10_4094,0,0,"[HANDLE] aw, thanks. ;)"
TW10_4095,0,0,"If you're in trouble, I recommend using [HANDLE]. I can also help provide assistance."
TW10_4096,0,0,"As a reminder, assistance requests are private. You can be anon, but I need to know situation, pref w/location. PGP: [URL]"
TW10_4097,0,0,"[HANDLE] [HANDLE] Email, if you don't mind. &gt;.&gt;  [HANDLE] is [URL] i'm [EMAIL]."
TW10_4098,0,0,[HANDLE] [HANDLE] [HANDLE] twitter isn't really optimal for long conversations.
TW10_4099,0,0,[HANDLE] sometimes. :P  i try.
TW10_4100,0,0,[HANDLE] [HANDLE] [HANDLE] shot her an email.
TW10_4101,0,0,"Aw. I was talking to a gater on reddit for the past few weeks. He seemed nice enough, but he just deleted his account. :\\  come back dude."
TW10_4102,0,0,[HANDLE] not sure. sounds like he left for good.
TW10_4103,0,0,[HANDLE] he kept me informed on stuff id missed and seemed ok. I liked him.
TW10_4104,0,0,[HANDLE] [HANDLE] that's not funny.
TW10_4105,0,0,This song. A million times. Loop it foreeever. [URL]
TW10_4106,0,0,[HANDLE] HI WANT TO GET DRINKS
TW10_4107,0,0,[HANDLE] it was private messages.
TW10_4108,0,0,[HANDLE] not necessarily.
TW10_4109,0,0,[HANDLE] WE CAN TWEET EACH OTHER IN ALL CAPS WHILE WE ARE AT THE PUB IF THAT'S YOUR THING
TW10_4110,0,0,"[HANDLE] I think that this person didn't like some of the behavior, too. Perhaps why they deleted their account."
TW10_4111,0,0,"[HANDLE] in the right circumstances, I'm a lot more tolerant and understanding than many would believe."
TW10_4112,0,0,[HANDLE] wary isn't the same thing as condemnation. :)
TW10_4113,0,0,[HANDLE] i'm tired and confused - have been up too long. that isn't my IP.
TW10_4114,0,0,ughhh ghazi why. [URL]
TW10_4115,0,0,"[HANDLE] I said it in [NUMBER], too. Likely [NUMBER], [NUMBER], [NUMBER]. Might want to attribute all the years."
TW10_4116,0,0,[HANDLE] ah hah!
TW10_4117,0,0,[HANDLE] i'm bothered by the attitude from every poster in that thread in general. but i might just be grumpy.
TW10_4118,0,0,RT [HANDLE]: Congrats John Travolta... You single handidly creeped out the #Oscars2015 [URL]
TW10_4119,0,0,I'd love to see how twitter determines gender &amp; interests when doing targeted ads. guessing it's not something like bluekai.
TW10_4120,0,0,Nachoshield is getting a bit quieter again.
TW10_4121,0,0,I got one of those cheap USB microscopes and now I'm having way too much fun. [URL]
TW10_4122,0,0,"[HANDLE] [URL] is the one I got. If you get it, don't install their drivers. Just use default webcam drivers."
TW10_4123,0,0,[HANDLE] [HANDLE] try [MONEY]. :P
TW10_4124,0,0,"[HANDLE] [HANDLE] mine is definitely usable. :) i quite like it. stand is kind of meh, but the device itself works fine."
TW10_4125,0,0,[HANDLE] my hair!
TW10_4126,0,0,oh god oh god oh god never point a microscope at skin
TW10_4127,0,0,[HANDLE] SO GROSS. feeling the urge to shower in boiling water.
TW10_4128,0,0,[HANDLE] yup!
TW10_4129,0,0,[HANDLE] or in properly angled photographs at low resolution with the brightness jacked up. need this photoshop filter for irl.
TW10_4130,0,0,"i just showered in the hottest possible water while and exfoliated like crazy for the past 30 minutes. not even joking. fu, science."
TW10_4131,0,0,"Several people have pointed out [URL] WHERE WERE YOU WHEN I NEEDED YOU FOR LIFE ADVICE, XKCD? [URL]"
TW10_4132,0,0,[HANDLE] [HANDLE] [HANDLE] i have no idea wtf is going on or why i am mentioned in this tweet.
TW10_4133,0,0,"Sorry, I don't believe in GamerGate's version of justice. Mass reporting isn't ""dealing with"" anything. [HANDLE]"
TW10_4134,0,0,"Frankly, I have more legal and tech resources than a hashtag. Plese go spew your hate group propaganda elsewhere. [HANDLE]"
TW10_4135,0,0,[HANDLE] weird. guessing that she'll be back. i don't really understand why people delete their accts vs just closing twitter app.
TW10_4136,0,0,[HANDLE] [URL]
TW10_4137,0,0,"[HANDLE] not quite yet as far as tooling goes, although i've been thinking about facebook. i've been working with many companies, though."
TW10_4138,0,0,[HANDLE] [HANDLE] I have no idea what this tweet is in reply to.
TW10_4139,0,0,[HANDLE] I'm not linking doxx.
TW10_4140,0,0,[HANDLE] mostly joan jett lyrics.
TW10_4141,0,0,[HANDLE] that's likely the same person i'm talking about.
TW10_4142,0,0,"[HANDLE] [HANDLE] [HANDLE] ah, okay."
TW10_4143,0,0,[HANDLE] weird.
TW10_4144,0,0,[HANDLE] [HANDLE] gamergate isn't really sjws? it's for people that don't want to get notifications from gamergaters.
TW10_4145,0,0,"[HANDLE] what he did was wrong and should be prosecuted. however, he's now been doxxed and targeted as well. it's a clusterfuck."
TW10_4146,0,0,"[HANDLE] oh, i see. you're another useless GG supporter. lol. go away."
TW10_4147,0,0,[HANDLE] [HANDLE] TIL I'm the district attorney.
TW10_4148,0,0,[HANDLE] [HANDLE] *We* can't take any action other than offering advice and assistance. Person targeted has to report it to police.
TW10_4149,0,0,The sweetest love story. A FreeBSDGirl and her coffee maker. [URL]
TW10_4150,0,0,[HANDLE] it's not pink.
TW10_4151,0,0,[HANDLE] [HANDLE] please untag me from all of this. it's spamming my notifications.
TW10_4152,0,0,"[HANDLE] that's, ah, all of my kitchen, really. i have a thing for english tea roses patterns, too."
TW10_4153,0,0,I'm going to cut in here - despite blocking you - to explain something that seems to confuse many people. [HANDLE]
TW10_4154,0,0,"This is a criminal case, not a civil case. This means that it's up to the police to decide if it's worth prosecuting. [HANDLE]"
TW10_4155,0,0,"While you can hire a lawyer to help you speak to the police, that's kind of where their - and YOUR - involvement ends. [HANDLE]"
TW10_4156,0,0,"If someone has had a crime committed personally against them online, the police aren't likely to listen to anyone BUT them. [HANDLE]"
TW10_4157,0,0,This is not legal advice. but common sense. What I can do is help people know what to say to police or help find a lawyer. [HANDLE]
TW10_4158,0,0,"So please take your accusations of ""WHY AREN'T YOU PROSECUTING, EVIL ANTIGG SCUM"" and go educate yourself. [HANDLE]"
TW10_4159,0,0,"It doesn't surprise me that GG has turned my offer of help for one of their own into a reason to screech at me, but it's still irritating."
TW10_4160,0,0,[HANDLE] everyone should be jealous of my coffee maker. our love is pure.
TW10_4161,0,0,[HANDLE] [HANDLE] noted. I'll put it on the list of accounts to kick further up the chain.
TW10_4162,0,0,"[HANDLE] yo, you planning on going to blizzcon this year?"
TW10_4163,0,0,"[HANDLE] &lt;3  i can't imagine how hard it is. let me know if there's anything you want me to promote, any help that i can give."
TW10_4164,0,0,[HANDLE] yay. i went last year and had to make new friends. i hate making new friends. i didn't know anyone else going.
TW10_4165,0,0,"[HANDLE] [HANDLE] uh, it's also pink, which makes the coffee taste better."
TW10_4166,0,0,[HANDLE] no one from requiem ever goes. they are too antisocial.
TW10_4167,0,0,[HANDLE] [HANDLE] i'm sorry. :(
TW10_4168,0,0,"[HANDLE] sweet. no one has used this yet, and there appears to be somewhat of a delay. watching to see when it goes through."
TW10_4169,0,0,"[HANDLE] if it's something that needs immediate attention, [EMAIL] works as well."
TW10_4170,0,0,hashtag nachoshield hashtag goobergrape [URL]
TW10_4171,0,0,[HANDLE] thank you. ^.^
TW10_4172,0,0,[HANDLE] [HANDLE] you're searching her name and contacting people that talk to her? that's a bit creepy/stalkerish.
TW10_4173,0,0,"[HANDLE] [HANDLE] As to if I'm working with her, that's none of your business. This isn't an adequate use of your time. Shoo."
TW10_4174,0,0,"I don't comment on who I might be helping, and I'm not here to pass judgement on anyone's activities."
TW10_4175,0,0,"Telling me ""DON'T HELP THIS PERSON, THEY ARE NOT REALLY VICTIMS"" probs isn't going to get you the reaction for which you are looking."
TW10_4176,0,0,"[HANDLE] [HANDLE] someone else - which means people are actively searching her name, which is still creepy."
TW10_4177,0,0,[HANDLE] [HANDLE] I help everyone that asks. I'm not here to pass judgment on anyone that comes looking for help.
TW10_4178,0,0,"[HANDLE] [HANDLE] [HANDLE] hi. i still saw your tweet. one, i'm female. obviously. two, this isn't helping."
TW10_4179,0,0,sigh. I need to work on building out my legal contacts to encompass more states.
TW10_4180,0,0,"[HANDLE] yo, do you know of a reliable breakdown of harassment/stalking laws for each state?"
TW10_4181,0,0,[HANDLE] searching for &amp; reading each state's penal codes individually is tedious.
TW10_4182,0,0,"[HANDLE] i'm very entertained that all it takes is ""155 IQ"" for me to know precisely who is being discussed."
TW10_4183,0,0,[HANDLE] that would be awesome. &lt;3
TW10_4184,0,0,"[HANDLE] i'm envious of your education. :P  knowing how to interpret some things seems tricky, to say the least."
TW10_4185,0,0,[HANDLE] I would love that. would you mind DMing me your email address? can shoot you an email later today.
TW10_4186,0,0,[HANDLE] i know that feel.
TW10_4187,0,0,"[HANDLE] well, that just made my life much easier. :P"
TW10_4188,0,0,[HANDLE] this is mostly what i need. interesting to see that some states don't have statues on both.
TW10_4189,0,0,[HANDLE] Anyone that is getting harassed is welcome to come to me for help. it's all anonymous.
TW10_4190,0,0,"[HANDLE] if not anonymous, then at the very least, privileged information."
TW10_4191,0,0,"[HANDLE] [HANDLE] general folks in the legal field at this point, but issues will mostly center around local harassment/stalking laws"
TW10_4192,0,0,[HANDLE] [HANDLE] &amp; possibly being able to provide referrals for people that want someone to help them navigate reporting to PD
TW10_4193,0,0,[HANDLE] [HANDLE] police tend to take reports of online harassment/threats a lot more seriously when a lawyer is involved.
TW10_4194,0,0,"[HANDLE] [HANDLE] these would likely fall under the lines of pro-bono work, at least until my NPO is up to help fund."
TW10_4195,0,0,"[HANDLE] [HANDLE] i'm not entirely certain how all of this is going to work, so i'm still feeling it out."
TW10_4196,0,0,"RT [HANDLE]: CEO of sony europe vehemently, unequivocally condemns #gamergate as misogynistic harassment. [URL]"
TW10_4197,0,0,Let's talk about what it means to be a victim. [URL]
TW10_4198,0,0,"[HANDLE] [HANDLE] shoot me an email, [EMAIL] :)"
TW10_4199,0,0,"RT [HANDLE]: Kathy Sierra on Silicon Valley, meritocracy, and Skater Culture.  [URL]"
TW10_4200,0,0,"I feel weird putting up quick little posts like that. Like it's lazy, and bad. But I think it's a conversation that needs to be had."
TW10_4201,0,0,"[HANDLE] no, my blog post. :)"
TW10_4202,0,0,[HANDLE] &lt;3 kathy sierra. everything she writes is pretty awesome.
TW10_4203,0,0,[HANDLE] it was difficult for me as well until i realized that one could be a victim and still fight back.
TW10_4204,0,0,"[HANDLE] for victims of abuse, it's often not discussed because of a feeling of shame. victim assumes fault, then public assigns blame."
TW10_4205,0,0,haha [URL]
TW10_4206,0,0,Waiting for outrage. You'll see.
TW10_4207,0,0,"Things are coming together. If all goes well with my next 2 meetings, I'll have a major announcement to make during GDC."
TW10_4208,0,0,[HANDLE] you're going to be in town? :D  yay!
TW10_4209,0,0,Success. #stopWadhwa2015
TW10_4210,0,0,[HANDLE] [HANDLE] you're both awesome. ;) Thank you for your work.
TW10_4211,0,0,A *huge* thank you to [HANDLE]. Giving wadhwa a platform with which to prove his character was of great help to #stopwadhwa2015.
TW10_4212,0,0,"He's said that he's backing out, but I think this remains to be seen. However, I'm optimistic."
TW10_4213,0,0,"I have no intent on linking to the articles where he stated he was backing out. They were an attempt to save face, not an apology."
TW10_4214,0,0,"[HANDLE] oh, you haven't heard it? it was amazing."
TW10_4215,0,0,"[HANDLE] oh, gosh. i hope you feel better. :("
TW10_4216,0,0,[HANDLE] none.
TW10_4217,0,0,[HANDLE] I'm usually optimistic about people and their ability to change. But I've heard enough background story from reliable sources.
TW10_4218,0,0,"Replacement monitor arrived. I now have 24"" (vertical) - 28"" - 28"". This may be too much desktop. I have to turn my head #firstworldproblems"
TW10_4219,0,0,"It is [NUMBER]. Java's installer still prompts to install the Ask toolbar. Ugh, Oracle, do you even go here?"
TW10_4220,0,0,The rule of the Apple mini-displayport to DVI adapter is that you will never be able to find it when you finally need it.
TW10_4221,0,0,"The contact form on the site was bugged. Turns out that if you use a ']' in the email subject prefix, it breaks everything. silly wordpress."
TW10_4222,0,0,a day of meetings. a day of notifications to catch up on. uh. will be doing so later. hit me up on other medium if it's an emergency.
TW10_4223,0,0,[HANDLE] [HANDLE] [HANDLE] [HANDLE] nice interface! much prettier than the grafana setup that i'm using.
TW10_4224,0,0,"[HANDLE] ugh, what did he do this time?"
TW10_4225,0,0,"[HANDLE] also, mentioning both of us in the same tweet is pretty much a sure-fire way to make sure that they do notice &amp; jump on me."
TW10_4226,0,0,"[HANDLE] so, don't do that."
TW10_4227,0,0,Yay! My talk got accepted at #BSDCan! See the full list of talks here: [URL]
TW10_4228,0,0,"I'm nervous in a weird way, because these people are kind of like my extended family. It's not a hard talk to give to strangers."
TW10_4229,0,0,[HANDLE] looks neat. I need to start keeping my eyes open for CFPs.
TW10_4230,0,0,I'm almost in sniffles at the thought of seeing my FreeBSD extended family again after so many years. Clearly I need more sleep.
TW10_4231,0,0,[HANDLE] more so because they've known me for such a long time. talking about polarizing personal experiences is easier with strangers.
TW10_4232,0,0,[HANDLE] &lt;3
TW10_4233,0,0,"Someday, I'm going to drink &amp; start submitting pull requests to various FOSS projects' Makefiles to play fitting theme music during a build."
TW10_4234,0,0,I have no idea why this isn't already a thing. It's not like there aren't console mp3 playing apps.
TW10_4235,0,0,[HANDLE] i like you.
TW10_4236,0,0,"One of the hardest things about not working on a team out of an office is never letting myself sleep in. Coffee, save me."
TW10_4237,0,0,[HANDLE] woah. nah. you're amazing and one of my favorite people on twitter. &lt;3
TW10_4238,0,0,"A few people poked me yesterday, but I was up to my eyeballs in meetings. Responding later this morning."
TW10_4239,0,0,"As the announcement date draws closer, things are starting to pick up to a rather frantic pace."
TW10_4240,0,0,[HANDLE] i honestly have no idea how i am managing this. it is surprising.
TW10_4241,0,0,"omg. if [HANDLE] goes to #bsdcan, there's going to be trouble.... &lt;3"
TW10_4242,0,0,[HANDLE] [HANDLE] [HANDLE] [HANDLE] [HANDLE] [HANDLE] talk about bringing tweets back from the dead.
TW10_4243,0,0,Forever entertained by the 'clink' noises my lip piercings make against my coffee cup. I think I'm still goofy from lack of sleep.
TW10_4244,0,0,[HANDLE] [HANDLE] [HANDLE] holy shit.
TW10_4245,0,0,Having to explain to my doctor that the optional surgery I was planning on can't happen for the next few months bcz no time to recuperate.
TW10_4246,0,0,"Not no time like ""I don't feel like committing to this right now"", but ""I have to set an alarm on my phone to tell me to sleep."""
TW10_4247,0,0,"[HANDLE] uh, okay?"
TW10_4248,0,0,Pocky 4ever. [URL]
TW10_4249,0,0,[HANDLE] you don't know that.
TW10_4250,0,0,"[HANDLE] aw, thanks. :P"
TW10_4251,0,0,"[HANDLE] i used to talk more shit. now everything is weird. too much attention, i'm representing more than just myself. :\\"
TW10_4252,0,0,[HANDLE] i miss the days where i could be more of an asshole.
TW10_4253,0,0,[HANDLE] EXACTLY THIS.
TW10_4254,0,0,[HANDLE] i really appreciate the kind words from you. i'm a big admirer of your voice. &lt;3
TW10_4255,0,0,"RT [HANDLE]: Welcome to the latest episode of ""CTO thinks he can still code"" with your host ""poor fucker who has to clean it up""."
TW10_4256,0,0,"RT [HANDLE]: Things are worse than normal. This is the new normal, please adjust accordingly."
TW10_4257,0,0,LRT: everything ever.
TW10_4258,0,0,[HANDLE] I am confused by the idea of inflicting obesity on others. Is that like force feeding Doritos?
TW10_4259,0,0,i am not sure if enabling twitter from within WoW is a good idea or not. [URL]
TW10_4260,0,0,"Verification: Yes, this is me. [URL]"
TW10_4261,0,0,"[HANDLE] i can't receive tweets in game, only send. :P"
TW10_4262,0,0,[HANDLE] [HANDLE] I LOVE YOU NAYADRI &lt;3 &lt;3 &lt;3
TW10_4263,0,0,The best part about posting to WoW forums is that it's only for ppl that have played the game &amp; thus will keep many gaters from descending.
TW10_4264,0,0,Sometimes I feel like Olivia Pope.
TW10_4265,0,0,ugh. no. I am finally dealing with imposter syndrome. This is not a thing that I'm used to having to manage. crap.
TW10_4266,0,0,"[HANDLE] i'm pretty familiar with the concept, but not the feeling. ^.^ good read, though."
TW10_4267,0,0,"[HANDLE] i've given a lot of tech talks in the past. this one isn't really so technical, more community. :P"
TW10_4268,0,0,"It's kind of hilarious that I'm so self-confident that the very second impostor syndrome starts kicking it, I realize something is wrong."
TW10_4269,0,0,"[HANDLE] [HANDLE] [HANDLE] [HANDLE] uhhh, we don't catfight over money, sorry."
TW10_4270,0,0,"This isn't going to work, because we've all got a maturity greater than 12 year olds. [HANDLE] [HANDLE] [URL]"
TW10_4271,0,0,"I mean, we're at *least* 14. [HANDLE] [HANDLE]"
TW10_4272,0,0,It is fun watching GG trying to make us fight. Quit trying to make fetch happen. It's never going to happen. [HANDLE] [HANDLE]
TW10_4273,0,0,"We're all very different people with very different backstories and purposes, but we respect each other. [HANDLE] [HANDLE]"
TW10_4274,0,0,RT [HANDLE]: [HANDLE] THEY DON'T EVEN GO HERE
TW10_4275,0,0,RT [HANDLE]: I &lt;3 both of you. The scene in Captain America with the grenade? I'd do that for both of you. &lt;3 [HANDLE] [HANDLE]…
TW10_4276,0,0,[HANDLE] [HANDLE] who knows. who cares? just more bullshit they are passing around. i don't pay their claims any attention.
TW10_4277,0,0,"Uh. This is what /angry looks like with undead. It's supposed to be fist in air, not slapping my own butt. [URL]"
TW10_4278,0,0,"Oh, hell. Is Blizzard proxying tweets instead of sending the tweet content directly to twitter from the WoW client?"
TW10_4279,0,0,I guess that's one way to get around the user token count limitation per app ID.
TW10_4280,0,0,I need to think about this. I don't think I like this.
TW10_4281,0,0,I think the biggest problem I have with it is that there's too much of a reliance on WoW services for an external mechanism.
TW10_4282,0,0,"Blizzard has had issues in the past with certain things being delayed (achievements, D3). I would strongly dislike a tweet being delayed."
TW10_4283,0,0,I'm still not 100% certain this is happening. But the delay between sending a tweet and seeing it appear is far too long.
TW10_4284,0,0,"KISS (keep it simple, stupid) very much applies to designing a new feature. If Blizzard is proxying tweets, that's unnecessary and bad."
TW10_4285,0,0,Pickaxe is the new crowbar. [URL]
TW10_4286,0,0,RT [HANDLE]: #tweetthatshit [URL]
TW10_4287,0,0,[HANDLE] it's basically what we already do in game. :P
TW10_4288,0,0,"[HANDLE] if you find a good place, lemme know."
TW10_4289,0,0,[HANDLE] yeahh. I'm not going to retweet that. That chick is mentally unstable &amp; loves to post private convs. It's not OK.
TW10_4290,0,0,[HANDLE] clearly witchcraft. ;)
TW10_4291,0,0,"[HANDLE] [HANDLE] as a target of her delusions, yeah, i'm going to say these things about how she behaves towards me."
TW10_4292,0,0,[HANDLE] [HANDLE] the claims she has made are... not something someone in their right mind would do.
TW10_4293,0,0,[HANDLE] [HANDLE] she threatened to cut herself if we didn't pay her money.
TW10_4294,0,0,"[HANDLE] Yeah, this probably isn't a good public conversation to have. I just stay away from her."
TW10_4295,0,0,[HANDLE] i have no idea how that even works. that video is crazy.
TW10_4296,0,0,[HANDLE] want more fun stuff? google the name of the person i RTed. ;) that music.
TW10_4297,0,0,There is currently a vocal male on twitter that claims to be all about anti-harassment. He has defended GamerGate in the past.
TW10_4298,0,0,"At this moment in time, I am unaware of any effort he has made into this space. I'm tied in w/many orgs. His name has never once come up."
TW10_4299,0,0,He's been offered contact info from those he's speaking with should he care to contribute. He's utilized none of this. I am unimpressed.
TW10_4300,0,0,"If you're interested in working on solutions, we'd love to have your help. However, I can spot a flail for media attention from a mile away."
TW10_4301,0,0,Don't think that it won't go unnoticed/unchallenged. Don't put on a cape unless you plan on being a hero. It's not a photo op. It's a job.
TW10_4302,0,0,"[HANDLE] what this person has done is not just voiced an opinion. i'm not going to get a pile-on going, so i'm not giving specifics."
TW10_4303,0,0,"Since this was questioned, I should be clear. I'm not talking about supporters, or just people with opinions."
TW10_4304,0,0,"I'm talking about people that take an active stand to say they want to create solutions for harassment, but do nothing beyond get RTed."
TW10_4305,0,0,"For everyone that is involved in this space, there's a huge personal risk. People get targeted. Friends and family get targeted."
TW10_4306,0,0,"Frankly, it's a little irritating to see some guy with a huge following come along and say ""I'm gonna do stuff!"" and then... do nothing."
TW10_4307,0,0,"Or, well, something happened. A hashtag was started by harassers to support him. So, that's something. I guess."
TW10_4308,0,0,"[HANDLE] tbh, i feel bad anytime anyone actively enters this fight without knowing about the personal cost."
TW10_4309,0,0,[HANDLE] I'm not mentioning names for a few different reasons.
TW10_4310,0,0,"[HANDLE] it depends on how you define meaningful. if 3 people listen to you vs 30k, there's a huge difference in voice."
TW10_4311,0,0,[HANDLE] completely disagree. it's industry recognition.
TW10_4312,0,0,"[HANDLE] as someone that went from ~4k followers to what i've got now, i've seen a huge difference."
TW10_4313,0,0,"[HANDLE] doesn't drive, but is in many cases an accurate reflection."
TW10_4314,0,0,I bought crepes but I don't really know what they are so I am just going to call this a fruit burrito. [URL]
TW10_4315,0,0,I am really curious as to why [HANDLE] is throwing around accusations of bullying when someone expresses an opinion irt writing direction.
TW10_4316,0,0,This thread: [URL] - this doesn't add up. Am I missing something?
TW10_4317,0,0,[URL]
TW10_4318,0,0,[HANDLE] omg i am dying laughing.
TW10_4319,0,0,[HANDLE] i'm a little concerned. the tweet still exists. i see no retraction published.
TW10_4320,0,0,"[HANDLE] to be clear, i'm not bringing this up to defend bri. i'm aware that she's fully capable of defending herself."
TW10_4321,0,0,[HANDLE] the use of the word 'bully' in this context is worrisome and relevant to any conversation i have.
TW10_4322,0,0,"[HANDLE] given the *massive* glee i'm seeing from GG irt that tweet, it's concerning that he's not retracting or explaining 'bully'"
TW10_4323,0,0,"[HANDLE] if i was looking for pitchforks, i'd point out a white dude in a position of power accused a minority of bullying him. :P"
TW10_4324,0,0,"[HANDLE] thank you for calling me on this, though. i probably should have made that more clear in the original tweets."
TW10_4325,0,0,"Please no pile-ons. Don't tweet at him, etc. I think the conversation is concerning in that we need to discuss what bully means."
TW10_4326,0,0,"[HANDLE] LOOKING AT YOUR ICONS, JUDGINGGGGG"
TW10_4327,0,0,[HANDLE] [URL]
TW10_4328,0,0,"[HANDLE] haha, mine is worse. :P"
TW10_4329,0,0,[HANDLE] [HANDLE] [HANDLE] THANK YOU RANDOM INTERNET PERSON FOR INSERTING YOURSELF WHEN I SAID NO PILE-ONS.
TW10_4330,0,0,[HANDLE] oh. i've got him blocked. i didn't even see that.
TW10_4331,0,0,This is what passes for entertainment around here. [URL]
TW10_4332,0,0,Talented leo! [URL]
TW10_4333,0,0,It might be time for a new profile pic for randi_ebooks [URL]
TW10_4334,0,0,[HANDLE] you should see his guilty look.
TW10_4335,0,0,[HANDLE] yup! probably a mix of some sort. he's from the shelter. :)
TW10_4336,0,0,[HANDLE] i had a bunch of clip on hair extensions from when i had longer hair. decided to let him use them. ;)
TW10_4337,0,0,[HANDLE] that's an awesome name! :P
TW10_4338,0,0,How many toys can be stacked on his head? [URL]
TW10_4339,0,0,More dog treats [URL]
TW10_4340,0,0,[HANDLE] [HANDLE] his face is a bit differently structured. he looks a lot like a collie in some regards.
TW10_4341,0,0,[HANDLE] [HANDLE] awwwww
TW10_4342,0,0,Nintendo 3DS [URL]
TW10_4343,0,0,[HANDLE] [URL]
TW10_4344,0,0,Manga Guide to Statistics [URL]
TW10_4345,0,0,Dreamcast controller [URL]
TW10_4346,0,0,[HANDLE] charity auction. :P
TW10_4347,0,0,[HANDLE] no. dog treats.
TW10_4348,0,0,[HANDLE] THE BACON BELONGS TO ME.
TW10_4349,0,0,I ran out of things to put on his head. sorry.
TW10_4350,0,0,"[HANDLE] so am i, tbh. it took a few tries to make it balance."
TW10_4351,0,0,[HANDLE] hahaha
TW10_4352,0,0,[HANDLE] [URL]
TW10_4353,0,0,I am really curious as to why there are people stupid enough to believe that Encyclopedia Dramatica is ethical journalism. [HANDLE]
TW10_4354,0,0,your face is awful. [HANDLE] [HANDLE] [HANDLE]
TW10_4355,0,0,[HANDLE] [HANDLE] [HANDLE] [HANDLE] your mom was uncalled for.
TW10_4356,0,0,"[HANDLE] most of my oreilly books are ebooks. :P  those are all so old. but yes, i usually quite like them."
TW10_4357,0,0,"""I honestly do not understand the attacks on this man."" - [HANDLE] on [HANDLE]."
TW10_4358,0,0,Did you hear that? That's the sound of a bunch of women in tech setting up filters to fwd emails from [HANDLE] to /dev/null. Good job.
TW10_4359,0,0,I reached out to [HANDLE] with concerns the day the article was published. No response. Nina cares more about page views than problems.
TW10_4360,0,0,"She had her chance to understand, but she's decided to dig in her heels. Whelp. Lesson learned, eh?"
TW10_4361,0,0,"[HANDLE] [HANDLE] [HANDLE] lol, she was one of the people that gave him a platform and then ignored detractors."
TW10_4362,0,0,"According to [HANDLE], we should be happy that dudes are talking about feminism. Even if they are telling us how we are doing it wrong."
TW10_4363,0,0,This is 50 shades of bullshit. Wadhwa said that women that disagreed with him were just looking for attention. THESE WERE HIS WORDS.
TW10_4364,0,0,"If this is an ally, then fuck everything &amp; set the world on fire. [HANDLE] was dumb enough to get sucked into his bullshit vortex."
TW10_4365,0,0,[HANDLE] the thing I said to an account that was a confirmed sockpuppet that was supposed to infiltrate SJWs? lol.
TW10_4366,0,0,[HANDLE] go fuck yourself. &lt;3
TW10_4367,0,0,[HANDLE] uh. because one group is literally killing people? are you nuts?
TW10_4368,0,0,"RT [HANDLE]: [HANDLE] One thing that bothers me about it is the fact that despite hundreds of women writing on the subject, a man beco…"
TW10_4369,0,0,[HANDLE] [HANDLE] who are you referring to with 'we'?
TW10_4370,0,0,I've also been told that some of the people mentioned in [HANDLE]'s article didn't even talk to her. She quoted them without asking.
TW10_4371,0,0,"Which is fine, I guess. But she went out of her way to talk to wadhwa. Interesting, no?"
TW10_4372,0,0,"[HANDLE] yes. given that one group routinely posts mutilated bodies on twitter along with american passports, i'd say they are worse."
TW10_4373,0,0,[HANDLE] and i couldn't give less fucks about alienating followers by giving them an opinion they don't like.
TW10_4374,0,0,[HANDLE] [HANDLE] [HANDLE] i'm calling her dumb because she fell for his bullshit and also quoted one of the women he abused.
TW10_4375,0,0,".[HANDLE] twitter search for my name and ""set yourself on fire"" and see if i give two shits about what you think."
TW10_4376,0,0,[HANDLE] [HANDLE] it was up on 8chan. someone probably has an archive somewhere.
TW10_4377,0,0,RT [HANDLE]: [HANDLE] Why is there a double standard with terrorists from #ISIS being prosecuted quickly while harassers of #GamerGa…
TW10_4378,0,0,omg twitter you are killing me with dumb this morning.
TW10_4379,0,0,RT [HANDLE]: [HANDLE] You just lost [MONEY] from crowd funding of your cause.  Choose your battles.
TW10_4380,0,0,"Sorry, I'm not going to say GamerGate is the same as ISIS, and you can shove your donation up your ass. [HANDLE]"
TW10_4381,0,0,I don't change my views to get money. That's not how this works. [HANDLE]
TW10_4382,0,0,[HANDLE] he also makes claims of racism if someone calls him on repeatedly using feminist terms incorrectly. i. don't. care.
TW10_4383,0,0,[HANDLE] this is what you just said. you just compared online harassment to mutilated bodies. this is demeaning.
TW10_4384,0,0,".[HANDLE] online harassment is a serious problem, and it needs to be addressed. but making false equivalencies won't get you anywhere."
TW10_4385,0,0,"Let me make this super fucking clear. I will not compromise my beliefs in any way just to get donations. That isn't happening, ever."
TW10_4386,0,0,I appreciate every donation received. But ppl that threaten to pull funding if I don't say the things they want to hear can fuck themselves.
TW10_4387,0,0,[HANDLE] [HANDLE] holy shit. seriously? i've done research into both groups. I've seen the tweets &amp; patterns. GamerGate isn't ISIS.
TW10_4388,0,0,"No one said threats weren't serious. However, there's a difference between ISIS and GamerGate. [HANDLE]"
TW10_4389,0,0,You're not going to get the response you're looking for. Give up. [HANDLE]
TW10_4390,0,0,RT [HANDLE]: [HANDLE] The threats are either serious or they aren't.  I guess you don't view #GamerGate as emotional terrorism.
TW10_4391,0,0,[HANDLE] yeah.
TW10_4392,0,0,[HANDLE] why do you think that you know more about the abuse i personally receive than i do?
TW10_4393,0,0,"[HANDLE] you made a false equivalency, I called it on you, and you threatened financial consequences."
TW10_4394,0,0,[HANDLE] I mean this from the bottom of my heart: Go fuck yourself.
TW10_4395,0,0,"sweetie, you wandered into my mentions threatening me with financial consequences. this isn't bullying. it's backbone. [HANDLE]"
TW10_4396,0,0,Something is seriously going down. See LRT of [HANDLE]. GG is pushing a weird narrative.
TW10_4397,0,0,[HANDLE] [HANDLE] [URL] &lt;3
TW10_4398,0,0,[HANDLE] I'm from the south. Sweetie is another way to talk down and tell someone to go fuck themselves.
TW10_4399,0,0,[HANDLE] [HANDLE] [HANDLE] yup. something is happening. not sure what.
TW10_4400,0,0,[HANDLE] [HANDLE] uh. You came to me with financial threats.
TW10_4401,0,0,"[HANDLE] [HANDLE] when you're an asshole in someone's mentions and they react, it's not bullying."
TW10_4402,0,0,[HANDLE] [HANDLE] I don't think you understand what bullying or harassment is at all.
TW10_4403,0,0,"[HANDLE] [HANDLE] but protip, you'll never have the freedom to wander around being a jerk without consequence."
TW10_4404,0,0,[HANDLE] [HANDLE] no. I asked if you were nuts.
TW10_4405,0,0,"[HANDLE] [HANDLE] Nope. You keep saying that, but we both know you're lying. Show me where I called you stupid."
TW10_4406,0,0,[HANDLE] [HANDLE] where did I call you stupid? Show me the tweet.
TW10_4407,0,0,[HANDLE] [HANDLE] show me where I called you stupid.
TW10_4408,0,0,[HANDLE] [HANDLE] you are changing your mind now? You've been saying I called you stupid. Still waiting for sauce.
TW10_4409,0,0,"[HANDLE] [HANDLE] you've now repeatedly told people that I called you stupid, though."
TW10_4410,0,0,[HANDLE] [HANDLE] it's about ethics in journalism.
TW10_4411,0,0,[HANDLE] [HANDLE] [HANDLE] [HANDLE] 'colleague' - we don't work together. collusion!
TW10_4412,0,0,"This week: incident, devops, incident, journalist, incident, journalist, phd student, journalist, phd student, photographer. lordie."
TW10_4413,0,0,"[HANDLE] s/udent, j/udent, lawyer, j/"
TW10_4414,0,0,[HANDLE] the ring made me think of hackers when I bought it :)
TW10_4415,0,0,omg it's here [URL]
TW10_4416,0,0,[URL] // [HANDLE]
TW10_4417,0,0,[HANDLE] [HANDLE] [HANDLE] HEY I JUST MET YOU
TW10_4418,0,0,[HANDLE] [HANDLE] [HANDLE] AND THIS IS CRAZY
TW10_4419,0,0,[HANDLE] [HANDLE] [HANDLE] BUT HERE'S MY NUMBER
TW10_4420,0,0,[HANDLE] [HANDLE] [HANDLE] SO CALL ME MAYBE
TW10_4421,0,0,[HANDLE] newp.
TW10_4422,0,0,[HANDLE] [HANDLE] [HANDLE] i'm always looking for an excuse to sing that song.
TW10_4423,0,0,[HANDLE] [HANDLE] [HANDLE] fuck. yes.
TW10_4424,0,0,"Every time I meet with a journalist that is about to post something that is going to make GamerGate angry, I suggest using #ggautoblocker."
TW10_4425,0,0,I'm not even going to lie. This makes me giggle a little bit on the inside.
TW10_4426,0,0,Trying to decide if I have time to contact police before call w/lawyer. Never thought I'd say this unless I was in trouble/tequila involved.
TW10_4427,0,0,Sometimes a lot of this still feels like playing at being a responsible grownup. Discovering much as I travel this path. Good place to be.
TW10_4428,0,0,[HANDLE] lawyer is unrelated to police. ;)
TW10_4429,0,0,"To be clear, I'm not in trouble. And the call with PD has nothing to do w/call with lawyer, both related to work :P [HANDLE]"
TW10_4430,0,0,[HANDLE] [HANDLE] yeah. i tried to talk to him. he won't even tell me why he thinks this is a thing.
TW10_4431,0,0,[HANDLE] [HANDLE] [HANDLE] [HANDLE] you're really fond of lying about everything. I said they aren't ISIS.
TW10_4432,0,0,[HANDLE] [HANDLE] [HANDLE] [HANDLE] stop trying to cause shit. it's not going to work.
TW10_4433,0,0,"[HANDLE] [HANDLE] [HANDLE] [HANDLE] however, I'm going to block you now. Because what you're doing is abusive and not OK"
TW10_4434,0,0,[HANDLE] [HANDLE] [HANDLE] [HANDLE] i don't know. but i feel like [HANDLE] would.
TW10_4435,0,0,[HANDLE] [HANDLE] [HANDLE] [HANDLE] [HANDLE] only if you come with us bby
TW10_4436,0,0,[HANDLE] omfg #wowdrama I AM LOGGING IN WAIT FOR MEEEEE
TW10_4437,0,0,WHEN IS MY STUPID SELFIE CAMERA GOING TO DROP FFS [URL]
TW10_4438,0,0,i &lt;3 [HANDLE] because she has cuddled [HANDLE] and lived to tell the tale.
TW10_4439,0,0,YESSSSS. [Photo B.O.M.B.] [URL] #Warcraft
TW10_4440,0,0,I love Ashran. [URL]
TW10_4441,0,0,[HANDLE] i will punch you.
TW10_4442,0,0,[HANDLE] nope. I play WoW. GW sux.
TW10_4443,0,0,plz. Zebra Katz. plz.
TW10_4444,0,0,[HANDLE] uh. hi. i'm going to call you on that line right there. what rating do you play at in WoW?
TW10_4445,0,0,"[HANDLE] WoW pvp makes me happy. i play rateds, and i'm pretty good at it. You are basically a door to door salesman right now."
TW10_4446,0,0,[HANDLE] i don't pve.
TW10_4447,0,0,[HANDLE] just enjoying youtube playlist while pvping. &lt;3
TW10_4448,0,0,"[HANDLE] sigh. don't get like that. it just came off really, really poorly."
TW10_4449,0,0,"[HANDLE] GW2 players love to make digs at WoW being old. WoW is old, but it's also pretty well balanced. I PvP competitively."
TW10_4450,0,0,"[HANDLE] I love it. I'm invested in it. My friends play it. I've played GW. It's ok, but the PvP just isn't as good."
TW10_4451,0,0,"[HANDLE] but regardless, i posted a screenshot of something i love doing, and you made digs about it being out of date. so... whatever."
TW10_4452,0,0,"[HANDLE] &amp; if you want to sulk about being called on it, i guess that's your prerogative."
TW10_4453,0,0,How have I never heard of ball culture? This sounds amazing.
TW10_4454,0,0,[HANDLE] it's rather presumptuous to assume that i'm straight.
TW10_4455,0,0,[HANDLE] i'm reading about it now. :)
TW10_4456,0,0,RT [HANDLE]: For those seeing #WhiteandGold in #TheDress ([URL] [HANDLE] ends the debate. [URL]
TW10_4457,0,0,RT [HANDLE]: Raise your hand if you have ever felt personally victimized by #TheDress [URL]
TW10_4458,0,0,#TheDress is obviously gold and white.
TW10_4459,0,0,I have no idea how anyone is seeing blue at all. I see no blue.
TW10_4460,0,0,WIRED IS WRONG.
TW10_4461,0,0,[HANDLE] i am so jelly. &gt;.&gt;
TW10_4462,0,0,[HANDLE] it looks like it's white with shitty color balance.
TW10_4463,0,0,"Look, I don't care about your photoshops, or your computers, or your wizardry. The earth isn't flat and #TheDress is white and gold."
TW10_4464,0,0,oh no [URL]
TW10_4465,0,0,my guild right now [URL]
TW10_4466,0,0,"yes i turned on profanity filter because i'm trying to curse less. it's not working, as you can see."
TW10_4467,0,0,[HANDLE] i am grandma. :P
TW10_4468,0,0,"RT [HANDLE]: [HANDLE] I would never, ever want to get into a debate with *you* over whether or not something is blue"
TW10_4469,0,0,"This is the best point I've seen made about #thedress, ever. [HANDLE]"
TW10_4470,0,0,[HANDLE] [URL]
TW10_4471,0,0,[HANDLE] [HANDLE] [HANDLE] not sure if being sarcastic or obtuse.
TW10_4472,0,0,[HANDLE] i seriously only see white.
TW10_4473,0,0,All of that #BlackandBlue means eyes work better crap was obviously made up by *those* people. Fake science.
TW10_4474,0,0,I... I either just got really lucky or somehow found a way around the ashran queue timer. uh.
TW10_4475,0,0,[HANDLE] [HANDLE] [HANDLE] that's a hoax.
TW10_4476,0,0,STOP LYING [HANDLE]
TW10_4477,0,0,[HANDLE] there's a white/black option.
TW10_4478,0,0,[HANDLE] [HANDLE] *hugs*
TW10_4479,0,0,[HANDLE] yup. i went in the water.
TW10_4480,0,0,Another example of comments that female FOSS devs get on a regular basis. Don't like her code? Insult her appearance! [URL]
TW10_4481,0,0,This isn't rare. This isn't even GamerGate related. This happens all. the. time.
TW10_4482,0,0,More shit that dudes don't have to put up with. [URL]
TW10_4483,0,0,"(If it didn't work, you guys would probably be crying about it stealing your freeze peaches a whole lot less.) [URL]"
TW10_4484,0,0,"Female devs make me uncomfortable, so let's imply her work was a single commit. [URL]"
TW10_4485,0,0,"Not only that, but this rocket surgeon apparently doesn't understand the difference between comments and man pages. Isn't he precious?"
TW10_4486,0,0,this isn't just gamergate this isn't just gamergate this isn't just gamergate this is a more obvious version of what already happens
TW10_4487,0,0,Want more women in FOSS? Dropkick these people into the sun.
TW10_4488,0,0,rage eating pocky
TW10_4489,0,0,[HANDLE] [HANDLE] rogue literally got fired from the company that made farmville. no one wanted to work w/him there.
TW10_4490,0,0,"[HANDLE] [HANDLE] he had a huge ego, never produced anything, and everyone hated him. kind of like twitter."
TW10_4491,0,0,Let's not forget that the person that started these rumblings about my code got fired from Zynga for being impossible to work with.
TW10_4492,0,0,"He tried to do an AMA on reddit about working at zynga, implied all of his coworkers were twats, got shouted down by all of them."
TW10_4493,0,0,Couldn't find another job in the gaming industry after that because insulting your coworkers/former employers is just something you don't do
TW10_4494,0,0,"So now he targets women, because you know, they can fight back a lot less. lolllll."
TW10_4495,0,0,Sure! AMA is here: [URL] // [HANDLE]
TW10_4496,0,0,Relevant comments: [URL] // [HANDLE]
TW10_4497,0,0,[HANDLE] no worries.
TW10_4498,0,0,SPOCK DIED???
TW10_4499,0,0,"RT [HANDLE]: Leonard Nimoy [PHONE]

Read: [URL]"
TW10_4500,0,0,[HANDLE] yes
TW10_4501,0,0,[HANDLE] thank you
TW10_4502,0,0,[HANDLE] yup
TW10_4503,0,0,I'm going to drink and Star Trek marathon tonight.
TW10_4504,0,0,Twitter updates user safety features: [URL]
TW10_4505,0,0,My take on twitter's safety update: propaganda. Doesn't give clear info on what these new actions are.
TW10_4506,0,0,"Until twitter provides us with a way to filter new accounts or provides a higher barrier to entry, these are just words that mean little."
TW10_4507,0,0,The Developer Policy needs an update that allows us to filter non-promoted tweets. Twitter clients continue to have bugs w/large block lists
TW10_4508,0,0,I'm optimistic. This isn't the end game. Twitter's announcement was a single step in a long path in mitigating abuse problems.
TW10_4509,0,0,"[HANDLE] [HANDLE] [HANDLE] [HANDLE] laid off, along with a whole game team. &lt;3"
TW10_4510,0,0,"[URL] is a good option, but it's a partial solution. We need the ability to filter accts w/o phone number attached."
TW10_4511,0,0,[HANDLE] most abuse comes from gamergate accounts that are 30-90 days old.
TW10_4512,0,0,[HANDLE] I write bots to block it. :P
TW10_4513,0,0,"Seriously, though. I'm still pretty upset about Leonard Nimoy."
TW10_4514,0,0,[HANDLE] [HANDLE] [HANDLE] you had to pick the tweet about spock and not about drinking with star trek. :P
TW10_4515,0,0,Star Trek was one of the only TV shows I  could watch when I was a kid.
TW10_4516,0,0,I miss you.
TW10_4517,0,0,"I didn't have an outward emotional reaction when my own grandmother died, but I am crying for Nimoy."
TW10_4518,0,0,iPad Air 2 or iPad mini 3?
TW10_4519,0,0,omg I am listening to an apple genius dude tell this old woman how to use email and it is adorable.
TW10_4520,0,0,"[HANDLE] Twitter, email, Evernote, web. Hearthstone."
TW10_4521,0,0,Not so subtle hint: just spent a while with apple opening up a very specific kind of account.
TW10_4522,0,0,"RT [HANDLE]: Rumor: [HANDLE] to helm Apple Car project

Tech sites, I'm available for hire~"
TW10_4523,0,0,"She's making a list
She's checking it twice"
TW10_4524,0,0,RT [HANDLE]: [HANDLE] My favorite command for spot checking lists: shuf -n 5 file.txt
TW10_4525,0,0,Things are happening. Big things. I could not be more excited.1
TW10_4526,0,0,TODO: email tax guy to ask if lavender bath bombs qualify as a business expense.
TW10_4527,0,0,[HANDLE] indeed. :)
TW10_4528,0,0,Vibrating with excitement. Every day brings us closer to being able to make the announcement.
TW10_4529,0,0,2-3 meetings left. Likely sometime next week. [HANDLE]
TW10_4530,0,0,"If there is one thing in life we can count on, it's if you ask a question regarding opinions on Apple products, no one will agree."
TW10_4531,0,0,Apple is the horde vs alliance of the tech world.
TW10_4532,0,0,RT [HANDLE]: [HANDLE] I disagree
TW10_4533,0,0,RT [HANDLE]: [HANDLE] I'm not entirely sure I agree with you there.
TW10_4534,0,0,The Full Body Project by Leonard Nimoy [NSFW] [URL]
TW10_4535,0,0,RT [HANDLE]: He lived long and prospered: Leonard Nimoy reported dead at 83. [URL] [URL]
TW10_4536,0,0,RT [HANDLE]: Remember Leonard Nimoy with three of his best Star Trek episodes [URL] [URL]
TW10_4537,0,0,RT [HANDLE]: Require a code sent to a unique cell phone # in order a thing off amazon to open jars for him.
TW10_4538,0,0,RT [HANDLE]: Just trying to make people I care about gender fluid.
TW10_4539,0,0,"RT [HANDLE]: Oh my RT [HANDLE]: In a telegram, #LeonardNimoy pleads with JFK for a safer planet. [URL]"
TW10_4540,0,0,"Uh, [HANDLE] [HANDLE]? I am displeased that you want me to reply to these emails with more details when I file a report."
TW10_4541,0,0,"If [HANDLE] [HANDLE] wants more details, they should ask for it in the interface when I file the report - not 30 seconds later in an email."
TW10_4542,0,0,"The two accounts I reported ([HANDLE] and [HANDLE]) were both suspended, but this is not a good response."
TW10_4543,0,0,"It's friday, so I was going to order a pizza. Delivery time: 133-133 minutes. UH."
TW10_4544,0,0,[HANDLE] hah. not from a chain pizza place.
TW10_4545,0,0,"[HANDLE] i usually go with thin crust, garlic pesto sauce, feta + garlic toppings. is good even with chain restaurants."
TW10_4546,0,0,[HANDLE] oh yeah? i didn't hear about that.
TW10_4547,0,0,Watching people like [HANDLE] further FYGM culture. That's... unfortunate.
TW10_4548,0,0,"So, [HANDLE] claims that only people new to the industry claim sexism exists. Yawn. I'm a 15+ year engineer. Try again."
TW10_4549,0,0,It's easy to think that our experiences are indicative of everyone's experiences. I've fallen victim to that thinking before.
TW10_4550,0,0,"Unfortunately, a positive experience doesn't cancel out a negative. And playing the ""cool girl"" game isn't a good look for anyone."
TW10_4551,0,0,"RT [HANDLE]: [HANDLE] [HANDLE] Yep, 10+ year engineer here, can confirm."
TW10_4552,0,0,RT [HANDLE]: [HANDLE] it feels like only new people claim sexism exist because the sexism already drove away the veterans
TW10_4553,0,0,I have a photo shoot thing tomorrow I guess. I need to clean my apartment and dye my hair and get this dumb code done ughh UGHHHH
TW10_4554,0,0,"FYGM = fuck you, got mine. [HANDLE]"
TW10_4555,0,0,"FYGM culture is a real issue. Like, ""I fought my way here, and it sucked, but I'm strong. If you can't do this, it's your problem."""
TW10_4556,0,0,"FYGM culture is a complete lack of empathy. I fought my way here, sure. Do I think anyone else should have to do that? Hell, no."
TW10_4557,0,0,FYGM is keeping the status quo so you can feel some kind of superiority over the women that opted not to put up with the abuse.
TW10_4558,0,0,"Instead of perpetuating FYGM culture, why not try to fix things? Why not try to remove some of the hurdles? Would that be so bad, really?"
TW10_4559,0,0,"If us women in tech are strong enough to get this far, why aren't we strong enough to mentor, to push for change? No more FYGM."
TW10_4560,0,0,"I guess it's one type of strength to make it this far, another to recognize the problem &amp; speak out, not playing boys club games."
TW10_4561,0,0,[HANDLE] [HANDLE] it's been my name for many years :) since before Twitter existed.
TW10_4562,0,0,[URL]
TW10_4563,0,0,[HANDLE] I have bots to block all of that.
TW10_4564,0,0,"[HANDLE] i'm not sure. I've never been down the track of art, so I don't have much to say about that."
TW10_4565,0,0,"Working on setting up desk for the photo thing tmrw. 3 LCDs, MacBook Air, surface pro 2, iPad Air 2, LEDs on everything. HELLO I AM COMPUTER"
TW10_4566,0,0,"Oh, sweetie. I don't do passive aggressive. I'm aggressive aggressive. [URL]"
TW10_4567,0,0,[HANDLE] [HANDLE] prove it. WHERE IS THE PROOF???
TW10_4568,0,0,[HANDLE] you guys don't even know the difference between the 3. Lolnope
TW10_4569,0,0,#TheDress [URL]
TW10_4570,0,0,omfg on the local news they are now arguing about #thedress
TW10_4571,0,0,"""I don't retreat.

I reload."""
TW10_4572,0,0,that moment when you silence a mage and they start backpedalling and you just KNOW it's about to go down
TW10_4573,0,0,[HANDLE] bahahaha it's a quote from a glee commercial.
TW10_4574,0,0,[HANDLE] OKAY I'M BACK
TW10_4575,0,0,RT [HANDLE]: Looks like we made a few of them mad [HANDLE] #Guildvs3 #youwont1v1me #GoA2mad [URL]
TW10_4576,0,0,[HANDLE] [HANDLE] [HANDLE] undead 4ever.
TW10_4577,0,0,[HANDLE] STOP TAKING BATHROOM SELFIES YOU FUCKING PEASANT
TW10_4578,0,0,More than a little entertained at all of the gaters that are upset that I fight back instead of just shutting up. Fighting back is bullying.
TW10_4579,0,0,RT [HANDLE]: [HANDLE] Standard operating procedure for bullies is to paint victims as perpetrators of bullying to authority.
TW10_4580,0,0,[HANDLE] &lt;3
TW10_4581,0,0,"[HANDLE] glad I could help, and I'm so sorry that you're going through that. :("
TW10_4582,0,0,"[HANDLE] people will find a way to interpret anything to match their message, unfortunately."
TW10_4583,0,0,"Aw, GamerGate harassment squad. Did I say something to make you mad? [URL]"
TW10_4584,0,0,"Oh, I see. It's [HANDLE] sending her little harassment squad after me. Like we can't see right through her innocent act."
TW10_4585,0,0,There's a reason we started tracking all of her followers. An immense amount of racism/sexism/abuse was coming from her corner.
TW10_4586,0,0,"The thing is, you don't actually have to say any of that stuff for us to figure out who it's coming from. It's easy to track social groups."
TW10_4587,0,0,"So she can try &amp; claim innocence, but statistics paint her as being someone to avoid. And I've been in her sights for a while. Oh well."
TW10_4588,0,0,I don't usually like pointing out individual names unless they've gone above and beyond in attempts to hurt people.
TW10_4589,0,0,Like when [HANDLE] said that only industry newbies believed sexism existed. Or when [HANDLE] sends her harassment squad after ppl.
TW10_4590,0,0,"I've been watching Jenn for a while, deciding if it was worth saying anything. Her tweets are benign, but the *response* is not."
TW10_4591,0,0,How should I even classify this? Wielding a mob? Indirect bullying? I'm not sure.
TW10_4592,0,0,The amount of Mean Girls mentality coming from GG supporters is hilarious. ON WEDNESDAYS WE EMAIL KOTAKU.
TW10_4593,0,0,"INTEL, YOU CAN'T SIT WITH US"
TW10_4594,0,0,"""If you have ever felt personally victimized by ethics in games journalism, raise your hand"""
TW10_4595,0,0,"[HANDLE] i'm thinking about it. ideas aren't really fully formed, though."
TW10_4596,0,0,[HANDLE] i think there's a really fine line beyond being vocal about your experiences and indirect bullying.
TW10_4597,0,0,"[HANDLE] yeah, i need to start looking at finding a... oh wait. i can't drop that news yet. :P"
TW10_4598,0,0,"[HANDLE] [HANDLE] [HANDLE] omg, is that what happened? i keep hitting the wrong button."
TW10_4599,0,0,"RT [HANDLE]: Ugh, [HANDLE]. It was so much better when ""report as spam"" and ""block"" were IN A SINGLE MENU. Please recombine them. Paging [HANDLE]…"
TW10_4600,0,0,"OK, that's enough poking the bear. Have a lot to do today. My most difficult decision is going to be what to wear. &gt;.&gt;"
TW10_4601,0,0,"[HANDLE] [HANDLE] that makes sense. also, how horrible is it that block has become muscle memory? :P"
TW10_4602,0,0,That moment when I think that I'm out of coffee... then pull 12 oz of ground arabica out of my backpack. Yes! More glory to the coffee gods.
TW10_4603,0,0,"[HANDLE] [HANDLE] [HANDLE] [HANDLE] [HANDLE] confirmed, seeing the same thing in *web*."
TW10_4604,0,0,My fav part of skimming GG tweets is seeing so many people insist that they are unable to develop their views with experience.
TW10_4605,0,0,ie: they will still feel this way in 5 years. lollll.
TW10_4606,0,0,They also love to add 10 years to my age. Which doesn't bother me. I grew up envious of UNIX beards.
TW10_4607,0,0,"This is coming from the same group that claimed I faked my LinkedIn because it was ""impossible"" for a 33 yr old to have done all of that."
TW10_4608,0,0,"This might be my favorite tweet by rogue, ever. [URL]  Because he assumes my twitter handle is my UNIX login."
TW10_4609,0,0,"UNIX logins are restricted to 8 characters, darling. FreeBSD uses SVN, not git. I believe SVN history is imported to github."
TW10_4610,0,0,"And then there's this person, who suggests PC-BSD because FreeBSD are all sjws. [URL]"
TW10_4611,0,0,"PC-BSD is a fork that is mostly funded by iXSystems, the organization that runs FreeBSD marketing. It's a frontend on top of FreeBSD."
TW10_4612,0,0,All that collusion in the BSD community sure is hard to keep track of.
TW10_4613,0,0,"In short, this is the most hilarious GamerGate BSD fail I have ever seen. #FreeBSD #OpenBSD #PCBSD [URL]"
TW10_4614,0,0,"btw, guys. I'm an admin of the OpenBSD facebook group. So, you know. COLLUSION."
TW10_4615,0,0,"Oh, yeah. and FreeBSD is the OS that runs on your Playstations. Why so salty?"
TW10_4616,0,0,[HANDLE] he expects unix logins to map to github usernames - which they rarely will.
TW10_4617,0,0,[HANDLE] I would put cash money on them not understanding your profile pic.
TW10_4618,0,0,[HANDLE] I can prove that my code is in FreeBSD. And there are articles that state that FreeBSD is running on the PS3 and PS4.
TW10_4619,0,0,"[HANDLE] for some parts of the company, yes. a lot of freebsd devs work there."
TW10_4620,0,0,"[HANDLE] yup. ^.^ unless it's your field, it's not surprising that you wouldn't know."
TW10_4621,0,0,[HANDLE] they searched for my *twitter name* in freebsd's *github*
TW10_4622,0,0,[HANDLE] I know *nothing* about writing code in windows. :P
TW10_4623,0,0,[HANDLE] i have never seen a single indication that roguestar is in any way technically competent.
TW10_4624,0,0,Pointed freebsd devs at this thread. Their response: now discussing if they have hipster beards. [URL] used as an example.
TW10_4625,0,0,Presented without comment. [URL]
TW10_4626,0,0,RT [HANDLE]: .[HANDLE] [HANDLE] perhaps managing to a) search the canonical SVN repo for b) the correct username would help. Goo…
TW10_4627,0,0,"[HANDLE] yo, are you going to #bsdcan? [HANDLE] is going to be there. we could cause trouble. ;P"
TW10_4628,0,0,YES I HAVE A SELFIE CAMERA [URL]
TW10_4629,0,0,[HANDLE] [HANDLE] &lt;3 thank you :)
TW10_4630,0,0,[HANDLE] ele shaman. :)
TW10_4631,0,0,"Hey guys. Look at this little cutie, trying to bully me. :P [URL]"
TW10_4632,0,0,Getting ready to kill stuff with my teammates! #selfie #warlords [URL]
TW10_4633,0,0,Posing for extra style points before wrecking *everyone*. #selfie #warlords [URL]
TW10_4634,0,0,"[HANDLE] [HANDLE] to be fair, most of my activity happened under my own commit bit."
TW10_4635,0,0,[HANDLE] [HANDLE] but rogue isn't really... dev competent. he thinks all dev happens under github.
TW10_4636,0,0,Watching other BSD devs tell roguestar he's wrong and it is delicious.
TW10_4637,0,0,BSD is a good community. Wandering into it and attacking one of the few women contributors is going to get some people talking.
TW10_4638,0,0,"So, just to save you all some time, BSD is my family. The only negative response GG ever received was from a non-dev."
TW10_4639,0,0,"I have never felt more supported and safe than I do around the FreeBSD developer community. They are amazing, and I love them."
TW10_4640,0,0,The smear tactics aren't going to work. These people have known me for over a decade.
TW10_4641,0,0,"So far, the primary response I've heard from the FreeBSD dev community in regards to all of this is ""how can we help?"""
TW10_4642,0,0,And I've asked them to stay uninvolved. But attacking my work with them? GLHF. You're bringing it on yourself.
TW10_4643,0,0,It's been several years since I've contributed code. This was due to a conflict with an employer. I *asked* for my commit bit to be retired.
TW10_4644,0,0,"But all of these attacks of ""not enough commits"" or ""had a dude do it for you"" or ""slept with people"" proves my point. Thanks for that."
TW10_4645,0,0,[HANDLE] [HANDLE] I think I got mine because no one else wanted to touch the code I was working with. :)
TW10_4646,0,0,[HANDLE] nope! 34 in september. :)
TW10_4647,0,0,[HANDLE] i could not be paid enough to live through my 20's again. :P
TW10_4648,0,0,[HANDLE] indeed. although the police were fairly nice. :)
TW10_4649,0,0,[HANDLE] [EMAIL] &lt;3
TW10_4650,0,0,[HANDLE] there should be a link to this in the patreon. :)
TW10_4651,0,0,[HANDLE] that's still not my login for freebsd. :P
TW10_4652,0,0,[HANDLE] yup!
TW10_4653,0,0,"[HANDLE] interesting, tho, that it still found most of them."
TW10_4654,0,0,[HANDLE] [HANDLE] [HANDLE] laughing my ass off right now at people from github AND freebsd telling rogue he's wrong.
TW10_4655,0,0,RT [HANDLE]: [HANDLE] gamergate do u even github [URL]
TW10_4656,0,0,"[HANDLE] [HANDLE] [HANDLE] not entirely accurate. if you run strings through /bin, you'll find freebsd committer names of recent years."
TW10_4657,0,0,"[HANDLE] [HANDLE] [HANDLE] you're thinking kernel, not userland. quite a bit of recent(ish) freebsd userland exists in osx."
TW10_4658,0,0,omg watching freebsd committers just rail at gamergaters for doubting my freebsd contributions
TW10_4659,0,0,it's like christmas.
TW10_4660,0,0,[HANDLE] yo.
TW10_4661,0,0,[HANDLE] oh! go get meat from south.
TW10_4662,0,0,[HANDLE] i think it was clefthoof meat?
TW10_4663,0,0,[HANDLE] you were the rogue? I don't usually wpvp when I'm questing :)
TW10_4664,0,0,"RT [HANDLE]: if I go to gdc and see The Dress in any of your slides I am walking out of the talk and directly into the sea, never t…"
TW10_4665,0,0,[HANDLE] can wreck rogues when I'm disc. Not so much as shadow - but all my gear is heals. :P
TW10_4666,0,0,A bunch of people poked me about some article that was written. Eh. I don't really care that much.
TW10_4667,0,0,"I gave it a 5 second glance, didn't see anything interesting. Getting mad about that is like raging at a livejournal post. Same quality."
TW10_4668,0,0,I only really have the time to respond to mainstream media. Reviewing everything that GG writes about me would be too time consuming.
TW10_4669,0,0,"At least MSM manages to do basic fact checking, like not confusing [HANDLE] with [HANDLE] :P"
TW10_4670,0,0,"[HANDLE] you know this is like the only time a dude's code was ever incorrectly attributed to a chick, ever. :P"
TW10_4671,0,0,Morning news included a story about Twitter safety shutting down ISIS accounts because they threatened [HANDLE].
TW10_4672,0,0,"I'm not at GDC today, but I'll be there tomorrow. ;D"
TW10_4673,0,0,"Well, to be more accurate, I'll be dropping by tomorrow during lunch. Hit me up if you want to say hi. :D"
TW10_4674,0,0,[HANDLE] i believe so. should be a client-side option (blocks processing happens client side as well)
TW10_4675,0,0,[HANDLE] that's fine. ^.^
TW10_4676,0,0,Had to put off press photog until today. Now I'm back to frantically cleaning &amp; cursing myself for not having time for a haircut.
TW10_4677,0,0,Watching GamerGate mock women that are concerned about appearing at GDC given the threats they've been inundated w/over the past 6 months.
TW10_4678,0,0,Perpetuating a culture where abuse is tolerated and targets of abuse are mocked for speaking out against their abusers.
TW10_4679,0,0,GamerGate is an intimidation mob. Speak up? Get threats &amp; dog-piled. Speak about the threats? Get mocked &amp; dog-piled.
TW10_4680,0,0,"[HANDLE] [HANDLE] [HANDLE] i've got this person blocked, please remove me from the conversation. &lt;3"
TW10_4681,0,0,[HANDLE] [HANDLE] i'm not giving a talk. ;)
TW10_4682,0,0,Uber just reported hackers broke into their database. This happened last May. Timely reporting.
TW10_4683,0,0,[HANDLE] i'd be down for this.
TW10_4684,0,0,Downside of using [HANDLE] is that I have to create a new twitter account for each block list.
TW10_4685,0,0,RT [HANDLE]: Checked the #gdc2015 tag w/ &amp; w/o [HANDLE] in place.  Like night &amp; day.  Guess which led to more productive tweets …
TW10_4686,0,0,"[HANDLE] meh. :P  thanks for the heads up, but not too concerned about another angry dude on twitter."
TW10_4687,0,0,"[HANDLE] this is the same dude that thinks that not being allowed to publish an article to a site he doesn't own is ""silencing"""
TW10_4688,0,0,[HANDLE] so his opinion on being blocked on twitter is probably fairly predictable.
TW10_4689,0,0,[HANDLE] he was already given my email a while ago by someone else.
TW10_4690,0,0,I like watching logs. [URL]
TW10_4691,0,0,What's a decent RoR on 401(k)s? I've averaged 9.2% over the past few years. Not sure if that's decent or not.
TW10_4692,0,0,"[HANDLE] yeah, that's including fees. fees weren't too bad."
TW10_4693,0,0,[HANDLE] yah. mgt fund fees are pretty low. ~[MONEY]/year.
TW10_4694,0,0,"If I don't like who you're following, I block you. If GG doesn't like who you're following, they go after your job. [URL]"
TW10_4695,0,0,"Bonus points in this thread. Unreal. Harassment from GamerGate did make abuse more of a topic, I suppose. [URL]"
TW10_4696,0,0,[HANDLE] beats me. I was sent the screencap.
TW10_4697,0,0,"It's human to react negatively to abuse. Trying to blame someone for reacting to abuse is, unsurprisingly, a tactic of serial abusers."
TW10_4698,0,0,"This is commonly found in cases of domestic violence, but it's a favored tactic of GamerGate as well."
TW10_4699,0,0,"It's another form of abuse, but more insidious, because the perpetrators think they are the heroes of this story."
TW10_4700,0,0,"Stand strong. The only comfort I have to give right now is that no one is really listening to this particular group, anyways."
TW10_4701,0,0,[HANDLE] ick. DV can happen to anyone. :\\
TW10_4702,0,0,"RT [HANDLE]: If you're being spammed when reading #GDC #GDC15 #GDC2015, try using the #ggautoblocker shared Twitter blocklist at http…"
TW10_4703,0,0,"RT [HANDLE]: Not all Twitter clients apply your blocks to search results, however."
TW10_4704,0,0,"Thanks for the super effective advertising for the need for #ggautoblocker, I guess."
TW10_4705,0,0,"Not at my computer. Will report a bug with search &amp; blocks later. Not sure if this is intentional or not, but it seems sub-optimal."
TW10_4706,0,0,I basically live inside the Matrix. [URL]
TW10_4707,0,0,RT [HANDLE]: Lots of new signups. I'll be periodically checking this Twitter account to provide support as needed. -RH
TW10_4708,0,0,"[HANDLE] hahaha, the only anime wall scroll I own is from Lain :)"
TW10_4709,0,0,"[HANDLE] I thought about putting one of the monitors on top, but then it's too high for me to easily see."
TW10_4710,0,0,A comparison to Santa would be more apt. Lots of talk around the blocker tonight. [URL]
TW10_4711,0,0,"[HANDLE] don't feel bad about that. Unless you've got armor like woah, it is soul sucking."
TW10_4712,0,0,"01:15:19:00

Soon."
TW10_4713,0,0,"[HANDLE] mail, mostly."
TW10_4714,0,0,[HANDLE] it does manage to have a significant amount of overlap with undesirable behavior not related to ethics in games journalism.
TW10_4715,0,0,[HANDLE] thank you for the kind words :)
TW10_4716,0,0,Catching the last BART home. So excited! What a productive evening. :)
TW10_4717,0,0,[HANDLE] no ms :P
TW10_4718,0,0,"[HANDLE] [HANDLE] FreeBSD keeps getting emails about firing me, as well. Y'know, the open source OS i used to contribute to."
TW10_4719,0,0,"Dare I say it?

Had fun hanging out with a friend from the IGDA in a non-IGDA capacity.

So very collusion. How ethics. Much wow."
TW10_4720,0,0,[HANDLE] [HANDLE] [HANDLE] amazed GG didn't try to spin it into a win somehow. They try to do that with everything.
TW10_4721,0,0,[HANDLE] [HANDLE] [HANDLE] glad that your job is safe. :)
TW10_4722,0,0,[HANDLE] you make the drive to LA so tempting. :P
TW10_4723,0,0,[HANDLE] oh! i didn't know you were coming to SF. i'm 5 minutes from SF. via BART. :)
TW10_4724,0,0,"today: meetings, meetings, phone calls, so much prep for announcement tomorrow!"
TW10_4725,0,0,[HANDLE] @/popehat
TW10_4726,0,0,RT [HANDLE]: [URL] is a very real demonstration of how government crypto backdoors can fail open. [URL]
TW10_4727,0,0,[HANDLE] [HANDLE] it's good motivation to try to make things better.
TW10_4728,0,0,"[HANDLE] I've been thinking about creating an interactive experiment where people can get a faked TL, see what it is like."
TW10_4729,0,0,[HANDLE] [HANDLE] what did he do this time? I am *still* waiting for him to sue me.
TW10_4730,0,0,[HANDLE] [HANDLE] LOL
TW10_4731,0,0,"[HANDLE] [HANDLE] omg omg omg

MAGICAL DICK SCRUB

A better phrase has never been uttered I am dying"
TW10_4732,0,0,"I'm going to have the ""Living Single"" theme song stuck inside my head for the rest of today. Thanks, Twitter."
TW10_4733,0,0,"This video and this song is just.... yes.

[URL]"
TW10_4734,0,0,"RT [HANDLE]: Khadgar, you're so sassy. [URL]"
TW10_4735,0,0,RT [HANDLE]: Need to get Google to stop trying to recruit me for an SRE position?
TW10_4736,0,0,.[HANDLE] you are a dog. proof that google will try to recruit anyone. :P
TW10_4737,0,0,"[HANDLE] that sounds like the best place to hold a Q&amp;A, ever. or potentially the most dangerous place. :)"
TW10_4738,0,0,Simultaniously exhausted and full of excitement. Can't decide if I want to jump around and dance or take a nap. Such a good feeling.
TW10_4739,0,0,RT [HANDLE]: Being in the public eye means you'll never make everyone happy and that you get put under a microscope. Even as a *minor*…
TW10_4740,0,0,RT [HANDLE]: The distorting effects of the internet make it even worse; relatively minor figures online get scrutiny normally reserved…
TW10_4741,0,0,"RT [HANDLE]: The ease with which one can dogpile others is scary, not least because we all think we're acting as individuals rather th…"
TW10_4742,0,0,"Heading towards GDC in an hour. I might have japanese kit kats in my purse. Don't mug me, bro."
TW10_4743,0,0,[HANDLE] i would gladly take a kochava shirt! but i only have a few kit kats. :\\
TW10_4744,0,0,[HANDLE] i will def be there weds
TW10_4745,0,0,[URL] [URL]
TW10_4746,0,0,[HANDLE] omfg
TW10_4747,0,0,[HANDLE] COME SAY HI TO ME THIS EVENING ILU
TW10_4748,0,0,Someone outside just asked me if I'm the woman that wrote [HANDLE] :| // cc [HANDLE]
TW10_4749,0,0,Hanging out outside the Marriott marquis across from GDC. Come say hi. :P
TW10_4750,0,0,What restaurant around here isn't overwhelmed by GDC traffic? I require fuel in the form of gin.
TW10_4751,0,0,[HANDLE] near metreon
TW10_4752,0,0,[HANDLE] YES
TW10_4753,0,0,"[HANDLE] On my way to Twitter, BE RIGHT THERE"
TW10_4754,0,0,"RT [HANDLE]: Women weren't able to vote for the first 133 years of our republic. Then we got workers rights, Social Security, Medicare. Weir…"
TW10_4755,0,0,"[HANDLE] all those damn uppity women, demanding a better quality of life, always causing problems."
TW10_4756,0,0,[HANDLE] OMG yes.
TW10_4757,0,0,[HANDLE] lunch is prob busy :P might be able to do breakfast
TW10_4758,0,0,THIS FUCKING POTATO IS BLOWING MY MIND. Duck fat. You guys. FIGURATIVELY DYING OF BLISS. [URL]
TW10_4759,0,0,"[HANDLE] HOW THE FUCK DO YOU PRONOUNCE YOUR LAST NAME I am assuming it is ""Warcraft"""
TW10_4760,0,0,DRUNK ON DUCK FAT AND VODKA AND WHATEVER THE FUCK THESE FRUITS ARE. [HANDLE] [URL]
TW10_4761,0,0,[HANDLE] [HANDLE] I don't knoooow but it is so good
TW10_4762,0,0,"RT [HANDLE]: ""Don't be mad cuz I'm doing me better than you doing you."""
TW10_4763,0,0,[HANDLE] [HANDLE] im sitting at dinner and I'm like Chris... Chris... Chris Warcraft
TW10_4764,0,0,[HANDLE] [HANDLE] HIS NAME IS LOATE
TW10_4765,0,0,[HANDLE] wat ok I rerun and update when the vodka duck fat has worn off
TW10_4766,0,0,"For real though, I've had a migraine for 3 days and it's finally gone and now I'm like yesss red meat come at me I will eat you"
TW10_4767,0,0,MARINATED IN GATER TEARS
TW10_4768,0,0,Someone carry me to the IGDA party I am done
TW10_4769,0,0,[HANDLE] [HANDLE] [HANDLE] I FUCKING LOVE LYCHEES IN MY ECIG
TW10_4770,0,0,"This place, man. This place. [URL]"
TW10_4771,0,0,16 hours and 7 minutes OMG YOU GUYS I CANT EVEN
TW10_4772,0,0,That moment when you've been drinking &amp; you think someone is being a complete self serving asshole but you can't call them on it cuz reasons
TW10_4773,0,0,"[HANDLE] [HANDLE] report it, email me, tell me if you get no response in a timely manner."
TW10_4774,0,0,RT [HANDLE]: When you accidentally open your front camera: [URL]
TW10_4775,0,0,Today is the day.
TW10_4776,0,0,It's really hard deciding what to wear for a press release that is going to change everything.
TW10_4777,0,0,"So many people are suggesting the wonderwoman outfit, but YOU GUYS I WILL BE AT GDC THAT SOUNDS AWKWARD"
TW10_4778,0,0,"[HANDLE] tell her that it's a gaming convention, so i'm thinking blackmilk's asteroids dress over leggings with some spikey boots"
TW10_4779,0,0,"[HANDLE] if i look too fancy, it'll be out of place. plus i've got facial piercings and bright hair, so, y'know. personal style."
TW10_4780,0,0,[HANDLE] yes :P
TW10_4781,0,0,[HANDLE] [URL]
TW10_4782,0,0,"[HANDLE] haha, you have until ~ 3:30 PST. :)"
TW10_4783,0,0,"[HANDLE] 30 is amazing. 20's are bullshit, i would never relive my 20's."
TW10_4784,0,0,"Last night I was meeting so many people and they were asking what I do, and I was like I CAN'T TELL YOU YET."
TW10_4785,0,0,"otoh, eventually most of them were like ""wait. harper? you're randi harper?"" and I still don't know how to adjust to this."
TW10_4786,0,0,"when someone uses my last name to introduce or address me, i always feel like i'm in trouble."
TW10_4787,0,0,[HANDLE] several pairs. :P
TW10_4788,0,0,"[HANDLE] hahahahhahaha.

[URL]"
TW10_4789,0,0,[HANDLE] we can talk about computers later if it will make you feel better.
TW10_4790,0,0,[HANDLE] not giving the talk. just going to be there for the fireworks. :)
TW10_4791,0,0,"Hit me with your best shot.

[URL]"
TW10_4792,0,0,RT [HANDLE]: In honor of all the #womenintech attending #15NTC Happy #WomensHistoryMonth ! [URL]
TW10_4793,0,0,[HANDLE] SAVE SOME RIBBONS FOR ME. &lt;3 &lt;3 &lt;3
TW10_4794,0,0,"[HANDLE] [HANDLE] [HANDLE] holy pileons. please don't dogpile, as much as you may hate someone. it's a form of abuse."
TW10_4795,0,0,"[HANDLE] [HANDLE] [HANDLE] the action may be bad (not judging it from my pedestal), but seeing multiple people jump on her."
TW10_4796,0,0,[HANDLE] [HANDLE] it is very appreciated. thank you. :)
TW10_4797,0,0,Read this. I like this. A Note on Call-Out Culture [URL] (via [HANDLE])
TW10_4798,0,0,"[HANDLE] [HANDLE] i dunno. I think PC is okay. Call-out (imo) has more to do with public callouts, which initiate pile-ons."
TW10_4799,0,0,You wish your leggings had game like this. [URL]
TW10_4800,0,0,[HANDLE] omg anil i am dying you have slain me
TW10_4801,0,0,"[HANDLE] this is a museum piece, sir"
TW10_4802,0,0,"[HANDLE] these are museum pieces - if you can find authentic ones (it's rare), L fits up to like a size 22."
TW10_4803,0,0,[HANDLE] i was lucky enough to find mine on a swap &amp; sell for normal price. i usally see them on ebay for &gt;[MONEY]+
TW10_4804,0,0,3 hours and 40 minutes.
TW10_4805,0,0,[HANDLE] [HANDLE] the swap &amp; sale page on facebook is realllly good for finding older pieces at normal prices.
TW10_4806,0,0,"I AM SO EXCITED AND HAPPY THAT I WANT TO CRY. 

WHAT IS THIS."
TW10_4807,0,0,[HANDLE] BM is getting closer with their newer LT sizes.
TW10_4808,0,0,[HANDLE] but amazon is generally a terrible place to buy any clothing other than socks. &gt;.&gt;
TW10_4809,0,0,[HANDLE] sorry. &gt;.&gt;
TW10_4810,0,0,I may be off the IGDA's Christmas Card list. Oops. You'll be able to make guesses as to why later today. :)
TW10_4811,0,0,Setting up DNS and mail forwards and twitter accounts and analytics and trying to do my eye makeup at the same time why is life so hard
TW10_4812,0,0,RT [HANDLE]: Gonna be making a big announcement at the panel I am on about online harassment today :D
TW10_4813,0,0,[HANDLE] I AM SO FUCKING EXCITED ARE YOU EXCITED
TW10_4814,0,0,"hello grafana/graphite/statsd server, let's set you up again because this will be innnnteresting"
TW10_4815,0,0,".[HANDLE] [HANDLE] yo, i use ruby where are my ladies"
TW10_4816,0,0,"Okay. Hey, tech industry contacts. I need to talk to someone from Salesforce, Atlassian, and uh. Yeah, that should be good for now."
TW10_4817,0,0,[HANDLE] it's the eye makeup that makes it all difficult.
TW10_4818,0,0,"This is so weird you guys. SO WEIRD. So awesome. If you had asked me a year ago where I would be, I never would have guessed this."
TW10_4819,0,0,[HANDLE] I am hyping the fuck out of this by just being honest and people are setting timers and stuff.
TW10_4820,0,0,"[HANDLE] hey, can you poke the organizer? i was thinking about streaming this. maybe twitch."
TW10_4821,0,0,"[HANDLE] although vine may work too, since it's like a small part of what you are talking about. dunno."
TW10_4822,0,0,[HANDLE] you should try. guyliner is the best. not gonna even joke about that.
TW10_4823,0,0,"not sure about a stream, but i'll have at the very least a vine of zoe making the announcement. and i'll be livetweeting."
TW10_4824,0,0,"[HANDLE] [HANDLE] [HANDLE] file a report with twitter. if it's urgent or twitter's abuse system doesn't do anything, email me."
TW10_4825,0,0,"I'm going to lug my macbook air, my ipad, my 3DS, and my surface pro 2 with me. I need my battle station. This will suffice."
TW10_4826,0,0,[HANDLE] my budget is tiny. :)  i just got an ipad. it was a big expense for me.
TW10_4827,0,0,"[HANDLE] [HANDLE] [HANDLE] will need a uh, sales contact there. for a specific thing... can't release info until ~4pm."
TW10_4828,0,0,[HANDLE] [HANDLE] [HANDLE] will def be getting back to this though. i think salesforce will be a good idea for us.
TW10_4829,0,0,"[HANDLE] [HANDLE] [HANDLE] email randi at randi.io, if you need my pager address for urgent concerns, i can give that to you."
TW10_4830,0,0,[HANDLE] we'll see. i'm still figuring out what our tech &amp; infra concerns are going to be. :)
TW10_4831,0,0,"[HANDLE] [HANDLE] [HANDLE] yeah, not good to go assuming all abuse happens around GG. that's just not the case."
TW10_4832,0,0,[HANDLE] press is involved. good luck with that. :)
TW10_4833,0,0,"[HANDLE] mind hitting me up later this evening or tomorrow? will need to talk to someone from sales, i think. can't give more details yet."
TW10_4834,0,0,1 hour 21 minutes
TW10_4835,0,0,[HANDLE] can you follow for a DM?
TW10_4836,0,0,[HANDLE] [HANDLE] [HANDLE] ruby's implementation of threading definitely does not get me hot.
TW10_4837,0,0,[HANDLE] follow for DM please
TW10_4838,0,0,So excited I am nauseated oh gosh gosh gosh gosh gosh.
TW10_4839,0,0,Wait. Twitter handles video now. What's the recording length limitation?
TW10_4840,0,0,[HANDLE] ME TOOOOOO
TW10_4841,0,0,RT [HANDLE]: [HANDLE] At this point... I kinda think you guys are gonna announce Half-Life 3 D:
TW10_4842,0,0,On my way to GDC. Will need to finish up a few things and then... We wait.
TW10_4843,0,0,"RT [HANDLE]: [HANDLE] Whatever your announcement is going to be, I think it broke Reddit."
TW10_4844,0,0,lol sitting next to zynga management.
TW10_4845,0,0,I'm here and I'm hiding because I am literally wearing spoilers for the announcement. :P
TW10_4846,0,0,Just a few minutes until this panel starts.  Zoe goes last. Making the announcement when she does. Teasers until then. :)
TW10_4847,0,0,[HANDLE] harassment panel. front row.
TW10_4848,0,0,[HANDLE] need to sit here with [HANDLE] :)
TW10_4849,0,0,"[HANDLE] [HANDLE] i don't think i'm going to be able to record, so if you could &amp; post to twitter, that would be awesome."
TW10_4850,0,0,Listening to [HANDLE] talk about how harassment is important. And how we are going to help you through it.
TW10_4851,0,0,"""I'm bringing it up for one reason. GamerGate has brought harassment into the limelight, but rest assured, it's always there."""
TW10_4852,0,0,"This is a problem that affects everyone, but we have seen far more harassment targeting women."
TW10_4853,0,0,It is fitting that we are now seeing these strong women speaking out and trying to fix problems that others are uncertain of how to tackle.
TW10_4854,0,0,Oh gosh she mentioned me and #ggautoblocker in her talk and now I am blushing and trying not to sniffle.
TW10_4855,0,0,"In this ongoing tragedy, we found our voices &amp; each other. We have learned to work together, and to support &amp; encourage these amazing women."
TW10_4856,0,0,I can't even find the words to describe how much I value the work of all the people I've met during this time. How much I love all of them.
TW10_4857,0,0,"We talk about GamerGate a lot. But the truth is, GamerGate isn't the real battle. It's a symptom of a larger problem."
TW10_4858,0,0,"Online harassment is something most people have faced at some point, regardless of their views on ethics in games journalism."
TW10_4859,0,0,"It's a really tough problem, because it's a BIG problem. It is far reaching. It has many different forms."
TW10_4860,0,0,"The scope of the problem can discourage people from trying to fight it. Often this leads to thinking, ""what can I do? I'm just one person."""
TW10_4861,0,0,"You aren't just one person. There are many of us, and we all have voices. But more than that, we have resources, experience, and passion."
TW10_4862,0,0,You aren't alone in this. You're never alone in this.
TW10_4863,0,0,"We have seen so many fantastic things happen out of this tragedy. First, we have [HANDLE]. Amazing advocacy. A voice that is far reaching."
TW10_4864,0,0,"We have [HANDLE], an invaluable resource that provides emotional support for targets of harassment."
TW10_4865,0,0,Both of these organizations have been created to address different aspects of very real problems that affect all of us.
TW10_4866,0,0,It's almost time. :)
TW10_4867,0,0,Soon soon soon
TW10_4868,0,0,Zoe is rocking the stage. [URL]
TW10_4869,0,0,[URL]
TW10_4870,0,0,[URL]
TW10_4871,0,0,"Today, I am happy to announce the Online Abuse Prevention Initiative, created with [HANDLE], [HANDLE], &amp; [HANDLE]."
TW10_4872,0,0,OAPI will focus on creating technical solutions for online abuse. [URL]
TW10_4873,0,0,OAPI is already working with several tech companies to develop &amp; engineer solutions for social problems. We are tech advocates for the user.
TW10_4874,0,0,OAPI will be partnering with [HANDLE] to provide them with the tools they need.
TW10_4875,0,0,We're creating tools and resources for individuals. We're working directly with companies on developer policies to make this a reality.
TW10_4876,0,0,"We know what online abuse looks like. We've been studying it, and we will create reports and publish our findings."
TW10_4877,0,0,"I'm so excited about this. We're already doing some great things, and I can't wait until I'm able to tell you more."
TW10_4878,0,0,Hahahaha [URL]
TW10_4879,0,0,[URL]
TW10_4880,0,0,We will be releasing as many tools as possible under the BSD license. [HANDLE]
TW10_4881,0,0,[HANDLE] I'm doing it full time :P
TW10_4882,0,0,"At some point in the future, we will be allowing external developers to contribute. [HANDLE]"
TW10_4883,0,0,[HANDLE] some of it. Many moving parts.
TW10_4884,0,0,[HANDLE] still figuring that part out. I've never been quite in this position. Things are going to get weird :)
TW10_4885,0,0,[HANDLE] [HANDLE] I don't like the GPL.
TW10_4886,0,0,[HANDLE] [HANDLE] it's also a license I know well. I agree with the philosophy behind it.
TW10_4887,0,0,RT [HANDLE]: [HANDLE] It's great to see this being tackled on so many different fronts at once! Voltron indeed!
TW10_4888,0,0,[HANDLE] we should def talk later :)
TW10_4889,0,0,[HANDLE] agreed.
TW10_4890,0,0,[HANDLE] nope.
TW10_4891,0,0,[HANDLE] shoot me an email. randi at our new domain name :)
TW10_4892,0,0,[HANDLE] awesome! Can't wait to hear from you.
TW10_4893,0,0,[HANDLE] ty. We got that out in a hurry. Will fix it :)
TW10_4894,0,0,[HANDLE] you too!
TW10_4895,0,0,"We know about the typo and we'll be fixing it :P  we got this together pretty quickly. When we finally make a decision, we move fast."
TW10_4896,0,0,[HANDLE] yes and yes
TW10_4897,0,0,[HANDLE] [HANDLE] there's very little in specifics that I am free to discuss at this point. But I can give some overview.
TW10_4898,0,0,[HANDLE] [HANDLE] just the site :)
TW10_4899,0,0,[HANDLE] I'm so excited. Still at GDC. stuff is wild :)
TW10_4900,0,0,WE ARE IN THE WALL STREET JOURNAL!!!! Game Developer: The Gaming Industry Is Not Doing Enough to Combat Misogyny [URL]
TW10_4901,0,0,[HANDLE] soon. We've been working on it. Gotta move fast.
TW10_4902,0,0,[HANDLE] email is [EMAIL]
TW10_4903,0,0,Zoe Quinn and other female game developers speak out against harassment | GamesBeat | Games | by Dean Takahashi [URL]
TW10_4904,0,0,"Zoe Quinn, Gamergate developer: How to protect yourself - Business Insider [URL]"
TW10_4905,0,0,The Online Abuse Prevention Initiative | Hacker News [URL]
TW10_4906,0,0,This feels like that that endorphin rush public speakers get but so much more intense. Oh boy.
TW10_4907,0,0,RT [HANDLE]: Just colluding and conspiring with [HANDLE] [URL]
TW10_4908,0,0,"[HANDLE] gosh, FINALLY :P"
TW10_4909,0,0,I cannot get this goofy grin off my face.
TW10_4910,0,0,"I can't believe I'm using this word without irony, but this is setting up to be disruptive as heck."
TW10_4911,0,0,Women speak out about harassment at GDC [NUMBER] | MetaFilter [URL]
TW10_4912,0,0,RT [HANDLE]: Having an epic dinner with [HANDLE] and [HANDLE].
TW10_4913,0,0,Dealing with harassment | [URL] [URL]
TW10_4914,0,0,It is so hard not answering questions. Darn it. [HANDLE] needs to take my phone away from me. :P
TW10_4915,0,0,Waiting for BART so I can go home and curl up and reflect away from the Internet for a while. Need to calm down and get some rest.
TW10_4916,0,0,The amount of kind words and support we've received from all of you has been immense. Thank you all so very much.
TW10_4917,0,0,[HANDLE] I will never stop posting WoW selfies.
TW10_4918,0,0,[HANDLE] 200 lines of tequila driven perl. Good times.
TW10_4919,0,0,"[HANDLE] I kinda laughed at the pic, gotta admit"
TW10_4920,0,0,RT [HANDLE]: #gamergate'rs trying to spout their nonsense to people on hacker news. the replies are amusing &lt;3 [URL]
TW10_4921,0,0,"[HANDLE] ""dictionary"" #grammargate"
TW10_4922,0,0,[HANDLE] [HANDLE] Closer to 200. I wrote it in 20 minutes and was drunk off my ass.
TW10_4923,0,0,[HANDLE] we should chat soon. ;)
TW10_4924,0,0,"[HANDLE] well, now you might have some idea as to why i've been *SO SLOW* on responding. :P"
TW10_4925,0,0,"[HANDLE] how about this - my next week is still empty, but will fill up quick (i'm guessing). email me a time. I'll come visit."
TW10_4926,0,0,"[HANDLE] i think it's partially a gender thing, tbh. there aren't a lot of women in leadership positions."
TW10_4927,0,0,[HANDLE] i'm curious as to how the mindset might be different for new female founders vs dudes.
TW10_4928,0,0,"RT [HANDLE]: It's just a lot more experience with women's issues, and don't let the bugs bite."
TW10_4929,0,0,"RT [HANDLE]: early days, but [URL] looks *exactly* like what a lot of people have been wishing for. Nice work, [HANDLE] a…"
TW10_4930,0,0,[HANDLE] thanks. :)
TW10_4931,0,0,"[HANDLE] i'm a jerk with an ego the size of texas, and i'm still having probs wrapping my head around it."
TW10_4932,0,0,Alright. Time for me to get off the internet and hide for a bit until I manage sleep. I'll be getting into GDC late tomorrow.
TW10_4933,0,0,"I am so tired. Barely slept. Kept waking up to minor adrenaline rush. Need to move quickly, need to get stuff DONE, but really need a nap!"
TW10_4934,0,0,[HANDLE] that's a scary thought :P
TW10_4935,0,0,It is so tempting to wear my Wonder Woman outfit under my normal clothes today. Cape management on BART could be challenging.
TW10_4936,0,0,[HANDLE] just heard about yesterday. Well done. :)
TW10_4937,0,0,[HANDLE] depends on the artist ;) my outfit has a cape.
TW10_4938,0,0,"I appreciate all of the emails regarding the domain WHOIS info, but rest assured, this was deliberate."
TW10_4939,0,0,"I'm a target regardless, and my information was already public. I have adequate physical security, and the local police know who I am."
TW10_4940,0,0,"I do have to go get us an actual business address soon so we can finish with the paperwork to get 501c3 status, so it is all temporary. :)"
TW10_4941,0,0,"[HANDLE] we'll be making an announcement about that later. Until paperwork is complete, it's all funded by me &amp; the money from patreon"
TW10_4942,0,0,"Hey, blizzard folks! I'm (obviously) not looking to be headhunted, but I'll be dropping by your party tonight. See you there! ;)"
TW10_4943,0,0,Insights from a 'GamerGate' target: How to protect yourself from harassment online - GeekWire [URL]
TW10_4944,0,0,[HANDLE] sent to my reading list for later. Thank you :)
TW10_4945,0,0,[HANDLE] hah! We have to secure funding first.
TW10_4946,0,0,"The morning after, hung over, struggling to remember how that pile of o'reilly books ended up in your bed. ""WHAT DID I CODE LAST NIGHT"""
TW10_4947,0,0,"We've all been there, right?

... Right?

... Guys?

*crickets*"
TW10_4948,0,0,[HANDLE] aww :( I hope things get better over there soon.
TW10_4949,0,0,"[HANDLE] [HANDLE] [HANDLE] [HANDLE] Sam, I appreciate you trying to correct people, but please drop my mention :)"
TW10_4950,0,0,[HANDLE] been there
TW10_4951,0,0,"[HANDLE] I'll add them to our doc. I understand applying for grants is an art, so it'll likely take a while for us to get it right."
TW10_4952,0,0,[HANDLE] me too. I can't wait until I'm free to talk about more :)
TW10_4953,0,0,[HANDLE] I love your hair :)
TW10_4954,0,0,"Uh, yes I will be needing this. OBVIOUSLY. [URL]"
TW10_4955,0,0,Rather amused at the uneducated criticism I'm hearing about from GamerGate. They think a nonprofit means I won't have to pay taxes.
TW10_4956,0,0,I'm an employee of that non-profit. I pay the same taxes on my salary as an employee of a for-profit. They are repeating some weird stuff.
TW10_4957,0,0,"I try to make a habit out of not responding to their conspiracy theories, but that one was too funny not to share. :)"
TW10_4958,0,0,[HANDLE] who puts gamergate on an exam? o_O
TW10_4959,0,0,[HANDLE] i'm glad it was able to help. :)
TW10_4960,0,0,[HANDLE] bahahaha
TW10_4961,0,0,[HANDLE] i love rock band. :P
TW10_4962,0,0,RT [HANDLE]: Packed house for #WIG2015 [URL]
TW10_4963,0,0,I need to stop frantically typing up responses to emails (to be sent after being reviewed by the rest of my board) and get my butt to GDC.
TW10_4964,0,0,"For the first time in my months of monitoring this, a man momentarily surpassed all the LWs in targeted GamerGate harassment. Congrats?"
TW10_4965,0,0,[HANDLE] ARE YOU AT GDC
TW10_4966,0,0,"[HANDLE] if you are, i may try to locate you for another hug."
TW10_4967,0,0,[HANDLE] I'm trying to get more insight into trans issues - definitely a group that sees a substantial amount of online harassment :\\
TW10_4968,0,0,[HANDLE] so looking forward to seeing your tweets!
TW10_4969,0,0,[HANDLE] IT BEGINS.
TW10_4970,0,0,I have certain autoblock scripts that run against my own accounts. several accounts blocked this morning based on tweets they've sent me.
TW10_4971,0,0,Checked a timeline or two just for verification... I'm glad my code works as well as it does. ;)
TW10_4972,0,0,[HANDLE] mad props to [HANDLE]. Well done.
TW10_4973,0,0,[HANDLE] definitely in progress. I really want to give a TED talk at some point on engineering tech to solve social problems.
TW10_4974,0,0,Presented without comment. [URL]
TW10_4975,0,0,[HANDLE] giving a TED talk has been one of my goals for... forever. I just had to find the thing I was passionate about. Found it. :)
TW10_4976,0,0,[HANDLE] yes. yes please. take my money.
TW10_4977,0,0,RT [HANDLE]: How Blizzard is taking aim at toxic players in Heroes of the Storm: [URL] [URL]
TW10_4978,0,0,I like the way Blizzard is tackling toxic players in Heroes of the Storm. It's a good first step.
TW10_4979,0,0,"Creating a reporting system is difficult, because of the human intervention and level of bias that is involved."
TW10_4980,0,0,"For more egregious cases for harassment, we definitely need to be able to respond to those appropriately. But most toxicity isn't this."
TW10_4981,0,0,"Having a high level of toxicity in your community can lead to more serious cases of harassment and abuse, so we need to tackle this head on."
TW10_4982,0,0,Putting the tools into the hands of users is a GREAT idea. We need more active solutions for protecting ourselves.
TW10_4983,0,0,One of my least favorite things is sending an abuse complaint into the void of a ticketing system and waiting for a human. We can do better.
TW10_4984,0,0,[HANDLE] the only info i've got is the kotaku article I just RTed. :)
TW10_4985,0,0,"Gaming companies are rarely *tech* companies. That's not their core competency, but they deal with inordinate amounts of abuse."
TW10_4986,0,0,[HANDLE] difficult to write those with current limitations of developer policy.
TW10_4987,0,0,"Users want transparency in abuse systems, but there's a difficulty in this. It can allow people to game the system."
TW10_4988,0,0,[HANDLE] GDC has been amazing. We've been waiting for this.
TW10_4989,0,0,[HANDLE] and that would break developer policy.
TW10_4990,0,0,"[HANDLE] you can't filter, with the exception of blocks."
TW10_4991,0,0,"[HANDLE] tweetdeck is owned by twitter, and was bought around the time that devpolicy was changed."
TW10_4992,0,0,[HANDLE] working on it.
TW10_4993,0,0,"RT [HANDLE]: ""I am proud to announce this nonprofit organization""
""u r fat"" 
 
God i love working on the internet."
TW10_4994,0,0,"[HANDLE] you are fucking amazing, and i love you."
TW10_4995,0,0,"ifff you see me at GDC or the blizzard thing tonight and you ask me if i am wearing a wonderwoman outfit, i will not be able to deny it"
TW10_4996,0,0,Don't put on the cape unless you're ready to be a hero. [URL]
TW10_4997,0,0,[HANDLE] under my clothes. :P  the cape is in my backpack.
TW10_4998,0,0,"RT [HANDLE]: Man, still trending. People must really love Canada jokes!"
TW10_4999,0,0,Holy crap. I just realized my entire apartment is [HANDLE] themed. Her logo colors == my life.
TW10_5000,0,0,[HANDLE] this is my work :)
TW10_5001,0,0,We knew when we started this that a movement based on harassment would do anything in their power to stop it.
TW10_5002,0,0,[HANDLE] I've got a pretty awesome lawyer working with us.
TW10_5003,0,0,"[HANDLE] most of tech doesn't really know about gamergate and doesn't care. In a bigger sense, gamergate has no importance."
TW10_5004,0,0,"[HANDLE] that's why they really can't effect us. gaming industry is involved, sure. But it's a much bigger conversation."
TW10_5005,0,0,Entering GDC expo hall. Look for the neon pink backpack :)
TW10_5006,0,0,Spoilers. [URL]
TW10_5007,0,0,"Saw Mozilla and GitHub booths. ""HI I KNOW YOU"""
TW10_5008,0,0,"And they knew me, too. SO WEIRD."
TW10_5009,0,0,[HANDLE] we are partnered with them. We are the technology side of things ;)
TW10_5010,0,0,[HANDLE] probably. Will be wandering the rest of today.
TW10_5011,0,0,[HANDLE] I had to run for a meeting. Will try to make it back before end of day. Also OMG HI
TW10_5012,0,0,"[HANDLE] not sure yet, but I've heard good things from many people."
TW10_5013,0,0,Going to see [HANDLE]'s movie I AM SO EXCITED
TW10_5014,0,0,[URL]
TW10_5015,0,0,So fucking proud of Zoe right now. And it is so weird being part of an entourage :P
TW10_5016,0,0,[URL]
TW10_5017,0,0,"""I'm terrified every single day of my life of the fact that people think I know what I'm doing"" #gameloading"
TW10_5018,0,0,[HANDLE] used to be
TW10_5019,0,0,"RT [HANDLE]: [HANDLE] When I think about all the different things that have happened since last August, I think of things like th…"
TW10_5020,0,0,[HANDLE] I SAW YOUR FACE
TW10_5021,0,0,Oh my god. [HANDLE] is ADORABLE. I have a crush. #gameloading
TW10_5022,0,0,IT'S ZOE ZOE IS IN A MOOOOOVIE [HANDLE] #gameloading [URL]
TW10_5023,0,0,[HANDLE] no
TW10_5024,0,0,I see [HANDLE]!!! #gameloading
TW10_5025,0,0,#GamerGate Is Now Literally An Industry Joke | Badass Digest [URL]
TW10_5026,0,0,"RT [HANDLE]: Our last tweet was a mistake. Google supports an open, diverse gaming community for all. We do not support #GamerGate."
TW10_5027,0,0,Stop calling for the head of whoever made that [HANDLE] tweet earlier. It was retracted. That is not a reasonable response.
TW10_5028,0,0,[HANDLE] [HANDLE] yes. It is unfortunate. People have strong feelings and let them cloud their judgement
TW10_5029,0,0,"[HANDLE] [HANDLE] no, it wasn't. I'm a minority and it was used to try to silence me and other women."
TW10_5030,0,0,"[HANDLE] I'm not just referring to you. Also, you are not tim :/"
TW10_5031,0,0,"[HANDLE] yeah, we should talk. I was just about to send an email over to them right before I was told it was retracted."
TW10_5032,0,0,"[HANDLE] you rock. &lt;3  i got a text about it at a very inopportune time, was all ""awww, hell, not now."""
TW10_5033,0,0,"I'm not sure who randomactor is, but I've been sent screenshots of their comments, and I like them. Keep rocking it, dude."
TW10_5034,0,0,"People are making an interesting case irt libel and some things GG is saying about OAPI, but honestly, my dance card is already full."
TW10_5035,0,0,"[HANDLE] that's awesome. :)  yeah, i'm not really bothering to read GG's response - although people send me snippets."
TW10_5036,0,0,"[HANDLE] they don't know what we're doing, and they have no power outside of being a distraction."
TW10_5037,0,0,"[HANDLE] i had that for a while in the beginning, but now? i have code that keeps track of all of it for me, if it's needed."
TW10_5038,0,0,[HANDLE] it's like reading tabloids. easy to spend too much time reading garbage instead of doing cool things.
TW10_5039,0,0,"[HANDLE] absolutely. :)  i'm still cracking up that the ONE TIME i wear a superhero cape on BART, I run into someone that I (sorta) know."
TW10_5040,0,0,"[HANDLE] OAPI, and yes. we are partnered with crash, but they are victim advocates. we work more with tech &amp; directly with tech cos."
TW10_5041,0,0,[HANDLE] we'll have more info out about this soon. ;)
TW10_5042,0,0,"I need to post this again, because I keep re-reading this article and going SQUEEEEEE [URL]"
TW10_5043,0,0,[HANDLE] [HANDLE] hi i like you &lt;3
TW10_5044,0,0,[HANDLE] [HANDLE] read the last line of the paragraph about OAPI out loud to a table full of indie devs at dinner tonight. LOVE IT.
TW10_5045,0,0,[HANDLE] oh well.
TW10_5046,0,0,[HANDLE] honestly? i forgot his name. :P doesn't really matter. i'm working with real data scientists.
TW10_5047,0,0,[HANDLE] #NachoShield is my favorite. :)
TW10_5048,0,0,"[HANDLE] it's entertaining, but well... let's just say my entire next week is quickly filling with meetings. no time for gamergate. :)"
TW10_5049,0,0,I got some insight into the indie gaming community tonight. Just a peek. It was enlightening.
TW10_5050,0,0,A lot of indie game devs remind me a LOT of FOSS devs. It's all about that passion. I'm drawn to passion. Kind of in love with all of them.
TW10_5051,0,0,[HANDLE] hoping we'll be able to release more info soon. :) Lots of stuff in the works. I promise big things.
TW10_5052,0,0,"[HANDLE] I'll keep that in mind. :) At some point, I could see it going there - but not on our roadmap for at least 9-12 months."
TW10_5053,0,0,[HANDLE] o_O   that's appreciated greatly. going to be releasing some financial info soon.
TW10_5054,0,0,GDC was great today. Thank you for letting me be a small part of your world. But it's time to (literally) take off my cape and go to bed. :)
TW10_5055,0,0,"OK, yeah. No GDC today. Coughing. Too much to do next week, can't risk full-blown ConSARS."
TW10_5056,0,0,"GG has already started flooding the IRS, proving that they have no idea that it is impossible to get the IRS to do what you want them to do."
TW10_5057,0,0,how do i even have an ear ache i am not 4
TW10_5058,0,0,[HANDLE] oof. i'm missing #chefconf? bummer :(
TW10_5059,0,0,"[HANDLE] tempting. i &lt;3 chef community so much, but given my focus is moving away from devops, seems like funds should go to someone else. :P"
TW10_5060,0,0,[HANDLE] ooo. i might actually do that.
TW10_5061,0,0,[HANDLE] [HANDLE] thanks! ;)
TW10_5062,0,0,"[HANDLE] a lot of people contribute just a little bit, and it turns into enough to keep me afloat. every dollar is immensely appreciated."
TW10_5063,0,0,[HANDLE] i wear beats headphones for phone calls. :P
TW10_5064,0,0,[URL]
TW10_5065,0,0,[HANDLE] that does not look organic or grass fed TAKE IT BACK
TW10_5066,0,0,[HANDLE] ... i thought the same thing.
TW10_5067,0,0,"[HANDLE] purchased from sock dreams, sadly. :P"
TW10_5068,0,0,[HANDLE] [URL]
TW10_5069,0,0,[HANDLE] it is absurd how much of my amazon wish list consists of socks.
TW10_5070,0,0,"[HANDLE] if you are a fan of fun socks, check out anything by Blue Q. [URL]"
TW10_5071,0,0,[HANDLE] i have those. :P
TW10_5072,0,0,"[HANDLE] hahaha, my favorite thing ever is shopping for fun socks. :)"
TW10_5073,0,0,RT [HANDLE]: Thanks [HANDLE] for the great talk  [HANDLE] about digital government and [HANDLE] [URL]
TW10_5074,0,0,[HANDLE] WHY AM I NOT ON THE LIST
TW10_5075,0,0,[HANDLE] thank you for the personal story you related. it was touching.
TW10_5076,0,0,"[HANDLE] seriously, you're going to make me cry. :P"
TW10_5077,0,0,[HANDLE] (p.s. blizzard makes the best games)
TW10_5078,0,0,[HANDLE] awesome! :D
TW10_5079,0,0,[HANDLE] email me this so I can get to it. Currently in my car.
TW10_5080,0,0,[HANDLE] we'll have quite a few more citations soon. :) including official text defining OAPI's relationship with CON.
TW10_5081,0,0,"[HANDLE] [HANDLE] ewwww. i saw this on my phone, so didn't see the salvation army logo."
TW10_5082,0,0,"[HANDLE] for now, i have to resist answering over twitter. it'll be quoted by press, need to have the rest of OAPI involved in statements"
TW10_5083,0,0,"I had a migraine until we made the announcement, then all the feels in the past few days have me wanting to cry ALL THE TIME. good tears."
TW10_5084,0,0,"then i got sick, but i have work to do. solution? i just went out and bought a 6 lb brisket. All problems can be solved with more meat."
TW10_5085,0,0,[HANDLE] that's never a problem.
TW10_5086,0,0,[HANDLE] the real work is just getting started. ^.^
TW10_5087,0,0,[HANDLE] [HANDLE] [HANDLE] keep in mind that promoted tweets don't have to be timeline tweets.
TW10_5088,0,0,"Seeing a lot of talk about GDC vs PAX. I felt safer at GDC post-GamerGate than I did at PAX pre-GamerGate. So, there's that."
TW10_5089,0,0,[HANDLE] i have other experiences that are not fine from the standpoint of being an ex-volunteer.
TW10_5090,0,0,No. [URL]
TW10_5091,0,0,"Hey, [HANDLE], [HANDLE], [HANDLE], that party at GDC right after promoting #1RTB? Not cool. [URL]"
TW10_5092,0,0,[HANDLE] [HANDLE] not cool.
TW10_5093,0,0,[HANDLE] [HANDLE] [HANDLE] [HANDLE] same. I recently bought their kingpin card. I always buy nvidia.
TW10_5094,0,0,[HANDLE] anything i say publicly gets quoted by the press. [EMAIL].
TW10_5095,0,0,[HANDLE] do you realize how creepy and inappropriate that tweet is?
TW10_5096,0,0,"[HANDLE] yo, check out [URL] It has helped me SO MUCH with eyestrain."
TW10_5097,0,0,[HANDLE] ah. i don't sit and think. the pacing &amp; ranting helps me.
TW10_5098,0,0,"[HANDLE] eek (also hi, i followed you because you're awesome. &lt;3)"
TW10_5099,0,0,[HANDLE] i love &amp; support sex workers. am friends with many.
TW10_5100,0,0,"Since I'm joining the startup scene, it seems like a bad thing that I'm looking forward to season 2 of Silicon Valley. But it looks SO GOOD."
TW10_5101,0,0,The Empty Chair - #1ReasonToBe - GDC [NUMBER]: [URL]
TW10_5102,0,0,[URL]
TW10_5103,0,0,That was a comment taken from Polygon's article on the #1RTB panel. [URL]
TW10_5104,0,0,[HANDLE] i'm glad to hear that you are so supportive of women and condemn the constant stream of harassment they receive.
TW10_5105,0,0,Need a way to switch btwn sets of tabs. Have a bunch of tabs open for a WoW addon I'm writing that creates goog calendar for garrison.
TW10_5106,0,0,"Probably not going to be working on that for another few weeks, time to switch to ""running a non-profit"" set of tabs."
TW10_5107,0,0,[HANDLE] i'm mostly pondering a few startup incubators that are now accepting non-profit applications.
TW10_5108,0,0,"[HANDLE] :P  OAPI. coverage in wsj, venturebeat, more. good mention here. [URL]"
TW10_5109,0,0,"[HANDLE] [HANDLE] [HANDLE] ugh, what did they do this year?"
TW10_5110,0,0,[HANDLE] [HANDLE] [HANDLE] [HANDLE] wait. which enforcer.
TW10_5111,0,0,[HANDLE] [HANDLE] [HANDLE] [HANDLE] (disclosure: i'm an ex-enforcer)
TW10_5112,0,0,[HANDLE] [HANDLE] [HANDLE] i am not surprised in the slightest. i wish that i was.
TW10_5113,0,0,[HANDLE] [HANDLE] keep in mind that PA put a sexual predator in charge of security and then brushed it under the rug 2yrs ago
TW10_5114,0,0,Sickened but not surprised by what happened at PAX earlier today. PAX has a history of making poor decisions at the cost of women's safety.
TW10_5115,0,0,"[HANDLE] [HANDLE] [HANDLE] please stop including me in that post. I use it for reference, but I used to live with her, and we"
TW10_5116,0,0,[HANDLE] [HANDLE] [HANDLE] are not exactly on speaking terms.
TW10_5117,0,0,[HANDLE] [URL]
TW10_5118,0,0,[HANDLE] [HANDLE] [HANDLE] i don't tend to talk about it much. :P personal info.
TW10_5119,0,0,[HANDLE] [URL]
TW10_5120,0,0,[HANDLE] [HANDLE] who doesn't love hugs? hugs are one of my favorite things.
TW10_5121,0,0,Here's an idea. How about the ability to mute someone for N period of time?
TW10_5122,0,0,"So it would auto-unmute after N hours, or whatever."
TW10_5123,0,0,[HANDLE] [HANDLE] yeah. it was pretty accurate. I don't see why that dude thought that these were bad things.
TW10_5124,0,0,"[HANDLE] iirc, tweetbot is a paid app. :)  i'm not necessarily thinking full-fledged client."
TW10_5125,0,0,"[HANDLE] ooo, i like that."
TW10_5126,0,0,"[HANDLE] built-in would be good. i can do more with 3rd party services than i can by providing a client, in the meanwhile."
TW10_5127,0,0,.[HANDLE] tweetbot is a paid client.
TW10_5128,0,0,[HANDLE] that is a lot harder. developer policy prohibits it.
TW10_5129,0,0,[HANDLE] [URL]
TW10_5130,0,0,[HANDLE] [HANDLE] not fond of the idea of creating features with a money barrier.
TW10_5131,0,0,"[HANDLE] i'm also quite curious about this, and wondering about the radio silence from [HANDLE]"
TW10_5132,0,0,[HANDLE] [HANDLE] blocked you? i thought she blocked someone else.
TW10_5133,0,0,[HANDLE] [HANDLE] [URL]
TW10_5134,0,0,[HANDLE] [HANDLE] except that features like that shouldn't have a pay barrier.
TW10_5135,0,0,RT [HANDLE]: women at GDC share heartbreaking stories. this is how #gamergate chooses to respond. [URL]
TW10_5136,0,0,[HANDLE] [HANDLE] i'm pushing more for these to be options added by twitter or using free scripts.
TW10_5137,0,0,[HANDLE] [HANDLE] i've just seen way to many abuse preventatives lately that suggest some sort of pay wall. can't get behind that.
TW10_5138,0,0,"[HANDLE] [HANDLE] [HANDLE] what i took out of this is that i am [HANDLE]'s sockpuppet, correct me if I am wrong."
TW10_5139,0,0,[HANDLE] [HANDLE] [HANDLE] revenge porn dude is hilarious if you listen to him. he thinks large tech companies shouldn't exist.
TW10_5140,0,0,"[HANDLE] [HANDLE] [HANDLE] if you talk to people, it's called collusion, not conversation. get it right."
TW10_5141,0,0,"[HANDLE] [HANDLE] [HANDLE] that's his original account, renamed."
TW10_5142,0,0,RT [HANDLE]: it looks like #gamergate ethicsed all over the place again [URL]
TW10_5143,0,0,[HANDLE] hmm. that tweet may be actionable.
TW10_5144,0,0,[HANDLE] can you send it up? i'm not exactly at my computer right now.
TW10_5145,0,0,"[HANDLE] yo, you're enforcing at PAX this year, right? can you find a person? [URL]"
TW10_5146,0,0,[HANDLE] i don't think so. it was just found.
TW10_5147,0,0,"[HANDLE] thanks, appreciated."
TW10_5148,0,0,"[HANDLE] [HANDLE] at the very least, it's actionable by twitter. [URL] is good enough for law enforcement."
TW10_5149,0,0,[HANDLE] [HANDLE] [HANDLE] ok - i have to say that i at least love how they are sticking to the correct pronoun.
TW10_5150,0,0,[HANDLE] he thinks the entire world should be indies.
TW10_5151,0,0,[HANDLE] [HANDLE] [HANDLE] [HANDLE] im sorry wat [URL]
TW10_5152,0,0,"oooo. Almost forgot, need to submit to CFP for #osbridge. :)"
TW10_5153,0,0,My bot. [URL]
TW10_5154,0,0,[HANDLE] [HANDLE] ughhhh now to decide what to submit. &gt;.&gt;
TW10_5155,0,0,[HANDLE] i think i had him muted because he was misconfigured to randomly tweet at me. :P
TW10_5156,0,0,[HANDLE] [HANDLE] APPARENTLY NOT
TW10_5157,0,0,[HANDLE] ... and this is why i hate that bot. because it's a misconfigured PoS that doesn't have _ebooks in it's name.
TW10_5158,0,0,"[HANDLE] now i have to login to randi_ebooks and add him to the bot base blacklist. so uh, thanks for that."
TW10_5159,0,0,[HANDLE] don't do dumbass things. i kicked the bot.
TW10_5160,0,0,[HANDLE] [HANDLE] needs to rename the bot to something_ebooks and this wouldn't be a problem.
TW10_5161,0,0,I stand by [HANDLE].
TW10_5162,0,0,[HANDLE] I know you're going through a lot right now. I can help with some of this. DM or email randi at [URL]
TW10_5163,0,0,"[HANDLE] this is awesome, and I love this."
TW10_5164,0,0,"[HANDLE] turning it into a block list could be pretty rad, too. ;)"
TW10_5165,0,0,"[HANDLE] i still don't understand the whole white knight things. knights get land, armor, sword, horse. who wouldn't want this? LAND IN SF?!"
TW10_5166,0,0,There's one particular person that has tweeted about me more than 40 times in the past 12 hours. This has been her pattern for the &gt;1 week.
TW10_5167,0,0,"She's trying to summon a mob, making false allegations about OAPI, and in general, acting... worrisome. Pondering if I need to lawyer up."
TW10_5168,0,0,"I'm not really concerned when it comes to gaters being gatery about *me*, but regarding this org, that's a problem."
TW10_5169,0,0,"[HANDLE] i've been mostly ignoring it, but she's clearly fixated and making weird accusations. has never once directly talked to me."
TW10_5170,0,0,[HANDLE] i suppose i have to get used to the idea of bloggers using my name to get hits. but slightly irritated.
TW10_5171,0,0,"[HANDLE] [HANDLE] eh, this is turning into more of a legal concern."
TW10_5172,0,0,"[HANDLE] no doubt. i don't really have the time for lawsuits, so it's a question of resource allocation vs benefit."
TW10_5173,0,0,"[HANDLE] on one hand, the only voice she has is with gaters - which doesn't really affect OAPI's reach."
TW10_5174,0,0,"[HANDLE] but on the other hand, it sends a message. and i'm not used to having to be concerned about an org's image vs my own."
TW10_5175,0,0,I started putting pocky through my lip rings. That seems reasonable. [URL]
TW10_5176,0,0,[HANDLE] SO MUCH POCKY
TW10_5177,0,0,[HANDLE] yes
TW10_5178,0,0,[HANDLE] storing it for later!
TW10_5179,0,0,[HANDLE] [HANDLE] so it causes problems with other bots. :\\
TW10_5180,0,0,[HANDLE] matcha
TW10_5181,0,0,"[HANDLE] well, i bought a case of it, sooo.... :P"
TW10_5182,0,0,[HANDLE] what does that have to do with anything?
TW10_5183,0,0,[HANDLE] we've got a PR firm. I might toss this their way.
TW10_5184,0,0,I am right now watching Enforcers defend Chums on facebook.
TW10_5185,0,0,This is a conversation I had with one of Chums friends earlier today. [URL]
TW10_5186,0,0,"I'm watching Enforcers say that they knew it was only a matter of time until this happened. Still, nothing was done."
TW10_5187,0,0,[HANDLE] [HANDLE] it's not internet rules. it's the way the code is written...
TW10_5188,0,0,[HANDLE] dude stop snapping at me what is your deal
TW10_5189,0,0,"[HANDLE] ok. whenever you've calmed yourself, poke me on facebook and i'll tell you why it's a problem w/the code base."
TW10_5190,0,0,[HANDLE] but right now i'm dealing with friends getting rape and death threats so sorry your anger isn't really a big deal. later.
TW10_5191,0,0,"[HANDLE] hey, if you toss me more info about that, i can pass it up the chain to enforcer type people. it would be appreciated."
TW10_5192,0,0,"[HANDLE] hi. Ex-enforcer her. Enforcers are now paid. They didn't used to be, but then state law required it."
TW10_5193,0,0,"[HANDLE] it's minimum wage. This started happening about 4 years ago, I think."
TW10_5194,0,0,"[HANDLE] thanks, it is appreciated."
TW10_5195,0,0,[HANDLE] [HANDLE] omg i am laughing so hard right now
TW10_5196,0,0,"[HANDLE] [HANDLE] given the changes in recruiting, i'm not really surprised. it was already going downhill. :("
TW10_5197,0,0,"[HANDLE] [HANDLE] i thought about this idea, and i would like it... but in general, i've seen [E] quality drop in past 5 yrs"
TW10_5198,0,0,"[HANDLE] [HANDLE] a community is generally great at policing itself, but not once the well is already poisoned. or something."
TW10_5199,0,0,"[HANDLE] happy to discuss on facebook in PM, but not publicly calling out their names on twitter. it would be a bad idea."
TW10_5200,0,0,[HANDLE] [HANDLE] yo bby i'm chaotic good
TW10_5201,0,0,[HANDLE] [HANDLE] wait WHICH D&amp;D VERSION
TW10_5202,0,0,I just couldn't ever develop lasting romantic feelings for anyone that prefered D&amp;D 4th edition over 3.5.
TW10_5203,0,0,[HANDLE] 5th edition doesn't exist. WE DON'T SPEAK OF THAT
TW10_5204,0,0,[HANDLE] ... i hate shadowrun. :P
TW10_5205,0,0,[HANDLE] it's like d&amp;d for peasants.
TW10_5206,0,0,"I have the fitbit Aria scale. It's a wifi scale, logs to internet. Which is awesome. But not for the reasons you'd think."
TW10_5207,0,0,"Guests use my Aria. I get emails w/their weight. Sometimes, when we're playing card games, I'll silently mouth the number at them. I win."
TW10_5208,0,0,[HANDLE] YOU ARE MARRIED YOUNG MISS GO HITHER
TW10_5209,0,0,[HANDLE] i'm a monogamous girl in a polygamous world.
TW10_5210,0,0,[HANDLE] [HANDLE] but does it scale?
TW10_5211,0,0,[HANDLE] that was my intention. :P
TW10_5212,0,0,"[HANDLE] [HANDLE] meh. i have a couple of pathfinder modules, but it's not really my thing."
TW10_5213,0,0,[HANDLE] [HANDLE] [HANDLE] mayyybe. i don't like virtual d&amp;d. i can't literally set things on fire and cause havoc.
TW10_5214,0,0,"[HANDLE] [HANDLE] i almost typed ""is it in the cloud"" forgetting that i have keyboard input word replace for cloud to butt."
TW10_5215,0,0,[HANDLE] [URL]
TW10_5216,0,0,[HANDLE] i can't play this game drunk.
TW10_5217,0,0,PVP TIME #selfie #warlords [URL]
TW10_5218,0,0,[HANDLE] perl requires little logic :P
TW10_5219,0,0,totally got the flag. #selfie #warlords [URL]
TW10_5220,0,0,This guy has on his serious face. #selfie #warlords [URL]
TW10_5221,0,0,[HANDLE] i love what they've done with trolls
TW10_5222,0,0,[HANDLE] i got spells for that.
TW10_5223,0,0,SO READY. #warlords #selfie [URL]
TW10_5224,0,0,[HANDLE] selfies are rad. ^.^
TW10_5225,0,0,One more BG before bed. :) #selfie #warlords [URL]
TW10_5226,0,0,"If you get a follow from [HANDLE], yes, that is me. Being a CEO is scary, and I want a private account for yelling :P"
TW10_5227,0,0,"If you send a follow request and I know you, I'll likely approve it. If I don't know you... meh. maybe."
TW10_5228,0,0,[HANDLE] right now? multiple browsers :P   i should set up tweetdeck for this.
TW10_5229,0,0,[HANDLE] chrome now supports having user profiles as well. i switch back and forth for a few different things. it's useful.
TW10_5230,0,0,"[HANDLE] i'm starting to do more stuff that is team-based though, so i'm thinking tweetdeck is the way to go."
TW10_5231,0,0,"I am sorry, journalists, but this is kind of a place for me to just vent. &gt;.&gt; i like you, i really do, but not for this. &lt;3"
TW10_5232,0,0,"[HANDLE] [HANDLE] yeah, it's pretty rad for managing multiple accounts in various services."
TW10_5233,0,0,"[HANDLE] this one is more official-ish. less tweets, i think. i'm still figuring out my role as CEO &amp; keeping normal persona."
TW10_5234,0,0,[HANDLE] also a few famous people followed me and now i'm freaking out that i tweet too much &amp; don't want to scare them off. :P
TW10_5235,0,0,[HANDLE] that's how it works with a private account.
TW10_5236,0,0,RT [HANDLE]: I wonder if [HANDLE] has seen this :) #wonderwoman  #InternationalWomensDay [URL]
TW10_5237,0,0,[HANDLE] tweetdeck has gotten a LOT better! they finally fixed the big blocklist bugs.
TW10_5238,0,0,[HANDLE] tweetbot is a paid client. :P
TW10_5239,0,0,[HANDLE] aw. &gt;.&gt;
TW10_5240,0,0,"Got a mention on Tech News 2Night on [URL] Not 100% accurate, but close enough. 4:45 in. [URL]"
TW10_5241,0,0,[HANDLE] sometimes. :)
TW10_5242,0,0,"[HANDLE] eh, I knew she'd take credit for me utilizing my old work account, but I can't really let GG affect my life decisons &lt;3"
TW10_5243,0,0,"[HANDLE] but regardless, i don't need to see her crud linked. She's picking targets to gain supporters. Old news."
TW10_5244,0,0,We should have some more info posted about OAPI soon. Lots of questions about if we are hiring. Glad to see people so excited!
TW10_5245,0,0,"Time to learn the art of writing to apply for grants. Seems like different orgs prefer drastically different styles, high level vs detailed."
TW10_5246,0,0,[HANDLE] steak.
TW10_5247,0,0,[HANDLE] that's a markov bot. not a human.
TW10_5248,0,0,"[HANDLE] speaking of which, i was able to oom my t2.micro servers with that script. :P hehe."
TW10_5249,0,0,"Obama just said ""user face desginer"" - oh no. no no no."
TW10_5250,0,0,someone please tlel me i heard that wrong. i had my face buried in my coffee cup.
TW10_5251,0,0,I heard it correctly. 1:57:20. [URL]
TW10_5252,0,0,"Breaking from the whitehouse. ""User Face Designer"" is now a tech job title."
TW10_5253,0,0,"Seriously, how am I the only person that caught this? This just confirms my belief that I'm the only person that watches the morning news."
TW10_5254,0,0,[HANDLE] my nickname is grandma. &gt;.&gt;
TW10_5255,0,0,[HANDLE] yessss *quiet fist pump* i am a trendsetter
TW10_5256,0,0,[HANDLE] dad?
TW10_5257,0,0,[HANDLE] [HANDLE] i knew it.
TW10_5258,0,0,My kingdom for a subscription to Safari Books Online. I miss having one provided by my former employer. :(
TW10_5259,0,0,"[HANDLE] I didn't read them. :P  I was sent a few screencaps, which is why I was a bit concerned."
TW10_5260,0,0,"[HANDLE] there are some statements made which are obvious slander (ie: what I do with funds w/Patreon, wth?), claims of fraud."
TW10_5261,0,0,"[HANDLE] but given that these people seem to not understand the difference between charity and NPO, why bother giving them my time?"
TW10_5262,0,0,[HANDLE] the only thing that's really concerning is that she's stalkerish in her obsession. reminds me of dude that showed up at my work
TW10_5263,0,0,"[HANDLE] and that shit freaks me out. not that she would likely do anything, but that she could rile someone up enough to do something."
TW10_5264,0,0,"[HANDLE] I don't think I've ever even directly mentioned her username, tho. But I'm sure she'll still yell ""dogpile!"""
TW10_5265,0,0,[HANDLE] i guess he was trying to say that - who knows? :P
TW10_5266,0,0,[HANDLE] won't work. 501c3 != charity
TW10_5267,0,0,[HANDLE] i added a 1gb swap. :P
TW10_5268,0,0,[HANDLE] always. :)
TW10_5269,0,0,I guess I've been doing a good enough job that a PUA/MRA site decided I was public enemy #1. Something to write home about?
TW10_5270,0,0,"I think this is spam. I'm not sure what I'm reading, but it's funny. // [HANDLE] [URL] [URL]"
TW10_5271,0,0,[HANDLE] redis is overkill for what i'm doing. i want something more portable/daemonless.
TW10_5272,0,0,[HANDLE] ooo. that's old school. i didn't even think of that.
TW10_5273,0,0,[HANDLE] wow. this looks perfect.
TW10_5274,0,0,[HANDLE] full blown redis is overkill for what I'm doing. Will try this out. :)
TW10_5275,0,0,[HANDLE] wat?
TW10_5276,0,0,"[HANDLE] unless you are the help desk person I am talking to, it is unlikely. I've been doing obscene things to ruby all evening."
TW10_5277,0,0,"[HANDLE] you are one of my favorite people, bby. Follower4ever"
TW10_5278,0,0,"Have realized that 8 hours in, my logic goes to hell and it's all rabbit holes and uncommitted code. Good reason to take a break."
TW10_5279,0,0,"Trying to get used to putting together and sticking to a project roadmap, since I'll likely be working with others on this soon."
TW10_5280,0,0,Trying to play nicely with others on the same areas of code is a learning experience. DevOps did not prepare me for this.
TW10_5281,0,0,"[HANDLE] or many DKIM setups, for that matter."
TW10_5282,0,0,"""You fear me, because you don't know what I am. I look like a woman, I sound like a man, and your reason tells yo... [URL]"
TW10_5283,0,0,"Woah! I just went to go prod sarah jeong to see if I could ask her a legal question, and saw she was gone. Hope everything is OK. :("
TW10_5284,0,0,does anyone know if she's alright?
TW10_5285,0,0,"[HANDLE] [HANDLE] oh, good. was really worried."
TW10_5286,0,0,[HANDLE] [HANDLE] [HANDLE] i saw. &lt;3 metafilter. :)
TW10_5287,0,0,"[HANDLE] oooh, did you see you had a ""fan"" account?"
TW10_5288,0,0,"[HANDLE] oh. yeah, it's his 5 seconds of fame. he's still hurting after a bunch of senior tech people ripped his ""work"" apart."
TW10_5289,0,0,[HANDLE] jira/bitbucket. :)
TW10_5290,0,0,"Going to Mountain View today. Can't wait! Horrid drive, but having introductory meetings in person is so much better than phone."
TW10_5291,0,0,RT [HANDLE]: Entire article attached. RT [HANDLE]: LOL [URL]
TW10_5292,0,0,"RT [HANDLE]: Great article!

Wired | Curbing Online Abuse Isn't Impossible, Here's Where We Start [URL]"
TW10_5293,0,0,"RT [HANDLE]: They have been testing/perfecting a terrorism formula to ruin target's lives, attempt to get them murdered or drive them to ki…"
TW10_5294,0,0,"RT [HANDLE]: First step is doxxing and death threats, which immediately destabilizes the target's most fundamental sense of safety and secu…"
TW10_5295,0,0,"RT [HANDLE]: It creates the isolation needed for longer-term campaigns (100s of threatening, abusive, harassing messages per hour) to have …"
TW10_5296,0,0,RT [HANDLE]: This causes lasting trauma that will not only temporarily silence but forever change the target's sense of safety and support …
TW10_5297,0,0,"RT [HANDLE]: They then start digging in detail through your past to ""find""/""invent"" things to justify harassing you and get more ammo."
TW10_5298,0,0,"RT [HANDLE]: This has the nice bonus effect of ""proving"" to your ""community"" that you deserve harassment and aren't worth supporting = more…"
TW10_5299,0,0,"RT [HANDLE]: That campaign signals to any stalkers, past partners, etc. that now is the time to GET THEM. This often means cyber sexual ass…"
TW10_5300,0,0,"RT [HANDLE]: If ANYONE is defending you at this point, the same techniques are applied to supporters to make sure that stops."
TW10_5301,0,0,"RT [HANDLE]: The message is clear: This target *WILL* be left COMPLETELY ISOLATED as we torture, terrorize and abuse them with impunity... …"
TW10_5302,0,0,"RT [HANDLE]: This systemized terrorism creeps closer and closer into the tech community, we are becoming the new hunting grounds."
TW10_5303,0,0,RT [HANDLE]: We have been IGNORING this because it was happening to the most marginalized users of our software and tools.
TW10_5304,0,0,I'm in south bay and available after 3 PM if any other companies/people would like to meet up.
TW10_5305,0,0,"Gaters have started spamming [HANDLE] instead of this account. It's cool, I'm modifying ggautoblocker to use mute just for that acct. ^.^"
TW10_5306,0,0,"RT [HANDLE]: Funfact: ""Redhat"" is the name of a company. GG should consider that before calling [HANDLE] racist #StopGamerGate [URL]"
TW10_5307,0,0,lol what? [URL]
TW10_5308,0,0,This reminds me of barrens chat.
TW10_5309,0,0,"[HANDLE] reported!
Reported for reporting!!
Reported for reporting my report!!!"
TW10_5310,0,0,[HANDLE] [HANDLE] [HANDLE] I'm around.
TW10_5311,0,0,No u. [URL]
TW10_5312,0,0,"The more companies I talk to, the more I realize we're going to need employees - and a steady form of funding to pay them. Excited!"
TW10_5313,0,0,Just need to figure out a way to hire people without disclosing their names publicly for security reasons. Is that a thing? LLC?
TW10_5314,0,0,"If the past 6mo have taught us anything, it's that attaching your name to anti-harassment gets yourself targeted for more harassment."
TW10_5315,0,0,[HANDLE] yes
TW10_5316,0,0,[HANDLE] [HANDLE]  that's a relief.
TW10_5317,0,0,"[HANDLE] yeah, that's my only concern. Being a nonprofit gives us a lot of restrictions."
TW10_5318,0,0,[HANDLE] nonprofits have weird restrictions. I'm still learning the ropes. I just assume everything is going to be difficult.
TW10_5319,0,0,[HANDLE] I have one. I just have to talk to them. Mostly musing.
TW10_5320,0,0,[HANDLE] I think the biggest challenge going forward in the near future is going to be securing funding.
TW10_5321,0,0,[HANDLE] A big project we have going forward is a user facing solution that involves the cooperation of large tech companies.
TW10_5322,0,0,[HANDLE] I don't have a problem getting tech companies involved. The concern is just funding everything.
TW10_5323,0,0,[HANDLE] I need to be less uncomfortable talking about money. I don't like asking for it. Really bad at that.
TW10_5324,0,0,"[HANDLE] I don't have to do it, but given that it's such a high priority, I need to put some time into it until we have it figured out."
TW10_5325,0,0,[HANDLE] i don't even know what that is! oh gosh.
TW10_5326,0,0,[HANDLE] i can't wait! :)  it's going to be awesome. great meeting with you.
TW10_5327,0,0,[HANDLE] yay! thank you! [HANDLE] I MISSED YOU AND I WORRIED.
TW10_5328,0,0,"[HANDLE] nowhere, yet. :) have to secure funding before hiring."
TW10_5329,0,0,[HANDLE] that would be *amazing*
TW10_5330,0,0,"[HANDLE] like i would owe you, big time."
TW10_5331,0,0,"If I see 1 more ""chief diversity officer"" talking about 1st amendment rights while not protecting victims of harassment, I might get angry."
TW10_5332,0,0,[HANDLE] YUP. Clemson Uni.
TW10_5333,0,0,"Bringing a care package to a friend in the hospital, as one does. [URL]"
TW10_5334,0,0,[HANDLE] [HANDLE] I shitposted in barrens chat. Not even gonna lie.
TW10_5335,0,0,[HANDLE] too late :P
TW10_5336,0,0,"[HANDLE] [HANDLE] in WoD, you see manrik and his wife as children. COME BAAAAACK."
TW10_5337,0,0,[HANDLE] i love [HANDLE].
TW10_5338,0,0,[HANDLE] sigh.
TW10_5339,0,0,"[HANDLE] haha, welllllll, i'm usually here so you know, whenever you're in town, hit me up. :) i miss you!"
TW10_5340,0,0,[HANDLE] [HANDLE] [HANDLE] yup! lots of references to things from classic. i love WoD.
TW10_5341,0,0,[HANDLE] [HANDLE] why interact with these people?
TW10_5342,0,0,"GamerGate is again talking abt sending my employer emails to get me fired.

Guys. I'm the Founder/CEO. I look forward to chatting with you."
TW10_5343,0,0,[HANDLE] not sure. was sent screencap
TW10_5344,0,0,I NEED THIS. [URL] [URL]
TW10_5345,0,0,[HANDLE] that's basically how a few orgs contacted about me have responded. :)
TW10_5346,0,0,I'm staring at that bowl cursing myself for leaving engineering and going into NPO which does not allow me to purchase ridiculous things.
TW10_5347,0,0,[HANDLE] BECAUSE OF THE PRICE WHICH IS NOT A LEGITIMATE REASON
TW10_5348,0,0,"[HANDLE] eh, that's because they are all young and don't realize that people learn &amp; mature with time."
TW10_5349,0,0,[HANDLE] [HANDLE] [HANDLE] yesssss
TW10_5350,0,0,"Today in ""things GamerGate does to try to stop OAPI"", they link to quotes of things I used to believe that I admitted to on my own blog."
TW10_5351,0,0,"Awkward. But it's a good case study on how FYGM is common in 20's, but not insurmountable. People can learn. [URL]"
TW10_5352,0,0,"And oh boy, did I have a lot of apologies to make eventually. :P Luckily, tech feminists are pretty awesome &amp; forgiving people."
TW10_5353,0,0,.[HANDLE] no idea. it's not going to work very well. the same show where I made those quotes is having me on again in a month. &lt;3
TW10_5354,0,0,I'm very excited to be back on [HANDLE] next month. I suspect this is going to be where I'm able to announce a new project by OAPI.
TW10_5355,0,0,[HANDLE] [HANDLE] i've been told i'm pretty good at drumming up suspense. :)
TW10_5356,0,0,"Y'know, if I keep making announcements during shows/events, it seems like that could make the press nervous, I guess?"
TW10_5357,0,0,[HANDLE] it could go either way. I'm not very predictable.
TW10_5358,0,0,I love [HANDLE]. [URL]
TW10_5359,0,0,[HANDLE] [HANDLE] wow. this is great.
TW10_5360,0,0,"[HANDLE] none of it is private info. I've even blogged about this, but you mouthbreathers can't read, I guess. &lt;3"
TW10_5361,0,0,[HANDLE] [HANDLE] i just assume this is going to lead to fighting someone outside a pub.
TW10_5362,0,0,"RT [HANDLE]: ""Don't go to the police about sexual assault. Just talk it over, settle it like adults!""

Privileges one party, hurts other.
…"
TW10_5363,0,0,What is modtalkleak?
TW10_5364,0,0,"[HANDLE] meh. you're probably right. i just keep seeing references to it, so i was curious."
TW10_5365,0,0,[HANDLE] [HANDLE] they are what it sounds like. very deep/rich colors that resemble jewels. :)
TW10_5366,0,0,[HANDLE] where's the file?
TW10_5367,0,0,[HANDLE] magnificent.
TW10_5368,0,0,[HANDLE] [HANDLE] there is no official response. i've talked to ~20 PDs. it's officer discretion. most officers will not say this.
TW10_5369,0,0,I'm pondering getting Leo a friend. Looking at shelter pics of the most adorable corgi/chihuahua mix right now. omg. omg omg.
TW10_5370,0,0,[HANDLE] [URL]
TW10_5371,0,0,[HANDLE] [URL]
TW10_5372,0,0,"[HANDLE] sigh. prob w/being a public figure (which you are, like it or not) is that when you say shit like this, it causes a storm."
TW10_5373,0,0,"[HANDLE] a figurative storm of shit - a shitstorm, if you will - that is now causing people to get harassed."
TW10_5374,0,0,[HANDLE] i don't disagree with your point. i don't frequent reddit at all because it's basically 100% circlejerks.
TW10_5375,0,0,"[HANDLE] but to put the spotlight on ghazi is to basically say ""i hate seeing people talk about abuse"" for MANY of the posters."
TW10_5376,0,0,[HANDLE] and now mods of ghazi are under fire by a mob that appears to have been led by you. :(
TW10_5377,0,0,"[HANDLE] [HANDLE] [HANDLE] i'm not 100% sure where it started, but it's not going anywhere good."
TW10_5378,0,0,[HANDLE] my feelings exactly.
TW10_5379,0,0,I support Ghazi as one of the few safe venting spaces for many people that are victims of GamerGate's harassment.
TW10_5380,0,0,[HANDLE] [HANDLE] [HANDLE] BLIZZARD MAKES HALFLIFE 3
TW10_5381,0,0,"[HANDLE] something that needs to be addressed, for sure."
TW10_5382,0,0,[HANDLE] &lt;3
TW10_5383,0,0,[HANDLE] you should bring those up with the mods. they are receptive.
TW10_5384,0,0,[HANDLE] [HANDLE] I don't have to listen to you on my personal account. You have no idea what OAPI is for or doing. Shove off.
TW10_5385,0,0,I left *engineering* to go into running a *non-profit*. Huge pay decrease. You're absurd. [HANDLE]
TW10_5386,0,0,[HANDLE] yep. randi.io
TW10_5387,0,0,"Yes, I know about [HANDLE]'s account. It's being looked into."
TW10_5388,0,0,"[HANDLE] [HANDLE] oh shit, i accidentally blocked you. whoops."
TW10_5389,0,0,"[HANDLE] it's a valuable resource for victims of harassment, so no."
TW10_5390,0,0,[HANDLE] i sometimes post to ghazi. i'm fond of the community's IRC channel. it's a place to be supported.
TW10_5391,0,0,"[HANDLE] ghazi has been criticized a few times in the past, and every time they reacted by reasonably discussing &amp; adapting."
TW10_5392,0,0,"[HANDLE] they make mistakes sometimes, but they are good people, and they try to do what's right. i support them."
TW10_5393,0,0,"[HANDLE] i'll likely be able to do a bit better than that, but not even close to money i made as a senior engineer."
TW10_5394,0,0,[HANDLE] [HANDLE] Why would anyone want to hire a rockstar anything? I've seen the movies. This just leads to problems with cocaine.
TW10_5395,0,0,WILL NEVER STOP LAUGHING. [URL]
TW10_5396,0,0,I require the sauce for this gif. Someone help? [URL]
TW10_5397,0,0,Cannot headdesk hard enough.
TW10_5398,0,0,[HANDLE] THANK YOU! :D
TW10_5399,0,0,"I suspect she doesn't know about either connection. But it's the site she's posting to, lol."
TW10_5400,0,0,Thank you everyone that pointed out it's from tswift's shake it off. This video is my new favorite thing.
TW10_5401,0,0,"I'm trying to get work done, but this is a problem. [URL]"
TW10_5402,0,0,"[HANDLE] [HANDLE] uh, random? what are you talking about?"
TW10_5403,0,0,"[HANDLE] [HANDLE] actually, never mind. no clue who you are. really don't care. go be dramatic in someone else's mentions."
TW10_5404,0,0,RT [HANDLE]: Revenge Porn and doxxing was just banned from Twitter. [URL] [URL]
TW10_5405,0,0,"[HANDLE] doesn't work if the people are already following you, either."
TW10_5406,0,0,[HANDLE] [HANDLE] doesn't work. I don't take requests.
TW10_5407,0,0,[HANDLE] oh no. So worried. Totes shaking. Why care?
TW10_5408,0,0,RT [HANDLE]: Holy shit. There were just like 4 shots. It seems like an officer was shot. Shit. Officers have guns drawn. This is crazy.
TW10_5409,0,0,RT [HANDLE]: Guns drawn. Ferguson PD. [URL]
TW10_5410,0,0,RT [HANDLE]: Another set of officers just arrived. Guns drawn. And police dog. All went up the hill. Ferguson PD.
TW10_5411,0,0,RT [HANDLE]: .[HANDLE] and I are safe. We are outside hiding behind the concrete. Officer is bleeding badly. But I'm not posting unedit…
TW10_5412,0,0,"[HANDLE] every time they ""discover"" anything, it's either incorrect or something I've said publicly on my blog. They are useless."
TW10_5413,0,0,[HANDLE] I'm disappointed I've never been in a group DM with you.
TW10_5414,0,0,RT [HANDLE]: Kids these days will never know open WiFi with everything going over HTTP. And net send. Oh my god. net send. What glo…
TW10_5415,0,0,".[HANDLE] HTTP going over WiFi has ended relationships. Ah, the early [NUMBER]'s. Wardriving. Those were the days."
TW10_5416,0,0,RT [HANDLE]: This is how you get a follow. [URL]
TW10_5417,0,0,"LRT: I cannot stop laughing. Damn it, Taylor."
TW10_5418,0,0,[HANDLE] stop making out with my bot
TW10_5419,0,0,"[HANDLE] [HANDLE] lol, as they should. GG is a hate group. Ghazi isn't for them."
TW10_5420,0,0,[HANDLE] last retweet
TW10_5421,0,0,"[HANDLE] OOPSIE. Is someone mad? Why are you so mad? Oh, wait. Never mind. I lost interest."
TW10_5422,0,0,Amused at how popular this tweet was. That was unexpected. [URL]
TW10_5423,0,0,"[HANDLE] not yet. :(  all talk, no email."
TW10_5424,0,0,[HANDLE] [HANDLE] [URL] top kek?
TW10_5425,0,0,"[HANDLE] [HANDLE] [HANDLE] i have an ipad, iphone, appletv, macbook air. come at me bruh."
TW10_5426,0,0,getting a puppy today getting a puppy today getting a puppy today getting a puppy today getting a puppy today getting a puppy today getting
TW10_5427,0,0,Let me tell you how horrifically -shocked- I am that this indiegogo has been delayed. :|  [URL]  i hate crowdfunded tech
TW10_5428,0,0,"[HANDLE] you can turn the speakers off, and i will be wearing these."
TW10_5429,0,0,[HANDLE] aw. are your jimmies rustled?
TW10_5430,0,0,[HANDLE] YUP. :D
TW10_5431,0,0,[HANDLE] [HANDLE] [HANDLE] [HANDLE] cowardice. avoiding harassment is cowardice. go shit on a poptart. &lt;3
TW10_5432,0,0,"[HANDLE] [HANDLE] [HANDLE] [HANDLE] yes there is, you illegitimate cockwaffle. stay in school."
TW10_5433,0,0,Watching gaters confuse [HANDLE] and [HANDLE] while screetching at [HANDLE]. just another morning. &lt;3
TW10_5434,0,0,[HANDLE] [HANDLE] [HANDLE] you have to follow some pretty heinous people to get on ggautoblocker. :(  that list isn't public.
TW10_5435,0,0,"[HANDLE] [HANDLE] [HANDLE] frankly, i'm quite amazed that i'm not on theblockbot yet."
TW10_5436,0,0,[HANDLE] [HANDLE] [HANDLE] I am glad I was able to contribute in some small way to your Thursday. *curtsies*
TW10_5437,0,0,"rofl. hey guys. guys. GUYS. I've got something to make you giggle.

#ggautoblocker violates the Logan Act.

[URL]"
TW10_5438,0,0,[HANDLE] [HANDLE] [HANDLE] [HANDLE] I live in San Francisco. I don't judge.
TW10_5439,0,0,[HANDLE] a *really bad* data scientist that is yelling about harassment because i pointed out flaws in his work lololol
TW10_5440,0,0,"[HANDLE] after he tried pulling the ""you don't need to be here, woman, because i'm so senior and i've already done this"""
TW10_5441,0,0,"[HANDLE] dude is kind of a joke in the industry, so it's no wonder he's having to flail into GG's good graces."
TW10_5442,0,0,"[HANDLE] the sourcelist is now dynamically generated. it's not that different from the github list, though. :)"
TW10_5443,0,0,[HANDLE] i can never tell anymore.
TW10_5444,0,0,[HANDLE] the text shown in the image was not satricial. that dude is dead serious (and not a scientist)
TW10_5445,0,0,[HANDLE] ggautoblocker has been absorbed by OAPI. it's been rewritten in ruby. will have a new project out soon. ;)
TW10_5446,0,0,[HANDLE] it has ties to other unpublished projects. need to publish them all at once.
TW10_5447,0,0,[HANDLE] uh excuse me that is the BEST kind of logan.
TW10_5448,0,0,[HANDLE] people think that implying association via follow is a bad thing. but it's shockingly accurate.
TW10_5449,0,0,[HANDLE] wait what
TW10_5450,0,0,BLIZZCON ANNOUNCED
TW10_5451,0,0,[HANDLE] i'm just fast
TW10_5452,0,0,MY NAME IS SPELLED WITH AN I YOU IDIOT [URL]
TW10_5453,0,0,Jesus. The one thing that Starbucks &amp; people sending me threats have in common. They can never spell my first name.
TW10_5454,0,0,"I'm sorry, but I've received quite a flurry of threats. I've asked these people to form an orderly line, and you're in back."
TW10_5455,0,0,[HANDLE] awww. someone's mad. &lt;3
TW10_5456,0,0,RT [HANDLE]: [HANDLE] Why Starbucks spells your name wrong- [URL]
TW10_5457,0,0,"[HANDLE] shhh, you're going to hurt their narrative! :P"
TW10_5458,0,0,"Really, really, really want to go to Blizzcon, but not sure how I'm going to afford it this year.:("
TW10_5459,0,0,[HANDLE] ouch.
TW10_5460,0,0,[HANDLE] doesn't work that way. Sorry to disappoint you. No one cares what you want.
TW10_5461,0,0,There is sometime at this shelter that is waiting to see the same puppy I want. Death match in the streets.
TW10_5462,0,0,"Oh god. I was first. I have dibs. If I take this puppy, I'm going to feel like such an asshole."
TW10_5463,0,0,I am an asshole.
TW10_5464,0,0,"Police officer just told me ""you are not an asshole. All is fair in love and puppies."""
TW10_5465,0,0,[HANDLE] I can travel. Tickets I can't afford. Can likely find a hotel to crash in.
TW10_5466,0,0,Aaand the owners just walked in to claim the puppy. The police are not happy.
TW10_5467,0,0,"Bummed that I lost out on this adorable puppy, but glad the original owners were able to reclaim her."
TW10_5468,0,0,A little concerned at what is happening here. Uh. This story may not be over.
TW10_5469,0,0,I guess the police have a history with this person repeatedly losing their dogs or something? Something bad has them very unhappy.
TW10_5470,0,0,I've been told to wait.
TW10_5471,0,0,So I don't get that puppy. But the director is apologetic and telling me I can have 50% off any other dog.
TW10_5472,0,0,The officer looks ready to cry.
TW10_5473,0,0,This is the most drama I have ever seen about a dog.
TW10_5474,0,0,I've been reassuring him and the family that it's okay - losing a dog would have been devastating to that family.
TW10_5475,0,0,There is another puppy.
TW10_5476,0,0,"[HANDLE] sadly, most are breeds not allowed by my apartment complex."
TW10_5477,0,0,About to meet this puppy. Shepherd mix. A bit bigger than I wanted. We'll see.
TW10_5478,0,0,LOOOL [HANDLE] [HANDLE]
TW10_5479,0,0,"No puppy today. This puppy had some pretty severe anxiety issues. I can work with that, but leo would not be happy."
TW10_5480,0,0,"[HANDLE] uh. I have always rescued dogs, usually grownups. Leo is nearly 7, adjusts better to younger dogs. But Ty for lecture."
TW10_5481,0,0,"I'd be happy to get an adult, but leo wouldn't adjust well. He thinks he is dominant to everything. Can't have a big dog, he gets protective"
TW10_5482,0,0,[HANDLE] I've worked with a lot of abused dogs in the past. Used to do a lot of work training w/anxiety &amp; behavioral issues.
TW10_5483,0,0,"Walked out of the shelter with no puppy, but now I have a date. Uh. Success has many definitions."
TW10_5484,0,0,[HANDLE] ME TOO
TW10_5485,0,0,[HANDLE] i am *exhausted*. puppy journey is not over. it has just begun.
TW10_5486,0,0,The puppy I almost got: [URL]
TW10_5487,0,0,Wait. The story still isn't over. The search continues. May be visitng another puppy tonight. Cocker Spaniel mix. :D
TW10_5488,0,0,"[HANDLE] oh, that weird RT?"
TW10_5489,0,0,"On my way to Bart to pick up a puppy from some dude from craigslist. If I die, you can all fight over my shit."
TW10_5490,0,0,"This is going to be a better finale than how I met your mother, one way or another."
TW10_5491,0,0,[URL]
TW10_5492,0,0,He's a Maltese/cocker spaniel mix. :)
TW10_5493,0,0,"Kernighan, thrall, riker, or Nimoy?"
TW10_5494,0,0,Nimoy is not crate trained. Whelp. It's going to be a long night. [URL]
TW10_5495,0,0,THISE NOISES WHILE HE IS WAGGING HIS TAIL. wtf [URL]
TW10_5496,0,0,"er, THOSE."
TW10_5497,0,0,[HANDLE] THIS IS MINE
TW10_5498,0,0,i played the video for him and he stopped.
TW10_5499,0,0,People keep asking me about the stuff I posted about that site &amp; ties to rooshv. [URL] dun dun DUNNNNNN
TW10_5500,0,0,"So, this happened. [URL]"
TW10_5501,0,0,Then this happened. [URL]
TW10_5502,0,0,[HANDLE] dogs are good for that. :P
TW10_5503,0,0,"""How the hell did I get in here 2 minutes ago?"" [URL]"
TW10_5504,0,0,"[HANDLE] leo still isn't sure what to make of nimoy :)  i think they'll get along well eventually, once he stops being afraid to play."
TW10_5505,0,0,[HANDLE] stacks upon stacks of oreilly books. what you can barely see is robot parts hanging down. :)
TW10_5506,0,0,[HANDLE] the dog manages to fit himself into tiny crates.
TW10_5507,0,0,"[HANDLE] as someone that is continuing to be harassed by ED since it was formed over a decade ago, can confirm."
TW10_5508,0,0,"Going to become besties, I can tell. [URL]"
TW10_5509,0,0,"the puppy is trying to hump leo and leo is just like ""EXCUSE ME"" and now i have a 60 lb lapdog."
TW10_5510,0,0,[HANDLE] [HANDLE] [HANDLE] [HANDLE] [HANDLE] because they have no legitimate complaints. even hackernews says it works fine.
TW10_5511,0,0,[HANDLE] [HANDLE] [HANDLE] [HANDLE] it's incorrect. it's in no way related to email addresses (are these people technical?)
TW10_5512,0,0,[HANDLE] [HANDLE] [HANDLE] [HANDLE] it's tied to twitter user IDs. and it's not a constant update. it updates when i run it.
TW10_5513,0,0,"[HANDLE] [HANDLE] [HANDLE] [HANDLE] why are these people such idiots, i mean, seriously. it's not difficult code to read."
TW10_5514,0,0,"[HANDLE] [HANDLE] [HANDLE] [HANDLE] furthermore, blockbot isn't even my code. ggautoblocker is. blockbot is by someone else."
TW10_5515,0,0,[HANDLE] LLAP. :)
TW10_5516,0,0,"If I had a dollar for everytime someone confused [HANDLE] with [HANDLE], i could pay for blizzcon."
TW10_5517,0,0,"Yo. [HANDLE]. I really hate to burst your bubble, but you found a bug in Twitter's UI. The block still exists. &lt;3"
TW10_5518,0,0,.[HANDLE] congrats on finding that bug. I'm sure gamergate is totes going to care.
TW10_5519,0,0,[HANDLE] it's not true. see last 2 tweets.
TW10_5520,0,0,"If anyone blocked disbelieves this claim, they are welcome to follow [HANDLE]'s instructions and see if they can follow/RT/fav my tweets."
TW10_5521,0,0,"To reiterate, some gater thought they found a way to exploit the block system and make themselves unblockable by changing their email 4x."
TW10_5522,0,0,(It didn't work.)
TW10_5523,0,0,[HANDLE] twitter's UI bugs out all the time. it wasn't a surprising bug. I'd be willing to bet it's not replicatable.
TW10_5524,0,0,[HANDLE] [HANDLE] maltese/cocker spaniel mix. :)
TW10_5525,0,0,"[HANDLE] [HANDLE] i'll admit, i googled too :P"
TW10_5526,0,0,"[HANDLE] lots more to come, i'm sure. :)"
TW10_5527,0,0,[HANDLE] YOU LIVE IN MY AREA? HOW DID I NOT KNOW THIS. LET'S GET WINE AND CHEESE 2GETHER
TW10_5528,0,0,[HANDLE] search doesn't filter blocks by default. it should imo.
TW10_5529,0,0,[HANDLE] [HANDLE] not really funny.
TW10_5530,0,0,"Had to put a blanket over his crate, but Nimoy slept through the night. :)"
TW10_5531,0,0,[HANDLE] yup. my other dog's name is leo. :)
TW10_5532,0,0,"I'm not a journalist, buttwrangler. [HANDLE]"
TW10_5533,0,0,Siiiiiiigh [URL]
TW10_5534,0,0,"We've kinda got a system worked out. He sits his butt on my desk, front legs around my neck, and I try to type around his wagging tail."
TW10_5535,0,0,"No, Nimoy. My face is clean. Stahp."
TW10_5536,0,0,In case you think I'm joking. [URL]
TW10_5537,0,0,"""Why won't she let me sit in her lap, too?"" [URL]"
TW10_5538,0,0,[HANDLE] an ex-coworker gave it to me. :)
TW10_5539,0,0,[HANDLE] awww. you are both adorable!
TW10_5540,0,0,[HANDLE] focus is split between the dog noses and the fact that i *really* need pants that don't fall down. :P
TW10_5541,0,0,[HANDLE] it's one of my favorite things. :)
TW10_5542,0,0,[HANDLE] awwwww! :P
TW10_5543,0,0,[HANDLE] [HANDLE] [HANDLE] heheheh. literal wrangling of butts.
TW10_5544,0,0,[HANDLE] !!!! ALL OF THEM.
TW10_5545,0,0,[HANDLE] I WILL CREATE A LITERAL WALL
TW10_5546,0,0,"[HANDLE] seriously, though. my apartment is scary awesome. covered in so much blizz/star trek/star wars schwag."
TW10_5547,0,0,[HANDLE] [HANDLE] [HANDLE] DISCRIMINATION
TW10_5548,0,0,RT [HANDLE]: Wow. This was awesome. RT [HANDLE]: SO CUTE! [URL]
TW10_5549,0,0,[HANDLE] [HANDLE] [HANDLE] WHY DO YOU HATE FREEDOM
TW10_5550,0,0,"[HANDLE] it's hard for me to find good marvel schwag. i've got a nice print from target (lol), but DC sadly does better mechandising."
TW10_5551,0,0,"[HANDLE] i have some pretty fantastic wonderwoman stuff. but i prefer marvel, hands down. DC chars seem to emo."
TW10_5552,0,0,"[HANDLE] er, too."
TW10_5553,0,0,"These guys finally exhausted themselves. Yay, quiet time. [URL]"
TW10_5554,0,0,An old friend just posted this on Facebook :P [URL]
TW10_5555,0,0,[HANDLE] goes well with leo :)
TW10_5556,0,0,NO [URL]
TW10_5557,0,0,"Leo doesn't like sharing, but he's learning! [URL]"
TW10_5558,0,0,[HANDLE] he probably is.
TW10_5559,0,0,[HANDLE] press requests need to come in through [EMAIL]
TW10_5560,0,0,[HANDLE] [HANDLE] [HANDLE] shhhh.
TW10_5561,0,0,[HANDLE] i am not the current sysinstall maintainer. my sysinstall isn't even in use anymore. :P
TW10_5562,0,0,"RT [HANDLE]: *GGers joke about target's children.*
Mark Kern: ""Freedom of expression. Will you join us?"" [Repeat]
#StopGamerGate [URL]"
TW10_5563,0,0,"Kern was joking about ""triggering"" people the other day. Yeahhh. Kern went full Gater, big surprise. [HANDLE]"
TW10_5564,0,0,[HANDLE] [HANDLE] [HANDLE] i miss sysinstall. :(
TW10_5565,0,0,[HANDLE] i didn't realize you followed [HANDLE] ^.^
TW10_5566,0,0,"Let's not forget, Kern is the person that said he was fully invested in anti-harassment. Remember the cape comment I made?"
TW10_5567,0,0,"Don't put on the cape unless you're prepared to be the hero. Sorry, dude. You're not the hero. You're the villain."
TW10_5568,0,0,"There is no circumstance in which threatening children is considered OK. There is no circumstance in which ""triggering"" is OK."
TW10_5569,0,0,[HANDLE] [HANDLE] ah. well. no one's perfect.
TW10_5570,0,0,"To reiterate, GamerGate is threatening [HANDLE]'s children, and [HANDLE] is totally OK with this, because free speech."
TW10_5571,0,0,"Instead, he tries to turn this into ""if you're not with GamerGate, you're against freedom of expression"" - uh, no. We're against assholes."
TW10_5572,0,0,"You can express yourself as an asshole, but that doesn't give you freedom to not be called on it."
TW10_5573,0,0,[HANDLE] i know. my heart is breaking. (not really. i do tweet a *LOT*)
TW10_5574,0,0,[HANDLE] wonderwoman suit by blackmilk.
TW10_5575,0,0,[HANDLE] BLACKMILK IS AMAZING. have you seen them before?
TW10_5576,0,0,[HANDLE] oh god i am sorry what have i done
TW10_5577,0,0,RT [HANDLE]: Mark Kern is the dictionary definition of 'Willfully Dense' [URL]
TW10_5578,0,0,"[HANDLE] [HANDLE] [HANDLE] [HANDLE] as someone that's been targeted for a while by these fuckheads, yeah, it is a threat"
TW10_5579,0,0,"[HANDLE] [HANDLE] [HANDLE] [HANDLE] anytime they bring your family into it, it's meant to keep you quiet."
TW10_5580,0,0,"[HANDLE] [HANDLE] [HANDLE] [HANDLE] to remind you what you have to lose. this is all context, and knowing how they are."
TW10_5581,0,0,"[HANDLE] [HANDLE] [HANDLE] [HANDLE] a lot of us are like ""FUCK EVERYTHING, I'M GONNA YELL"" - but families are still vulnerable"
TW10_5582,0,0,"[HANDLE] [HANDLE] [HANDLE] [HANDLE] for futher context, these are the same people that started going through my facebook friends"
TW10_5583,0,0,[HANDLE] [HANDLE] [HANDLE] [HANDLE] and started naming/listing people. because i wasn't backing down.
TW10_5584,0,0,[HANDLE] [HANDLE] [HANDLE] [HANDLE] this is also the same guy that posted my home address on twitter. heh.
TW10_5585,0,0,[HANDLE] probs not.
TW10_5586,0,0,[HANDLE] yessssss.
TW10_5587,0,0,"[HANDLE] [HANDLE] [HANDLE] [HANDLE] :P fwiw, i'm usually pretty careful about calling for the head of anyone."
TW10_5588,0,0,[HANDLE] [HANDLE] [HANDLE] [HANDLE] i've made mistakes in the past and learned from them.
TW10_5589,0,0,Amazon knows me better than any ex-boyfriend ever did. These are my shopping suggestions. [URL]
TW10_5590,0,0,RT [HANDLE]: Please RT [URL] [URL]
TW10_5591,0,0,"Grummz realized that no one would pat him on the back for not being an asshole, but GG would worship him for joining. [HANDLE] [HANDLE]"
TW10_5592,0,0,[URL]
TW10_5593,0,0,[HANDLE] [HANDLE] bam. [URL]
TW10_5594,0,0,"Oh.
My.
God.

[URL] [URL]"
TW10_5595,0,0,[HANDLE] maybe some people like stepping on legos. I don't judge.
TW10_5596,0,0,[HANDLE] IT WAS FREE
TW10_5597,0,0,[HANDLE] OBVIOUSLY
TW10_5598,0,0,[HANDLE] [HANDLE] i already bought it. ;)
TW10_5599,0,0,[HANDLE] blame [HANDLE] for writing it. :P
TW10_5600,0,0,"[HANDLE] yo, the tweet I made about the tetris book just got retweeted by boing boing. :P"
TW10_5601,0,0,[HANDLE] oooo. i'm looking forward to seeing that. :)
TW10_5602,0,0,[HANDLE] no more discrimination against L blocks!
TW10_5603,0,0,[HANDLE] [HANDLE] #hipchat FOREVER
TW10_5604,0,0,[HANDLE] [HANDLE] (but use a ending / or my brain bleeds plz)
TW10_5605,0,0,"[HANDLE] if you have them contact me directly, i may be able to help."
TW10_5606,0,0,[HANDLE] [HANDLE] the days where i accidentally type 'to' intead of 'too' are horrid.
TW10_5607,0,0,"pssst. [HANDLE], if you're going to stalk my timeline when i have you blocked, it's closer to 14k followers. [URL]"
TW10_5608,0,0,".[HANDLE] nice cropping of tweets, too. but the truth hurts."
TW10_5609,0,0,GamerGate loves to flood [HANDLE] so we won't see any legitimate harassment complaints that come in. :\\
TW10_5610,0,0,"It's unfortunate, because I'd like to leave twitter as an avenue available to GamerGaters that have been targeted."
TW10_5611,0,0,But I'm going to have to mass-mute or mass-block. GamerGate would prefer that we aren't able to help their own people.
TW10_5612,0,0,"[HANDLE] we may be setting this up at some point in the future. Have to be really careful, though."
TW10_5613,0,0,"[HANDLE] a high risk. GamerGate will do anything they can to try to harm OAPI. Because anti-harassment is a bad thing, I guess."
TW10_5614,0,0,[HANDLE] that shirt!!!
TW10_5615,0,0,"[HANDLE] unfortunately, no. text filters are too high-risk."
TW10_5616,0,0,.[HANDLE] [HANDLE] i don't think you understand what gaslighting means. but that's adorable.
TW10_5617,0,0,"omg, you guys. they are misusing the word gaslighting repeatedly. must not have gotten to that on their SJW word of the day calendar yet."
TW10_5618,0,0,"[HANDLE] [HANDLE] as gamergate has repeatedly proven, linking a URL doesn't mean shit for comprehension. &lt;3"
TW10_5619,0,0,[HANDLE] manual filter... tweets?
TW10_5620,0,0,"[HANDLE] there's a lot of sarcasm and doublespeak in this group, especially. appropriation of terms. text filters just don't work."
TW10_5621,0,0,"[HANDLE] i can't really hate the kids. I mean, they are just young. Stupid. Uneducated. No life experience. Who hasn't been there?"
TW10_5622,0,0,[HANDLE] I call out people like Jenn because she is causing problems by flooding join_oapi. It's moronic.
TW10_5623,0,0,[HANDLE] [URL]
TW10_5624,0,0,[HANDLE] [HANDLE] said so bravely from the cowardice of an egg.
TW10_5625,0,0,These are the types of tweets I get anytime [HANDLE] mentions me. But it's really about ethics in journalism. [URL]
TW10_5626,0,0,"[HANDLE] ... literally no idea what you are talking about. i block eggs, though. &lt;3"
TW10_5627,0,0,[HANDLE] yup. and she rarely tells them to stop.
TW10_5628,0,0,[HANDLE] [HANDLE] Hi. This isn't targeted harassment. It is not direct nor specific. You're encouraging mass reporting.
TW10_5629,0,0,[HANDLE] [HANDLE] Please stop encouraging an abuse of the reporting system.
TW10_5630,0,0,EXCUSE ME WHILE I BITE YOUR BUTT [URL]
TW10_5631,0,0,It's blurry because they were spinning in circles.
TW10_5632,0,0,"""Take. Him. Back."" [URL]"
TW10_5633,0,0,"[HANDLE] on a side note - holy shit, i didn't know you had that many followers."
TW10_5634,0,0,"[HANDLE] hah, and i get worried when *i* do it. perspective."
TW10_5635,0,0,[HANDLE] :P hopefully you didn't get spammed with notifications.
TW10_5636,0,0,"oh, this is bad. this is really, really bad. CW: sexual assault, DC comics. (hey, DC is bad content for some) [URL]"
TW10_5637,0,0,[HANDLE] [HANDLE] I haven't seen anything that falls under the lines of targeted harassment in any screenshots/archives.
TW10_5638,0,0,"[HANDLE] [HANDLE] however, their accounts were mass-reported. Just asking you to not encourage this."
TW10_5639,0,0,[HANDLE] wut
TW10_5640,0,0,"[HANDLE] I use it on AWS constantly, but that's probably not helpful. ;)  Anything Dell tends to work fairly well, though."
TW10_5641,0,0,[HANDLE] did you read the text of the article? that picture is really creepy/triggering as fuck.
TW10_5642,0,0,[HANDLE] i'm aware. i've read that story arc.
TW10_5643,0,0,[HANDLE] there are better ways to make that comic &amp; not scare off all your female customers.
TW10_5644,0,0,[HANDLE] the killing joke was a fucked up story arc in general &amp; could have been written better.
TW10_5645,0,0,[HANDLE] [HANDLE] [HANDLE] the fact that it's canon doesn't make it better. DC should stay the fuck away from that.
TW10_5646,0,0,[HANDLE] many people would be scared &amp; triggered by that cover. :P
TW10_5647,0,0,"[HANDLE] a bit of both, perhaps? def yes on the cover, maybe on the content"
TW10_5648,0,0,"[HANDLE] i don't like the women in refrigerators trope at all, but i'm not going to say those comics shouldn't exist."
TW10_5649,0,0,"[HANDLE] but the cover itself - well, the tweets capped in that article do a better job explaining than i could."
TW10_5650,0,0,Watch [URL] to see [HANDLE]! Just a few more minutes. :)
TW10_5651,0,0,[HANDLE] YOU CHANGED YOUR HAIR
TW10_5652,0,0,[HANDLE] [HANDLE] NIMOY YOU FUCKING PLEB DON'T YOU EVEN WATCH STAR TREK
TW10_5653,0,0,[HANDLE] [HANDLE] d'awwww. thank [HANDLE]. Glad I was able to help. &lt;3
TW10_5654,0,0,OAPI got a mention on Kotaku. :) [URL]
TW10_5655,0,0,"EXCUSE ME KOTAKU, BUT I AM A DEVOPS, NOT JUST AN ACTIVIST."
TW10_5656,0,0,[HANDLE] FUCK. WHO AM I?
TW10_5657,0,0,[HANDLE] content warning. :)
TW10_5658,0,0,oh good lord. [URL]
TW10_5659,0,0,[HANDLE] it is trolling.
TW10_5660,0,0,guys. calm down. it was a joke.
TW10_5661,0,0,[HANDLE] mutual follower collusion.
TW10_5662,0,0,RT [HANDLE]: nothing changes unless we make it change. nothing fixes itself. ignoring it is like trying to throw a tarp over a bear…
TW10_5663,0,0,"RT [HANDLE]: ""everything is going to be ok"" dude there's a fucking bear in the house maybe we should talk about that"
TW10_5664,0,0,RT [HANDLE]: positivity's cool but make sure you're not doing it on the backs of people who are still hurting &amp; struggling to *make…
TW10_5665,0,0,"[HANDLE] [HANDLE] no. not really. if i wasted all my time paying attention to gamergate, i wouldn't get shit done."
TW10_5666,0,0,"[HANDLE] I get where you are coming from, and it's annoying, to be sure. But it's not considered harassment under Twitter's ToS."
TW10_5667,0,0,[HANDLE] mean words aren't harassment. They aren't direct and specific threats.
TW10_5668,0,0,[HANDLE] [HANDLE] &gt;.&gt; i did a CW.
TW10_5669,0,0,"[HANDLE] to be fair, none of those things have anything to do with twitter's ToS or even free speech, for that matter. :P"
TW10_5670,0,0,"[HANDLE] Fortunately, we've got controls on Twitter like block and mute, which keep us from seeing *most* things we don't like."
TW10_5671,0,0,"[HANDLE] oh, gosh. if only that had been parody."
TW10_5672,0,0,"I only have a bajillion Jira tickets to get through tonight. Then it's 3v3 arenas in WoW.

*cracks knuckles*

Let's do this."
TW10_5673,0,0,"[HANDLE] or worst, depending on how you look at it."
TW10_5674,0,0,[HANDLE] I love atlassian. :P
TW10_5675,0,0,"[HANDLE] if that were the case, Twitter would probably have about 3% of the current userbase. :)"
TW10_5676,0,0,"[HANDLE] I get your frustrations. Really, I do. I deal with the same stuff every day on my own account."
TW10_5677,0,0,"[HANDLE] But sadly, reporting just isn't the answer. Blocks/mutes &amp; ignoring is the best way to go."
TW10_5678,0,0,"[HANDLE] everything. right now, i'm mostly in love wiht my ele sham/spriest (but disc for 2s)"
TW10_5679,0,0,"[HANDLE] for my small org, it works amazingly well. has everything to do with configuration. i love the VCS integrations."
TW10_5680,0,0,[HANDLE] branch management and tying commits into a specific ticket == amaze.
TW10_5681,0,0,"[HANDLE] man, i cannot figure out how to PvE as disc now that atonement is so nerfed."
TW10_5682,0,0,"[HANDLE] or perhaps twitter's userbase, and humanity at large. Everyone's a jerk sometimes."
TW10_5683,0,0,[HANDLE] ah hah! shows how often i pve. :)  i've just been doing LFR as shadow.
TW10_5684,0,0,[HANDLE] killing you how?
TW10_5685,0,0,[HANDLE] [HANDLE] It's the first time since December 2nd (when I started monitoring) that GG has complained more about a male.
TW10_5686,0,0,"[HANDLE] mentions of [HANDLE] + the hashtag surpassed that of anita/zoe/bri/myself. HISTORY. Congrats, Tim."
TW10_5687,0,0,"[HANDLE] that would be awesome! I'm doing pretty well in LFR for shadow. usually in top 5 dmg, and i'm in mostly pvp gear..."
TW10_5688,0,0,[HANDLE] but LFR is derp.
TW10_5689,0,0,"[HANDLE] truth be told, i've only done normal raiding a handful of times, all in WoD. It went OK once I knew the strat. PvP is harder :)"
TW10_5690,0,0,[HANDLE] there was one where there's like this dude... he's big... and the hands out of the ground?
TW10_5691,0,0,"[HANDLE] i kept being the last person alive AND topping damage. it's like, what. this isn't hard."
TW10_5692,0,0,[HANDLE] this is in WoD.
TW10_5693,0,0,"[HANDLE] runes on the ground, you have to step in them, thing surrounds you to absorb dmg, but it does dmg. gotta dps it slowly.."
TW10_5694,0,0,"[HANDLE] VEEERRRY SLOWLY. OK NOW STOP DOTS

Sorry I couldn't help myself."
TW10_5695,0,0,[HANDLE] basically my life
TW10_5696,0,0,[HANDLE] yup. I have a major problem with DC and their treatment of women.
TW10_5697,0,0,[HANDLE] will keep that in mind :)
TW10_5698,0,0,RT [HANDLE]: [HANDLE] I highly doubt most women scare as easily as you.
TW10_5699,0,0,LOL [HANDLE]
TW10_5700,0,0,CANNOT STOP LAUGHING AT THAT GUY [URL]
TW10_5701,0,0,"[HANDLE] it definitely alienates female readers if that's what they are going for. Oh wait, it's DC. YUP."
TW10_5702,0,0,"[HANDLE] [HANDLE] no worries. the whole ""you scare easily"" is seriously the most hilarious thing I've seen all day."
TW10_5703,0,0,"[HANDLE] [HANDLE] people confuse empathy with being scared, and that says more about them than anything."
TW10_5704,0,0,"Things I am scared of:

Small red lights in dark rooms.
Drive through carwashes.
Large spiders.
Not being able to afford Blackmilk."
TW10_5705,0,0,"Things I am not scared of:

Whiny manbabies.
A lot of twitter mentions.
Public speaking.
Perl.
Standing up for those that are afraid.
FEELS."
TW10_5706,0,0,"Yeah, I get threats. And it means I have to be cautious. But really, I'm crazy enough to think I'm unbreakable, which is why this works."
TW10_5707,0,0,"I could get hurt. Someone could come after me. Hell, people have shown up at my office before. I've been doxxed. I've been threatened."
TW10_5708,0,0,"So I don't think about it. Instead, I use it as fuel. I'd rather try to fix this so others don't have to go through this, too."
TW10_5709,0,0,That's why we have [HANDLE]. Because going on the internet without fearing for your life should be a basic human right.
TW10_5710,0,0,"Combating online harassment doesn't mean jerks won't exist. Everyone is a jerk, sometimes. But you shouldn't ever be afraid."
TW10_5711,0,0,"Online harassment takes many forms. Some is actionable, by the service provider (ToS) or law enforcement."
TW10_5712,0,0,"We seek to help clarify those policies and gain better enforcement, as well as provide users with the power to filter what they experience."
TW10_5713,0,0,[HANDLE] never feel bad about that. it's pretty intense if you're not prepared for it.
TW10_5714,0,0,[HANDLE] it takes a pretty specific personality type to be able to take this shit on voluntarily.
TW10_5715,0,0,There's no one-size-fits-all answer for online harassment. But we're in this for the long haul. We've got ideas. We will help.
TW10_5716,0,0,[HANDLE] I went through that my first night talking about GG when Baldwin started tweeting at me. good lord. that was a bit intimidating.
TW10_5717,0,0,We're already privately working with a number of tech companies. Relationships are being built. We're making HUGE amounts of progress.
TW10_5718,0,0,"I can't wait until we're in a position to be able to share more details, but not yet. It's early days."
TW10_5719,0,0,"If your company has an abuse, social media, or community team, we want to talk. All industries welcome. [EMAIL]"
TW10_5720,0,0,[HANDLE] I sort of grew up in it. :) [URL]
TW10_5721,0,0,[HANDLE] holy shit
TW10_5722,0,0,[HANDLE] it's a long winding story. :P
TW10_5723,0,0,Yo. Who do I know at [HANDLE]? I can never recall names + employers.
TW10_5724,0,0,[HANDLE] Hm. There's another person I usually chat with. Not Ranjib - ughhhh.
TW10_5725,0,0,[HANDLE] possibly. :P did it go to my personal email or OAPI?
TW10_5726,0,0,[HANDLE] i'm drowning in email. we just started inputting them into a ticketing system to get through 'em.
TW10_5727,0,0,"[HANDLE] OH. I think I remember. yeah, i will fwd this on to our OAPI ticketing system so we can start to respond."
TW10_5728,0,0,[HANDLE] even though I tweet a lot? :P  hehe
TW10_5729,0,0,RT [HANDLE]: Some1 searched FreeBSD code for [HANDLE] Twitter name. They didn't get any results and used it as evidence she doe…
TW10_5730,0,0,"[HANDLE] [HANDLE] don't forget, we don't even *use* git. That's an export. We use svn. :P"
TW10_5731,0,0,[HANDLE] [HANDLE] I use windows :P
TW10_5732,0,0,"Hey, everybody. Here's another funny thing: 

[URL]"
TW10_5733,0,0,[HANDLE] i think so.
TW10_5734,0,0,[HANDLE] i have a good lawyer as well as people on my board that have been in nonprofits before. :) it helps a lot.
TW10_5735,0,0,[HANDLE] ran it by lawyer as well as far as me promoting my personal funding sources in the meanwhile. being very cautious to keep it legal.
TW10_5736,0,0,"[HANDLE] if i wasn't surrounded by such great people, there's no way i'd be able to get this thing off the ground. :)"
TW10_5737,0,0,"[HANDLE] yo, appreciate the shout out for ggautoblocker, but article is technically incorrect. [URL]"
TW10_5738,0,0,"[HANDLE] just users, doesn't do text parsing. i know article is a bit old, but wanted to throw that out there. :)"
TW10_5739,0,0,Tug of war! [URL]
TW10_5740,0,0,"[HANDLE] not sure about classic, but it's definitely a stuffed hedgehog."
TW10_5741,0,0,These guys won't let me work. [URL]
TW10_5742,0,0,[HANDLE] he is yawning. :P
TW10_5743,0,0,DevOps forever. [URL]
TW10_5744,0,0,"[HANDLE] sure. if you have any questions, feel free to throw them my way. [EMAIL]"
TW10_5745,0,0,"[HANDLE] no rush or anything. like i said, it's been up for a while. i just noticed, though. :)"
TW10_5746,0,0,[HANDLE] from WA? Yeah. You can easily do it in 2 days. I'd recommend taking a break just after hitting the CA border.
TW10_5747,0,0,[HANDLE] i haven't used it. &gt;.&gt;
TW10_5748,0,0,"[HANDLE] sounds about right. Just getting to the border is good enough. Stop by the diner in Weed, CA for breakfast. :)"
TW10_5749,0,0,"[HANDLE] yup, i'm aware. :)"
TW10_5750,0,0,"[HANDLE] men are the ones that are going to push the real change. they are the ones in power, generally. we need their help."
TW10_5751,0,0,"[HANDLE] but they have to follow, not lead. women know the issues they face better than men. listening is important."
TW10_5752,0,0,"lol at angry men writing me essays through Facebook messenger that amount to ""be nicer when you're being harassed"""
TW10_5753,0,0,"at least, I'm assuming that's what it was. I read 2 paragraphs, got bored, and deleted the message. Don't know the guy."
TW10_5754,5,0,".[HANDLE]  Curious [HANDLE] ...which way is this ""punch"" going? [URL]"
TW10_5755,5,0,"[HANDLE] [HANDLE] [HANDLE] [HANDLE] [HANDLE] [HANDLE] [HANDLE] The IStandWithHolly thing showed the GOP is no better, tho."
TW10_5756,5,0,[HANDLE] [HANDLE] [HANDLE] [HANDLE] [HANDLE] [HANDLE] [HANDLE] No idea. Just she's a conservative whose affair was outed.
TW10_5757,5,0,[HANDLE] [HANDLE] [HANDLE] [HANDLE] [HANDLE] [HANDLE] [HANDLE] Was comparing it to feminists defending Clinton for Monica.
TW10_5758,5,0,RT [HANDLE]: [HANDLE] [HANDLE] [HANDLE] [HANDLE] [HANDLE] [HANDLE] the world we live in [URL]
TW10_5759,5,0,[HANDLE] Link?
TW10_5760,5,0,[HANDLE] Let's start smaller...you think I am a woman...why?  Based on what?
TW10_5761,5,0,[HANDLE] [HANDLE] [HANDLE] [HANDLE] [HANDLE] [HANDLE] DOJ is quoting same small sample survey you already cited...
TW10_5762,5,0,"[HANDLE] [HANDLE] Honestly, I asked it FOR years...but only with A and B so they answer readily...I then have to explain its C..."
TW10_5763,5,0,[HANDLE] Why...your behavior tells them for me...?
TW10_5764,5,0,[HANDLE] I'll make this simple... [URL]
TW10_5765,5,0,"[HANDLE] 140, man.  Was hard enough fitting the joke in...accurate historical accounts hit the cutting room floor most times."
TW10_5766,5,0,"[HANDLE] I support accuracy in comedy (OK...ridicule) when possible. Same with grammar and proper spelling, but, as always, 140..."
TW10_5767,5,0,"[HANDLE] I was clicking follow already, but Let's Go Pens."
TW10_5768,5,0,".[HANDLE] [HANDLE] Millions of feminists...the majority...do.  Whose opinion matters, their millions of opinions or your one opinion?"
TW10_5769,5,0,.[HANDLE] [HANDLE] Who would I link to for such a study?  AVFM?
TW10_5770,5,0,[HANDLE] [HANDLE] No True Scotsman...
TW10_5771,5,0,".[HANDLE] [HANDLE] [HANDLE] [HANDLE] [HANDLE] [HANDLE] [HANDLE] Agreed, sure but what does that have to do w #Page3?"
TW10_5772,5,0,.[HANDLE] [HANDLE] [HANDLE] [HANDLE] [HANDLE] [HANDLE] [HANDLE] It was ur answer to my ? also [URL]
TW10_5773,5,0,RT [HANDLE]: .[HANDLE] [HANDLE] [HANDLE] [HANDLE] [HANDLE] [URL]
TW10_5774,5,0,"[HANDLE] [HANDLE] Child support, you mean?"
TW10_5775,5,0,"[HANDLE] [HANDLE] Auspicious start, then..."
TW10_5776,5,0,[HANDLE] mlp?
TW10_5777,5,0,.[HANDLE] [HANDLE] 05 SB. Getting Ike in 4th + Parker undrafted? A No. 1 &amp; No.1 back while still hitting on top picks = champion
TW10_5778,5,0,[HANDLE] Yeah...
TW10_5779,5,0,".[HANDLE] Meh, I've seen enough messed up stuff from each other country, I'll take my chances here."
TW10_5780,5,0,".[HANDLE] By ""it"" you mean unemployment, of course..."
TW10_5781,5,0,RT [HANDLE]: [HANDLE] [HANDLE] Oh come ON! They're not even trying to hide their hypocrisy anymore!
TW10_5782,5,0,[HANDLE]  Who?
TW10_5783,5,0,[HANDLE] Was he wrongly accused himself?  Didn't know if there is back story...
TW10_5784,5,0,RT [HANDLE]: [HANDLE] is now on twitter. If u care abt presumptively innocent? [HANDLE] [HANDLE] [HANDLE] [HANDLE] [HANDLE]
TW10_5785,5,0,[HANDLE] [HANDLE]  How so?
TW10_5786,5,0,.[HANDLE] [HANDLE] Are they?  Good. I haven't seen any mention yet...
TW10_5787,5,0,[HANDLE] [HANDLE] Is it OK?
TW10_5788,5,0,[HANDLE] He's considered a misogynist by them.
TW10_5789,5,0,[HANDLE] [HANDLE] Just like the moon landing...
TW10_5790,5,0,.[HANDLE] [HANDLE] Proof?  Reliable source?
TW10_5791,5,0,"[HANDLE] [HANDLE] You said as much, dude."
TW10_5792,5,0,[HANDLE]  Thanks.
TW10_5793,5,0,"[HANDLE] Jokes ARE funny, eh? [URL]"
TW10_5794,5,0,"[HANDLE] Studied up in the past two hours, eh?"
TW10_5795,5,0,[HANDLE] Care to restate that in English?
TW10_5796,5,0,[HANDLE] [HANDLE] [HANDLE] Bingo.
TW10_5797,5,0,[HANDLE] You are correct.
TW10_5798,5,0,"[HANDLE] ...for everyone ELSE, of course."
TW10_5799,5,0,[HANDLE] Absolutely.
TW10_5800,5,0,[HANDLE] has shown me most of them...thanks. [HANDLE]
TW10_5801,5,0,[HANDLE] [HANDLE] I wonder what [HANDLE] says about this...
TW10_5802,5,0,[HANDLE]  I wish.  Goes that way almost each time.
TW10_5803,5,0,[HANDLE] Definitions mean jack.  Actions do.
TW10_5804,5,0,"[HANDLE] Normally.  But, nope."
TW10_5805,5,0,[HANDLE] [HANDLE] Ditto.
TW10_5806,5,0,"[HANDLE] And FYI ""Can u"" is asking YOU."
TW10_5807,5,0,"[HANDLE] I'm up to 20 already, so..."
TW10_5808,5,0,.[HANDLE] [HANDLE] Yep.  You? [URL]
TW10_5809,5,0,[HANDLE] Do you?
TW10_5810,5,0,[HANDLE] Keep talking.
TW10_5811,5,0,[HANDLE] Equally.
TW10_5812,5,0,[HANDLE] Can you show an example of that?
TW10_5813,5,0,[HANDLE] Why...?
TW10_5814,5,0,"[HANDLE] Actually, no."
TW10_5815,5,0,[HANDLE] It's well articulated.
TW10_5816,5,0,[HANDLE] I did not.  Link it.  I'll RT.
TW10_5817,5,0,[HANDLE] Niiicce...
TW10_5818,5,0,[HANDLE] [HANDLE] Yep.
TW10_5819,5,0,"[HANDLE] [HANDLE] Uh, no."
TW10_5820,5,0,[HANDLE] [HANDLE] ...at the least.
TW10_5821,5,0,[HANDLE] [HANDLE] [HANDLE] Why?
TW10_5822,5,0,[HANDLE]  Please do.  It's my go to now...
TW10_5823,5,0,[HANDLE] [HANDLE] [HANDLE] So true.
TW10_5824,5,0,[HANDLE] Yes. You?
TW10_5825,5,0,[HANDLE] Impossible usually.
TW10_5826,5,0,[HANDLE] Yeah.
TW10_5827,5,0,[HANDLE] [HANDLE] Why?
TW10_5828,5,0,[HANDLE] ...and yet...
TW10_5829,5,0,[HANDLE] Social Justice Warrior.
TW10_5830,5,0,[HANDLE] You tell me...
TW10_5831,5,0,[HANDLE] Done.
TW10_5832,5,0,[HANDLE]  Every. Time.
TW10_5833,5,0,[HANDLE] [URL]
TW10_5834,5,0,[HANDLE] For one night?  Absolutely...
TW10_5835,5,0,[HANDLE] ...and?
TW10_5836,5,0,[HANDLE] [HANDLE] Love that sketch.
TW10_5837,5,0,[HANDLE] It is.
TW10_5838,5,0,[HANDLE] So?
TW10_5839,5,0,[HANDLE] How so?
TW10_5840,5,0,[HANDLE] Excellent.
TW10_5841,5,0,[HANDLE] [HANDLE] ...nowhere TO go.
TW10_5842,5,0,[HANDLE] And yet...
TW10_5843,5,0,[HANDLE] I just like that line.
TW10_5844,5,0,[HANDLE] Who assumed what now?
TW10_5845,5,0,[HANDLE] [HANDLE] Gold.
TW10_5846,9,0,"[HANDLE] Science is only good when it says men can't be monogamous or some shit, amirite??"
TW10_5847,9,0,"Every day I think maybe it will be the day I find no sexist tweets, but it is never that day. Keep up the good fight, women."
TW10_5848,9,0,"""Sexism can work both ways"" = I can stop for today, I got Misogynist Bingo before 9 a.m."
TW10_5849,9,0,[HANDLE] educate yourself on oppression. [URL]
TW10_5850,9,0,"Just read the phrase ""feminist agenda"" and snorted into my cereal. Yes, let the international conspiracy be unveiled!"
TW10_5851,9,0,"Definitely read, forward, read again: [URL]"
TW10_5852,9,0,[HANDLE] my mistake! Sounded like it could have been sympathetic lol. :)
TW10_5853,9,0,"[HANDLE] Also, [HANDLE]"
TW10_5854,9,0,Wishing a horde of rabid bats on [HANDLE] and [HANDLE]
TW10_5855,9,0,"[HANDLE] your tweet said ""call me sexist,"" followed by sexist statement. I comply, u take issue. Men are so illogical and emotional!"
TW10_5856,9,0,[HANDLE] why choose when you can hate both! Polydetestrous.
TW10_5857,9,0,[HANDLE] Men like you should have their dicks cut off.
TW10_5858,9,0,Halloween is a busy day for sexist assholes.
TW10_5859,9,0,The best part about Twitter is seeing the same tired misogynist joke 60x in a row with authors acting like they're fucking Mark Twain.
TW10_5860,9,0,[HANDLE] [HANDLE] But then all that sweet [MONEY] an hour cash money I make from this Twitter would be gone!
TW10_5861,9,0,The only thing women should do is not give a fuck about what anyone has to say about their bodies.
TW10_5862,9,0,I don't think misogynists have figured out that saying they won't want to have sex with you is only a bonus for not shaving.
TW10_5863,9,0,I think the worst is when women shame other women for not shaving. You know exactly how much of a pain and double standard it is! Smh.
TW10_5864,9,0,"I'm sure I've linked before, but it deserves endless repeating: [URL]"
TW10_5865,9,0,"Congratulations, Illinois, on becoming the 15th state to reach marriage equality! #marriageequality #dabears"
TW10_5866,9,0,The visceral hate that men have 4 women is why male feminists/allies need 2 tread carefully. We put ourselves in physical danger doing this.
TW10_5867,9,0,RT [HANDLE]: [HANDLE] [HANDLE] [HANDLE] it was a joke
TW10_5868,9,0,"[HANDLE] I wish a bell would ring and confetti would rain down every time a sexist said ""it was a joke."" My bingo card is anticlimactic"
TW10_5869,9,0,Has anyone fallen into the irony vortex [HANDLE] created? I have life preservers.
TW10_5870,9,0,[HANDLE] There will be absinthe at my box social.
TW10_5871,9,0,[HANDLE] You should examine your personal reasons why one gender 'looks weird' doing an activity as gender-neutral as bike riding.
TW10_5872,9,0,"And today one of my students used the word ""raped"" to describe a football defeat. One step forward, two steps back."
TW10_5873,9,0,"[HANDLE] And men just pretend they know everything, especially when they don't."
TW10_5874,9,0,"I need to invest in a YakBak so I can just press a button when I need to say ""ironic sexism is still sexism."""
TW10_5875,9,0,I Dream of Jeanie's Boobs #addboobstotvtitles
TW10_5876,9,0,"Fuck you, fuck you very very mu~ch, Lily Allen. Your latest video is racist and awful and does nothing to promote ""feminism."" Christ."
TW10_5877,9,0,"[HANDLE] If you hadn't noticed, I save my witty replies for sexists with a little more panache. I don't want to get above your reading level"
TW10_5878,9,0,"[HANDLE] is the personification of rape culture. Avoid Alex Valbergs, women."
TW10_5879,9,0,An excellent read: [URL]
TW10_5880,9,0,"[HANDLE] wins the ""Wow, I Don't Even Know What That Was Supposed to Be"" award of the day."
TW10_5881,9,0,I think it's pretty telling that the 14-year-old boys on Twitter sound exactly like the grown men (and I use that term loosely).
TW10_5882,9,0,[HANDLE] Diana Ross and the Supremes
TW10_5883,9,0,"[HANDLE] Sexism ""out of context"" = sexism. ""Joke sexism"": = sexism. ""Ironic sexism"" = sexism. Men. Get. It. Through. Your. Heads."
TW10_5884,9,0,[HANDLE] White feminists need to focus on calling out men in a HIGHER position of power than themselves. Let's keep focus here.
TW10_5885,9,0,"Oh man I used focus twice. Don't tweet at 4 am on your way to the airport if you want to maintain your linguistic integrity, kids."
TW10_5886,9,0,RT [HANDLE] I'm not sexist but couldn't help laugh at this #sorryladies [URL]
TW10_5887,9,0,[HANDLE] has fMRI hooked up to all women's brains while driving
TW10_5888,9,0,"[HANDLE] Yeah men never talk about shit they know nothing about, like birth control, or sexism, for example."
TW10_5889,9,0,"The best thing is sports announcers who are women are paid to give their opinions and expert analysis, but twitter misogynists are not."
TW10_5890,9,0,"Must sting for sports fans that they asked a Vagina-American to commentate before you, despite your inherent, genetic superiority, eh?"
TW10_5891,9,0,[HANDLE] It's no one's responsibility to educate you.
TW10_5892,9,0,Ironic sexism is still sexism. It reinforces negative stereotypes by repeating them just one more time for the popular consciousness.
TW10_5893,9,0,So don't fucking tell me you're not sexist because you were parroting sexist attitudes that someone ELSE has to be funny. You're not helping
TW10_5894,9,0,"Hey, #whitefeminists, when you silence women of color by sticking up for racist white women, you are being oppressive. Stop. #anidifranco"
TW10_5895,9,0,[URL]
TW10_5896,9,0,[HANDLE] [URL]
TW10_5897,9,0,"RT [HANDLE]: Anita Sarkeesian provides entry-level gender studies via pop culture, which is a godsend in a country where schools can't tou…"
TW10_5898,9,0,"[HANDLE] Eddie Izzard is a man, sorry that he doesn't fit the only narrow gender binary your feeble brain can process"
TW10_5899,9,0,Really fucking fantastic: [URL]
TW10_5900,9,0,"Any time a man says his ex was ""crazy,"" run and read this again: [URL]"
TW10_5901,9,0,"Good piece, but let's think of a new title. POC are still fighting for their civil rights, not time to yell ""next."" [URL]"
TW10_5902,9,0,[HANDLE] You should probably have your hearing checked. If higher frequencies have excessive volume to you you may have hearing loss.
TW10_5903,9,0,"[HANDLE] (It may seem counter-intuitive, but it has to do with your personal hearing bandwidth)"
TW10_5904,9,0,"[HANDLE] When you see 10 male comedians in a row you don't find funny, do you attribute their shittiness to their gender?"
TW10_5905,9,0,[HANDLE] YEAH THERE SURE IS A SHORTAGE OF BOOKS WITH MALE PROTAGONISTS jfc
TW10_5906,9,0,[HANDLE] omg if I was cackling any harder at this douche I'd burst a lung
TW10_5907,9,0,"Check out #whiteproverbs, it is making my day."
TW10_5908,9,0,"[HANDLE] The fuck is ""Hispanic culture""? Also racist."
TW10_5909,9,0,"[HANDLE] Respect must be earned, although your years of learned entitlement have probably never exposed you to that simple fact."
TW10_5910,9,0,"Enjoy the wrong side of history, jackass. [HANDLE] Wait who are you? Oh wait someone idgaf about"
TW10_5911,9,0,"Notice how no one ever gives male gymnasts shit for being less flexible than female gymnasts, or says men can't play piccolo or some shit"
TW10_5912,9,0,"As long as women have a biological advantage, that sport or activity will be undervalued and ridiculed."
TW10_5913,9,0,I'm really sorry! Do you have a suggestion for a rephrase? [HANDLE] Cissexism alert... :(
TW10_5914,9,0,[URL]
TW10_5915,9,0,[HANDLE] I meant to highlight that activities in which women perform well are not deemed worthy because it is women that do them...
TW10_5916,9,0,"[HANDLE] ...such as crafts (needlepoint, sewing, knitting) or gymnastics, where women typically outperform men."
TW10_5917,9,0,"[HANDLE] &amp; there r no arguments like ""men just can't outdo women because their bodies aren't up to the task"" in these activities"
TW10_5918,9,0,"[HANDLE] I'm not sure what your interpretation of my tweet was, but I def think patriarchy, and not women's bodies, are the prob"
TW10_5919,9,0,"[HANDLE] ""as long as women have a biological advantage in X sport, X sport will be undervalued"" is what that was attached to."
TW10_5920,9,0,"[HANDLE] I did not mean disadvantage, because women do have body advantages in some sports (flexibility, size, etc.)."
TW10_5921,9,0,"[HANDLE] Not that you'll stop whining for ten seconds to read, but [URL] Feminists do not owe you their civility."
TW10_5922,9,0,"Every day I'm reminded that the most dangerous men are not the ""lol women can't drive"" crew, but the ""I'm not sexist, but"" DERAILMENT crowd."
TW10_5923,9,0,#4 and #1: [URL]
TW10_5924,9,0,"[HANDLE] Pretty sure white men make more than everyone else and have lowest unemployment, so 200+ yr aff. action program is still working"
TW10_5925,9,0,You've got to follow [HANDLE].
TW10_5926,9,0,[URL]
TW10_5927,9,0,"Words have different impact depending on power. How is this a hard concept? [HANDLE] And just to clarify, whores can be guys too #notsexist"
TW10_5928,9,0,"[HANDLE] Your use of the word ""whore"" hurts women regardless of what gender you are using it to refer to."
TW10_5929,9,0,[HANDLE] HOW DARE A WOMAN BE HAPPY OUT OF CONTEXT
TW10_5930,9,0,"RT [HANDLE]: ""When I was seven years old, Woody Allen took me by the hand, led me into an attic and sexually assaulted me."" [URL]"
TW10_5931,9,0,[HANDLE] So secure in his unshakeable faith in patriarchy that he banned me from retweeting his asinine reply
TW10_5932,9,0,"RT [HANDLE]: Cleveland, Illinois, Atlanta, Washington DC = grow the fuck up &amp; change the mascots. #notyourmascot"
TW10_5933,9,0,A must watch and share: [URL] #notyourmascot #changethename
TW10_5934,9,0,"I have to give [HANDLE] the honor of making me laugh so hard I cried today. Wow, the blockheadedness is strong in this one."
TW10_5935,9,0,"[HANDLE] Yeah, men NEVER become fans of women athletes merely based on attractiveness."
TW10_5936,9,0,"[HANDLE] Good luck! I did that last semester, you'll make it through!"
TW10_5937,9,0,"Not a rec single manga aimed at girls/women, even though the article specifically mentions them as top consumers. smh [URL]"
TW10_5938,9,0,"And he's an author. You know, someone who needs empathy to perform his job. [URL]"
TW10_5939,9,0,Why are men so afraid of housework? Is it because a mop looks like a giant penis?
TW10_5940,9,0,[HANDLE] [URL] [URL] [URL]
TW10_5941,9,0,[HANDLE] and [URL]
TW10_5942,9,0,"[HANDLE] THAT SPEECH WAS FOR DUDES LIKE YOU, GENIUS"
TW10_5943,9,0,"Note, [HANDLE] is obvs not sexist. Retweet needs a ""sincere or sarcastic?"" option."
TW10_5944,9,0,"But sexism is totally over, laydeez: [URL]"
TW10_5945,9,0,"I taught myself HTML when I was 13, and if anyone had told me a) coding/programming was what ""computer science"" was or..."
TW10_5946,9,0,"b) that girls weren't supposed to do it, I would have been on that shit"
TW10_5947,9,0,RT [HANDLE]: [HANDLE] [HANDLE] excellent short film by Eleonore Pourriat - everyday sexism to a man [URL]
TW10_5948,9,0,The key to ending poverty is by giving women and girls real economic power: [URL]
TW10_5949,9,0,RT [HANDLE]: [HANDLE] FIFE will be co-sponsoring a screening of Half the Sky in April with UN Women! #feminism #UVa
TW10_5950,9,0,"If this isn't male ""humor"" in a nutshell I don't know what is. [HANDLE] [HANDLE] I'm not apologising for trying to be funny"
TW10_5951,9,0,[HANDLE] Be a raging shithead to people lower than you on the social totem pole and then claim you shouldn't have to face consequences.
TW10_5952,9,0,"[HANDLE] ""abnormally popular."" Now THAT is comedy. Say it with rolled eyes and one hand on the hip for extra effect."
TW10_5953,9,0,"[HANDLE] [HANDLE] Wait, I didn't realize I was pointing out the ingrained sexism of Dwight Schrute!"
TW10_5954,9,0,"No, seriously, read that RT in Dwight's voice."
TW10_5955,9,0,"[HANDLE] ""No one is saying shit""? ARE YOU EVEN ON THIS PLANET"
TW10_5956,9,0,"[HANDLE] I guess ""no one"" includes this entire comment thread: [URL]"
TW10_5957,9,0,"[HANDLE] is like the most measured, evidence-based feminist lens with which to view video games and yet to them RADICAL FEMINIST HARPY!"
TW10_5958,9,0,Here's my review of 99% of games I've ever played: FUCK THIS MISOGYNIST BULLSHIT *heaves menstrual blood at the screen*
TW10_5959,9,0,"Happy V-Day to all the not-sexist/working on its out there. To the rest of you, your life is punishment enough"
TW10_5960,9,0,[HANDLE] I wish I had a dollar for every time I met people who didn't understand basic psychological concepts like confirmation bias
TW10_5961,9,0,Or basic sociological concepts like stereotype threat
TW10_5962,9,0,[URL]
TW10_5963,9,0,[HANDLE] It's even more annoying that you exist past high school.
TW10_5964,9,0,"Yes, and ""girls suck at basketball"" is such an unconventional sentiment to begin with. [HANDLE]"
TW10_5965,9,0,[HANDLE] [HANDLE] The amount of time it takes a man to resort to sexual harrassment is the same amount of time he lasts in bed.
TW10_5966,9,0,Excellentttt [URL]
TW10_5967,9,0,"[HANDLE] ""Unpopular opinion,"" bahahahaha"
TW10_5968,9,0,[HANDLE] False equivalence: [URL]
TW10_5969,9,0,"Again with the ""unpopular opinion"" [HANDLE] call me sexist but I hate audiobooks read by women #confessyourunpopularopinion"
TW10_5970,9,0,"The absolute definition of privilege is being blind to the fact that you feel your bland, oppressive notions are ""radical"""
TW10_5971,9,0,"Men have the entire world tailored to their every whim, yet still think they're oppressed. #realunpopularopinions"
TW10_5972,9,0,There is no gender binary #realunpopularopinions
TW10_5973,9,0,[HANDLE] [HANDLE] Better yet: Odds each person thinks their tweet is super clever and original?
TW10_5974,9,0,"[HANDLE] You're not going to be 13 forever, but at this rate you will be mentally."
TW10_5975,9,0,Since some people apparently suffer from sexism AND americanexceptionalism (we're still trying to find a cure): [URL]
TW10_5976,9,0,"Oh man, yes! [URL]"
TW10_5977,9,0,RT [HANDLE]: If there's debate over if Oscar movies pass the Bechdel Test because of one line that's a good indication the film has poor re…
TW10_5978,9,0,[HANDLE] In case anyone was confused by the difference between sexism and cissexism.
TW10_5979,9,0,stan got this A+ last word before blocking me: Ever heard of caustic #sarcasm? Rename yourself [HANDLE] Thanks Awfully *mwah!* xxx
TW10_5980,9,0,Bigots fail to realize that normative pressure has nothing to do with the First Amendment.
TW10_5981,9,0,"You won't go to jail for being a raging miosgynist racist fuckbag, but that doesn't mean we all have to be silent about your fuckery"
TW10_5982,9,0,"Men joke about rape: ""It's just a joke! Women have no sense of humor!"" Women joke about consensual sex: ""Women are too raunchy! Not funny!"""
TW10_5983,9,0,"[HANDLE] your caveat that ""it's not cool when men do it either"" is a false equivalence. Those statements have unequal weights."
TW10_5984,9,0,[HANDLE] if this is the smartest thing to come out of your mouth I think your only competition is fecal vomit
TW10_5985,9,0,[HANDLE] women are never tired!
TW10_5986,9,0,At least you understand that woman != conventionally feminine [HANDLE] I would love to see all women embrace femininity. #notsexist
TW10_5987,9,0,"Notice in that last tweet how ""people"" doesn't make sense unless it''s actually ""men."""
TW10_5988,9,0,"[HANDLE] Honestly, I want to meet the bands of guerrilla feminists holding writers at gunpoint until they create a token ""strong female"""
TW10_5989,9,0,"News flash: If a writer creates a SFC to answer some self-created persecution, that character probably sucks."
TW10_5990,9,0,"Oh hey, you should be ashamed of your disgusting self. [HANDLE] [URL]"
TW10_5991,9,0,"[HANDLE] ""everybody does it"" is not an excuse for oppressive behavior"
TW10_5992,9,0,[HANDLE] I'm late to the party but next time say you get airsick and watch the personal space expaaaaand
TW10_5993,9,0,"[HANDLE] I can tell you are well versed in prosodic contours, so I don't need to remind you that women actually have MORE variation"
TW10_5994,9,0,RT [HANDLE]: [HANDLE] [HANDLE] I like my men like I like my pickles: in airtight containers &amp; not able to offer their o…
TW10_5995,9,0,[HANDLE] [HANDLE] [HANDLE] [URL] [URL] [URL] [URL]
TW10_5996,9,0,[HANDLE] [URL]
TW10_5997,9,0,[HANDLE] I have never seen so many ignorant tweets in one place. Kudos!
TW10_5998,9,0,It's easy 2 give up bigoted media when you already dislike the creator. What really shows your true colors is calling out a person you liked
TW10_5999,9,0,[HANDLE] #FalseEquivalence
TW10_6000,9,0,[HANDLE] [URL]
TW10_6001,9,0,[HANDLE] [URL]
TW10_6002,9,0,[HANDLE] [URL]
TW10_6003,9,0,LMGTFY might be my favorite way to educate people I have no obligation to educate.
TW10_6004,9,0,RT [HANDLE]: What find truly astounding is number of thought pieces that fail recognize how offensive the segment was even without the tw…
TW10_6005,9,0,[HANDLE] Thank you for that dose of #OddlySpecificMisogyny
TW10_6006,9,0,[HANDLE] [URL]
TW10_6007,9,0,"[HANDLE] Oh shit, I'm sure now that they know how turned off you are, they will immediately stop. #entitlement"
TW10_6008,9,0,"Bitch, whore, slut, cunt, I am sick of these words. Change your speech, change your mind."
TW10_6009,9,0,"[HANDLE] You think your reply is clever? Women are more than you will ever be. You are small, and you will always be small."
TW10_6010,9,0,"[HANDLE] You mean like the CAR, Chile, South Korea, Malawi, Kosovo, Brazil, Costa Rica, Lithuania, Argentina, and Liberia?"
TW10_6011,9,0,"[HANDLE] All of which, as I'm sure you are aware, have female presidents?"
TW10_6012,9,0,"[HANDLE] The fact that you don't think this tripe is sexist (and ableist, not that you get that) is the saddest/funniest part"
TW10_6013,9,0,"I'm going to tweet this again, because domestic abuse is not. Fucking. Funny. [URL]"
TW10_6014,9,0,"[HANDLE] Think you're hot shit, asshole? Hope they use your Twitter at your inevitable trial."
TW10_6015,9,0,"RT [HANDLE]: D.C. police want to talk to this man about Relisha Rudd. If you have info, call [PHONE]. [URL] ht…"
TW10_6016,9,0,It's hard being around people who aren't actively trying to fight their own oppressive behaviors. Find your people to keep you calm.
TW10_6017,9,0,"Hey followers, I'm back from a 2-week vacation and ready to call people sexist again. Thanks for sticking around."
TW10_6018,9,0,[HANDLE] Your joke is like misogynist magnetic poetry thrown haphazardly onto a fridge.
TW10_6019,9,0,"RT [HANDLE]: ""People say 'write what you know.' Sometimes I think people should know more."" [HANDLE] at #C2E2"
TW10_6020,9,0,"Worse than sitting through the uninspired, overlong tripe that was #captainamerica was hearing the guy next to me say ""that was great"" after"
TW10_6021,9,0,"atrocious script, racist, sexist, and most of all boring as fuck"
TW10_6022,9,0,When I'm drunk I just want to give all the women hugs. You are all great and I admire your strength. Now i must pee. Again.
TW10_6023,9,0,Have you ever been to any sporting event at ANY level in your life? [HANDLE] (Not sexist but lads don't tend to scream)
TW10_6024,9,0,"[HANDLE] I'm sure your mommy still does your laundry, but mine can defend against a child's foolish words."
TW10_6025,9,0,Boss Mathematician ViHart explains Net Neutrality: [URL]
TW10_6026,9,0,"[HANDLE] It's obvious why the former president of the NCTA would try to kill Net Neutrality, but you should resign from the FCC."
TW10_6027,9,0,"[HANDLE] You should also have to disclose on the FCC's website that u have business connections to cable, a HUGE conflict of interest"
TW10_6028,9,0,"[HANDLE] Please stop Comcast from merging with Time Warner and protect Net Neutrality. You were a representative pre-FCC, not a lobbyist"
TW10_6029,9,0,[HANDLE] Protect Net Neutrality! Comcast should not be guiding the FCC's hands with cash. Don't you guys have a conscience?
TW10_6030,9,0,"[HANDLE] after seeing your philosophy on regulation in general, I think it is pretty disappointing that you are a leader at the FCC"
TW10_6031,9,0,"[HANDLE] Slashing Net Neutrality ""won't change the marketplace""? How dumb do you think we are?"
TW10_6032,9,0,"It is unconscionable that our regulatory bodies are so transparently in bed with corporate interests, and that they think we won't notice."
TW10_6033,9,0,[URL]
TW10_6034,9,0,[HANDLE] because your target demographic is 1950s businessmen apparently. Fun fact: Don Draper fucking loves tea
TW10_6035,9,0,[HANDLE] Don't ditch the old bag till you get her marble rye amirite
TW10_6036,9,0,[HANDLE] I love that they stuck women having affairs in the cm like that negates the misogyny of the hashtag. Sick of false equivalences
TW10_6037,9,0,"[HANDLE] [HANDLE] ""It is fact."" &lt;-- offers no evidence"
TW10_6038,9,0,"Men are oppressive, toxic beings #Fact [HANDLE] Women are awful drivers. #NotSexist #Fact"
TW10_6039,9,0,[HANDLE] [URL]
TW10_6040,9,0,[HANDLE] [HANDLE] You have the right idea!
TW10_6041,9,0,"[HANDLE] We do, but I do encourage calling out sexism under any twitter handle."
TW10_6042,9,0,"[HANDLE] Not exactly the part I was relaying, but, ;ppp"
TW10_6043,9,0,"[HANDLE] I am laughing my ASS off at your fauxffense. The original tweet said women shouldn't be allowed to drive, for chrissakes"
TW10_6044,9,0,"[HANDLE] Google ""false equivalence"" and commit to memory."
TW10_6045,9,0,I feel like this is necessary today: [URL]
TW10_6046,9,0,"[HANDLE] ""I feel like"" = ""I have no evidence of this whatsoever but I'm gonna shoot my mouth off anyway."""
TW10_6047,9,0,[URL] forever reblog #wrongsocialmediaplatform
TW10_6048,9,0,[HANDLE] I'm sure your middle school teachers think you're just charming.
TW10_6049,9,0,"Any time anyone ever says either of these things, just [URL]"
TW10_6050,9,0,"THIS is why ""reverse sexism"" doesn't exist, you fucking murderous MRA shitbags [URL]"
TW10_6051,9,0,"#YesAllWomen wonder ""what if"" when men harrass, beat, and kill women. What if my brother, what if my father, what if my lover."
TW10_6052,9,0,"#YesAllWomen know men hate us, and try to carve a life out from what remains when you subtract our daily fear, rage, despair."
TW10_6053,9,0,#YesAllWomen are unsurprised when men think murder is fair retribution for getting turned down for a date.
TW10_6054,9,0,#YesAllWomen have male oppression as the background radiation of their lives. (Phrasing from [URL]
TW10_6055,9,0,"#YesAllWomen feel a combination of pride and rage at the popularity of #YesAllWomen. Yes, finally, but why did you take so long?"
TW10_6056,9,0,"#YesAllWomen are going to shout over wastes of carbon material like [HANDLE] until they are heard. You are a drop in the ocean, pal."
TW10_6057,9,0,[HANDLE] Retweet every last threat so the world will finally see what we live with.
TW10_6058,9,0,"#YesAllWomen are sick and tired of ""but there's two sides"" to rape and murder."
TW10_6059,9,0,#YesAllWomen see fire when men make excuses for the murderer of seven innocent women. [URL]
TW10_6060,9,0,"#YesAllWomen are not going to just ""let it go."" There are countless women who are killed every day in single numbers who are forgotten."
TW10_6061,9,0,"Because if Elliot Rodger had killed just ONE woman who had rejected him for a date, it would not be national news. #YesAllWomen"
TW10_6062,9,0,"#YesAllWomen because when the UPS delivery man for my office when I was a 20-something sexually harrassed me he was reassigned, not fired."
TW10_6063,9,0,"RT [HANDLE]: Yeah, we're well aware of this threat: ""Keep that in mind next time you friendzone someone"" #YesAllWomen #UCSB [URL]"
TW10_6064,9,0,On point: [URL]
TW10_6065,9,0,#YesAllWomen because my mother hoped I would inherit a better world than this
TW10_6066,9,0,Because a man who sexually assaulted my friend in high school with two others is now a cop in my home town. #YesAllWomen
TW10_6067,9,0,"[HANDLE] #YesAllWomen because my first thought was, ""That's a really smart idea."""
TW10_6068,9,0,"#YesAllWomen Because the time I shouted at a strange drunk man on the bus to leave me alone, everyone stared instead of speaking up."
TW10_6069,9,0,#YesAllWomen because I avoid my favorite restaurant during lunch hours because a man who tries to chat me up works there then
TW10_6070,9,0,"RT [HANDLE]: Because, at 58, I've spent my adult life watching our society try to take away all the rights women gained during my ch…"
TW10_6071,9,0,#YesAllWomen have been let down by men they thought wouldn't disappoint them at a crucial moment
TW10_6072,9,0,"#YesAllWomen because once at a Louis C.K. show he said ""how do you make an old woman? You take a young woman and just ruin her."""
TW10_6073,9,0,"#YesAllWomen are tired of ""strength"" being defined solely as upper body muscular strength and then being called ""inferior"" and ""weak."""
TW10_6074,9,0,"RT [HANDLE]: If you think #YesAllWomen is about hating men, you haven't read the stream. It's about hating injustice. It's about hating liv…"
TW10_6075,9,0,"#YesAllWomen because are you fucking kidding me that the next trending tag is ""things girls say during sex""? We can do better. We have to."
TW10_6076,9,0,[HANDLE] Way to fucking hijack our hashtag for some light misogyny.
TW10_6077,9,0,RT [HANDLE]: My mother fought 2 vote at the beginning of last century. Incredible women must still fight 4 equality &amp; safety in this…
TW10_6078,9,0,"The fact that the creator of #YesAllWomen had to shut down her account bc of harraasment should shut ""contrary"" men up, but it doesn't."
TW10_6079,9,0,[HANDLE] You know who's not sexist? Plenty of fucking people. Just not you. Bye.
TW10_6080,9,0,"Nice try, I have the same right to speak as you. [HANDLE] THEN MOVE 2FUCKING MARS CUZ IM ALWAYS GONNA BE HERE SAYING WHAT I GOTTA SAY"
TW10_6081,9,0,"[HANDLE] Treating women like trophies, the shinier the better! Totally not sexist."
TW10_6082,9,0,[HANDLE] You can't control your own eyeballs? Then don't get uptight when I gouge them out. You are just helping the other cause.
TW10_6083,9,0,"[HANDLE] [HANDLE] ""girls don't even DJ"" is possibly the most asinine thing I've read today. And I'm on TWITTER."
TW10_6084,9,0,I want to print a thousand copies a day and scatter on the streets until men understand: [URL]
TW10_6085,9,0,[HANDLE] [HANDLE] As though being fat is in any way worse than being a misogynist shitbag. Stop being a horrible person.
TW10_6086,9,0,Next time someone starts talking about drunk driving causing road deaths just start screaming NOT ALL DRIVERS #notalleverything
TW10_6087,9,0,When someone gets bitten by a rabid dog and has to get six inch needles in the belly be there to say NOT ALL DOGS #notalleverything
TW10_6088,9,0,"GM is currently muttering ""but not ALL of our cars are death traps"" #notalleverything"
TW10_6089,9,0,So both your attitudes and your speech come from the Stone Age. [HANDLE]: [HANDLE] haha make me sandwich
TW10_6090,9,0,"Any time a man tells you to make him a sandwich, imagine it as ""MAKE ME SANDWICH.  ME AM MAN. ME BEAT CHEST."""
TW10_6091,9,0,"[HANDLE] [HANDLE] Actually, there have been many female heads of state, you anglocentric waste of space."
TW10_6092,9,0,"Go ahead, sit on my purse strap and not get up when I say EXCUSE ME, it's not like I exist or take up space. #fuckmenonpublictransit"
TW10_6093,9,0,"MUCH SELF AWARE, WOW [HANDLE]: This made me crack up. #NotSexist #FamilyGuy [URL]"
TW10_6094,9,0,Can men please stop shooting people for a goddamn second?
TW10_6095,9,0,"[HANDLE] That's the Batman Anthem, if you couldn't figure it out (you probably can't)"
TW10_6096,9,0,"[HANDLE] This cat almost has Smarterchild level AI, but it's still in alpha"
TW10_6097,9,0,#TheGameIHated Ren and Stimpy for SNES. Spent three years trying to figure out what to do in level 1.
TW10_6098,9,0,"[HANDLE] Wow, would you like it if a man twice your size ""flirted"" with you and wouldn't let you get away?"
TW10_6099,9,0,[HANDLE] [URL]
TW10_6100,9,0,RT [HANDLE] [HANDLE] we are talking about normal people flirting to each other
TW10_6101,9,0,"[HANDLE] What you see as ""normal,"" women see as threatening, and we keep telling you dudes this, but you don't actually want to listen."
TW10_6102,9,0,"RT [HANDLE]: Unfortunately, this is an all too typical twitter response to my observations about video games. #E32014 [URL]"
TW10_6103,9,0,[HANDLE] I hate people who waste their time memorizing player names as some ridic standard for authenticity. Cancer = still uncured.
TW10_6104,9,0,[HANDLE] Oh thanks for clearing that up
TW10_6105,9,0,"Hey, [HANDLE], how's it feel to have everyone calling out your weak excuses? Feels pretty good to me."
TW10_6106,9,0,"#womenaretoohardtoanimate because ""oops, our game is 100% female characters, oh well"" isn't a thing, but THIS is"
TW10_6107,9,0,"[HANDLE] [HANDLE] What charming ""lads."" I can't imagine why women WOULDN'T want to impress YOU!"
TW10_6108,9,0,"RT [HANDLE]: Wait, so some guys can't relate to female protagonists but have no problem embodying murderous, sociopathic men?"
TW10_6109,9,0,[HANDLE] The feeling is mutual.
TW10_6110,9,0,[HANDLE] Thank you. I lost my dad last year and have been avoiding social media bc it stings/jolts still. It means a lot to not b alone.
TW10_6111,9,0,"[HANDLE] Oh no, not sexist at all!"
TW10_6112,9,0,[URL] [HANDLE] [HANDLE] but you're ugly!
TW10_6113,9,0,If being ugly negated people's opinions Fox News would have been taken over by MTV5 by now.
TW10_6114,9,0,[HANDLE] [URL]
TW10_6115,9,0,"Up next, a series of ""positive"" tweets about women from [HANDLE]"
TW10_6116,9,0,[HANDLE] [URL]
TW10_6117,9,0,Relevant:[URL]
TW10_6118,9,0,Internalized misogyny makes me the saddest [HANDLE] [HANDLE] I'm not sexist but... Women can't drive.
TW10_6119,9,0,"""I believe in equality except when I'm drunk and mad at women."" &lt;-- why I don't trust male feminists"
TW10_6120,9,0,[URL] [HANDLE] And im not sexist guys are bitches too
TW10_6121,9,0,"[HANDLE] They wouldn't need two parents if we had a fucking social safety net, but sure, let's blame the most vulnerable people, sure."
TW10_6122,9,0,A break from your regularly scheduled programming. To all the grad students out there: [URL]
TW10_6123,9,0,[HANDLE] They were really busy studying neuroscience?
TW10_6124,9,0,[HANDLE] [URL]
TW10_6125,9,0,"[HANDLE] Wow, you're gross!"
TW10_6126,9,0,5/9 SC justices are pieces of shit. Maybe they should go work for [HANDLE]! #scotus
TW10_6127,9,0,"White people and culturally appropriative ""spirituality"" (I'M TALKING TO YOU YOGA ENTHUSIASTS), just stop"
TW10_6128,9,0,[HANDLE] Yeah because she's not driving it over your face
TW10_6129,9,0,"Fuck off, ""obviously"" [HANDLE] Obviously not sexist, but I got a tiny chuckle out of this one. Lol [URL]"
TW10_6130,9,0,[HANDLE] Making fun of people who have been sexually assaulted is one of the fucking lowest points you can reach as a human being.
TW10_6131,9,0,"[HANDLE] Yeah men are known for being completely responsible drinkers who never puke. It's that Y chromosome, the ""anti-puke"" chromosome."
TW10_6132,9,0,"Hey, [HANDLE], thought you'd like to know a plagiarized version of one of your comics is going around with altered, offensive dialogue."
TW10_6133,9,0,[HANDLE] You can ask [HANDLE] all about it!
TW10_6134,9,0,[HANDLE] Do you have any comment?
TW10_6135,9,0,Ever consider she's just humoring you &amp; doesn't give a shit? [HANDLE] Explaining the offside rule to the missus #again #truestory #notsexist
TW10_6136,9,0,"Honestly fucking dudes think sports have the most complicated, important sets of rules on the planet. Try neuroscience, geniuses."
TW10_6137,9,0,"The chemistry involved in successful cooking is at least 100x as complex as ""man no play when teammate touch ball"""
TW10_6138,9,0,"More neurons fire when I compose this sentence than it takes to process ""man hit ball into foul zone it no count as third strike"""
TW10_6139,9,0,Can we make #cavemansplaining a thing?
TW10_6140,9,0,"Yes, yes, yes. [URL]"
TW10_6141,9,0,I mean I'd be ready with a snarky reply but your stupidity speaks for itself. [HANDLE] [HANDLE]
TW10_6142,9,0,"[HANDLE] Great parody account, A+"
TW10_6143,9,0,[HANDLE] So you can hear smells? #wordsalad #really #justincoherent
TW10_6144,9,0,"[HANDLE] What's wrong, mommy limit your Xbox time again?"
TW10_6145,9,0,[HANDLE] You literally just said women should not be paid the same for doing the same job.
TW10_6146,9,0,"[HANDLE] [URL] #5, genius"
TW10_6147,9,0,"Sorry, comic book lovers, it was the day after I bought my first issue of Batgirl that [HANDLE] left the project. #ladycurse"
TW10_6148,9,0,[HANDLE] Intent is irrelevant: [URL] You grew up in a sexist society. You are not immune to its influences.
TW10_6149,9,0,"[HANDLE] Blind symphony auditions increase women's representation. Judges may not THINK they're sexist, but they are: [URL]"
TW10_6150,9,0,[HANDLE] Have you ever had a period? No? Then shut the fuck up.
TW10_6151,9,0,I'm not a misandrist but when men get kicked in the balls they should get up off the ground and get back to work!
TW10_6152,9,0,"How to feminist ally: set a good example for other men, tell other men when they're fucking up. How to not: Tell women what to do."
TW10_6153,9,0,"Yes, WE'RE ridiculous. Rofling irl holy shit [HANDLE] Feminists are ridiculous."
TW10_6154,9,0,[URL]
TW10_6155,9,0,"Gonna buy like 8,000 copies of LADY THOR when it comes out just to make these whiny teens' balls shrivel and die"
TW10_6156,9,0,Honestly I can't even keep up with all the sexist #Thor tweets right now. I hope Lady!Thor is butch as hell and marries Wonder Woman
TW10_6157,9,0,[HANDLE] Look as long as he had a frog penis we can agree that it is not an unacceptable change in character
TW10_6158,9,0,"#MoreAcceptableThors than Ladythor: Horse Thor, Bagel Thor, Smarmy Congressman Thor, Team Edward Thor"
TW10_6159,9,0,"#MoreAcceptableThors: Thorldemort, Racist Uncle Thor, Smells-Like-Roofing-Tar Thor, Cocky Lifeguard Thor, DMV Employee Thor"
TW10_6160,9,0,"#MoreAcceptableThors: No Foreplay Thor, Garlic Breath Thor, Moocher Roommate Thor, Root Canal Thor, 8 a.m. Chem 101 Thor"
TW10_6161,9,0,#YesYoureSexist if you only suspend your disbelief for the benefit of a story as long as it doesn't threaten the status quo
TW10_6162,9,0,"Calling someone sexist = worse than sexism. I'm glad of the daily allotment of male tears, though, they keep my skin fresh and dewy"
TW10_6163,9,0,Men acting like mythology is static and the characters don't change drastically over generations.
TW10_6164,9,0,"Stories evolve and change to reflect lessons that society finds valuable. I think ""women are human beings"" is a lesson that needs learning."
TW10_6165,9,0,"Pretty fucking sick of this pattern: Many women recount same experience, men insist they're still right in spite of said experience"
TW10_6166,9,0,"It's a unique challenge to uphold feminist ideals in a heated argument in your second language, against three men"
TW10_6167,9,0,Yeah unlike this tweet [HANDLE] I'm not sexist but do girls do everything for attention?
TW10_6168,9,0,[HANDLE] Your childhood was a piece of racist and sexist shit and we set it on fire
TW10_6169,9,0,"[HANDLE] Yes, a ""real historic. . .god."" Just like Zeus! Much real! Very history!"
TW10_6170,9,0,On Point: [URL]
TW10_6171,9,0,"[HANDLE] your mom's calling, she says to get out of the basement and clean your room"
TW10_6172,9,0,"[HANDLE] And God said, ""Don't pay them a living wage for that shit because then they might leave men!"""
TW10_6173,9,0,[URL]
TW10_6174,9,0,"Indeed. [HANDLE]: [HANDLE] Lol okaaaay, what I meant doesn't really pertain to the workforce but whatever"
TW10_6175,9,0,"It doesn't ""pertain to the workforce"" because women's work isn't paid, and therefore is not considered work. But you know, shine on"
TW10_6176,9,0,"RT [HANDLE]: If turned off by a woman performing a normal human function, like eating enough to satiate her hunger, you prob don't consider …"
TW10_6177,9,0,"RT [HANDLE]: [HANDLE] [HANDLE] I've navigated Moroccan desert w/o GPS, chase crew, cell phones. Only compass and map. I'…"
TW10_6178,9,0,"[HANDLE] Sexist AND racist, what a catch!"
TW10_6179,9,0,Don't make me fucking dig out the oppression pyramid again oop here it is dammit [URL]
TW10_6180,9,0,[HANDLE] And they say doodz can tell the difference between fiction and reality
TW10_6181,9,0,I'm not a misandrist but in movies men are always shooting people oh wait that is also real life
TW10_6182,9,0,"RT [HANDLE]: And cute 5"" wooden platform heels w mini sundresses, wo men believing deep in their hearts I do any of this shit w them in mind…"
TW10_6183,9,0,"RT [HANDLE]: TW. Default male mindset: ""women exist for me to fuck. If she shows skin around me, it's *none* other than a personal invite to…"
TW10_6184,9,0,"[HANDLE] More exclamation points = more truth, fact"
TW10_6185,9,0,"[HANDLE] ""As long as they're qualified"" wow I can't"
TW10_6186,9,0,[HANDLE] And yet you felt the need to tweet this drivel
TW10_6187,9,0,"RT [HANDLE]: ""Females shouldn't---"" [URL]"
TW10_6188,9,0,RT [HANDLE] Hahaha I'm not sexist but this is funny [URL]
TW10_6189,9,0,RT [HANDLE] Naah I'm not sexist but can someone get me this T-Shirt please? [URL]
TW10_6190,9,0,[HANDLE] The point and you live in different universes.
TW10_6191,9,0,[HANDLE] I find it pretty disgusting that you would reply about legs on a fucking tweet about the situation in Gaza
TW10_6192,9,0,[HANDLE] WOW SEXUAL HUMOR A+
TW10_6193,9,0,A lighthearted romp: [URL]
TW10_6194,9,0,"Pro tip: Any time a man starts to give an opinion on women's appearances, play the song of your choice in your head and start dancing, BIG"
TW10_6195,9,0,"[HANDLE] [HANDLE] [HANDLE] Thanks Evan, nice source."
TW10_6196,9,0,"[HANDLE] *dies laughing* You realize most men can't cook and clean for themselves, right?"
TW10_6197,9,0,"[HANDLE] ""PC"" = ""I can't be an asshole to people anymore! What gives!"""
TW10_6198,9,0,It should be mandatory for all boys to stfu 200x a day [HANDLE] It should be mandatory for all girls to do 20 squats a day #notsexist
TW10_6199,9,0,RT [HANDLE]: We put our hands up &amp; beg for our lives not to be taken &amp; still end up in a body bag. You may not be able to relate but this…
TW10_6200,9,0,RT [HANDLE]: TV news is full of white people who don't understand riots over cops killing a teenager but will demand to see a manager over…
TW10_6201,9,0,"Honestly couldn't remember whether Tim Wise or Hugo Schwyzer was the shitty ""ally"" I was supposed to hate, but now it's easy: both!"
TW10_6202,9,0,"Wow, really digging deep there. Ask yourself WHY, ALWAYS. [HANDLE] Not sexist, but i prefer to read books writen by men"
TW10_6203,9,0,Wow that is actually the stupidest thing I've read all day. [HANDLE] Swear I'm not sexist but boy meets world &gt;&gt; girl meets world
TW10_6204,9,0,I'm not sexist but Happy Days &gt;&gt; Joanie Loves Chachi
TW10_6205,9,0,I'm not sexist but Mary Tyler Moore &gt;&gt; Rhoda
TW10_6206,9,0,I'm not racist but All in the Family &gt;&gt; The Jeffersons
TW10_6207,9,0,I'm not anti-Semitic but Breaking Bad &gt;&gt; Better Call Saul
TW10_6208,9,0,[HANDLE] I apologize if I wasn't clear. I think that statement is equally racist as the original tweet was sexist.
TW10_6209,9,0,"If you are white and you are making a mockery of the IfTheyGunnedMeDown tag, STOP. IT DOES NOT BELONG TO YOU. (Not tagging on principle.)"
TW10_6210,9,0,"[HANDLE] pretty sure ""misandry"" doesn't get men killed/abused on the daily, so I could give a flying fuck about ""PR for feminism,"" jesus."
TW10_6211,9,0,You cannot make this shit up: [URL]
TW10_6212,9,0,"If women being angry at men turns you off of feminism, you are not ready for feminism."
TW10_6213,9,0,"RT [HANDLE]: Real talk. RT [HANDLE]: ""If you wanted to see what the 60's looked like, your watching it"" - My Grandma as she watches …"
TW10_6214,9,0,"[HANDLE] Hey, you don't get a cookie for being outraged by things that are outrageous. This is not about white people's feelings. Shush."
TW10_6215,9,0,RT [HANDLE]: I'm pretty sure Chief Wiggum would handle this situation better than Ferguson's police chief.
TW10_6216,9,0,RT [HANDLE]: TO RECAP: [HANDLE] started #NMOS14. There are over 50 vigils scheduled for #MikeBrown tonight because of A BLACK FEM…
TW10_6217,9,0,RT [HANDLE]: Guy whose car we blocked in high-fiving marchers. #nmos14 [URL]
TW10_6218,9,0,"RT [HANDLE]: Meet the Missouri Highway State Patrol captain who took over in Ferguson, and is actually protecting and serving: [URL]"
TW10_6219,9,0,[HANDLE] My brow is so knit in disgust I lost an M&amp;M in there
TW10_6220,9,0,"[HANDLE] Congratulations, you have won the award for most unintentionally hilarious tweet [NUMBER]"
TW10_6221,9,0,"Women don't give a flying fuck. [HANDLE] Acts of ""chivalry"" are for men to give, not for women to expect. #random #NotSexist"
TW10_6222,9,0,[HANDLE] Keep talking like that and your mommy's going to cut off Xbox privileges again.
TW10_6223,9,0,Glad I spent all those years dancing and building strong legs so I could use those muscles to claim my space on public transport
TW10_6224,9,0,RT [HANDLE]: Protesters in #Ferguson after getting hit by tear gas from police [URL]
TW10_6225,9,0,"RT [HANDLE]: Each day County Prosecutor Bob McCulloch delays indicting #DarrenWilson, he is endangering citizens and delaying the reb…"
TW10_6226,9,0,"[HANDLE] It's because of like-minded people like you that I can continue. I know someone hears, someone cares. That makes it worthwhile"
TW10_6227,9,0,[HANDLE] And I'm sure you came out of the womb knowing how to play video games.
TW10_6228,9,0,"RT [HANDLE]: Aaaand another email reads: ""Social justice warriors are all literally silencing reddit, SA, GB, 4chan and most other outlets …"
TW10_6229,9,0,[HANDLE] You cannot make this shit up. It writes itself!
TW10_6230,9,0,RT [HANDLE]: [HANDLE] sounds like my girlfriend when she's not in the kitchen. #onlyjoking #notsexist
TW10_6231,9,0,When I see young angry feminists being so much better at this than I was at their age it just makes my heart swell.
TW10_6232,9,0,"RT [HANDLE]: After arresting journalists covering the events in Ferguson, I don't think the US has to right to condemn North Korea or C…"
TW10_6233,9,0,CHORTLE [HANDLE] That blind date last night is why I don't do blind dates. All she did was call me sexist because I like being chivalrous
TW10_6234,9,0,[URL]
TW10_6235,9,0,[HANDLE] Because patriarchy? Is this a trick question?
TW10_6236,9,0,[HANDLE] Thanks for the heads up!
TW10_6237,9,0,YOUR OPINION HAS BEEN PROCESSED AND DESTROYED [HANDLE] I'm not sexist but football commentating is a man thing.
TW10_6238,9,0,"Motion to replace ""he's just not that into you"" with ""you deserve better,"" ""dump his ass,"" or ""wow, he's a shitty fuckwad"""
TW10_6239,9,0,"No one ever writes a book called ""Men, Stop Being an Asshole in Relationships"" or ""She Just Wants to Be Treated Like a Human Being for Once"""
TW10_6240,9,0,"[HANDLE] No, but I do have to mute it when the 90% of TV aimed at straight white males offends my highly sophisticated ears"
TW10_6241,9,0,"HAHA YEAH THAT LOVE'S DOING A LOT FOR US RN TBH [HANDLE] I love women, but thank God I was born a male haha #NotSexist"
TW10_6242,9,0,"RT [HANDLE] Call me sexist , a misogynist, this will never go down well with me, your thoughts? [URL]"
TW10_6243,9,0,[HANDLE] Pretty sure at the rate you're going it will never be an issue for you.
TW10_6244,9,0,[HANDLE] [URL]
TW10_6245,9,0,"I just think everyone needs to know that many women poop during childbirth, and that's totally okay."
TW10_6246,9,0,Women? Holding things? That have mass? WEIRD [HANDLE] In weight training. And there's more girls then guys. Not sexist but a little strange
TW10_6247,9,0,[HANDLE] Did you know 1 in 6 women is raped in her lifetime?
TW10_6248,9,0,[HANDLE] [HANDLE] Rape is a violent crime. [URL]
TW10_6249,9,0,Rape is not a punch line. [URL] [HANDLE]
TW10_6250,9,0,[HANDLE] Ignorance is not a superpower: [URL]
TW10_6251,9,0,"[HANDLE] I'm not arguing with a mansplaining white boy who doesn't actually want to learn facts, so, bye."
TW10_6252,9,0,"[HANDLE] Male followers, it's time to collect your trash."
TW10_6253,9,0,RT [HANDLE]: [HANDLE] [HANDLE] 1 in 13 men have 7 toes on each foot. I can make up statistics too.
TW10_6254,9,0,"Wow, there's a lot of trash in my mentions this morning. Rape culture!"
TW10_6255,9,0,[HANDLE] [HANDLE] [HANDLE] [HANDLE] [URL]
TW10_6256,9,0,"The Bureau of Justice Statistics report only analyzed REPORTED rapes, and since the VAST MAJORITY of rapes are UNREPORTED, cont"
TW10_6257,9,0,their report is the very DEFINITION of cherry picking.
TW10_6258,9,0,"And lol to the original trash who whined about RAINN statistics coming from self-report, the BJS report is SELF-REPORT FROM A SURVEY"
TW10_6259,9,0,"Not to mention the BJS survey does not consider it rape when a man has sex with an unconscious, intoxicated woman, just like rapists."
TW10_6260,9,0,Changing the definition of rape makes it easy as shit to massage the stats to make your community look better.
TW10_6261,9,0,"[HANDLE] you know what else has a huge impact? Real rape that is happening right now, all over, to way more people."
TW10_6262,9,0,[HANDLE] but since most of the victims are women I guess you can't be arsed to give a shit about them.
TW10_6263,9,0,MRA Bingo complete from my notifications alone: [URL]
TW10_6264,9,0,"#twosecondcomebacks ""You're too sensitive."" ""No, you're not sensitive enough."""
TW10_6265,9,0,One of our strongest tools in stopping violence against women is public shame of the abuser and public support of the victim.
TW10_6266,9,0,women hide the abuse they receive bc they are blamed for their own victimization. Bring those festering pustules of humanity into the light.
TW10_6267,9,0,"If you're not watching Tropes vs Women, I don't know what you're doing with your life. The last one was the best yet: [URL]"
TW10_6268,9,0,[HANDLE] Having male employees truly sucks because they undermine your authority based on your gender and tweet about you to strangers.
TW10_6269,9,0,"RT [HANDLE]: Which speaks to how FAR they are from having the *remotest* insight into the state of being marginalized &amp; its impact, down to …"
TW10_6270,9,0,"RT [HANDLE]: For white men, outrage &amp; rage of the marginalized are a curious mystery to be poked at &amp; prodded until they can sufficiently in…"
TW10_6271,9,0,If you need me to tell you violating a woman's privacy is fucking wrong you are following the wrong woman.
TW10_6272,9,0,Trying press-on nails to manage my onychotillomania. How the fuck does anyone do anything with even two mm of nail?
TW10_6273,9,0,[HANDLE] That's fucking rich from the company draining CA of desperately needed water for Dasani brand tap water.
TW10_6274,9,0,"Referring to [HANDLE]: Harvesting scarce rainfall impacts the residents of Sikinos, Greece year-round. Watch &amp; learn more #wwweek"
TW10_6275,9,0,All men should follow [HANDLE] 's lead. Please move! I'll help you pack!
TW10_6276,9,0,3 male indie filmmakers at the table next to me discussing a script for a new movie. It sounds sexist! This is y we need more women in media
TW10_6277,9,0,"Actual quote: ""I like how she, you know, she wants him to kill her. She goes up to that cabin so that he will kill her."" gtfo of here"
TW10_6278,9,0,"""As long as she realizes she's not gonna look as pretty as she usually works. This character is kind of a mess."""
TW10_6279,9,0,"Now he's discounting an actress for her accent, because Americans won't watch the movie. Fuck off and die."
TW10_6280,9,0,They are literally going thru a laundry list of actresses and heavily critiquing every one.
TW10_6281,9,0,"Wow, all the lines they think are hilarious are said by the main female character when she subjects herself to ridicule."
TW10_6282,9,0,"I'm just thinking, ""Women have no idea how much men hate them.""  Germaine Greer."
TW10_6283,9,0,[HANDLE] You should have vomited and shit into a garbage bag and handed it to him.
TW10_6284,9,0,Let's not forget that Joan Rivers was a privileged asshole who whined constantly about her lack of rights to tell oppressive jokes.
TW10_6285,9,0,"""Edgy"" means u get 2 complain about how persecuted you are for saying horrible things while u continue 2 face no consequences 4 saying them."
TW10_6286,9,0,"RT [HANDLE]: Here is [HANDLE] on the #gamergate nonsense. ""Why We Didn't Want to Talk About GamerGate"" [URL]"
TW10_6287,9,0,RT [HANDLE]: Let me spell it out. It is deeply misogynist to propagate wild conspiracy theories suggesting women in gaming fake death or ra…
TW10_6288,9,0,"[HANDLE] Because their complaints abt the dress code are clearly based on your arousal, not their own bodily autonomy."
TW10_6289,9,0,[HANDLE] I wish I could just be sad. Instead I'm constantly spitting up rage bile.
TW10_6290,9,0,"I am so fucking sick of this facebook trend of ""31 days of positive thoughts!!1"" how about 365 days of activism"
TW10_6291,9,0,"""I'm so grateful for my easy, privileged life, so I will ignore the millions dying needlessly because YAY BAKING AND PUPPIES."""
TW10_6292,9,0,[HANDLE] TAKE THAT YOUTUBE
TW10_6293,9,0,"*slurps soda* yeah, SHOCKING [URL]"
TW10_6294,9,0,I am sterile. #ThreeWordsSheWantsToHear
TW10_6295,9,0,[HANDLE] [HANDLE] You are absolute scum.
TW10_6296,9,0,RT [HANDLE] I'm not sexist but [URL]
TW10_6297,9,0,"MAN is there a lot of garbage on the internet today. Watch out for the bags of shit around here, everyone."
TW10_6298,9,0,RT [HANDLE]: I'm not sexist I am sexist I'm not sexist oh wait I am no I'm not whoa whoa whoa [HANDLE] who knows if I am or n…
TW10_6299,9,0,Looks like [HANDLE] let his cat on the keyboard again.
TW10_6300,9,0,RT [HANDLE]: [HANDLE] it looks like somebody made this pointless account to get thrills out of telling complete strangers the…
TW10_6301,9,0,RT [HANDLE]: The #Ravens didn't release Ray Rice when they saw this video. They released Ray Rice when YOU saw this video. Remember that. …
TW10_6302,9,0,"Met a Male Writer at pub trivia, he was insufferable. Kept marking wrong answers without team input, suggested a ""your mom"" joke answer"
TW10_6303,9,0,"What kind of shit must you write, honestly, no knowledge, no sense of humor, no maturity"
TW10_6304,9,0,"Also grabbed fries off my plate without asking, then said ""I stole your fries,"" proceeded to eat half while I glared"
TW10_6305,9,0,Don't touch my fucking food = feminist mantra
TW10_6306,9,0,"[HANDLE] No, but he did make a show of trying to answer a question about Norman Mailer. Didn't even know his fellow white dude trivia."
TW10_6307,9,0,Cockblocked a fetishizer by talking to the women he was trying to serenade with his mediocre guitar skills. I HAVE NEVER FELT MORE JOY
TW10_6308,9,0,[HANDLE] Only when I can objectify the lead will I pretend to care about a woman's point of view. Got it.
TW10_6309,9,0,"Hello, male followers. Please go collect your garbage in the comments on this video, thanks: [URL]"
TW10_6310,9,0,"[HANDLE] On the one hand, I think, no, they're horrible. On the other hand, though, I think everyone should, because it's like+"
TW10_6311,9,0,"[HANDLE] +FACE THE DREGS OF HUMANITY, SEE HOW TRULY FOUL THEY ARE AND FIGHT BACK"
TW10_6312,9,0,RT [HANDLE]: Seriously [HANDLE] your system for reporting death threats is atrocious and ineffective. Please fix it.
TW10_6313,9,0,"[HANDLE] Oh, you mean like Competitive Lipstick Application? Olympic Shopping? The World Series of Eyelash Batting?"
TW10_6314,9,0,[HANDLE] your definitions of masculinity and femininity are rigid and oppressive. Educate yourself.
TW10_6315,9,0,You absolutely must read [URL]
TW10_6316,9,0,&lt;3 [URL]
TW10_6317,9,0,MISGENDERED AND IS MY DISCERNMENT BLUNTED BY STEROIDS OMG
TW10_6318,9,0,"Please, PLEASE start using ""is your discernment blunted by steroids"" to mean ""are you on DRUGS?"" from now on. DEAD"
TW10_6319,9,0,RT [HANDLE]: [HANDLE] the Redskins surely don't have anything to do with the masthead you're posting under. Just get a damn person…
TW10_6320,9,0,"[HANDLE] Yep, because Native women's concerns are not a feminist issue. Thanks, White Man!"
TW10_6321,9,0,"RT [HANDLE]: [HANDLE] You should really just get your own account, ditch any ""voice of the community"" pretensions."
TW10_6322,9,0,BLOCKITY BLOCK BLOCK
TW10_6323,9,0,[HANDLE] It's technically in the burbs but I love Graziano's. Epic salad dressing.
TW10_6324,9,0,"RT [HANDLE]: [HANDLE] [HANDLE] Done. Third in points for the [NUMBER] season class [NUMBER], multiple podium finishes in class [NUMBER], 11,…"
TW10_6325,9,0,"RT [HANDLE]: [HANDLE] [HANDLE] No. You tweet me when you get behind the wheel of a race car, pavement or dirt."
TW10_6326,9,0,"[HANDLE] Yeah, just like how male doctors never attend births, either!"
TW10_6327,9,0,[HANDLE] yeah we must play WHO HAS IT WORSE at all times or we will run out of our precious empathy reserves
TW10_6328,9,0,[HANDLE] I mean if I can't rank oppressions how am I going to know who I shouldn't bother feeling sorry for?
TW10_6329,9,0,[HANDLE] Is google a man? Because it stalks you and invades your privacy and is a giant know-it-all.
TW10_6330,9,0,Ivan and William = 66% of drivers involved [HANDLE] [URL]
TW10_6331,9,0,[HANDLE] [URL]
TW10_6332,9,0,"[HANDLE] ""can't take compliments"" = ""don't want to be harassed"""
TW10_6333,9,0,[HANDLE] Nope!
TW10_6334,9,0,"When you encounter ""patriarchy hurts men too!"": [URL]"
TW10_6335,9,0,[HANDLE] Dismantling patriarchy is reasonable. Upholding it is not.
TW10_6336,9,0,[HANDLE] ABLOO BLOO BLOO
TW10_6337,9,0,I miss anti racist dog.
TW10_6338,9,0,"Three beers is the right number of beers to run this twitter, honestly"
TW10_6339,9,0,[HANDLE] LMAO TOO MANY RIGHTS
TW10_6340,9,0,[HANDLE] actually no? Thanks for playing
TW10_6341,9,0,[HANDLE] also are you for real hey twitter there are real nazis on here get that shit outta here thxbai
TW10_6342,9,0,"Hitler's birthday it's like, ironic and shit. Holy fuck, I can't believe twitter OKed that username and not ""you're sexist as fuck"""
TW10_6343,9,0,Which was my first choice.
TW10_6344,9,0,"Compulsory femininity is expensive and exhausting. I don't want jewelry, perfume, makeup I carry around to reapply, hair accessories, etc."
TW10_6345,9,0,"But I know people with 15 lipsticks in their purses and they're great at accessorizing. I'm jealous but also so, so lazy and broke."
TW10_6346,9,0,"If you ever get as stressed as me about dealing with relatives that are walking microaggressions, remember that you don't have to like them+"
TW10_6347,9,0,"You don't have to like anybody, and that extends to people who share sig. more DNA with you than a random stranger. Make it through the day."
TW10_6348,9,0,[HANDLE] [HANDLE] I wasn't aware this man spoke for all women. Did I miss that memo?
TW10_6349,9,0,[HANDLE] Irony: Dead
TW10_6350,9,0,[HANDLE] The reality is that you're sexist
TW10_6351,9,0,"RT [HANDLE]: My feminist praxis makes relationships &amp; friendships &amp; history classes hard as hell,but I dont want to be comfortable i…"
TW10_6352,9,0,[HANDLE] *stifles laughter*
TW10_6353,9,0,Thanks to [HANDLE] for collecting some Mentions Trash for me.
TW10_6354,9,0,"[HANDLE] ""the whole equality thing is getting out of hand."" I'll just leave this here"
TW10_6355,9,0,"[HANDLE] [HANDLE] Yes, let's ignore the millions of people who supported Rice, and that it took massive effort to get him+"
TW10_6356,9,0,"[HANDLE] [HANDLE] off the team. If u actually care about victims, be active in helping them and reducing stigma of speaking out"
TW10_6357,9,0,[HANDLE] OMG EXCELLENT JOKE ARE YOU ON FOX NEWS?
TW10_6358,9,0,[HANDLE] See: History of computer science and textile workers
TW10_6359,9,0,[HANDLE] [URL] [URL]
TW10_6360,9,0,[HANDLE] Actually no [URL] [URL]
TW10_6361,9,0,[HANDLE] [URL]
TW10_6362,9,0,[HANDLE] Yeah it's not at all because men promote a culture of competition among women or pretend it exists where it's not
TW10_6363,9,0,"I try not to talk down to misogynists, but they really do seem to have trouble with basic concepts and vocabulary"
TW10_6364,9,0,The old school is sexist. [HANDLE] I'm not sexist Im just old school
TW10_6365,9,0,"Unlike this one, which rivals Ulysses [HANDLE] Call me sexist idc, girls produce the worst tweets. It's a fact."
TW10_6366,9,0,[HANDLE] Marissa. Alexander.
TW10_6367,9,0,"[HANDLE] I'm sure you know all the slots, roulette, and blackjack odds in Vegas before you place a bet"
TW10_6368,9,0,"[HANDLE] Uh, was your tweet taken down or censored in any way? Pretty sure your definition of ""can't"" is drunk"
TW10_6369,9,0,It's pretty sad how committed sexists are to their own denial.
TW10_6370,9,0,"""All-female casts bother me but I have literally never noticed the hundreds of movies with 0 female characters I have already watched"""
TW10_6371,9,0,"RT [HANDLE]: Dudes, if you have the urge to catcall a woman from your car, can you at least ROLL THE WINDOWS UP FIRST?"
TW10_6372,9,0,[HANDLE] is a national treasure
TW10_6373,9,0,"RT [HANDLE]: I'm not sexist, and I honestly do feel bad, but I just read through and laughed at 97% of [HANDLE]'s jokes. #itsjustajoke"
TW10_6374,9,0,[HANDLE] [HANDLE] Do you people even hear yourselves?
TW10_6375,9,0,"[HANDLE] I don't want to watch a film with just men in it. Oh wait, that's like every war movie, action movie, and dystopian future movie."
TW10_6376,9,0,[HANDLE] [URL]
TW10_6377,9,0,Lollerskates [HANDLE] [HANDLE] why yes. And I can SEE you're a hysterical clown with a twitchy knee just waiting to jerk.
TW10_6378,9,0,My notifications are full of man tears! I thought I was going to have to wait till Christmas! Thank you baby Jesus!!!
TW10_6379,9,0,"[HANDLE] Men, meanwhile, complain about things of substance, like women's legitimate criticisms of media"
TW10_6380,9,0,[HANDLE] Sexist Magnetic Poetry strikes again
TW10_6381,9,0,"[HANDLE] Seeing as how you are about 12, perhaps a book (try history or sociology) is more appropriate for you than Twitter"
TW10_6382,9,0,"If u ever needed an example of how the ""lower"" levels of the oppression pyramid directly contribute to violence against women, see [HANDLE]"
TW10_6383,9,0,"Media, microaggressions, jokes, stuff that's ""not a big deal"" feeds the dehumanization of women that leads to their deaths."
TW10_6384,9,0,[HANDLE] Yeah it's hilarious how women's contributions to science are minimized and stolen. I'm glad you see the humor.
TW10_6385,9,0,"White dude wins the Nobel for lit again, shocking, next you'll tell me his novels speak to a universal human experience"
TW10_6386,9,0,"[HANDLE] I was a fan of the AVGN series until you decided you absolutely needed to use the phrase ""raping your favorite films."" Bye."
TW10_6387,9,0,Yes all men disappoint eventually.
TW10_6388,9,0,Rape is not a rhetorical device. Rape is not a rhetorical device. Rape is not a rhetorical device.
TW10_6389,9,0,Print this on a shirt one day as a font mosaic of all the smug Twitter profile pictures [HANDLE] I'm not sexist but females can't drive
TW10_6390,9,0,"[HANDLE] Did you mean ""false equivalence""?"
TW10_6391,9,0,"[HANDLE] You did not just, in all seriousness, tweet ""I can't be sexist, my mother is a woman""????"
TW10_6392,9,0,[HANDLE] Looks like Cracker von Patriarch is at it again
TW10_6393,9,0,"RT [HANDLE]: Call me sexist idc but it's truth. Psychology says male ego is biggest hurdle in crying, still if a boy cries yk rest ht…"
TW10_6394,9,0,[HANDLE] [citation needed]
TW10_6395,9,0,"[HANDLE] Yep, not sexist at all!"
TW10_6396,9,0,[HANDLE] [HANDLE] OF COURSE YOU ARE!
TW10_6397,9,0,News flash: If you think feminism has fuckall to do with men you can go ahead and unfollow right now don't let the door hit you etc.
TW10_6398,9,0,The rest of the world caters to your every whim go enjoy all of that and shoot your huge mouths off I'm here for women first and foremost
TW10_6399,9,0,"And if you think reverse sexism is a thing, or that sexism towards men is more than a shit unicorn in a bay of diarrhea I need you to gtfo"
TW10_6400,9,0,[HANDLE] Yeah male Shepard is just so DIFFERENT and INTERESTING like all the other white male protags in every game ever
TW10_6401,9,0,[HANDLE] So thinking male is better than female even if the character is exactly the same is not sexist because. . .
TW10_6402,9,0,"[HANDLE] And what, pray tell, is their ""place""?"
TW10_6403,9,0,"Men: Denigrating women's accomplishments in fields they themselves know nothing about since 100,000,000 BC"
TW10_6404,9,0,"[HANDLE] Unless you meant ""woman""?"
TW10_6405,9,0,It's hilarious to me how many men who play video games for a living have the nerve to say women aren't suited to math or science.
TW10_6406,9,0,"I'm sorry, does Call of Duty come with a chemistry kit? Is WoW making you calculate your own stat coefficients now?"
TW10_6407,9,0,"[HANDLE] Wow, that excuses your sexism!"
TW10_6408,9,0,"[HANDLE] tells me to ""watch my fingers"" every time I shut the car door, even if I'm driving and she's the one shutting the door"
TW10_6409,9,0,"""Birdman"" is more racist, misogynist trash masquerading as high art. Skip."
TW10_6410,9,0,Let's not ignore the racialized comments she received as well: [URL]
TW10_6411,9,0,"[HANDLE] Hey troll, you're a piece of shit. How's that for a compliment?"
TW10_6412,9,0,Reminder: A bully always hurts someone weaker than himself. He will never go after someone he isn't sure he can overwhelm physically.
TW10_6413,9,0,"*thinks about every war in history* No, men never [HANDLE] call me sexist or whatever but women argue and disagree with each other A LOT!"
TW10_6414,9,0,"[HANDLE] Yeah! Why bother with equal pay for equal work? It's all about REVENUE, like sexism doesn't contribute 2 the amt of revenue at all"
TW10_6415,9,0,"[HANDLE] No, in fact there are lots of other sexists who feel the same way as you!"
TW10_6416,9,0,RT [HANDLE]: [HANDLE] Was going through some of your tweets and stuff .... you're quite anti male yourself y'know... isn't that hy…
TW10_6417,9,0,"[HANDLE] And I'm sure you sew all the tiny stitches on your own clothes, not underpaid women overseas."
TW10_6418,9,0,"I'm not a misandrist but men are all ""hey I can do anything you can!"" but they're always whining for help raising children and cooking"
TW10_6419,9,0,"[HANDLE] Omg I am so sorry. I have been there, still trying to find solutions. Good luck."
TW10_6420,9,0,Happy Halloween! Don't wear a racist costume and look out for your female friends tonight. Big parties are stomping grounds for rapists.
TW10_6421,9,0,"If someone is too drunk to drive, they're too drunk to consent. If someone is trying to get your friend alone, protest. LOUD."
TW10_6422,9,0,[HANDLE] DERAIL THIS TRAIN SOMEONE ISN'T TALKING ABOUT THE MENZ
TW10_6423,9,0,"""Statistically most of the [rattlesnake] bites that occur are on twentysomething males, often who r intoxicated and start teasing the snake"""
TW10_6424,9,0,I fucking wish I was a rattlesnake [URL]
TW10_6425,9,0,"The candidates can be a joke but there's some value in voting anyway, drag your apathetic friends to the polls, please, we need high turnout"
TW10_6426,9,0,Like seriously if I can just get one racist sexist fuckwad out of a leadership position today
TW10_6427,9,0,"If you didn't vote and you don't have a damn good excuse (""i had dysentery "") you can go ahead and move to mars you are dead to me"
TW10_6428,9,0,"I'm not a Misandrist but Males in General can not Capitalize [HANDLE] I'm not Sexist , but Females in General can not Drive."
TW10_6429,9,0,"*sees Mother Jones article titled ""Feminism needs men""* *laughs* *closes tab* *smashes window*"
TW10_6430,9,0,"[HANDLE] Wow that undocumented, confirmation bias-stinking comment sure convinces no one!"
TW10_6431,9,0,"[HANDLE] If that is your daughter in your profile photo, I absolutely pity her."
TW10_6432,9,0,RT [HANDLE]: [HANDLE] [HANDLE] That's sexist against both men and women.
TW10_6433,9,0,RT [HANDLE]: [HANDLE] A self appointed vigilante for feminism yet shares an article that proclaims men aren't needed. You dont unde…
TW10_6434,9,0,[HANDLE] [HANDLE] You only give half a fuck about sweatshop labor when it's a derail. Bye!
TW10_6435,9,0,OMG MY FIRST DICTIONARY DEFINITION TROLL &lt;3 &lt;3 &lt;3
TW10_6436,9,0,"[HANDLE] Actually, you're 100% wrong: [URL]"
TW10_6437,9,0,"[HANDLE] That's the kind of nuanced, witty comeback that makes Shakespeare wish he'd been born in the Twitter age"
TW10_6438,9,0,"It's pretty telling that in our beloved patriarchy the worst way to insult a woman is ""you do sexual things on your own terms"""
TW10_6439,9,0,"In my world ""no one cares about your opinion, you are totally alone, may all your video game side quests fail"" would sting way more"
TW10_6440,9,0,LMGTFY [HANDLE] [URL]
TW10_6441,9,0,[HANDLE] What about pink but not like a GIRL pink like a manly face straining with effort pink? Or like a man's eternally flapping lips?
TW10_6442,9,0,[HANDLE] Yeah how is a game where a woman fights by becoming progressively naked sexist! OUTRAGE!
TW10_6443,9,0,[HANDLE] How come when kids hit adults it's not child abuse?
TW10_6444,9,0,[HANDLE] How come when a student writes bad stuff about a teacher on fb it's not unethical but it is when a teacher does it to a student?
TW10_6445,9,0,[HANDLE] how come when a peasant lobs a hunk of manure at a king it's nothing like a king lobbing a hunk of manure on a peasant?
TW10_6446,9,0,People who act like they don't understand power relations need to keep their goddamned mouths shut about sexism
TW10_6447,9,0,"[HANDLE] ""There are such more important things, like things that affect me, a white male"""
TW10_6448,9,0,[HANDLE] Look dude black women are beneath you on the shitty world white supremacist hierarchy maybe try solidarity
TW10_6449,9,0,[HANDLE] [HANDLE] I'm pretty sure you meant MRAs at the top there
TW10_6450,9,0,[HANDLE] what's that quote about jacking off with one hand and pointing with the other?
TW10_6451,9,0,[HANDLE] I'm sure you've memorized it because so many people must keep saying it to you.
TW10_6452,9,0,Running this account before 9 a.m. without an Irish coffee is not recommended.
TW10_6453,9,0,"RT [HANDLE]: Oh hey [HANDLE], [HANDLE]'s [HANDLE] straight-up stole your idea [URL]"
TW10_6454,9,0,[HANDLE] [HANDLE] [HANDLE] Nice to see Buzzfeed's lack of originality is alive and well
TW10_6455,9,0,[HANDLE] stopping just short of technical plagiarism since [NUMBER]
TW10_6456,9,0,[HANDLE] My masculinity is so fragile mere colors can destroy it
TW10_6457,9,0,Fragile masculinity is my favorite thing. It's so INNATE and EVOPSYCHMAGIC and yet ONE FALSE MOVE and it is GONE
TW10_6458,9,0,"""I considered myself a man until a butterfly landed on me one day and I thought it was charming."""
TW10_6459,9,0,"Hey, Twitter, [HANDLE] is probably a rapist. If you google his handle you can also see he's a white stoner gamer. SHOCKING"
TW10_6460,9,0,I make it a point to stay away from all white stoner gamers just as a precaution.
TW10_6461,9,0,"Actually the ""locomotive cab cleaner"" was Douglass, not intended for cars [HANDLE] [HANDLE] [URL]"
TW10_6462,9,0,[HANDLE] [HANDLE] *vomits blood*
TW10_6463,9,0,[HANDLE] The fact that you react so viscerally to a complex issue like patents for similar devices just so you can prove a man was first
TW10_6464,9,0,[HANDLE] is really fucking telling
TW10_6465,9,0,"P.S. Mary Anderson's patent was approved 11/10/[NUMBER], Douglass's was not approved until 6/21/[NUMBER]"
TW10_6466,9,0,"""now get the fuck off of my shit cause you're fucking sexist assuming since im a male i have to be a misogynist."""
TW10_6467,9,0,I'm not a misandrist but men have crybaby meltdowns in record time when you challenge them on their bullshit why so irrational
TW10_6468,9,0,"[URL] and [URL] Mary Anderson is the fucking inventor of automobile windshield wipers, never forget"
TW10_6469,9,0,She was ridiculed for years for her invention. People thought wipers would be distracting on personal automobiles.
TW10_6470,9,0,So FUCK ROBERT A DOUGLASS
TW10_6471,9,0,While we're on the topic [URL]
TW10_6472,9,0,"Please, make ample use of this company's contact page. ARE YOU FUCKING KIDDING ME [URL] #antiblackness"
TW10_6473,9,0,[HANDLE] what the HELL were you thinking with your company's name?
TW10_6474,9,0,RT [HANDLE]: [HANDLE] so my belief that all people should be treated equal in all walks of life isn't a valid opinion?
TW10_6475,9,0,"RT [HANDLE]: See, that's what I get for thinking I was ever safe. I was literally in the coffee shop sitting down on the phone. Then, tear ga…"
TW10_6476,9,0,"RT [HANDLE]: In 4 days: Tanesha Anderson - 37 yrs old; Tamir E Rice - 12 yrs old, Akai Gurley - 28 yrs old. All black. All dead. All ki…"
TW10_6477,9,0,White people: Print out one of the many great #Ferguson pieces written by black authors and read it aloud at Thanksgiving
TW10_6478,9,0,"We've all got that racist relative that needs to be shouted down, from experience a prepared speech delivered at a crescendo is the best way"
TW10_6479,9,0,"[HANDLE] Honestly, WHAT"
TW10_6480,9,0,I really fucking hate misogynist twerps #blindtoinequality [HANDLE] I really fucking hate feminists #notsexist #everyoneisequal
TW10_6481,9,0,"[HANDLE] Free speech, science, AND evolution!? The Fedora Trifecta!!"
TW10_6482,9,0,The most important thing you can do as a parent is teach your children how to walk in someone else's shoes. [URL]
TW10_6483,9,0,"Empathy is the social skill that informs all others for our species. Without it, we forfeit the right to call ourselves human."
TW10_6484,9,0,"[HANDLE] Yes, because the evo psych DIFFERENCE!! brigade is the tiniest of minorities."
TW10_6485,9,0,LRT: I think I ruptured my spleen laughing. Luckily I have a font of Male Tears to grow a new one.
TW10_6486,9,0,"Stop using the fucking all lives matter tag. Sit down and shut up, and read/listen to black voices. THE END."
TW10_6487,9,0,RT [HANDLE]: #BlackLivesMatter #BlackoutFriday If you're tired of waking up to news that another Black life has been ended at... [URL]
TW10_6488,9,0,"Let's talk about how #BillCosby deserves to go down asap, but where was the cascading media blitz on #WoodyAllen? Fucker is still a demigod"
TW10_6489,9,0,Thanksgiving: When we somehow get roped into talking to those insufferable problematic relatives we avoid 364 days a year.
TW10_6490,9,0,"If you're an adult, at least there is wine. Sorry, &lt;21ers, you truly suffer the most on this day."
TW10_6491,9,0,RT [HANDLE] No am not sexist! But is Diezani Alison that brilliant? To be president of OPEC? or is her coochie that bomb?
TW10_6492,9,0,"White privilege and misogyny cutting through the fog, time for more wine #fuckthanksgiving"
TW10_6493,9,0,"Parental gender essentialism!  ""Boys are bad toddlers, girls are horrible teenagets."""
TW10_6494,9,0,"""He's the best salesman I've ever met. He could sell ice to an Eskimo."" #fuckthanksgiving"
TW10_6495,9,0,"""I've eaten there, I've seen that guy, the old Dago ordering everyone around?"" #slurs #fuckthanksgiving"
TW10_6496,9,0,"""I'm a fan of dreadlocks. I could never do it. Charlie looks good with them though."""
TW10_6497,9,0,I had to start muttering under my breath that white people cannot have dreadlocks. Oh lord.
TW10_6498,9,0,"""There's a woman who comes by on the weekends and screams TAMALES! and all our Hispanic employees go running for the back door."""
TW10_6499,9,0,[HANDLE] [HANDLE] There's a tumblr for that: [URL]
TW10_6500,9,0,Like seriously googled for &lt;1 second [HANDLE] [URL]
TW10_6501,9,0,Updated version: [HANDLE] [URL]
TW10_6502,9,0,"[HANDLE] I love these tweets because you can whine all you want, you will never be a sportscaster, and women are! MWUAHAHAHAHA"
TW10_6503,9,0,"All these ""women sportscasters amirite"" douchebags are the same entitled pricks who complain that affirmative action takes ""their"" jobs"
TW10_6504,9,0,"The entitlement is so juicy and ripe. ""How could they pick a WOMAN when I am a man and so CLEARLY available?"""
TW10_6505,9,0,"[HANDLE] It's really fucking destroying my brain trying to come up with a human utterance that is not, at its base, an opinion. DEEP."
TW10_6506,9,0,[HANDLE] Name one thing that is not an opinion but is still sexist. I will wait.
TW10_6507,9,0,"It hurts my brain just trying to come up with #sexistfacts. ""The sun is 92 million miles from Earth""?"
TW10_6508,9,0,The Japanese macaque is an omnivorous animal #sexistfacts
TW10_6509,9,0,"I'm going to blow your mind: every sentence that contains an adjective signals an opinion #sexistfacts (maybe not colors, MAYBE)"
TW10_6510,9,0,[HANDLE] yeah I fucking thought so.
TW10_6511,9,0,"I wouldn't rob u of this gem from Strudolt ""You're not even making sense, just go find something better to do than harass people on twitter"""
TW10_6512,9,0,RT [HANDLE]: Co-opting of progressive/social justice language &amp; framing (stripped of substance) was big part of gamergort strategy.
TW10_6513,9,0,RT [HANDLE]: PLEASE help find my friend's sister.. Signal boost the shit out of this so we can get her home. [URL]
TW10_6514,9,0,[HANDLE] Your idea that violence towards men and violence towards women are of equal weight ignores the reality of violence women face.
TW10_6515,9,0,RT [HANDLE]: [HANDLE] it was a joke. Get over it. I don't condone violence full stop. So was her racism OK then
TW10_6516,9,0,"[HANDLE] By all means, let's fight racism by advocating violence against women. You know you can criticize without oppressing, right?"
TW10_6517,9,0,"[HANDLE] ""That shit was racist and unacceptable."" &lt;-- wow!"
TW10_6518,9,0,Glad to see [HANDLE] has gone from Sponsored Tweets to full-on native advertising. And by glad I mean nauseous.
TW10_6519,9,0,RT [HANDLE]: 'Revenge' porn case: Ex-boyfriend who posted nude photos of his ex gets jail time [URL]
TW10_6520,9,0,LRT: TREMBLE
TW10_6521,9,0,"Airports are my least favorite places, and the only places where CNN is not mercilessly and rightfully ridiculed."
TW10_6522,9,0,[HANDLE] [URL]
TW10_6523,9,0,LRT: If ever you needed to explain to someone why we absolutely NEED libraries and why they are the BEST
TW10_6524,9,0,"The thing about Uber is, even if it wasn't a horrible, sexist, shitty company, I would still be against it."
TW10_6525,9,0,"Transportation in this country needs a collectivized solution, not more privatization."
TW10_6526,9,0,"Instead of creating one more expensive option for people with means, we need to create public solutions that the majority of people need."
TW10_6527,9,0,"RT [HANDLE]: If people deserve to die over stealin rillos or sellin cigarettes, what's the penalty for stealing land and people? I'm cu…"
TW10_6528,9,0,What women already know: [URL]
TW10_6529,9,0,[HANDLE] WHAT COLOR IS THE SKY IN YOUR WORLD
TW10_6530,9,0,[HANDLE] [URL]
TW10_6531,9,0,[HANDLE] [URL]
TW10_6532,9,0,"It's Friday, so I have had some spirits, and I just want to express that one really must balance the rage and grief that trolls bring+"
TW10_6533,9,0,"[HANDLE] +with the knowledge that your followers are reading and their hearts ring out in concert and support, even if quietly."
TW10_6534,9,0,"[HANDLE] Sometimes I read that people I follow are being harassed, and I just want to wrap them in the love/admiration I feel 4 them."
TW10_6535,9,0,[HANDLE] Make liberal use of the block button and think of the kindred spirit nodding vigorously while reading the TL.
TW10_6536,9,0,RT [HANDLE]: [HANDLE] did you not watch? She was half his size and there was 80k on the line.  Don't start with physical equali…
TW10_6537,9,0,[HANDLE] pretty sure dudes are constantly pissing in public
TW10_6538,9,0,RT [HANDLE] [URL]
TW10_6539,9,0,[HANDLE] [URL]
TW10_6540,9,0,"It's very convenient to tell yourself the world is exactly the way it's supposed to be, instead of all kinds of fucked up."
TW10_6541,9,0,"[HANDLE] Outside, dingbat."
TW10_6542,9,0,[HANDLE] All public urinators are berated by passersby in a shame circle until the cops show up &amp; write a ticket. #themoreyouknow
TW10_6543,9,0,"[HANDLE] That's funny, looks like the boys' JV team scored 7-7 in the first quarter: [URL]"
TW10_6544,9,0,"Because ""that sounds like torture to me, how can you fucking defend it?"" doesn't seem to convince assholes: [URL]"
TW10_6545,9,0,In news that shocked no one: [URL]
TW10_6546,9,0,[HANDLE] They probably just say that to get you to stop blathering on boringly about it.
TW10_6547,9,0,"""Women have been equal socially for quite awhile now"" &lt;-- said with all of the authority of the truly uninformed"
TW10_6548,9,0,As if women needed more reasons to dislike you. [HANDLE]
TW10_6549,9,0,"I can't believe I have to say this, but people reading your emails is 100% not the same has people seeing pictures of your naked body."
TW10_6550,9,0,And I GUARANTEE you the same people who jacked off to the leaked nudes will be tut-tutting about violating a powerful white man's privacy.
TW10_6551,9,0,Do yourself a favor and read this badass shit: [URL]
TW10_6552,9,0,Bonus: Kitzinger was one of the first women to marry a woman in the UK: [URL]
TW10_6553,9,0,"RT [HANDLE]: I'm not sexist, but this is too funny not to share [URL]"
TW10_6554,9,0,[HANDLE] This is the laziest excuse for comedy I've ever seen. How do men think WOMEN aren't funny?
TW10_6555,9,0,Hands up if entitled dickweed doodz ruined you on collaboration for the duration of your academic career?
TW10_6556,7,0,This humiliates you? I wonder what she thinks now #MKR
TW10_6557,9,0,"Go ahead and block and report [HANDLE] for harassment, he's a little boring troll baby"
TW10_6558,9,0,People getting all mad at Racists Getting Fired is my favorite mouse squeak of white supremacy
TW10_6559,9,0,"These white racists are unqualified and were only hired because of affirmative action for whites, otherwise known as life."
TW10_6560,9,0,"Fire racists and hire someone who's more qualified, you know, like a POC."
TW10_6561,9,0,RT [HANDLE]: I love you NYC. #MillionsMarchNYC #BlackLivesMatter [URL]
TW10_6562,9,0,"RT [HANDLE] Honestly, I'm not sexist but that's two fucking woman that have done that now. Time to start a collection again..."
TW10_6563,9,0,"The mother in Miracle on 34th Street is very sensible and realistic. Naturally, she's painted as ABSOLUTELY NO FUN EVER"
TW10_6564,9,0,"I'm pretty sure commercials are the purest, most vile distillations of the kyriarchy"
TW10_6565,9,0,"pregnant women hip hop dancing, a pretty woman trying to shame u 2 buying diamonds, and a woman pressuring her male partner to earn more $$"
TW10_6566,9,0,#miracleon34thstreet has a surprisingly progressive attitude about mental illness for [NUMBER]
TW10_6567,9,0,[HANDLE] I just saw a commercial with diamond rings in swirling chocolate. WHERE ARE YOU THEY HAVE GONE MAD WITH POWER
TW10_6568,9,0,RT [HANDLE]: Apparently everyone at Sony was too busy writing bad race jokes to make sure they were ok w/ a script abt killing Kim Jo…
TW10_6569,9,0,"[HANDLE] Ah yes, I forgot, if the vocal folds of a man vibrate the air quivers with naught but pure GOD-HANDED TRUTH"
TW10_6570,9,0,[HANDLE] Whereas we women but sully the atmosphere with unfounded opinions
TW10_6571,9,0,"Since everything a man says is automatically true, it must be really difficult for the universe to stay in order, contorting to keep up"
TW10_6572,9,0,"RT [HANDLE]: Missing Person: Dolores Dennis (81, 5'5', 100lbs) was last seen today in 2200blk Baker St. Anyone w/info pls call 911 …"
TW10_6573,9,0,[HANDLE] I get scared when dudes are staring at me in shock in the rearview instead of keeping their damn eyes on the road
TW10_6574,9,0,"RT [HANDLE] [HANDLE] how is this not sexist, but if he only took questions from male reporters it would be? This pisses me off."
TW10_6575,9,0,[HANDLE] See: the first 200-some years of presidential press conferences
TW10_6576,9,0,"Like seriously until Helen Thomas what Obama did wasn't even technically possible, so let's not get our testicles in a bunch"
TW10_6577,9,0,"If u find yourself pouting that no male reporters were recognized at ONE press conference, u just tasted the bitterness of millennia 4 women"
TW10_6578,9,0,"Lessons from Gilmore Girls season 1: tell an adult if you're being sexually harassed and bullied at school, Christ"
TW10_6579,9,0,"RT [HANDLE]: Police in #Berkeley, Missouri have killed another young man. His name was Antonio Martin."
TW10_6580,9,0,RT [HANDLE]: The recent shooting in Berkeley is not an isolated event. A Black person is killed every 28 hours. It's right on schedule.…
TW10_6581,9,0,Does anyone here have extended family that doesn't infuriate and distress them? I envy you.
TW10_6582,9,0,Nothing better than getting [HANDLE] 's Bad Feminist for xmas in front of my uber Catholic grandma and insufferably sexist uncle.
TW10_6583,9,0,"RT [HANDLE]: So The Interview isn't being released in South Korea coz Sony didn't think ""the sense of humor would resonate"""
TW10_6584,9,0,"whatever the hell that means [HANDLE] but i swear to god i'm not sexist, but this often happens with female gender at all"
TW10_6585,9,0,[HANDLE] Someone flunked freshman year biology
TW10_6586,9,0,Relevant: [URL]
TW10_6587,9,0,[HANDLE] There are 0 men on twitter whose opinions on anything I wouldn't disregard
TW10_6588,9,0,"Enjoyed ""Wild,"" digging the female-centered story, wish we made more nuanced, deep stories like it with nonwhite casts."
TW10_6589,9,0,RT [HANDLE]: [HANDLE] some good stuff here. [URL]
TW10_6590,9,0,It DOES work for everything! [HANDLE] [URL]
TW10_6591,9,0,"Be safe, kids, NYE is another prime night for rapists. Watch out for each other, don't get separated. Have a plan."
TW10_6592,9,0,[HANDLE] We can fight against systemic problems at the same time as offering real tips for protecting people who don't have time 2 wait
TW10_6593,9,0,[HANDLE] And no one said only women should stick together. Non-rapist men can also stick together with their (women) friends
TW10_6594,9,0,[HANDLE] So. . .the book doesn't exist? That's a pretty weak punchline.
TW10_6595,9,0,Somehow this never stops being relevant: [URL] [HANDLE]
TW10_6596,9,0,[HANDLE] And more men know what DIY means due to buying tools they never use. Lol
TW10_6597,9,0,"[HANDLE] Wow, way to use the oppression of women to make a cheap, tired joke. No one thinks you're funny OR interesting."
TW10_6598,9,0,"RT [HANDLE]: ""I'm being attacked by black feminist twitter"" loosely translates to ""I said something terrible &amp; women are explaining wh…"
TW10_6599,9,0,"RT [HANDLE]: Today's news will assert that a crazy, White outlier attempted to bomb an NAACP office, and that Islam carried out a te…"
TW10_6600,9,0,"[HANDLE] No one gives a flying FUCK what you find attractive. Seriously. NO ONE. Keep your eyes to yourself, asswipe."
TW10_6601,9,0,"[NUMBER] is the year I read no books by white cis men. Luckily, my goodreads queue is mostly not white cis men anyway."
TW10_6602,9,0,[HANDLE] I wasn't aware the movement controls on vehicles increased in proportion to the vehicle's size.
TW10_6603,9,0,[HANDLE] The guy who captained the Titanic must have been HUGE!
TW10_6604,9,0,[HANDLE] Love yourself. [URL]
TW10_6605,9,0,[HANDLE] Your idea that your opinions exist in a vacuum is very dangerous and unproductive.
TW10_6606,9,0,[HANDLE] [URL]
TW10_6607,9,0,"[HANDLE] Men in the fashion world are paid more and are more highly esteemed than women, so. . ."
TW10_6608,9,0,Or else we will lose [HANDLE] 's begrudging acceptance of our human rights!
TW10_6609,9,0,*backflips away* [URL]
TW10_6610,9,0,"I've got literal Nazis in my mentions, ten bucks says [HANDLE] enforcement does fuck all about it."
TW10_6611,9,0,[HANDLE] Maybe you should not commentate on the twitter
TW10_6612,9,0,"Bodily fluids and odd combos of curse words and plain words are my insults of choice, but."
TW10_6613,9,0,Screw the Academy Awards. I have much better taste than 100% of white dudes so I'm going to continue to like things I like SUCK IT
TW10_6614,9,0,[HANDLE] I see your strawman and I raise you a Zoidberg [URL]
TW10_6615,9,0,Birds of a feather at the LBJ museum [URL]
TW10_6616,9,0,"RT [HANDLE] [HANDLE] I'm no sexist either, but when a parody hits the nail on the head, damned if I'm not going to laugh."
TW10_6617,9,0,"[HANDLE] Unlike you, who came to twitter to shout into the void. I dig."
TW10_6618,9,0,[HANDLE] What you're thinking of is beauty pageants
TW10_6619,9,0,"I need a gif of a woman laughing derisively while dropping garbage in the trash, because that is my mentions."
TW10_6620,9,0,[HANDLE] Who is fucking forcing you to watch Youtube videos of people you dislike? Get a fucking life.
TW10_6621,9,0,"[HANDLE] Nope, not sexist in the slightest!"
TW10_6622,9,0,"Given the many studies on discrimination in hiring from the moment someone sees the name on a resume, why no call for blind review?"
TW10_6623,9,0,"If you are in a hiring position at your place of work, I urge you to consider reviewing resumes with no gender, race or age identifying info"
TW10_6624,9,0,Applicants can receive a code or number that they must use in the title of their resumes/cover letters.
TW10_6625,9,0,"Identifying information is not allowed in many grant and conference applications in academia. There is no 100% guarantee of fairness, but+"
TW10_6626,9,0,making it any small bit harder to activate an unconscious bias would do much good.
TW10_6627,9,0,[HANDLE] I agree with your points. I was thinking of the NY Philharmonic experiment ([URL] but+
TW10_6628,9,0,[HANDLE] a mix of enthusiastic recruiting of underrepresented groups and making it hard to be subconsciously biased would be the ideal
TW10_6629,9,0,[HANDLE] If anyone has experience in this field I'd love to hear what you've seen/done.
TW10_6630,9,0,"RT [HANDLE]: I'm NOT sexist, but this is NOTHING but TRUTH: #Women #Females [URL]"
TW10_6631,9,0,LRT has been stuck in my head since that Bauer piece has been floating around. Would definitely like that convo to be louder.
TW10_6632,9,0,[HANDLE] False equivalences are fun!
TW10_6633,9,0,LRT: It's fucking rich when women are delegated the lion's share of housework and then mocked for their prowess at it.
TW10_6634,9,0,"You could pick up a fucking broom if you don't like how your SO sweeps, but that's not going to happen."
TW10_6635,9,0,[HANDLE] [HANDLE] Tired. This is so. Fucking. Tired.
TW10_6636,9,0,Your approval is so worthless you should pay people to take it [HANDLE] Call me sexist but I do not approve of female football presenters
TW10_6637,9,0,[HANDLE] You could just delete the first 10 words from that tweet and lose nothing of substance.
TW10_6638,9,0,[HANDLE] Thanks!
TW10_6639,9,0,[HANDLE] You sound pretty shit lol
TW10_6640,9,0,"[HANDLE] Yes, ghostbusting, the VERY REAL THING THAT EXISTS, is a job for men."
TW10_6641,9,0,"Gandhi was pretty sexist, but on #ladyghostbusters: ""First they ignore you, then they laugh at you, then they fight you, then you win."""
TW10_6642,9,0,I don't even like Ghostbusters but I will see the HELL out of this movie to spite misogynists.
TW10_6643,9,0,"[HANDLE] Actually clitori are pretty fucking awesome thanks, enjoy your less sensitive awkward hunk of flesh tho"
TW10_6644,9,0,RT [HANDLE]: [HANDLE] [HANDLE] [HANDLE] Thankfully she has been found safe.
TW10_6645,9,0,RT [HANDLE]: This blog is a long one. But I felt I had to be very clear about this. #Racism #OnMyBirthday [URL] [URL]
TW10_6646,9,0,Must read from Jezebel. MUST. [URL]
TW10_6647,9,0,Pretty sure Richard Gilmore is Cracker von Patriarch.
TW10_6648,9,0,"[HANDLE] I'm sure you were this outraged about The Manchurian Candidate, Spiderman, etc."
TW10_6649,9,0,"""If I can't talk to random strange women, how will I ever date!?"" is like ""if I can't talk to random strange men, how will I make friends!?"""
TW10_6650,9,0,"Want 2 get men 2 approach other men on buses, trains, and sidewalks pestering them 2 b best friends, 24/7 and see how they fucking like it."
TW10_6651,9,0,"[HANDLE] Tell Freud I say hi, and fuck you!"
TW10_6652,9,0,"To the female coworker who just asserted that because women choose to work at Hooters, it's okay+"
TW10_6653,9,0,"+men are ""biologically hardwired to like it"", thanks for draining my faith in humanity for today"
TW10_6654,9,0,Being a feminist can be so incredibly fucking lonely offline.
TW10_6655,9,0,RT [HANDLE]: Football logic for girls #notsexist [URL]
TW10_6656,9,0,"LRT YES. Especially within the context of that quote, when men want to horn in on feminism and get cookies."
TW10_6657,9,0,[HANDLE] [HANDLE] Sometimes I retweet things I like that are for real not sexist &amp; awesome. I apologize in advance for confusion
TW10_6658,9,0,[HANDLE] That's possibly the most laughably poorly executed thought I've read today.
TW10_6659,9,0,"Fun fact: Chris Paul was fined for ""criticizing a referee in a public forum,"" the fine was not because he's a sexist: [URL]"
TW10_6660,9,0,"And he most certainly is. When's the last time an athlete said of a male ref, ""This might just not be for him""? The slam is pretty blatant."
TW10_6661,9,0,"Calling for more sexism against women in a field because they call out sexism in that field is blowing my fucking mind right now,"
TW10_6662,9,0,"Women in male-dom fields face 10000x scrutiny, when men insist they r treated ""equally"" but nitpick their every move should speak 4 itself"
TW10_6663,9,0,[HANDLE] Why waste your time being weirded out by them? There are many fun hobbies that you could master.
TW10_6664,9,0,RT [HANDLE] People are taking this Chris Paul thing way to far #joke #NotSexist #JustComplaining
TW10_6665,9,0,"Replied to an ignorant fb thread about Kanye with Heben Nigatu's fab [URL] OP replied ""Interesting read. Don't agree tho"""
TW10_6666,9,0,"Like 2 mins after posting. Man, I WISH I could read in-depth analysis that fast and form snap, nonsensical opinions about its contents!"
TW10_6667,9,0,"[HANDLE] [HANDLE] That's... that's celsius, right?"
TW10_6668,9,0,"Check out #survivorloveletter today, really great convos happening."
TW10_6669,9,0,[HANDLE]  I'm going to explain it to you like you're five: just bc something doesn't matter to YOU doesn't mean it doesn't matter.
TW10_6670,9,0,[HANDLE] That you haven't grasped that Humanity 101 fact spells disaster for your interpersonal relationships.
TW10_6671,9,0,[HANDLE] EVERYWOMAN! WITH THE POWER TO EARN LESS THAN A MAN FOR DOING THE SAME JOB AND NO CONTROL OVER HER REPRODUCTIVE ORGANS!
TW10_6672,9,0,"If you don't like doing nice things for your female significant other and find it a chore to do once a year, you probably don't love them."
TW10_6673,9,0,"There are legitimate criticisms of Valentine's Day, but ""women have too much power on this day"" is not one of them."
TW10_6674,9,0,[HANDLE] [HANDLE] MEN ARE NEVER EMOTIONAL
TW10_6675,9,0,RT [HANDLE]: Update: ripped this passive aggressive bullshit the fuck down. [HANDLE] [HANDLE] [HANDLE] [URL]
TW10_6676,9,0,"[HANDLE] Oh hey, statistics [URL]"
TW10_6677,9,0,Sometimes I feel I need to remind people that being nostalgic for your childhood isn't universal.
TW10_6678,9,0,"I'm much happier as a financially secure adult than as a kid in a paycheck to paycheck household (and I had great parents, just no $$$)"
TW10_6679,9,0,"I can't even imagine what it's like for trauma survivors, so, yeah."
TW10_6680,9,0,"[HANDLE] What...what are you doing? White women need to deny privilege, not act like we have none."
TW10_6681,9,0,LRT: I GOT WHITE PRIVILEGE BINGO
TW10_6682,9,0,RT [HANDLE]: They literally told this dude he could keep his sponsorship money rather than make the effort to include more women. I say aga…
TW10_6683,9,0,[HANDLE] [URL]
TW10_6684,9,0,[HANDLE] Yeah women NEVER have to try to take a male perspective in fiction.
TW10_6685,9,0,[HANDLE] [URL]
TW10_6686,9,0,[HANDLE] [URL]
TW10_6687,9,0,I'm doing a project on the % of tenured vs. adjunct faculty that are women in my field. It's depressing.
TW10_6688,9,0,"[HANDLE] If anyone is interested in contributing to the project in their discipline, I have an Excel template you can go to town on."
TW10_6689,9,0,"[HANDLE] [HANDLE] Yeah, men never comment on athlete's bodies, EVER"
TW10_6690,9,0,RT [HANDLE]: [HANDLE] [HANDLE] another thing u haven't realized is that this post is a joke. A mock of posts I see during black hist…
TW10_6691,9,0,RT [HANDLE]: [HANDLE] I love girls what u on about
TW10_6692,9,0,"Really wish it was ""some actor."" [HANDLE] [HANDLE] [URL]"
TW10_6693,9,0,"LRT: God, yes. Social media staff is straight out of a Simpsons or other dystopian parody."
TW10_6694,9,0,RT [HANDLE]: I'm not sexist but [URL]
TW10_6695,9,0,"[HANDLE] Unlike men, who can't fix cars because they can't fit their giant fucking swelled heads under them."
TW10_6696,9,0,[HANDLE] EDGY THREADBARE HUMOR IS EDGY AND THREADBARE
TW10_6697,9,0,Why don't you just google Chris Kluwe and Felicia Day kthx FUCKING BYE [HANDLE] [URL]
TW10_6698,9,0,FUCKIN' SEE YA [HANDLE]
TW10_6699,9,0,[URL]
TW10_6700,9,0,Tone policing doesn't work and it EXTRA doesn't work after Happy Hour on Thursday. *all the middle fingers*
TW10_6701,9,0,"Really just go read all of [HANDLE] 's feed today, she says all the things."
TW10_6702,8,0,RT [HANDLE]: British lads Will and Steve are taking on the [HANDLE] Instant Restaurant tonight and they're on now #MKR [URL]
TW10_6703,4,0,RT [HANDLE]: Nawwww 😭😭😭 #MKR
TW10_6704,4,0,"RT [HANDLE]: pretty: adjective 1.) attractive in a delicate way without being truly beautiful.""a pretty little girl with an engaging…"
TW10_6705,3,0,"Nicki's ""that's not good"" pout bought to you by Botox[™].

#MKR"
TW10_6706,7,0,"RT [HANDLE]: Can we stop deconstructing desserts please? Let's start a campaign, let's get some names on a clipboard, let's start a m…"
TW10_6707,8,0,RT [HANDLE]: hahahaha Drasko HAS to be different to everyone else’s opinion #mkr
TW10_6708,6,0,RT [HANDLE]: Kat is going to be so smug she's going to be declared the particularly smug mayor of smugtown on the isle of smuggy #M…
TW10_6709,8,0,RT [HANDLE]: The producers saw gold when Kat walked in that door... 😻😻 #MKR
TW10_6710,0,0,RT [HANDLE]: Vivek Wadhwa’s appropriation of Women In Tech is so bad it has a hashtag! #stopWadhwa2015 The MR by [HANDLE]: htt…
TW10_6711,0,0,"RT [HANDLE]: ""women should let the boys have their social media, while they save the world.” ~[HANDLE] 

Enough said. 

Thanks [HANDLE]…"
TW10_6712,0,0,"RT [HANDLE]: Actual conversation, because I’m living in Bizzaro World: ""How many death threats is that now?” Me: “Are you asking all time o…"
TW10_6713,0,0,[HANDLE] 😳
TW10_6714,0,0,[HANDLE] I dunno. Maybe! I am bad at everything involving flirting and dating tho 😛
TW10_6715,0,0,Yo /baph my address was never even that apartment. Why are you so dumb? 😜 [URL]
TW10_6716,0,0,"Hey, #gamergate, 😘😘😘😘😘😘😘😘😘😘😘😘😘😘😘😘😘😘😘😘😘😘😘😘"
TW10_6717,0,0,[HANDLE] 😊
TW10_6718,0,0,It's about harassment… and street fights? [URL]
TW10_6719,0,0,"[HANDLE] is it weird that 1st time I saw sacco on Twitter I was like ""that's [HANDLE]'s fiancé""? usually it's the other way around."
TW10_6720,0,0,[HANDLE] happy birthday 😃
TW10_6721,0,0,[HANDLE] [HANDLE] 👍
TW10_6722,0,0,[HANDLE] my apt complex turns away all packages ❤️
TW10_6723,0,0,it's becoming clear that I need to find more people in SF that are press/corporate competent so I can write some gd code 😜
TW10_6724,0,0,"[HANDLE] no. No no no. I am a sock trollop, don't be an enabler. I don't need more socks after ⚡️⚡️THIS⚡️⚡️ [URL]"
TW10_6725,0,0,RT [HANDLE]: I don’t need femisnn i heard femists were trying to write a book sequel called To Mock a Meningbird
TW10_6726,0,0,"RT [HANDLE]: I don’t need femisnsn because men carry heavy things that i cannot!!! like shopping, boxes, and a huge sense of superiori…"
TW10_6727,0,0,😘 [URL]
TW10_6728,0,0,"[HANDLE] nice to know I made him mad, then 😜"
TW10_6729,0,0,[HANDLE] sorry 😟
TW10_6730,0,0,Now doing this to all my cables. “[HANDLE]: Keeping your gear ready at a moments notice! #GearLove [URL]
TW10_6731,0,0,Just in case anyone is down for some meatballs… [URL]
TW10_6732,0,0,"RT [HANDLE]: If a male peacock spider’s elaborate courtship dance isn’t good enough the female will eat him.

Vaccinate your kids. [URL]"
TW10_6733,0,0,RT [HANDLE]: It’s #FOIAFriday. Do you know where your records are? Nominate your FOIA horror stories for The Foilies! [URL]
TW10_6734,0,0,But have you ever had kibble… on WEEEEEEED? [URL]
TW10_6735,0,0,"❤️❤️ Oakland ❤️❤️

#blacklivesmatter [URL]"
TW10_6736,0,0,"[HANDLE] got stuck working. Will be making it later this week. ❤️ Many props to the Red Cross, I try to donate twice a year."
TW10_6737,0,0,[HANDLE] will do! 😘
TW10_6738,0,0,"[HANDLE] I've done a lot of public speaking, but never a keynote. This is going to be awesome. 😜"
TW10_6739,0,0,"[HANDLE] also, totes constructive mention, there. I'm sure you are a great instigator. 😘"
TW10_6740,0,0,[HANDLE] THAT WAS AMAZING. I LOVE YOU ❤️❤️❤️
TW10_6741,0,0,[HANDLE] ☺️
TW10_6742,0,0,[HANDLE] [HANDLE] give it time.❤️
TW10_6743,0,0,[HANDLE] ❤️❤️❤️❤️
TW10_6744,0,0,[HANDLE] ❤️❤️
TW10_6745,0,0,[HANDLE] you are amazing and I love you. ❤️❤️
TW10_6746,0,0,RT [HANDLE]: 63% of women know someone who’s been harassed online. RT [HANDLE]: via [HANDLE] #SVU #IntimidationGame [URL]
TW10_6747,0,0,RT [HANDLE]: Notorious 8chan “subboard” has history wiped after federal judge’s doxing [URL] by [HANDLE]
TW10_6748,0,0,"RT [HANDLE]: A man had his girlfriend drawn as Disney princesses for the perfect Valentine’s gift
[URL] [URL]"
TW10_6749,0,0,“The Fat Girl Behind the Fitness App” by [HANDLE] [URL]
TW10_6750,0,0,I ❤️ [HANDLE]
TW10_6751,0,0,[HANDLE] just be careful that you protect yourself. You know I ❤️ you.
TW10_6752,0,0,All though it is amusing that GamerGate wants to get on my nerves enough that they are willing to support [HANDLE]. 😘
TW10_6753,0,0,RT [HANDLE]: [HANDLE] Summer? But it's…hm. [URL]
TW10_6754,0,0,[HANDLE] I never use caps lock. I always hold down shift 😘
TW10_6755,0,0,[HANDLE] i ❤️ all of your selfies.
TW10_6756,0,0,"RT [HANDLE]: Or they say things like, ""We're looking to hire more women for our world class team!”"
TW10_6757,0,0,"RT [HANDLE]: And then when you advocate for more diversity, you fight people who say things like ""you're lowering the hiring bar”"
TW10_6758,0,0,"RT [HANDLE]: So calling qualified hires ""tokens"" b/c it's not enough is harmful to progress. It reinforces what we already feel around …"
TW10_6759,0,0,[HANDLE] 😊😊😊
TW10_6760,0,0,"Not sure if I'm speaking there this year or not, but they were the first conference at which I ever presented. 👍"
TW10_6761,0,0,[HANDLE] ❤️😘
TW10_6762,0,0,[HANDLE] ❤️😘
TW10_6763,0,0,[HANDLE] ❤️❤️❤️😘
TW10_6764,0,0,SOON ™
TW10_6765,0,0,Productive weekend! 👍😘
TW10_6766,0,0,[HANDLE] ❤️❤️
TW10_6767,0,0,[HANDLE] [HANDLE] ❤️❤️😊
TW10_6768,0,0,[HANDLE] I ❤️ u
TW10_6769,0,0,RT [HANDLE]: “Use Ruby To Get Some Ladies” at [HANDLE] [URL]
TW10_6770,0,0,[HANDLE] ❤️
TW10_6771,0,0,Still grinning. 😁 [URL]
TW10_6772,0,0,[HANDLE] so happy. ❤️❤️❤️ thanks!
TW10_6773,0,0,[HANDLE] thank you ❤️😘
TW10_6774,0,0,All the feels. Let me tell you about them. [URL]
TW10_6775,0,0,"Yes, I'm aware of GGs efforts with the IRS. No, it won't matter. Don't bother responding to them. Better uses for bandwidth. ❤️"
TW10_6776,0,0,We are passionate about this. We have the experience &amp; are surrounded by a great &amp; supportive industry. Thank you for all your support. ❤️😘
TW10_6777,0,0,[HANDLE] ❤️❤️❤️❤️
TW10_6778,0,0,"Ok, so #gameloading was awesome and I hope I can buy it on iTunes ❤️❤️❤️😘🎮"
TW10_6779,0,0,"RT [HANDLE]: Certain threads:
👦 tech isn’t sexist
👧 yes it is
👦 no it isn’t
👧👧 yes it is
👦 no it isn’t
👧👧👧 yes it is
👦 no it isn’t
👧👧👧👧 …"
TW10_6780,0,0,"OK, amazing and awesome folks that have emailed us. We're regrouping and discussing each email, will have responses out Soon™ :)"
TW10_6781,0,0,RT [HANDLE]: Just added to the schedule for April 8: Randi Harper - Online Abuse Prevention Initiative ([URL] Just ... [URL]
TW10_6782,0,0,"SWF looking for long walks on the beach with a lightweight NoSQL/kv store. must have good ruby libs, serverless à la SQLite would be a plus."
TW10_6783,0,0,"I am grumpy over having to argue about if CNAMEs are allowed to have underscores.

It's in the freaking RFC. 😤"
TW10_6784,0,0,Today's status: 👍😎
TW10_6785,0,0,[HANDLE] [HANDLE] ❤️❤️
TW10_6786,0,0,RT [HANDLE]: [HANDLE] did they just refer to a “data scientist” as an actual Scientists?
TW10_6787,0,0,"If I ever do get scared, you'll never know. 😘"
TW10_6788,0,0,[HANDLE] ❤️
TW10_6789,0,0,"RT [HANDLE]: [HANDLE] I know! Holy crud, I’m not worthy! Thank you. I hope you enjoy. Taken by Tetris Blocks addresses deep gam…"
TW10_6790,0,0,"FLOSS Weekly, open source projects, and paying the bills [URL]"
TW10_6791,5,0,"""[HANDLE]: Let's go 🐧🐧🐧🐧🐧🐧😃"""
